text,label
can confirm: he never gave us up,0
Imagine if Rick Astley dies everyone would be too afraid to click a link to articles announcing his death because it might be a rickroll,0
Petition to make this the national anthem of the internet,0
I got rickrolled by a link saying it got taken down.,0
1987 : normal song 2026 : national anthem of the universe,0
Congrats You just got Rick rolled,0
"1B people have been Rick Rolled, what an achievement",0
Am I the only one who came here again just to read the comments?,0
"My professor sent us this link as the ""final exam key""........",0
Time to report this so that the youtube staff get rickrolled for the hundredth time in their career,0
There's a reason this has over 600M views...,0
Hold on this isn't the national state anthem of the Soviet Union,0
Gonna flag this for nudity so I can rick roll the YouTube staff,0
bro I just got rickrolled by AI 😭,1
Getting rickrolled by a national examination board 🥀🥀 CBSE😭😭,0
"Let’s put the meme aside, this is actually a banging song.",0
"I didn't get rickrolled today, I just really enjoy this song",0
Anyone else just get Rick Rolled in 2026?,0
bruhhh no way I got rickrolled via discord age verification,0
Ah yes we meet once again,0
Remove ads from this video so we can rickroll,0
Bro is 15 years late,0
Only took 15 years for YouTube to get rickrolled I guess,0
Youtube accidently got rickrolled,0
YOUTUBE AND ONE LIKE WOOHAAAAH,0
HAI YOUTUBEEEEE,0
@linganguliguliwatcha hi,0
​ @linganguliguliwatcha 😊,0
new comment alert,0
HEY YOUTUBE,0
It's YouTube and They GOT RICK ROLLED. HAHA,0
He's ingrained in our brains at this point. Such a devoted man.,0
Happy birthday,0
No way Youtube really got rickrolled 😂,1
@XDARKX200 not really,0
make this appear on everyone's homepages for a day,0
y o u t u b e,0
"Happy 20, but I miss the early years. You created too many weirdos.",1
Happy 20th birthday,0
It’ll never be a let-down,0
"And whoever is seeing this, you didn't give up scrolling :) Great job!",0
YOOO 18 HOURS AGO. I CAN GUARANTEE YOUTUBE GOT RICK ROLLED 💀💙,0
@sawmangames i can gurantee you that no they didnt,0
So wholesome..😭,1
Of course he wouldn't ☕🤭,1
He didn’t 😂,1
Yt was here lol,0
Here to be in the reply section of one of the most legendary comments ever,0
ДЕНЬ НАЗАД,0
daaaaamn u right tho,0
Yesssssss,0
even in 2025 youtube got rickrolled.. maybe there is hope for humanity after all,0
OMG YOUTUBE GOT RICKROLLED,0
Indeed!!!!!!!!!!!!!!!!!!!!!!!!! never gonna give you up!,0
YOOOOOOOO,0
Her Never Gave Us Up indeed,0
@MatheusDeOliveira123 indeed,0
Whooooooooohaaaaaaaaah,0
Your ads that destroyed ones ability to rick roll someone is a travesty the universe cannot forgive.,1
YOO THIS PROVES THIS WILL NEVER DIE,1
Frfr pluss 1k comment,0
Lihat balasan video Shorts,0
oop 3rd didnt realise youtube was here😄,0
Happy 20th birthday YouTube 🥳🥳🥳🥳🥳,0
FINALLY YOU COMMENTED ON THIS,0
he never gave,0
13yrs too late 💀,0
:O it's the real guys???? and today???,0
wow 18hours before,0
U also got Rick rolled hehe,1
@Soskqjqoekf not their first time,1
Youtube meine Schatz.,1
@RedWarrior-Helios LOL,1
Wow 18 hours ago! 🤯,0
Bro youtube,0
@JohnCeylan99 its youtube,0
Real YouTube lol,0
Hello youtube!,0
Yes YouTube he did,0
OF COURSE WE CAN CONFIRM THAT HE NEVER EVER GONNA GIVE US UP..... AND WE WILL NEVER GONNA GIVE HIM UP~,0
OBLY 347 LIKES AND 200 REPLIES AND EIGHT HOURS AGO??!!!,1
IT'S 2025 AND YOUTUBE COMMENTED I WAS HERE!!!!!,0
Happy Birthday guys.,0
11 HOURS AGO LOLL,0
What???,0
Noway 😮,1
Youtube actually got rickrolled,0
so true,0
YOUTUBE 20 ANNIVERSARY SONG,0
Happy 20th anniversary youtube. Btw wheres jawed the creator of me at the zoo?,0
"As a Korean, I sincerely wish YouTube a happy birthday.",0
Hi youtube,0
Hello YouTube,0
@TheStupidSergeant poo,1
HAHAHAA,0
Ютуб🎉,0
Hey YouTube ❤,0
YOOOO,0
"@za6789 ok YouTube is late, me and also you. I'm glad we replied to YouTube",0
ABSOLUTE CINEMA,0
Nice bro,0
AND YOU DIDN'T GIVE US UP WITH YOUR 20 YEARS! HAPPY BIRTHDAY YOUTUBE! 🎉,0
YoUtUbE?!?!?? What are you doing here??,1
"Youtube is trying to be funny, but like just add back the dislike button 😭😭",0
This song will never die,0
chat gpt rick rolled me and led me to this,0
YOUTUBE 1 HOUR AGO IN NEVER GONNA GIVE YOU UP COMMENTS?!?!?!?,0
Did YouTube just get rickrolled?!?,0
YOUTUBER,0
"1h, Hi from Brazil, YouTube",0
Hey yt!!!!!,0
와 찐이다,1
No way Youtube commented! (14 hours ago with 548 likes),0
hallo youtube,0
Congratulations on youtube 20th anniversary,0
15 hours 😂😂😂,0
15hr ago lol,0
didn't let us down either,0
why on this specific day,0
Youtube!!,0
@ still watching the video,0
Good YouTube,0
are we strangers to love?,0
ONLY 152 COMMENTS OMG WHENEVER I SEE YOU IM TO LATE I TOOK MY SPOT 😎,0
Fr lol,0
"Wow,wow youtube is commed this",0
woah crezy,0
How the hell,1
i exist in the context.❤,0
@garef1 yes,0
15 years late buddy,0
"18h and 177 answer, omg youtube is on fire",0
wait... YOUTUBE?! 18 HOURS AGO?! ON A 15-YEAR-OLD VIDEO?! THIS IS LEGENDARY!,0
YOUTUBE,0
Right ⏯,1
RECENT YOUTUBE ?!?!?!,0
YouTuuuuuuuuuuuuuuuuuuuuuuube! - John RaZeR,0
holy fart i am pooped,0
Hi YouTube 😂,1
NEVER GONNA YOUTUBE YOU UP,0
@Lapscle NEVER GONNA BE SIGMA,1
1.3k is crazy,1
@FIZZLEJIZZLE fr,0
No way,0
Спустя 15 лет сам ютуб зарикролили,0
First Rick in Youtube's comment section and and Youtube in Rick's comment section.,0
@VedantJJ correct,1
are you sure,0
"What a new interaction. new comment, new pin, new heart. Weird",0
YAYAYYAAYYAYAYA YOUTUBE,0
Not even A DAY AGO! HOLY SH-,0
WHAAAAAAA??,0
i will never give YOU up,0
1 DAY AGO edit: 7 months later love youtube I watch it everyday Edit 2: crazy 9 months ago youtube made this comment remember yt is crazy sometimes,0
Happy 20th birthday YouTube!!! 🥳🥳🥳😏,0
Penguins On The Moon 🐧,0
Что.. вчера ютуб оставил тут комментарий,0
ONE DAY AGO?!,0
YouTube just got Rickrolled,0
Quel belle histoire d'amour 💖,0
HE NEVER GAVE UP HE NEVER LET DOWN,0
Dayum,0
Te fuiste rickrolleado😂😂,1
YouTube commenting is a rare sight,0
20 years 🎂,0
hi youtube!,0
dang happy birthday youtube. 🥳,0
Oh youtube,0
Nah we got two legends here,0
Youtube!,0
YOUTUBEEEE😊,0
YouTube bro 🫵🖕,1
NO WAY RICK ASTLEY LIKED THE YOUTUBE CHANNEL I LOVE YOU ASTLEY,0
HAPPY 20TH ANNIVERSARY YouTube!!!,0
"Hi YouTube, happy belated birthday 🎉 🎂 ❤",0
After 5 years of this trend it's still alive ❤❤,0
Neva!!! ❤❤❤ for the world!!,0
@YouTube God dam YouTube manager trolling hard af rn . I am here before 100k likes . Tf bro also got a heart,0
indeed,0
Wow this shows Rick still watches this,0
SUPP YOUTUBEE,0
Rick astley never gave us up never let us down or started deserting us,0
Why is this so recent ToT,0
Imagine a YouTube employee commenting on this video with everyone else getting rickrolled in the office. 💀🗿,0
DAM YOUTUBE,0
This reply of mine is eternal.,0
Let's goo today is 25/04/25 :),0
Happy birthday Youtube,0
Rickrolled,0
WE ALL KNOW U CAME FROM THAT ONE VIDEO LMAO 😂,1
ain't no way i missed it two days ago,0
I AM HERE BEFORE IT IS IMPOSSIBLE TO COMMENT,0
true youtube never even!,1
CRAZYNESS!!!,1
3 days ago is crazy,0
So true this is like history now,0
YouTube?! You here too??,0
yo youtube,0
Youtube woo,0
He also didn’t run around or desert us XD (WOW YOUTUBE 3 DAYS AGO!!!),0
Heyyyy,0
HOLY SHIT,0
Hai :3,0
YouTube rickrolled.,0
NO HE DID NOT!,1
when getting rickrolled pays off:,0
He truly never gave us up lol,0
Finally somebody rickrolled Youtube lol,0
"What a heeeeeeeeeeeeell, YOUTUBE!!!",0
hello youtube.😂,1
hi yt,0
YOUTUUUBBBEEE!,0
Lots of love RICK ASTLEY,0
Hi im Japanese,0
OMG HIIII,1
Never ran out of comments or not?,0
"Nah, He Probably Gave Us Up Sometimes",0
Holy shit it’s youtube,1
Youtube😂,1
yoo never gonna bro :),0
YouTube got Rick Rolled?!?!?!??!??!?!!?!?!?!??,0
Rickroll,0
1y ago here,0
it's rare to see youtube got rickrolled:),0
Never gonna let u 👇😢❤❤🎉🎉😊,1
2 hours is crazy,0
2 hours ago!!!? He never did,0
you gave us up,0
WHY IS THIS SO NEW????,0
did he ever let us down though?,0
6 HOURS AGO NOW YOURE CONNENTING ON A 15 YEAR OLD VIDEO YOUTUBE,0
100th reply,0
i can tell my friends i replied to youtube =),0
For 15 years,0
omg in b4 this hits the reply limit in like a day,0
True😊,0
TRUE!!!,0
hello!,0
Bro was late,0
Ahhhhhhhh,0
19 hours ago???,0
YO YT,0
Yay thousandth like,0
"Hey YouTube, please listen. I know this is just random, but have you watched Eurovision?",0
@Norway70 i think they DO watch euro vision,0
Oh good to see you commenting on a popular video.,0
"Guys its just youtube, your on it everyday 😂",1
@Adamqadourah2012 oh yeah,0
OMG YOUTUBE!!11111,0
19 hours ago is crazy,0
Wapres Gibran plonga plongo !!😂😂😂,1
"JGN SEBUT YG BAIK SAJA SEBUT YG BUSUK JUGA KALAU FER.,.,.,",0
Sebut sama. Kamu. Biar puas streesnya,0
Perdana mungkin asyik ya pak,0
Ikan harus diadakan 17agutus seperti pak presedin jokowe jangan sampai di abaikan ibu kota baru kltm😊,1
Adi prayitno pengamat politik grade D . Dari jejak digital analisa politik nya meleset semua,1
sampai ajal menjemput tidak dapat ketenangan....,1
Wapres Gibran plonga plongo !!😂😂😂,1
"JGN SEBUT YG BAIK SAJA SEBUT YG BUSUK JUGA KALAU FER.,.,.,",0
Sebut sama. Kamu. Biar puas streesnya,0
1.5jt tayangan 24 jam gass,0
"Sengaja baru nongol, ini lagi nyiapin kopi buat nonton 2 alien bersinar",0
Makan menjadi enak lagi nih ada podcast cahaya besar lagi,0
"Akhirnya kena cahaya tata surya 😂😂ketemu bpknya podcast,tahta tertinggi nih ketemu om'dedi",0
bismillah 2 jt tayangan 24 jam,0
Habis nurunin penumpang ojol gas nonton OKI DM. Gak terasa kalau potongan aplikator masih tetap seperti dulu ( 20% up ),0
Tumben kali ini gue gercep bet di podcast om Dady😁,1
"Ayo gas 1,5 jt",0
Allhamdulillah...Akhirnya Makan Siangku Jadi Enak❤ makasi om dedy Sdh Mendatang Cahaya Besar,0
disini mau sombong langsung ciut 🤣😭😭 semangat terus bang oki!,1
Raja terakhir..😭😭😭,1
gak ekspek semua yang oki omongin semua tentang om deddy dinotice semua 😂😂😂,1
"Sang matahari Butuh percikan 1,5jt cahaya kecil dari kita kawan semangat 💪💪💪",0
Gass 1.5 juta,1
Ayo gaskan 1.5 juta,0
Cahaya Besar menghadap Raja Terakhir,1
Oki menghadapi raja terakhir...,1
"Terima kasih om ded sudah undang idola kami, akhirnya kami bisa makan dengan enak",0
CAHAYA BESAR 🌤️🔥 KETEMU CAHAYA TATA SURYA 🌅,0
OKI Dan Matahari!!! 👍,0
"MantapGaruda Ho ki, semakin Gacorr maxwin 18juta cog😘",1
ini gara2 indra. coky bisa make lagi coookkkk WKAKWKWKWAKWKAKWK:face-purple-crying::face-purple-crying::face-blue-smiling::face-blue-smiling::face-blue-smiling:,1
Coki pun tersinggung ketika tuhan disamakan dengan bubur 🗿,1
"Kalau firmawan mampu membuat lord dark nyerah, brati kemampuan skill otaknya joss sekali",0
"""Yang datang buat hiburan, pulangnya malah dapat PR buat mikir. 😅""",1
Akhirnya yg tersesat menemui jalan yg salah 🤣🤣🤣,0
11:37 orang Ciledug mana nih? kita ngumpul buat Piramida lagi yuk?,0
Akhirnya 🤣🥶,1
"indra harusnya pas bangku kosong di akhir bisa call back ke gym tu, biar si rudi badannya jadi",1
Wah buka hp langsung dibranda coki pardede auto klik😅,1
Ini termasuk terseru sih😂😂😂 dari banyaknya episode logika firmawan,0
Coki meledak Frimawan sukses 😂😂😂,1
Beliau athies yang taat 😅,1
"Saya suka dua pria bertato lagi ngobrol, selalu seru",0
Yang menciptakan bubur siapa? bukankah adanya bubur adalah bukti bahwa adanya sang pencipta.,0
"""siapa bang agus bangs***t"" WAKAKAKAKAKKAAKKA:face-purple-crying::face-purple-crying::face-purple-crying: full marah2",1
Udah iklan muncul iklan nonton iklan dalam iklan,1
Harus nya sepaket sama tretan muslim diajak juga 😂,1
"Gara gara indra,, uncle coki pardede bisa make lagi😂😂😂 Satu episode setara 1 tahun beban hidup😂",1
cuman di video ini gw nge like cuman di video ini gw ga skip durasi cuman divideo ini gw nonton sampe habis cuman divideo ini gw komen sumpah gokill banget aslii 🤣🤣,0
HATI HATI BISNIS DG INDIA. PENUH TIPUAN DAN SCAM.,1
"Kacau Betul Negeri ini,, Sampai PHK Internal Karyawan aja Harus Bertemu DPR😂😂😂😂😂.. Mundur ini😂😂😂😂",1
"bikin aturan yang merugikan perusahaan terus sudah rugi dilarang phk. kalau perusahaan gak boleh phk efeknya juga buruk, gak bakal ada perusahaan yang berani rekrut karyawan di masa kayak gini, karena ke depannya peraturan berubah2 pendapatan menurun tapi gak boleh phk",0
"Maksudnya opo ini,,, Kalau Baiknya Urus Petani di Desa yg Jauh dari JANGKAUAN JAKARTA😂😂😂😂",1
"Nah, sekarang rakyat juga udah bisa nge les, seperti pejabat juga Bilang aja nggak, beres 😂",1
Makin hancur ekonomi..,1
Don dasco satset,0
"Baru aja dipajakin langsung phk karyawan. Sebentar lagi Gojek ikutan phk karyawan, mana bisa hidup dg profit dipangkas ugal2an tinggal 8% oleh pemerintah? Sepertinya pemerintah memang gak suka startup swasta bisa cuan. Baru sehari mengumumkan profit quartal pertama kali setelah berdarah2 triliunan rupiah belasan tahun, langsung dihajar habis, ga boleh untung! Sory yee, lu cuan cuman boleh 8% aja. Ga boleh lebih! Respon Manajemen tokopedia mirip dg manajemen goto. Pasti normatif aja, pura2 nurut, tapi hati dongkol abisss. Mana berani melawan pemerintah. Berani melawan, kabur aja loh! begitu kata presiden menantang investor. Kacau. Siap2 startup lokal berikutnya mau diapain lagi sama pemerintah.",1
"Mampir kesini karena mbak mei, sekaligus nostalgia masa anak2🤣",0
"Semoga amanah jd pelatih, jangan pernah menyogok ketika sudah jadi pelatih profesional. Jika, pemain tidak layak squadmu terus ada bayaran untuk masuk tim mu. Kamu harus menolak itu.",1
Pertama,0
Kedua,0
Baiknya dilakukan jg di tiap Provinsi.,0
Hadir 1 Jam,0
Pak Erick Ketum PSSI TERBAIK,0
"Klo mau ningkatkan kualitas liga rekomendasikan pemain Eredivisi main di liga 1 indonesia, atau setidaknya menjadi pemain piniaman 1 tahun",0
SERU NIH KLO TIMNAS JUNIOR LAWAN TIMNAS PUSAT DI FIFA MATCH DAY 😊👍,0
"Bentuk liga usia dini yang kompetitif tapi liga panjang bukan liga kaya kompetisi,,mungkin dari u17 n u 20 ,,",0
😂😂😂 senang nya minta ampun lihat anak cucu nya skrg jilat ludah nenek moyang mereka yang kata nya gagah berani melawan BELANDA skrg malah jilat ludah nenek moyang mereka sendiri 😂... SALAM DARI WEST PAPUA 😂,0
"Saya AM NAUFAL MAULANA, bertempat Tinggal Di Makassar, telah mengirimkan email Ke PSSI Saya Naufal, ingin berkontribusi dalam pembangunan sepakbola Indonesia, Jika diberi Kesempatan, saya akan mengutarakan semua ide-ide tersebut. jika diberikan kesempatan wawancara dan presentasi Via Zoom , sekiranya saya diberikan waktu 4 hari untuk menyusun semuanya, di hari weekend pun saya akan siap. hanya satu tujuan saya disini, hanya ingin melihat generasi muda Timnas Indonesia tampil di piala dunia yang akan datang Semoga permohonan saya sampai ke Pimpinan PSSI dan sekiranya diberikan Kesempatan untuk Persentase, Terima Kasih Hormat saya Pecinta bola tanah Air AM Naufal Maulana",0
Saran naturalisasi striker2 masa depan 1.jal de pal dengan 16gol 21pertandingan 4asist.liga 4. 2 JAEL PRAWIRODIHARJO.didier Drogba kw3.lebih bagus dari struik.zistra.🇮🇨🛵🇮🇩 SAYA nama JITRONEM RADIO Gaga kenang Lanang Pandanaran STM negeri 1 Surakarta Jawa tengah Indonesia domisili KTP di Jombor Klaten Jawa tengah Indonesia 🇮🇩 let's go to Indonesia 🇮🇩 tropical island country paradise south east Asia.nice tropical beach inn the world.🏝️🌅🌏,0
"Mungkin ini contoh titik awal dari PSSI . Semoga setiap cabang pssi daerah daerah provinsi lain harus bisa memberikan edukasi couching clinic agar setiap regenerasi slalu muncul bibit bibit baru dan jangan lupa infrastruktur yg memadai demi regenerasi yg berkelanjutan. JEPANG KUAT SEKARANG ITU BUKAN HASIL INSTAN, MEREKA LEBIH MEMIKIRKAN SAAT MEREKA DI BANTAI HABIS BRAZIL DI PIALA DUNIA KOREA-JEEPANG 2002 . SAYA PRIBADI MENYAKSIKAN LAGA PERTANDINGAN DI LAYAR TV SAAT BRAZIL MEMPORAKPORANDAKAN PASUKAN JEPANG DI BIKIN AYAM AYAMAN 😂😂",0
Semoga program ini 20 tahun. Kedepan dan menjangko seluruh indonesia,0
"Anak""dari Papua kalau masalah skill ga usah di ragukan.. cuman masalah mereka disiplin,,sering ke club malam,,jika masalah disiplin bisa di terapkan pada anak""Papua saya yakin di masa depan mereka akan memenuhi timnas senior",0
Mantap,0
"GG, semoga program nya lancar",0
"Wow, akhirnya ad asosiasi sepak bola dri Akademi Belanda 🇳🇱 dtng jg d Klub Sepakbola akademik d kota Mimika Papua, mncri bakat atau atlet talenta muda anak"" Papua ke kancah internasional mntap ini baru negara kebanggaan ku Belanda Holland KNVB 🇳🇱🇳🇱🇳🇱",0
Mantap x,0
Hadir 12 Jam,0
alhamdulillah maju berkah indonesia sabang merauke,0
Next generasi timnas diambil dr Papua full,0
Kalo mao maju sepak bola indonesia klub klub harus punya academi dari usia 12 sampai 20 dan itu harus ada kompetisi rutin yg propesional dan lapangan latihanya pun harus srandart internasional,0
"lebih baik seperti ini lah, daripada pemain diaspora yang masih layak main di eropa malamemeilih melanjutkan karir di liga indonesia semangat untuk kalian saudara papua bawa nama indonesia terbang tinggi dari papua untuk indonesia.",0
"Mentalnya dlu sih yg di kuatkan,karena skill bisa di latih,tapi mental petarung dan sportif itu di bangun dari dini,Bravo Timnas ku",0
"Program seperti ini harusnya bagus kalo teknik dasar pemain udah khatam. Masalahnye banyak coach di akademi² Indo teknik dasar sama tdk bagusnya dgn para pemain. ""Sekolahin dlu gurunya sampe jago.""",0
Papua pasti lebih maju jika Belanda yang kuasai,0
Percuma kalo anak anak masih suka mabok2 wkwkwkw,1
"Gaya hidup yang harus di rubah pemuda papua,kebanyakan kurang disiplin meskipun punya bakat yang bagus pasti fisik nya jadi masalah, karena buruk gaya hidup",0
"Kampret betul, pas mengarah kesitu udah mbatin “ini mah filmnya mas hansol”😂🤣🤣",1
Promosi toh 😑 udah dengerin serius ehhh malah promosi ☺️,0
Plot twist mas Hansol promoin filmnya sendiri 😂,1
senengnya nembus layar banget mas Hansol awkwkwk. Sukses buat filmnyaa 🎉🎉🎉🎉,0
Udh serius banget dengerinnya 😅 oke sampe ktm ma Daehon ya 😄,0
"Wkwkwkkwkwk Gw serius dengerin sambil ngopi. Pas denger orang indonesia yang melakukan penelusuran ke rumah angker di korsel (Otak gw cuma bilang wow, wajar banyak explorer rumah hantu di indonesia) Trus pas bilang pemain film nya mas Hansol 😂 (Nguakakkkk aku , promosi toh) Tapi semoga sukses film nya, klo masuk nominasi bikin lagi film horor nya mas. Klo bisa cerita nya turis asia berlibur ke korsel masuk dunia lain /tmpt horor /dimensi lain di korsel.. Gunakan pemeran dari indo, korsel (sebgi orng lokal), orang singapura & thailand (campur comedy klo kaget pke bahasa thailand nya keluar) 😂 Sutradara nya dari indonesia, sebelum di buat pilih2 naskah dulu yang mana cocok & bagus jalan ceritanya dan seram sesuai kisah nyata.",0
"Nah iki lho promo film,e dewe😂😂",1
cieee mas aktor cieeeee😊😊😊,1
mas hansol berani main film horor aslinya lampu saat ngonten mati aja wes panik😅🎉,0
Selamat dan sukses yaa buat filmnya mas Hansol🙏🏻⭐️,0
Good luck and congrats mas Hansol dkk🎉🎉,0
OMG!! ikut bangga sekali membersamai mas hansol dari konten kreator di kosan kecil sampai jadi aktor seperti sekarang 🤩🤩 sukses untuk filmnya mas 🥳🥳,0
Jarang2 neh aku di 17menit udah nongol wk wk wk ..... siapa yang samaaa ????,0
"akhirannya ""isin aku rek"" 🤣🤣",1
"Denger nama rsj gonjiam jadi keinget jaman pertama nonton detektif reomit episode gonjiam sangat merinding banget pas mas hansol dulu ceritain tetang rsj itu vibesnya beda, Ternyata debut pertama mas hansol di layar lebar tapi kelihatan menarik dan seru deh",0
"Mantap mas, sukses slalu buat filmya🎉",0
Siap tak tonton mas Hansol aku wong Jember,0
Keren sukses selalu🤲,0
Idih malu-malu nih mas hansol 😂😂 Wah.. Selamat ya mas Hansol debut filmnya sebagai aktor🎉🎉 Sukses selalu mas Hansol 😊😊,0
"Semangattt bang ngonten nya, aku selalu menunggu",0
ternyata KFA plenger juga kayak PSSI,1
Respect ke-STY karena sudah mampu melewati 2 asosiasi PLENGER.,0
"Ga cuma KFA nya yg plenger, yg Korean Badminton Association nya juga plenger sampe juara dunia An Se Young speak up kannnn. Intinya problematikkkkk, mirip2 lah kek Konoha.",0
"Algoritma nya sama dengan pemberhentian STY , kemungkinan petinggi KFA ada yang satu circle sama mafia sepakbola Asia dan Indonesia. Fix di pastikan, no debat.",1
"STY itu pelatih yg bisa membuat rakyat indo berani bermimpi untuk bermain di piala asia bahkan piala dunia, tapi malah diganti sebelum mimpi itu terwujud.",0
Seandainya KFA Dari awal milih Patrick Kluivert..... Pasti Indonesia juga lolos WC 😂,1
"yang paling epic itu, Indonesia pernah mengalahkan Korsel saat Timnas Indonesia dibawah kepelatihan Shin tae yong",0
Menurut saya rakyat Korea gengsi nya tinggi .... Merasa lebih tinggi dan lebih hebat ... Jadi kalah itu memalukan Dari hasil tinggal 3 tahun di Korea .,0
"STY: Gw udah carry timnas Korsel sama Indonesia sama sama dibuang, apa sih maunya 🤬 !",1
"Menurut saya banyak org korea yg marah2 itu tidak benar2 mengerti sepakbola,mereka menganggap ketika korea mampu jadi semifinalis di piala dunia 2002,maka itu adalah standard yg minimal harus bisa dicapai lagi, pdhal kala itu ada faktor tuan rumah dan kontroversi juga makanya korea bisa sampai semifinal,dan kalo yg paham bola harusnya juga paham kalo sepakbola Asia itu memang masih sulit untuk bersaing ditingkat dunia,langganan lolos ke piala dunia saja harusnya sudah patut disyukuri",0
"11 12 lah kek PSSI, mungkin Pemimpin PSSI dan KFA ga mau namanya kalah sama pelatih 😂😂",1
"waktu piala dunia 2002 , hampir semua orang di tempatku kaget ternyata korsel bisa ngalahin italia , padahal saat itu prediksi skor dan secara statistik permainan italia jauh lebih unggul , apalagi jaman itu sebelum era son heung min ada anh jung hwan yang mana kehadirannya kayak benar benar diwaspadai tim lawan , bahkan tim kuat seperti brazil , jerman , dan italia saat itu sebenarya juga gelisah kalau berhadapan dengan dia . Tapi ya setelah 2002 , bisa dibilang era keemasan korsel sebagai satu satunya raja asia di piala dunia , sebelum Jepang untuk pertama kalinya lolos pada 1998 , udah mulai meredup . Bisa dibilang Korsel memang sedang krisis regenerasi pemain , mirip dengan italia yang dulu sebagai the king of world cup , malah gagal lolos 3 kali piala dunia terakhir berturut turut karena krisis pemain unggul.",0
"Lahhh gue kira KFA ga seburuk itu, ternyata sama aja kayak di indo😂",1
Ternyata korea jauh lebih parah dari gonta-ganti pelatih timnas indo.. Tapi yg terpenting adalah Bisnis Erik Tong min-hir,1
KFA mirip sama federasi di suatu negara ......,0
"sampe sekarang masih keinget terus pssi pecat shin taeyong. diberhentikan tanpa sebab yg jelas dan ternyata penggantinya pun si patrick ya begitu deh track record jadi pelatih pun ga bagus, akhirnya si patrick pun berhenti jadi pelatih timnas karena gagal lolos ke pildun. ujung2nya apaaa yang rugi ya masyarakat, pemain2 yang udah berjuang. padahal tinggal selangkah lagiiii😭",0
"Bento > Klinsman STY > PK Ternyata kita udah setara sama Korsel, woy. KFA n PSSI sama plengernya🤣",1
"hallo mas hansol mungkim aku sedikit nambahin beberapa detail yang mungkin gak disampein disini ya 1. jurgen klinsmann itu menurut sebagian besar fans k-football jadi pemicu utama kenapa son heung min sama lee kang in sempet berantem pas piala asia 2023 2. sebenernya penunjukkan HMB sama JK ini sempet diinvestigasi sama kemenporanya korea tahun 2024 karena banyak yang gak beres soal hal itu. bahkan HMB ini ditunjuk gak pake jalur resmi kalo baca dari beberapa media korea ketambahan pesangonnya klinsmann itu tergolong tinggi buat pelatih yang bahkan ngelatih timnas dari jarak jauh. dan baru2 ini, jin jong oh (mantan atlet korea yang sekarang jadi anggota dewan) juga udah ngeluarin statement kalo emang penunjukan HMB ini bener2 gak beres samsek dan dia udah ngerasain hal itu sejak 2024 juga 3. sebenernya kemenpora korea udah nyuruh CMG buat mundur sebagai ketua KFA pas investigasi itu. even pemilu KFA itu harusnya diadain januari 2025 (kalo gasalah harusnya beda berapa hari gitu sama pemilu BKA yang notabene juga di periode yang sama sempet kena masalah juga). dan awalnya waktu itu gaada dia di bursa calon ketua KFA. nah entah kenapa gaada hujan gaada angin tiba2 pemilu KFA ini diundur sampe ke februari dan tiba2 ada dia di bursa calon ketua KFA. btw CMG ini kalo gasalah chaebol dan kemungkinan besar jadi donatur utama KFA 4. pemerintah sana lewat KSOC sebenernya bukan gak berani buat ""nindak"" KFA. masalahnya, KFA ini berlindung di balik statuta FIFA yang isinya melarang keras intervensi pihak ketiga dalam pengelolaan KFA. makanya ketua KSOC yang sekarang, yoo seung min sempet ngeluarin statement kalo dia harus sedikit hati2 sama KFA karena posisinya maju kena mundur kena",0
Ini salah satu bukti lagi kalau striker/pemain bola terbaik di masanya gk menjamin kalau dia itu pelatih yg bagus sama kek Patrick Star yg jadi pelatih timnas Indonesia kmren wkwk,1
"Layak mendapat predikat ""negara ter rasis di bumi""",1
Mantulllllll 😊😊😊,0
Menarik! Jadi paham,0
kangen PINKPANDA 😢,0
Indonesia yg sdg tdk baik” saja. Bkn hanya Raja Ampat. Rame krn Raja Ampat sangat spesial. Sblm rusak parah spt daerah” lain.,1
"Kak maaf, udah lama ga bikin tutorial makeup 😢",0
Kak cover blackpink jump dong,0
Isu ini kok langsung tenggelam sama lagu MBG dan Bahlil?,1
2026 hadir,0
"Yaampunn sayy, topik yg dibahas apa komennya apa 😅 yuk sama2 cari tau dan belajar ttg isu2 yg lagi rame 😊❤",0
@NatyaShina tapi aku cuma kangen PINKPANDA ka nat titik 😭,1
Gak mau kalau kamu mau kasih sponsor gak masalah,1
"Aku dengerin pakai headset, dan suaranya jernih bgtttt respect bgttt buat all team yg berperannnn",0
"ciii nonton alice in borderland ajaa udah lebih baguss lebih seruuu ada 2 season, season baru juga baru keluarrr plss dijamin ga nyeselll daripada mikirin season baru squid game:face-purple-crying::face-blue-smiling:",0
"Ka nat , BLACKPINK comeback ka ayyoo kalian juga comeback dong PINKPANDA pleaseee ditunggu yaa ka nat MV cover nya (JUMP)",0
Better nonton Alice In Borderland sih,0
Aku aja pas hyunju mati langsung ga lanjut nonton karena emg se freak itu,1
"Gua lebih setuju komentar ini ketibang Ngelantur.. bener kata gerald kalo mau nonton sisi manusia nonton aja Social Experiment wkwkwk, Namannya aja udah ""Game"" acara TV harus seru lah.. 😂",0
"aku sampe skip2 mulu tiap bule-nya ngomong, gara2 gak kuat cringe bgt anjir denger dialognya 🤕",0
"harus nonton Alice in Borderland siih, gamenya lebih seru dan mematikan. Nggak ketebak gamenya apaan. Ada yg strategi, fisik, mental sama team. Jadi nggak bisa cuma keberuntungan!! Cepet nonton!!!",0
HAHAHA PLEASE BARU MENIT2 AWAL UDH GA KUAT 😭,1
seru banget plisss ❤❤❤,0
squid game usa ga tungguin tapi coba buat nonton,0
"Natya bilang sesi 1 sedih yg pas kakek, sama saya juga..tp ternyata si kakek impostor kesel juga seh wkwkkw 😅",1
"Kalo dibilang director hwang jenius sih menurutku berlebihan dan biased sih ya. Dari aspek perfilman pun ga yang kayak gimana gimana, cerita pun di season 1 emg seru tapi ga se-WAH itu. Dari komentar orang-orang juga dulu pas s1 ya emg cuma sebatas seru aja dan lumayan buat ngisi waktu luang pada saat covid. Dari s1 pun banyak yg bilang kalo alice in the borderland lebih seru 😂 gua sih blom nonton itu dan cuma nonton squid game s1, tapi kalo banyak orang yang bilang gitu mah udh bukan sekedar preferensi lagi",0
Banyak kok series yg season 2 dan selanjutnya lebih bagus. Squid game ini menurut gua pribadi season 1 masterpiece tapi 2 apalagi 3 keliatan bgt milkingnya. Kebalikannya dari series terbaik sepanjang masa yaitu Game of Thrones. GOT season 1 ngantuk hahaha tpi 2-6 eskalasinya gokil makin bagus. Ini problemnya netflix sih karena sebenernya keliatan skrg mereka lebih ngejar kuantitas dibanding kualitas. Mentang mentang series asal korea banyak yg hit mereka banyakin tuh series korea. Tapi sayangnya kalo jatuhnya ada yg kayak squid game ini ya mau gamau harus di milking biar pendapatan nya bisa terus diputer danain series lain yg belum tentu balik modal. Tapi sekalinya hit kayak squid game lagi ya diputerin lagi. Mungkin ini bisnis yg cocok buat mereka karena konsumen bisa merasa worth dpt film atau series sebanyak itu padahal yg bagus gak banyak 😂,0
ga bagus tapi bisa di nikmati buat nonton 🙏🏻,1
"Bayinya baru lahir, udah tajir🤑",1
"Aku setuju sih, ending ny sore emg mengecewakan. Trll gk msk akal buat film yg gk msk akal",1
Setuju bgt 😭,0
eh iya baru inget film itu. dulu abis nonton squid game 1 aku nonton alice in borderland soalnya pengen nonton film tema bertahan hidup,0
"Udah tayang kah? Udah end? Aku nunggu end dulu, hehe",1
HATI HATI BISNIS DG INDIA. PENUH TIPUAN DAN SCAM.,1
"Semoga amanah jd pelatih, jangan pernah menyogok ketika sudah jadi pelatih profesional. Jika, pemain tidak layak squadmu terus ada bayaran untuk masuk tim mu. Kamu harus menolak itu.",1
Pertama,0
Pak Erick Ketum PSSI TERBAIK,0
Kedua,0
Baiknya dilakukan jg di tiap Provinsi.,0
Hadir 1 Jam,0
"Klo mau ningkatkan kualitas liga rekomendasikan pemain Eredivisi main di liga 1 indonesia, atau setidaknya menjadi pemain piniaman 1 tahun",0
SERU NIH KLO TIMNAS JUNIOR LAWAN TIMNAS PUSAT DI FIFA MATCH DAY 😊👍,0
"Bentuk liga usia dini yang kompetitif tapi liga panjang bukan liga kaya kompetisi,,mungkin dari u17 n u 20 ,,",0
😂😂😂 senang nya minta ampun lihat anak cucu nya skrg jilat ludah nenek moyang mereka yang kata nya gagah berani melawan BELANDA skrg malah jilat ludah nenek moyang mereka sendiri 😂... SALAM DARI WEST PAPUA 😂,0
"Saya AM NAUFAL MAULANA, bertempat Tinggal Di Makassar, telah mengirimkan email Ke PSSI Saya Naufal, ingin berkontribusi dalam pembangunan sepakbola Indonesia, Jika diberi Kesempatan, saya akan mengutarakan semua ide-ide tersebut. jika diberikan kesempatan wawancara dan presentasi Via Zoom , sekiranya saya diberikan waktu 4 hari untuk menyusun semuanya, di hari weekend pun saya akan siap. hanya satu tujuan saya disini, hanya ingin melihat generasi muda Timnas Indonesia tampil di piala dunia yang akan datang Semoga permohonan saya sampai ke Pimpinan PSSI dan sekiranya diberikan Kesempatan untuk Persentase, Terima Kasih Hormat saya Pecinta bola tanah Air AM Naufal Maulana",0
Saran naturalisasi striker2 masa depan 1.jal de pal dengan 16gol 21pertandingan 4asist.liga 4. 2 JAEL PRAWIRODIHARJO.didier Drogba kw3.lebih bagus dari struik.zistra.🇮🇨🛵🇮🇩 SAYA nama JITRONEM RADIO Gaga kenang Lanang Pandanaran STM negeri 1 Surakarta Jawa tengah Indonesia domisili KTP di Jombor Klaten Jawa tengah Indonesia 🇮🇩 let's go to Indonesia 🇮🇩 tropical island country paradise south east Asia.nice tropical beach inn the world.🏝️🌅🌏,0
"Mungkin ini contoh titik awal dari PSSI . Semoga setiap cabang pssi daerah daerah provinsi lain harus bisa memberikan edukasi couching clinic agar setiap regenerasi slalu muncul bibit bibit baru dan jangan lupa infrastruktur yg memadai demi regenerasi yg berkelanjutan. JEPANG KUAT SEKARANG ITU BUKAN HASIL INSTAN, MEREKA LEBIH MEMIKIRKAN SAAT MEREKA DI BANTAI HABIS BRAZIL DI PIALA DUNIA KOREA-JEEPANG 2002 . SAYA PRIBADI MENYAKSIKAN LAGA PERTANDINGAN DI LAYAR TV SAAT BRAZIL MEMPORAKPORANDAKAN PASUKAN JEPANG DI BIKIN AYAM AYAMAN 😂😂",0
Semoga program ini 20 tahun. Kedepan dan menjangko seluruh indonesia,0
"Anak""dari Papua kalau masalah skill ga usah di ragukan.. cuman masalah mereka disiplin,,sering ke club malam,,jika masalah disiplin bisa di terapkan pada anak""Papua saya yakin di masa depan mereka akan memenuhi timnas senior",0
Mantap,0
"GG, semoga program nya lancar",0
"Wow, akhirnya ad asosiasi sepak bola dri Akademi Belanda 🇳🇱 dtng jg d Klub Sepakbola akademik d kota Mimika Papua, mncri bakat atau atlet talenta muda anak"" Papua ke kancah internasional mntap ini baru negara kebanggaan ku Belanda Holland KNVB 🇳🇱🇳🇱🇳🇱",0
Mantap x,0
Hadir 12 Jam,0
alhamdulillah maju berkah indonesia sabang merauke,0
Next generasi timnas diambil dr Papua full,0
Kalo mao maju sepak bola indonesia klub klub harus punya academi dari usia 12 sampai 20 dan itu harus ada kompetisi rutin yg propesional dan lapangan latihanya pun harus srandart internasional,0
"lebih baik seperti ini lah, daripada pemain diaspora yang masih layak main di eropa malamemeilih melanjutkan karir di liga indonesia semangat untuk kalian saudara papua bawa nama indonesia terbang tinggi dari papua untuk indonesia.",0
"Mentalnya dlu sih yg di kuatkan,karena skill bisa di latih,tapi mental petarung dan sportif itu di bangun dari dini,Bravo Timnas ku",0
"Program seperti ini harusnya bagus kalo teknik dasar pemain udah khatam. Masalahnye banyak coach di akademi² Indo teknik dasar sama tdk bagusnya dgn para pemain. ""Sekolahin dlu gurunya sampe jago.""",0
Papua pasti lebih maju jika Belanda yang kuasai,0
Percuma kalo anak anak masih suka mabok2 wkwkwkw,1
"Gaya hidup yang harus di rubah pemuda papua,kebanyakan kurang disiplin meskipun punya bakat yang bagus pasti fisik nya jadi masalah, karena buruk gaya hidup",0
"Kampret betul, pas mengarah kesitu udah mbatin “ini mah filmnya mas hansol”😂🤣🤣",1
Promosi toh 😑 udah dengerin serius ehhh malah promosi ☺️,0
Plot twist mas Hansol promoin filmnya sendiri 😂,1
senengnya nembus layar banget mas Hansol awkwkwk. Sukses buat filmnyaa 🎉🎉🎉🎉,0
Udh serius banget dengerinnya 😅 oke sampe ktm ma Daehon ya 😄,0
"Wkwkwkkwkwk Gw serius dengerin sambil ngopi. Pas denger orang indonesia yang melakukan penelusuran ke rumah angker di korsel (Otak gw cuma bilang wow, wajar banyak explorer rumah hantu di indonesia) Trus pas bilang pemain film nya mas Hansol 😂 (Nguakakkkk aku , promosi toh) Tapi semoga sukses film nya, klo masuk nominasi bikin lagi film horor nya mas. Klo bisa cerita nya turis asia berlibur ke korsel masuk dunia lain /tmpt horor /dimensi lain di korsel.. Gunakan pemeran dari indo, korsel (sebgi orng lokal), orang singapura & thailand (campur comedy klo kaget pke bahasa thailand nya keluar) 😂 Sutradara nya dari indonesia, sebelum di buat pilih2 naskah dulu yang mana cocok & bagus jalan ceritanya dan seram sesuai kisah nyata.",0
"Nah iki lho promo film,e dewe😂😂",1
cieee mas aktor cieeeee😊😊😊,1
mas hansol berani main film horor aslinya lampu saat ngonten mati aja wes panik😅🎉,0
Good luck and congrats mas Hansol dkk🎉🎉,0
Selamat dan sukses yaa buat filmnya mas Hansol🙏🏻⭐️,0
OMG!! ikut bangga sekali membersamai mas hansol dari konten kreator di kosan kecil sampai jadi aktor seperti sekarang 🤩🤩 sukses untuk filmnya mas 🥳🥳,0
Jarang2 neh aku di 17menit udah nongol wk wk wk ..... siapa yang samaaa ????,0
"akhirannya ""isin aku rek"" 🤣🤣",1
"Denger nama rsj gonjiam jadi keinget jaman pertama nonton detektif reomit episode gonjiam sangat merinding banget pas mas hansol dulu ceritain tetang rsj itu vibesnya beda, Ternyata debut pertama mas hansol di layar lebar tapi kelihatan menarik dan seru deh",0
"Mantap mas, sukses slalu buat filmya🎉",0
Siap tak tonton mas Hansol aku wong Jember,0
Keren sukses selalu🤲,0
Idih malu-malu nih mas hansol 😂😂 Wah.. Selamat ya mas Hansol debut filmnya sebagai aktor🎉🎉 Sukses selalu mas Hansol 😊😊,0
"Semangattt bang ngonten nya, aku selalu menunggu",0
ternyata KFA plenger juga kayak PSSI,1
Respect ke-STY karena sudah mampu melewati 2 asosiasi PLENGER.,0
"Ga cuma KFA nya yg plenger, yg Korean Badminton Association nya juga plenger sampe juara dunia An Se Young speak up kannnn. Intinya problematikkkkk, mirip2 lah kek Konoha.",0
"Algoritma nya sama dengan pemberhentian STY , kemungkinan petinggi KFA ada yang satu circle sama mafia sepakbola Asia dan Indonesia. Fix di pastikan, no debat.",1
"STY itu pelatih yg bisa membuat rakyat indo berani bermimpi untuk bermain di piala asia bahkan piala dunia, tapi malah diganti sebelum mimpi itu terwujud.",0
Seandainya KFA Dari awal milih Patrick Kluivert..... Pasti Indonesia juga lolos WC 😂,1
"yang paling epic itu, Indonesia pernah mengalahkan Korsel saat Timnas Indonesia dibawah kepelatihan Shin tae yong",0
Menurut saya rakyat Korea gengsi nya tinggi .... Merasa lebih tinggi dan lebih hebat ... Jadi kalah itu memalukan Dari hasil tinggal 3 tahun di Korea .,0
"STY: Gw udah carry timnas Korsel sama Indonesia sama sama dibuang, apa sih maunya 🤬 !",1
"Menurut saya banyak org korea yg marah2 itu tidak benar2 mengerti sepakbola,mereka menganggap ketika korea mampu jadi semifinalis di piala dunia 2002,maka itu adalah standard yg minimal harus bisa dicapai lagi, pdhal kala itu ada faktor tuan rumah dan kontroversi juga makanya korea bisa sampai semifinal,dan kalo yg paham bola harusnya juga paham kalo sepakbola Asia itu memang masih sulit untuk bersaing ditingkat dunia,langganan lolos ke piala dunia saja harusnya sudah patut disyukuri",0
"11 12 lah kek PSSI, mungkin Pemimpin PSSI dan KFA ga mau namanya kalah sama pelatih 😂😂",1
"waktu piala dunia 2002 , hampir semua orang di tempatku kaget ternyata korsel bisa ngalahin italia , padahal saat itu prediksi skor dan secara statistik permainan italia jauh lebih unggul , apalagi jaman itu sebelum era son heung min ada anh jung hwan yang mana kehadirannya kayak benar benar diwaspadai tim lawan , bahkan tim kuat seperti brazil , jerman , dan italia saat itu sebenarya juga gelisah kalau berhadapan dengan dia . Tapi ya setelah 2002 , bisa dibilang era keemasan korsel sebagai satu satunya raja asia di piala dunia , sebelum Jepang untuk pertama kalinya lolos pada 1998 , udah mulai meredup . Bisa dibilang Korsel memang sedang krisis regenerasi pemain , mirip dengan italia yang dulu sebagai the king of world cup , malah gagal lolos 3 kali piala dunia terakhir berturut turut karena krisis pemain unggul.",0
"Lahhh gue kira KFA ga seburuk itu, ternyata sama aja kayak di indo😂",1
Ternyata korea jauh lebih parah dari gonta-ganti pelatih timnas indo.. Tapi yg terpenting adalah Bisnis Erik Tong min-hir,1
KFA mirip sama federasi di suatu negara ......,0
"sampe sekarang masih keinget terus pssi pecat shin taeyong. diberhentikan tanpa sebab yg jelas dan ternyata penggantinya pun si patrick ya begitu deh track record jadi pelatih pun ga bagus, akhirnya si patrick pun berhenti jadi pelatih timnas karena gagal lolos ke pildun. ujung2nya apaaa yang rugi ya masyarakat, pemain2 yang udah berjuang. padahal tinggal selangkah lagiiii😭",0
"Bento > Klinsman STY > PK Ternyata kita udah setara sama Korsel, woy. KFA n PSSI sama plengernya🤣",1
"hallo mas hansol mungkim aku sedikit nambahin beberapa detail yang mungkin gak disampein disini ya 1. jurgen klinsmann itu menurut sebagian besar fans k-football jadi pemicu utama kenapa son heung min sama lee kang in sempet berantem pas piala asia 2023 2. sebenernya penunjukkan HMB sama JK ini sempet diinvestigasi sama kemenporanya korea tahun 2024 karena banyak yang gak beres soal hal itu. bahkan HMB ini ditunjuk gak pake jalur resmi kalo baca dari beberapa media korea ketambahan pesangonnya klinsmann itu tergolong tinggi buat pelatih yang bahkan ngelatih timnas dari jarak jauh. dan baru2 ini, jin jong oh (mantan atlet korea yang sekarang jadi anggota dewan) juga udah ngeluarin statement kalo emang penunjukan HMB ini bener2 gak beres samsek dan dia udah ngerasain hal itu sejak 2024 juga 3. sebenernya kemenpora korea udah nyuruh CMG buat mundur sebagai ketua KFA pas investigasi itu. even pemilu KFA itu harusnya diadain januari 2025 (kalo gasalah harusnya beda berapa hari gitu sama pemilu BKA yang notabene juga di periode yang sama sempet kena masalah juga). dan awalnya waktu itu gaada dia di bursa calon ketua KFA. nah entah kenapa gaada hujan gaada angin tiba2 pemilu KFA ini diundur sampe ke februari dan tiba2 ada dia di bursa calon ketua KFA. btw CMG ini kalo gasalah chaebol dan kemungkinan besar jadi donatur utama KFA 4. pemerintah sana lewat KSOC sebenernya bukan gak berani buat ""nindak"" KFA. masalahnya, KFA ini berlindung di balik statuta FIFA yang isinya melarang keras intervensi pihak ketiga dalam pengelolaan KFA. makanya ketua KSOC yang sekarang, yoo seung min sempet ngeluarin statement kalo dia harus sedikit hati2 sama KFA karena posisinya maju kena mundur kena",0
Ini salah satu bukti lagi kalau striker/pemain bola terbaik di masanya gk menjamin kalau dia itu pelatih yg bagus sama kek Patrick Star yg jadi pelatih timnas Indonesia kmren wkwk,1
"Layak mendapat predikat ""negara ter rasis di bumi""",1
Mantulllllll 😊😊😊,0
Menarik! Jadi paham,0
kangen PINKPANDA 😢,0
Indonesia yg sdg tdk baik” saja. Bkn hanya Raja Ampat. Rame krn Raja Ampat sangat spesial. Sblm rusak parah spt daerah” lain.,1
"Kak maaf, udah lama ga bikin tutorial makeup 😢",0
Kak cover blackpink jump dong,0
Isu ini kok langsung tenggelam sama lagu MBG dan Bahlil?,1
2026 hadir,0
"Yaampunn sayy, topik yg dibahas apa komennya apa 😅 yuk sama2 cari tau dan belajar ttg isu2 yg lagi rame 😊❤",0
@NatyaShina tapi aku cuma kangen PINKPANDA ka nat titik 😭,1
Gak mau kalau kamu mau kasih sponsor gak masalah,1
"ciii nonton alice in borderland ajaa udah lebih baguss lebih seruuu ada 2 season, season baru juga baru keluarrr plss dijamin ga nyeselll daripada mikirin season baru squid game:face-purple-crying::face-blue-smiling:",0
"Aku dengerin pakai headset, dan suaranya jernih bgtttt respect bgttt buat all team yg berperannnn",0
"Ka nat , BLACKPINK comeback ka ayyoo kalian juga comeback dong PINKPANDA pleaseee ditunggu yaa ka nat MV cover nya (JUMP)",0
seru banget plisss ❤❤❤,0
"aku sampe skip2 mulu tiap bule-nya ngomong, gara2 gak kuat cringe bgt anjir denger dialognya 🤕",0
Better nonton Alice In Borderland sih,0
"Gua lebih setuju komentar ini ketibang Ngelantur.. bener kata gerald kalo mau nonton sisi manusia nonton aja Social Experiment wkwkwk, Namannya aja udah ""Game"" acara TV harus seru lah.. 😂",0
Aku aja pas hyunju mati langsung ga lanjut nonton karena emg se freak itu,1
"harus nonton Alice in Borderland siih, gamenya lebih seru dan mematikan. Nggak ketebak gamenya apaan. Ada yg strategi, fisik, mental sama team. Jadi nggak bisa cuma keberuntungan!! Cepet nonton!!!",0
HAHAHA PLEASE BARU MENIT2 AWAL UDH GA KUAT 😭,1
"Natya bilang sesi 1 sedih yg pas kakek, sama saya juga..tp ternyata si kakek impostor kesel juga seh wkwkkw 😅",1
squid game usa ga tungguin tapi coba buat nonton,0
"Kalo dibilang director hwang jenius sih menurutku berlebihan dan biased sih ya. Dari aspek perfilman pun ga yang kayak gimana gimana, cerita pun di season 1 emg seru tapi ga se-WAH itu. Dari komentar orang-orang juga dulu pas s1 ya emg cuma sebatas seru aja dan lumayan buat ngisi waktu luang pada saat covid. Dari s1 pun banyak yg bilang kalo alice in the borderland lebih seru 😂 gua sih blom nonton itu dan cuma nonton squid game s1, tapi kalo banyak orang yang bilang gitu mah udh bukan sekedar preferensi lagi",0
Banyak kok series yg season 2 dan selanjutnya lebih bagus. Squid game ini menurut gua pribadi season 1 masterpiece tapi 2 apalagi 3 keliatan bgt milkingnya. Kebalikannya dari series terbaik sepanjang masa yaitu Game of Thrones. GOT season 1 ngantuk hahaha tpi 2-6 eskalasinya gokil makin bagus. Ini problemnya netflix sih karena sebenernya keliatan skrg mereka lebih ngejar kuantitas dibanding kualitas. Mentang mentang series asal korea banyak yg hit mereka banyakin tuh series korea. Tapi sayangnya kalo jatuhnya ada yg kayak squid game ini ya mau gamau harus di milking biar pendapatan nya bisa terus diputer danain series lain yg belum tentu balik modal. Tapi sekalinya hit kayak squid game lagi ya diputerin lagi. Mungkin ini bisnis yg cocok buat mereka karena konsumen bisa merasa worth dpt film atau series sebanyak itu padahal yg bagus gak banyak 😂,0
ga bagus tapi bisa di nikmati buat nonton 🙏🏻,1
"Bayinya baru lahir, udah tajir🤑",1
"Aku setuju sih, ending ny sore emg mengecewakan. Trll gk msk akal buat film yg gk msk akal",1
Setuju bgt 😭,0
eh iya baru inget film itu. dulu abis nonton squid game 1 aku nonton alice in borderland soalnya pengen nonton film tema bertahan hidup,0
Setuju😭😭,0
Siap2 kita akan belajar bahasa India. Nehi nehi,0
HATI HATI BISNIS DG INDIA. PENUH TIPUAN DAN SCAM.,1
"Semoga amanah jd pelatih, jangan pernah menyogok ketika sudah jadi pelatih profesional. Jika, pemain tidak layak squadmu terus ada bayaran untuk masuk tim mu. Kamu harus menolak itu.",1
Pertama,0
Kedua,0
Baiknya dilakukan jg di tiap Provinsi.,0
Hadir 1 Jam,0
Pak Erick Ketum PSSI TERBAIK,0
"Klo mau ningkatkan kualitas liga rekomendasikan pemain Eredivisi main di liga 1 indonesia, atau setidaknya menjadi pemain piniaman 1 tahun",0
SERU NIH KLO TIMNAS JUNIOR LAWAN TIMNAS PUSAT DI FIFA MATCH DAY 😊👍,0
"Bentuk liga usia dini yang kompetitif tapi liga panjang bukan liga kaya kompetisi,,mungkin dari u17 n u 20 ,,",0
😂😂😂 senang nya minta ampun lihat anak cucu nya skrg jilat ludah nenek moyang mereka yang kata nya gagah berani melawan BELANDA skrg malah jilat ludah nenek moyang mereka sendiri 😂... SALAM DARI WEST PAPUA 😂,0
"Saya AM NAUFAL MAULANA, bertempat Tinggal Di Makassar, telah mengirimkan email Ke PSSI Saya Naufal, ingin berkontribusi dalam pembangunan sepakbola Indonesia, Jika diberi Kesempatan, saya akan mengutarakan semua ide-ide tersebut. jika diberikan kesempatan wawancara dan presentasi Via Zoom , sekiranya saya diberikan waktu 4 hari untuk menyusun semuanya, di hari weekend pun saya akan siap. hanya satu tujuan saya disini, hanya ingin melihat generasi muda Timnas Indonesia tampil di piala dunia yang akan datang Semoga permohonan saya sampai ke Pimpinan PSSI dan sekiranya diberikan Kesempatan untuk Persentase, Terima Kasih Hormat saya Pecinta bola tanah Air AM Naufal Maulana",0
Saran naturalisasi striker2 masa depan 1.jal de pal dengan 16gol 21pertandingan 4asist.liga 4. 2 JAEL PRAWIRODIHARJO.didier Drogba kw3.lebih bagus dari struik.zistra.🇮🇨🛵🇮🇩 SAYA nama JITRONEM RADIO Gaga kenang Lanang Pandanaran STM negeri 1 Surakarta Jawa tengah Indonesia domisili KTP di Jombor Klaten Jawa tengah Indonesia 🇮🇩 let's go to Indonesia 🇮🇩 tropical island country paradise south east Asia.nice tropical beach inn the world.🏝️🌅🌏,0
"Mungkin ini contoh titik awal dari PSSI . Semoga setiap cabang pssi daerah daerah provinsi lain harus bisa memberikan edukasi couching clinic agar setiap regenerasi slalu muncul bibit bibit baru dan jangan lupa infrastruktur yg memadai demi regenerasi yg berkelanjutan. JEPANG KUAT SEKARANG ITU BUKAN HASIL INSTAN, MEREKA LEBIH MEMIKIRKAN SAAT MEREKA DI BANTAI HABIS BRAZIL DI PIALA DUNIA KOREA-JEEPANG 2002 . SAYA PRIBADI MENYAKSIKAN LAGA PERTANDINGAN DI LAYAR TV SAAT BRAZIL MEMPORAKPORANDAKAN PASUKAN JEPANG DI BIKIN AYAM AYAMAN 😂😂",0
Semoga program ini 20 tahun. Kedepan dan menjangko seluruh indonesia,0
"Anak""dari Papua kalau masalah skill ga usah di ragukan.. cuman masalah mereka disiplin,,sering ke club malam,,jika masalah disiplin bisa di terapkan pada anak""Papua saya yakin di masa depan mereka akan memenuhi timnas senior",0
Mantap,0
"GG, semoga program nya lancar",0
"Wow, akhirnya ad asosiasi sepak bola dri Akademi Belanda 🇳🇱 dtng jg d Klub Sepakbola akademik d kota Mimika Papua, mncri bakat atau atlet talenta muda anak"" Papua ke kancah internasional mntap ini baru negara kebanggaan ku Belanda Holland KNVB 🇳🇱🇳🇱🇳🇱",0
Mantap x,0
Hadir 12 Jam,0
alhamdulillah maju berkah indonesia sabang merauke,0
Next generasi timnas diambil dr Papua full,0
Kalo mao maju sepak bola indonesia klub klub harus punya academi dari usia 12 sampai 20 dan itu harus ada kompetisi rutin yg propesional dan lapangan latihanya pun harus srandart internasional,0
"lebih baik seperti ini lah, daripada pemain diaspora yang masih layak main di eropa malamemeilih melanjutkan karir di liga indonesia semangat untuk kalian saudara papua bawa nama indonesia terbang tinggi dari papua untuk indonesia.",0
"Mentalnya dlu sih yg di kuatkan,karena skill bisa di latih,tapi mental petarung dan sportif itu di bangun dari dini,Bravo Timnas ku",0
"Program seperti ini harusnya bagus kalo teknik dasar pemain udah khatam. Masalahnye banyak coach di akademi² Indo teknik dasar sama tdk bagusnya dgn para pemain. ""Sekolahin dlu gurunya sampe jago.""",0
Papua pasti lebih maju jika Belanda yang kuasai,0
Percuma kalo anak anak masih suka mabok2 wkwkwkw,1
"Gaya hidup yang harus di rubah pemuda papua,kebanyakan kurang disiplin meskipun punya bakat yang bagus pasti fisik nya jadi masalah, karena buruk gaya hidup",0
Bang mau kena pukul kah niii Gua udah serius nonton Kampret abang ni,1
sampek tak puter bolak balik asli mukanya mas hansol g mencurigakan blas :face-green-smiling::face-green-smiling:,1
"akhirannya ""isin aku rek"" 🤣🤣",1
Kena prengg😅,1
sudah kudugong wkwkw,1
KEREN BGT PROMOSI FILM NYAA😭😭😭,0
Plottwis banget 😂,1
Asenmmmmm😂,1
Good luck,0
Selamat ya sam.. keren eeehh,0
😂😂😂😂promosi e keren sihh,0
Udah curiga Cuman 8 menit doang,1
kok berasa kayak nadia omara... promo film diceritain di awalnya kayak cerita kisah nyata,0
Kampret😂,1
Idih malu-malu nih mas hansol 😂😂 Wah.. Selamat ya mas Hansol debut filmnya sebagai aktor🎉🎉 Sukses selalu mas Hansol 😊😊,0
"keren amat pembawaan lu bang bang, kegocek gw😂 tp gapapa nanti gw nonton bang😂",0
YEUHHHHH😒😒😒,1
Congrats mass hansoolll ga sabar pengennn nontonnn❤❤🎉,0
Congratulations 🎉🎉🎉,0
"Pertanyaan, kenapa dikorea banyak kali perhimpunan sesat ?",1
kelakuan Klinsmann dan Hong Myungbo ada dalam diri Kluivert 😆,1
"Lg bagus2 nya tiba2 di ganti, jdi ingt negara mana yah Hahah",1
"jebule ming podo wae koyo bal2an indonesia. kokean intrik internal, hess jaan",1
"8:17 pantes kochi bilang klo korsel lebih diatas jepang dikit krn mereka emg mainnya nyerang kagak bertahan melulu 😂, dan ya satu lagi pemain hebat belum tentu jadi pelatih hebat contoh jurgen klinsmann dan el bintang laut🗿",0
ternyata sama plengernya kek pssi😂,1
"Apakah benar, masyarakat Korea banyak yang rasis ke orang asia ?",1
"Makanya sepakbola jangan dibuat Drama. Dan Itu mw dibawa Oleh ESTEYE yg membuang Elkan Baggot, Sekarang Pattinama dan Mouro ke Indonesia. Cuma menciptakan perpecahan tanpa prestasi",1
"Kita tunggu sonhyung, akankah dimasa yang akan jadi sperti ini..",0
World cup 2002 tuh yg Korea vs Italia yg kontroversi bgt itu kan?,0
"Sama kayak sty taktik gak ada, optimis menang, eh taunya main jahat dan kalah",1
seharusnya di jelaskan juga kalau Guus Hiddink adalah pelatih KorSel pada saat Piala Dunia 2002,0
Kurang lebih sama dengan Indonesia,1
"18:55 yang lebih buruk dari ini sudah terjadi di Indonesia, cak",0
Warga korea berharap timnasnya juara pildun😅😅😅 tahun 2002 kalo gak bayar wasit jadi bubur itu korea😅,0
"1:23 cak, iku sing ndukur gambare ahn jung hwan, dudu hong myung bo",0
Terimaksih banyak kepada PSSI yg sudah memecat STY.saya sangat gembira setelah STY dipecat. Dan terimakasih ku juga kepada coach Toiran...yg sdh membawa timnas Voly putra berhasil menjadi juara AVC Cup 2026.dengan membantai korea di final dg skor telak 3-0.,0
paham sih rasa kecewanya,0
Money laundry ada di korea juga 😂,1
tak pikir cuma disini yang manajemennya plenger,0
"Foto Son paling depan ... Bgtu main malah cadangan .. sayang bener . Saya jg termasuk kaget, palage rakyat Korea pasti kecewa bner",1
Mantulllllll 😊😊😊,0
Isu ini kok langsung tenggelam sama lagu MBG dan Bahlil?,1
2026 hadir,0
"Kak maaf, udah lama ga bikin tutorial makeup 😢",0
Kak cover blackpink jump dong,0
Indonesia yg sdg tdk baik” saja. Bkn hanya Raja Ampat. Rame krn Raja Ampat sangat spesial. Sblm rusak parah spt daerah” lain.,1
kangen PINKPANDA 😢,0
Menarik! Jadi paham,0
Gak mau kalau kamu mau kasih sponsor gak masalah,1
"Yaampunn sayy, topik yg dibahas apa komennya apa 😅 yuk sama2 cari tau dan belajar ttg isu2 yg lagi rame 😊❤",0
@NatyaShina tapi aku cuma kangen PINKPANDA ka nat titik 😭,1
"Natya bilang sesi 1 sedih yg pas kakek, sama saya juga..tp ternyata si kakek impostor kesel juga seh wkwkkw 😅",1
"Kalo dibilang director hwang jenius sih menurutku berlebihan dan biased sih ya. Dari aspek perfilman pun ga yang kayak gimana gimana, cerita pun di season 1 emg seru tapi ga se-WAH itu. Dari komentar orang-orang juga dulu pas s1 ya emg cuma sebatas seru aja dan lumayan buat ngisi waktu luang pada saat covid. Dari s1 pun banyak yg bilang kalo alice in the borderland lebih seru 😂 gua sih blom nonton itu dan cuma nonton squid game s1, tapi kalo banyak orang yang bilang gitu mah udh bukan sekedar preferensi lagi",0
"Aku setuju sih, ending ny sore emg mengecewakan. Trll gk msk akal buat film yg gk msk akal",1
Banyak kok series yg season 2 dan selanjutnya lebih bagus. Squid game ini menurut gua pribadi season 1 masterpiece tapi 2 apalagi 3 keliatan bgt milkingnya. Kebalikannya dari series terbaik sepanjang masa yaitu Game of Thrones. GOT season 1 ngantuk hahaha tpi 2-6 eskalasinya gokil makin bagus. Ini problemnya netflix sih karena sebenernya keliatan skrg mereka lebih ngejar kuantitas dibanding kualitas. Mentang mentang series asal korea banyak yg hit mereka banyakin tuh series korea. Tapi sayangnya kalo jatuhnya ada yg kayak squid game ini ya mau gamau harus di milking biar pendapatan nya bisa terus diputer danain series lain yg belum tentu balik modal. Tapi sekalinya hit kayak squid game lagi ya diputerin lagi. Mungkin ini bisnis yg cocok buat mereka karena konsumen bisa merasa worth dpt film atau series sebanyak itu padahal yg bagus gak banyak 😂,0
squid game usa ga tungguin tapi coba buat nonton,0
ga bagus tapi bisa di nikmati buat nonton 🙏🏻,1
"Ka nat , BLACKPINK comeback ka ayyoo kalian juga comeback dong PINKPANDA pleaseee ditunggu yaa ka nat MV cover nya (JUMP)",0
"Aku dengerin pakai headset, dan suaranya jernih bgtttt respect bgttt buat all team yg berperannnn",0
"harus nonton Alice in Borderland siih, gamenya lebih seru dan mematikan. Nggak ketebak gamenya apaan. Ada yg strategi, fisik, mental sama team. Jadi nggak bisa cuma keberuntungan!! Cepet nonton!!!",0
Better nonton Alice In Borderland sih,0
seru banget plisss ❤❤❤,0
"Gua lebih setuju komentar ini ketibang Ngelantur.. bener kata gerald kalo mau nonton sisi manusia nonton aja Social Experiment wkwkwk, Namannya aja udah ""Game"" acara TV harus seru lah.. 😂",0
"aku sampe skip2 mulu tiap bule-nya ngomong, gara2 gak kuat cringe bgt anjir denger dialognya 🤕",0
"ciii nonton alice in borderland ajaa udah lebih baguss lebih seruuu ada 2 season, season baru juga baru keluarrr plss dijamin ga nyeselll daripada mikirin season baru squid game:face-purple-crying::face-blue-smiling:",0
"Bayinya baru lahir, udah tajir🤑",1
Aku aja pas hyunju mati langsung ga lanjut nonton karena emg se freak itu,1
CI NATYA PEYUT NYA HEHE,1
HAHAHA PLEASE BARU MENIT2 AWAL UDH GA KUAT 😭,1
"Udah tayang kah? Udah end? Aku nunggu end dulu, hehe",1
Setuju😭😭,0
"Semudah itu memberikan penghargaan,penghargaan di indonesia ga bergengsi sama sekali",0
Siap2 kita akan belajar bahasa India. Nehi nehi,0
HATI HATI BISNIS DG INDIA. PENUH TIPUAN DAN SCAM.,1
"kalo anda ingin belajar ya belajar, kalo enggak juga gak apa2.",0
"Saya AM NAUFAL MAULANA, bertempat Tinggal Di Makassar, telah mengirimkan email Ke PSSI Saya Naufal, ingin berkontribusi dalam pembangunan sepakbola Indonesia, Jika diberi Kesempatan, saya akan mengutarakan semua ide-ide tersebut. jika diberikan kesempatan wawancara dan presentasi Via Zoom , sekiranya saya diberikan waktu 4 hari untuk menyusun semuanya, di hari weekend pun saya akan siap. hanya satu tujuan saya disini, hanya ingin melihat generasi muda Timnas Indonesia tampil di piala dunia yang akan datang Semoga permohonan saya sampai ke Pimpinan PSSI dan sekiranya diberikan Kesempatan untuk Persentase, Terima Kasih Hormat saya Pecinta bola tanah Air AM Naufal Maulana",0
"Bentuk liga usia dini yang kompetitif tapi liga panjang bukan liga kaya kompetisi,,mungkin dari u17 n u 20 ,,",0
SERU NIH KLO TIMNAS JUNIOR LAWAN TIMNAS PUSAT DI FIFA MATCH DAY 😊👍,0
"Klo mau ningkatkan kualitas liga rekomendasikan pemain Eredivisi main di liga 1 indonesia, atau setidaknya menjadi pemain piniaman 1 tahun",0
Pak Erick Ketum PSSI TERBAIK,0
😂😂😂 senang nya minta ampun lihat anak cucu nya skrg jilat ludah nenek moyang mereka yang kata nya gagah berani melawan BELANDA skrg malah jilat ludah nenek moyang mereka sendiri 😂... SALAM DARI WEST PAPUA 😂,0
Baiknya dilakukan jg di tiap Provinsi.,0
Saran naturalisasi striker2 masa depan 1.jal de pal dengan 16gol 21pertandingan 4asist.liga 4. 2 JAEL PRAWIRODIHARJO.didier Drogba kw3.lebih bagus dari struik.zistra.🇮🇨🛵🇮🇩 SAYA nama JITRONEM RADIO Gaga kenang Lanang Pandanaran STM negeri 1 Surakarta Jawa tengah Indonesia domisili KTP di Jombor Klaten Jawa tengah Indonesia 🇮🇩 let's go to Indonesia 🇮🇩 tropical island country paradise south east Asia.nice tropical beach inn the world.🏝️🌅🌏,0
"Semoga amanah jd pelatih, jangan pernah menyogok ketika sudah jadi pelatih profesional. Jika, pemain tidak layak squadmu terus ada bayaran untuk masuk tim mu. Kamu harus menolak itu.",1
Hadir 1 Jam,0
Kedua,0
Pertama,0
"Mungkin ini contoh titik awal dari PSSI . Semoga setiap cabang pssi daerah daerah provinsi lain harus bisa memberikan edukasi couching clinic agar setiap regenerasi slalu muncul bibit bibit baru dan jangan lupa infrastruktur yg memadai demi regenerasi yg berkelanjutan. JEPANG KUAT SEKARANG ITU BUKAN HASIL INSTAN, MEREKA LEBIH MEMIKIRKAN SAAT MEREKA DI BANTAI HABIS BRAZIL DI PIALA DUNIA KOREA-JEEPANG 2002 . SAYA PRIBADI MENYAKSIKAN LAGA PERTANDINGAN DI LAYAR TV SAAT BRAZIL MEMPORAKPORANDAKAN PASUKAN JEPANG DI BIKIN AYAM AYAMAN 😂😂",0
"Program seperti ini harusnya bagus kalo teknik dasar pemain udah khatam. Masalahnye banyak coach di akademi² Indo teknik dasar sama tdk bagusnya dgn para pemain. ""Sekolahin dlu gurunya sampe jago.""",0
alhamdulillah maju berkah indonesia sabang merauke,0
"Gaya hidup yang harus di rubah pemuda papua,kebanyakan kurang disiplin meskipun punya bakat yang bagus pasti fisik nya jadi masalah, karena buruk gaya hidup",0
"Anak""dari Papua kalau masalah skill ga usah di ragukan.. cuman masalah mereka disiplin,,sering ke club malam,,jika masalah disiplin bisa di terapkan pada anak""Papua saya yakin di masa depan mereka akan memenuhi timnas senior",0
"Wow, akhirnya ad asosiasi sepak bola dri Akademi Belanda 🇳🇱 dtng jg d Klub Sepakbola akademik d kota Mimika Papua, mncri bakat atau atlet talenta muda anak"" Papua ke kancah internasional mntap ini baru negara kebanggaan ku Belanda Holland KNVB 🇳🇱🇳🇱🇳🇱",0
Papua pasti lebih maju jika Belanda yang kuasai,0
"Mentalnya dlu sih yg di kuatkan,karena skill bisa di latih,tapi mental petarung dan sportif itu di bangun dari dini,Bravo Timnas ku",0
"lebih baik seperti ini lah, daripada pemain diaspora yang masih layak main di eropa malamemeilih melanjutkan karir di liga indonesia semangat untuk kalian saudara papua bawa nama indonesia terbang tinggi dari papua untuk indonesia.",0
Next generasi timnas diambil dr Papua full,0
Kalo mao maju sepak bola indonesia klub klub harus punya academi dari usia 12 sampai 20 dan itu harus ada kompetisi rutin yg propesional dan lapangan latihanya pun harus srandart internasional,0
Mantap x,0
Semoga program ini 20 tahun. Kedepan dan menjangko seluruh indonesia,0
Saran naturalisasi kloter $3l4n7ut⛩️♈🔼.minim 4.DAMIAN AGUSTIN.OERIP.NERAYISO.FLAMENGO.mumpung liburan liga mereka tidak sibuk.semua JUNIOR TIMNAS BELANDA.MESTI LEBIH GARCEP.kita ngk mungkin modal pemain hanya itu saja dan tidak banyak pilihan mesti banyak pilihan bervariasi model individu pemain.belum cidera.halangan.ngk fit.dll.🇮🇨🛵🇮🇩.saya JITRONEM RADIO GAGA KENANG LANANG PANDANARAN STM NEGERI 1 SURAKARTA JAWA TENGAH INDONESIA 🇮🇩,0
Percuma kalo anak anak masih suka mabok2 wkwkwkw,1
Hadir 12 Jam,0
Mantap,0
"GG, semoga program nya lancar",0
Bang mau kena pukul kah niii Gua udah serius nonton Kampret abang ni,1
Kampret😂,1
ketipu beneran…,1
"Brijing mu aluss massss, lanjooottttt, sukses terus mas hansol",1
"Wkwkwkkwkwk Gw serius dengerin sambil ngopi. Pas denger orang indonesia yang melakukan penelusuran ke rumah angker di korsel (Otak gw cuma bilang wow, wajar banyak explorer rumah hantu di indonesia) Trus pas bilang pemain film nya mas Hansol 😂 (Nguakakkkk aku , promosi toh) Tapi semoga sukses film nya, klo masuk nominasi bikin lagi film horor nya mas. Klo bisa cerita nya turis asia berlibur ke korsel masuk dunia lain /tmpt horor /dimensi lain di korsel.. Gunakan pemeran dari indo, korsel (sebgi orng lokal), orang singapura & thailand (campur comedy klo kaget pke bahasa thailand nya keluar) 😂 Sutradara nya dari indonesia, sebelum di buat pilih2 naskah dulu yang mana cocok & bagus jalan ceritanya dan seram sesuai kisah nyata.",0
"Aku lho wis liat iklane, tapi gak ngeh itu dirimu. Mungkin gara2 aku gak tertarik nonton horor kali ya...moga sukses filmnya. Keliatan kalo udah bisa masuk nominasi gitu, dijamin bagus sih. Tapi horor...Yo pokok e sukses lah ya.",0
warbiasah marketing nya,1
"Kampret betul, pas mengarah kesitu udah mbatin “ini mah filmnya mas hansol”😂🤣🤣",1
ternyata sama plengernya kek pssi😂,1
"Apakah benar, masyarakat Korea banyak yang rasis ke orang asia ?",1
Warga korea berharap timnasnya juara pildun😅😅😅 tahun 2002 kalo gak bayar wasit jadi bubur itu korea😅,0
tak pikir cuma disini yang manajemennya plenger,0
"Foto Son paling depan ... Bgtu main malah cadangan .. sayang bener . Saya jg termasuk kaget, palage rakyat Korea pasti kecewa bner",1
"sty bisa bawa korsel ngalahin timnas jerman di piala dunia 2018 padahal saat itu sty hanya pelatih caretaker dan hanya punya waktu 1 tahun mempersiapkan tim dan lagi musuh yang dihadapi yaitu jerman adalah tim penuh bintang dengan status saat itu sebagai juara bertahan piala dunia. korsel saat itu sendiri berada di grup maut bersama jerman, swedia dan meksiko yg relatif sangat kuat dan diatas korea. sty yang berhasil menghancurkan jerman dan mengirim mereka sebagai juru kunci malah menerima sambutan tidak baik di bandara karena kabarnya ada fans2 korea selatan yang kalah berjudi sehingga menumpahkan kekesalan pada sty dan timnya karena bisa mengalahkan jerman saat itu dan menimbulkan kerugian besar bagi para penjudi yang menjagokan jerman.. warga korea sebenernya mayoritas relatif puas terhadap pencapaian korea selatan yg dibawa oleh sty di piala dunia 2018 itu karena bisa menghancurkan juara piala dunia jerman, tapi oleh media indo dan fens2 haters pembenci sty fakta itu di goreng goreng dan diputar balikkan dengan berbagai framing seolah sty dibenci oleh penduduk korea. padahal faktanya sty bahkan sampai dibuatkan patung oleh pemerintah provinsi Yeongdeok di Provinsi Gyeongsang Utara, Korea Selatan, untuk mengenang jasa sty dibuatkan patung sty dengan bobot 70 ton dan dibuatkan komplek sepakbola modern bernama shin tae yong soccer park. namanya pun sangat dihormati di korea selatan apalagi saat bisa membawa indonesia menjadi tim yang kuat di asia semakin banyak orang korea yang menghargai sty dan ingin agar sty kembali melatih timnas korea selatan kembali untuk pildun 2026, sayangnya waktu itu yg terpilih adalah pelatih hong myung bo.",0
Orang Korea aja yg lebay... Kluivert aja ga digituin....,1
"Ntar Dia kyak Shin Tae Young lg, Pas ngelatih Indonesia, Indonesia jd naik lg Performanya, Tiba2 Masuk Piala Dunia aja tuh Timnas Indonesia Di Periode Berikutnya....😅😅😅😅",1
KORSEL KARMA ITU SAMA KELAKUANNYA DI PILDUN 2002 JUARA 4 BAYAR WASIT COK. NAJIS MAMPUSSS ANCUR MAMPUSSS,1
"Nasib Shintaiyong spt ketika melatih di Indonesia, ketika PSSI sedang membaik tiba2 di ganti petrick cluevert. Dan gagal masuk piala dunia 2026.",1
Bukannya memang di Korea itu jadi event 4 tahun sekali untuk menghujat pelatih timnasnya 🎉🎉🎉,0
"pildun 2002, pildun terburuk sepanjang sejarah !!",1
Diluar itu emang orang keluar kebanyakan rasis😅,1
Mau alasan apapun juga.. memang udh tabiat lu orang rasis + mencari kambing hitam buat d bully karna pemainnya gak sanggup(blm kelas lu) terpaksa cari pelampiasan… Semua dunia juga tau gimana tabiat negara lu. IZIN..🙏🏿,1
"Negara maju tapi Federasi olahraga nya banyak yang plenger, ratu bulu tangkis korsel juga sampe speak up. Belum ini sepak bola yang lagi anget. Btw pelatihnya emang plenger si bro, itu pas lawan AFSEL bisa bisanya son di cadangin. ga jelas asli,. Ada juga teori kalo pelatihnya ga mau rekor menit bermain di timnas di pecahin sama SON",1
PLENGER APAAN YA??????,0
Bukannya pahlawan Korea ter-menonjol waktu piala Dunia 2002 itu Ahn Jung Hwan? Di Indonesia sangat populer dia saat itu hingga ada istilah ATM itu kepanjangan Ahn Jung Hwan Tunai Mandiri😁,1
"Skrg q pahaaam.. Berarti ibarat timnas Konoha gagal total di tangan si anomali, tapi federasi masih aja tunjuk si anomali jadi pelatih lagi.. Hasilnya hancurrrr lagi !! Mana ketumnya juga ga ganti2.. Sekarang q ngerti gimana perasaan warga Korea bang 😮 wajar aja mereka semarah itu",1
Podo plenger e😅,1
Bukan sisi gelap sepak bola korsel tapi... SISI GELAP KOREA SELATAN YANG RASIS DAN DONGO,0
Sejak piala Dunia di gelar time2 dari benua Asia dan Afrika hanya jadi pelengkap Buktinya yg masuk semi-final dan final hanya benua Eropa dan Amerika Latin Juara piala Dunia Uruguay 2 x Brazil 5x Italia 4 x Argentina 3x France 2x England 1x Belanda 1x Spayol 2 x Benua Eropa dan Amerika Latin langganan juara,0
Memang sehebat apa sepakbola korea? Memang lebay aja...gagal kok ngamuk kelewatan.,1
Federasinya ternyata g jauh beda plengernya 😅,1
"Kasian tim korea mereka sudah berjuang mati2an tspi ingat musuh yg mereka hadapi juga bukan tim sembarangan mereka juga ikut kwalifikasi dengan tim2 kuat jadi todak bisa disamakan dengan pemain antar kampung jadi harus sadar kasian pemaon korea yg sudah bermain mati2an mereka sampai lelah berlari jadi kalau lalah iti hal biasa namanya sepakbola pasti ada yg menang dan kalah tali jangan dicaci maki karena mereka sudah berusaha semaksimal mungkin bukan tiduran jadi kita harap jangan dihujat dan dicemooh semua tim korea pelatih dsn ofesialnya kasian mereka sudah herjuang mati2an jadi untuk masarakat korea harus maklum coba kalau main sendiri pasti belum apa2 sudah ngos ngosan kecapaian dan tidak bisa nendang jadi janganlah salahkan semua pemain korea dan pelatih ya namanya pertandingan kalah menang wajar,jika ingin menang sudah main sendiri dan bawa tropi piala dunia tinggal pesan saja ngga usah bertanding",0
Kasihan sama Park Jooho yg waktu itu dihujat karena mempertanyakan kejanggalan pemilihan Hong Myungbo.,0
Jawabannya. Karena Masyarakat korea RASIS no 1,1
STY ternyata org terpilih krna hrs ngadepin asosiasi bola plengerrrrr,0
Korea bagus cuma pas zaman Park Ji-Sung. Apalagi semua orang tau sebagus apa park Ji-Sung. Ditambah masa itu pelatihnya bener2 luar biasa. Sekarang dengan skuad bagus banget malah 32 aja kagak masuk.,0
Sisi gelap??🤔🤔.. Kayanya gak bola aja deh. Kalo gak masuk di ekspektasi masyarakatnya maka akan otomatis jd sisi gelap😂.. di dirujaknya scr bar2.. Ngeriiiii ngeriii kek drakor2 crime,1
"Mungkin karena mereka termasuk negara terasis di dunia kali bg, jadi merasa negara mereka superior, padahal di sepakbola dunia mereka termasuk negara medioker, jadi mereka gk tau akan kekuatan negara mereka di sepak bola",1
"Indonesia kemaren harusnya masuk, karena si Erik gambling jadi ya gtu",1
KORSEL bola nya hebat lah ...tapi yg kita sedih nya masih ga terimah kalau di kalah kasihan pelatih nya koq di hujat,0
"Korea ternyata bangsa yg ga mature, ga mau menerima kekalahan. Too ambisious, setelah pernah bisa masuk semi final piala dunia. Padahal it is only a game. Bisa menang dan bisa kalah. Yg dihujat pelatihnya. Padahal di beberapa cabor, ada fenomena Korsel sekarang tjd penurunan. Voleynya jg kemarin dibantai Indonesia. Ada yg menganalisis, karena sekarang kwalitas olahragawan Korsel mmg menurun, karena angka kelahiran turun dan jumlah generasi mudanya yg berprestasi jg menurun. Ini, akibat banyak pasangan muda yg pada ga mau punya anak.",0
"RESIKO SEORANG PELATIH,SIAP DI SANJUNG DAN DI HUJAT",1
Bener kata orang orang masyarakat korea itu rasis mereka bisa berperan baik d depan layar dan tiba tiba jahat d stuasi yg berbeda bnr dah intinya kebanyakan drakor doang😂,1
"Pemilihan pelatih KFA dari Paulo Bento ke Klinsmann ini mirip PSSI dari STY ke Kluivert Bisa2nya milih pelatih yg rekam jejaknya sama2 gak jelas, tapi paling plenger PSSI sih bisa2nya ganti pelatih pas lagi menangan. padahal habis menang 2-0 lawan Saudi. Saat itu di Round 3 Kualifikasi kita di peringkat 3 dibawah australia cuma beda 1 poin :face-blue-smiling::face-blue-smiling:",0
Haha 11 12 ma pssi 😂😂 dah bagus2 malah ga dperpanjang ganti2 terus dsangka bangun tim bagus itu ga butuh waktu lama,0
Padahal kalo sty dikasih banyak waktu pasti bisa bersaing sama tim2 eropa. Indonesia aja ditangan sty hampir masuk piala dunia sayang aja pssi isinya orang2 plenger,0
bagaimana negara paling rasis memperlakukan pelatih dan tim sepakbola,1
"Orang Korea ke GR an , merasa pemain² nya berkualitas tinggi sekelas pemain Eropa.. gak nyadar dir mereka Begitu kalah warga Korea nyalahin pelatih nya, dan sangat marahnya tidak masuk akal. Sadarlah memang segitu kemampuan pemain mereka",0
Satu satu nya kegagalan Korea Selatan adalah TIDAK SAMPAINYA KELUHAN RAKYAT PADA PETINGGI BOLA DISANA..!!! PETINGGI TAK TAU RAKYAT KOMPLIN APA DAN TAK ADA YG BISA DISAMPAIKAN KE PELATIH UNTUK MENJADIKAN MASUKAN..!!! KEDUA PELATIH KORSEL harus bisa mencari pelatih medern yg dapat mendengar banyak pendapat rakyat atau pakar ..!! dan memasangkan posisi pemain di posisinya . Hanya taktik serangan saja variatifnya . Juga bertahan nya ..!,1
"kalo netizen di sini, sebenci-bencinya sama kluivert mah kalo ketemu pasti ngajak foto juga 😂😂😂",1
kesimpulan warga korea tidak bisa menerima kekalahan rasis pokoknya,1
"aku nonton 3 pertandingan korsel emg ga jelek mainya kok, tapi ya ini sepak bola ada faktor unluck nya... son emg uda tua tapi dia dapet bebrapa pluang dan emg ga luck aja, lawan mexico jg unluck kalah.. menurutku mainnya ga jelek si",0
Respect ke-STY karena sudah mampu melewati 2 asosiasi PLENGER.,0
KFA sama 11 12 sama PSSI.. Coba belajar dr jepang minimal... Hasil itu panjaaasang hasilnya.. Korea Indonesia mau instan langsung menang,0
Yang jelas orng korea itu termasuk orang2 paling rasis di dunia..,1
"PSSI lebih sampah lebih plenger, isinya tikus korup semua, cuman warga Indo gak seberani warga Korsel, menegakkan meritokrasi, yang busuk harusnya dicancel. Kalau pejabat PSSI tau diri dan punya malu, harusnya udah pada mundur semua itu orang orang gak kompeten.",1
Sekarang malah ke klub plenger 😂,1
"Plenger plenger gitu tetep masuk pildun. Msh salah satu jagoan asia.. gak kayak sebuah negara dgn penduduknya 280juta org, tp nyari dan buat 11 org yg OP aja gak bs",1
"udah dijelasin kayak gini pun masih banyak yang bilang ekspektasi korea ketinggian. ekspektasi korea itu paling engga lolos fase grup karna di 2022 dengan banyak pemain cidera aja mereka bisa lolos fase grup. di tahun 2026 ini persiapan korea itu udah mantep banget. tc duluan dari pertengahan mei di utah yang kondisinya mirip2 sama guadalajara, nyampe guadalajara juga duluan, pemain sehat juga sehat semua, masuk grup a yang lawannya itu bisa dibilang mudah & peringkat 3 aja bisa lolos ke 32 besar, makanya ekspektasi lolos fase grup itu pasti. jadi, ekspektasi warga korea itu gak ketinggian, justru ekspektasinya wajar karna di 2022 dengan pemain banyak yang cidera & masuk grup susah aja mereka lolos, apalagi kali ini yang serba siap masa lolos grup aja gak bisa. warga korea itu pada semangat di wc kali ini cuma buat pemain & gak ada yang dukung hmb.",0
"Dari video ini bisa disimpulkan bahwa sebetulnya yang gak beres adalah KFA itu sendiri. Sudah gonta-ganti pelatih tapi permainan masih tidak bagus, karna tidak ada support dari KFA untuk memajukan pasukan Korsel ini. Malah pelatihnya yang menjadi kambing hitam..",1
"tolong bahas updatean kasus new jeans, mas hansol🙏",0
Lu datengin klop pegang timnas indo emang bisa juara..ya enggak.....gak masuk akal orang korea lu berharap keajabian apa...son uda tua ..siapa lg yang bsa gendong korea....liat jepang...dr ujung ke ujung oemain tim eropa smua...tp aja kesingkir.....,1
"Namanya juga negara rasis, si paling pengen juara,, padahal kalau orang korea di eropa malah nggak ada harganya sama sekali wkwkwkwk",1
"Korea TERALAU Berekspetasi Tinggi, Sadar diri wey, di asia aja Korea selatan itu masih jelek",1
Se benci bencinya netijent indo gak sampai lempar makanan kaya korea yg katanya iq tinggi😂😂,1
Korsel negara yg cukup Rasis Dan cukup kuat sistem ordal nya,1
"Sama aja dong kek pssi , sama sama plenger 😂",1
Kutukan pidun 2002 msih berlanjut. bagaimana kbar wasit yang memimpinnya 😁🫢🫢,1
"Pantesan...... semakin berisi harusnya semakin gampang menerima masukan. Eeeeh, ini malah egois",0
"jangan mo, jadi pelatih di korea selatan, selain rasis, mereka juga ga pernah bersyukur atas semua yang di berikan tuhan .baik kalah ataupun menang...kalah menang biasa...permainanan jelek atau bagus...biasa...Indonesia sudah mengalami itu semua...jadi biasa aj bro...",1
"Itu lah kenapa aku gak ikut komentar atau judge respon masyarakat korsel ke timnas nya (terutama pelatihnya) padahal potongan video nya sliweran mulu. Karena aku pikir, aku gak tahu apa yang terjadi di negara orang, yang mendasari sikap mereka seperti itu. Dan aku sebagai orang luar (bukan warga korea) rasanya gak berhak untuk menjudge sikap mereka.",0
pantesan....orang luar seneng banget jadi pelatih di indonesia...biasa aj... klo kalah benci biasa aj...ga sampe kayak orang korea.....klo menang/seneng jadi raja luh cing...,1
"klau miturut ku ci korea sudah bagus udah brapa kali masuk pildun,seharusnya menyadari persaingan asia sm erpa atau amerika kn lain,jadibga usah trlalu berlebihan menghujat pelatih,kita sadari saja korea level asia udah beda permainan eropa,seharusnya berpikir positif saja krena ga lolos ssmpe jauh.udah bagus masuk pildun.",0
Sekarang ngerti kenapa warga korea marah besar😂,0
"di indo mah udah terjadi 😂😂😂,berkat omongan pundit dan keplengeran pssi chans timnas indo lolos pildun hancur berantakan",0
ternyata KFA sama FAM itu lebih kurang juga tolol nya,1
"Warga Korea masih blm sadar, kalo sepak bola Korea banyak drama, dan tidak se sangar jepang..",0
"diluar Plenger Pelatih dan KFA nya, Ekspektasi Fans Bola Korsel emang tinggi bgt asli setiap 4 tahun kalo performa gak sesuai ekspektasi habis dah di hujat, karena patokan mereka itu peak performa Pildun 2002(yg agak Kontroversial). walaupun gak Nepotisme sekalipun apa gak bakal di hujat separah itu? jawabannya gak sama sekali, apalagi yg ngikutin bola Internasional, contoh aja STY, ada bekingan? ada Nepotisme? gak kan, tapi segitunya fans Sepak Bola Korsel ke dia, karena memang Ekspektasi Fans Bola nya sendiri yg tinggi banget. bahkan kedepannya kalo Pelatih dan KFA sesuai dengan system tapi performa Timnas Korsel buruk, gak bakal ada yg berubah, bakal tetep keulang terus.",1
"Ya kalo ga dihujat KFA bakal semena mena terus, selama itu2 aja yang ngejabat, sama ajalah kayak di Indo",1
"​ @Sweetpeach858 emang dengan ngehujat KFA, Korea Selatan bisa juara dunia gitu? Realistis laa bro kalo mikir😴",0
jgn salahkan pelatihnya goblok salahkan kfa nya,0
"Negara rasis Korea selatan mau baku hantam kek dan lolos dan tidaknya bodoh amat ,,hanya jepang saja yang kami harapkan agar bisa selalu lolos sampai ke final untuk mewakili kami dari asia ..",1
"korea sama orangnya sendiri aja rasis minta ampun....makanya kita sering jumpa org korea dimana mana rasis,ga di medsos ga di game rasis banget",1
"trnyta kerja apapunn di korea salah satunya futsal/idol (appun kerjaannya) klu salah dikit di kritik habis habisan gila jg si mnurutku, indonesia ada kek gni tp ga separh korea. Sedih si gmn korea ke depannya ya klu rakyatnya membuat kesalahan, apakah akan ada rakyat mentalnya kuat klu jd pemain bola/idol kedepannya 😢😢 satu sisi idol bnyk bundir itu krna kesalahan fansnya yg hujat, menurutku ini udh prh bgt korea negara maju tp bikin org hidupnya sengsara dgn hujatan walaupun org itu udh KERJA KERAS demi negaranya.",0
"BOIKOT influerser Korea!!! Jangan Di tonton dan jangan di subs, mereka aja rasis ke bangsa kita dan negara tetangga kita",1
2026 Korsel lebih fokus ke boy band daripada sepak bola. Sepak bola Korsel hanya mampu masuk 16 besar sepanjang sejarah tapi Korsel mampu masuk final diajang Piala dunia Qatar lewat Boy Bandnya meski bukan dari squad Timmasnya.,0
KFA dan PSSI sama2 plenger 😂 KFA abis bento dikasih kkismen PSSI abis shin tae yong dikasih patrick ada2 aja memang remahan dunia ini w😅,1
"Selama dihati Korea selatan masih ada kata Rasisme,,saya Jamin Korea selatan tak akan bisa mendapatkan Pelatih yg terbaik sepanjang sejarah,,,Toh semua sudah terbukti salah satunya STY dan padahal Sty pelatih terbaik setelah memimpin di indonesia itu juga sudah terbukti..!!!",1
Dunia persilatan korea enang seru buat di ikuti. Para youtuber korea banjir view dan ikut memanas manasi timnas wkwkwk,0
Emang orang2 lu rasis.,1
Plenger emang,1
"Menang di puja, kalah di hujat. Dah mau ngomong itu aja 😅",0
Doamat lah negara rasis ini,1
"KFA ternyata plenger jg😢 feel bad for the ""victims"" of KFA and So-Ko netizen😢",0
"Kenapa timnas korea gk pernah maju seperti jepang , ya karena pemain korea manja2 dan orang dalamnya gk mau ambil solusi untuk memperbaiki sepak bolanya mungkin ya , Ya 11 12 kek PSSI lah gk mau kalah sama pelatih atau pemain yg lebih menonjol di depan publik , Makanya kemaren son di cadangin padahal lagi genting2nya",0
KFA - PSSI Plengernya sama,1
Mampos tuh buzzer yang bacot tin STY 😂😂,1
"Tim kek tai mau berahap apa di pildun ? , merasa sebanding sama Argentina ? Francis? Spanyol?😂. Wkwkwk negara rasis adaada aja 😂",1
Sama aja ama kasus STY dan PSSI .... parah bola ini ...ngak pny prinsip... afrika selatan juga lagi bagus2nya.... di Indo juga ... ER*C juga kita minta mundur,1
Paling rasist sedunia,1
Sama aja kayak Indonesia suka menghujat kalau kalah😂,1
Orang Korea kalau hujat ga main2 langsung di depan orangnya kalau orang Indonesia masih di medsos,0
setelah tau ceritanya jd ikut kesel pantesan warga korea pada marah,0
Tpi kok ERICK TOHIR tidak di benci 😂 apakah karna dia pendukung 02 wkwkw 😂😂,1
Gw benci banged sama kluivert 🫩😾,1
Kalo masalah terbesarnya Korea tuu terlalu sering gonta ganti pelatih kalo di bandingkan sang tetangga mereka make Hajime Moriyasu dari tahun 2018 sampe sekarang dan lihat hasilnya,0
SDM tinggi tp kayak SDM rendah plenger bgt..ikhh ampe boikot2 gtu..kasian bgt,1
Bisa dimaklumi ngamuknya warga korsel,0
Kebrutalan Knetz ini yg patut ditiru ma rakyat Indo😂 kalo ada yg Plenger dan menyimpang langsung dibabat habis ampe kena mental dan terusir. Patut ditiru utk lengserkan koruptor dan penjahat2 yg bertaburan di Indo,1
"rumornya pelatihnya benci Son, bener ga? Ga mau rekornya pecah, bener ga? Ato cm hoax?",1
"Alah emg SIFAT ASLI orang Korea begitu ! Udah rasis parah , gak ada respect nya",1
Terlalu juga lah kalo di hujat kaya gto.....timnas sepak bola korea gax perlu se gto y....kecuali jerman belanda baru rakyat y marah....,1
Kasusnya ga beda jauh sama PSSI wkwk kasian Shin Taeyong ngadepin instansi yg plenger di negara orang dan negaranya sendiri padahal di udh ngasih yg terbaik Dan ada juga pelatih yg ngalamin hal yg sama kaya STY yg dari portugal itu wkwk Rill sepak bola suatu negara ga akan maju klo instansinya ga bener 😮‍💨,1
"Ekspetasi terlalu tinggi,2002 masuk 4 besar juga kontrofersi kekenangan semua sehabis ngalahin italy habis semua pemain yg berkain di sana😂",0
"MAAF,kayaknya budaya bullying,intimidasi dan RASIS di korea msh jdi mayoritas. ketika dianggap tidak berprestasi, gagal,lemah,jelek,miskin maka akan dpt bullying dan intimidasi dari pihak2 yg merasa lebih superior. di dunia olahraga ketika pemain bermain jelek,maka akan dpt hujatan yg luar biasa",0
Sebenernya banyak negara rasis gua ga belain korsel tapi jujur aja nih indo aja rasis parah cok ke sesama warga papua 😂 sampai dikatain ireng lah,1
"​​ @imhereveryone rasis nya indo tuh terang2an dan dianggap biasa, baru dirasis marah atau mukul dia, dia yang rasis baru sadar, kalo anda bersekolah atau sudah lulus sekolah pasti paham maksudku😏",1
"jadi tak heran kenapa orang Korea sangat rasis kepada bangsa lain kecuali kepada orang Barat berkulit putih, ke sesama Korea saja perlakuannya sangat mengerikan. Anda bro Koreareomit mungkin 1 yang tidak rasis dari 100 ribu orang Korea , kalau di Indonesia sama dengan 1 pejabat yang bersih/tidak korup dari 100 ribu pejabat.",1
Kesalahan terbesar ada pada KFA. Gonta ganti pelatih. Tanpa strategi jangka panjang. Lihat jepang dong,1
sekarang aku paham kenapa masyarakat Korea sebegitu benci dan marah nya sama Hong Myung bo 😢 terimakasih mas Hansol penjelasannya,1
"Halah dulu juga masuk semifinal 2002 gagara scandal anjir, sesukses apa sih di piala dunia. Padahal udah mending lolos Piala dunia dari Indonesia. Emang plenger aja rakyatnya sama kek indo, toxic banget.",1
PSSI wes bosok cak Sol,1
"Mereka aja ke org barat rasis juga kak, mereka cuma sukanya yg kulit putih + muka sesuai tipe korsel yg innocent cute2 gitu, klo dikasih yg kayak kendal jenner juga kurang suka",1
"Pengaturan skor oleh FIFA yang menguntungkan korea selatan sebagai tuan rumah, dari mulai babak grup sampe puncaknya lawan Italia paling parah. Terus salah satu pemain Korsel yg main diklub eropa akhirnya diputus kontraknya, dan pemain Korea pada saat itu ditolak klub² eropa dampak kontroversial piala dunia itu. Terus sekarang mereka ngejadiin itu sebagai prestasi bahwasanya pernah sampe semifinal, padahal kontroversi. Lebih adem liat jepang meskipun kalah penyisihan tapi warganya legowo bahkan nyambut pemain mereka. Lah ini netijen Korea 11-12 smaa indo fanatik bangettt nganggep bahwa timnasnya hebat, bilang lah generasi emas saat ini. Tapi kan ini piala dunia, meskipun hebat dikancah asia belum tentu di internasional juga seperti itu. Liat sendiri Jerman sama Belanda yang materi pemainnya semewah apa tetep kalah sama negara yang peringkatnya dibawah mereka. Jadi meskipun pelatihnya emang kurang, tapi tetep itulah sepakbola apapun bisa terjadi. Liat aja timnas cave perde negara antah berantah pertama kali lolos 32 besar tapi mainnya bagus. Tidak serta Merta pelatihnya bagus juga",0
"Ini salahnya fifa, benua badut dikasih jatah 9 buat pildun. Liat aja negaranya Ada yang ngelemparin timnasnya sendiri setelah ngalahin jerman Ada yang naturalisasi turis liburan Ada yang ngehujat pemain negara lain karena penalssi Ada yang masuk pildun karena nyogok Ditambah federasi asia yang bobrok (Afc), sampe kiamat juga gini² doang ni asia. Buat sokor sebelum punah, ayo tetep semangat hujat sana sini, semua bidang kalo perlu🥳🥳",0
"11 12 berarti ama kepengurusan di sini . Memang rata2 sepakbola asia kelemahan nya bgini . Liat aj AFC gmna kotornya bermain , dan dari segi koefisien nya cma beda 1 tingkat diatas oceania keknya kita . Korupnya memang parah",1
Bang kasihan bang pelatihnya di hujat dan di musuhin,0
Emang udah biasa di negara rasisme kayak Korea ini dulu sty juga di gituin nih terulang lagi menang kalah dalam sepakbola udah hal biasa mau juara liat noh lawanya,1
"warga korsel kurang SADAR DIRI pemain timnas nya bapuk, tapi ketinggian ekspektasi 😂😂",0
"Namanya sepak bola, pelatih jg manusia biasa, suruh sempurna yaa gk bisa, masa mau menang terus, Korea🇰🇷 mau main sepak bola sehebat apapun tetep aja ada kelemahan, diatas langit masih ada langit",0
Bang bahas korea selatan RASIS.,0
Tahun ini masyarakat Korsel lagi bener bener frustrasi. Sepak bolanya gagal masuk 32 besar Pildun dan Tim bola volinya dikalahkan Indonesia di final AVC Cup 2026. Padahal di cabor voli mereka merasa superior lawan Indonesia. Di babak awal menang 3-0 lawan Indonesia. Tapi di final justru kalah 0-3 lawan Indonesia.,0
jelek mah jelek aja... emang tim lain lebih bagus. so iye Korea...,1
agak mengganggu suara notifikasinya kyak suara pesan masuk,0
Korea Selatan Negara Rasis . Tidak ada kebaikan yang didapat disana . Kerja sama KF21 merugikan Indonesia.,1
"Coba itu warga Korea kaya warga Konoha, langsung hantam rumah salah satu ketua anbu di Priok secara instan. Pasti😅😅😅",1
"KFA (Korea) = CFA (China) = PSSI (Indonesia) = FAM (Malaysia) plenger semua wkwkkwkw, yg lagi bener mah JFA (jepang)",0
"Pssi selagi exo masih orang lama. Jangan berharap indonesia bisa berprestasi karena mafia ada disitu untuk jual match dengan banyak cara, ada kongkalikong dengan pelatih, suap pemain agar main jelek gak maksimal dll",1
Itu Krn Knetz tololl😂 dan rasiz,1
"2002 Korea Pahlawan? Hahahaha justru sejarah Piala Dunia kontroversi, Korea sebagai Tuan Rumah, banyak praktek kotor dan ini Fakta dibahas dimana2, bagaimana Korea Selatan banyak diatur dan dibantu Wasit sampai lolos.. Apa itu yg dijadiin standard warga Korea??!😂 Jadi Tuan Rumah lg makanya bayar wasit. Paling gokil waktu Italy dicurangin😂😂",1
"Ya gimana, maen nya lambat ga ke tim Korea sebenarnya...son juga posisi nya jelek jarang pegang bola,..pantes ngamuk 😂",1
"Apesnya STY, keluar dari KFA, masuk ke PSSI, podo dene",1
orang Korea di push tuk maju.. berhasil tapi efek nya.. mereka kehilangan nurani & rasa peduli.. ada hal yang gagal langsung habis orang itu di bully di benci.. daah kaya robot.. ga punya nurani..,1
Wajar sih warga korea ngamuk pemain full bintang hasil malah ampas belum lagi gaya bermainnya ga enak ditonton,0
T-tapi warga korea suka musuhin semua orang:( 1:26,1
"Kenapa dibenci dan di hujat ??? Karena rkyt Korea sudah gila ingin juara padahal kelasnya masih asia tp mereka pengen di sejajarkan dengan timnas Brazil Portugal Prancis Jerman Spanyol itali.. akhirnya yg slalu disalahkan pelatih nya.. pengen di sejajarkan dgn timnas eropa dan Amerika tp sama Malaysia ditahan imbang😂😂 Berbagai alasan ditunjukan ke pelatih, dasarnya ngampas ya ngampas aja. Contoh dong rkyt jpn... Mskpun levelnya lebih tinggi dr Korea tp mereka legowo",0
Aneh KLO dibenci kyk gtu . Kalah 0-1 tp son (yg katanya pemain terhebat di asia) dlm waktu 45 menit gak ngegolin sebiji pun. Bukankah hrsnya dia malu? Kalah 0-1 dengan timnas negara yg individu biasa' saja bukanlah memalukan jika kt sadar KLO bola ada seni berbagai kemungkinan.. menang kalah punya probabilitas yg hampir sama,1
Koréa itu RASIS manusia tidak punya adap,1
Netizen indo duuh 😂 gatau urusan dapur orang ikut² komen kasian lah inilah itu lah ke pelatih mereka..gamungkin se receh itu masalah mereka sampe dihujat dan cancel culture pelatih mereka. Dikira cara pikir otak sdm mereka seperti kita?? 😅,0
Dimana2 persatuan sepakbola pada plenger 😂,0
"Begitulah kalo orang jauh dr agama, gak kenal yg namanya ikhlas, sabar, syukur, takdir, ada yang ngatur..gitu dehh..jatuhnya gengsi..egois..perfeksionis..sok",1
"Tapi kalo sudah masuk pentas world cup menurutku sudah cukup bagus walaupun orang Korea Selatan berharap lebih dari itu Bukannya aku membenarkan bahwa pelatih Korsel world cup kemarin bagus tapi lebih ke naik turun nya perkembangan sepakbola suatu negara, anggap yaa kayak China pernah masuk pildun dulu, sekarang g masuk pildun atau sulit masuk pildun, itu menandakan timnas sepakbola tidak selamanya pasti masuk pentas pildun, kayak Maroko sekarang adalah timnas underdog terkuat tapi tahun depan belum tentu, masa kejayaan timnas sepakbola itu naik turun dari waktu ke waktu",0
Kirain cuma di Indonesia doang menang dipuja-puji kalah dihujat habis.,1
"Sehabis WC2002 itu berhasil banget gus hiddink, banyak pemain top lahir, banyak pelatih bagus korea bermunculan,Masih kebawa mimpi semi final WC2002, jadi maunya sampe semi final atau juara tiap masuk WC, bagus ada target sebenarnya, tapi sehabis WC2002 cuman korsel di Asia yg banyak dan sukses pemain diliga eropanya",0
KFA sama aja kyak konoha sama2 plenger ternyata,1
"Pildun 2002 aku SD. Kayaknya aku nonton yg Korsel Italy. Goal scorernya Ahn Jung Hwan yg saat itu main di klub Italy, Perugia. Sejak saat itu dia dibenci publik itali.",0
"sorry to say, tapi emang warga Korea nya juga kebangetan. merasa timnas nya jago banget setelah pencapaian WC 2002, padahal itu diraih dengan banyak kecurangan",0
"kenapa orang korea suka rasis? padahal sesama warga asia. apalagi rasis terhadap agama , itu paling sering.",1
Warga korea kalo KFA bentuknya kayak PSSI di demo abiss abisan kali yaa,1
"Rasis dan diskriminasi skli para fens"" Korea Selatan ni",1
Sama kek kelakuan toxic buzzer drakor dkonoha yg suka menghina dan menghujat aplg setelah si tayong pelatih korea bapuknya kena pecat😂😂😂,0
Yg menang merayakan Si #Plastik menjelaskan🎉,0
"Pantesan pada marah warga sana, kerjaan begitu",0
Jawaban sebenarnya emang Korea ini karakternya memang tukang bully .. Liat saja kehidupan warga koreanya tingkat bunuh diri tinggi,1
Gampang. Jelek di piala dunia. Terjawab kan? Skip konten,1
Bang knp timnas korea gagal masuk olimpiade..??😂😂,0
BUZZER DIMANA MANA ANJIRRRR,1
Emang korea sehebat apa di piala dunia😂 ampe pelatihnya di hujat... Ini piala dunia bukan piala asia😅,1
Kayak STY tiba tiba diganti Patrick Kluivert KFA kok bisa kayak PSSI Plenger,1
"Kemungkinan itu Ketua KFA takut kalau namanya ketutupan sama nama pelatihnya. Makanya pelatih bagus dipecat, diganti pelatih plenger.",0
Gua kira ini murni kesalahan strategi pelatih sehingga di benci. Ternyata federasi nya juga begitu. Turut sedih Son ga masuk babak KO padahal ini piala dunia terakhirnya,1
"Satu kali menang tiga kali kalah itu jelek bro bukan baik, menang satu kali lawan jerman itu bukan patokan bahwa pelatih bagus.",0
"Korsel terlalu halu pengen juara dunia, udah masuk piala dunia pun udah syukur",0
"Kesini hanya ingin komen, pelatih ini memang layak dihujat.",0
"Korea sama indo mirip mirip, tp Korea lebih gila reaksinya, tp emang pildun ini Korea mainnya jelek",1
"Sebetulnya salut salah satu wakil Asean bisa masuk piala dunia, dibandingkan negeri Konoha sebuah federasi sepakbola yang diisi orang2 politik kotor sehingga sampai kapanpun tak akan pernah masuk Piala Dunia.",1
Kalau di jelasin kaya gini jadi paham kenapa orang Korea pada marah banget sama pelatihnya. Bukan rasis ataupun pembullyan tapi cuma dihate coment di sosmed dan gak dikasi masuk di beberapa tempat itu masih baik banget. Ngerti sih kenapa pada kecewa. Pemain andalan baru masuk di detik terakhir buat apa percuma.,0
"Makin terbukti kalau orang Korea rasis,negara lain aja yg gak lolos tidak sampai segitu ke pelatih",1
"Korea selatan jangan harap ada sosok hajime moriayasu, oscar tabarez, joachim löw lagi ya",0
Siapaa yg bikin korea ga masuk olimpic. Kenapa ga di elaborasi mas hansol? STY Indonesia 🎉,0
"Orang korea byk odgj tukang buli, pantes byk idol bundir, orang²nya tukang hujat, lebay",1
"Korea itu jepang kw2 😂,bukan cuma di bola,, semuanya 😂, kecuali plastik",1
"Orang Korea gak beradab, seharusnya bersyukur sudah masuk Pildun ini malah membulli, dia pikir sepakbola itu matematika, itu hanya permainan.",1
Negara TerRasis dibumi .,1
"Halah Korea sudah tidak keren, masih lebih keren Tanjung Verde yang bisa hampir mengalahkan juara bertahan Argentina, tidak seperti Korea kalau ketemu tim Amerika latin seperti Brasil dan Argentina yang ada hanya kebantai memang prestasi stagnan gitu-gitu aja, bahkan federasi Korea tidak jauh beda juga 😂😂",0
"Kegagalan total Timnas Korea di Piala Dunia 2026 bukanlah sebuah kebetulan, melainkan akibat langsung dari keserakahan finansial, kebebalan taktik pelatih, dan rusaknya integritas KFA. Menunjuk pelatih yang track record-nya sudah cacat sejak 2014, memberinya gaji selangit, lalu membiarkannya merusak potensi generasi emas sepak bola Korea demi lingkaran politik internal adalah bentuk pengkhianatan nyata terhadap pemain, anggaran negara, dan ekspektasi jutaan fans yang sudah berkorban materi demi mendukung timnas.",1
"tadi nya pas liat wah kok segitu nya, tapi pas liat di bandara masih nyorakin dan semangatin pemaen, tapi ngehujat si pelatihnya doang sih, wah apakah apakah wkwkk",0
"pemain sekelas son cuma dijadiin false nine tanpa dikasih masuk penetrasi dari sayap , cuma disuruh end pass , padahal kemampuan terbesar son itu sprint dan dribblingnya, ini cuma salah satu yg kelihatan",0
"15:30 jujur mas hansol waktu pertandingan ini aku lagi nobar sama suami, memang sayang banget son heung min malah ngga masuk starting 11 korea, dimasukkan di menit akhir bener-bener suruh ngejar point dan yang paling kerasa waktu son masuk permainan korea lebih menyerang dan menekan sayang banget kenapa ngga dari awal saja begini, soalnya bener-bener butuh point kalau ngga salah korea saat itu karena sudah kalah lawan meksiko sebelumya 😢",0
Pilih Lah Park Jing Sun Sebagai Pelatih Pasukan Bola Sepak Korean Selatan Untuk Akan Datang Ini....,0
"Kok ceritanya sama kyk Indonesia, mulai dari coach yg dicintai (STY) trus diganti ke Kluivert (sama2 plenger kyk Klinsmann) tapi indo beruntung karena setelah Kluivert indo dapet Herdman yg sejauh ini publik naruh harapan postitif ke dia",0
"Mau tanya sih katanya tahun 2002 di nilai sebagai piala dunia tercurang. Piala dunia di nilai hanya untuk tuan rumah Korea lah. Karena banyak keputusan wasit. Seperti pas lawan Portugal 2 pemain Portugal di kartu merah lah. Atau gol ke gawang Korea yang di batalkan (tidak sah) wasit karena alasan tidak masuk akal. Tanya aja, gua gak nonton waktu itu dan belum lahir juga😅 Cuma ada beberapa vidio yang membahas hal ini.",0
"Saya berharap HMB join ke Korut untuk menangani sepakbola Korut dan meloloskan mereka ke WC2030. HMB adalah legenda Korsel, tidak seharusnya rakyat Korsel sampai membenci HMB. Baru gagal lolos 32 besar WC2026 sampai dihujat sebegitu-nya. Kalo di Korut, sudah disanjung2 itu kalo sampai meloloskan Korut ke WC.",1
"Gak nyangka KFA ternyata sama Plengernya sama PSSI 😂 Gue juga kalo jd fans Timnas Korea pasti marah bgt sih, bukan cuma sama Pelatih tapi sama Federasinya juga 😌",1
Jgankan korea disininjuga dibenci sayang pelatih orang asking mulu wkwk,0
jadi kalo menang org korea ga bakal hujat? fans sepak bola macem apa wkwk,0
"Oh ternyata federasinya plenger jga, pantesan di ""sekya sekya in""😂😂",1
12:55 korsel gak lolos krn kalah adu pinalti vs indonesia asuhan STY,0
"Layak mendapat predikat ""negara ter rasis di bumi""",1
Sepertinya bukan di pelatih sih tapi sistem sepakbola yg brok brok sih akuin aja bre + orang Korea tuh kya suka komplen komplen mulu kaya bukan komplen yg membangun tapi ngerusak + media yg kaya kemaren ngegorengnya ampun dah .. Gua aja klau jadi warga sana jujur aga takut tekanan kaga ngotak jir padahal sistem sepakbola nya aja masih amburadul.,0
karena orang Korea rasis aja 😂,1
"Ga cuma KFA nya yg plenger, yg Korean Badminton Association nya juga plenger sampe juara dunia An Se Young speak up kannnn. Intinya problematikkkkk, mirip2 lah kek Konoha.",0
"Jangan² kalo tanding dg King Indo asuhan John Herdman, Korea juga bakal kalah😂😂😂😂😂😂😂",1
"​@frankie1098-v4r Woi jangan lupa waktu itu timnas u23 Indonesia lagi on fire salah satu generasi emas terkuat bos😂 gaya main + taktik bagus karena rata rata pemain nya itu udh main bareng dari lama dan masuk timnas senior😂 Tapi timnas Korea gaya main nya gak buruk banget kok Setelah sty dipecat, lalu u23 dipegang pelatih lain, justru taktik + gaya main u23 indo malah Menurun jadi jelek",0
"bedanya BKA sekarang udah mulai2 berbenah kak semenjak kim dong moon (mantan pemain korea) naik gantiin kim taek gyu (ketua BKA yang bermasalah sama ASY) sejak januari 2025. selama dia megang BKA, beberapa tuntutan yang disuarain sama ASY mulai dikabulin salah satunya soal sponsor pribadi. sekarang pemain korea kan gak semuanya pake raket yonex. ada yang stay pake yonex, ada yang pake victor, ada yang pake lining, dsb. ya meskipun masih banyak yang kurang2, at least udah mulai bergerak ke arah yang lebih baik lagi. harus diakui bahkan kim dong moon-nya sendiri ngomong dia butuh waktu buat benerin bobrok BKA karena apa yang disuarain sama ASY itu hasil kebobrokan di kepengurusan2 sebelumnya. trus sama mereka udah berani bawa pulang park joo bong yang egonya setinggi itu trus sempet ngeluarin statement kalo dia merasa dikecewain sama BKA, makanya dia bisa sukses besar di malaysia sama jepang. dan skala keribetan problem BKA pas itu gak sekompleks problem KFA karena petinggi2nya BKA yang lama adalah orang2 yang cuma mau cari untung aja tanpa mau denger sisi atlet nah KFA ini tuh gimana ya. masalah mereka tuh udah kelewat kompleks. korupsi, nepotisme, belom lagi pake kartu sakti FIFA meskipun udah sempet diselidikin sama kemenpora sana tahun 2024. belom lagi ketuanya itu konglomerat yang kalo sampe berurusan sama dia ribet urusannya. bahkan saking saktinya chung mong gyu, ketua KSOC (ryu seung min) sampe hati2 banget kalo udah ngomong soal KFA. jadinya ya performance mereka di pildun ini emang jadi impact bobroknya KFA ini terlepas mereka pas kualifikasi pun emang gak meyakinkan",0
"​ @SilverPeach yang kasus 2024 itu kak yang dia abis dapet emas OG. yang masalah pembullyan, sponsor, penanganan cedera. pokoknya yang sampe diusut sama kemenpora korea deh",0
"Hebatnya kekuatan warga korea itu hebat bisa menggulingkan instansi , sedangkan di konoha warga protes keras = di tangkap",0
"Sama kaya jerman juga, 2 pelatih terakhir rakyatnya juga udah expect bakal ga jauh jerman melaju. Bener aja lgsg di hujat skrg kan",0
Bahas kasus psikopat lgi oppa,0
KFA uanjeng,0
Menurut saya rakyat Korea gengsi nya tinggi .... Merasa lebih tinggi dan lebih hebat ... Jadi kalah itu memalukan Dari hasil tinggal 3 tahun di Korea .,0
Bener tuh artis aktornya pny gagal malah di hujat pdhl masalah sepele biasa di indo aja msh ksh dukungan kalo gagal lah ini disuruh mati di hujat ga di dukung makin depresi,0
"@Aa_Raph karena ini sudah budaya, setiap 4 tahun performa korsel kalo gak sesuai ekspektasi selalu di hujat habis lu kira kek STY itu Nepotisme? karena Eks[ektasi Fans Korsel juga yg ketinggian",1
"Ternyata salah satu penyebab Korea Selatan selalu ""struggle"" di edisi turnamen besar (Piala Dunia & Piala Asia) adalah sering gonta-ganti pelatih. Hal ini jelas berbeda dengan Jepang (JFA) dimana mereka masih memberi kepercayaan kepada Hajime Moriyasu sejak 2018 (artinya sudah 8 tahun) padahal secara prestasi Jepang minim trofi mayor. Mungkin argumen inilah yang membuat materi skuad, gaya permainan, dan konsistensi timnas Jepang jauh lebih stabil daripada Korsel yang rawan tergelincir karena umur kepelatihan cenderung singkat. Jepang fokus membangun jangka panjang, sedangkan Korsel mementingkan jangka pendek dan hasil instan.",0
"mas hansol, tlg bahas di shorts video aja boleh, yg konflik timnas korea vs wartawan korea dong (suara bocor pas lg nge julid)",0
"Sebenarnya Korea tu musti sadar diri klo negara mereka tu ga sebagus itu, masih kalah jauh klo dibandingin jepang, jadi menurutku agak lebay aja klo pelatih yg disalahin, pemain kayak son heung min terus hwang hee Chan udah lewat masa prime",0
Belajar lagi dari sejarah ketika Piala dunia 2002 Korea menyogok wasit hingga bisa sampai ke semifinal mengalahkan Italia. Karena hal itu banyak pemain asia berwajah Oriental yang sangat dibenci atau mengalami rasisme di Eropa Ingat ketika ada pemain Asia berwajah Oriental yang menjuarai Liga di klub Eropa pasti akan di lewatkan oleh kamera terutama di Liga Inggris.,1
"gagal masuk olimpiade, dan kalahnya sama siapa teman-teman???",0
"regardless from kasus rapist kemaren, JFA itu bisa dibilang totalitas banget ngurus sepakbola jepang. bayangkan aja mereka udah tau harus ngapa2in, punya roadmap yang jelas, dan nargetin untuk juara dunia di tahun 2050",0
"Kenapa gak masukin insiden mic jurnalis bocor ? Gw yakin itu pengaruhnya sangat besar karena respon federasi Korea yang cukup keras dan pasti di internal mereka sangat marah waktu itu. Meskipun gw ngikutin timnas Korea waktu pildun aja, gw teekesan lihat match pertama lawan Ceko, mainnya bagus banget sampe ngira bakal jadi kuda hitam. Tapi setelah insiden mic bocor, pemain kayak lemes gitu mainnya. Jadi menurut gw insiden bocor itu jadi sebab paling utama kegagalan Korea. Jurnalis yang harusnya dukung malah nyinyirin pemain timnasnya. Akhirnya mental pemain down.",0
"Tim Sepakbola dan Pelatihnya KorSel juga manusia biasa. Terkadang ada rasa lelah bukan karena porsi latihan atau pertandingan itu sendiri, tapi lebih karena tekanan publik dari warga KorSel yang berekspetasi terlalu tinggi. Timnas Indonesia selalu gagal lolos Piala Dunia kita mah wholes aja 😅. Ada kesal dikit, tapi ga sampai ancam bunuh pelatihnya. Karena kita jarang yang jadi PENJUDI TARUHAN SEPAKBOLA 😊",0
kok kasus paulo bento diganti jurgen klinsman rada mirip kasus di indo yg STY diganti patrick kluivert🤣 ET berguru ke KFA kh?🤣🤣🤣🤣 oh iya ada sedikit persamaan nih pelatih timnas korea ama indo : hong myungbo = indra sjafri (sama2 disukai federasi dan sering dijadikan opsi pelatih) paulo bento = shin tae young (sama2 pelatih bagus dan membawa progress baik bagi timnas tapi federasi tak suka) jurgen klinsman = patrick kluivert (sama2 pelatih buruk dipilih secara kontroversial dan akhirnya menghancurkan masing2 timnas),0
"yang geli tuh, waktu ada rumor Jens Castrop sengaja gak dimainkan dengan alasan gak masuk akal. dibilang Jens melakukan pelanggaran disiplin, cuma karena dia pakai sendal pas makan malam tim. cuma kayak gitu dicoret dari starting 11. padahal Jens main reguler di Bundesliga.",0
"padahal kalo pertandingan biasa seperti antar kota disana, keknya warga korsel nggak sebegitu antusias seperi nonton bisbol",0
Gw kira pssi doang yg plenger😭,1
"Sedih kalau kaya gini,karena ego seglintir orang. ""Merusak"" mimpi pemain dan warga negara nya,sangat di sayangkan",1
"Lagian diluar itu semua, publik korsel juga ekspektasinya ketinggian once ga kegapai nyalahin ini itu. Maaf siapa korsel dipanggung sepakbola dunia, kalo mereka gagal dipiala sekelas aff wajarlah publik mereka ngamuk sampai melempari telur busuk dll. Nah ini world cup, mau ngarep apa, Juara? Aduh duh duh… ok lah 2002 mereka bisa masuk 4 besar, tapi buat yang ngikutin turnamen itu pasti tau korsel byk diuntungkan karena status tuan rumah, italia, spanyol adalah korban2nya.",0
"dan aku baca netizen korea, yg liat negara mereka kalah sama indonesia di U23. ada yg bilang orang orang ini keluar negeri cuma buat ngabisin pajak kita. dalam hati ku, gilaa netijen korea kalo ngomong wkwkkwwk",0
"Semakin hari makin parah Fans Korsel disana, dulu Sty pas pulang dilepar telur busuk. skrng malah dihina-hina, dihujat-hujat juga. apalagi lihat streamer asli sono gilanya ngalahin orng indo.",1
kacau anjir,1
pas kemaren voli putra nya kalah di final warga korea pada ngamuk 😅,0
12:59 Korsel gagal masuk olympic gara2 kalah sama Indonesia wkwkwkwk sukurin.. Kagak dia bahas wkwkwk,1
Emang plenger kfa jauh banget sama jfa,1
"Mau siapapun pelatih lokal Korea misal ngelatih timnas korsel, jika gagal pasti akan di benci juga,itu SDM org2 Korea emang begitu,sty aja di lempar telur,masih beruntung itu pelatih Hong,Rasis di sana itu tinggi jd wajar wajar saja",1
njiiirr STY kena 2x di 2 negara yg sama plengernya....bisa gitu yaaah? 🤣,1
Njiiirr STY kena 2x di 2 negara yg sama plengernya....bisa gituh yaaa...🤣,1
"Rakyat korsel tidak tau diri emang kwalitas pemain ny sekelas pemain Europa , mikir mau di latih pep Guardiola juga kalo kwalitas ny ampas mah susah malah hujat pelatih ny. Harus ny pemain2 ny jga ikut di hujat emang Rasis aj warga sana",1
pelatih kok disalahkan pada dasarnya orang orang korea selatan goblok main bola wek wek wek,0
Yg salah itu rakyatnya yg dominan emang rasis dan maunya merasa ras paling unggul padahalnkebanyakan tukang bully,1
Warga sm federasi 11 12,0
Penggemar bola korea sama kfa nya sama2 plenger... ga ada yg lebih baik. Di kasih Pelatih kaya STY malah pengen Pelatih lainnya. Bukan sekali ini aja mrk ngemaki-maki timnas mrk.,1
Ternyata warga Korea sama berisik nya seperti warga indo😂,1
KOREA MASUK RANK 4 JUGA KARENA SUAP WASITNYA DI TAHUN 2002 🙂‍↔️,1
"Sesuai prediksi, warganya emang toxic. Plus u guys not that good in world football. Known your Place mate",1
Negara paling rasis dalam hal apapun adalah 🇰🇷,1
PADAHAL KOREA GAK MASUK GRUP SULIT 😂😂,1
Pdhl korsel ga masuk grub neraka wkwk,1
wahay warga Konoha..!! Klian kira asosiasi kita ja yg plongo..dengarkan baik2 sekelas Korea ja..blunder jg,0
"Masalah federasi setiap negara hampir sama cuman ada yang ketara dan ada yang tertutupi , masalahnya publik korea selalu menghujat dan membuang orang yang mengecewakan mereka cenderung tidak menghargai tanpa melihat kerja keras dan kontribusi orang tersebut contoh Sty dia di buang di cemooh samoai dilempari telur busuk beda halnya saat di indo walaupun juga di buang tapi bukan sama publik tapi sama pihak tertentu saja makanya dia tidak sepenuhnya putus dengan sepak bola indo.",0
"Bento > Klinsman STY > PK Ternyata kita udah setara sama Korsel, woy. KFA n PSSI sama plengernya🤣",1
Menang di puji kalah dibenci..orang korea gk beda jauh dg orang indonesia cuma bedanya indonesia masih miskin.,1
"tapi sumpah, liat squad Korea itu saya berekspektasi lebih, minimal 16 besar. Sempet bingung juga kena mainnya jelek banget, ternyata faktor pelatih.",0
Wkwkwk Kasus Klinsmann sama aja dengan Kluivert sama2 Striker top punya nama besar sebagai pemain tp sebagai pelatih kurang. Ga beda jauh sih tp Netizen Korea kelewat sadis kalo Bully 😔,1
"5:52 gk aneh sih bang, di suatu negara aja Tim Nasional-nya dari minus, cara tendang bola aja masih diajarin ama coach STY, dibenerin sampai Tim Nasional-nya punya harapan buat lolos worldcup, eh federasi-nya kocak malah degarin handuk yg bisa berbicara, warganya juga banyak yg lebih suka dengarin apa kata handuk dari pada buka mata lihat hasil Tim Nasional-nya yg dilatih oleh pelatih yg punya pengalaman main di worldcup🤣",0
"Resiko jadi pelatih kalah kalah dihujat, kalau menang disanjung sanjung kasihan donk",0
Wajar negara rasis,1
"GARA2 BACOTAN SI PATKAY TOWEL & ARYA SI GILA... DI GANTI DENGAN ""TIM KEPELATIHAN TERBAIK, LONDO IRENG PLENGER PLANGA PLONGO!!!",1
Korsel negara rasis,0
"Jangankan Warga Korea, mngkin orang2 luar negeri kalau melihat line squad timnas juga beranggapan timnya akan sangat kuat dan berhasil di pildun rata2 pemain timnas Korea yg bagus2 itu udah berkarir melanglang buana di eropa apalagi son Heung min",0
Negara ini rasis. Tak menghargai jerih payah orang lain pula. Perfect,1
"kyk si eric plenger tiba"" pecat sty ganti patrick star",1
Intiny..jgn sampe diancam dibunuh lah .ga masuk piala dunia..ga masuk neraka juga hehe..sampe segituny... Tp lupa ya korsel masalah agama ga percaya...kalah menang takdir...,1
"Ternyata di semua sepakbola pasti ada mafia nya.. kita tau bgt rasanya kecewa,sama seperti warga Indonesia yg kecewa ketika pssi memilih patrick kluivert yg bnr” 0 strategi.",1
Korsel 2024 ga masuk olympiade di kalahin siapa tuch 😂🎉,1
Mas hansol ga nyebut yg gagalin korea masuk Olympic itu Timnas STY 😂,1
"Ohhh ternyata gituu,tiwass aku wis neg thing ama warga2 korea loh soll,maaf ya🙏🙏",0
"semua federasi pasti ada buruknya, yang taukan cuma warganya, masak warga luar tau keburukan federasi lain",0
Saya pernah patah hati pas pelatih shin di pecat. Bahkan sampai sekarang. Ternyata di Korea hampir sama yah kasusnya. Btw Korea gagal ke olimpiade gegara kalah sama Indonesia kan mas Hansol.,0
"​ @bersemi4318 gpp bang buat hiburan aja,biar kita ada temennya,kasusnya mirip banget kan?😂😂😂",0
Termasuk militan juga penikmat bola di korsel,1
padahal sudah memilih Paulo Bento yang memiliki chemistry bagus dan keren. eh tidak diperpanjang sama KFA dan terus gonta ganti Coachnya :(,0
"Gw ngk terlalu ngefans sama korea soalnya terlalu rasis, mengangap dirinya ras terbaik Asia, tdk menghargai perjuangan teman2 mereka.. tdk mengeneralisis tapi mayoritas bg2..",1
sty sebagus itu aja dibuang sama 2 negara sekaligus. plenger juga negaranyaa,1
"Sorry cara penyampaiannya kali ini jelek mas sampean, soalnya terlalu berekspektasi tinggi terhadap orang, lebih ke kurang netral cara penyampaiannya sampean, terus cara melatih orang beda beda, simpelnya kebanyakan orang korsel terlalu sering lempar emosi kepada orang jika orang itu salah meskipun sebenarnya bukan salah dia sepenuhnya, meskipun bukan semua orang cuma banyak aja, 🙏 maaf kalo pendapat ini bakal nyinggung perseorangan ada kelompok",0
"korea selatan di piala dunia 2002 bisa masuk 4besar karena ""Skandal""😅😅 orang diluar korsel pasti tau betapa menjijikannya mereka saat itu😂",0
Jepang bisa lolos 16 besar dgn pelatih lokall terbukti loh 3 kali mungkin ini buat warga korsel cemburu yaa mungkin,0
Paling tukang bully dan rasis.,1
Korea harus belajar ke Federasi tanjung Verde bang 😂😂,1
"Bang gimana komentarnya warga korsel, saat skandal suap piala dunia 2002 ? Marah atau seneng ? 😂 Kalok gak nyuap gak mungkin korsel lolos semi final 😂😂😂😂😂😂",0
Gak heran NEGARA TER RASIS DI DUNIA,1
Saya Lagi Menunggu ADEGAN PELEMPARAN TELUR BUSUK Terulang Kembali Bang 🤣🤣🤣 Jadi Ingat Kisah Nya COACH SHIN TAE YONG Di Piala Dunia 2018 Rusia Setelah Kalah 2 Pertandingan Awal Dan Hanya Menang Melawan Jerman Di Match Ke 3 Grub Tsb 🙏🙏🙏 ALHASIL SHIN TAE YONG Di Lempari Telur BUSUK Dari SUPPORTER TAEGUK WARRIOR 🤣🤣🤣,1
"Paling nggak Korea kalahnya di arena pildun..... Nggak seperti kita yg mau aja di ayam2in si kumpeni hitam, Patrick Kampret, cuma di kualifikasi round 4 pildun 2026.......",1
KORSEL masuk semifinal piala dunia 2002 bnyak skandal ya gol italia dan spanyol bnyak yg tidak di sahkan 😅,0
"Timnas Indonesia tidak boleh menang dan maju sama mafia, ketika timnas Indonesia lebih maju dan menangan dibawah coach STY otomatis StY dibenci sama Mafia, gimana caranya STY out.. contohnya bung Handuk paling vokal nyerang STY...dan ketika STY tiba tiba dipecat PSSI..dan diganti dgn tim kepelatihan terbaik ( katanya) si Bintang Laut and the gank.. Hancur total Timnas Indonesia.... Mafia otomatis seneng....😂",1
"​ @ibnubahrowi1988 Penjilat pntat mafia bola. Di latih sty : vs Arab menang 2-0 Di latih sty : indonesia memiliki progress yg meningkat. Indonesia bahkan memiliki peluang lolos QWC. Tidak dilatih sty (dilatih pelatih yg katanya si paling eropa, si paling mengerti pemain dr belanda): Kalah 2-3 dari Arab Saudi. Tidak lolos.",1
"Gila ya orang udah pada sok tahu tentang takdir STY 😂😂😂 Padahal STY sendiri bersyukur diganti.. Kalo nggak, kegagalannya membawa Indonesia masuk babak 4 kualifikasi bisa2 dihujat seumur hidup.. bahkan nggak ada cerita sekarang dipilih oleh klub di Indonesia dgn gaji fantastik..",1
​ @uSamah63 statement paling gila,0
"Juara aff aja gak mampu,gak ada hebat nya sty yg kau jilat saban hari itu..karna penjilat Iq 78 inilah Dia angkuh.belajar bahasa Indo gak mau, diajak makan makanan indonesia sama ET nolak, mau nya makanan korea aja.setelah dipecat baru sadar, wara wiri mulu di Indo gak mau balik ke negara nya karena disini banyak penjilat nya.",1
Lugu amat lu .. belajar dulu biar gak oon dan tolol 😂😂,1
"12:55 Tebak timnas mana yg menjatuhkan Korea dari kans masuk Olimpiade waktu itu, gak lain Timnas Indonesia dibawah Shin Tae-yong. Hasil dari penalti sih tapi, ya....",0
"federasi plenger, ada tuh milih pelatih gara gara cuma dia yg mau interview waktu lagi natal 😂",0
"Knet memang terlalu tinggi obsesinya dan sifat rasisnya terlalu kuat menang kalah dlm pertandingan itu uda biasa,",0
"Soal hujat menghujat emang disana pusatnya rasisme dan sebagainya, bahkan ke sesama satu ras Asian. Tapi ketika dihujat dan dirasisin eropa merasa playing victim",0
"Rasis, diskriminatif, merasa superior dan gak boleh kalah, anehnya warga konoha banyak yg korea wannabe",1
Kocak banyak netizen dan pundit bola yang malah bully warga korsel dan heran knp presiden korsel karena gak menghargai pelatih nya dan mau di periksa tanpa tau akar masalah knp dia di benci,0
"Sebenernya selama tiap kalah respon masyarakat se horror itu, ya pelatih dan pemainga akan leluasa pasti otaknya kebagi sama banyak pikiran . Mau sebagus apapun pelatihnya ga akan works . 😊😊",1
"Emang negaranya rasis atheis, tidak bisa menerima kekalahan dan mereka kira korea bangsa yang besar padahal banyak takutnya 😂",1
"Korea waktu lawan Ceko menurut saya mainnya bagus. Mereka mampu menguasai bola, tetapi finishingnya jelek. Salah satu faktornya karena Son Heung-min sudah tidak segacor dulu akibat faktor usia. Ranking FIFA Korea memang tinggi karena mereka bermain di zona Asia. Coba saja kalau mereka berada di Eropa, mungkin mereka akan lebih sering kalah karena persaingannya jauh lebih berat. Rata-rata pemain Korea juga bermain di klub-klub Eropa yang bukan termasuk klub besar, tetapi ekspektasi masyarakat Korea terlalu tinggi. Korea levelnya masih jauh, ranking FIFA itu hanya angka, bro. Expetasi kalian terlalu tinggi tapi kalian tidak sadar dengan kualitas pemain kalian.",0
"Waktu pertama kali lihat video nya pas di tiktok kek ""apaan sih lebay bgt, kalah aja sampe segitunya.. jahat bgt si, kasian pelatihnya anjir"" Tapi pas mendengar cerita selengkapnya jadi faham kenapa warga korea sangat marah dan bener kata mas hansol bukan berarti tindakan mereka itu benar ya. Betapa kecewanya.. Waktu itu timnas Indonesia juga mengalami hal yg sama dan rasanya behhh sakit bett (makanya relet dan ikut merasakan juga rasanya) Ya semoga Timnas Indonesia dan Timnas Korea kedepannya bisa jadi lebih bersinar lagi❤",0
"Intinya federasi korea-indonesia sama, sama sama ga punya otak, head to head lah federasi korea ama indo 😂😂😂",1
"Korean ama Indo mirip... Yang jago cuma 1-2 ( segelintir) pemain tapi ngira nya 11 pemain jago semuaaa... 😂 , dimana kelas 1 nya kita, kalo di bandingkan dengan negara veteran bola paling kita masuk kelas 3 na mereka... jadi secara kualitas juga uda beda.. over confident lahhh 😂😂😅",1
9:10 mirip ya kayak Indo. Pelatih yang hampir nyaris bawa ke world cup di pecat sepihak. Ternyata sama sama plenger😂😂😂😂,1
Mendingan liat sirkel tanjung vs Argentina 😂,1
Sepak bola Indonesia tidak akan pernah bisa masuk Piala Dunia. Wkwkwk,1
Ho Myung bo goblok juga kaya patrik,1
"Gk nyimak videonya??? Itu orang dulu pernah melatih Korea thn 2014 tapi gagal. Sekarang melatih lagi, gagal lagi. Gimana gk eneg warga Korea. Udah dijelaskan di video masak gk paham????",0
"Lu plenger pa gimane? Doain timnas cuk, bukan menghujat.",1
"FIFA udah rusak lebih focus k bisnis uang politik drpd hiburan yg harusny utk perdamaian. Mulai dr milking Messi - Ronaldo yg overated, pdhl banyak player yg bagus jd redup. Ikut ngurusin politik. & Banyak lg",1
"Mas bahas yang kasus di jepang, bunbun di freezer 15 tahun",0
"3 hari lalu, pagi menjelang siang suamiku tiba-tiba diare di kantor. aku suruh minum obat, udah mendingan. terus maghrib dia sampe rumah, hembusin nafas dari mulut di depanku sambil tanya, ""bau ga?"", aku jawab, ""engga, bau apa?"", terus dia cerita sorenya abis makan durian sama atasannya. aku kesel tuh, aku marahin, udah tau lagi diare malah makan durian. mana dia pake pamer makan duriannya mahal, jadi aku suruh dia diem soalnya masih kesel banget kan. abis itu diarenya kambuh lagi sampe tengah malem, perutnya kembung, setiap sendawa bau banget durian, diajak ke RS ga mau, akhirnya konsul sama dokter online. aku ga bisa tidur sampe jam 4 pagi. dan ternyataa, dia malemnya baru cerita kalo dia patungan buat beli durian itu, tambah ngamuklah aku. makan enak sama orang lain, aku yg repot sampe subuh",0
Mas update terbaru kasus Jang Yoon gi dong mas,0
"Aku pernah diare sampe pergi ke klinik waktu SMA, parah bgt sampe ga masuk sekolah dan turun berat badan",1
"Kalau lain kali kena lagi, makan pisang yang masih mentah mayan manjur.",0
"mas dan oppa itu panggilan yang sama, singkat aja panggil mas hansol",0
"Inget dalam sebuah hubungan toxic itu ada pihak yang jahat dan ada pihak yang bodoh, harusnya kalau udah tau orang itu berbahaya, jangan dilanjut, jangan denial",0
Bahas timnas korsel yg gagal pildun dan pelatih nya sampe pemainnya dihujat knetz bahkan sampai dilarang masuk toko bener gak mas?,0
"Harusnya yg d spil itu tersangkanya. Jangan korban Gila,, pas pendarahan dipake.. Pas mens aja sakit banget. Redflag banget nih cwo. Pantes di hukum m4ti tuh laki.",1
"Di Konoha kmren jga ada yg lg viral Banget ya Kasus Juvita , Cowok nya si Taufik Hidayat Psikopat",1
anjjj lah cowonya. gregetan sendiri. cewenya jg denial parah tingkat dewa,1
sepanjang dengar cerita ini kebayang ngiluunyaaa😭😭😭,0
"Bener banget, untung aku sudah putus. Mantanku kasar banget, aku gapernah di bentak di keluargaku bahkan main fisik pun gapernah, eh mantanku ini kalau marah ngebentak sambil nunjuk nunjuk terus ngelempar barang padahal karena dia salah yaitu selingkuh tapi marahnya gila, hampir aja aku yang kena lemparan barangnya, bahkan pernah mukul tembok terus kata katanya kasar. Aku putusin eh gaterima malah caci maki aku, terus ngirim video dia bugil pakai hp yang aku kasih pinjam ke dia, gila aku di lecehkan banget sampai trauma. Hpku ngga dikembalikan, masih untung dia ngga dihabisin sama papah ku",0
😢😢😢😢😢 buat para cewe diluar sana termasuk saya semoga selalu dilndungi dan diauhkan dari laki2 anomali kek gini kalau udah main tangan cepat lariiiiii sejauh mugkin,1
panjangin durasi detektif reomit plis suka bgt liat smbil makan >< 💕,1
bayangin lu abis vasektomi/abis sunat trs bini lu hyper. gila ga tu😂😂😂 makanya jd org jgn egois. HS itu harus sama2 enak bukan enak sendirian,1
"Kak mohon maaf nih ,, dulu di SMA pelajaran PPKN ada materi soal kode etik . Termasuk ini 🙏🏻 Jadi buka hanya di indonesia tapi disemua negara",0
Basically kasus kriminal yang udh sering kita dengar😅 Dengan variasi cerita mereka sendiri,1
"Masuknya kekerasan seksual sih ini. Dan iya, cewenya denial mungkin merasa cowonya bisa berubah setelah nikah. Tapi bukan salah cewenya ya anjir cowonya bisa aja manipulatif. Saran aja sih, kalo bisa “pelajaran yang bisa diambil”-nya ya JANGAN MEMBUNUH anjir. Ini malah ada yang nyalahin cewenya dari sesama cewe lagi..",1
"Jadi keinget kata mamahku wanita itu kalau terlalu cinta lelaki jadinya malah bego/bodoh, jadi lebih baik kitanya biasa aja cintanya cowok harus lebih besar! Yaa beginilah contohnya karna cinta nyawa melayang dengan alasan ah mungkin nanti berubah dll😢",0
"""Anehnya"" ? Kata gua teh ""Tololnya"" 🥲",1
"ini masuknya kekerasan seksual, harusnya korban kekerasan seksual tidak ditampilkan wajahnya. cmiiw",1
Menurut byk penelitian semua gender sama. Kalau cinta emang logika turun. Ga usah ngoceh seolah wanita yg ga masuk akal. Itu sangat merugikan wanita,1
Hmmm kayanya cewek maupun cowok kalo jatuh cinta ya sama2 jadi bego...,1
Mas Hansol kadang itu perempuan kalo lagi cinta sama laki kebangetan begonya. Jadi kalo yang nasibnya sial ya kaya gini sampe dia harus mati di tangan orang yang dari awal cuma manfaatin dia sebagai pemuas nafsunya tapi si cewe berfikir kami saling cinta. Aslinya cinta itu tidak menyakitkan. Jadi kalo dalam hubungan ada rasa sakit yang dirasakan berarti itu bukan cinta tapi salah satunya adalah korban!? 🙄,1
"Mirip2 kaya diinduksi sih saya mah kak :') dulu pas masih kerja ga ngerti kenapa sakitnya sesakit itu. Buat duduk aja ga bisa, tiduran guling-guling di kasur sampai tiap pms suka ijin sehari ga masuk kantor. Katanya lagi gladiresik biar kita familiar sama namanya pembukaan pas lahiran 😭",1
"@shiva-t5g gk semua rasa sakit pas haid itu karena ada masalah rahim . Saya udah cek dan semua okay gk ada masalah, dokternya menjelaskan lebih ke hormonal dan kondisi otot rahim saat haid itu berbeda, cuma mmg benar kalau sakit berkepanjangan biasanya ada masalah.",0
"Iya bner udh gila sih cowoknya, kayak gak ngerti ilmu sama sekali, ceweknya lagi habis operasi dan haid kok malah diajak gituan, gile gile, harusnya cowok gila ini periksa knp dia hypersex dan cari solusi ke dokter, kalo dibiarin ya gitu jadi gila",1
Kenapa sih ada manusia yang punya MINDSET CACAT begini? Apa pun kronologinya yang DISALAHKAN SELALU KORBAN.,1
"Mungkin kak org sekitar ngg sadar dan Kadang ada org yg merasa ""aku udah jelek/buruk, dia udah baik mau trima aku, siapa yg mau sama org kyk aku selain dia"" Beda lagi kak kalau org sekitar udah peringati tapi tetep di jalani, ya kapok salah sendiri",0
"Kasus kdrt, manipulatif kebanyakan ya si wanita yang kecintaan. Padahal seseorang melakukan kekerasan bukan yg tiba tiba, seperti emosional, tempramen dll. Makanya kalau sudah seperti ini jangan pernah Denial, apalagi kalau masih pacaran sudah banyak tanda tanda, karena kalau sampai menikah sudah pasti akan Jd lebih parah. Karena it memang karakter. Seperti kasus di Indonesia yg terjadi di bandung,di sekap selama 3thn, bukan tidak empati, faktanya korban seperti ini kebanyakan ya kecintaan, endingnya pasrah berharap akan berubah",1
singkat padat menutupi kemokondoannya wartawannya mantap wkwkw,0
"tpi btw, buat penilaian sekolah bagus itu setuju sih sama yg d korea. yg artinya bnyk alumni yg berhasil lulus / masuk univ yg bguss jugaa",0
Film seri Teach you lesson mirip sama Film seri Thailand Girl From Nowhere the reset hanya bedanya Nano di panggil korban untuk membalas dendam sama murid yang suka bully atau sok berkuasa. Silahkan nonton Film seri Thailand Girl From Nowhere The reset.,0
Fix arogansi anaknya Genetik dr orangtuanya. Nah lho gamblang banget bapaknya aja gak mau kalah sampai2 harus naik banding sebanyak itu . Dengan sendirinya dia memberitahu semua orang sifatnya dan keluarga kepada khalayak umum. Padahal cukup pindah ke sekolah lain.. terus fokus perbaiki anaknya supaya berubah lebih baik dan tidak melakukan kejadian berulang.. Hadeuhhhh,1
Sma indo jg bang...klo ortu y berkuasa....gengsi mengakui bhwa ank y berslh....dn seorng ank yg ortu y menjbt...berasa pling ats!!!! Tp klo ortu yg bs menundukkn kpla dn blng maaf tu bkn pngecut tp satria yg hrs mengakui sya mendidk y kurng tegs bgtu....tp tu jrang bgi yg beruang!!!!! Krna mrk gila hormat!!!!!!,1
Untung udah ada undang undang di Korea yang anak pembully gak bisa masuk univ manapun,1
"di JABAR, semua GURU sekarang di LINDUNGI sama Tim Hukum JABAR; di kasih KDM. Gak ada WALI MURID yang berani nge-bully GURU lagi. Bahkan, 3x di beritahu, jika muridnya masih BULLY. Boleh di TAMPAR; kalau nuntut; Tim Hukum JABAR langsung di depan, dan MURIDnya, gak akan bisa masuk NEGRI dan SWASTA yang di bawah JABAR.",1
"Disini jg sama pak, stasiun tv n koran2 sama2 mewakili setiap ""warna"" partai n politiknya 😅😅",1
katanya kalo punya record bullying nga bakal bisa masuk univ,0
Untung kawan sekolah aku anak org miskin semua JD gadak yg sok mantap wkwkwk,0
"Aku juga korban bully masuk univ swasta karena selama belajar nggak fokus di bully terus, sedangkan yang jadi pembully masuk unair, ub dan univ jatim yang lain. Rasa sakit masih kebawa sampai tua",0
"orangtua bodoh, anak nya pembully ga diperbaiki malah dimanja",1
"Sama Seperti di konoha banyak banget kasus seperti itu,",1
"Di indo kek nya banyak yg masih belum viral atau belum terungkap. Kalo beneran ada Komite kek bginian di indo, abis dah. apalagi yg kasus2 di universitas.",1
Paling gasuka sama orang yang seenaknya mentang mentang dia punya kuasa dan duit.,1
"Di Malaysia sekarang ada Akta anti bully 2026, pembuli di bawah umur bisa dikenanakan denda RM 250.000 sampai hukuman penjara, dan termasuk org tuanya juga bisa dihukum.",1
"Jd inget kasus di indo yg dulu dipukul anak pejabat sampe koma atau mati ya, lupa lagi.. emang seserem itu pembully dibawah kekuasaan ortu",1
Jadi inget kasus m*rio dandy & david ozora,0
bang hansol bahas kisah aslinya dari drama the kings warden dong,0
"Gila, ini bapaknya aja udah gak bener. Pantes aja anaknya kek gini.",1
"Babi teriak babi. Ini tipe bapak gagal banget. Anaknya jd sampah. Dan pasti tipe gini ini pengacara yg ngebelain penjahat. Hanya karena viral aja bisa minta maaf diakhir, cuma dimulut tapi ya. Viralin terus lah gini nih mumpung ketauan. Ga berhak mereka hidup normal setelah hancurin hidup orang lain.",1
Mantan suami dulu sempet kerja di kapal dan kaptennya org korea dia dan 4temennya dibully dan hampir di cekoki daging babi. Tiap hari dihina dengan kata2 binatang. Jadi jujur nggak kaget denger di korea banyak pembullyan dari masa muda sampek tua ternyata pembully,1
"Nonton teach you a lesson jujurly gak terlalu kaget sama kasusnya karna terlalu sering liat cerita detektif reomit sama drama lain kayaknya hehe, lebih ke puas karna satset kasih pelajaran ke yang salah 👌",1
"Seharusnya orang tua yg punya cita2 masuk politik harus ngedidik anaknya dg baik, karena kebanyakan orangtuanya jatuh gr2 tingkah anaknya sendiri. Tp susah sih,anak ga bakal bs tumbuh dg baik kalo dikasih makan uang panas trus. Tabur tuai..",1
Kak tolong bahas kasus pembunuhan di jepang yang diduga udah 15 tahun lalu itu kakk,0
"Najis bgt tipe ortu kaya gini. Biasanya ngaku2 gentle parenting padahal absent parenting, gak tau apa2 soal kelakuan anaknya di luar, mau salah atau bener pokoknya belain terus. Keliatan sih bukanya mendahulukan adab minta maaf malah nenggunakan kemampuannya untuk belain mati2an. menaruh ego di anaknya. Pure 🗑🚮",1
Kisah di drakor biasanya menceritakan kehidupan real yg seperti itu….parah yah kasus bully di Korea,0
ini mirip kasus eps 1 di tyal yakk:’),0
"kejadian ama anakku sblm lulusan SMA kmrn,udh main tangan,aku visum tp anakku blng jgn dl lapor,akhirnya guru dl yg bertindak,aku udh ngebacot jg di grop ortu tp tuh org tua anak itu gak ada minta maafnya. sampe acara pelepasanpun aku cari org tua anak itu tp gk ada,ktnya org kaya. bodo amat",0
Ayah tolol kebanyakan kasi anaknya makan duit haram 😂,1
"Bisa dilihat dari cara bapaknya menyikapi kasus anaknya yg tkg bully.. alasan kenapa anaknya kek gitu.. tentu salah asuhan. Bapaknya bkn fokus ngedidik anaknya biar tobat, malah menggunakan koneksi dan kekayaannya biar anaknya gak dikeluarin dr sekolah 🙄 No wonder anaknya kek gitu.",1
Keinget kasus mariodendi,1
😂😂😂 menyusah kan diri saja tolol ego tingi bapa nya pun sama ego tingi,1
LAH KATANYA UNIV KORSEL UDAH NERAPIN PENYELEKSIAN KETAT BUAT PARA PEMBULLY KOK TU ORANG BISA MASUK SNU?!,1
bapaknya najis bngt,1
"Lah di indonesia lebih gila malahan nggak cuma anak sekolah, batita (bayi tiga puluh tahunan) aja sampe dibela-belain bapaknya lewat paman sampe ubah undang-undang",0
Bang review kasus Yuvita dan Taufik Hidayat,0
"NGERTI HUKUM TAPI HANYA MENJADI TAMENG UNTUK DIRI SENDIRI,TANPA MAU MENYADARI BAHWA DIA BERSALAH,ORTU GILA...",1
"ini lah kenapa biasanya banyak korban bully menunggu dengan sabar sampai pelakunya naik ke tempat tinggi kemudian blow up masa lalu mereka, karena dengan begitu semua mata akan tertuju ke pelaku dan jatuhnya lebih sakit. Meski punya power tapi sentiment publik sangat penting di sana, jadi terkadang korban tidak lagi mengharapkan keadilan, tetapi hanya mengharapkan pelaku bisa menderita, bahkan hancur.. karena korban sekian lama ga pernah dapat keadilan tapi malah luka dan trauma mereka di anggap lebay, pencari perhatian, atau bahkan iri sama pelaku...",1
ironi bgt org yg suka bully masuk jurusan filsafat,0
Kok papa nya kok masih manjabat? Gak dpecat? Hhhhhh gak adil,1
"Bnyk kasus serupa,berharap ad badan lembga sperti teach u lesson..tp hnya d drama aja bnyk yg pro kontra. Apalgi klu bnr2 ad..psti bnyk yg mau recokin. pdhl d jamn kyk gini siswa2 tu bnyk yg udh d luar nalar",1
"GAK AH DI KOREA AJA KASUS PEMBULIAN PALING BANYAK, JANGAN SAMAIN INDONESIA KOCAK LU HANSOL EMANG AJA KORSEL NEGARA RASIS NGERASA PALING SEMPURNA. EH SEMPURNA KARNA OPLAS",1
fix anak dan ortu gila sih,0
Rada gila juga bapaknya...,0
pas aku nonton drakor ini. inget bngt mas hansol udh pernh nyeritain tentang guru yg gak bisa berbuat apa2 ibarat zaman dulu dipukul penggaris kayu panjang ank gk ngadu ke org tua tapi zaman skrng guru gabisa berkutik. tapi ada jugk guru yg dzolim sama murid,0
"Anak2 yg di manjakan sama orgtua akan berperilaku kaya gitu. Salah tp dibela. Akhirnya semena-mena sama org lain. Nol empati. Pdhl bapanya punya jabatan, malah semena-mena jg",1
"Masuk mas hansol😂 bully aja mas pemerintah Indonesia, saya suka ❤",0
"Hukum tabur tuai tuh beneran terjadi ya di Korea, hal yg sangat patut di apresiasi, kalo kejadian di Indonesia bisa dipastikan itu kasus bakal menguap, kecuali kasusnya parah banget sampe bikin orang cacat kayak anak orang pajak kemarin, kalo bully an yang ga sampe mengarah ke cacat fisik gak akan di ungkap, kalo pun diungkap bakal cepet banget damainya",0
"Waduh ngeri juga ya kalo mirip dgn kejadian nyata di korea..mulai dari perundungan dgn akibat meninggal bundir sampe guru2nya, korupsi yang mengakar juga dri mulai sekolahan sampe ke elit politiknya.. Alhamdullah gw ga pernah menjelek2an negara Indonesia yang dibilang negara korup lah apa lah.. Korea aja negara maju masih pusing dengan permasalahan mendasar ttg masalah hidup manusia, kita yang masih negara berkembang ko ya cuma bisa nyalah2in sana sini ga jelas, bukannya berubah dri masing2..ingat mw pemerintahan model apapun kalo masyarakatnya ga pernah mw berubah ya gitu2 aja.. Ane yakin dah 8 kli punya presiden permasalahannya ya gitu2 aja, bkn presidennya yang salah tapi masyarakatnya yang harus diganti!!!",1
"ini bapaknya sama aja malu""in dirinya sendiri. ngebawa kasus kesana kemari gada habisnya. sama aja ngasih tau ke seluruh dunia kalo anaknya ndablek 😭😭😭😭",1
Salah satunya adalah kasus David ozora versus penguasa Jaksel,0
Kasusnya nyata. . Na hwa jinnya yg ga nyata 😢,1
hansol kalo ngomong babi fasih banget wkwkwk,1
"kalo aku boleh cerita. ada temen smp aku YANG SEHARUSNYA DRI SMP AJA UDH DI DO, tapi dia skrng hidupnya enak bgt hingga dia menjabat jadi anggota dewan. dia pas smp kedapetan kasus yg lumayan besar, hingga salah satu dri yg ada di kasus tersebut harus keluar dri smp, TAPI DIA TDK HANYA DI SKORSING. HINGGA PAS MASUK SMA DIA DAFTAR SMA DAN MASUK KE SMA YG PALING TERNAMA DI KOTA AKU TINGGAL. karena ya dia punya backingan yg lumayan apalagi bapaknya terkenal. SMPE MASUK KULIAH PUN DI UNIV TERNAMA DI INDONESIA. HINGGA DETIK INI AKU BENCI, SEBEL. APALAGI KETIKA DIA MENCALONKAN JDI ANGGOTA DEWAN MUKA DIA TERPAMPANG DIMANA MANA. MAKANYA AKU SUKA KESEL KALO DENGER YG BEGINI",0
"Disini juga banyak, dulu kaka kelasku tukang bully bapaknya kapolres dan yah dia masuk PTN top kedokteran dan hidupnya baik-baik saja sedangkan korbannya hidupnya ga baik-baik saja",0
pantas anaknya bertingkah seenaknya... eh bapaknya anj bgt,0
Tidak ada anak nakal. Yang dimana2 kita jumpai adalah anak salah asuhan.,1
Mas Hansol ada lagi kelanjutan kasus Kim Soo-hyun bahas lagi dong mas,0
"Bahaya banget ya pembully bisa masuk univ 3 besar, dia akan merasa punya kekuasaan turunan dari bapak nya",0
mas hansol tolong bahas juga dong siswa dibawah umur yg naik mobil ugal2an. katanya ituu juga di angkat dari kisah nyata. dan ternyata di kisah nyatanya sampe ada korban meninggal yaitu mahasiswa yg lgi kerja part time jdi delivery😢 dan pelakunya dilindungi hukum karena masih dibawah umur😢 btw itu juga diangkat jadi kasus di drama teach you a lesson dan juvenile justice,0
"Klo kasus kek gini trjadi di indonesia mngkin udh abis dia dikuliti sama netizen indo. Foto dan biodata, aib2nya mungkin udh trsebar dan digoreng dimana mana",0
"Haahahaa.....bener bgt, gw benci bgt tuh kalo ngeliat ortu modelan begitu Soalnya gw tipikal yg kalo anak gw salah ya anak gw yg gw marahin, gw tegur, gw sidang",1
​ @icbm2-w5b bukannnn..kasus penganiayaan terhadap pasangamnya smp cacat nama sama profesi beda coi. Yg satu psikopat yg satu wamenenpora jelass ye😂,1
pantesan yg kena kasus bully pas sekolah bisa lgsg blacklist namanya dari pendaftaran univ top korea,0
"Sebenernya ""teach you A lesson"" itu di adaptasi dari manhwa "" true education"" kalo di Webtoon Indonesia namanya "" the real lesson "" . Emang di ambil dari masalah pendidikan di korsel . Kalau aku udah baca webtoonnya aku blm mau liat filmnya sebelum manhwanya tamat . Tp manhwa ini pernah haitus beberapa waktu bukan untuk season 2 , tp karna ada eps yang menceritakan orang kulit hitam yang kelakuannya di luar Nurul ( di anggap rasis dan eps ini langsung di hapus penulis dan si penulis minta maaf )",1
"Gimana anak bisa membedakan yg salah sama yg bener jika setiap melakukan kesalahan selalu dibela dan kasus selalu bisa dibeli orang tua pake uang.. Sehingga jika anak² itu jadi psycopat pun aku tidak akan pernah heran, Jika mereka membunuh orang tua merekapun mau ngomong apa kan mereka tidak tau mana salah mana bener, Menganggap semua kesalahan dan menyakiti orang lain adalah hal biasa saja..",1
Masalah sekolah bagus itu sebenernya sama mas hansol di Indonesia juga ada universitas unggulan dimana SMA yg di pilih bisa menentukan universitas mana yg kemungkinan besar bisa di masuki kelak,0
"Di Indo juga sama Mas Hansol, TV itu ada warna politiknya, tapi yang ytta ytta aja",1
Tapi pengadilan di SK masih mending sih bisa tetep berpihak pd korban pdhl ada bapaknya yg jaksa yg pasti punya pengaruh kuat. Buktinya banding brp kali tetep si korban dimenangin. Klo di Indonesia kasus model gini udh pasti anak jaksa bakal dimenangin. Inget kan kasus anak Rafael Alun yg mukulin sampe koma gara2 cewe? Itu kan dipenjara cuma main2 doang.,1
"guys kalian perhatiin polanya ya. mau indonesia ataupun korea.. anak anak yang jadi pelaku itu juga pasti di back up sama orang tua makanya gak ada kapoknya. semoga kita jadi orang tua yang bijaksana dan mawas diri. memang betul saat jadi orang tua.. kita tuh bisa sayang banget sama anak. dunia mau kita kasih. yang miskin aja mengusahakan yang terbaik, apalagi kaya dan punya kuasa. tapi perlu diingat.. karir orang tuanya, nama baik keluarganya akan selalu jadi tumbal dari kurang ajar anaknya. contoh aja, mario dandy. bukan cuma dia, papanya ikut keseret setelah kasusnya disorot. manjain anak itu pasti ada ganjarannya.",0
Jangan lupa baca webtoonnya juga . Lebih seru dan Mash lanjut ceritanya,0
dongo maka nya dengerin dongo..itu pelaku bully sampe kuliah ..bapak nya tetap menjabat ..emang pelaku langsung di penjara dongo lo..😡..di Indonesia bapak nya juga terseret ke penjara ..pelaku di hukum ga bebas sampai selesai sekolah dan bisa kuliah . dongo maka nya perhatiin kasus nya ..😡,1
sama aja bukti nya bapak nya juga di seret ke penjara ..di Indonesia pelaku di hukum lah itu pelaku bebas. pake otak lo biar ga dongo..😡..apa nya berpihak pada korban ..berpihak sama korban cuma main2..kasus ga pernah selesai sampe anak nya kuliah ..mending di Indonesia lah ..di rujak nitizen seindonesia..dari bapak nya sampe anak nya semua di buka..😡,1
"​ @nurlaela7554 lo yg dongo. Lihat kasusnya juga, tingkat keparahannya juga. Yg di video ini bully nya gak sampe fisik, gak sampe bikin cidera mak rmh sakit. Sedangkan kasus anaknya si Rafael Alun korbannya sampe koma, dan skrg cacat. Hukumannya cuma main2 bahkan harta bapaknya yg ketauan korupsi gila2an gak disita.",1
Ya contohnya si anak pajak makan uang haram aja jd otaknya gak da dipikir anak org gal berharga jg. Memtang2 kaya raya lagian kaya bpknya korup asli kesel. Contoh nyata diindonersia da lagi amak dpr bunuh pacarnya krn dimannja disnak eror,1
"Orang tua yg terlalu memanjakan anak, anak tdk diajarkan adab, tdk di ajarkan mnta maaf, selalu bela anak dll..SELAMAT ANDA SEDANG MEMBESARKAN SEORANG MONSTER.",1
Diluar negeri da didikan emak2 indonesia anaknya eror pdhl kaya taya bpknya anaknya dimanja sekali akhirnya bunug pacar ya. Kykx emak didika. Diindonesia eror,1
"Bener banget, bahkan orang2 yg biasa aja, bukan orang kaya ataupun punya kedudukan bisa menghasilkan anak yg nakal karena selalu dilindungi, kasus terbaru Taufik Hidayat yg nyiksa pacarnya, bahkan untuk contok kecil disekitar kita juga banyak, kaya anak kecil yg nakal ringan tapi terus dibela sama orangtuanya.",1
"Bahkan ada kasus yg sama kak. Kmren anak jaksa tukang bullying malah playing victim, kalo anaknya jd korban bully pdhal dia yg bully korban😅",0
"kayak kasus UI, baunya udah gak ada",1
"betul, tmn selasku aja dlu cwe suka dugem, ngepil di sekolah, ketahuan sekolah mau di keluarin si orang tua kekeh anaknya ga salah gamau di keluarin, si anak ga di marahin sama orng tuanya malah di bela mati2an smpe kepsek jg di marahin sama orangtuanya😂 tp akhirnya tetep keluar tu bocah, pindah di tmpt lain masih aja buat ulah tp beda kasus tp gatau lah pkoknya di sekolah lain masih buat kasus dia",1
@nurlaela7554 kak yang kamu liat kan cuma beberapa konten. ada juga kok kasus yang kena penjara. bukan berarti bebas semua. di indonesia juga kalo gak viral ya gak ada tindakan.,0
Sama bang…sekolah bagus di indo klo alumninya masuk sekolah/univ bagus dijenjang berikutnya,0
Selalu puas tiap kasus di teach you a lesson diselesaikan tapi ada rasa sedih krn ngerasa kasus2 di dunia nyata jarang yg berakhir happy ending kya di drama 😢,0
"​ @dwiwariyaniwee iya lagi, bener bgt",0
"Yg gw paling sebel adalah kasus cewek wkwkwk , sampe im han rim pengen ngebanting 😂",1
"Natya bilang sesi 1 sedih yg pas kakek, sama saya juga..tp ternyata si kakek impostor kesel juga seh wkwkkw 😅",1
Banyak kok series yg season 2 dan selanjutnya lebih bagus. Squid game ini menurut gua pribadi season 1 masterpiece tapi 2 apalagi 3 keliatan bgt milkingnya. Kebalikannya dari series terbaik sepanjang masa yaitu Game of Thrones. GOT season 1 ngantuk hahaha tpi 2-6 eskalasinya gokil makin bagus. Ini problemnya netflix sih karena sebenernya keliatan skrg mereka lebih ngejar kuantitas dibanding kualitas. Mentang mentang series asal korea banyak yg hit mereka banyakin tuh series korea. Tapi sayangnya kalo jatuhnya ada yg kayak squid game ini ya mau gamau harus di milking biar pendapatan nya bisa terus diputer danain series lain yg belum tentu balik modal. Tapi sekalinya hit kayak squid game lagi ya diputerin lagi. Mungkin ini bisnis yg cocok buat mereka karena konsumen bisa merasa worth dpt film atau series sebanyak itu padahal yg bagus gak banyak 😂,0
"aku sampe skip2 mulu tiap bule-nya ngomong, gara2 gak kuat cringe bgt anjir denger dialognya 🤕",0
Aku aja pas hyunju mati langsung ga lanjut nonton karena emg se freak itu,1
kak mungkin di video selanjut nya audio nya makin bagus dan gak ada ganguan yaa 😊,0
bahas 2 kasus di pakistan yg td kamu sebutin jg dong ci nattt,1
"Semudah itu memberikan penghargaan,penghargaan di indonesia ga bergengsi sama sekali",0
HATI HATI BISNIS DG INDIA. PENUH TIPUAN DAN SCAM.,1
Kucing gw kalau lagi birahi pasti meninggalkan rumah. Dua hari kemudian pasti pulang lagi dalam keadaan lesu dan tidur sepanjang hari,1
"Bentuk liga usia dini yang kompetitif tapi liga panjang bukan liga kaya kompetisi,,mungkin dari u17 n u 20 ,,",0
😂😂😂 senang nya minta ampun lihat anak cucu nya skrg jilat ludah nenek moyang mereka yang kata nya gagah berani melawan BELANDA skrg malah jilat ludah nenek moyang mereka sendiri 😂... SALAM DARI WEST PAPUA 😂,0
"Semoga amanah jd pelatih, jangan pernah menyogok ketika sudah jadi pelatih profesional. Jika, pemain tidak layak squadmu terus ada bayaran untuk masuk tim mu. Kamu harus menolak itu.",1
"Mungkin ini contoh titik awal dari PSSI . Semoga setiap cabang pssi daerah daerah provinsi lain harus bisa memberikan edukasi couching clinic agar setiap regenerasi slalu muncul bibit bibit baru dan jangan lupa infrastruktur yg memadai demi regenerasi yg berkelanjutan. JEPANG KUAT SEKARANG ITU BUKAN HASIL INSTAN, MEREKA LEBIH MEMIKIRKAN SAAT MEREKA DI BANTAI HABIS BRAZIL DI PIALA DUNIA KOREA-JEEPANG 2002 . SAYA PRIBADI MENYAKSIKAN LAGA PERTANDINGAN DI LAYAR TV SAAT BRAZIL MEMPORAKPORANDAKAN PASUKAN JEPANG DI BIKIN AYAM AYAMAN 😂😂",0
"lebih baik seperti ini lah, daripada pemain diaspora yang masih layak main di eropa malamemeilih melanjutkan karir di liga indonesia semangat untuk kalian saudara papua bawa nama indonesia terbang tinggi dari papua untuk indonesia.",0
Percuma kalo anak anak masih suka mabok2 wkwkwkw,1
AYO INDONESIA harus memiliki Jersey/Seragam/Kaos/Polo/Singlet/Baju/Tshirt/Kemeja/Sandhangan id kaos/Heyground kaos/Kemeja batik/Topi/Bucket hat/Beanie hat/Jaket/Sweater/Hoodie/Puffer jacket/Varsity jacket/Waterproof jacket/Celana/Pants/Celana trainning panjang/Sweatpants/Celana sport/Tas/Celana gombrong/Jeans/Celana kantor formal slimfit/Celana Jogger fleece/Celana cargo/Celana chinos/Koper/Sticker/Lamyard/Keychain/Hiasan dinding kamar/Tumbler/Cangkir kopi/Tas serut/Travel bag/Tas slempang/Totebag/Tas ransel/Card holder/Tas sekolah anak/Jam dinding/Dompet/Jam tangan/Kaca mata polarized/Tas slempang bahu/Photocard pemain/Custom notebook spiral logo timnas/Gelang logo timnas/Payung/sepatu/sneaker/sandal/Syal motto resmi timnas/Scarf/Aksesoris/Fashion/Outfit/Life style Paling Terbaik/menarik/Terkeren/Terikonik/Tergagah/modis/stylish/Terkece/Mengangkat Budaya/kearifan lokal INDONESIA. :),0
"timnas u17 sangat amat banget super jelekkkk sekali main nya, body balance jelek, umpan jelek, penguasaan bola jelek, dan kontrol bola jelek...... Tolong dong PSSI ini diperhatikan benar agar dirombak evaluasi besar"" an demi timnas Indonesia di masa depan..",0
timnas u17 sekarang sangat amat jelek buruk skali,0
Asik Anjay Boys😮😍,1
"Umur segitu sbnrnya terlambat si😊 harus nya mulai nya di erupa di berbagai akademi di luar Usia 3–5 Tahun (Fase Pengenalan): Anak mulai belajar menendang bola dan bersenang-senang tanpa kompetisi formal Usia 6–8 Tahun (Dasar-Dasar): Waktu ideal untuk mempelajari teknik dasar seperti kontrol bola, koordinasi, dan kerja sama tim dalam lingkungan yang santai . Usia 8–13 Tahun (Masa Emas / Golden Age): Dianggap sebagai waktu paling krusial untuk pengembangan keterampilan teknis yang lebih serius sebelum memasuki tahap kompetitif yang ketat . Usia 12 Tahun ke Atas (Kompetitif): Di banyak negara seperti Inggris, hasil pertandingan dan klasemen liga baru mulai dipublikasikan secara resmi pada kategori usia di bawah 12 tahun (U-12) Tapi oke lah untuk kita untung jg ada PSSI yg peduli ,mau gimana lagi setidaknya udh mulai di terapkan lagi untuk wanita semoga bibit"" ni yg akan bermain di liga wanita krna knp lambat Adain liga wanita ya platih kurang wasit kurang 😊SDM pemain nya kurang untuk wanita untuk yg senior yaa JD hanya ad bbrp tim yg siap mknya kmren di undur",0
Ashik host host Bronis dahnlengkap 4 org seru banget pa LG kak igun skrg tambah kurus cakep ganteng keren kak igun,0
Gerceeeep bangeet slm dr Malaysia Akhirnya K Igun di Brownis,1
"MasyaaAllah ,mertuanya kaya tpi bnyk sedekahnya,mas Danilnya soleh,laki2 bertanggung jwb",0
"Mertuanya yg kaya,banyak sawahnya...",1
"Salut,walaupun dpt mertua kaya tapi ttp jualan cilok.",1
"Yang harus di cari itu sebenarnya siapa mertua dari abang ini, Mertuanya pasti Rich Jawa timur",0
"​​​ @RizkiYogga tolong Jangan bu, saya berjanji tidak akan mengulangi kesalahan lagi...",0
Ndasmu ora ana otake!!!,1
Tobat kau R ..kau kemarin ikut nyindiri si S sekarang kau yg dihujat tunggu sj itu artis cewek yg sdh nyinyiri S tunggu kamu akan dapat KARMAnya dr Allah,0
Di cari... Orang se goblok2nya untuk menjadi Komisaris maupun dirut BUMN... Segera,1
"Bangunnnnn2 pak Prabowo..anda adalah Presiden Indonesia,masyarakat Pd ribut,kalo pak Prabowo gak dengar dan baca situasi,tolong orang2 dekatnya menyampaikan jd negara ini gak perlu kompetensi dan orang2 pintar ya pak Presiden. ,, bagi dan balas Budi ya pak .",1
"Boikot,tunggu mama dan mertuax jadi Mentri pemberdayaan perempuan😂",1
Gua drinawak tuh alay msuk pemerintahan ??? Wah wah bakal ancur nih negara ! DIAMPUT ! Kaya tp mkn pajak duit rakyat ! Tmpil di tv cm tameng bro!!!!!!! 😂😂😂😂😂😂😂😂👺🤡😡👎🤪,1
"Sudah pasang badan siap di buli, di hujat. Yang penting cuan Boss.",1
"Negara paling bangsat,dijabat oleh sebagian orang orang bangsat,rakyat jadi korban para para sebagian pejabat pejabat paling bangsat.",1
"Hancur negara ini, hrsnya kalau mjd komisaris hrs benar2 mumpuni betul, untuk masuk mjd pegawai BUMN aja tes kemampuannya sangat berat sekali. Kok yg jadi pejabat setingkat Komisaris dari ordal yg tdk punya kemampuan, seluruh keluarga atau orang dekat Raffi Ahmad tdk ada kemampuan apa2 kok bisa, bisa membahayakan dan merugikan negara",1
"Sudah tdk ada lagi NILAI² ETIKA, KESADARAN BERNEGARA JUGA TUJUAN BERNEGARA. YANG ADA BGMN MERAMPOK SDA NKRI JUGA UANG RAKYAT NKRI UTK DIBAGI-BAGI SECARA *KEKELUARGAAN DAN BERJAMAAH*😂😂😂😂😢😢😢😢😢 TUNGGULAH KEHAN CURAN SUATU NEGARA DENGAN PENEMPATAN MANUSIA² YG TIDAK KOMPETEN JUGA MUKA² BADAK YG BEGITU TAKABUR DAN SOMBONG DGN MENGANGKANGI SELURUH SUMBER DAYA DAN DANA NKRI UNTUK MANUSIA² YG DZALIM DAN TDK PUNYA TENGGANG RASA PADA RAKYAT INDONESIA SECARA MAYORITAS YG MENGAIS² REZEKI SEKADAR PENYUMPAL PERUT BUKAN UTK NAIK HAJI DAN UMRAH BERKALI-KALI JUGA BAGI² REZEKI RUMAH MEWAH + EMAS JUGA GAYA HEDONIS LAINNYA TANPA RASA SUNGKAN 😅😅😅😅😅😅😅😢😢😢😢😢😢😢r",1
"Boikot saja Rafi Ahmad, punya presiden tapi dungu, bobrok rezim saat ini",1
"Ada yg berprinsip, BODOH AMAT, BIAR ANJING MENGGONGGONG, KAFILAH BERLALU JALAN TERUS ❤👍💪😂",1
"Ada yg sadar bahwa SiIKON Indonesia sekarang ini, akibat karma Reformasi, dulu Presiden RI. Bpk. Suharto didemo di seluruh pelosok Indonesi utk lengser dgn tuduhan KKN, nah sekarang, apa yg terjadi di seluruh pelosok Indonesia?, KKN merajalelah, BAGUUUS ❤👍💪😂",1
Satu org lagi pengasuh pengasuh anaknya lala..jd pjbt BGN,1
Lama2.. negara ini pejabatnya seperti sinetron penuh drama.. memalukan.. hedeuuhh..🤮🤮,1
"Mentang2 Dekat dgn Penguasa Rafi pake Aji Mumpung, Semua keluarganya dan teman dekat di masuk2in Kerja di pemerintahan, Pantas orang pinter tersingkir... Jiiiing😂😂😂",1
masuk akal orang bodo di kasi kursi komisaris,1
"Hebat meracuni cara berpikir anak2 muda,tampilkan sosok anak muda utk cawapres pada pemilu th.2024,tapi pada prakteknya yg memimpin bukan anak2 muda yg punya kompetensi tapi yg punya koneksi",0
Raffi ni otaknya dimana ya. Kok goblok sih...😮😢,1
Emang bangsat semua pejabat pejabat Indonesia,1
Si RAFI emang GILA gila nya kabina bina ( dia tau tuh arti nya),1
Datengin saja rumahnya rame2 sampa Raffi berjanji untuk dibatalkan menempatkan assisten pribadinya di Krakatau steel sebagai komisaris! Tapi ingat jangan sampai kalian menyakiti anak2nya karena mereka tidak bersalah!,0
"Sangat sedih dg kondisi negara kita saat ini. Banyak yg sdh tdk sesuai dg aturan yg sehrsnnya. Untuk jabatan penting dipemerintahan diisi oleh orang2 yg tdk jelas kompetensinya, sedangkan untuk di bawah (rakyat) terlalu banyak syaratnya yg tdk masuk akal.",0
"Orang pintar dan orang hebat itu ngk bakalan mau bekerja di pemerintahan ,karna sudah banyak contoh yg masuk penjara disetiing penguasa,kalo modelan Raffi Ahmad asistennya mau banget jadi komisaris nanti ujung ujungnya ikut-ikutan korupsi bulannya mengawasi dia malah ikut ikut nanti korupsi dan episode terakhirnya dijadiin timbal dan dipenjara,kita tunggu aja hasil kinerjanya 😮😮😮",1
Negara gila.dipimpin orang gila.gatau malu lo Raffi.enak bgt lo kel lo semua.pendidikan ga jls,1
Emang kebangetan si rafi gak ada otak,1
Sebentar lagi ibunya dan ibu mertuanya bakal jadi pejabat,0
"Para pemimpin Indonesia itu pada sibuk mengurusi mencari aman KOROPSI nya masing-masing, besok -besok tukang sapu nya Rafi Ahmad bisa jadi direktur pemerintah masa bodoh.",1
Lanjut bongkar bu Lita 👍👍👍👍👍👍,1
"Untuk pemerintah jangan di pakai artis"" untuk masuk di pemerintahan...bangsat semua para pejabat""",1
Otak sapa yg ada gangguan,1
"Rafi semua sdr nya masuk pemerintahan, kan betul ga usah sekolah tinggi2 bisa JD pejabat, rafi2 elu pintar menjilat, untung gua ga nyoblos no 02",1
Gak kaget.di pabrik aja punya paman jadi personalia langsung masuk gaji diatas yg lama.indonesia akan segera kiyamat,0
Mana mngkn si sultan agung raffi ahmad punya kasus entah apa itu kasusnya gk akan di tindak krn bekingan orang22 dlm yakni keluarga jokowi n prabowo,1
"Memalukan pemerintah negara ini ...!!! Lihat saja video itu ... Dan ini ... 10 + 2 = 13. Kata orang angka 13 sial ya? Sial memang, bisa2nya 10 + 2 = 13. Oh ya... Tak beri bonus ... 2 + 8 = 11. Oooalahhh... Sayang ya, dulu gak ada MBG, sehingga murid2 bisa jadi kurang gizi otak Sial banget mendengarnya. 😡😡 6:10",1
"Rafi Ahmad cuma menang uang saja Tapi dia tidak punya otak,karna dia gak ada pendidikan.Ayooooo bgs Indonesia,,,jngan diam saja.Gempur itu si Rafi Ahmad.Jngan biar kan sperti Rafi Ahmad meraja Lela di negri Indonesia tercinta ini.Gempur Rafi Ahmad.",1
"Sama aja lah dengan pemimpin negeri udah goblok, negara kkn yah di design seperti itu lah kecuali lo semua menshutdown negara ini meneplakan pemerintah ini tanpa terkecuali semuanya ganti yg baru. Jadi ketahuan siapa yg ahli dansiapa yg asal asalan ya kayak gini.",1
Setuju dengn dr Litha lanjut bu Litha.,0
"Semua. Yg di angkat. Komisaris. Dan susunan amburadul itu. Untuk. Menutupi. Agenda misi besar rekayasa. Dokumen palsu. Ini sudah di seting semua. Dengan kejahatan rahasia bdokumennpalsu maka di negrinini. Yg dinpilih orang orang yg tidak kompetensi. Sopir pribadi bisa jadi komisaris. Jangan jangan. Haya untuk titipan. Gudang. Pencucian uang. Negara yg dibtutipannke. Orang orangnnya Jokowi. Dan ini dinkendalikan oleh . Adannya. Agenda. Misi besar. Rekayasa dokumen palsu. Yg tujuannya. Untuk. Mengaburkan kasus kasus. Yg. Mega koruptor. Yg di lakukan. Elite politik dsn oligarki dan mafia mafia biar kabur kasusnnya msks di buatlah agenda besar breksyasa. Yg di ulur ulur dari. 2005 yg melibatkan time time geng solo dan merupakan penghianatan. Ke 2 sesudah. Penghianatan G. ,30 S. PKI . INI dengan alat dokumen palsu yg mainkan dan Negri bangsa rakyat ini .sedang di jajah dengan. Sekenerio agenda. MISI. Yg BESAR REKAYASA DATA PALSU. RAHASIA NEGARA. IJAZAH PALSU. yg telah di siapkan dalam MISI BESARNNYA yg di siapkan. Maka yg di KUP dan di gegam oleh. MISI BESAR INI. adalah 1.di siapkan. di 2005 IJAZAH palsu( rekayasa menuju RI 1 yg di. Pegang dsn di dsnsi. Dengan. Dana haram adalah. KPU KPK MK. Semua di lemahkan oleh agenda besar misinya 2.YG DI KUP 3 Lembaga tertinggi kekuasaan. YUDIKATIP( MK KEJKSAAN hakim jaksa angung MA MK 3.SEKENERIO REKAYASA PENGALIHAN. ISU dan mengalihkan suasana. Ini taktik pki mengekup( mengekrut par. buZer .para pemuja. Yg sesuai. Misi besar nya . 4.yg di kup LEBAGA LEGISLATIP DPR. MPR nya.karena. Apapun akan lewat UU di legislatip. Yg. Bisa di kendalikan MISI BESAR NYA 5.YG DI KUP EXSEKUTIP.INI YG HARUS DI PEGANG OLEH MISI BESARNNYA OLEH RENCANA AGENDANNYA 6.MISI BESAR YG SUDAH DI TEKEN SUDAH ADA PERJANJIAN NYA .MAKA TETJADILAH. HUKUM TAK ADIL .UU DI UBAH UBAH KEBIJAKAN. Di ubah ubah dan di utak utik UNTUK kepentingan PARA OLIGATKI dan mafia. Mitra nya oligarkiKAPITALIS. YG Mendorong.dan para pefitnah para memecah belah adau damba dan bikin GANDUH. Umat beragama. Pembuat narasi agama yg di. Ucapkan ADE. ARMANDO DAN SILFITER SEBAGAI PEFITNAH DAN LSI. SEBAGAI PENGGERAK OPINI. Yg di rekrut. Qodari yg dapat hadiyah di bebaskan ilegal koruptor dll tambang komisaris dan Ade Armando dan DI PIARA. BIAR MISI BESARNNYA REKAYASA. BERJLAN SAMPAI 2045 INI TARGETNNYA. DAN. OLIGARKI.mafia Para. Piaraan yg di rekrut MEMAKSAKAN. FUFUFAFA TETAP Harus MENJADI PENERUS. MISI dokumen palsu BESARNNYA reksyasanya WALAU Dengam memainkan KPU KPK mk DENGAN CARA APAPUN.dengan jalan haram dengan menjjah UU KPU menjjah UU konstitusi. Menjjah UU KPK menjjah UU ASN akademisi di hapus. menggakat orangborang yg tidak. Berkooetensi. Sesuai ahlinya karena. Haya. Untuk sebagai. Gudang oeniyiyian pencucian uang negara dari hasil korupsi Bancakan makan mengambil para artis pilihan dan. Sopir pribadi. .pemilihan yg amburadul ini sudah si seting oleh .agenda misi besar rahasia negara. Dokumen palsu",1
lah rafi sok jadi palawan penjilat pemrintah,1
Di Indonesia sudah biasa ....kalau saudaranya jadi pejabat ya..keluarga yg lain bIsa MASUK 😅😅😅 itulah Indonesiaku,1
"Kenapa orang"" yg di atas pada bungkam semua....bener"" gila negara di jadikan mainan para makhluk"" yg serakah...",1
Alhamdulillah madih ada orang yg pedulu termasukbsk lita,0
Mudah banget ya artis2 sekarang menjadi pejabat. D Indonesia Iki seolah2 sdh kekurangan orang pinter berkuwalitas. Sampai2 status artis yang sdh bergelimang harta masih terus berburu menumpuk harta dengan merambah ke dunia politik. Sedangkan kompetensinya blm tentu bagus belum tentu sesuai dengan bidang kepemerintahan. Janji terkenal saja bisa langsung duduk d kursi pemerintahan.,1
"gakheran Konoha,semua kacau,lain kali jangan hina Malaysia,Malaysia gak gitu Malaysia bagus ,konohak konohak ada ajar gebrakanya",1
"Tunggu kede Rafatar ,Rayanja dan anak angkatnys",1
Kerja di pabrik aj ada test ini itu. Masuk PNS pun pake test ono ini...itupun gk lolos. La ini asal comot jd komisaris.... Yg salah yg ngangkat atow siapa nih.... Aneh negeriku ini,1
"ini harus di usut ,ini sudah termasuk KKN. di negara ini. !!!!!! 🇮🇩🇮🇩🇮🇩",1
"pantesan negara ini terus terusan BODOH, GOUBLOG dan DUNGU, ternyata bos bos PEJABAT PEJABAT negara isi nya manusia manusia seperti ini, ujung ujungnya KORUPSI. !!!!!!! 🇮🇩🇮🇩🇮🇩",1
​ @corshotlovers tunggu azab allah kan tiba bg orang²yg tdk amanah munafik serakah tunggu yaah🙏🏻,0
"​ @karsiyemkarsiyem4301 Nglawakpun ga lucu masih lucuan anwar,sinetron biasa' sja, presenter biasa' sja,usaha biasa' saja bhkn bnyk yng gulung tikar, tapi tenang' say.ung' ngalir sepanjang masa dri berbagi sumber mata' aliran 😂,.",0
Lama Lama Rafi akhmad alayyyyyy Dia bisa masuk pemerintahan karena Rafi punya duit ajaaaa Coba Rafi ga punya duittt Ga mungkin bisa gabung prabowo,1
Memang wajarlah kalau kena boikot dsr termul.( dia Khan pengasuh dan pelayan anak2nya Mulyono ).,1
​ @ZetiNurlaila Bagi mu siapa lagi... Prabowo yg punyà authority penuh... Sekarang ini.... Kalau nggk mau di cerca masyarakat kau kasih tau tuan mu,1
Percuma kalian sekolah tinggi-tinggi orang tua yang ekonominya menegah kebawah banting tulang berjuang banyak biaya hanya untuk anak nya bisa sukses. sedangkan masuk kerja hanya butuh ORDAL (orang dalam) doang 😢😢😢,0
Kabinet terbanyak dan tergoblok semua Sepanjang sejarah khonoha atau soul of sosaity,1
"Gila ya negara konoha ini, si Rafi ini adik perempuan nya, adik ipar, kk ipar dan seterus nya dijadikan pejabat memang edan konoha ini, si Rafi ini jg lulusan apa sih? Sarjana apa? Gampang amat keluarga si Rafi pd jd pejabat,,,,sementara banyak sarjana"" S 1, S 2, S 3, nyari kerja di konoha ini suusaaaah banget. Biadab memang keluarga besar si Rafi ini....Mari seluruh rakyat berdoa memohon kpd yg maha kuasa Allah SWA, agar keluarga besar si Rafi mendapat hukuman yg se berat"" nya atas ke dzaliman nya. Hai keluarga tamak, rakus, serakah kalian hrs ingat yah bahwa adzab dan laknat Allah itu maha dasyat, dan satu saat nanti dgn berjalan nya waktu lambat laun akan kalian nikmati adzab dan laknat Allah ini krn Allah tdk tidur, Allah maha mengetahui maha besar maha benar dgn segala firman nya 🤲🤲🤲...Segera tunjuk kan kuasa mu ya Allah.",0
Rakus bngt horeng kaye mkh kaye sak anak cucucicitnya sekalian sj mertua ibu keponakan jdkan pejabat Biar negara berasa milik klrg bsr Ra..Astofirllohhhhhh..,0
"Alhamdulillah dr dlu ga pernah suka ap lg fans sm raffi & keluarga ny, Nepal kan tuh si raffi non skill malah masuk pemerintahan!!!",1
Rafi itu cuma kaya doang cerdas mah kagak😂 kagak ada otak,1
Hanya Emak dan Mertuanya yg blm dapat jabatan.. mungkin masih malu² soalnya kliataaan banget,1
"❤🇲🇨 YA ALLAH LINDUNGILAH BANGSA INI DARI KEJAHATAN DOSA/KEBODOHAN, Sdr RH YANG TIDAK DISADARINYA.! LENYAPKANLAH SEGERA ""KEZALIMAN sdr RH INI""..AMIIN..! ❤🇲🇨🤲",1
Jangankan pegawae bantuan ajaklo ga dekat sama RT ga dapet walao pun lasia ga makan ga dapetklo ga dekat SMA rt,1
"Si Rafi Ahmad bukan orang intelektual dia cuma punya duit,ko bisa jadi pejabat,keluarganya di borong jadi pegawai semua aneh Indonesia tercinta ini",1
​ @MardianaSudahada 🤣🤣🤣🤣🤣👍👍👍👍👍👍,1
"Para pemuja keluarga si raffi kok gak ada yang nongol ngebela???😂😂sungguh miris yang kalian puja2 ternyata keluarga gila harta&jabatan,dasar para sdm jongkok,miris sumpah!",0
Karna pintar dia JD komisaris. Dia ad kelebihan JD goblok g ush d protes. Makay JD pintar jangan bodoh klu mau maju. BS y bacot kaya pantat ayam aj muluty. Sp tau saham rapi besar ap salahy Takan kanany JD komisaris yet. Buat ap orang pintar korubsi mendingan orang bodoh tp jujur,1
RA rakus dan serakah banget Anjiing !!! sampe cucunguknyapun d jadikan komisaris.,1
Pantes anak syh daptar p3k sajah g masuk trnyata dh k habisa tempat Sama keluarga Rafi ahmad😂😂,1
Gila emng nih negara,1
"Tau gk sih , rafi ahmad kan deket dengan kluarga mulyono , dan mulyono sdh kampanye kemana mana untuk siapa ? ya untuk 2029 untuk kluarga dan kroni . Di Indonesia gk butuh orang cerdas yg di butuhkan orang yg bs nempel atau di tempel kluarga penguasa . Era Reformasi KKN semakin menggila . Era mulyono makin gila lagi sampai sekarang .",1
Besok2 mbak Lala pengasuh Rafatar juga akan diajukan jadi direktur BUMN,0
"Yg mau diangkat jadi PRINCES ANDARA SIAPA...😂😂..YG HITAM JUGA GA APA...NTI KAN SLL DI FILTER CANTIK,😂DGN OUFIT MAHAL😂...KAYA LILI NA😂",1
"Sudah jelas koq, secara pendidikkan Rafi dibawah bininya... Anehnya fans'nya jg bego...",1
"PEMBANTU2X aja dah kaya apa, tiap saat post , serasa benar benar sultan, Andara tu sll pamer kekayaan... Nah skrg Rafi jadi bahan pembicaraan... Liat endingx saja gmn NANTIX ...komisaris 😂...parah sekali...",1
"😂😂😂mang PD bego para FANSX...diliatx baik, sumbang sana sini...kita liat aja endingx",1
Bener2 ya kasian yg punya s1 s2 yg udah banyak ngeluarin duit jg udah banyak yg Pinter2 sedang orang tua ny berharap anak ku bisa kerja eeeee tau ny yg sudah enak malah tambah enak yaaa karna ada orang yg berduit jg muka 2 jadi bisa deee naik 😢😢😢,0
"​ @MardianaSudahada sangat menyedihkan aturan negara kita makin hancur bukannya makin makmur rakyat terus ditindas apa"" kekayaan sekarang mulai diusut, pdhl kita kuras keringat biar bisa hidup sejahtera",0
"Awas tar dihujat penggemarnya, ngeriiii",0
Bener cari muka 2,1
"Sebagai keturunan Tionghoa, lahir, besar dan menua di tanah Air ini.... Koq sekarang banyak melihat dan menyaksikan sendiri keturunan Tionghoa generasi Z ini asli jadi TOLOL dan Gak sadar, gak tau jati diri nya siapa.... Termasuk si S ini... Luar biasa keras kepala tapi TOLOL nya asli luar biasa, termasuk juga para Pembela dan Kuasa Hukum nya juga...",1
Udh jd seorang ibu aja ga bisa jaga mulut masih bisa menghina org lain.. Skrg puas kan dihinakan kamu sama Allah.. Hrs dibedakan apa itu ujian atau hukuman.. Jd loe pantas dpt karma.. Aslinya dl jelek skrg dioplas songong.. Jungkal loe skrg.. Coba ketawa lagi ngakak.. Seumur hidup loe akan bawa trs aib loe sampai loe mati.. Itulah karma...,1
"blm gila min,mknya mulut dijaga kl ngmg,sok2an",1
"Laporkan saja ke jalur hukum selama RO dan Anak Sulung nya punya bukti. Soal anak kalau bisa sih RO lakukan Hak Asuh ke tangan RO Dan soal Rumah, jika SW dan CEO mau rumah RO, suruh lunasi hutang di Bank Semua nya laporkan ke Jalur Hukum selama ada barang bukti Maaf sih maaf tapi hukum harus berjalan SW dan grombolan nya kalau emang bersalah, cepat laporkan ke jalur hukum Semua perbuatan ada konsekwensi nya",1
"STRESS DI BIKIN SENDIRI, ADA SEBAB ADA AKIBAT, SALAH SENDIRI MULUT LISAN HATI YG BUSUKK AKAN MENGHANCURKAN DIRIMU SENDIRI, TERIMA & NIKMATI AJA KARMA NYA 😂",0
"Orang gak tau diri si Wendah akhirnya kena karmanya , ah jangan* cuma boongan siapa tau diperiksa kehamilan wk wk wk 🤣🤣🤣",1
Karma nanti ke istrimu,0
"Jualan sabar, jualan sedih, jualan nangis tapi hatinya buruk apalagi anaknya nggak lindungi malah di biarkan sama orang asing Langsung lecehkan, ibu biarkan anak sedang live sama gio asyik senyum-senyum aja gila otak begoooo, suruh panggil KPAI bakal jemput....",0
Tak usah menghujat orang jika dirimu belum sempurna. Lebih baik ngurusin rumah tangga sendiri ntar istri selingkuh anak berhamburan 😂dunia ini berputar,0
Laki laki gak malu ikutan nyinyir ...kerja mee,0
Apa yang kau taman itu yg anda tuai.karma itu ad jadi jangan menghina dan serakah .giliran dapat karmanya gak mau😅😅😅,1
Si gembrod Wendy kurusan juga gak😂😂😂,1
bukan gak laku lagi tp malah kita mau dia bener2 tersungkur karna apa yg mreka sbg komplotan ini sudah masuk tindakan KRIMINAL!!!,1
"Jualan kesedihan jualan nangis di live, apalagi anak butuh di lindungi begooo",0
Kelanjutannya ceweknya minta maaf langsung ke rumah fauzan https://youtu.be/RZ40anHeu1E?si=4TjPXohD5hmJ6leK,0
"Mbaknya ga tau gaya si Fauzan itu Harajuku Style ala anak2 muda Jepang di Harajuku, gaya bebas yang mencampurkan berbagai elemen fashion. Mbaknya yg kampungan ga ngerti fashion anak muda.",0
Si picek sok iye wkwkwk,1
"Gak usah nyinyir jd orang, situ jg b aja😂",1
"Kelanjutannya,sicewek kena batunya https://youtu.be/59xLSyTNTqQ?si=r7ueT4A76KGyLDGP",1
Matapun juling sok menghina.pulak😅,1
"MNRT saya,, kok yg jahat yg nge-share video ini... Mungkin aja mba nya keceplosan ke temen sendiri... Kan itu hal yg wajar...ke temen sendiri dah biasa kan apa apa diceplosin... Justru yg harusnya dihujat yg nge-share...kalo aku jadi mba nya,,, dan videoku disebar ke seluruh dunia ya aku marah bangett...dan aku memutus hubungan dgn orang yg nge-share... Pokoknya ga mau kenal lagi deh... Tp kalo yg nge-share mba yg lagi dihujat yg pake helm itu... Ya iitu dia anehh.. dah tau manusia suka ngejudge orang ..kecuali dia emang pengen JD populer.. biasanya semakin pengen eksis.. semakin tenggelam",0
Emang Gaya Norak..dulu Tampilan bgitu dianggap Org StrezZ..Eeh Anak Skrg gx Tau Sejarah masa LaLu..Paraah Loh..Lama2 Pakaian Compang-Camping dianggap Fashion lagi..Dasar Dunia Terbalik,1
Dia sendiri giginya berantakan abis... kampungan pula...,1
Kirain yg nge tawain itu cantik. Senyum gigi menakutkan mata picek. Wajah boros,0
Padahal jelek ya,1
Fauzan semangat ya...di tunggu kabar/berita selanjutnya dari c mbak yg menghina...pantasnya diapakan ni perempuan...,1
"Yakin ni pasti sipenghujat itu trauma liat HP, dimana mana kontennya ngebuliin dia 😂😂😂dia kira video ini cuma viral sesaat ntar tahun depan dimunculin lg dan lagi dan lagi sampe dia stres jd ODGJ",1
minimal kl lo kurang fisik tutupilah dengan kebaikan prilakumu...mikir otak.jangan ditambahin tai doang,1
Rujak terus sampai sampai otaknya mendidih,1
"Menurut saya sih yang lebih kampungan wanita yang menghina itu lebih parah, lihat aja mata nya cuma satu yang mata satu nya picek jadi lihatnya kurang jelas😂",1
Di sini ada dokter gigi bagus. Kondisikan giginya dulu sebelum nyinyir,1
Sampeyan loo yo uuueleeek otak sama hatimu mbak .... sudah pasti rupamu yo uueelek mbaak 😮😮😮,1
Anjay..di kira dajjal gak tuh 😂😂,1
Ya sok cantik loh jdi cewek,1
Aku team emak emo. Jangan bagi muka pada pembuli. Serang abis2,1
"jangan bilang anak anak, itu anak sudah besar bisa bedakan salah dan benar,kasus bulling seperti ini harus di selesai kan disekolah, minta sekolah untuk mengeluarkan anak itu dari sekolah😮",0
Udah jelek sifatpun sifat binatang,1
"Namanya anak"" enk aja kalau ngomong. Emang bener anak"" tp itu anak udh beranjak dewasa orang tuanya harusnya mendidik bukan malah membela. Gini ini kalau hukum ga berpihak pada keadilan akhirnya banyak org bertindak seenaknya.",0
Mukanya cewe itu kek cewek mauan banget 😂,1
"Kepala sekolah, guru, sampai pak lurah ,babinkantibnas harus turun tangan ini....",0
"Anak bisa hancur karena bullying....tolong diperhatikan orang tua, guru masyarakat harus bertindak",0
Lho anak ini muka jelek begitu kog bisa2nya membully teman sekolahnya,0
anak ini ngga ada wajah menyesal..insyaa Allah anak cucu keturunanku diberi akhlak yg baik adab yg baik dan penyayang kpd sesama..aamiin,0
Laporkan ke polisi ja kasus perundungan...,0
"Keluarkan dari sekolah, atau skorsing 2-3 tahun sekolah buat masuk lapas, jd dia bs sekolah lg 3 tahun kemudian",1
"Gedek banget SMA ibu2 yg ngoceh "" ad guru disanan , damaikan saja, namanya anak2 "" Gila apa ini nyawa GK mikir pantes anaknya bis abullying gtu.",0
Ibu mana tidak sakit hatinya anak nya dibuli sampai takut ke sekolah..boleh bayangkan sampai takut..kamu boleh bayangkan..lagipun tidak nampak muka menyesal.kalau saya ada disitu pasti bapak nya aku tampar,1
Inilah contoh anak yg tidak pernah di didik orang tua... dan orang tuanya yg bodoh.. di saat anak salah bukannya untuk mengakui kesalahannya malah di belain.. ini lah contoh didikan orang tua keliru dan menjadikan anak tambah rusak pikirannya,1
Anak sekolah gak punya etika kepada orang yang lebih tua😢,0
"Didikan orang tuanya mungkin seperti itu,,, yah mungkin akan kena karmanya nanti apa lagi anak yatim,,, dia akan merasakan nya nanti ...",0
"Songong banget sih anak kecil ini sok Sokan mau jelasin , SDH kelihatan dia suka mbully orang , apalagi orang gaak punya/ anak yatim",1
Jilbaban tapi munafik. He he he he...,1
bagus buk.. baru tau rasa ya kamu.. saya dari malaysia.. pembuli tidak harus dibagi muka.. anak kecil atau org tua perlu diberi pelajaran supaya tidak diulangi.. saya sangat benci pembuli!!!,1
"Gua yang pernah dibully, juga benci banget sama pembukky, emang biar apa sih gitu, gak ada manfaatnya😂",1
"terus labrak Bu dan lapor polisi,lihat cara bales sapaan ibu yg labrak tuh masuk berlindung masuk kerumah bilangnya masuk aja sama yg labrak pokoknya labrak terus bu",0
Masukin ke Barak,0
"LW keluarga saya yg dibuli ,, saya balas 10 kalilipat nya , LW org tua nya ikut2 org tua nya saya sikat",1
Bkn bljr pada sok jago gilir d labrak gk ngaku😂😂😂😂😂😂😂,1
Yg kaya gini yg harusnya di siram air keras. Mukanya ngajakin di kepret bgt,1
"Namanya anak"" Berarti lu gagal sebagai orangtua",1
"Lapor polisi aja bu kan ada bukti videonya biar kapok. Jgn mau damai, cewek kok sok jagoan pake bully. Sebagai ibu, kita ngak terima kalau anak kita dibully sama teman2 nya",1
Miskin jelek tukang bullying 😂,1
Kalo aku ku culik itu yg bully anak ku. Ku bikin ilang jarinya biar dia cacad,1
Lapor pihak berwajib biar d tangkap sdah kasus penganiayaan itu,1
"Kalau ada luka fisik langsung aja visum. Si pelaku bisa langsung terusut,masuk gaknya dia ke penjara, sekolah bakal mengeluarkannya,karena gak mau terlibat skandal. Klau dri awal minta diselesaikan pihak sekolah,sekolah bakal abai/meminta k dua pelaku brdamai. Jika diusut malah brakhir buruk bagi sekolah. Ingat guys, jangan beri ruang maaf pada pelaku bully. Dimana tempat mereka pasti mengulangi, itu sudah jdi bagian hiburannya.",1
"Muka buruk, hati buruk, kelakuan pun buruk. Ga ada bagus nya sama sekali ini bocil",1
Melihat wajah nya saja...layk.jd lc saja 😅,1
"ludahi tu muka bocah, ngeselin",1
"Anak sy jg pernah di-bully seperti itu,,sy org tuanya jg ga terima dan perbuatan yg membuli sy balas.",1
"""Namanya anak anak"" pikiran ibu ibu kolot 😂😂😂😂😂 anak anak sekarang bisa lebih parah dari org dewasa Contohnya noh baru kejadian di thailand, anak kecil umur 11 ngendarain mobil nabrak hmpir 30 biksu, 13 diantaranya meninggal, sisanya masih dirawat Mau berlindung di balik ""Namanya jg anak²""???? heran gua, kenapa si gamau gamparin anaknya aja depan tu org ato marahin kek setidaknya, jgn lu malah depan org tuany lu ngebelain dengan embel² begitu, aplgi anak ny mau nginjek² leher korban😂 klo gua jdi ibu nya korban sih, gua suruh bales aja, injek balik dtgin rumahnya, depan emak ny si pelaku gtuin balik trs bilangin, namanya jga anak² 😂 pengen liat reaksi ibu ny aja kyk gmna",1
"Ini biasanya, anak melakukan sedikit kesalahan langsung di lindungi org tua, di belain. Maka nya ank gede tingkah kayak gt, ga tau kesalahan",1
Muka anak itu perludi gampar muka kurang ajar mlwn nenekny jg melindungi cucu y yg kurang ajar gampar aja tu mukanya biar kapok,1
kasihan orang tuanya puya anak cewe tapi hatinya gak punya . .,1
"Pelaku akan Berubah raut mukanya jika terasa pedih , dan nafas susah di tarik. Karena itu kejiwaan",0
tandain muka2 tukang bulying?,1
"Selesaikan lah Dng Baik Dan Bijak Bu Dan Maafkan ,,Mungkin Besok2nya Kapok Membuly Anak Ibu.",1
"Lanjutkan Bu kasih hukum man buat para pelaku pembuli , tuntut semua pelaku pembuli sudah banyak tayangan yg gak sewajarnya dilakukan pelajar sedang Menganiaya temannya bahkan dilakukan pengeroyokan lanjutkan Bu proses secara hukum",0
"Aku dahulu waktu di SMP thn 73 sering di buly, karna bdn ku kurus tp aku pintar di sekolah maka aku dibuly bagi yg sirik. Kerna tdk thn aku pindah sekolah. Allhamdulillah hidup ku sukses dan dapat kan suami ygh sangat mencintai ku. Dan anak2 ku pun sering dibuly jg disekolah... Alhamdulillah 4anak ku sarjana sampai S 2. Berhasil semua bekerja sesuai dg jurusan nya serta halal. Orang2 yg membuly mereka pun pada putus sekolah jadi susah hidup nya.. Sekarang mereka pada malu ketemu dgh anak2 ku. Jadi aku saran kan anak2 yg kena buly, berdo'a dan berserah diri pada Allah. Biar kan Allah yg bekerja, mereka insya Allah akan menerima karma nya.",0
Apapun buli itu salah. Makanya kita semua yg punyak anak di didik agar prilaku nya bisa orang tua kontrol,1
"Tdak wanita tdak laki2 pully memng d skolah itu pasti ada saja Kami sbgai korban bully. Klas 1 SMP sampai Kelas 2, 2thn.... Saya tdak cerita k yg lain sodara krabat tmn dan yg lain....kami pendam sendri kami D kroyok D pinta duit buat beli roko plaku, prnah D lempar spatu kita k Kenteng dan k tmpat sampah...mmng spatu itu bgi mereka tdak guna bolong bawah ya... Tp bagi kami sangat manfaat dan ber guna...kami mmeng org yg kurang mampu....jajan pun kami tdak pernah bawa duit😢 Krna tau untuk mkn pun kami sering k laparan dri pda mkn. Ap lg smpai knyang kami blm prnh. Tp alhmdllh kami sehat. Kami slalu D bully Saya mau cerita k guru atau org tua takut. Dan kami merasa percuma..plaku org br duit.k skolah bawa motor.kita jln kaki yg jarak tmpuh 5 kg Saya menyimpan memendam slama 2 thn. Troma yg sangat dalm berat saat itu g mau main bahkn baru ngeliat dri k jauhan ajh. Geng pelaku... Sya sangat takut Spai skrang klu ingat itu slalu kluar air mata scara tdak D sadari.",1
Orang tua jangan bela anak salah,0
Lapor ke polisi aj..biar orgtuanya jg kebuka otaknya...,1
Penjara ke kantor polisi gitu aja kok repot itu sama aja kasus penganiayaan,1
"Kalau sudah terbukti di tindak saja GK usah damai Anak "" apa kelakuan iblis ini sudah bentuk kriminal berkelanjutan Kasian korban sakit fisik dan mental",1
Kes bully ni kes paling dunia benci sekali pd mereka yg membuli.Kamu ckp anak jika anak kamu yg dibuli gimana lg kamu nk ckp..,1
Harus di kasih pelajaran model anak kaya gini sok cantik jelek aja kok kluarin aja dari sekolah....Najis bgt!!!?,1
Dari Muka nya saja jelas terlihat bocah itu nakal ..,1
"Lah yg ngebully kyk kurang gizi, cantik kagak malah minus.. tp sok billy",1
jangan mau damai Bu sampai tua anak kayak gitu nggak bakalan bener kelakuanya,1
Jika orang tua nya yg buly membela.. Wajib di polisikan Jangan jangan anak hasil berzinah.. Atau dulu mamanya sempat melonte terus punya anak maka nya anak nya seperti IBLIS,1
"Aamiinn. Ya Allah angakat lah derajat anak2 yg jadi korban bullyan. Dan beri kan petunjuk buat mereka yg suka membuly. Ingat lah bagi yg suka membuly, karma akan anda terima lambat laun nya. Allah tdk pernah tidur, Dia Maha Mengetahui semua perbuatan anda.",1
0:00 Muka anaknya mahu mintak penampar,1
Yang buly kurs kering jelek,1
Anak yg suka bully ini emang harus di kasih jera Biar paham Tapi memang kedua belah pihak harus dipertemukan di sekolah,0
"Kalau wajahnya jelek gak cantik mbok ya perilakunya dijaga agar tetap baik, sudah jelek jahat lagi, apa yg diharapkan dari dirimu😢",1
Anak sama orang tua sama aja,0
"dulu gara2 aku di bully. ayahku masukin aku ke sanggar bela diri dan ayah selalu bilang ""kalo kau di pukul, pukul balek. kalo ada masalah nanti itu urusan ayah. jangan takut membela dirimu sendiri asalkan bukan kau yang mulai.""",0
"Dulu waktu sy mts sy d bully, tas d coret2, d omongin ini itu, sy diem ga pernah ngadu k siapa2... Akhirnya sy masuk SMK org yg bully udah kerja jd ART d luar kota,. Pembalasan dr Allah ada aja,. Skrg klo bully jgn diem aja ya nak anak....",1
"HAJARRRRRRRR BU JANGAN BIARKAN TUH ANAK SOK JAGO, INJEK LAGI LEHERNYA BIAR TAU RASA....",1
Jelek muka jelek akhlaq pula.,1
"Di bully kalo gak melawan pasti nyesel sampe tua. Untungnya aku GK pernah di bully. Tapi pernah kena palak sama anak kampung baru jakarta barat. Tiap pulang sekolah selalu ketemu sama anak itu minta uang. Mending ku lawan aja lah meskipun kalah. Next akhirnya pindah ke Siantar. 2008 aku balik kejakarta lagi alesan cari kerja. Padahal nyari tu anak mau ku giling. Ok ketemu langsung ku giling dia, puas banget rasanya. Mukul orang paling 1 Bulang doang. Yg penting puas hati",1
anak tetap harus dihukum klu dibiarkan gakan jera dan berkelanjutan anaknya juga kliatan gd adabnya,1
"Jgn salahin si anak, anak masih dalam tanggung jawab orang tua. Minta tanggung jawab orang tuanya…",0
Memang anak yg tukang buly itu didikan org tuanya sllu bela in anak... mmg sama anjingnya..kasihan anak yg di buli...alasan ank2 tapi kok jdi preman pukul gtu ya...lapor buk kepolisi,1
Langsng di injek langsng lehernya di dpn orng tuanya,1
Muka sama kelakuan sama jelek,1
Masukin barak aja ni anak mah..,1
"Calon"" pembunuh otak setan ga peduli umur berapa patut di hajar bocah modelan gini",1
"GAK ADA CERITA ""NAMANYA ANAK ANAK"" PEMBULLY HARUS DIKASIH JERA MESKIPUN DIA ANAK ANAK.. PARA ORANGTUA JAGA. ANAK KITA DARI BULLY. JAGA ANAK KITA AGAR TIDAK JADI PELAKU BULLY..",1
Laporin aja ke polisi..orang tua malah d belain..orang tuo malah belain ..,1
"TERUS DAN SELALU TERUS ADA. KRN HUKUM MURAH, RINGAN DAN TUMPUL.... ITU SISWI YG DIDUGA TERLIBAT, MUKANYA BENGIS...",1
Habisi saja kalo ada pembully Paling gatel lihat pembully gak diekskusi2,0
bila terjadi pada anak saya....akan saya perlakukan hal yg sama yg dia lakukan.....masih bocil sudah pandai ngelakkk.....berbohong.....gimana nanti besarnya....keluarkan anak spt ini dari sekolah !!!!!,1
OrangTua pelaku selaku Nenenya malah membela anaknya tidak mengajarkan anaknya Sopan santun,1
"Nih kalo di Malaysia kayak gini kelar nih anak bisa dituntut hukum dan ortu nya jg BS dituntut ganti rugi bahkan BS mencapai Rp 800juta alias sekitar 250.000 Ringgit..... Malaysia memang negara yg baik dan sehat untuk tumbuh dan berkembang.... Indonesia? Halahh nyungsep, mimpi Indonesia akan selalu tidak sadar dan terus perundungan akan terjadi berikutnya..... Yg bbrp waktu lalu di SMA Strada atau apa gitu ada kan thu yg anak disabilitas kena bully.. Prabowo fokus MBG tapi lupa meningkatkan pembenahan fasilitas, infrastruktur, pola pikir murid, guru dll.. Makanya Indonesia itu negara Toxic bgt untuk hidup... Malaysia (dan Thailand) cukup sehat",1
Cantik aja tdk... bnyk gaya...lho bener di buli selesaikan sampe tuntas....lanjut jangan takut....,0
"Mantap Bu,laporkan ke Polisi biar si masukkan sel",1
"Kalau dulu, anak nakal di ancemnya di masukin ke penjara anak biar di rehab.",1
"Jgn suka belain kalo anak bersalah Apalagi SDH mmbully dan mlakukan kekerasan Ngeri..kelak Dewasa merasa diatas angin Dan hidupnya sllu merasa benar dgn kekerasan Pihak sklh , kalau ada murid sperti PECAAAAAATTTTT jgn ragu GK perlu org tuanya Pejabat Atau org GK punya ( berarti anaknya GK tau diri )",0
"Hahaha.... Anak saya masih bocil,mau naik kelas 1 SD, ada buat salah disekolah, tanpa ampun saya marahin & tegas/keras di depan guru seta kawan""nya. Bukan bermaksud menjelekkan/merendahkan anak sendiri ya, tapi beri pelajaran penting & efek jera supaya mengetahui mana yang benar & salah. Didikan VOC itu keras tapi berguna.",0
Dilihat dari wajah nya calon pereman anak itu,0
LANGSUNG TAMPAR AJA BUK MUKAKNYA PAKEK SANDAL KALO PUNYA,1
Anak sekolah pada begok....gayanya sok tu,1
PROSES HUKUM BERLANJUT,0
"Gede nya mau jd preman perempuan ya nak apa orang tua mu tidak perh didik ya,jng2 orang tua main hp melu2 ya",1
masukan lp anak,0
"Udah jelek mukanya. Suka bully pula. Dek minimal kalau jelek, hatinya baik. Jangan semua diborong.",1
Dari mukanya nampak tempramen anak itu,1
Injek mukanya bu,1
Mukanya bodoh menjijikan ini manusia,1
MUKA nya udah kelihatan,1
Bagus... Orangtua WAJIB BERTINDAK kalo anaknya di bully anak lain. Sekolah tidak bisa berbuat banyak utk mencegah kalau sudah terjadi pembullyan.,1
"Itu bukan lagi anak2..itu termasuk remaja / dewasa sudah bisa membedakan baik buruknya tindakan, adab, sopan santun!!",0
"Harus ada hukuman bagi orang tua yang anaknya melakukan kejahatan serius. Amak merupakan tanggungan orang tua. Anjing saja kalau merugikan orang, pemilimnya harus bertanggung jawab",1
"Aku,seorang ibu aku memg nggak suka sesana murid lagak suruh belajar malah ngebuli orang,atau sesama teman.aduh nak tugas kalian itu cuma suruh belajar ,bukan suruh ngelawan,bukan suruh ngajar teman bukan suruh bolos.cuma belahar.klau sudah kejadian kamu ngejahatin temen di labrak yg ada org tua ama org tua pun jadi berantem kan.ingat orang tua nyekolahi kamu itu bukan sikit duit,untuk byk hal keperluan mu.",0
"Klo ada bukti viralkan saja trus laporkan saja ke pihak berwajib & komisi perlindungan anak, selanjutnya keluarga dan netizen kawal bersama kasusnya. Btw itu ibu si pelaku kayak koq malah nge normalisasi kejahatan anaknya pantes aja kelakuannya akhirnya kayak gitu dibela trs",0
Mau anak mau tua..kalau sipat ny buruk ..bikin bahaya orang lain..,1
"Skrg sdh banyak anak² songgong, apalagi perempuan, bisa² besok sdh berkeluarga laki²nya bisa ko,id.",1
Keluarkan anak goblok yg suka melakukan kekerasan di lihat di muka nya ajah udah nantangin ituh anak udah sok jago,1
"Bangsat emang si pelaku buli, saya pernah kesekolahan menemui kepsek dn guru karena waktu itu anak saya ada yg buli terus sya ngomong sama kepsek kalau masih terjadi jgn salahkn sya ,saya akan datangi si pembuli akan sya hajar",1
"Itu ada bukti gak,,,,,, klau ada bukti gampang,tinggal buat laporan,ada pasalnya kok. Jangan marah2 gak jelas,,,, itu orang tua sama bodohnya berarti. Gak ada gunanya teriak2,,,, itu mlah memperlihatkan kebodohan dan ketololan kamu.",1
"Engga usah di ma'af pin,, memang harus di beri pelajaran anak anak yg suka bully, intimidasi,, apa lagi udah main fisik,.. Harus di proses , beri jera, mumpung masih anak anak 🙏",0
Kalo muka ga cantik minimal otak kelakuan jangan ikut ga cantik juga dek .. muka” sadis,1
"Pake jilbab gak tau adap biadap, saya ngerti Memang begitu lah kl dia merasa kuat suka nya menindas yg lemah, guru gak jamin! Ini kl jadi org tua mau jadi apa! Nenek nya gak tau besar in cucu nya",1
Lapor kan aja ibu jangan mau damai. Tampang anaknya jg sok jagoan itu .,1
"Kalau saran saya jika ibu punya videonya viralkan saja, biar kena hukuman anak yg melakukan pembulyan, bawa ke ranah hukum, untuk semua perguruan tinggi dan perusahaan tolong di tandai wajah pembuly ini jangan di terima kalau mau kuliah atau mau melamar kerja",1
Udah masukin lapas,1
Orang tua mana sih yang nda marah kalo anakya di aniaya,1
Liat muka nya aja udh ngeselin tampar,1
Gampok saja mukanya biar kapok,1
Percuma berkerudung klo bully anak Gak ada penyesalan sama sekali jdi pengin nabok liat mukanya,1
Apa tindakan selanjutnya,0
"Kurang ajar itu anak berani Nerocos mau Mengelak,....Yg ada Bagusnya Lsg Minta maaf, sama orang tua jng krg ajar. Seandainya tidak bersalahpun gak ada salahnya minta maaf buat Mendinginkan. Udah dingin baru dijelaskan pelan-pelan klo punya bukti atau saksi tidak bersalah. Tp jangan Bohong.",1
"Harus dipecat anak"" tolol tukang bully ini dari sekolah... Jgn berlindung dari kata"" masih anak""..",1
Emang bangsat lu ya...... tukang bully,1
Sy dukung 1000% buat ibu siorang tua korban...labrak aja buk..,1
lanjut masih anak sudah ga baik,1
"ANAK JAMAN SEKARANG SUKA BULIYYING , DULU WAKTU KECIL , .AKU JUGA PAS KELAS 1 DIBULI KETUA KELAS SAMPAI GIGI COPOT",1
"Sudah Bu laporkan saja ke pihak berwajib, anak yg buly itu orang tua nya gak didikah anak gak tau aturan dasar tolol, jangan mau Bu berdamai langsung saja lapor kan ke polisi beres biar di sel anak datjal",1
"Biasanya karena didikan orang tuanya slah, kebiasaan salah di bela..,; Coba kalo anakmu gantian di gituin.., ga bener ""NAMANYA ANAK ANAK"" terus di biarin..",1
ini Bocah kebanyakan Nonton DRAMA BULLYING KOREA .. Haajarrr aja Bu.. VIRALin Bu .. biar kena Hujat & Depresi dikehidupannya ..,1
"Yg dilakukan orang tua sikorban itu sdh tepat. Langsung Trabasss saja bu pelaku Bullying, jgn kasih Ampun. Saya kalau jd orang sgt kaya, mau nyewa orang buat membasmi pelaku Bullying. Karena sejatinya, pelaku Bullying itu sgt Keji. Selain membunuh Mental si Korban, jg menyakiti fisik si korban, kalau dipidanakanpun itu kejahatan berlapis. Soalnya byk kasus perundungan, yg dimana si korban byk yg meninggal secara pelan². Habiskan pelaku pembullyan.",1
"Kadang orang tua selalu melindungi dzn membela anak nya,mskipun sang anak salah..!!😤",0
ngeselin banget muka nya,1
kok mukanya mirip kakak kelas aku,1
"""Namanya juga anak-anak."" Coba kalo dibalik? Pelaku jadi korban, korban jadi pelaku. Sama-sama ga terima, kan? Teruntuk orang tua yang masih bisa berpikir kritis, jangan membela anak yang BERKELAKUAN THOLOL dengan sesamanya. Banyak anak-anak tak mau lagi pergi ke sekolah karna mental yang rusak. Tolong ubah mindsetnya.",1
muka nyajembut+bruk iq nya setra kera klo di lecehin jga gada yg mau bla dia kwkwk😂,1
Tendang Bu . . Anak gw digituin mah gw tendang balik mukanya,1
Itu orang tuanya disidak. Gimana pembimbingannya,1
"Itu bukan anak2 lagi, wajahnya aja udah ke ibu ibuan, jgn kasih kendor Bu, bawa aja k polisi",1
Klw bisa laporkan ke polisi Sly yg suka bully itu mamanya ngk terima walau pun anaknya memang salah yah wajar lah orng tua sih anak yg di bully datagin mereka mantap Buu lanjutkan trus,0
"Dilihat dari mukanya aja udah keliatan muka muka ngeselin , tapok pakai sendal wes jangan mau damai",1
Klw sy TDK banyak bicara' langsung sy tempeleng itu anak orangtuanya keberatan orang tuanya sy marah karna orangtuanya TDK mendidik anaknya dgn baik..,0
"Hajar Bu, kalau dia minta damai jangan mau Bu biar kapok dia. Ini kalau Ade aku udh aku kurung dia di gudang dan ga aku izinin keluarga buat belain dia. Malu maluin keluarga aja kalau punya keluarga tukang bullying. Wajahnya ga ada rasa bersalah ini kayaknya akan kera kalau di keluarin dari sekolah dan di kurung di penjara biar di penjara di bully tahanan lain.🙏🙏🙏",1
Inilah orang tua yang paling tolol giliran anaknya membully orang dia pura pura tidak tau saat orang tua si korban datang malah berkata namanya juga anak-anak,0
"Org tua nya malang ngomong : nama nya juga anak2, udh basi mah kalo omongan kayak gitu, berharap anak jaman sekarang dapat pendidikan lebih keras lagi dirumah maupun disekolah biar bisa melihat masa depan itu kayak gimana enak atau susah",0
Bully efeknya jangka panjang bisa bikin mental anak down dan ga percaya diri bully wajib dihukum berat,1
klo muka udah jelek minimal attitude nya baik lahh...,1
Sebagai orang tua pasti bakal ngamuk udah susah cari duit buat biaya sekolah dan kebutuhan anak malah di bully karna pelaku bully mencari korban dari anak orang susah yg susah mencari keadilan di negara bangsat ini.,1
"Klw anak sya, sya sllu bilang jngn merendahkan orang lain, trus dia jwb ada di sekolah yg suka buli temen aku, trus sya jwb, temenin yg suka di buli itu kita sayangi, tpi jngn membenci yg membuli, klw emng dia jahat sama kita lawan tpi jngn membenci",0
"hajar aja muka pas "" aja songong",1
Yang suka jahat pas agak tua sedikit kebanyakan jadi gembel/ IRT miskin. Keluarga mereka berantakan dan kebanyakan punya anak cacat penyakitan 😂,1
Anak kmarin sore.. Masih sekolah aja belagu.. Kl mau marah jangan lkukan kekerasan fisik.. Apalagi perempuan.. Yg spt itu harus dhukum.. Beri sanksi tegas.. Keluarkan dr sekolah..,1
Anak yang ga pernah dapet bimbingan akhlak dari orang tuanya. . Mang biadaaaab,1
memang wajib semua orang tua yg anak nya di bullying harus menghancurkan mental anak2 kurang ajar yg suka membully anak lain. biar jadi pelajaran bagi yg lain,1
Dan baberapa hari yg lalu viral bapak2 kekerangan fisik bunuh bocil yg suka Hina suka bully bapak2 itu hati2 dengan Lisanmu jgn anggap sepele bercandaan prank Dan lain lain kalau gak mau mati konyol,0
"Aku juga di bully bg karna aku berbeda aku sekolah di SMP yg bisa dibilang sekolah itu sederhana lah dan aku kek bisa di bilang kayak mereka sederhana gua dikira kaya mungkin sombong gitu kan dan aku sering di jauhi kalo mereka butuh bantuan gua tolong gua minta tolong mereka pura pura gk kenal, ya mau gimana lagi di SD di bully di SMP di bully juga kalo aku punya kursi bagus ditukar ama kursi yg mau patah dan nanti pas patah nya kursi itu dibilang gk mau tanggung jawab lu di sorakin nya lah nanti kalo ngadu dibilang bencong 😅 ya sabar aja gua dan pernah gua emosi bgt tuh gua baku hantam ama si pembully si ""r"" dia bawak kawan pula giliran gua ama teman teman gua mau baku hantam aja rame rame di bilang bencong lagi dan plotwist gk ada teman 😢 ya mau gimana lagi ya nasib korban bully itu gituh dan guru agama gua bilang sabar aja di akhirat ada balasan nya 🙏🙏 Kalo ada korban bully berarti kita sama ya bro sabar aja yaa🙏😀",0
Iya itu dikasih paham tapi kesel juga kata-kata ibunya yang ngeselin kayak orang gila tahu dia ngomong,0
Kasusin kasusin,1
aku bisa melihat dari rawit wajah siswi itu,0
dan bisa jadi dia berbuat (siswi atau orang tua) menyembunyikan kesembunyianya tujuanalasan tertentu (nangis. sakit hati atau menyesal),0
Cakep kek gmn muka kek gibran gitu,1
seharus nya saling mendengar penjelasan yg baik kalau tentang masalah tidak sopan atau tidak beradab tidak ada buktinya karena sebenarnya dia sudah berusaha sopan dan berlaku jujur atau bohong (belum tentu),0
Hajaaaaar buk....saya paling benci sama orang tua yg membiarkan anknya bully ank orang... biasanya gini ank yg dimanja orang tuanya dirumah jadi diluar suka menindas temannya ...no for bullying,1
"Aku dari dulu sering banget dengerin ""NAMANYA ANAK-ANAK"" tapi menurut ku walaupun ANAK-ANAK harus ada pertanggungjawaban juga. Apalagi aku dari kecil udah dibilangin sm orang tua ku ""KAU BERANI BERBUAT BERANI BERTANGGUNGJAWAB! "" jadi aku selalu mikir dulu baru bertindak",1
gak ada otak memang apa g di didik anak nya ya,1
"Amakny mukanya ny aj blagu bgt, laporin aj",1
""" Namanya anak - anak "" emangnya orang tua pelaku bullying mau anaknya ga berkembang sampe suatu saat dia jadi dewasa tetep suka menyakiti orang? Damai ya damain gausah pake kata "" namanya anak - anak "" nanti pelaku bullyingnya makin suka menyakiti orang",1
Keluarin dari sekolah.muka sama kelakyan nya sama.,1
ngga ada wajah menyesal sedikitpun pelakunya..gemes..mana ada ibu yg terima anaknya di bully..,0
"Paling benci dengan kata kata "" namanya juga anak anak"", eh brengsek yg di tindas juga anak anak",1
Tolong kasih paham pada anak2 nya kususnya para orang tua jngan percaya PDA anak harus nya ortu pantauw anak2 nya jngan Ampe Kya gini Bu itu lgi bukan anak2 orang udah gede bukan anak kecil bu,0
"Anak2 setau saya hatinya baik lho...nah ini bukan anak2 lagi...jahat kok disebut anak2 Makanya nggak kapok2..dilindungi mlulu . Revisi tuh UU perlindungan anak ! Segera!! Miris, anak2 jahat yg berlindung dibawah UU tsb...semakin berani mereka berbuat krn mereka tau bahwa mereka dilindungi oleh UU tsb. Mereka gede, punya otak, bisa mengelak, bisa mikir...",1
Setujuuuuu kasih aja hukum rimba sama org tuanya g bisa didik anak,1
Udah buk langsung dorong aj tu neneknya dan tu anak lgsg ibu gampar aja bu.dr mukanya aja dh ngeselin tu bocah,1
ibunya anak yah semuanya gk ada otak😏🤔inturgasi matamu anak ²,1
Seharusnya pembuli kl sudah maen fisik tolong di hukum p.polisi...gak usah mandang anak di bawah umur....kl di hukum di bawah umur gak akan ada jerahnya pak,1
"Uudeh.. kurus Krempeng Jelek.,jahat Laknat lgi",1
"keliatan dari muka anaknya gada reaksi dan emosi seolah dia ga merasa bersalah, kalo adek w digituin w gabakal terima dia harus ngerasain hal yang sama kalo ga dihukum atau denda seadil-adil nya",1
Itu cewe muka pas2asn juga...keadaan pas2san gayanya pake ngebuly segala. Kaya anak boss aja. Dia kaya sudah biasa...tenang ga ada panik paniknya di datangin ibu korban...udh mental gengster,1
Mukanya aja seperti pembully,1
Liat mukanya aja mungkinanda sudah merasa anak ini bukanbamgsa manusia,1
Mesti di masukin ke barak militer,1
"Keluarkan dari sekolah, tolong dong yang bisa bantu viralkan ke kepala sekolahnya, mohon bantuannya",1
"anak yang kuran ajar palagi sok suci pakai asotis agama palagi irang bela2 annin ga atas nama anak anak sikat saja laporin ke polisi biar dinproses hukum, .orang geblek dan nloon kalo masih belain anaknya yg salah!!!!",0
Bagus Bu ...biar kapok .. kebiasaan ngebully sesama pelajar ...apa sih manfaat nya ..bukan nya pertemanan itu di pupuk untuk kebaikan bukan saling bully atau m nghujat ...budaya ga bagus jangan di pupuk di buang harus nya .. Kasih efek jera jangan cuma minta maaf ..berubah punya adab sesama teman ..,0
"Laporkan ke Polisi bu, itu sdh termasuk penganiyaan. maafkan nenek nya kalau dia minta maaf.tapi proses hukum harus lanjut.",1
"Jangan berlindung dengan kalimat ""hanya anak-anak"", itu kalimat yang jadi alasan anak-anak tersebut aman melakukan kejahatannya. Yang rugi orangtua nya sendiri jika membela, karena pola pikir dan perilaku nya di dukung orangtuanya, dan saat dewasa dia akan menjadi monster yg merugikan orang lain dan keluarga nya sendiri.",1
Miris lihat tingkah laku anak jaman sekarang tidak punya adab sm orang tua maupun teman sebayanya,0
Wajar ibunya marah kalo aku juga pasti marah orang tua mana yang engga tega,0
Orang miskin aja sok apalagi jd org kaya.... Klo serba kurang minimal attitude jgn kurang....dn ditambah org berkerudung lagi😂😂😂😂,1
Kalo sy ttp sy kejar...tak perlu damai...kasusin..,1
"APA COBA IBUNYA BILANG ""namanya juga anak anak"" ITU GA BOLEH TAU. BULLYING ITU BISA DI MASUKIN KE HATI NANTI SAMA KORBANYA MAU MINTA MAAF PUN GA CUKUP",1
Orang tua mana yang membiarkan anaknya di hina dibully dan diancam ? Wajar kalau ibunya ngamuk gak terima,1
Tolong...mulaila anak dari orang tua sendiri..utk mnjaga akhlak atau prilaku yg baik,0
Itu pembuli wajahnya kya mak lampirrr... Kya setan.... Malu maluin wajahnya... 😂😂😂😂😂😂😂😂,1
"Klo ank gw bkal gw kumpulin tuh anak² pembuly gw gampar²in tuh semua ya,,pda sok jagoan berani ya keroyokan,,bila perlu gw sandera trus disiksa tuk anak biar sma² trauma jd adil,,enak aj lo bsa bebas main sementara ank gw trauma ketakutan,,oh tidak yaa",1
"Hukum aj biar jera. Ibu mana yg gak sakit hati liat anaknya di zolimi. Parah ni anak, gak ad wajah bersalah Uda zolimi temen segitu ny.",1
lah ini tuh anak sekolah toh? ko mukanya kaya babu tua,1
Masukin penjara,1
Sok jago muka nya residivis,1
"Dengan gampangnya dia bilang ""NAMANYA ANAK-ANAK"" oke sy tandai anakmu buk. besok sy suruh anak sy kasi pelajaran ke kamu. dan akan sy bilang juga dengan perkataan yang sama. ""NAMANYA JUGA ANAK-ANAK"" orang tua yang kaya gini juga yang harus diberi pelajaran. gak bisa didik anak..",1
Sosok ibu tersiap akhirnya melahirkan anak yg biadap!,1
Yg ngebuly kek tai mukanya,1
"orng tuany mlh bela anakny, MIRIS😹😹",1
Viralin bu liatin mukanya,1
Jelek udah takdir dek..tapi hati adab mu masa ikut jelek...,1
Tampang sudah jelek judes.masih ada yang bela.,1
Padahal dia jelek kerempeng juga. Kenapa nggk dia yg di buly,1
Anak yg suka membuli....orang tuanya goblok....ga bsa didik anak....penjarakan.....anak pembuli.....anak2 bidab,1
"Buu maaf yaa klo udah nyata anak nya salah jgn ngomong ""nama nya juga anak"" justru malah bikin tambah kesel kluarga korban harus nya anak di bales di depan org tua korban sebagai mana dia melakukan nya, kenapa bgitu biar anak ibu tau klo dia salah dan biar tau rasa nya sakit apa enggak biar ada efek jerah nya",0
"Najiss nanan lihat mukanya, ya anaknya...ya emaknya sama² muka garong",1
Ya bully emang Salah... Tapi selain itu juga mental2 anak sekarang emang lemah2... Jaman dulu mah dipalak diancam2 kakak kelas diospek juga ngga Ada yang namanya mewek2 lapor orang tua... Dipukul guru juga malah buat candaan sehabis pulang sekolah... Bocah jaman sekarang mah dikatain dikit aja udah kayak orang paling teraniaya sedunia,1
Dikit nama juga anak-anak... Kerna dibilang kek gitu.. Makin kurang ajar si anak... Buk.. Ajar anak lo... Jangan sok asik.. Jangan bully anak orang.. Bila di labrak nama juga anak-anak... Semoga anak ibu dibully sama orang lain... Jangan marah ya,1
Ingat ingat muka itu anak cewek jangan sampai lepas.. harus masukin ke penjara gak seh anak kaya gitu??,1
"Orang tua bego, udh jelas itu pembully nya udh remaja, masa gk bisa berpikir sih? Atau cm cari perlindungan dengan kata 'namanya juga anak anak' anjg",1
Mukanya keliatan udah antagonis yg pick me ey!!! Hukum tuh!!?,1
Lanjutkan ke pengadilan. Gak cukup permintaan maaf.,1
Org Tua yg Membela anak yg sdh Salah Pasti waktu mudanya juga anak anak yg Nakal !,1
Beneran anak seumur gitu sampe nginjak2 leher ? Gilaaaaa gede jd apa itu ?! Psikopat ?!,1
"Kenapa sih yg suka buly wajah"" buruk",1
Laporin polisi bu.. Biar kapok.. Sok jago,1
"bener ibu,,;ketka anak kita di bullyng,,org tua ngak terima",1
"sy sarankan u/ orang tua...ajarkan anak"" kita cewe apa cowo untuk berlatih ilmu beladiri...baik untuk olah raga..melatih mental...❤",0
"Tae stop bully😂 balas dgn 3x lipat baru bisa stop,sok bijak u jing",1
WOe tandaiin mukanya mau cewek cowok jangan anggap remeh tuh nyawa org bangke bangke kasian korbannya,1
"""NAMANYA ANAK ANAK"" masii gelindung diri pake kata kata gituan jelas jelas ada bukti?, Injek balik aja injek biar m*t* sekalian",1
Muka nya kaya taee😅,1
"paling JIJIKKKK sama ortu yang uda tau anak nya salah masi bilang ""namanya anak anak harus dimengerti "" lu gagal kocak jadi orang tua, gausa punya anak sekalian kalo uda tau anak nya salah masi dibela",1
"Muka: *saya salah apa?* Hati: yes, saya dibela",1
"Injek lg Buu batang lehernya dpn nneknya tuhhh abis tuuh seret keluar bawa ke polisi,,,geretan ane liat mukanya yg nyolotin iih najisss🤬",1
"Ayo netizen, siap serang gak nih, masa yang ngeledek outfit kampungan bisa di bikin trauma, ini sampe nginjek leher loh",0
Itu udah lama ya... Sekarang gimana ya perkembangan kasusnya?,0
Terus kasusnya gimana ini 5 bulan lalu? Nyesek banget dengar ibunya nahan emosi kalau aku dah kugampar tuh,0
Kalo dari kalimat2nya mah emng songong tuh anak.pake ngatur2 orng tua.jngm di maafin bu,1
"Orang tua dak usah bela anaknya,harusnya anaknya, dimarahi,dihukum, dan di didik..kalau tak minta ma'ap,atau buat perjanjian,kasuskan saja biar kapok.. .",1
"Kalau jalur hukum ngga bisa di pake jalur keluarga an, ga usah pulang bu tunggu in disana, tunggu sampe buat perjanjian hitam di atas putih ada rt rw, perjanjian sampe lulus.... Kalau kalau ngga, biar enak sekolahnya",0
Emang banyak anak anak anjing yg suka bully anak lain di sekolah. Dan seringnya guru atau wali kelas itu ga bs berbuat apa apa malah cenderung membela,0
Muka nya itu lo kayak ga punya salah apa2 pdhl dia yg salah mlh dia yg di belain,1
Orangtuanya si pembully sudah gagal mendidik anaknya,1
"ni anak sekolah udah gk bs di maafin, dia dr ngadepin orgtua melihat mentalnya gk takut,pelajar sperti itu berbahaya, hrs di hukum dr kecil",1
"Namanya anak-anak... Iya bu anak-anak juga ada: - anak baik - anak rajin - anak sholeh - anak setan juga ada... Tinggal anaknya tipe anak apa. Indonesia bener2 darurat moral. Mestinya yg dibenahi pertama itu moral, akhlak anak2... Bukan MBG yg buang2 anggaran. Anak2 skrng miris... Gak hormat orang tua, gak hormat guru, bullying, pergaulan bebas. Jauh... Dari agama dan adat ketimuran. Rusakkk...",1
Q kalau jadi orang tua nya juga marah kalau anak di bully apa lagi lihat video nya mungkin kalau q yang jadi ibunya lihat pelaku yang bully anaknya sudah habis itu tidak perlu banyak omong apa yang anaknya rasakan pelaku juga harus ikut merasakan juga biar setara dan tidak ada bullying lagi,0
Kayak nya bloon banget tuh mukanya,1
"MUKANYA UDAH KAYA PREMAN PASAR,INJEK BALIK BUK TU ANAK",1
Ngeseliiiiin mukanyaaaa,1
Jujur aku pernah jadi korban tapi sama aja anak² nya dibela sama orang tua malah orang tuanya bilang tergantung anak anda yang bisa bersosialisasi atau ngk nya sekilas gw nahan emosi aku yang ngerasa ngeliat orang kaya gitu jadi pengin ngk terima,0
"neneknya bego. ""namanya anak2."" coba klu cucunya yg d gituin pasti udah mencak2. laporin aja secara hukum Bu..biar tau rasa",0
Anak2 sdh berbakat jadi penjahat Boleh perlindungan thd anak tp jk sdh ada bibit hati hitam spt itu wajib diobati,1
Bibit bibit bener2 udh keliatan. Ga nenek sama anaknya. Muka ngeselin dan ga merasa bersalah,1
"Benci bgt sama kata""namanya jga anak-anak""payudara udh gede gitu anak² kata lo!!!!!????",1
😂ealah nduk nduk...muka lu Uda jelek ati elu jelek juga...,1
muka plenger nginjek leher,1
"Muka polos, kelakuan masyaallah astagfirulloh",0
pelaku mukanya ky pria 😢,1
"ini kenapa, diinjek lehernya kah, itu bocil pelakunya kok kek gaterima gitu mukanya sebel bgt",1
Kata aku sih ya Yang ngebullynya udh digedein Dengan kasih sayang dimanja malah ngebully Kyknya hati ibunya sakit banget deh... Tpi aku lebih kasian sama yang yang di injek lehernya .. KATA AKU SIH DISIDANG AJA GITUU.. AKU JUGA PERNAH DIBULLY SAMA BESTIE AKU TPI NGGAK SAMPE KAYAKGITU ...,0
Cuih najis pembuly kaya gitu udah jelek fisik jelek pula hatinya mana mukanya dempul pura¹ kaya orang oon belagak gatau apa apa cuih amit amit gatau perasaan seorang ibu kaya apa sakitnya ketika liat anaknya di sakiti sama pembuly yg gatau diri kaya gini diri sendiri gamau di interogasi atau di hakimi sama ibu itu sampe mampus tapi dia sendiri ga punya hati merundung anak orang tanpa rasa bersalah ku harap sih di keluarin dia itu dari sekolahan jijik banget liat remaja yg kurang etika kaya gini ga patut untuk di contoh generasi anak muda seharusnya kita itu memperbanyak teman bukan menormalisasi kan pembuly an kaya gini jujur saja aku dulu di SMP jga sama ngerasain pembuly an kaya gitu dan aku gada orang tua yg bisa lindungi aku untuk cari ke Adilan seperti ibu tangguh yg ada di vidio ini tapi aku bersyukur semakin aku di tindas waktu aku dulu di bully justru aku makin kuat ngelawan orang¹ yg seperti ini bagiku kalo ketemu pembuly kaya gini dia mau jahat ke siapapun pasti aku ga terima atau biarin anak orang di bully sama orang yg kaya gini mau temen mau orang asing kalo ada yg nyakitin sesama manusia jika aku melihat nya aku takan tinggal diam selagi bisa ku tolong pasti aku tolong dan aku basmi hama yg ga punya otak kaya pembuly ini dasar cewe dempull suka bully anak orang semoga Rizki mu seret mbak semoga lulus sekolah ga di terima kerja karma pasti datang menghampirimu😡😡,0
Mukanya plenger gitu lg awkwk,1
"Nggak terima aku anak kayak gitu aku ingin pihak sekolah keluarin dari sekolah, dan tidak diizinkan masuk ke perusahaan apapun agar dia nggak dapat kerja dimasa depan",1
"Hidup miskin banyak tingkah otak dengkul monyet anjing babi hutan,,yang kaya gitu bukan anak² lagi",1
Muka pelaku ky perek. Berani nantang dan gesturnya kurang ajar ke orang yang lebih tua. Mesti diempanin ke begal Prindavan ni perek seekor.,1
"""Kan masih anak-anak"", katanya???? BACOT !!!!!!!",1
"Paling benci dengan kalimat ""namanya juga anak-anak"" heh anak2 juga harus di kasih tau kalo dia berbuat salah jangan di maklumi terus kelakuan gak baiknya, bisa berdampak sama masa depannya woy",0
babi itu. anak orang baik2 di buat susah. jgn di lindungi,0
"Wajahnya mirip banget sama temen SD aku dulu, orangnya tukang bullying juga",1
Seperti biasa muka pembully lebih jelek daripada korbannya,1
Laki itu kayaknya. Mukanya aja mirip kayak laki2 😂😂😂,1
Muka dan kelakuannya sama hahhhh,1
Jangan bilang wajar anak anak itu kelainan emang anak umur 5 tahun....KLO orang tua ga bisa didik biar di didik orang lain,1
Namanya anak-anak.alasan basi Anak-anak itu punya orang tua didikan orang tua,0
Blacklist di semua sekolah udah keliatan kan mukanya 😂,1
"BUAT PELAKU PEMBULIAN DI SELURUH SEKOLAH MANAPUN DIMANAPUN LU BERADA, LU ITU SAMPAH. PANTAS BANGET MUKA LU PADA UNTUK DITENDANG, Cuih",1
"Gak bisa menilai dari satu sisi secara langsung, kt gak tau apakah ini asli penbulian atau karena ucapan yg mungkin bikin si anak jadi tersinggung, intinya keterangan kedua sisi harus didengarkan dulu , baru bisa vonis tingkat kesalahan nya Note ya , jika benar anaknya di injek leher si anak sekolah salah pastinya , verbal ketemu fisik yg fisik yg lebih salah",0
Proses masukin kepenjara,1
"Jangan biarkan pembully seenaknya,, tetap diproses hukum, jangan sampai lepas, tuntut sampai masuk penjara sampai dia merasakan enaknya berada dibalik jeruji besi.",1
Makanya dek jangan makan MBG terus biar otak lu waras😂😂😂,1
"Saya juga termasuk korban bullying, saya perempuan dan pelaku adalah laki-laki. Dari ejek nama bapak sampai pernah di masukan ke mulut empeng bekas anak anak dari tanah. Apakah saya diam....oh tidak saya lempar mereka dgn batu ke kepala mereka 3 jahitan didapat. Emaknya datang ke rumah marah marah. Emak ku bilang coba kamu bilang sama tante itu, apakah yg anaknya lakukan ke kamu. Cerita ke emaknya pelaku dan diam saja. Setelah selesai cerita , sdh dengar bu cerita lengkapnya. Kalau ibu mau di ganti biaya jahit saya ganti. Bilang ke anak ibu, kalau mau tambah lagi jahitan dikepala, ejek lagi anak saya dan jahitan berikutnya ke mulut anak kamu. I love emak ku.",0
Hukum pelaku sangat bahaya bisa anak yg di bully meninggal kurang ajar nih anak. Ayo buk hajar buk aku paling benci anak yg suka bully anak orang,1
"Pelakunya kayaknya muka penipu,gaskeun ibu..",1
Yg anaknya di bully orang tuanya harus kaya gini.....Ojo diam ajaa....bagus Bu lanjutkan injek gantian aj lehernya...mukanya nyebelin bgt,1
Ada yg bisa menjelaskan kronologiny seperti apa ? Harus melihat dari kedua belah pihak mungkin yg di bully dan yg membulily ada kontak non fisik atau fisik sebelumny,0
"Tandai muka nya,kl ketemu bully juga dia,keluarga nya juga,eh nenek tua diem lo,bales bu,kasi salam olahraga",1
tobat damprat aja.. anak anak kurang ajar suka.. buly seret ksh masuk kepenjara…,1
Udah kebiasaan membuat perundungan giliran didatangin orang tuanya tak terima eh memang tak punya adab Memangnya batang leher manusia itu batang pisang apa Untung aja bukan di Belawan Ini kalau tidak ku hilang kau,1
Yg buat sesah kluarkan dari sekolah...perempuan...kok sok an jd preman...,1
"biasa dimanja neneknya,kalo ngambek dituruti terus biarpun marah2...",0
Muka nya jelek gtu emng cocok jadi pembuly bawa kantor polisi,1
"Psikopat ini anak,jahat wajahnyaaa",1
Saya dukung ibu yang bela anaknya. Banyak anak yang takut masuk sekolah karena dibully teman2nya anak tersebut tskut dan menjadi depressed kadang2 sampai binuh diri.,0
jelek bgt..,1
"Update kasus nya,lanjutan nya gimna ini?",0
"Kalo anakku dibully sampai disakiti fisik, gua balas tuh anak. Depan emaknya, depan gurunya",0
ya allah sudah jelek jahat lagi,1
Sikat mom masukin kandang singa😅,1
Lanjutkan saja perkara ini sampai ke ranah hukum .supaya tidak terulang..pelakunya bisa jera,0
Kenapa sih rata rata yang suka bully tuh maap ya mukanya kek tempe pas pasan,0
"Badan kurus kerempeng,, untung gak di patahin sama si ibu,,😂😂",1
Wajah wajahnya kayak wajah profokator setan,1
Keluarkan dari sekolah aja itu siswi yg terlibat ..muka bajingan,1
"Anak"" tapi otaknya kriminal,di hukum saja biar gak kurang ajar,kalau anakku di gitukan sudah aku hajar biar kspok",1
"Selama tdk ada proses hukum, selamanya ga akan selesai kasus bulliying",0
Pura-pura BEGO LU TU NENEK2 JG GAK USAH NGOMONG.. NGOMONG APAAN ANAK2 SUDAH BISA CETAK ANAK TUH CUCU LU LOL,1
"saya ortu yg anaknya jg korban bully. sangat merugikan sekali bagi kmi sekeluarga. kl tahu siapa yg mbully pasti saya seperti ibu ini jg. anak saya SMA kelas 1 depresi dan tdk mau sekolah. sudah pernah 3 kali masuk RSJiwa, sblm nya jg sdh pernah bbrp kali ke psikolog dan dirujuk ke psikiater jiwa. sungguh melelahkan dan perlu kesabaran ekstra dlm merawat dan mengobatinya. Alhamdulillah sdh mbaik dan msh lanjut sekolah, walaupun tdk semangat seperti dl dan ini mau ikut ujian masuk kuliah. Mohon doa bagi anak saya, mudahan dimudahkan, dilancarkan dan diberi yg terbaik dlm hidupnya 🤲 utk pelaku bully nya semoga diberi balasan yg setimpal...",0
"Cilacap kotaku hampir 4 lbran ga bisa pulng ga ada ongkos juga bekelnya,,,yah pastinya lah klu saya sendiri anak dibully pa lagi sampai luka waduh pastinya saya kasih jamu pahit yg ngebully yahhhh",0
""" NILA SETITIK RUSK SUSU SEBELANGA "" KASUS KRIMINL, MASUKAAN KEPENJR ANAK ANAK. ITU GUNANYA PENJARA ANAK ANAK YG BRUTAL.",1
Yang make masker sok asik,0
"Semoga anak yg suka mbuly ...ktemu karmanya....Aamiin.dan yg dibully,semoga diberi ksabaran.....",0
"Penjahat jgn di tutup2 Pi foto wajahnya sebarkan ke seluruh media & tempel di jln2 kalau perlu BPK & ibunya foto sekalian , intinya agar anak itu trauma, pasti daerah itu banyak pengikut plat g yg suka persekusi & kekerasan",1
Yang melerai tidak ada otak.,1
Orang tua mana yg ga sedih dan marah anaknya dibuli apalg sampe dianiaya😢,0
"Anak gw masih umur 3 tahun di hina gagu karena speech delay,di bilang aneh karena ADHD.. GW SEBAGAI IBUNYA LANGSUNG NGATAIN EMAK2 YG UDH BULLY ANAK GW.SEMOGA SUATU SAAT MEREKA DAPAT KARMA",0
"Udah ada yang nolong belum, Butuh bantuan?",1
"Saya pun bila ada di ibu itu, saya caci maki dan harus tatap muka dg orang tuanya utk dikasusin skalian.",1
Ibu harusnya ngeludah anak anjing gitu harus jadi budak kalau bisa sujud sujud depan kita,1
Mending pindah negara karena Indonesia ini udah penuh dengan budaya korupsi sehingga banyak kasus seperti ini.,1
Yg kaos hijau Sok bener,1
anak yang membully tidak punya adab adalah cerminan orangtuanya nu GE_li_L_e_O,1
"Kenapa di lerai, kemana aja guru ,sampe murid di aniaya kok diem ,orang tua mana yg gak ngamuk... Waktu anaknya di bully dan di aniaya juga gak ada yg melerai apalagi ngasih sangsi...mana keadilan",1
"Gw aja yg bukan siapa siapa ngerasa sakit pada korban buliyying apalagi orangtuannya,",1
"Hafal binatang itu pnya muka, kalo ktmu, langsung balas 😠",1
"ayok2 kawan2 wartawan semua kawal kasus ini, dan seterusnya sampai ada keadilan merata",0
Gausahh bacott marah² gituuu buuu ! Tabok akaa langsung!,1
"Inget dulu anak sendiri dibully waktu kelas 4 SD. Biasanya pulang jam 12 tp ko kenapa hati pengen datang ke sekolah. Ternyata anak dibully sama 2 orang yg satu nonjok perutnya yg satu nyekik lehernya sampe ampir ga ketolong. Saya langsungmarahin kedua anaknya dan panggil orangtuanya. Efek pasca bully nya lumayan makan waktu lama sampe 2 tahun. Saya selalu ada terdepan utk anak anak sampe lulus SMA.orang orang tau annak saya gimana baik, tdk macam macam, pendiam juga. Harus ada sanksi tegas dari sekolah utk kasus ini. Kalau sampe tindakan kekerasan dan kriminalitas harus dilaporkan ke pihak berwajib",0
Anak yg ngebully anak anjing calon sampah masyarakat,1
kalo adek gua berani di bully sama temannya kayak gini. parang panjang gua bawa dari rumah ke sekolah,1
"Bagusnya pembulian di skolah2 harus dimusnahkan, klw perlu dikasi keluar siswa yg tukang buli di skolah geram sya baliat anak2 ingusan skarang sok jago 😌",1
"Wajar seorang ibu cintanya tulus kepada anaknya,apa lagi anak nya di bully pasti orang tua tak terima Karna orang tua merawat dari bayi sampai besar dan buat orang tua korban tuntut si pelaku seberat beratnya.",0
Fotoin buk.. tandain mukanya.. kita selesaikan dluar secara adat,1
"Gak usah lapor, cukup selesaikan secara kekeluargaan. Hajar para pelaku sampai cacad, sudah selesai.",1
"Kasus bullying ini serius lhoo..gk bisa hanya diselesaikan di hadapan guru/sekolah,bawa kantor polisi supaya ada efek jera...STOP BULLYING!!!",1
Datangin rumah nya. Amukin orang tuanya juga.,1
Kenapa si di indonesia gak ada hukum darah bales darah jadi kan kalo di penjaran kalo orang tua kotban tinggal minta mau bacok apa maaf kan puas,1
"Yang ngalangin sok imut sok baik, biar aja ibu itu ngata2in Yang ngalangin belum ngerasain anak nya dibuli..tar",1
"anak anjing itu anak,, bukan anak manusia,,",0
Kalo gua itu bukan cuman marah anjir bakalan gua bales perlakuannya,0
"Ini yng melerai ampe 3 org,si ibu korban&cuma seorang diri,woyy dimana otak kalian korban ga boleh membela diri,protes gitu!!!",1
Bubarkan saja sekolah itu yg cuma mikirin duit dan duit saja.sekolah sampah,1
"Melindungi pelaku bully sama aja mendukung pembullyan, karena logika ny nga ada efek jera. 😅 pasti kalo nga ada konsekuensi pelaku santai. Semoga yg ngatain sabar ke orang tua korban gw doain anakny di bully. Amin..... Sekarang gw tanya pake logika sama seluruh orang tua, seandainya hukuman pelaku bully cuma di maaf in aja hukuman ny.... Pertanyaan nya mending mana, anakny jadi korban bully atau jadi pelaku bully..? Jawab masing 2 ya..... kenapa gw bilang orang yg nahan2 ibu korban terus bilang sabar2 itu munafik. 😅",0
Pembulian termasuk kejahatan harus kena pidana,1
Marahin doang kurang lah ada balesan fisik juga harus nya,1
Korban bully biasanya akan tumbuh menjadi org pendendam dan penuh kebencian memang gk smua tpi rata2 seperti itu karna saya adalah korban bully waktu SMP,1
"Gini aku dulu pernah di bully dan itu pas tk sampai sd aku lapor ke guru percuma nanti kalok ketahuan bilang ke guru di pukulin lagi bilang ke orang tua juga gak berani, dan ini solusi aja fikiran ku waktu itu aku di pukul aku juga harus pukul dan jika di fikir² kalok diem aja pembully pasti akan makin seneng kalok kita dem jadi harus berani sih kalok mau bebas dari bully kita harus bebas dari belenggu diri kita sendiri maksudnya bebas dari rasa takut yang berlebihan 😊",0
pidanain aja. pelaku bully itu emang anjing,0
"Makanya ajar anak mu, biar kelakuan baik, jangan bully orang, bangsat. Gak pantas kau marah2",1
"@GhraAgags Korban bully yang d0ng0"" itu lho yang suruh sekolah yang bener. Mereka lho kadang cuma berlagak sok pintar dan sok dingin dengan jadi pendiam.",0
"Tapi kadang korbannya itu gak tau diri juga, gw kadang benci lama-lama kalau emang korbannya sendiri d0ngggooo gak bisa mikir kesalahannya apa. Minimal itu bisa mikir lah apa kesalahannya.",1
"WOI!! Yang korbannya juga harus ngotak dikit lah!! Ngotak lah dia itu salah apa!! Jangan dikit-dikit pelaku bully aja yang disalahin. Mereka juga manusia, mereka berhak memberi pelajaran ke korban.",1
Klo anak saya dibuly akan ku kejar biarpun kelliang lahat..😡kalau mau sekalian orang tuanya diajak duel.,1
"Otang tuanya GaK bisa ajar anknya,biar ibu ini aja hajar anknya.itu karena otg tua ank yg buli selalu benarkn anknnya buat sesuka hatinya.",1
Jangan di halangi woy . Biarkan ibu itu membabi buta . Biar jambak ajjah tuhh pelaku bully . Aku klo jadi ibu itu udah di jambak muka nya sekalian . Nafsu bgt gw sama yg namanya pembullyan,1
"Ak nek dadi wong tuane korban yo tak kampleng tenan wi pelakune, asli gregetan",1
di jaman sekarang anak SD udah seperti kyak preman ntar gede lgy masuk stm perang bawa Sajam gimana bangsa ini mau maju orang penerus bangsa nya kyak preman,1
"Yg perlu dituntut adalah Pengasuh, Pengawas n Guru disekolah... Semua org tua telah menyerahkan kpd mereka.. kedua pelaku klw dibawah umur org tuannya .dia harus bertanggungjawab .. hal ini perlu dikodifikasikan kpd aturan hukum .. bgt..",0
terus kepsek sama gurunya diam aja..atau cuma dikeluarkan dari sekolah yang bully..gak main lah....klo anak q di bully yang pasti q kubur masa depan anak yang bully itu di sel..termasuk pengajarnya di sekolah..tuntut ke pengadilan..klo gak bisa pakai hukum rimba..beres urusan,1
"Itu yg halangi ga ngrasain ya klo anak elu yg di buly dianiaya, sok sabar2....semoga aja yg misahin merasakan seperti apa yg ibu itu rasakan, semoga anaknya di buly biar bisa ngrasain kli disuruh sabar gmn rasanya.....!!!!",1
NGAPAIN DIPENJARAKAN Ngotak lah!! Mereka salah apa coba sampai dipenjarakan,1
"Orang tua si korban juga gak bisa ngajar anaknya dengan baik. Lebih gagal orang tua korban daripada orang tua pelaku dalam mendidik anak. Korban gak didik orang tuanya dengan mental kuat, korban cuma cupu, korban gak bisa apa-apa. Salah siapa coba? Pembully? Ya nggaklah, salah orang tuanya gak bisa didik anak",1
Jangan hanya menyalahkan guru di sekolah dan tidak serta merta menyerahkan sepenuhnya ke guru.Orangtua juga punya andil peran penting dalam pendidikan.Parenting terhadap orangtua itu penting.kenapa anak jadi pelaku pembulyian.Intinya semua harus berperanserta dalam pendidikan anak.Madrasah yang pertama adalah dirumah.,0
@indahhandayani3644 Maksudnya selama di Sekolah ...itu secara imperative ada dalam pengawasan Tim.Gauru... Org tua ga mungkin mantau selama ada disekolah.. klw dah diluar sekolah itu tanggung jawab pihak . Orang. Tua.. Bgt.. Neng ..,0
​ @indahhandayani3644 tau tugas guru gak kenapa Guru disebut pengganti Orang Tua Di sekolah,0
"Ciri2 orang bodo ini, punyak anak itu di ajarin adab, kok bisa gurunya yang mau di tuntut, peran orang tua itu penting, guru hanya pengganti orang tua",1
Ga setuju. Tugas utama mendidik anak adalah org tua dirumah. Itu namanya org tua lepas tanggung jawab ga boleh gtu,1
Harusnya bpk2 jgn di pisahin biar gantian dibully sma org tua korban,1
Kakak kelas sebocil itukah😂 Kalo lawan gw yang ada si mk knock duluan,1
Bodoh bapa itu halangin ibu itu orng lepas aja pa biar ibu itu tempeleng anak yang buly itu gmna rsa buat bapa yang hlngin ibu itu jngn bodoh ya pa otak di pake pa,1
Harusnya para pelaku di bu*uh untuk peringatan supaya tdak ada lagi kasus bully,0
Pihak sekolh seharusnya tidak mempertemukan orang korban pembullyan dengan pelakunya dong... Pasti si pelaku kena semprot dan damprat.. seharusnya si ibu ditenangkan dulu dan dipertemukan dengan orang tua pelaku .. Kalo seperti yang di video mah jadi ramai..,1
Anak sok jago..tabokin aja tu pelakunya,1
KASIH IBU SEPANJANG MASA,0
"Saya sebagai orang tua dari dua anak jd takut mau menyekolahkan anak anak saya... Waktu anak pertama saya di tk aja sering dibully sm teman temanya...ya karena mereka masih tk...jd sy cm bs sbar dan menasehati tman2nya itu Dan sejak anak sy kena bully itu,dia jd pendendam Pdhl dulu sblum kena bully,ya mungkin temannya isen ngejailin Saya bilang sm anak sy,temenmu itu si R,jahat skali ya ma kamu Tp anak sy bilang begini ke sy dia itu temenku,jgn jelek2in temenku Tp sejak dibully,hmpir tiap hari,wktu itu sy gak nungguin anak sy sekolah..tp ada saksi ortu yg lain yg nungguin anaknya bilang gini ke sy..anakmu itu mndingan kamu tungguin,soalnya dia sering di bully ma temennya,mereka keroyokan...hmpir tiap hari lho..takutnya nanti anakmu jd stress Katanya jg anak sy diperlakukn sprti menyemburkan air minum ke muka anak saya,topi dan sepatu anak sy dilempar ke sana ke sini.. Dan jd sejak saat itu sy tungguin anak sy sekolah",0
"Buat orang tua korban tungtut si pelaku seberat berat nya,,mau blm cukup umur ke apa,,kalo si pelaku di jatuhkan hukuman 3tahun 6bulan ,,si pelaku harus ngerasain rasa sakit si korban",1
Pijak kepala orang tua si pelaku brooo kepala orang tuanya halal untuk ditapaki 🔥🔥🔥,1
"Saran gua y ini mah saran doang buat korban bully yang kalo dibully mereka gk mau ngelawan karena ketakutan, buat apa kalian takut ha buat apa anj, hajar lg aja, nanti ujung²nya jg kalian babak belur karena dihajar, mending ada perlawanan dari pada tanpa perlawanan sama sekali",0
Tenang aja bu ...biar pelaku di penjara....ibu ga usaha khawarir anak itu keluar dari penjara masyarakat yg ndukung ibu bnyak ko yg nungguin dia kleuar....pasti ntr jadi remuk lebih parah dari anak ibu yg di aniaya.....biar dia tau kalo sok jago sok kuat menindas yg lemah masyakat bu yg bisa ngasih hukum sebenar nya.,1
Generasi milenial sampah,1
Orang tua mana melihat buah hatinya dianiaya......ikut mendidih darah ini melihat penganiayan tersebut,1
Siapapun guru yang ada disitu kalo cuma diem asli demi Tuhan gw berantemin gurunya. Biar ngotak dikit,1
"Itu si ibu jangan ditahan lah goblok, biarin si ibu jedotin kepala pelaku ke tembok. Gemes gw, gw juga pernah dibully semasa sekolah, ngerasain betul gimana sedih dan marah dan sakit hati dan sakitnya dibully. Pelaku perlu mendapat hukuman setimpal, dan jangan ada perlindungan atas dasar dibawah umur padahal kejahatan nya tidak bisa ditolerir,agar tidak ada lagi pembullian diindonesia",1
Sampah masyarakat itu pelukunya,1
"Anak badung jaman sekarang ga cukup dibacotin, jaman gw dibacotin langsung nyesal dan minta maaf Kalo jaman sekarang cocoknya di bacok kepalanya biar nyesel dan baru minta maaf",1
yg pake baju hitam nyapo menghalangi ibunya Felix biarkan saja,0
"Bocah tolol kaya gitu mah gampar²in aja kaga punyak otak kek orang tua nya kaga di ajarin Adek atau sodara gua di gituin, gua tandain pelaku nya",1
Penjara seberat beratnya.. kasian orangtua korban pak.. hatinya hancur.. anak nya di aniyaya seperti itu.,1
Orang tua mn yg terima anknya d bully..jd wajar klo beliau marah,1
Pelakunya Mungkin Sudah Jadi Anak Anjing,1
yg goblok yg larang2. biarkan aja biar tau konsekuasinya apa. kalau dibela2 si pelaku besar kepala.blok,1
Ya allah bru liat vidio nya ya allah sejahat ituuu smpe si pukulin di siksa di aniayaaaa gmna perasaan orng tua nya yg ngeliat vidio anak nya kita ajaaa yg bukan keluarga nya sakit bngtt ngelit nya,0
Kl saya menjadi GURU HONORER Sertifikasi sebelum mengajar ILMU IPS saya sempatkan 15 menit utk menayangkan kasus2 ZALIM!!! Shg WARNING utk anak kl mau berbuat ZALIM dan saya beru hadiah utk abak yg SABAR menjadi anak BAIK. Mengapa saya begitu krn saya menginginkan anak2 pinter dan bermanfaat bagi orang lain!!! Anak2 hasil didikan keluarga dan sekolah !!! Pemerintah hrs buat UU sanksi tegas dan denda tinggi utk perbuatan ZALIM shg g ditiru dan diulangi lg,1
gaplokin aja sekalian sama org tuanya ga bisa didik anak tu org tuanya,1
"Jngn kan org tua nya,gw aja yg bkn siapa2 nya dia ikut kesel klo ktmu org2 kyak gt",1
Jgn kasih ampun...masukin penjara,1
"Saya bukan orang tua korban aja kesal ,,, mudah mudahan di proses hukum jgn pandang usia Krena pelaku terlihat tidak punya perasaan",1
"Orang Tua mana yg ga ngamuk liat anaknya di hajar habis habis an sampek hampir mati.. Itu si pelaku harus di hukum seberat beratnya, semua yg terlibat.. Biar ga ada lagi ke hadian serupa..",1
Hati orang tua mana yang tega melihat anaknya digitukan?,1
Itu laki laki gk usah sok memisah.,1
Idon Ono bu. Ancen raine asu. Anak teko pejuh bosok,1
orang tua pelaku kemana😂??? mereka jg salah satu penyebab anaknya ga becus,1
"Kalo anak gw yang di bully sih lapor polisi belakangan deh, gw dulu yang turun tangan. Ini anak2 pembully dikasih makan apa sih sama orangtuanya?",0
Orang kayak gitu emang gak ada otak udah enak disekolahin biar pinter malah bully anak orang semoga anak yang menjadi korban bully cepat sehat,1
Wajar kalau org tua korban marah,0
Gausah ditahan buarin digebukjn lah kebiasaan bgt dibelain bodoh bgt yg misahin bloon bgt orang udh maen fisik juga biar tau tiap perbuatan tu ada balasan,0
Ini udh masuk percobaan pembunuhan masukkan pasal pembunuhan biar jera,1
Robek aja mukanya pake pisau Itupun blm setimpal,1
Datangin org tua nya buk..samperin rmhnya buk..,1
jelas itu pembully bangsat itu mah.....harus dihukum berat sampai korban patah tulang rusuk,1
"Saya gedek liat nya,kampang babi anjing itu anak,",1
"Wajar seorang ibu cintanya tulus, apa lgi seorang anak do buly jelas orang tua tak terima krna dia yg merawat dari bayi smpai besar tak pernh menghajar smpe sekarat",0
Hati nurani org tua... biadab tuh pelaku. Potong tangan nya,1
malah ditahan tahan tolol.. Biarin aja bocah gitu dimaki. kalo ibu itu mukul baru di tahan. modus semua itu bapak bapak tolol. kayak mana kalo anaknya yang dibully,1
Coba di Kalimantan bs2 dikuliti kamu bocil,1
"Si ibu harus sabar dan tidak perlu emosi ketika menemui anak dajal yg menganiaya anaknya. Datang aja baik2 supaya bisa ngobrol dengan tenang, dan kalau sudah tenang langsung berikan 100 bogem mentah ke muka tu anak dajjall!!",1
Memang babi tu pelakunya,1
"Kalo anak yg membully itu di bebaskan tidak di hukum seberat2x maka akan banyak melahirkan pembuli2 lainx, makin banyak anak2 yg jd korban, qt sebagai org tua jd kawatir menyekolahkan anak2 qt, gimana negara bisa aman, kalo penbully di lindungi",1
Kalau saya sebagai orang tua anak tersebut saya tetap menempuh jalur hukum. Tak mau saya hanya dengan minta maaf dan berakhir damai. Enak banget,0
Sedih banget anjir.ibunya pasti sakit banget itu anaknya di gebugin sesadis itu,0
"Kurangnya pendidikan dan kasih sayang orang tua pada anak, jangan salahkan 100% kepada anak, orang tua ikut andil dalam mengasuh anak, buruk dan baiknya anak tergantng pola asuh orang tua.. salah anak gagallah orang tua, baik anak baguslah orang tua mengasuhnya",0
kepruk ndase bu ..bene g tuman pembully sok jago..,1
"Ini hanya salahsatu cabang masalah di bidang pendidikan sosial belum masalah yg terjadi di ekonomi, politik, budaya, dll Masalah cabang itu hanya bisa selesai ketika syariat Islam diterapkan secara kaffah dalam kesatuan Negara",0
Tendang n gampar aja bu itu si kampret...,1
"Ayahnya ke mna ccokk? Waahhh... Gua jdi ayahnya sih gk terima gua seret keluar rumah, gantian pukul, injek2 palanya ampe koma, patahin 1 tulangnya, banting dlu sekali baru tinggal Nunggu2 karma kelamaan, sekali2 Mandiri jan dikit2 karma dikit2 karma",1
"​ @nauvalrmdn21 bukan gitu Buambang... maksud dia kl hukum Islam ditegakkan mmng sdh sepatutnya. Anak yg sudah baliqh sdh keluar dr kategori anak2. Dia sdh dianggap dewasa, dan bisa dikenai hukum orang dewasa. Keluarga termasuk penentu hukuman jg, apakah pelaku dimaafkan atau tidak. Kl bgni mo nyakitin orang mikir 1000x",1
Semua orang tua akan lakukan hal yang SMA klo anak nya d perlakukan seperti itu,0
Klu di lihat kejadianya seperti itu mending ibu2 itu hanya marah.... Klu itu anak saya di gituan hemm mau lo ibarat bisa terbang saya tungguin sampai dia turun.,1
"Sekolahnya di bubarkan aja,,masa guru gak tau sampai 2hari...gilaaaaa",0
Berita Goblok udah tau berita lama masih aja dishare gua lagi sedih sedih nya malah akhir akhir nya hoax gua kira itu ibunya beneran,0
"Gak usah pada ribut, kunci untama santai dan tetap tenang, pelaku sepulang penjara ditabrak mobil aja paling kasusnya kecelakaan, beres kan, yang setuju like",0
Klau saya jadi org tua nya sdah saya Bwak senapan ke rmh pelaku . Biar saya tembak langsung,1
"Bayangin aja klo korban tu adik lu, atau anak lu, sampe tulang rusuk patah bgtu, belum trauma nya si korban bisa sampai tua itu inget.",1
Kalau aku mungkin langsung kerasukan lihat si pelakunya pengen bikin dia cium di kaki anak ku,1
"Penjarakan, kalo gak bisa.. orang tua pelaku penjarakan",1
PARANI BUK OMAHE KEPRUKI WONG TUANE SISAN ORA BISA NDIDIK ANAK,1
Ambil kayu bu pukul mukanya itu biar tahu merasakan oesakitan,1
"Kalau anak gw jd korban bullying, si pembully udh gue giling terus kasih makan anjing liar",0
"Sangat"" bisa memahami perasaan ibu itu,mau itu kasusu yg d Cirebon atw yg cilacap smua ortu pst bereaksi ky gt,sy aja kl dgr bullying anak"" lsg mendidih darah rasanya,,,",0
Sekolahnya jg gk becus mengajari murid dan terutama orang tuanya yg gk tau mengajari anak tentang perilaku yang baik. Klo sy di posisi keluarga korban maka saya akan mendatangi bapaknya dan menghajarnya karena tidak becus mendidik anak,0
Itu jelas yg bukan org tuanya saja marah liat video ot,0
"Lepaskan pelaku nya biar di masa ,anak sok jago arogan dan merasa puas ketika memukul menendang injak,itu ciri pisikopat,yg gx ada hati nurani,biar di masa aja tuh bocah",1
"Sakit hati seorang ibu tidak bisa di bohongin.. terimakasih ibu walaupun ibu meninggalkan kami sejak saya masi Tk, menghadapi Kehadirat Allah",0
ORANG TUA MANA ANJING YG BISA TETEP COOL LIAT ANAKNYA DIBABAT KYG GITU NETIZEN YG GK ADA HUBUNGAN DARAH AJA PENGEN NGEBANTAI BOCAH2 YG NGANIAYA TOLONG YANG PUNYA KERABAT DI RUTAN TERSEBUT TOLONG BERI MISI KHUSUS BUAT NYIKSA PELAKU,1
"Klo aq yg jd org tua korban ku bls lsg s bocah pelaku itu,",1
Udah hukum aja..gak usah ada yg namanya perlindungan anak..soalnya dia bukan anak manusia lagi..melainkan manusia planet..greget bet gue asu,1
saya doakan semoga anak ibu yg jadi korban bully itu kelak jadi presiden RI yg tegas dan bijaksana...berani berantas semua kejahatan tiada batasan umur di negeri ini termasuk koruptor..amin 🤲,1
Sok jago mending duel ama gw aja di ring,1
tes urin juga tuh orang kaya begitu.... dari gayanya udh kaya yg sedeng jgn2 suka juga tuh make obat2an terlarang...sok jago nantangin kesemuanya juga padahal pukulanya walaupun keras anak yg di pukul masih kuat... dia ga kuat karna udh saking banyaknya tendangan ke arah perut...semoga cepet pulih de... Aamiin,0
"Hrusnya gag usah dilerai,biar digoreng dijadiin umpan anjing",1
Otak otak politik,1
Gini aja bu. Anak ibu suruh latihan keras latihan fisik. Sehari minimal 1 jam. Genjot latihan selama 5 tahun. Terus ajak duel tu si pelaku. Saya jamin habis tu pelaku,1
Sampah masyarakat pantesnya digebukin rame rame satu sekolah,0
"Gimana gak kesel coba tipe pelaku nya kek tai kelakuan nya miris apa lagi masuk pesantren sering bolos udah pindah sekolah juga sama ehh tau tau nya buat kriminal,lu pikir keren gitu nendang orang sampai seadis itu? Coba gua tendang penis lu biar lu saat nikah kagak punya anak",1
"lepasin ibunya, biarin aja terserah dia mau apakan tuh anak bangsat",1
"bloon ini bapak² ngapain sok²an ngalang²in ibu² nya segala, biarin ibu² nya tabokin itu bocah brengsek.",0
Sama bang. Jgn kan ibu kandungnya gw aja kesel liat tuh pelaku.. pengen nendang mukanya sekali aja klo di bolehin mah😅,1
"2011, saya dulunya korban bullying waktu SMP, saya ingat betul mau kesekolah takut dan GK bersemangat,, sampai akhirnya saya minta pindah ke sekolah lain dan dari situ saya lebih semangat pergi kesekolah, untuk orang tua jangan ragu ragu tanyain ke anaknya ya gmn keadaan di sekolah, terutama kalau anak terlihat murung pulang sekolah.",0
Cabut fasilitas bantuan subsidi dll blokir pelayanan pemerintah blacklist dari BPJS untuk semua keluarga pelaku. Di penjara 3bulan,1
Wajarlah ibunya begitu.. Orang tua mana yang gak sakit hati setelah tau anaknya diperlakukan begitu. Semoga pihak yang berwajib memberi hukuman yang setimpal buat pelaku. Benar benar rusak moral anak jaman sekarang,1
Kalau bisa adain persatuan pemburu pelaku bullying biar jadi predatornya semua anak² nakal,1
Sudah kuduga beda kasus ini bukan yg dicilacap woyyyy itu cirebooonnnnnnnnnnn 😂,1
"Orang tua korban cuma marah2 aja di leray..waktu anaknya di aniaya apa ada yang melerai.. Wjarlah orang tua marah.. Sya aja yang bukan siapa2nya..kesel bget sama anak itu,,sok jago petantang petenteng..👎👎👎",1
"@AriWira-k2p kalo aku yg jadi ibunya korban, akan aku tendang kepala sipelaku, akan aku injak injak akan aku seret, aku marahnya udah meluap, aku tdk terima anak yg dr kecil disayang di sekolahkan, eh orang lain beraninya mukul, nendang nginjak, setan, ga punya otak, iblis",1
"kenapa harus di halangi, tolol buat yg ngehalangin bayangin kalo itu anak u tolol",1
"Ngapain dilerai biarin aja ibunya yg bales ,gw aja yg lihat vidionya sampe gk tega ,sok jagoan udah santri lagi bikin malu para santri aja ,blok",1
Tolol sia mah di halangan jenteing eta indung na,1
biarkan ibunya melampiaskan kemarahanya dengan kata-katanya. jangan dihalangi. karena itu bagian dari amarahnya sebagai orang tua yang keluar dari sakit hatinya.,0
Dulu pas smp persis dulu pernah seperti ini di bully sampe ribut begini tapi waktu itu saya masih melawan dan alhasil saya dan pembuly tersebut mengalami patah tangan tapi Alhamdulillah masalah selesai dengan secara kekeluargaan dan pada saat itu saya di palak ketika saya menolak dia langsung memukul saya dan membuly saya syukur saat itu saya berani melawan mungkin kalau tidak bisa mungkin saya akan bonyok juga seperti di video tapi dari kejadian itu yg membuat saya malas adalah itu orang orang yg menonton mempertawakan saya ketika di bully sumpah dulu pernah seling di bully tapi saya selalu kesal dengan orang yg melihat orang lain menderita mereka diam diam saja menurut saya dialah orang yg paling bajingan menurut saya dan menurut saya si TS ini bukan lelaki sejati saya tahu kalau perkelahian itu terjadi karena cewe memang dalam cewe boleh bersaing tapi jangan seperti ini kalau memang nya mau ribut ribut lah dengan adil ketika ada pihak yg menyerah seharusnya si ts berhenti saja toh percuma juga dia bonyokin juga pasti dia bakal kena batu ibarat kata si ts tak pernah memikirkan hal panjang kedepan tapi wajar sih namanya juga esempe apalagi kalau masalah cewe pastinya pemikiran bomat setelah bonyokin orang yg penting dendam sudah terbalaskan Untuk orang yg seperti ini sering di bully lawan aja mereka tak peduli mau kalah atau menang yg penting kita sudah berusaha kalau kalian di berani melawan cobalah cari bantuan dari orang lain untuk pembelaan seperti contoh minta bantuan ke teman yg lebih kuat atau nggak ke kakak kalian mereka membully kita karena kita terlihat lemah tapi kalau kita menunjukkan siapa sebenarnya diri kita saya jamin orang lain pasti mikir untuk mencari problem sama kalian 😊,1
Tolong di ceck ronsen buk anak ibuk yg di hajar sama anak haram itu. Awak jelek banyak ulah katek ambek an kau anak binatang ! Payah kalo anak haram banyak merugikan orang lain !,1
kok gw gak nemu ya yg isinya reaksi orang tua pelaku,0
Yang menghalangi sok baik,1
"Sy kl jd polisi dsitu.... gmn caranya khilaf pura2 kebelakang sebentar ninggalin pelaku. urusan apa keg.... biarkan ibu/ keluarga melampiaskan kekesalannya. Ikut gak terima saya, kl pelaku wajahnua dibiarkan mulus tanpa hantaman. Biar kapok",1
"Anak seperti ini lbh tak berguna dibanding sampah. Sampah msh bisa berguna bila didaur ulang tp anak ini sdh gk berguna,,,binasakan aja.",1
"Endingnya PELAKU D BEBASKAN KARENA MASIH D BAWAH UMUR atau mungkin PELAKU BAKAL D HUKUM RINGAN,DENGAN PERTIMBANGAN USIA PELAKU MASIH MUDA N MASA DEPAN MASIH PANJANG",0
Taboookkkk Bu.... Gemes gw... Di video sok jagoan.... Masih bau kencur aja belagu ... Penjarain... Jangan bawa bawa Komnas lah gemesss gw... Penyakit itu mahh,1
Kalo ini kasus yg lain ngapain lu beritain tolol,1
"Makin banyak aja kasus beginian... Dulu saya waktu sekolah agak pendiam , dan jarang berbaur juga sama anak"".. singkat cerita ada satu Genk dikelas. Mereka pada sok jagoan tapi mereka ga berani ngusik saya. Karena saya sesekali suka mengintimidasi mereka.. si boss juga sering minta dicatetin sama anak buahnya. Setiap dia minta catetin ke saya selalu saya tolak, tapi karena ga mau cari ribut terkadang saya beri mereka contekan. Bahkan salah satu anak buahnya dekat sama saya... Jadi intinya kalo kalian dapet perlakuan bully harus berani lawan supaya mereka ada sedikit segan, jangan didiemin terus yang bikin mereka semakin jadi",0
sebelum dihukum mati pelaku ditelanjangi dulu diarak sekabupaten cilacap,0
@aowkaowk5369 kalo udah bawa celurit itu udah masuk kriminalitas bukan level bully lagi,1
"​ @aowkaowk5369 welcome Indonesia zaman sekarang, anak di bawah umur udah pada pegang celurit dan pasti tu anak hasil hubungan gelap orng tua nya dan dah masuk kategori kriminalitas",1
sudah terlanjur ibu. gaguna juga marah marah. mending izinkan sy untuk melampiaskan kemarahan ibu kpda pelaku... mau tangn kanan ap kiri😊,1
"Mana ada orang tua ga marah melihat anaknya di siksa seperti itu,,,,,",1
Pasti lah Orang tua mana yang g marah liat anak ny d gituin Kalo kena anak saya Tidak ada kata maaf sebelum saya bikin si bang sat sama babak belur,0
"Wajar lah orang tua nya Bgitu Marah,melihat anak nya Di Siksa teman nya",1
Orang tua pelaku adalah orang tua paling tolol ga bisa didik anak,1
Orangtua pelaku mana nih..... Ga nongol.... Tuh anak lahir lewat apa woiiii,0
"Efek bullying itu sangat memprihatinkan terutama pada korban dan keluarga baik mental dan psikologis, mungkin pelaku perundungan bisa dihukum berat minimal disuntik mati atau dimasukan penangkaran buaya.",0
"Perarturan sekarang kan guru ga boleh melakukan kekerasan,apalagi fisik verbal pun ga boleh,aneh nya kok murid murid sekarang bar bar,belajar dari mana,jangankan ke sesama teman ke guru saja berani mukul,bacok,ketapel mata..belajar dari mana mereka tentang kekerasan",0
Jangan lah.. kalo masa turun tangan emosi memuncak bisa2 tu anak meninggal. Kalo meninggal malah masa yang kena kasus,1
"​ @fizlaz397 gpp lah, sampah kayak gitu kok dibiarin",1
"Bener, harus dibikin cacat seumur hidup biar kapok",1
"​ @Zielga ga bisa daftar Brimob dia nanti kalo di bikin cacat, Barangkali itu cita cita nya??",1
Lbh baik pelaku nya di buat kyk divideo kartel² luar negri.. Tngan nya dipotong dlm keadaan pelaku hidup klo ngk gtu wajahnya dikuliti hidup².. tp cuma orng sikopat yg brani lakuin itu.,1
"Lihat ajalah kalau gak dihukum setimpal... Makin banyak yg biru nanti... Gerombolan bangsat tuh kalau GK bisa ditindak kasih aja ke warga sekitar... Warga kan udah tahu perbuatannya,,jadi tahu apa yg mau dibuat",1
"Gw mah biar di siksa aja agar setimpal,minal kayak yng di lakukan ke pelaku,agar di rasakan sakitnya ,atau minal enjak-enjaklah kepalanya juga,gw muak lihat muka itu ank sik jago bnget padahal belum apa apa 😂😂😂😡😡",1
"Gue sangat benci sama yg namanya pembullyan, karna dulu pas sma gue juga jadi korban bullyan, 1 kelas anjir😢 selama 3 tahun, gue dikucilkan, gak dianggap teman, dihina trus, cuma dimanfaatkan, gue duduknya aja paling belakang, walaupun ngak main fisik tapi udah berhasil membuat mental gue terganggu😢🤣🤦🏻‍♂",1
"@suhermandoank202 gaada hubungannya cok🤦🏻‍♂ biasanya tergsntung anaknya aja, orang tua dari kota bodoh mana yg ngajarin anaknya bully orang?🤦🏻‍♂",1
"Tauh tuh :v Orang itu lebih besar dari gw.. gw cuman bocil, tapi bocil mana yang mau menghormati kakel (kk kelas) kaya gitu??!!",1
"saya baru lihat sedikit diawal, langsung nggak mau melanjutkan...karna emosi berlebih, sakit hati...campur aduk...pengen tak hajar balek tu MK",0
"Iy betul,klo sy jd org tuanya sy jg akan ngelakuin hal yg sama mungkin bs habis sy tamparin tu anak, tendang jg perut sm kepalany biar dia jg ngerasain gmna sakit ny",1
sangsi untuk pelaku adalah panggil orang tuanya Keluarkan pelaku dari sekolah tersebut & tolak untuk semua sekolahan di wilayah kecamatan itu jika pelaku akan pindah dari sekolahan hanya itu jalan satu satunya untuk hukuman seorang siswa / siswi yng ber kelakuan seperti Bajingan,1
Sebenarnya si pembully sama si korban bully sama sama rugi tapi menurut saya lebih rugi si pembully dimana hukuman ia dapat dan hampir tak orang yg mau membelanya dan ditambah di si pembully bisa saja suatu saat akan menjadi korban bully apalagi nama dia udh jelek pasti orang atau teman gak ada yg mau sama dia selalu akan menjadi omogan orang orang karena keburukannya tapi si korban bully mereka akan banyak dapat dukungan dan semangat dari orang lain tapi saya kali ini si korban pembully kelakuan sudah di luar batas saya sangat akan setuju dengan orang ini di hukum mati atau di musnahkan,0
"PERTANYAAN BODOH, NANYA BOCIL PUNYA PACAR APA NGGAK ??? GK BERBOBOT BGT",0
"Walau kasihan tapi anak kecil kyk gtu udh pcrn,apa mamah nya gak bilangin gtu gk boleh? Jaman sekarang emng ank² udh pcrn,dlu aja aku umur 7 blm bisa pcrn kyk gtu... klo aku jadi orgtua nya udh aku marahin sih,gk di didik apa? (Mohon maap klo ad yg tersinggung🙏😁)",1
"Kalau Yurika mungkin dia di ejek wajar. Aku nya juga sama.. Tapi kalau aku agak tingkat dewa.. Selain di ejek kayak Yurika aku juga pernah di tarik kursi saat pelajaran terus di tendang kak sampe lembab gitu kalau gak salah... Aku juga sendiri. Semenjak vidio Yurika viral tiba-tiba mereka juga ngejek aku kak vilmei. Aku di ejek kayak Yurika kayak bilangnya tuh *aKu JuGa DisEkOlAh SuKa DiBeNci DaN DiBuLlY. AkU LaGi DiAm TeRuS TeMaN TeMaN BiLaNg CiNTYA BaU T*i.kayak aku tuh diejek hampir temen 1 kelas. Bahkan crush ku juga ngejek.. Guru ku malah nyuruh aku ke toilet padahal aslinya aku gak kebelet atau gak B*rak.. Kalau masalah kursi ditarik waktu kelas 1.kalau ditendang kelas 3.nah aku juga sama temen ku cowok pernah narik rok ku.. Itu waktu kelas 1 juga.. Tapi nanti kelas 4 aku mau pindah sekolah.. Juga kan aku pindah rumah jadi sekalian aja.. Terus aku juga sering dibully. Aku nya juga nangis kak vilmei.. Walaupun aku udah SD tapi gimana mau gak sakit juga😢😢😢😢😢😢❤❤. Aku sebenarnya punya bestie kak tapi dia kalau hari Kamis jarang masuk.. Kamis aku juga piket. Terus kadang-kadang ada yang ke kelas kayak gangguin gitu padahal kan di Indonesia sudah tertulis ""STOP BULLYING! "".. Tapi kok aku tetep ya kak vilmei😢😢😢❤",1
Nama panjang umur dan bapaknya ❤️💗🖊️📕🇲🇨 aku aku rumahnya di,0
ci vilmei kalo sih yurika di bully bilang aja masuk karate aja biar gak ada gangguin yurika aku pernah di bully pas aku karate gak ada lagi yang gangguin aku,0
Plotwist anjir ternyata yang ngatain pacarnya,1
Yurika Lo nama nya gak usah sok ke jepangan Lo aja tinggal di kampung yang 😂😂,1
Yurika jujur siapa yang bully adek yurika aku benci banget awas ya jangan padabbully yurika😡😡😤😤🤬😾,0
Kok aku jadi kesel sama yang di belakang ya para bocil bocil kayak caper itu,1
Ibu yurika:😁😁(sepanjang yurika cerita waktu direstorAn),1
Gw aja umur 13 jomblo masa gw kalah sama bocil umur 7 tahun 😭🗿,1
TB pada gag ikut lamaran kerja apa libur panjang lhoo dek,0
ci vilmey aku mimpi ketemu ci vilmey sumpah demi allah nggak bohong,0
Waduh ada Bocil yang pakai baju Winspector😮😮😮,1
Belanja di king bukan sih,0
"""Kan mantan itu sampah"" anjay Keren mantan itu sampah😎",1
Di aku anak 1sd punya pacar semua anjir🗿💢,1
Cik vilmei aku jugak sering di ejek hitam sama temen temen aku,1
Apalah kelian gk di like yang ada dukung ci vilme sadar di ri lah babi kalain artinya kalian yang suka buli yurika,1
Salpok sama Yurika ❌ Salpok sama bocil yang di belakang lagi ngelirik ✅ 1:48 sampai 4:12,1
Yang aku kasian dijadiin sound juga itu tu pas di bully juga tuh ada senyuman palsu sama yang aku bingung aku aja umur 9 aja gak ada pacar yurika ada 🗿🙏 tp mamaknya santuy yak yurika punya pacar aku aja langsung di coret dr kaka 🗿💔,0
Alay caper,1
Kayak nya bohong di aja senyum seyum,1
56 0 yang paling banyak digunakan untuk keperluan 🎉😂yang paling banyak digunakan untuk keperluan evaluasi dan laporan yang masuk ke kamar tidur KzjfnfbwvVbz0 dan zurgjryrhryejeyejye di tempat yang tidak bisa menang di luar negeri yang tidak,0
UIUYHJLMGR YANG PALING BANYAK DIGUNAKAN UNTUK KEPERLUAN EVALUASI DAN LAPORAN YANG MASUK KE KAMAR TIDUR KZJFNFBWVVBZ0 YANG PALING 😂BANYAK DIGUNAKAN 😂😂😂🎉🎉YANG PALING BANYAK DIGUNAKAN UNTUK 😂KEPERLUAN EVALUASI DAN LAPORAN YANG MASUK,0
Salfok sama bocil di belakang🗿🗿,1
"kakak aku pingin banget dari dulu iphon tapi orang tua aku gak punya uang buat beli aku memang udah punya HP tapi HP aku jelek, aku sedih di bully terus karna HP aku jelek kak 😭😭",0
Yurika ga cocok jadi yutouber 🤢🤢🤢🤢🤮🤮🤮🤮🤢🤢🤢🤢🤢😠😠😠caper,1
Aku baru umur 8 tahun tapi belum ada pacar aku juga sering dibenci sama teman-teman😢,0
duh ngapain sih nnya KAMU PUNYA PACAR GAK!! mbak dia itu masih bocil please deh ga mendidik bgt pertanyaannya,1
"Lah mamah nya yurika sama mamah aku tuaan mamah yurika, mamah aku umur nya 26 tahun 2 anak",0
"Bocil 7 tahun punya pacar😭,tau mantan💀 Beneran gak sih itu😭🙏,apa cuma bohongan:v",1
Mantan itu sampah 🗿,1
KA vilmei baik banget semoga ka vilmei masuk surga dan sehat selalu amin.....🤲🤲,0
Buset emak gw aja udah 40 th masa neneknya di masih 45 itu masih termasuk ibu ibu sih,1
Jangan pacaran sasih kecil klo pacaran orangtua nya masuk neraka,1
Kak vilmei bilang ke Yurika orangtua nya mau masuk surga gak aku gak punya pacar,0
2:19 bocilnya pada nongol,1
Jagan bantu yurika jelekkarna dia miskin,1
Sama banget aku dn Yurika dulu aku di bully pas kelas 1 dn ak murid baru dn tmn tmn ak bilang iii yoshi mirip babi aah Yoshi mirip anjingg aah tasnya bekas ya pasti?! Wkwk Kasiaan habis itu kan krn ak baik jadi di sayang guru mala temen aku bilang bisa GA SIH GA USAH CAPER SAMA GURU! ALAY LU ak diem aja gaberani lawan dan pas aku mau ngumpulin tugas kaki nya tmn aku di lebarin jadi aku jatuh dan dia bilang upss sengaja pas aku bilang ke mamah aku dia kan di suruh minta maaf sama guru aku dan setelah itu dia bilang ke temennya ih yosi aduan padahal cuman bercanda lembek bgt jadi cewek alay,1
Kak aku butuh bantuan kaka🤩😇,0
"lawan nek yg bully cucu nya, datangi org tua anak yg bully. sehat trs ya nenek, moga rezekinya lancar. yurika yg sabar ya tetep rajin belajar",0
Kasihan banget yu.... Yu jelas gw ditusuk koma 1 tahun hampir mau bundir jadi tulang punggung eh yang bilang dia masih kecil umur segitu di bully HEH gw umur 7 tahun ditusuk sattttttt gw aja gak dibela sama sekali sama siapapun hanya orang tua dan hanya ibu yang dukung ayah gw pemabok berat jadi jangan sok yaaaaaaaaasa su,0
Ci vilmei coba tunjukin muka pacar nya sih Yurika aliyas sih al yg setuju like👇 Dan yg gak setuju bilang hmmmm,0
Kan mantan itu sampah 😭,1
Kak ci vilme pergi ke rumah aku dong di Makassar sabutun baru besoklah kalau mau Plisss ya kak vilme,0
Yurika bilek : mantan itu sampah 🗿🗿,1
Kak aku mau juga diajak pergi belanja sepuasnya sama adikku tapi enggak pernah di samperin,0
Ci aku di Malaysia jauhkan 😅😂❤,1
Anak bocil pacaran??😅😂😂. Konoha emg hebtt😂😂,1
Aku suka banget sama kakak vilmei soal nya suka bantu orang yg lagi susah nggak suka lagi pamer² kalau dia itu orang kaya semoga rezeki ci vilmei lancar terus amin,0
Mantan sampah ngaktuh,1
"6:16 ""Mantan itu sampah"" wkwkwk tuh denger para mantan.",1
Dohh gak usah apsen Kali sok baik,1
Aku juga aku juga di sekolah sering dibenci sama teman-teman dan dibeli Oh dibully kenapa Aku lagi diam terus teman-teman aku bilang Yurika mah bau tahi Wafiq Wafiq yang nyanyi gitu,0
UIN ANJINGG,1
T41 banget anj1n9,1
"Pertemukan dgn orang tua nya juga, biar di tempeleng aja mulut busuknya para banci itu",1
"Aslinya mah Pihak kampus ga mau nama kamupsnya tercoreng, apa apa an ini. Kalo kampus jelek ya jelek aja, ngaca harusnya betapa bobrok pendidikan karakter di situ, lagian video itu viral juga gapapa bisa buat pelajaran untuk semua mahasiswa terutama. Pakai klarifikasi segala, kaya mau nyaleg (saya mengkritik UIN)",1
"Kampus gak ada otak, klo gak viral emang kampus bakalan bisa ngasih sanksi?? Pihak kampus cuma mikirin nama baik kampus!!? Kenapa kalian takut kampus kalian kedepan nya sepi peminat gara2 kasus ini!!! Otak sama hati di pake dong sebagai pendidik",1
"wkwk bukannya makin bagus malah makin keliatan tololnya cuy kalo ditutup-tutupin begini, masa yang bener harus minta maaf kocak 😂",0
Yg buly yg kampungan,1
sedih ya...kedunguan sdh masuk ke ranah universitas,0
"Pihak kampus edan seedan edanya, gobl*k, kok bisa yg di bully yg di salahkn, dasar otak dungu, apa ruginya keluarkan ke 5 pelaku pmbully itu, dari pada nama baik kampus tercoreng hanya karna kelakuan ke 5 pelaku, jika tdk di viralkan, apakah pihak kampus akan brlaku adil?? sedangkan yg viral saja msih tidak brlaku adil, apalagi tidak di viralkan? punya pikiran dn akal kan? gunakanlah sebaik mungkin wahai pihak kampus yg berkuasa",1
Lebay ah cuma dimainin pintu doang. Ga akan ada asap kalo ga ada api. Lu pikir kelakuan lu yg mana yg bisa bikin tu cowo2 jailin lu.,1
Trus jika tidak diviralkan apakah kasus tsb bisa ditindak dengan bijak. ?? Yakin ?????,0
"Universitas islam tapi kelakuan kayak iblis , membuat malu agama saja , gw jamin pejabat kampus uin jambi pada gendut gendut hasil uang haram",1
Berarti bila suatu saat ada perbuatan salah dan tdk menyenangkan trhdp dosen dan rektor(termasuk keluarganya)mereka jgn viralkan ya pak🤣🤣🤣,0
Kmu g salah sayang kamu benar kalo ga virl cowok caper itu akan terus begitu,1
Disekolahin bukannya pada tambah pinter malah tambah goblok.,1
Dosen bego...,0
REKTORAT UIN KAYAK KONTOL KORBAN PUN KENAK SURAT PERJANJIAN KALAU TAKUT TURUN AKREDITASI JGN BUAT ULAH GOBLK UIN JAMBI TUTUP AJA DEH MALU MALUIN ASW REKTORAT NYA GAK TAU YANG SALAH DAN YANG BENAR,1
"Saya org kampung tp gk norak di lift. itu sepertinya baru2 coba naik lift, karena dikampusnya baru ada lift kyknya.",0
"UIN kok Mahasiswanya otaknya pada korslet, Tolong ajari yg benar ahlak2 Mahasiswanya,Dosennya aja pada lecehkan mahasiswinya, jg malu2in umat islam, namaya aja UIN kelakuan binatang.",1
Mahasiswa sekarang hanya ada 2 : Kalo gk demo ya kasus..,1
"Lho kok UIN begitu maaf setahu saya UU ITE hanya kena jika kasus tidak benar atau hoax jika ceritanya benar dan fakta seharusnya tidak ada masalah, kalau tidak viral Kampis tahu drmn dan kampus apakah akan langsung menindaklanjutin PASTI TIDAK krn akan menganggap bully ini hal biasa dan mengangap lalu saja",0
orang naik lift kok dibilang Norak. biasa aja kali ...............,1
Nonton kelanjutan series nya di mana???,0
Ko jd kisah nyata baru kejadiank dikomplek Pepabri kunciran udh masuk berita,1
"Cyber bullying juga termasuk menyebar-nyebarkan suatu info yang bikin si pembaca merasa takut berlebihan seperti trauma dan terror sebagai contohnya: -mengatakan bahwa kota tempat tinggal si orang yang membaca info tersebut ataupun orang tersayangnya berpotensi terancam bencana seperti tsunami, gempa, tanah longsor, puting beliung, angin puyuh, hujan batu, tornado, dsb. -mengatakan kalau ada virus penyakit baru berpotensi jadi pandemi baru. -mengatakan benda sehari-hari yang orang awam tidak bisa lepas atau menghindarinya beresiko memicu penyakit2 mengerikan seperti kanker, jantung, gagal ginjal dsb. Ini termasuk penyebaran hoax roti AOKA mengandung bahan berbahaya juga. -mengarang dan menyebar info tentang mati listrik 7 hari hingga viral dapat termasuk cyber bullying juga",0
"Cyber bullying juga bisa termasuk menyebar2kan info2 yang bersifat mengancam, menghantui, atau membuat si pembaca atau orang yang disayangi si pembaca merasa seolah2 dalam bahaya seperti misalkan menyebarkan isu tentang bom di tempat kerja anda atau lokasi lainnya, ataupun isu kota atau negara anda atau orang yang anda cintai beresiko terkena bencana alam (seperti gempa, tsunami, angin puyuh, puting beliung, tornado dsb) selain dari penghinaan atau rumor atau fitnah online via FB atau sosmed lainnya.",0
p5 asu,0
hitam,0
bocil,0
Hitam banget njir,1
​ @immanuelchristian2562 Fredd mau ikut kicau mania sebenarnya cik😂 dikarenakan suara kicaunya burung mas Fredd jelek jadi dihinalah rek kasian bet😢,0
Gua anjirr,1
​ @dewiramadani8709 Guru fisika nih,0
Lah sama anjir🗿,1
Hoo asu og,0
wkwkw bocil virtex,0
"Tadi aku nonton sama temen² sekolah ku,seruu bangett film nyaa gilaaa,bagusss banget ,tapi kaget jugaa pas waktu magrib itu",0
Besok aku liat ini di bioskop😊,0
"kemarin rabu udahh nontonn bareng temen sekolah,btw inget gkk kak sdn tanjung sari 2",0
ini aku toton di bioskop gilakk seru bgt,0
Aku. Hari. Sabtu. Kemarenya. Lagi kebioskop. Sama. Temen temen. Nonton video Neira kanjera ❤🎉😊,0
Neira kanjera. Cyber bullying ❤🎉😊,1
Aku barusan nonton dibisokop tadi greget banget tapi seruuu,0
Film nya bagusss bgt aku kira jelek pas nonton di bioskop bareng sekolah,0
Besok rabu kalo sesuai jadwal kami anak smp 2 MRANGGEN JATENG akan liat ini film semoga bermanfaat dan menjadikan contoh yg baik untuk kedepanya,0
kk! aku besok mau nonton cyberbullying antr aku nonto tanggl 12 febuari 2026 kk,0
Gila bagus banget filmnya dari awal sampai akhir bener bener ngajarin kita agar menolong teman yg di bully dan jangan membully teman semangat terus DL entertainment.btw pin dong,0
"Gegara ini hubungan aku hancur anjir,film apaan sih lol😂",0
BESOK AKU NOBAR BARENG 1 SEKOLAH KIRA² GIMANA YA CERITANYA 😊,0
Aku mau nonton besok senin bareng temen,0
Gak sabar banget besok mau nobar satu sekolah,0
Anjai mewing,0
Barusan bgt aku ntn ini di bioskop loh cmn kasitau aj gk pamer🌷💫,0
Aku barusan saja udah nonton di bioskop planet cinema sumpah ada yang bagian bikin kaget yang waktu tantenya Naira pake masker wajah sumpah dedekan aku kasih retin 10/10 bagusssss banget semangat terus❤❤❤❤❤,0
Ngakak waktu lihat bocil mewing,1
bocil nya meeting cik,0
Besok saya nonton ini bioskop seru drama kasihan dia dibulying SM teman2 nya di bioskop living plaza balikpapan cinepolis,0
Memang ya tim pendekar bocil kuat bahkan kayaknya bisa ngehack PLN🗿🗿🗿,1
Bocil nya nyemangatin kakak nya dengan mewing😅,1
Aku barusan nonton seru bgt gila,0
Jadi ceritanya si neira ini di tuduh dorong temennya terus ada yang video in jadinya dia dihujat di sosmed terus adeknya yang ikut grup discord pendekar bocil yang dimana isinya hacker semua terus dia nyoba minta bantuan ke hacker jago di pendekar bocil buat nge take down video kakaknya itu dan berhasil deh terus temennya neira ngejelasin semuanya dan tamat deh,0
"Film terjelek yg pernah sy tonton seumur hidup... Pemainnya amatiran...hanya Roy Martin yg agak bagus... Ceritanya sangat dipaksakan, tak jelas... Alurnya buruk.. Ini seperti proyek video hasil tugas Anak2 SMK....😢 Tapi bisa pula direkom dinas pwndidikan... Nyesal ngeluarin duit untuk nontonnya...",0
adeknya gg anjayyyyy,1
"Segera, nantikan info selanjutnya yaa",0
Yeyy tadi ketemu Neira nya karna ketemuu di bioskopp yeyyyyyyy apa paswetr naira yaitu 🤫🤔 anjai mewing,0
"Besok aku nonton ini,mau nonton teaser nya dulu",0
"Depok pun hari ini baru selesai nobar,kami dari SDN baktijaya 6 Depok,semoga kasus seperti ini tidak terulang kembali",0
"gila, baru aja tdi nnton, aktingnya bagus bngt, banyak pelajaran yng bisa diambil dri film ini. sangat sangat bagus",0
Besok mau nobar,1
Penasaran apa sih yg akan di tonton anak anak sd kelas 2 kok pada antusias banget. Trnyata ini toh..mdh2an anak anak mndpt pelajarn dri film ini biar ongkos org tua siswa gak sia sia.😊😊,0
Keren promosi ny sampe ank SD diarahkan gurunya utk nonton di bioskop 50rb sudah termasuk ongkos naik angkot,0
bilang aj lu miskin jadinya nggak nonton 😏 atau lu nggak diajarin sopan santun sama orang tua😏,1
besok untuk merayakan kemerdekaan RI kami ingin menonton film ini stlah perlombaan 💗 jadi tidak sabar deh..,0
"Balikppn berbondong anak2 murid dri skolah TK,SD,SMP,SMK,smua pda nonton film yg menjadikan pringatan kepada anak2 kami diskolahan,sungguh bagus banget jalan ceritanya,hrus imbang peran guru diskolah dan peran ortua di rmah,bagus banget film ni🥰🥰🥰🥰🥰",0
Percuma ke bioskop tapi ada yang mewing anjir🗿,1
@putuanggreni5921 terima kasih sudah nonton🙌🏻☺️,0
Besok aku nonton,0
Ya enak banget teman sekolah aku besok nobar deh mereka aku juga mau ikut nobar tapi ortu ku yg gak ada duit,0
"Bullshit plot, Shitty acting, max level CRINGE, Overall 0-100 this Scheiße is an Absolute Trash",1
Gak sabar nanti nobar nonton inii besok malahan,0
Aku tanggal 13 agustus nonton ini anjirrrrr 😊😊,0
I like the story. tapi gaya filmnya not nutural. terlihat sekali drama aktingnya dari pemeran.,0
Halo! Maaf untuk saat ini belum ada tapi doain dan nantikan info selanjutnya yaa,0
"Sudah lihatt.. bagus banget. Intinya peran orang tua, guru, teman itu penting banget dalam kasus Cyberbullying",0
aku yg pnya vt itu heehee itu adik akuu bocil fomo😅,0
​ @PeproPorepo hmm iya juga ya Tapi pas gw liat komentar netizen yg hujat ada rasa kasihannya juga ya😢,0
Males banget wajahnya......,1
"Aku pernh cek out juga masukin kranjang , off live aku cancel tu barang . Mana udh cek out abis 500 ribu ini .",0
Dia tu kayaknya benci sama abangnya n iri gtu,1
As salamualaikum Selamat sore semoga sehat sll sukses panjang murah rejeki ya amin ya rabbal alamin,0
Jangan ditonton hai para nitizen liat mukanya aja sdh neg. Nampang terus....,1
Jordy sdh kerasukan setan!,1
"Sodara ga tau diri, uda di urusin sm kk nya, mlh ngerasain tai ke muka kk nya! Biar kualat Lu!",1
Filing q mengatakan knp Jordi berubah membenci Ruben dan lebih condong ke pihak Sarwen mungkin d karnakan Ruben menjadi mu'allaf.,1
Itu muka jordy pucek kbanget tuh guys makan ya lawan netijen nantang sih guys,0
Ada yg liat si jo sama wulan guritno nggak. Gimana marahnya si jo ama wulan guritno. Ampe ketawa liat si jo. Sok ke PD an mah dia😂😂😂,1
Jordi itu masukan ke kadang macam biar kapok atau masuk kadang buaya😂😂😂😂😂,1
"Netizennn Indonesia mah dilawannn, kalau masalah ngotak ngatik mental orang mahh no 1😂😂😂... Abis chek out trus cancel, mampusss gak luhhhh 😂😂😂😂😂",1
"Untung si adek durhaka ini Uda sempet oplas, klo gak kan bisa setengh jadi mukanya jadi peot² karna gak ada pemasukan buat oplas.",1
Masuk keranjang belanja blm tentu di check out alias di PHP 😂😂😂... Jordi oh jordiiii....,0
"Ngapain abang sendiri di musuhin , padahal di media abangnya gak jelekin adeknya. Seharusnya Berbaikan aja itu adek ke abang. Jadilah akur saling menyayangi kalian. RO itu penyayang. Orang lain aja besti ama dia , lah adek sendiri sekutu sarden. Sekutu segenk Ke kawi pula, buset. Tobat dek. Kalian bersaudara manusia yg diciptakan berdua di pilih Allah untuk saling bersama di dunia akhirat dan harus bisa akur saling menyayangi saling menolong selama hidup di dunia , lu bayangin daripada dari lahir lu hidup sebatang kara di dunia. Apa gak ngenes sendirian gak punya saudara. Itu kenapa Allah kasih kamu hadiah saudara untuk menemani saling membantu selama di dunia dan selamat di akhirat . Berbaikan ajalah kamu dek . Orang lain aja bisa disayang ama abangnya , kau pikir renungkan. Pastilah sedarah kau lah itu saudara kandung disayang juga ama dia. Padahal Abangnya bawaan jiwa nya lebih Happy dan lebih adem lebih teduh. Malahan dia deket ama orang lain ,krn adeknya beda gini.",1
😢E mas Jordi kl udah dak laku jangan lave LG karena udah dak ada yg beli karma bungkus kamu,1
Hahaha 😂😂panen emoji dia sekarang 😂😂ngakak banget liat ekspresi wajahnya 😂,1
Om ruben lbh baik sll berdoa dan simpan sgl ucapan mereka yg sdh mulai mnyerangmu All9h akan mnunjukkn kuasanya kepd org org yg sombong yg mnyekutukn Alloh swt ....lht saja cpt ato lmbt akan nampak mana yg dihancurkn khdpnnya oleh Alloh krn ulahnya lht saja karma itu pasti ada koq,1
"Energi jordy beneran GK bagus.. mau gimana lagi, hukum tabur tuai berlaku selama anda masih hidup di semesta.",0
"Emak Aku seanak cucu sesaudaraku kalau belanjaan di Affiliate orang biasa bukan ke artis gatau dach kita pikir saling membantu Affiliate pemula artis mah udah kayahrayah,q hny bgitu mikirnya",0
"Mskanya jordi jd orang jgn sombong , sok pake belain sarkawi segala luuu,, uda kena pelet sm sarkawi jordi kena karms deeeh😂😂😂😂😂",1
Benar banget.Bunda.. Otaknya penuh virus.,1
"Peribahasa "" Mulutmu adalah Bacotmu""😂",1
"Sblum BENSU terkenal, mna bs si Jordy jg dkenal org ??? Ini namanya Durhaka sma kk !!! Contoh sdikit cerita Mahabharata, bgaimana tunduk & patuhnya adik2nya Yudhistira kpd sang kk, even kk nya salah tpi adik2nya ga brani ada yg nentang, apa pahala nya ?? Akhirnya smua adik2nya masuk Surga.. 🙏🙏🙏",1
"Rasain sendiri Banyak yg muak, eneg, benci sama si JORDI HATINYA IRI, BUSUK,",1
"Nanti klu sudah terciduk katanya bercanda,,😅😅😅😅😅bercanda kok sama se,,, t,,,, n,,, sok luuuu",1
"Yg sebenarnya Cong si BUNGLON ini,,tapi nutupin ke BOTi nanya,dngn FITNAH Abang nya,padahal yg Cong Sejati si MUNAFIK ini🤔",1
Mangkanya jangan songong. Sok2an nggak butuh nitisen. Lah kamu jualan apa nggak nungguin nitisen datang untuk beli jualan mu.😅,1
"Emang ga tau malu, lu itu bukan siapa2 klo bukan karena abang lu, malu lu itu bukan siapa2 jangan sok ok",1
Muka si Jordi jadi bete abis. Syukurin kapok.,1
Allah SWT selalu bersama orang-orang yang sabar. Semoga Bensu dan anak-anaknya sehat dan panjang umur. Aamiin 🤲,0
"biasanya aku jg ikut tu war emot pas JO live tp beberapa hari ni Krn sibuk kerja ngak sempet cari dia live. kok tambah gemes liat postingan yg lain, besok ikutan lg ah klu live😂😂😂😂",1
Aku perempuan gk pernah beli barang make up apapun ，gk telaten makenya ，，paling beli sabun pencuci muka di warung deket rumah ，klo muka rasa gk nyaman solusi nya pake masker putih telur ayam kampung ，，body lotion untuk tangan pke aloe vera dari nature republik ，，😅,0
"Tenang Jo, besok klo Live lagi, Saya akan CO PRODUK yg kmu Jual, Tapi klo udh Sampe Rumah, lgsg RETUR pengembalian Barang dan Dana. wkkkkkk",0
"Dlm otaknya jauh"" ke korea...g dpt untung",1
"Muka bingung,,, kapok lho Jordi trllu sombong",1
Ruben gk pakek ppa mukanya bersih bersinar sehat selalu ruben,0
"Beli trus dibatalin khan Mlah lebih merugikan.itu brand dr Korea belum tau kasusnya mungkin ya,kasihan bentar lagi wargamet menunjukan kreativitas nya disono.warganet udah kehabisan tempat nongkrong,banyak brand yg batalin kontrak",0
Mukanya biar ga dikenali netizen dan dedemit yang nyari dia 😂,1
"Air wudhu lebih bagus ,alami. Aura muka lebih asli .cerah ,",0
Ia.. Yang pemegang hati manusia ya gusti allah... Almarhum uje aja pas dia berdakwah dia sendiri yang buka aibnya bukan orang lain dia pencandu narboka dulunya sebelum dia berdakwah..... Padahal dia pendakwah yang lagi buming lho kalau dia akhlaknya jelek pas berdakwah pasti aib dia di bongkar sama orang lain tapi kenyataan dia malah buka rahasia masa kelamnya dari mulutnya sendiri dan dia di kenang sama orang dia seorang pendakwah baik.,0
Bnr banget klihatan Segar Dan Gemukkk,1
"Gak Suka sih lihat Mahluk Yang 1 ini, Gak tahu diri gak sadar diri Ruben ½ mati ngidupin dia dri bocil sampai kuliah... mejijikan ni lihat si jordy ini",1
Ga butuh netizen ...live jualan bt siapa???setan ???iblis????..otaknya kmn oiyyy....aneh bnget km jd orang....,1
"Apa yang kamu tabur, itu yang kamu tuai. JO pasti pahamlah. Kan kita seiman. Dan ""Hati yang gembira adalah obat"". Jadi janganlah cemberut terus itu muka, walaupun di komen isinya cuma emoji. 😂",0
karma is real ..pesona netijen dilawan makanya jangan sok keras lo,1
J manusia sombong dan takaburrr...pasti ga lama tuh kena Karmanya...,1
​ @RohaetiGayeh BANGET! MUKA TABOKAN,1
"Kan orang tua the onsu berpulang pas jordi masih remaja gk sih, Dan ruben yg bareng olga Mati2an buat adik2 Terus dibawa jg main sinetron tapi apa daya gak laku Sekolah tinggi2 biar masa depan bagus Terus dimodalin usaha si ade ky ceo lh Tpiiiii mlah kmna2 blng si adelh yh beliin abngnya ini itu trmasuk rumah sengketa itu😂😂😂😂 Ya الله",1
DAH LAHH SUMPAH CAPEK BANGET NGELIKE SEMUA KOMEN2 NETIZEN 😂. SAYA MEMUTUSKAN UNTUK STOP NGEHUJAT DAN LANGSUNG GASS KE PETISI AJA,1
"Benar, jgn kan artis mau belanja dipasar juga aku milih beli di pedagang yg sepi pembeli oga beli di toko², mini market mewah",0
Kalo gua orang tua korban ogah damai.,1
"duh dikit bet yang nonton, pantengin guys kasus kasus yang begini tuu biar kasus bullying di indo cpet pusnah",0
"Hanya orang tuanya yg berdamai,tapi anaknya nanti ada kesempatan akan d ulang lagi,sebaiknya beri hukuman yg mampu membuat pembuli jera dan takut",1
Lah cepat betul orgtuanya damai,0
Program kdm solusinya..bagi pembuli..masuk barak militer..untuk merubah mental si anak,1
"Saya juga sudah jadi korban bully udah bingung arus minta bantuan kmn lagi ke guru udah bilgnya coman ""ya minta maaf aja ya"" ke ortu takut khwatir atau nangis,ya jadi saya pendam dan saya pasrah 😢",0
"Jangan hanya Sekolah yang diminta bertanggung jawab terkait Bullyingd sekolah, ini menunjukkan MORALITAS ANAK2 yang tidak baik. Pendidikan Karakter, Etika, Adab, berawal dari ORANG TUA DI RUMAH !!!!!",1
"kebanyakan gini nih,bocah' kampungan yang pengen jadi jagoan",1
"Aku dulu juga putus sekolah pas mau naik kelas 2 Mts awal masuk Mts itu semua baik"" aja sampe akhirnya sering di ejek"" awal nya cuman ejek an biasa aku ga nanggepin tapi lama kelamaan tas aku di coret"" terus tas nya di tari Ampe putus tali nya pdhal itu baru di beliin ibuku . Buku aku di coret"" pr yg udh di bikin di sobekin . Puncak nya itu pas perkemahan di Cikupa Garut pas mandi baju ku di ambil jadi aku diem aja di kamar mandi udh beberapa jam nunggu ga ada yg Dateng terpaksa keluar bugil sumpah malu banget yg lain pada ngeliatin banyak yg ngetawain untung ada Kaka pembina yg baik minjemin baju dari habis itu aku ga pernah dtng lgi ke sekolah aku ga bilang ma orang tua kalo aku di bully soal nya ga tega waktu itu kelurga ku BNR"" miskin untuk makan aja kadang ada kadang terpaksa nahan lapar . Sampe saat ini aku masih ingat muka orang dan namanya Siti sa'adah yg jadi ketu pembully nya yg lain cuman ikut"" an aja",0
"Masa SD gua tahun 90an sering d bully karena masuk sekolah negeri, mungkin karena gua keturunan tionghoa, tp setiap d bully gua ngelawan kadang babak belur jg sih, tp kebetulan tahun 2010 gua bangun rumah dan ketemu anak yg suka bully gua jadi kuli bangunan yg bangun rumah gua dan gua sapa tp terlihat dia malu banget liat gua, gua sukses tp anak itu jadi kuli karena memang kelakuan waktu SD dulu 😊 tp waktu setelah lulus SD gua sih uda ga dendam, tp Tuhan kasih kenyataan pahit untuk anak yg suka bully 🙏🏻",0
"Semasa sekolah dahulu saya sering dibully karena keterbatasan fisik Mohon maaf tidak bermaksud menyinggung, saya memiliki kelainan pada bibir Karena itu saya sering diejek orang sekitar dan dianggap lemah sampai sering berantem Saya selalu menang ketika berantem karena saya juga mengikuti kegiatan silat pemuda di sekitar rumah Suatu ketika setelah saya mengalahkan pembully kelas, tiba-tiba datang anak mahasiswa yang jadi dekengan pembully kelas (waktu itu saya masih SMP) Saya kira easylah karena saya jago silat, namun saya salah sangka, setelah melepas alma mater ternyata dia adalah bodybuilder Habis dibanting kepala saya sampai telinga saya sobek, guru BK tutup mata, orang tua saya tutup mulut, waktu itu saya merasa seluruh dunia jahat dengan saya karena tidak ada yang mempedulikan saya Tekanan seperti itu mengganggu prestasi saya sehingga saya tinggal kelas di kelas 2 SMP Meskipun sekarang saya sudah dewasa dan memiliki anak namun kejadian itu tidak bisa dilupakan dan tidak bisa dibuat angin lalu, bahkan sampai terbawa mimpi Saya tidak tahu dia sudah menerima karmanya atau belum, yang jelas hukum karma itu ada nyata dan tidak pantas untuk disepelekan",0
"Nu sok ngabully mah kan sok ker lobaan ,coba pas ker sorangan trus kaleng gegedugna,bakalan ciut geura 🤣🤣🤣 Biasa ari kaum hyena mah ,galakna ker lobaan 😆😆😆",1
"perkenalkan nama saya said hidayat_SMK BAKTINUSA_Tindakan Bullying adalah Pelanggaran HAM Kasus bullying sampai sekarang memang menjadi momok bagi beberapa orang. Bahkan, tindakan bullying masuk kedalam pelanggaran HAM, yang ditulis dalam UU Pasal 1 Ayat 6 No. 39 Tahun 1999.",1
