text,label,label_encoded
kaka tidur yaa sudah pagi tidak boleh capek2,non-bully,0
makan nasi padang saja badannya,non-bully,0
suka cukur jembut manggung,bully,1
hai kak isyana ngefans sekali kak isyana suka lagu kak isyana lagu didalam jiwa,non-bully,0
manusia bidadari sih herann deh cantik,non-bully,0
ayu kinantii isyan sekarang berubah ya baju nya nakal,bully,1
gemesnya isyan mirip tango berlapis lapis ciaaaa,non-bully,0
jelek saja anaknya ayahnya cakep2,bully,1
anaknya mirip sudah tua begitu ya mukanya kartu keluarga tasya,bully,1
muka anak nya ko tua sekali yaa tidak ngegemesin tidak lucu2nya,bully,1
muka nya muka kolot wkwk muka bayi2 lucu begitu,bully,1
sudah gila orang wkwk sudah jomblo psikolog tidak laku ya,bully,1
kamu sintingnya sudah tingkat dewa,bully,1
lutfi putus dengan salsa orang stress,bully,1
anak tolol aktif ya bund,bully,1
mati saja tidak gedeg saya liat kamu anjim,bully,1
woy lutfi asu sok asyik kamu anjing,bully,1
apasih kontol bertengkar saja ayo bngst lutfiagizal,bully,1
pelakor plus hamil nikah ya pantas anaknya seperti gini modelannya,bully,1
anaknya sudah pintar maknya kelempengan berasa baby tingginya azka saja melebihi mamanya,bully,1
anak yang cerdas terbentuk dari pola asuh pola didik orangtua yang cerdas sih saranya sesimple,non-bully,0
iri motivasi,non-bully,0
hancur hidup kamu sumpah,bully,1
seram sekali muka kamu mel mirip ayam potong merah sekali,bully,1
yaudah jadi pengusaha kuliner saja tidak usah artis makanannya memang bikin ngiler sih wkwkw,non-bully,0
memang cocoknya pengusaha kuliner sudah fixs semoha lancat terusssss,non-bully,0
sejelek image owner ya artis ups artis hallo langsung orang tahu image kamu jelek gentong,bully,1
sih tidak hidupnya,bully,1
unfoll bilang najissss,bully,1
muka kamu sensual norak sudah,bully,1
sudah tidak jaman ngebully orang hey netizen mending ngaca kekurangan,non-bully,0
pas penempatannya sebenarnya imut sekali loh mel,non-bully,0
cakap kaga jelek iya hahah,bully,1
jari jari kaki mirip jarinya tukang panggul,bully,1
kakinya kek hamil tua ya bun kaki gajah ayuugsia,bully,1
suka heran yang ngehina fisik benar ya pendosa,non-bully,0
diedit biar langsing mah kalau live bomber badannya,bully,1
kakinya gedong sayyy kek kaki jantan upp suka berbaur ama warwerwor mahluk astral yang kakinya gedong,bully,1
bagusan foto pakai masker daripada tidak pakai masker,non-bully,0
rosameldianti_ kakak foto memeknya kelihatan tebal memeknya kakak bengkak yah,bully,1
bra nya kedodoran kak pakai ukuran gede yaa,bully,1
cantik senang usahanya membuahkan hasil semangat ya mel semoga pribadi,non-bully,0
mba tidak sih tidak merem melek begitu matanya kaya orang cacingan,bully,1
semoga lancar usahanya mel,non-bully,0
cantik sekali kalau meldi muka natural kek gini,non-bully,0
kamu diam saja cantik mel kalau tidak gaya serius,non-bully,0
kaku kek kanebo kering hahaha,bully,1
glowing say natural mirip gini bagus tambahin prestasi nya ya say,non-bully,0
meldi emaknya buka klinik totok aura kayaknya anaknya tidak ditotok ya auranya tidak kelihatan yang butek,bully,1
muka kamu pasaran mel pasar sapi noh,bully,1
maaf saya nyamain kamu dugong memang,bully,1
iya kamu monyet mel,bully,1
bagusan pantat panci aing atuh anjir,bully,1
ya memang tidak muka muka badak muka beton tidak malu,bully,1
mbak meldi cantik ya rahasianya,non-bully,0
lengannya gempal sekali sih haha,bully,1
fix komen nyela,non-bully,0
sudah ka tidak usah digubris tidak usah dipikirin bersyukur saja nikmat tuhan sudah dikasih kaka tidak usah ngatain orang ka tetap bersyukur nikmatnya,non-bully,0
jari jari nya gede gede sekali pas ngiklan makan ikan danau hambar jarinya mirip jempol hawak benar,bully,1
disamain muka rosameldianti_ orang oi mintanya disamain babi,bully,1
tidak dibawah meldi setara kekurangan kelebihan,non-bully,0
ka mel tidak usah merendahkan orang bersyukur saja diatas langit langit,non-bully,0
mukanya tidak dibantu kamera dekil kumel,bully,1
wanita cantik suka ah,non-bully,0
meldi sudah kontrak endorse skincare ya mukanya jelek si,bully,1
gila netizen sempurna ngehina orang,non-bully,0
sudah ngembang habis cowok meldi enak ya otak atik,bully,1
muka mirip kamu pasaran murah,bully,1
muka buluk kepedean muka sudah tua,bully,1
muka kamu kaya tai wkwkwk,bully,1
sakit jiwa upil gajah kasihan,bully,1
jelek buntut kuali hahaha,bully,1
meldi kurusan ya cantik pakai up,non-bully,0
elu semoga semakinlebih akhlak etikanya,non-bully,0
mbak mell sehat sukses ya,non-bully,0
aamiin doa meldi,non-bully,0
selamat mbak semoga pribadi amin,non-bully,0
meldi cantik loh tinggal dibenerin akhlak adabnya sip,non-bully,0
pengambilan fotonya bagus mantap keren tinggal pengambilan arwah nya saja,bully,1
tidak cantik cantik nya hahaha,bully,1
kasihan editornya sih nanggung dosa sekali kayaknya ngeditnya offside gini,bully,1
dewi persik ya,non-bully,0
julid meldi tidak nyusahin,non-bully,0
foto w masukin museum saja ya tidak pantas2nya,bully,1
tidak ngumpul bareng mami isa gembrot disana,bully,1
lagu kamu tidak laku ya mel,bully,1
lututnya hitam gosok maning biar cling cantik,bully,1
suka heran warga 62 sukanya ngehujat orang terus pahala tidak dosa mah iya,non-bully,0
cantik saja rosa meldianti,non-bully,0
ular dugong,bully,1
suka ya harmonis,non-bully,0
cantik sekali pakai baju mirip begitu,non-bully,0
jujur ya kalau anteng tidak cantik mel,non-bully,0
cowoknya tidak cakap cakepnya,bully,1
foto tirus kalau video wariorr mukanya kek donat tidak bentuknya,bully,1
sekian foto diposting cantik,non-bully,0
artis abal abal muka putih tangan hitam ager2 atm nya sudah isi,bully,1
muka mirip penuh tekanan sekali,bully,1
rosameldianti_ cowokmu wajah nya culun cupu mirip om2,bully,1
masyaallah cantik sopan anggun,non-bully,0
kang ojek kali belang tangannya,bully,1
senang liat pasangan cewenya hujat 1 indonesia tetap setia menemani,non-bully,0
memutuskan tumbal apartemen,bully,1
cantik mel semangat dietnyaa,non-bully,0
tangan paha haha,bully,1
mel kelihatan cakap,non-bully,0
mukanya mirip ngeden pas boker,bully,1
aduuh halu hhahaha lebay editan nyaa lemak ke mana lemak hahhaaa mimpi ketinggian,bully,1
salfok kaki cantik sekali asli,non-bully,0
_dy1412 buset cantik diedit saja mba coba sudah aslinya sudah mirip buntelan kentut,bully,1
hitam putih kek kopi luwak,bully,1
palsu badane diedit itu aslinya dimana2 lemak,bully,1
sudah kontrak skincare tetap saja buluk mel,bully,1
heran netizen kalau tidak suka diliat saja,non-bully,0
sukses yah ka rosameldianti_ semangat,non-bully,0
jujur suka meldi suka ngehujat orang,non-bully,0
sumpah aslinya muka kamu lebar mirip baskom loh mel rosameldianti_,bully,1
berkarya terus meldi walo tidak yang nuntun,non-bully,0
astaghfirullah seram ya bun ular jelmaan makhluk halus ya bun,bully,1
heran cowokpun ngebully sabar meldi,non-bully,0
astaga ratu edit muka sumpah seren mirip film setan2 begitu,bully,1
matanya mirip katarak anjir ahahah,bully,1
caption saja copas cantumin credit dasar iblis,bully,1
unfoll saja dosa ngebully2,non-bully,0
meldi perhatikan orang china deh cantik,non-bully,0
editan softlensnya mbaknya mirip ratu titisan ular wkwkwk,bully,1
kasihan ular dibawa bawa tidak ular pantasnya bunglon buaya,bully,1
maju terus ya sayang abaikan orang2 yang comment menyakitkan,non-bully,0
kasihan ya rosameldianti_ hidup hanya bahan hujatan masyarakat mubadzir sekali deh hidup kamu kenapa tidak bunuh saja,bully,1
semangat mel bahasa asing mah berani entarnya,non-bully,0
beda di foto yaa lebar sekali mukanya maaf foto editan ya,bully,1
meldi kadang mulut aku rem kehaluanmu bangga berusaha mu yuhuuu,non-bully,0
lupa edit ya itu muka melar,bully,1
semangatt kesalahan belajar bahasa asing pembelajaran utamanya kesalahannya tidak terulang,non-bully,0
kereennnn bully an netizen menjadikanmu belajar,non-bully,0
hiiihhh jiik lihat nih orang auranya buruk sangat tidak manis manisnya,bully,1
semangat belajar ya uga tidak bahasa inggris,non-bully,0
niat keberanian,non-bully,0
salut mel semangat belajar yang ngetawain berani,non-bully,0
tidak apa-apa mel semangat belajar trusssss gampang nyerah pokoknya rosameldianti_,non-bully,0
ngaku belagak pintar,non-bully,0
kalau mengharap ikutan kontes miss earth les inggris biar lidahnya tidak keseleo,bully,1
postingan ya bund netizen menghujat,non-bully,0
happy birthday mel sehat sukses yah aamiin,non-bully,0
happy birthday kak meldi imut n ngegemesin sukses,non-bully,0
ya ampun ketiak lemaknya editan parah wkwk,bully,1
ketiaknya habis amplas mel alus sekali,bully,1
sudah diedit begitu ketiak kamu hitam,bully,1
selamat ulang mel sudah yah tingkah,non-bully,0
mukanya kuning sekali kaya kunyit,bully,1
selamat ulang meldi sukses sehat ya,non-bully,0
fotonya cantik ihhh biar tidak kena hujat ihh mah kasihan,non-bully,0
happy birthday meldi semoga sukses umur rejekinya lancarkan amin,non-bully,0
perasaan kemarin lengannya kekar sekali kek petinju sudah begitu ketiaknya hitam difoto lengannya ketiaknya putih kek dibedakin,bully,1
selamat ulang kak rosameldianti_ banyaknya sadar pansos yah amin,non-bully,0
happy birthday cantik semoga kedepannya sukses,non-bully,0
happy birthday mbak mel cantik panjangkan umurnya sehat,non-bully,0
berdiri kaki,non-bully,0
biar edit2 kaya saja ketiak hitam nya tidak bohongin,bully,1
sumpah apapun lengan nya gede sekali,bully,1
selamat ulang umur ketemu dajjal,bully,1
ketiak hitam buluk kamu edit nutupin daki diketek kamu aka hitam ketiak kamu dasar dugong rosameldianti_,bully,1
atm tinggal 150 ribu saja gaya kamu dugong,bully,1
tidak bagus2nya suara polanya,bully,1
si meldi jelek saja gaya beda sekali sama tante n sepupunya sudah jelas2 cantik,bully,1
sudah berubah tidak mirip saya lihat,non-bully,0
ngedit ketiaknya sudah ya sampai ngeblur pisan putihnya kek cat tembok,bully,1
aduh dugong saja gila filter,bully,1
muka saja didempul ketiak,bully,1
kasihan kebelet artis tidak bakat,bully,1
peliharaannya lepas tolong diangkut,bully,1
miris sekali ultah didoain baik2 bully kasihan god bless u mel,non-bully,0
mudah mudahan kamu jelek amin ya allah,bully,1
ketiaknya hitam dikasih bedak nya abu monyet,bully,1
heran saya mah tidak suka tidak usah follow sudah tahu ni akun private kalau kamu follow ngebuli tanda nya kamu sirik tidak suka ya tidak usah diliat kaya sempurna saja,non-bully,0
saya berharap kamu saja si yang sakit laura lol,bully,1
kamu saja menderitaaa lora anj,bully,1
gaga sempet benar lora kamu tinggalin kamu orang jahat tidak kamu tidak bahagia tidak,bully,1
kamu benar tidak kalau sempet menyakiti lora saya santet,bully,1
si gaga kek anjing,bully,1
semangat gaga liat kebelakang fokus saja kedepan muda yang,non-bully,0
tidak cantiknya gila,bully,1
meldi bersinar yaaa pertahanin karir jangan sia siain,non-bully,0
semangat apapun dalah dimata pembenci,non-bully,0
asli tidak bebet tidur ni anak kasihan,bully,1
kumat semedinya segini keluarnya,bully,1
tangannya hitam beda ama muka,bully,1
meldi foto gendut beda,bully,1
gatau sih cantik tidak aura nya cantik idih begitu lihatnya yaa,bully,1
buruk nya buruk mata tidak menyukai mu,non-bully,0
gila ni siluman story orang kelihatan sekali tumpukan2 lemaknya buriknya,bully,1
dasar bodoh kamu saya jijik kamu bro mirip tidak otak sekali,bully,1
kamu kamu bagus tuh anjing wkwkw,bully,1
maafin aaa semoga jera kedepannya,non-bully,0
eh bocah mending kamu mati saja tidak orang mirip kamu hahahahaha,bully,1
btw video bohong nya pas tidak percaya lihat tribun news hujat ya,non-bully,0
okay bro kalem saja semangat putus asa,non-bully,0
kamu mati saja sudah biar tidak bikin ribet,bully,1
sampah masyarakat musnahkan,bully,1
mati kamu najis kontol bangsat mati kamu,bully,1
youtuber toxic tutup akunmu tutup usia,bully,1
ribet mirip sudah saja kamu,non-bully,0
hitam diatas putih langsung proses,non-bully,0
sayang anaknya ya serahkan saja polisi biar didik,non-bully,0
manusia hewan sih tidak hati sekali,bully,1
manusia anjing cari uang begitu kamu kerja saja saya nyebokin saya nanti saya gaji kamu,bully,1
maklum anak pendidikan mirip begitu tidak akhlak,bully,1
anjing anak tidak tahu ibunya nangis2,bully,1
oi babi saya bunuh kamu sumpah,bully,1
heee sampah kamu sudah saya maafin bohong goblok,bully,1
anjing kamu baku hantam ayo,bully,1
bangkit ya bang lemah pelajaran ujian kamu bang,non-bully,0
patah semngat kak sukses,non-bully,0
semangat ferdian tidak usah dengerin orang hujat manusia luput kesalahan,non-bully,0
sumpah respect sekali,non-bully,0
menurutku pribadi tulus maafnya,non-bully,0
dikasih bidadari maunya boneka santet,bully,1
hilang respect saya jane sudah setia sangat kamu kamu nya main cewek pas sudah dari penjara lol,non-bully,0
hapus saja ni poto tidak tahu malu sangat kamu bang,non-bully,0
intinya tidak suka ajg listy ngrusak suasana,bully,1
foto 2 anjing 1 kontol,bully,1
kasihan sekali jane sudah nunggu penjara eh tahunya waw sakit siih,non-bully,0
puny cewk selingkuhin tidak ngotak,bully,1
ingat yang potong nya hubungan nya kalau sudah gini sembeleh saja orang nya sudah terlanjur kecewa,bully,1
konten putus foto tabi jessica tidak dihapus,non-bully,0
makan dibikin ama jess tetapi ngehianatin gila sih,non-bully,0
parah kamu bang nama kamu sudah rusak karena narkoba tambah saja truss,non-bully,0
anjing ya erick,bully,1
muka pas an sok sok an sama lonte kamu anjing,bully,1
kamu anjingnya anjingnya,bully,1
ih babi jangan megang tuh anjing harga dripada kamu,bully,1
santuy saja bang tidak tanggepin btw saya suka gaya kamu,non-bully,0
narkoboy kontol main cewek menyakiti saja kamu anjing mati saja kamu bodoh,bully,1
tetap penjara saja ajg nyusahin kamu,bully,1
cewek cakap setia disia sia in sahabat,non-bully,0
loh aku liatnya anjing yaa,bully,1
anjingnya guys saya liat babi hitam,bully,1
mantan anjing eh kebalik anjing mantan,bully,1
bikin skandal ingin tenar,non-bully,0
wiii anjay liat babi megang 2 anjing,bully,1
foto babi memeluk anjing yang pemilik nya bidadari,bully,1
babi tidak pantes nyentuh anjingnya bidadari kotor,bully,1
anjing foto ya,bully,1
potret seorjing memegang anjing kwkw,bully,1
heh sudah kenapa hate nya capai saya baca nya,non-bully,0
ganteng anjingnya eh eh kamu tidak pantes anjing anjing setia pantesnya sih babi hahahaha,bully,1
kalau lomba an sama babi babi nya nomor 2,bully,1
si anjing berfoto si anjing,bully,1
kak jessica yang tunggu setia sama kartu keluarga loh pas ada kemarin kartu keluarga tidak ngehargain lebih pilih yang di sono,non-bully,0
erikontolim manusia babi anak lonte,bully,1
hargailah hati wanita sudah tulus menemani kamu 0,non-bully,0
bagus sih erick mutusin jessica ya karena erick kelakuan nya begituu coba liat jessica,non-bully,0
anjing hebat ya pakai kacamata,bully,1
sudah lh nasi sudah jadi bubur tidak dibentuk kek semulaaa,non-bully,0
kukira kehadiranmu kebanggaan,non-bully,0
3 ajg yang tato benar-benar ajg,bully,1
dasar orang tua tidak ada akhlak ngajarin anaknya tidak benar,bully,1
erik sih jelasin saya tidak update maap2,non-bully,0
eh anjingnya ci jessica saya lempar kamu,bully,1
guys dari pada comment2 mending unfoll sama unsubscribe saja yaa,non-bully,0
babi main ma anjing,bully,1
dikasi bidadari pilih babi,bully,1
postingan juga dihujat gila netijen,non-bully,0
kali lihat anjing babi baikan,bully,1
dikasih bidadari pilih setan,bully,1
saya tidak benci ama kamu bro tetapi saja tingkah kamu melenceng,non-bully,0
sikap mu najis ludah anjing,bully,1
njir sudah nih poto post yang komen baru2,non-bully,0
kesini hanya mau liat komen saja,non-bully,0
buset hate comment sampai postingan,non-bully,0
foto upload nya 20 maret comment 1 jam 2 jam 3 jam yang,non-bully,0
pantes utang bayar lonte,bully,1
2 3 tutup botol muka kamu kek kontol wkwk,bully,1
astaga pagi dibikin terbahak-bahak ama komenan netijen yang berbicara suka benar,non-bully,0
sudah saya capai baca komen,non-bully,0
kelihatan sangat anjingnya ketakutan foto dakjal,bully,1
astaga ngehujat sampai postingan,non-bully,0
najis elu anjing,bully,1
2 ekor anjing buaya makan jambut,bully,1
kalau disuruh melihara anjing eric saya pilih anjing saja najis najisan erick kontol,bully,1
ngapain si ngejudge mikir putus kejadian tolol,non-bully,0
hargai wanitamu didekati pria memilihmu,non-bully,0
sipat anjing anjing saja ya manusia sipat anjing,bully,1
potret anjing poto setan,bully,1
bantu bedainn woyy anjing babi,bully,1
udaah woii udahh kamu tidak kasihan capai ngelike komenan,non-bully,0
3 anjing 1 anjing berwujud manusia 2 anjing asli perwujudan aowkwkw,bully,1
kasihan saya anjingnya dipegang dajjal,bully,1
kasihan anjing nya pegang babi,bully,1
kamu kontol tidak ajg anak dakjal,bully,1
mukak kamu buruk anjing kamu,bully,1
dikasi bening pilih dakian,bully,1
mending masuk penjara saja sudah seumur hidup,bully,1
lebih lucu anjingnya ya ktimbang orangnya,bully,1
jesica lepas kambing hitam,bully,1
maafin saja bro orang kesalahan kesalahan nasehatin saja tahu berubah,non-bully,0
kasihan anjingnya dipeluk sma sampahh,bully,1
saya penjara berubah,non-bully,0
cintamu sebatas kertas wkwkw enteng bang,non-bully,0
jane respect sekarang benar-benar sudah hilang respect,non-bully,0
sudah menemani tersulit kamu pas sudah selingkuh tidak sangka idola saya sesampah,bully,1
dihujat habis an postingan komen wkwk,non-bully,0
saya tidak bisa bedain anjing manusia keliatannya,bully,1
kamu anaknya kick andy yang namanya marlo bang,non-bully,0
orang karena orang jahat,non-bully,0
tidak niatan mengadakan pengajian begitu bang,non-bully,0
suka sekali rambutnyaa ganteng,non-bully,0
abatartila saja kaya gini bilang king king muka nya sudah kaya tai musang,bully,1
tinggalkan berlian tai babi dih,bully,1
ganteng kaga kamu kelihatan kaya daki kontol,bully,1
mukak kamu mirip tapir kuda asu sok ganteng sekali kamu,bully,1
yang kecewa kamu rik,non-bully,0
maaf ye muka kamu sudah jelek kaga sok selingkuh cakepan anjing saya noh,bully,1
si hebatnya banci yang badannya penuh koreng kaya kamu,bully,1
gini bersihan kaga kek dekil,bully,1
muka kamu keriput kek aki aki,bully,1
foto jelek dihujat foto ganteng dibilang sok ganteng,non-bully,0
kebanyakan nyabu kurus kamu,bully,1
narkoboyy ngeluarin lidahh ajg tes urin,bully,1
fotolu pede anjrit muka kamu itu anjrit,bully,1
hidup jangan boss playboy ajg luu,bully,1
mukalu kek aktor bokep bgst mending ngobat saja luu,bully,1
sudah jelek semangattt pulak wkwk,bully,1
muka nya begitu seren bikin mual liatnya,bully,1
anjing ngewe ama lonte bangsat,bully,1
muka kek kontol mending penjara,bully,1
muka kek banci dih najis,bully,1
nanti mati konyol,bully,1
bilang jelek nya tidak enak hehe,bully,1
idihhhhh pantas saja foto nya keluarin lidah seperti begitu ternyata tukang jilat,bully,1
nih orang kalau lomba babi babinya juara 2,bully,1
titisan dakjal memang kamu nyet,bully,1
et muka kamu saja begitu dih hahaha biarin saja sampah ketemu sampah biar busuk,bully,1
jijik astagah sok bat cakap njs,bully,1
bully an ig ngeri facebook ajg saya ngerii ajgg,non-bully,0
sudah buriq brengsek pantes saja dapat lonte,bully,1
muka kampung gaya sok soan kota nyet,bully,1
ngapa lidah kamu stroke amin deh begitu,bully,1
ciah dihujat 1 indonesia sampai bunuh ya komtoll belum puas nguat kauuu,bully,1
orang kampung otak dusun gaya sosoan hype tetap saja tidak bisa nutupin muka babu kamu,bully,1
cowok foto lihat lidah nya jam ah jijik saya minus akhlak kek gini,bully,1
anjing saya juga ogah liat muka kamu,bully,1
tidak boleh melet dosaa rik,non-bully,0
paan melet melet jilat tai tabi,bully,1
setan memang melet2 teross jijik asuuu,bully,1
ni anak lahir karena kondom bocor tidak syukur muka seperti selangkangan gorilla dapat cewek cntik seperti jessica setia dan lain lain sia2in bgsad,bully,1
si melet2 sok ganteng,bully,1
muka kek slangkangan biawak saja banyak blagu kamu,bully,1
sumpah sih jahat sekali benar-benar kasihan kak jessica,non-bully,0
anjing tidak pantes bidadari,bully,1
melet terus setan kaya ular,bully,1
njr melet melet saya kirain hewan,bully,1
begitu saja deh kek anjg kamu kang,bully,1
saya kesini pengen liat babang sumpah feeling saya benar sekali ama reynhard sinaga,non-bully,0
ih ko melet2 si kaya hewan saja wkwkwkwk,bully,1
iuu pilih iblis daripada bidadarii kwkwkw jyjyq,bully,1
melet2 sudah kaya anjing eh emah anjing,bully,1
tidak nyadar saja nih sampah haha,bully,1
lidah kuman and virus nih,bully,1
ngira baju endorse kfc,non-bully,0
saya kamu berkarya perbaiki tinggalkan yang negatif terlambat tetap orang yang hebat bahagia xrickolim,non-bully,0
cita cita pakboi eh narkoboy nasib nasib,bully,1
kenapa kamu penjara sih,bully,1
mending kamu tobat sudah,non-bully,0
dipenjara apalo sikat gigi bau ya baubau aroma bangsatttt,bully,1
gigi kamu apanya jigong kondom nya nyangkut,bully,1
ih mukanya kek anjing rumah gwa,bully,1
woi anak anjing ngapain kamu hidup bgst,bully,1
sudah jelek tidak di jelek2 in bro,bully,1
ganteng tidak berbakat tidak kelebihannya di mana cobak,bully,1
benci saja ama orang jelek pakai selingkuh,bully,1
sudah tutup mulut nya bau kambing,bully,1
jualan jualan kenapa tidak yutuber bro takut tidak yang nonton yah,bully,1
mirip randy pangalila kalau tidak pakai kacamata,non-bully,0
kenapa liat muka bagi eric kaya enak begitu yang,non-bully,0
ganteng nyasih anjing kucel gini jadi model,bully,1
sepertinya ngeliat hancur deh,bully,1
ingett hidup kamu tidak seenak rikkk hidup kamu susah salam teman smp pas kamu burikkk eh sekarang saja,bully,1
yaaaa yaaa kalau liat muka nya sumpah ngeselin sekali sudah operasi sono biar gantengan sedikit kalau jalan mall tidak kenal orang,bully,1
sih artis jelek mah iya mukanya iyuhhh,bully,1
era kamu mending kamu mati saja babi kalau baca balas nyet,bully,1
segenap hati maaf,non-bully,0
bahagia utang,bully,1
maju berkelas rik tidak jamannya lagi toxic tidak beraturan build sistem you will be big,non-bully,0
editan konsepnya nice sekali lahhh,non-bully,0
iri babi hahah najis,bully,1
kamu kaya anjing kaya babi,bully,1
jelek saja tukang selingkuh kamu buriq,bully,1
komennya kek gini ya,non-bully,0
rick kamu tuh manusia kek tidak gunanya kamu dilahirin kedunia berbuat sayang nya kamu ngecewain orang gimana mau masuk surga,bully,1
kaloga cocok paksain,non-bully,0
ya biarin xrickolim gatau gimana aslinya ambil keputusan kalau sudah takdir tidak ada nentang njir,non-bully,0
cocok memang orang mah orang kalau yang bejat mah memang cocok bejat ehehe,bully,1
erick goblok pacaran ama lonte anj so bat,bully,1
cocok sekali sama2 orang tidak benar biar hancur,bully,1
eh kek penampakan lonte,bully,1
meninggalkan berlian tai sapi,bully,1
era kamu lagi wkwkw sekarang kamu penuh cacimaki telen ludah,bully,1
pantes mulainya si ajg berulah,bully,1
open bo tidak bang si listy om om yang cari cewek yang sudah pengalaman,bully,1
buah nangka buah kemanggi tidak akhlak kamu babi,bully,1
perlahan karirmu hancur bro kamu kebawan,bully,1
biarkan sk69official bangkrut saja ceo nya gatau terima kasih haha,bully,1
ngapain nginap rumah cowok tidak ada keluarga lagi kamu,bully,1
eh pelakor pas sekali frame orang 3,bully,1
anak gblk dikasi berlian pilih kerikil,bully,1
dikasih bidadari pilih dajjal awokawok v,bully,1
hanya ngehina sadar tidak sempurna kaya,non-bully,0
kesihan saya orang otak dangkal kek gini,bully,1
murahh sekali kamu jijik saya dikick evos malah open bo,bully,1
senengnya menyesal nya seumur hidup miris sekali hidup kamu tolol meninggalkan berlian indah dipandang sayang segumpal tai kucing,bully,1
indahnya pemandangan lont lont jual,bully,1
bidadari ditunjukan memang tidak pantes sma dajjal tidak tahu,bully,1
tolong kasih tahu nya apaa gais,non-bully,0
dikasih hati yang malaikat pilih yang berhati iblis greget,bully,1
kasih bidadari pilih kotoran,bully,1
dikasih bidadari lonte,bully,1
tidak jadi beli model murahan barang murahan,bully,1
modelny saja murahan barangnya,bully,1
muka macem pengamen gegayaan selingkuh untung sudah tidak sama jane lagi kebanting sama jane muka kamu,bully,1
males beli saya gara gara lonte,bully,1
bulug gini ya mukanya ehh maaf,bully,1
cantikan jessica ke mana,non-bully,0
dikasih bidadari pilih sampah,bully,1
yaelah muka pas an saja bangga kamu njing,bully,1
pilih iblis bidadari haha,bully,1
rangga_kanahaya kenapa tidak truck sampah kek mukanya sampah,bully,1
tidak jadi beli takut ketularan lonte nya,bully,1
hujatan klean kasihan si listy kontrak nya di copot hujat dunia sangat kejam,non-bully,0
beli baju lonte nanti kena sial,bully,1
dasar cewek kamu lonte tahu kamu,bully,1
sudah gapaham tolong,non-bully,0
ditengah manusia monyet kulitnya bercorak batik,bully,1
muka kamu anjing gwe ganteng anjing gwe rik,bully,1
pens lonte jangan takut listi miskin karena dipecat karena bisa kaya lagi dengan ya nglonte,bully,1
etdah tinggalkan lonte situ waras mas wkwk,bully,1
saya cewek murahan postingan,bully,1
sebelah kanan batik orang sudah warna nya kek taek babi si,bully,1
ih ko muka jelek sekali siii seram kek setan,bully,1
foto ketiga jablay murahan,bully,1
memang suci nghina segitu nya,non-bully,0
mending follow unfollow sudah tidak usah ribet,non-bully,0
dekil tatoan mampus karir kamu hancurr pantek,bully,1
sudah berlian pilih batu nisan,bully,1
alasan setan ama setan karena kalau setan bidadari sayapnya rontok diceker digigit dijambak2,bully,1
erick tidak akhlak jelek listy jelek,bully,1
setan ma setan mahh memang cocokk udee,bully,1
lonte kurus pucet kek mayat hidup,bully,1
muka tutup panci wkwkekek jelek nya sampai ubun ubun,bully,1
xrickolim smngat terus bro tiada manusia yang sempurna kamu bangkit n gbu keepstrong,non-bully,0
bodoh anak orang sudah tidak perawan noh gara kamu wkwkw,bully,1
frustasi habis uangnya kasihannn,bully,1
bro kamu yang ngehujat erick tetapi masalah sok keras,non-bully,0
semangat rick usaha barunya,non-bully,0
hadehh muka kaya tong sampah,bully,1
sekali omongan kasar tobat kawan kawan comment kasar nya,non-bully,0
ni orang jelek tidak obat jj liat ya,bully,1
semangat bang orang ngejudge kamu peduliin,non-bully,0
tuhan yesus semangat rick,non-bully,0
balas komen hate bang bikin sakit jempol mending berkarya,non-bully,0
eh kamu nyadar tidak sudah dekil tatoan nya kaya daki haha,bully,1
jelek dapat selingkuhan jelek keren yaa imbang wkkw,bully,1
ngehina fisik ni orang tidak benar ya wkwkwkwk,non-bully,0
bunuh sono goblox,bully,1
sabar komentar ujian,non-bully,0
santai rick yang ngehujat kamu belum tahu perjalanan hidup kamu saja sok suci,non-bully,0
sabar yah tetap semangat ngejar karirnya dengerin orang ngebacot komen saja,non-bully,0
erick masuk neraka jalur selingkuh bos,bully,1
terus berkarya brd titik seperti,non-bully,0
stop ngatain orang kamu yang ngatain orang ngaca dulu ngatain mirip suci saja hidup kamu,non-bully,0
ngatain sepertinya idupnya gapernag bikin kesalahan,non-bully,0
gila kamu karena tidak laku youtube,bully,1
kasihan yah sudah stress,bully,1
jatohnya kek ajg sih rikkk,bully,1
karir turun autis kasihan hahah,bully,1
erick kek gini saya kangenin keep itu up bruuh,non-bully,0
sudah autis iya bagi awokawkk,bully,1
kasihan muda sudah stresss,bully,1
komen yang support ketutup yang hate bgst memang ig,non-bully,0
maudy cantik na natural bnr2 cantik sangat cantik dalam,non-bully,0
bikin konten youtube student life at standford maudyayunda s1 at oxford fansmu tunggu nih,non-bully,0
aura orang pintar memang shining ya bun hy_dindut,non-bully,0
paket lengkap deh sudah cantik pintar,non-bully,0
sukaa sangat sama artis tidak neko2 natural bngett,non-bully,0
cantik pintar bertalenta orangtua yang tidak ingin anak seperti mba maudy,non-bully,0
idih mak lampir dibanding uya ma kamu kamu butiran debu kamu dikenal bacot rajin2 ngaca deh,bully,1
anjirlah muka kamu kek kuntilanak sok cantik,bully,1
mbak cadel yang bangga cadelnya sih kasihan karena cadel jijik tidak bisu saja,bully,1
sudah pintar cantik tidak kebanyakan tingkah perfect,non-bully,0
hati hati mody jaga jaga serangan brutal rasisme wajahmu sekilas onnie2 korea waspada,non-bully,0
bikin konten youtube daily activity stanford kak maudyayunda,non-bully,0
motivasi aku ka maudy cantipp sangat,non-bully,0
semoga kecerdasan mbak maudy bermanfaat agama nusa bangsa aamiin,non-bully,0
damage nya cewek pintar tidak ada lawann,non-bully,0
cantikan berisi kurus sangat kurus auranya,bully,1
cantik sih sayang kurus ya padahl sudah nikah kamu bahagia pernikahannya,bully,1
good vibes lapar,non-bully,0
kakak cantik sangat bismillah cerdasnya nular,non-bully,0
bodoh kamu alam semesta seisinya serentak murka mendengarkan lagumu,bully,1
dua2 nya cantik sekali masya allah,non-bully,0
ka nisa ariana grande,non-bully,0
adiknya kak maudy cantik pintar aura positifnya ramah lemah lembut rajin sholeha,non-bully,0
sekilas yang abu ariana grande haha,non-bully,0
nya ariana grande,non-bully,0
kakak adik cantik ya suka duanya,non-bully,0
rambutnya kak modd bagussss hitam berkilauu,non-bully,0
cantik congrats kak msuk nominsi tc candler,non-bully,0
maudy enak bet sudah cantik iya pintar iya,non-bully,0
kukira dedeknya berdiri mukul bang jer pakai ukulele salah salah,non-bully,0
bang jerome kalau nyanyiny kek gini bagus suaranya ganyangkaaa,non-bully,0
sutan lucu menggemaskan,non-bully,0
bang vidio bareng sutan kayaknya senang ama bang jerom,non-bully,0
kalau jeromepoline video berdua saja seharian anak hahah lucu gimana riwehnya,non-bully,0
muka kamu cabul sekali sih bagi hahah,bully,1
raut mukanya saja sudah orang kalah judi makan enak,bully,1
kak jerome mirip boneka tahu hahah,non-bully,0
mukbang makanan sehat kak salad jepang gituuu,non-bully,0
yakinin niatnya bagi semoga sukses,non-bully,0
bang nonton kerja jepang bermanfaat sangat kontennya jadi gampang kalau cari jepang,non-bully,0
hanya rumus diet yang tidak dipecahka ya bang,non-bully,0
perut maju tetapi semangat maju,non-bully,0
pantas kak jessica bilang bang jerom beruang wkwkwk,non-bully,0
aduhh susah kalau urusan sma jerome rumus matematika bahasannya daya diriku yang suka bahas inggris daripada matematika,non-bully,0
kaya tulus ya mukanya kalau diliat2,non-bully,0
kak jerome trik biar paham cepat rumus matematika dung,non-bully,0
x baca caption mikir pakai kalkulator cuyyy hahaha,non-bully,0
sumpah si kak kemeja jeans bikin kelihatan seger sangat mantap mantap,non-bully,0
ama aktor korea yang main film reply 1988 yang kaka nya jung hwan wkwk,non-bully,0
iya bang jer berbeda kalau pakai style mirip gini fresh anak gaul,non-bully,0
kalau style gini pas begitu bang sma umur kamu yang masih muda kelihatan lebih fresh saja sesuai sma umur,non-bully,0
dewasa imutt aih cipaaaaaa,non-bully,0
maniss bangettt pengen sudah senyuman manis mirip ka syifaaa,non-bully,0
nih orang manis sangat sihh tidak ngerti,non-bully,0
kakak pintar nyanyi ya syifahadjureal suaranya bagus kak,non-bully,0
tidak salah kalau kak syifa cantik mamahnya saja cantik bgtt jujurr,non-bully,0
lelaki yang kamu lelaki yang beruntung,non-bully,0
sangat ayahmu kalau adikmu sangat mamamu,non-bully,0
kakak sudah cantik sii cantikan kalau pakai hijab,non-bully,0
gemeshh kaya pengen cubit,non-bully,0
angelkmgi cute sih ganteng parah masih juga,non-bully,0
pengen saya pacul mulut kamu woii anjeng busuk,bully,1
bilang orang-orang artis cewek yang menurutku cantik syifa ziu,non-bully,0
ka cipa itu sudah cantik manis sangat manisnya itu nglebihin gula,non-bully,0
sekilas cantikkan syifa,non-bully,0
setuju tidak sih si tetap cntik sangat tidak pakai pakai up tidak pakai pakai up pucet sangat seperti tidak makan setahunn,non-bully,0
dahlahh memang cantik kamu cippp,non-bully,0
muka cantik pakai up hini bahagia sangat kali ya yang suaminya liat bidadari harinya,non-bully,0
suka bgtt sama kak cipaa orangnya humble sama orang temannya,non-bully,0
artis remaja indonesia yang manis sangat kalau senyum deh perasaan yang nempel hati,non-bully,0
doakan perempuan yang bernama nagita sehat bahagia lahir batin sayang sama,non-bully,0
rafathar nya mantull ni pulang tidak jadi menginap karena tidak teman mamany di rumah papany pulangg jadi jagain temani mama ya aa,non-bully,0
kultur kerja kaya gini saya bagus si tidak kapitalis sekali petingginya kerja ngevlog endors semoga gaji tidak senjang si haha,non-bully,0
senang kerja rans mbak gigi tidak ngebossy,non-bully,0
senang yaa lihat orang sukses meeting ya allah pengen sukses mirip begitu biar status instastory,non-bully,0
semoga kelg crew sehat rejeki terus lancar ya kak gigi,non-bully,0
fokus nagita pas minum sempet baca doa keren sangat hasil didikan orang tua nya,non-bully,0
kasihan ya nagita suami kerjaannya berzinah,bully,1
koreaable sekali face rafathar cakap ganteng manis sekali,non-bully,0
masyaallah rafathar ganteng sangat tidak kuat ngeliat alisny,non-bully,0
siwon ya lama2 perasaan saya saja,non-bully,0
lucunya berasa mirip kaka adik,non-bully,0
wajah nagita kya umur 20an,non-bully,0
foto nomor edit edit ya saayy kamera nyaa bening model fotonya bening tidak pakai filter tipu tipu,non-bully,0
look nya rafathar memang tidak dipungkiri diborong gen mama gigi haha,non-bully,0
nagita kaya anak muda coba cantikk bangeett,non-bully,0
masyaallah mamany cantik anaknya ganteng perfect,non-bully,0
kaya adik kakak kak gigi kelihatan muda sekali,non-bully,0
gede saja rafathar ya pintar ya rafathar,non-bully,0
mama gigi rambutnya pirang cantik muda,non-bully,0
ootd mama gigi simple elegan nya masyaallah,non-bully,0
masyaallah mamah gigi bening bet sudah sehat mamah gigi dan keluarga,non-bully,0
mama gigi ketemu gajah gajahnya senang tertawa begitu ahhaha,non-bully,0
ya allah tidak tahu kenapa aku suka lihat nagita pakai dress modelnya cakap cakap,non-bully,0
i see beauty in everything mba gigi sehat dede bayi nya,non-bully,0
mama gigi cantik sekali look younger than her age love mama gigi,non-bully,0
semoga adeknya rafathar anak tangguh kuat cerdas,non-bully,0
pakaian apapun yang dipakai mama gigi keceee,non-bully,0
terima kasih kak nagita raffinagita1717 support molly si gajah satwa satwa bali zoo kunjungannya keluarga,non-bully,0
kaya nya gajahnya merasakan aura positif nya mb gigi sumringah juga gajahnya loo,non-bully,0
manis sekali mbak gigi masya allah hamil bersinar,non-bully,0
mama gigi tidak pernah tidak cantik sih kalau,non-bully,0
semoga sehat bayi kandungan nya ibunya ya,non-bully,0
cantik sekali semoga sehat kakak panutan,non-bully,0
masyaallah mempesona kaum adam kaum hawa,non-bully,0
tidak orang bangun tidur siang secantik ka yaya,non-bully,0
tua muda yehh mukanya cantik bngett mau nangiss ampun cantik ka yaya,non-bully,0
gapaham cakeup nya natural masyaallah,non-bully,0
raisa mah tipe cantik sopan santun pakaiannya,non-bully,0
ka yayaaa why are you always stunning pretty girl,non-bully,0
ya allah ni orang peri cantik amatt,non-bully,0
cantik sekali heran samping kanan kiri dan lain lain tetap saja cantik,non-bully,0
berhenti cakap tidak kakk pusingggg ih,non-bully,0
cantik bajunya keren warnanya bikin pangling,non-bully,0
dongggg liked congratulations,non-bully,0
udaaaahh nontonnnnn lagunya bajunya makeup hairdo nyaaa sukaakkkk,non-bully,0
raisa tidak monoton suka deh sering2 kek gini,non-bully,0
sudah kunyah saja cute sekali,non-bully,0
penyihir secantik saya rela dikutuk tokek laut,non-bully,0
ya ampun kak makan sih cantik sekali,non-bully,0
ya allah kek anak yang masih batita kalau lagi marah manyunnya gemes hahaha,non-bully,0
sudah sumpah bagus sekali serasa liat cerita disney begitu,non-bully,0
kamu tidak sopan mukak kamu mirip babi,bully,1
ya allah sempurna sih ciptaanmu yang in,non-bully,0
ragu saja cantiknya sudah kek gini bagaimana kalau yak cantiknya kek heran,non-bully,0
kelihatan ragu kelihatan cantik,non-bully,0
warna bikin raisa shinning merah hitam putih pink and emerald,non-bully,0
raisa pakai baju merah sumpahh cantik bgttt,non-bully,0
liriknya pendek tetapi susah hafal pas putar kali eh candu sekali,non-bully,0
kak yaya tidak ngeraguin pendengar lagu2 nya,non-bully,0
ka yaya kalau ragu tetap secantik yah,non-bully,0
ragu saja cantik kak serius,non-bully,0
tidak alay tidak muluk muluk natural sukaaaa,non-bully,0
seru sangat gemoy tim berkebun plus tim alam sangat niiii,non-bully,0
nikmatnya menghirup oksigen bebas ya,non-bully,0
slide mukanya gaya saja tetap cantikk,non-bully,0
mba isyana foto gelap2an gini saja aesthetic sangat ya,non-bully,0
mba isyana sudah cantik suaranya bagus kompeten ah sukaaaa,non-bully,0
tidak taulah suka sekali gayanya isyan,non-bully,0
kangen nonton konser isyan langsung masih virtual experience nya saja begitu,non-bully,0
congrats ka isyanasarasvati berkarya sukses mnjd inpirasi,non-bully,0
congrats kak pantes mendapatkannya,non-bully,0
berharap kak isyanasarasvati umur inspirasi musisi indonesia suka musik indonesia kak isyana,non-bully,0
sudah cantik agak gesrek ya kelebihannya semangat produktif,non-bully,0
gatau serasa nonton wtf benar jakarta virtual and thankyouu for the performance kak syan keren pecah mengecewakan,non-bully,0
tidak lihat ka isyana live benar panggung tetapi terpesona sangat ama live virtual asli keren,non-bully,0
yash we the fest even virtual tetap keren sangat kak syann huaaa energi nya dapat sangat,non-bully,0
keren sekali sebentar mantap habis ditunggu karya ya kak stay safe and healthy isyana aku,non-bully,0
makaseh jugaa kakaaa inyeeuuuu semoga pantang menyerah kakak teman musisi yaaa,non-bully,0
thank you syan senang sekali kemarin haha semoga pandemi rencana dilancarkan ya syan,non-bully,0
hua senang sangat kemarin 35 menitan tetapi senang liat isyan adaptasi kebiasaan baruku semoga teratur maemnya ditunggu karya kaka,non-bully,0
senang indonesia musisi idealis berkualitas yang berkarya diapresiasi orang,non-bully,0
berharap menghadirkan musisi dengan genre dari yang industri biar musik indonesia berwarna,non-bully,0
congrats kak isyan semoga impian impian baiknya terwujud aamiin,non-bully,0
benar benar idola dari musisi dipandang sebelah mata sampai label musik congrats syan,non-bully,0
congrats kak isyan semoga karya nya yang kakak sukses teruss,non-bully,0
orang stres gila,bully,1
saya kalai tuhan gaakan saya jadi manusia pante tidak hidup orang dunia akhlaknya tidak ada tolol bangsat,bully,1
nya saya nangis kalau lagu nya seiihh kalau nangis karena saking bagus nya lagu nya,non-bully,0
definisi minat ketemu bakat ketemu kerja keras,non-bully,0
vnagstn astaga si isyana keren sekali musisi lokal selera musiknya mirip gini,non-bully,0
mashaallah sudah cantik pintar jago nyanyi dan mainin alat musik neng isyanasarasvati ngefans benar mah,non-bully,0
gilaaaa gila gilaaaa tangan kaki ekspresi n emosi tertuang adi karya yang fantastis,non-bully,0
gosh kali lihat isyana mainin alat musik kaya lihat jiwanya beda merinding gila kaya kepribadiannya serius sangat,non-bully,0
sumpah allah bagus sangat kereennn merinding aku nya dengerin sampai habis tiba2 saja sampai netesin air mata,non-bully,0
memutuskan fans isyana gila keren sekali ya otak berdua berfungsi dengan menjalankan perintah tangan kaki bersamaan,non-bully,0
amzing isyanaa jujur amazed sekali skill minat isyana bermusik tidak bernyanyi main alat musik jago sekali,non-bully,0
ngiri liat orang keren main alat musik dalam sekali nikmatin permainan,non-bully,0
sampai tidak berkata2 isyana sangat2 sempurna orang,non-bully,0
inimah main alat musik olahraga jari kaki mah,non-bully,0
jual makanan anjing dog food happy dog murah harga promo,non-bully,0
jual grosir makanan anjing makanan kucing petshop,non-bully,0
mentang mentang kamu anak gaul pas dikejar anjing lari bilang saya kabur bilang wow begitu,non-bully,0
males kalau kerja pagi terus tidak yang antar anjing,bully,1
pagi panggil anjing saja kamu motornya ugal ugalan,bully,1
hukumya orang islam pelihara anjing banyak kalangan artis yang plihara,non-bully,0
anjing okay,non-bully,0
sok geulis anjing,bully,1
cokelat racun anjing kucing,non-bully,0
anjing juga kamu ler,bully,1
memelihara anjing n kucing nih,non-bully,0
so sweet pemain gendong anjing pengganggu laga,non-bully,0
anak anjing jantan sengaja anak anjing betina menang bermain,non-bully,0
anjing putih bertengkar,non-bully,0
kesal deh pagi2 anjing aku gigit perban kakiku,bully,1
lancau anjing stressnya,bully,1
mei 2007 mourinho ditangkap diduga menghalangi polisi mengkarantina anjing peliharaannya,non-bully,0
pria china tewas selfie anjing laut,non-bully,0
lucu anak anjing anak kucing,non-bully,0
new jersey department of corrections melatih anjing mengendus ponsel tersembunyi,non-bully,0
beli anjing teman sudah teman kaya anjing,bully,1
nyepam sangat anjing,bully,1
anjing memang ganggu ya gonggong huf,non-bully,0
sih sayang sayangan sudah putus eh anjing anjingan,bully,1
cokelat kismis membunuh anjing,non-bully,0
anjing tolol ikut2an membicarakan kepercayaan orang dasar tolol urus kepercayaan kamu kasihan deh,bully,1
kali jogging pas jalan sadar anjing berkeliaran,non-bully,0
pengen anjing mirip gini sayang,non-bully,0
hp rusak anjing ah,bully,1
si anjing jualan obat wkwk,bully,1
penyakit anjing gila rabies penyakit menyerang anjing kucing kera dan lain lain,non-bully,0
kehadiran orang anjing kucing rumah menyebabkan seekor kucing stres,non-bully,0
anjing menggonggong menggigit orang bicara,non-bully,0
kamu mirip anjing kucing setia gampang manja saja,non-bully,0
hyena terkait anjing terkait erat kucing,non-bully,0
nyawa kaca anjing,bully,1
woyy anjing tolol terus kontolku,bully,1
anjing akun tolol,bully,1
anjing aing palanya habis bocor bertengkar anjing kampung rebutan cewek,non-bully,0
manusia satunya makhluk hidup tertawa hewan anjing kucing tertawa,non-bully,0
eh tahu ni anjing kamu,bully,1
hai salam kenal pending dpnya cantik orang pending ngapain nih pending dasar anjing delivered,bully,1
ibu2 bapak2 nenek2 bawa kereta bayi diintip isinya anjing,non-bully,0
kamu suka ama bilang tidak ngejelekin nama w anjing,bully,1
demen anjing sampai kaya anjing hehe,bully,1
hyorin memiliki hewan peliharaan anjing,non-bully,0
mukaa kamu passs smaa bulukkk jadi jadiann deh sono anjing babiii,bully,1
tidak sok ngartis sih anjing sok cantik gaya kamu,bully,1
cwok kaya anjing begitu,bully,1
efek bergaul anjing kelakuan si nong jadi,bully,1
dasar anjing,bully,1
anjing ni orang mabok stress,bully,1
anjing bangsat tai saja,bully,1
menjalankan mobil periksa astikan hewan kucing anjing yang berlindung area ban mobil,non-bully,0
si anjing si anjing,bully,1
kamu perek pemalan pejuh belaga pakai hijab neraka kamu anjing,bully,1
pahamilah sifat anjing luhur moral beretika tuannya teman penjaga yang setia,non-bully,0
ok anjing anak pelacur mak sundal i m coming for u sooner or later,bully,1
lemah seekor anjing keras gonggongannya,non-bully,0
woy tony bangsat are you liverpool shit fan do you know liverpool is fuckin bullshit like city hah anjing,bully,1
anjing si v tolak kamu,bully,1
hewan dianugerahi jin keledai anjing,non-bully,0
memiliki kakak perempuan seekor anak anjing,non-bully,0
negara yurisdiksi memberlakukan sengaja melukai membunuh anjing polisi kejahatan,non-bully,0
anjing bangsat dikenang sampah merindu wes ora peduli,bully,1
flaws on your face looks beautiful with a nice camera camera phone baling anjing hmmm,bully,1
anjing jilat teman belaiin teman teman dijelekin eh ntahlah,bully,1
guinness book of world records anjing terkecil yang adalah seekor yorkshire terrier yang beratnya 2ons usia 2tahun,non-bully,0
cewek cantik putih mulus sexy sayang dulunya laki haha kaga lucu anjing,bully,1
sejenis anjing kamu,bully,1
dokter hewan anjing sakit bau telinganya,non-bully,0
jangan percaya dengan orang suci macam anjing,bully,1
anjing trah basenji satunya anjing menggonggong menyalak dunia,non-bully,0
temenan saya elu pdkt kamu jadian pipi mimi putus anjing goblog,bully,1
bising ah anjing,bully,1
nurani anjingmu kebanyakan makan anjing babi tingka lakumu tidak bedah bangsat,bully,0
anjing kamu biadal bangsat kamu ulama dirimu,bully,1
anjing,bully,1
anjing laut jalannya pakai perut,non-bully,0
saya tidur berharap menang eh anjing tahunya pas bangun kalah tidak kntl,bully,1
dikejar anjing pagi pagi nuhun,non-bully,0
sekali2 memang kudu di kasih shock therapy anjing,bully,1
ya otak goblok apa2 dikaitin agama tetapi munafik anjing,bully,1
morning semoga baik2 saja deh maju kamu anjing,bully,1
woi akun anjing palalu pitak ygvkaya begitu kena pasal modar saja luh nyet cebong,bully,1
laika seekor anjing astronot angkasa dunia diluncurkan satelit bumi buatan 1957 pemerintah rusia,non-bully,0
hipokrit anjing hahahaha,bully,1
kaya anjing beraninya cewek,bully,1
mantap anjing,bully,1
muka macam anjing,bully,1
saja saya jejeritan anjing,bully,1
anjing bangsat gobloq,bully,1
hdh tolong suka keluh friendless dikacangin dan sebagainya memandang rendah sudah jb tidak diwaro sadar kek anjing caper kamu bangsat hih geli,bully,1
binatang anjing gajah pintar memahami gerakan tangan manusia,non-bully,0
malu malu anjing mah malu malu tetap jilat,bully,1
anjing menggonggong kafilah,non-bully,0
babi nangis anjing,bully,1
kepala kamu hahahahaha anjing,bully,1
dalam tubuh frank ocean apaansih anjing suaranya bagus sekali nangis 7 malam,bully,1
bangsat polisi anjing ya allah tolonglah yang teraniaya,bully,1
anjing kzl,bully,1
anak anak anjing dalmatian terlahir murni putih polos spot spot berwarna hitam muncul berkembang seiring dewasa,non-bully,0
anjing ya gausa dengar omongan orang bgst,bully,1
gede sekali barangnya anjing,bully,1
kalau teman anjing gimana,bully,1
kaya tai congor muka lebar kaya anjing,bully,1
salah colok anjing,bully,1
teman mirip anjing yaallah,bully,1
kardiograf anjing,bully,1
sumpah lupa kemarin ngapain saja anjing,bully,1
apanya dibaca anjing kalah kalah saja alasan bacot,bully,1
kamu mukanya kaya anjing,bully,1
anjing bgst omongan cowok cowok kumpul ehh tidak kebanyakan teman begitu si iya,bully,1
saya tidak melihara tetapi banyak anjing koceng online saja pas ngeliat senang sangat kalau dibolehin melihara benar ya,bully,1
saja supir angkot w bilang kiri tetapi sangat tidak berenti2 terus wey anjing tidak waras sangat sudah,bully,1
spngetahuan saya sih kalau anjing di dalam di rumah malaikat juga tidak msuk,non-bully,0
sudah 18x masuk twiter game anjing,bully,1
anjing tukang fitnah kamu pendukung yang didukung saja tukang hoax fitnah,bully,1
kesal sekali anjing tidak ingat ingat kemarin memikirkan huhhhhhhhhhh gedek sekali,bully,1
pokoknya anjing yang lebay bodo makan rumor kaya begitu bub saya tidak mau mutual kaya begitu tai,bully,1
golden retriever anjing jaga rumah saja dengan maling gonggong sebentar buntutnya menari2,non-bully,0
lelaki bangsat lelaki kardus lelaki anjing kaloo ceweee kamu tidak gosahh dipaksaa anjeng genugg nihh,bully,1
apasi anjing terserah saya tidak suka unfoll bebas,bully,1
kamu saya gendong anjing,bully,1
lari jantung pecah anjing,bully,1
ngatain orang sok inggris kamu men kalau bilang terima kasih tetap bilang terima kasih bro ah munafik anjing,bully,1
muka kamu sudah kaya berak anjing tong,bully,1
cari mutual twitter ig ena cari twitter sumpa ig sudah follbck unfoll anjing memang,bully,1
masi pagi si anjing,bully,1
peler anjing bacot kamu anjing duel ama saya kamu anjing,bully,1
kasih saya pencerahan nikmatnya lari pagi dihari minggu melihat cewek bening bawa anjing,non-bully,0
kenapasih orang orang rumah kek anjing sangat,bully,1
folow anjing komen saja,bully,1
kesal bacanya anjing kaya baca puisi,bully,1
emosi nih kucing tetangga hobinya mengendap2 masuk balkon rumah nyolong makanan anjing,non-bully,0
astaga pagi pay kamu aku anjing,bully,1
sumpah saya kesal sudah lihat video mencari pendidikan berkarakter pendidikan barbar anjing,bully,1
anjing ah ketawaaa,bully,1
anjing tolol kamu goblog,bully,1
memang anjing biadab kali polisi anjing,bully,1
tuhan kamu bertengkar terus anjing ngapain sih,bully,1
nurani bukan manusia tetapi binatang anjing,bully,1
hijrah tetapi melihat video polisi jadi kaga kaya anjing,bully,1
woy anjing anjing kurapan elu memang bangsat mampus kamu liat saja,bully,1
pacar anjing beda ya anjing tidak tahu sabar always tunggu majikannya pulang pacar capai tunggu orang yang disayang,non-bully,0
mirip nonton bokep munafik kamu anjing,bully,1
beda 1000 anjing,bully,1
pukimak india babi ni,bully,1
apasi anjing,bully,1
saja anjing yang saya tertawa pagi pagi gini asu wkwkwk,bully,1
pagi awali dikejar anjing,non-bully,0
anjing pantas barang yang dikirim saya rusak,bully,1
pagi pagi sudah emosi anjing,bully,1
tolol anjing,bully,1
hahaha orang dirumah ninggal aing sakit pergi liburan jogja hahaha anjing,bully,1
sampah si anjing,bully,1
kara mengumpat anjing tai babi,bully,1
dingin bat anjing bodo tidak mandi saja saya,bully,1
anjing pagi emosi saya bacanya balas nder kontol kamu najis anjing amit amit,bully,1
malu anjing pakai ojek tuh bayarnya pakai gopay,bully,1
nitip anjing fotonya temu reddit,non-bully,0
ganggu sangat anjing pengen saya penggal,bully,1
anjing yang bawa mobilnya buta matanya,bully,1
capai ah bangsat bikin males pagi2 saja anjing kamu,bully,1
anjing tidak main twitter kak,bully,1
bloon anjing,bully,1
anjing kamu hina mama kamu,bully,1
anjing kamu hahahahah,bully,1
anjing terbahak-bahak,bully,1
yeee anjing sudah livestream 1 jam cancel karena cuaca,bully,1
takut anjing cynophobia,non-bully,0
bisalah om meteka menggonggong bicaranya gaya anjing peking,bully,1
dih anjing sangat setannya ruqyah,bully,1
sombong nih orang anjing,bully,1
anjing sumpahw tadu yang reply mba tara ganti dp om2 buru,bully,1
culun bet w anjing,bully,1
keripik kaca maksud saya anjing suuzon terus kamu saya,bully,1
benar sekali mba suka gangguin anjing tetangga dikejernya,non-bully,0
kalau tidak anjing sama bgst itu ky saja ketik grup,bully,1
lgbt lgbt tai anjing kaga ngedukung dibilang tidak berperikemanusiaan tai,bully,1
loh mulainya jam stengah 7 kek sih anjing sekolahku,bully,1
wkwkwkwk memang ngapain anjing orang tidak ngapa2in,bully,1
anjing kek tidak ada akhlak sangat,bully,1
dunia nyata tokoh liciknya anjing kucing,non-bully,0
anjing ngespill tetapi males,bully,1
anjing diam saja abangnya tolol sudah mending kalau ginian tidak usah nonton biar berhenti abangnya juga cari nafkah dengan saja,bully,1
dasar anak anjing,bully,1
mati saja kamu anjing,bully,1
kalau cewek cantik tidak bicara kasar berhubung tidak cantik trobos saja anjing,bully,1
yang goodlooking tetapi sok2 an insecure biar si anjing,bully,1
pagi sudah mirip anjing saja hidup,bully,1
weh anjing saya diam saja disalahin,bully,1
tidak ada otak anjing,bully,1
anjing asli goblok sudah saya kasih tahu panggil pakai real name saya saja tolol tidak bisa sangat mencoba belajar hargain orang,bully,1
guys sctv teh nct benar indo gimana saya kesal sekali anjing nct perform lagu ngapain diselipin reaction artis indo ah tidak jelas sangat,bully,1
janji anjing babi bangsat,bully,1
kecewa sctv scene tidak ngotaknya anjing dipikir dih,bully,1
sumpah ya tuh sudah ganteng pakai item2 kameranya tidak gaya eh si anjing nyorot audience,bully,1
oh elu anjing pantas so nice hap nya kenalin sama saya,bully,1
anjing sekali ya pagi2 saya care teman sangka jelek kalau tidak kuat minum tidak usah minum sudah mabok mah berabe njing,bully,1
bodo anjing,bully,1
kondisi di mana khawatirin si senang senang babi namanya,bully,1
itu ah babi kamu din,bully,1
ups muka babi ngepet ditayangin lagi,bully,1
pagi pagi sudah babi,bully,1
babi ngepet,bully,1
babi la cok samaaaa,bully,1
dasar babi,bully,1
caper tolol babi tunggu kamu semester,bully,1
bangga tinggal nyebutin aneh nih otak babi,bully,1
kukira kamu rumah kandang babi,bully,1
apasih ngentot kontol asu babi memek ginian saja kamu share base anjay,bully,1
umur segini si babi,bully,1
cinta monyet cie wkwk,non-bully,0
heh kontol jan sok pemes kamu rp muka kek memek orang tua kamu kek monyet agama kamu saja agama kontol,bully,1
orang monyet revolusi manusia monyet manusia berjalan tegak,non-bully,0
kamu maenin cewek saya kasih monyet cewek biar puas,bully,1
harapan kamu sih tahun monyet api share harapan kamu bareng bear brand,non-bully,0
sifat monyet yang gesit pintar monyet api penuh keceriaan optimisme semangat bareng bear brand,non-bully,0
alay kamu monyet,bully,1
shio baekhyun monyet,non-bully,0
topeng monyet tontonan sudah jarang sekali peminatnya,non-bully,0
saya gatau kamu habis ketiban anak monyet terhura nih saya thankyou so much looooo njir,non-bully,0
disaat serius nya main main disaat main main nya serius dasar cinta monyet,non-bully,0
monyet congrats woi,bully,1
pacar monyet ko hobinya nge gantungin kamu terus sudah putusin saja makan hati,bully,1
doktrin darwin iman buktikan monyet yang sekarang berbicara,non-bully,0
bot temennya dora monyet ya,non-bully,0
tinggal indonesia barrack obama memelihara monyet bernama tata,non-bully,0
_waktu sekolah mah actual cinta monyet haha yakan tidak kasihan hati nutrijell saya yah saya alay,non-bully,0
terlibat cinta monyet abg pacaran pohon mencari kutu kepala,non-bully,0
suka suka sih mama bilang cinta monyet,non-bully,0
si monyet bangsat saya coba memang situ saja yang keganjenan sok polos babiiii,bully,1
habis beli monyet mukanya mantan kamu,bully,1
cinta monyet anak anak lucu konyol perasaan cintanya tulus pakai modus,non-bully,0
boneka monyet yang selalu menemani hari2ku,non-bully,0
sains yang hebat membantu anak2 bahwa usul manusia bukan dari keturunan monyet tetapi keagungan ciptaan tuhan,non-bully,0
monyet bicara monyet ah kamu,bully,1
diam monyet,bully,1
jadi nih orang keturunan monyet liat saja mukanya,bully,1
kecuali manusia monyet mamalia buta warna,non-bully,0
cinta monyet suka2 nilai2 fisik yang disukai cinta hewan sesamanya cinta sejati cinta pada anaknya penuh kasih,non-bully,0
ngarepin banjir tidak aktivitas egois sekali kaya monyet,bully,1
monyet kamu,bully,1
monyet memang terus nyerang nu banser ulama nu ajar memang,bully,1
kamu monyet,bully,1
ni monyet pakai dp kerja nya gibulin orang2,bully,1
monyet terbang angkasa albert ii terbang 83 mil ruang angkasa 14 juni 1949,non-bully,0
nunggu lebaran kamu lebaran monyet,bully,1
tidak ngerti kenapa sih sekarang jadi musuhan gini padahal sering main sama2 karena beda manusia kamu monyet tetapi salahkah kita berteman,bully,1
pesanan coba belagak monyet,bully,1
ilmuwan as mempelajari otak seekor monyet mengontrol tubuh monyet,non-bully,0
monyet nakal macem kamu,bully,1
mimpi tercyduk gara gara si monyet,bully,1
eh nyet kalau kamu survey nya kandang monyet monyet yang menang,bully,1
monyet panda lucu,non-bully,0
monyet ya begitu om nya yang culas orang yang dicela bodoh namanya begitu,bully,1
yang monyet ky yang tanya,bully,1
nyettt monyet goblog,bully,1
titid monyet kamu,bully,1
pendapat otak mu monyet babi anjing kamu,bully,1
terbahak-bahak saya serius lucu sekali monyet,bully,1
anjing tai babi monyet manusia goblok kesal guaaa weh pengen saya banting,bully,1
si monyet dimenangkan kecurangan,bully,1
ngapain sih monyet,bully,1
rusuh monyet wkwkwk,bully,1
benci player sun kelakuan kaya monyet,bully,1
duit kantong pas cinta monyet,non-bully,0
tidak jelas kalau jadi monyet,bully,1
tidak dikatain monyet kelakuan monyet,bully,1
pengen artis sinetron tidak laku dandannya sudah heboh sekali mirip monyet didandani ribet,bully,1
yaallah bagus btw salpok seprei monyet samaan kitaaaa,non-bully,0
monyet ya proses mah bgst,bully,1
saya mandang fisik karena oke tahunya buriq ajg deh kamu monyet,bully,1
saja makhluk tolol mirip kamu heran pekara hoax nya tidak kamu nyadar tidak sih bodoh gambarnya seram,bully,1
wooy monyet kamu tidak tahu kasih pisang sambal,bully,1
aku ikuti heart series monyet cantik saja yang ggs cjr nontonnya kadang saja,non-bully,0
sudah makan tai belum kamu nyet monyet,bully,1
haha otak bodoh otak bodoh tukang makan tai anak monyet tukang sodomi hahaha,bully,1
kamu monyet mnusia,bully,1
elu nyet kamu monyet,bully,1
shio mu babi monyet,non-bully,0
beli monyet seperti george di mana ya asyik kali ya monyet,non-bully,0
goblog pas sd sih polos sekali pas dibego begoin cinta monyet anj,bully,1
sapa monyet,bully,1
monyet mondar mandir kerja dasar presiden sialan,bully,1
pantat monyet kadrun,bully,1
diam nyet have a nice day nyet dasar monyet,bully,1
gosa ngegas nyet have a nice day nyet dasar monyet,bully,1
tidak monyet,bully,1
doger monyet es doger,non-bully,0
kemasukan omongan kamu alias omongan monyet ya,bully,1
halus penginnya ludahi muka gus munafik bilang binatang kamu anjing babi monyet dan lain lain sudah terwakili didalamnya,non-bully,0
bacot kamu monyet barbar,bully,1
susah kalau bicara ama jembut monyet mulut kaya bol yang tai tidak ingat ama janji kamu yang kemarin dasar munafik kamu peler kuda ucapan tidak dipegang,bully,1
bahasa inggrisnya anjing ya kunyuk kamu,bully,1
anjing ni akun kamu ngapain si nge share dasar otak miskin,bully,1
hyukjae bgst otak saya traveling ke mana ye kunyuk dikasih emot begituan,bully,1
bajingan u pagi2 teriak pengen saya tabokin itu mulut2 tidak sanggup hidup dengan manusia2 aneh seperti,bully,1
mampus kamu perek duri2x dunia bajingan eneg habis,bully,1
kamu dasar bajingan tidak dipercaya omongannya,bully,1
grup kamu so asyik najis isinya cabe hahaha bajingan,bully,1
cowok jaman tuh bajingan,bully,1
bajingan,bully,1
btp tidak kelebihan kecuali pemimpin yang suka kotor tai bajingan keparat anjink dan lain lain memalukan,bully,1
intinya kamu kaya bajingan,bully,1
bajingan subuh dapat chat orang lagi ngedumel gara tanda nya tidak ketik,bully,1
sudah tahu bangsat sudah tahu brengsek sudah tahu bajingan tetap saja,bully,1
bajingan berasa bajingan,bully,1
saya tidak balikkan saya laku orang yang kamu kamu melebihi bajingan,bully,1
banggakan polisi bajingan bajingan,bully,1
hah ngechat hanya bilang bajingan sekali hidup kamu,bully,1
kamu anak kok ajarin pakai baju kaya pelacur gimana si elu bajingan sekali kamu endut,bully,1
kamu idiot tetapi kamu bajingan anjing taik babi nenek kamu kakek kamu ayah kamu nyokap kamu anjing,bully,1
yang loh bajingan nya sial,bully,1
dasar bajingan,bully,1
muka nipu yaa muka polos bajingan hhhh,bully,1
cocok ko bajingan,bully,1
anjing bajingan bangsat seri we goblog tai,bully,1
kiper bajingan,bully,1
berkuasa orang2 keparat bajingan hancuuurrrr,bully,1
bajingan sampeyan,bully,1
bajingan wasitnya ckckckck,bully,1
fpi isinya orang bajingan tetapi pengecut,bully,1
lonte bajingan,bully,1
dasar bajingan hilang kepercayaan berkat kamu sial,bully,1
dsar wanita pelacur pembhong ingkar janji pendusta bajingan,bully,1
bandit tua bajingan tengik cahaya kian meredup kuasa menahan beban hidupnya,bully,1
amin bajingan bajigur dasar biji,bully,1
dasar bajingan gub wagub dki sekarang,bully,1
maaf habis bikin ulah hina ulama mas bodoh bajingan bangsat kamu,bully,1
bajingan munafik memang harus kapok persekusi cikupa tidak terbukti mesum ditelanjangin,bully,1
habis kesambet kamu sok bijak dasar tai nama kamu bagus tetapi sifat kamu bajingan,bully,1
bajingan goblog,bully,1
bedain bajingan yang nangkap bajingan tidak goblok kamu cok,bully,1
bajingan bolt koneksi kencang mesti restart jam,bully,1
luhut si muka bajingan sekarang perusahaany banyak duit dari mana,bully,1
luhut muka bajingan tengik perusahaanya banyak sekarang duitny dari mana yaaaa,bully,1
ahhhh bajingan kontol asu sing asu ki koe sak bojomu sing bosok ki koe sak bojomu,bully,1
tim kontoollll anjeeeeng bajingan memek bangsaaat,bully,1
nyinyir dasar bajingan,bully,1
hahahahahahahahahaha bajingan kamu,bully,1
dasar bajingan lemah,bully,1
kalau bajingan mesum pengecut,bully,1
bacot busuk eh tolol tidak yang memggunakan bus cok mobilisasi pakai bak terbuka motor,bully,1
kejahatan biadab mengeroyok membunuh orang berkurang bajingan biadab,bully,1
mamakmu pelacur bajingan kamu buktikan kamu anak pelacur bajingan,bully,1
memang dasar bajingan tahu malu loo,bully,1
fuck ustad bajingan sialan,bully,1
halah kontol jembut asu bajingan,bully,1
berhenti anak biadab geser anak bajingan,bully,1
tidak mukul kali dasar manusia jenis kamu mbak seandainya keluarga saudara nya gituin goblok kamu bajingan kamu menghargai orang,bully,1
bajingan memang,bully,1
ya memang kalau tidak brengsek ya bajingan tidak ada bedanya berseragam swasta saja anjeeeng,bully,1
bajingan wkwkwk,bully,1
benar-benar bajingan bangsattt setan anjing babiiiiii keboo iblisssss duuhhhh pengen gueh kunyaaah anak² setan ituuuu,bully,1
anggap anjing iya anjing asu asu ndhasmu bajingan,bully,1
si bangsat lagi mancing memang bajingan itu orang,bully,1
pengendara bangsat bajingan,bully,1
bajingan ajg haha,bully,1
anak bajingan ajar kamu mending tidak punya anak,bully,1
_ asu bajingan celeng,bully,1
bajingan asu pantek benci sekali cowok,bully,1
anak bajingan,bully,1
memang nya asu malu,bully,1
asu terbahak-bahak,bully,1
kontol asu,bully,1
takut dibegal asu,bully,1
anak asu,bully,1
bgst orang yang ngutang saya terbawa sampai mimpi tidak bayar asu,bully,1
dih sokan sangat jadi cowok pala kamu tidak sama cewek bukan tidak kamu saja yang maruk asu,bully,1
bjir ya orang kek begitu tolol asu maju,bully,1
bangsat kamu,bully,1
sudah dikasih hati baikin nusuk bangsat memang ya,bully,1
menyalak lagi woi bangsat,bully,1
kamu ko teman depan saya kelihatan saya kamu lugu2 bangsat sih,bully,1
bajingan bangsat kamu sombong sekali,bully,1
teman makan teman teman aku panggil bangsat,bully,1
kamu munafik yah baikin jelek jelekin bangsat,bully,1
teman makan teman hhhaaa bangsat kamu,bully,1
korupsi bangsat,bully,1
kamar saya kebocoran jadi banjir bangsat,bully,1
pacar yang tidak seperti sekarang brutal seperti bangsat,bully,1
tai mirip member kamu bangsat,bully,1
eh bangsat ribut yuk saya,bully,1
anjing bangsat memang,bully,1
mood hancur bangsat masi pagi iniiii,bully,1
benci plk tengok bangsat ni fvck,bully,1
menyesal saya ngestalk anjing bangsat,bully,1
dasar cowok bangsat,bully,1
tidak so islami kalau kelakuan bangsat saya tidak senang kamu,bully,1
kartu merah yang tidak penting bangsat,bully,1
bangsat bas kimak,bully,1
sumpah bangsat,bully,1
bangsat kamu penipu anjing tobat kamu ajal menjemput,bully,1
woi apa2an bangsat sekali bangun2 beritanya fuck 2016 fuck,bully,1
orang sih begitu sifah hati jelek sangat taik kamu anjing bangsat mampus saja kamu,bully,1
bangsat bangsat bangsat,bully,1
saya sih pengennya naburin badan emak kamu babi kontol bacot kamu setan iblis kamu bangsat,bully,1
weh anjing bangsat bacot kamu kontol,bully,1
kamu ulama bangsat,bully,1
aswww bangsat,bully,1
teman kamu tidak kamu saya tidak rugi kali bangsat,bully,1
sabtu minggu masuk siangan jam 6 sudah dibangunin ih bangsat anj,bully,1
dosen bangsat,bully,1
kamu bejat bangsat brengsek,bully,1
penipu nih bangsat,bully,1
ketiduran bangun bangun pengen maki bangsat,bully,1
bangsat kntl orang kamu,bully,1
hih dasar kamu bangsat idolamu seprintilan saja sudah songong kamu ya,bully,1
cabul bangsat anjing pepek kontol,bully,1
jijik bangsat pagi ah,bully,1
bejat bangsat biadab tuh orang,bully,1
anjir bangsat kamu,bully,1
brengsek bangsat goblok jancuk bacot,bully,1
bangsat si tai wkwk,bully,1
manusia kek gini nya kebiri bangsat bejat,bully,1
bangsat alay tenan asu,bully,1
bangsat story ig isinya rang orang spoiler endgame,bully,1
dasar bangsat sialan,bully,1
ya memang bangsat,bully,1
njirrr tidur bangsat,bully,1
mantan bangsat,bully,1
bangsat saja tidak memperhatikan sampai situ cuk,bully,1
orang tua didik kamu anak bangsat,bully,1
halah bangsat,bully,1
kalau tahu malu gaakan nge bangsat,bully,1
mampus kamu bangsat cuekin ngabisin kuota saya kamu kimaq,bully,1
bangsat cuti sudah habis,bully,1
bangsat homo kirain yang komen cewek cowok anjeng cewek tidak respon asu,bully,1
dibesarin terima kasih kamu tidak hadir hidup bangsat anjg,bully,1
potong saja k9ntolnya tuh bangsat nih orang,bully,1
untung puasa kalau tidak sudah saya maki kamu anjeeng bangsat,bully,1
jijik sangat bangsat,bully,1
sok bijak bangsat,bully,1
anjing absen saya kosong 2 absen bangsat,bully,1
bacol tidak apa-apa kalau dijual ya kamu memang bangsat anjing,bully,1
ketrigger bangsat rcti kontol,bully,1
anjing saya belum tidur bangsat pas tidur telepon ayah bangsat,bully,1
pagi jay bangsat lupa sarapan nyet,bully,1
asu burung gembrot saya tidak ngapa2in tuduh robot bangsat,bully,1
duh anjing nama kamu seperti saya wkwkwkwk bangsat,bully,1
susah benerrr bangsat,bully,1
aaaa bangsat ketauan bohong,bully,1
eneg bangsat,bully,1
sama tuh dalam hati tidak salah terus saya bangsat begitu ya anying terbahak-bahak sangat pda suuzon,bully,1
username tolol tidak hubungan nya keguguran dengan pakai hijab syar i yang kamu bilang bayi nya kepanasan didalem tidak hubungan nya woyyyy otak jempol kamu tidak singkron sih ya nulis komentar,bully,1
geblek kamu tata cowok sangat dibela2in balikkan hadeww nanti ditinggal lagi nyalahin tuh cowok kitenya yang oon,bully,1
kemarin termewek2 sekarang lengket lagi duhhh labil sangat sih mbak kya abege saja atau yang kemarin cari sensasi biar top markotoppp ertong tidak berkualitas,bully,1
intinya kesal att nya tidak usah anaknya kasihan perkembangan psikis anak kedepannya orang benar benar tolol sekarang seandainya anak anaknya dikatain orang benci gimana perasaan benci tahu batesnya namanya manusia gaakan penyuka haters,bully,1
hadewwwww permpuan lagi sakit jiwa kenapa yang jadi peran utama film hantu jeruk purut ky khabisan stok artis ja,bully,1
pantas tinggalin laki ya lakinya mikir kali perempuannya kayagni urus saja tidak becus gimana urus anak mending anak bapake nya saja benar didiknya,bully,1
kebiasaan balajaer nyampah di ig artis suka2 yang ig bikin caption balajaer yang heboh asyik ceramahin yang ig tar lama2 di bikinin lagu sama teh melly loh balajaer yang berjudul balajaer bersabda seonggak koin laknat nya balajaer ngamuk mengiyakan sekali koin laknat nya jadi penggoda di rt nya gigi duh elah balajaer semua tahu kale kelakuan biduan kamu kek minus segala2nya di bela mati2an pada sakit jiwa,bully,1
karena rakyat indonesia bodoh tidak membedakan yang yang buruk sudah tahu prilaku buruk tidak tahu sopan santun yang dipilih jadi panutan mengidolakan yang murahan dari pada yang berkelas ber etika,bully,1
ayu janda bodoh punya suami kapan nikah laginya,bully,1
anyiennnnggg suaranya hancur sekali merdu tukang gorengan,bully,1
syarat sah nikah agama islam 5 cpp cpw saksi wali nikah mas kawin mahar perkara makeup tidak manglingi syarat sah pernikahan tidak makeup syarat yang 5 terpenuhi pernikahannya sah yak emak emak julids,bully,1
cewek gatau nih ngerebut pacar orang sudah abang yang ngedukung sifat jeleknya lagi ckck,bully,1
username eh situ kids jaman now ya kebanyakan micin mana yang ngina bodoh dipelihara,bully,1
jijik liatnya suer deh minceeee,bully,1
memang tabu ciuman begitu iya memang yang bikin eneg pencitraan nya yang sok alim sok sok bijak sok sok yang lainya seandainya pencitraan sok alim sok suci serius,bully,1
yang jadi 1 ciuman depan orang banyak yang sih malu kecuali mungkin lagi mabok jadi tidak malu 2 berteman helooow pertemanan tidak melibatkan ciuman bibir coba saja bayangin sanggup tidak ciuman bibir ma teman lebih dari teman dasar kelakuan kids jaman now yang memang bodoh karena kebanyakan micin lho yah,bully,1
anjing nya ngamuk hidup dmana2 punya musuh sudah kliatan mana yang orang tidak punya banyak musuh,bully,1
username ahhh jaga ucapan lahh ucapan tidak dijaga dasar munafik dasar betina zaman now ellu kali yangg kelebihan micin kamu otak kamu selangkangan paham semoga tuhan ampunin kemunafikan kamu cun,bully,1
username yaa ampun upil naruto kata2nya mencerminkan kalau yang pecun pengalaman sekali kamu yaa kasihan saya prihatin mati saja deh kamu ngotorin dunia manusia kamu,bully,1
hanya jual goyangan yak suara taik,bully,1
kasihan ih cari uang sampai segitunya,bully,1
anjir tontonan yang bermutu,bully,1
dulu inul goyang ngebor baju ketat dcekal harus nya ni juga dengan sgja goyang dada terus suara tidak sbrpa mrsk moral anak muda yang nonton bawaannya nafsu saja,bully,1
pnyanyi dangdut yang tidak berkelas begini nih y nonjolin suara nonjolin dada,bully,1
najis najis sudah homo saja orang kaya gini musnahkan muka bumi,bully,1
haduuh orang tidak akhlak bangeg perasaan kerjaan bertengkar terus musuhnya,bully,1
s lonte bukan sensasi ngjak ribut orang terus sampah,1,1
mirip banci deh nenek2 punya cucu mau operasi mua top tetap saja kalau asli nya tidak cantik dalam,bully,1
bagus kalau mingkem saja hahahahahaha jahatnya akuuu,bully,1
oplas dipermak tetap jelek pokoknya mukanya tegang kek banci sudah sekian,bully,1
mending liat dek molen biarpun cowok tetapi cuantik tidak kaya cewek tetapi mirip bencong wkwkwk,bully,1
bencong rombeng menjijikan gay juga,bully,1
orang gila pengen hitz cri tenar rela dipenjara cari sensasi settingan beken sampai hina2 orang astagfirullah sekaya sih orang kaya mulut nya ky sampah tidak sekolah ya,bully,1
cowok anjing cuihhh orang kaya berkoar saya orang ping kaya sedunia orang tahu kalau orang kaya orang kaya malahn berperilaku orang sederhana memamerkan kekayaan dunia akhirat mampus kamu harta tidak bawa mati pants buang laut kamu orang anehhh,bully,1
cari sensasi tenar terus banyak folowers nya tidak begitu begitu juga kali darar orang setres bicara saja belepotan tidak begitu kamfungan,bully,1
bicara saja belepotan gaya kamu bencong,bully,1
orang kebanyakan makan taik ya gini otaknya sudah penuh taik jadi tidak berfikir positif berbicara saja tidak bermoral dasar kaum2 laknat banci anjing kbanyakan burit sih kamu jadi stres manusia ogah jumpa kamu anjing anjing yang ketemu kamu taik,bully,1
sikat abiss lahh orng2 sialan kaya gini pemimpin negara tidak hormatin jangan mentang2 president sembarangin marah tidak hina pemimpin harap tindak hukum orang iniö,bully,1
jijik sekali lihat tingkah si upil mudah2an secepatnya tidur,bully,1
edan nih orang sudah makan uang rakyat tidur,bully,1
manusia laknat matinya apakan ya,bully,1
sakit otak hatinya mah sudah tidak nurani urat malunya pajak loh ngegaji orang2 gila hormat,bully,1
anak babi bangsat pengen sumpel timah panas congor kamu biar modar,bully,1
pengen sumpel timah panas congor si anak babi pesek buruk rupa,bully,1
hey anak bangsat babi pesek buruk rupa keriting pengen penggal leher kamu sampai putus lumayan makanan buaya,bully,1
ratu pelakor sejagat raya dimana2 lonte ya tidak malu yang merasa lonte tolong malu sedikit,bully,1
mahhhh pertemuan buah ranum buah busuk sudah tahu yang busuk yang manah mentok2nya mah begitu saja kalau pelakor,bully,1
ah manda mah gatal tidak liyat cowok sedikit langsung disosor begok saja yang ama manda kegatelan cewek,bully,1
si amanda mukanya tante umur tetapi muka boros sekali dasar cabe jujur saya mah tidak suka ama ni haltis,bully,1
astagah demen ama cewek dekil kumel nagita turun att nagita kaya emas att kaya barlen,bully,1
alah laki laki jaman sekarang sama saja bejat ustad kek kek gila sangat sama perempuan yang istrinya stju sangat sama yang bilang ustazah username msuk surga bukan karena poligami masih banyak yang bisa jadi akhlak bisa masuk surga yaa semoga saja sih perempuan perempuan pelakor diluar sna azab yang tidak diampuni hidupnya tidak selamat dunia akhirat,bully,1
gilaaaaa pelakor sangat laki2 gatal alasan berpoligami woiii mikir pakai otak haduh pikir orang pintar tahu agama buruk allah menguji kesetiaan nafsunya eh kaya begitu menyakiti istri saja menutup pintu rejekimu anak istri kamu korbankan sebagai seorg imam keluarga gagal mmpertahankan rumah tangganya mencoreng nama nya sendiri semua orang suka sekarang benci m,bully,1
biasalah kalau pelakor lebih hancur mukanya istri sah barang bagus cepat laku pelakor jelek tidak laku ngembat laki orang ya sudah sama2 gatal cocok wes username,bully,1
lama2 ilfil deh sama ni ertong caption ig story nya membicarakan orang mlu orang jadi ambigu nilai si a si b si c sudah begitu kaya zholimi salahinnya lawan jangan omong status ah nya dewasa,bully,1
username pemikiran manusia bodoh eehhh tante oma empo otak kamu picik sangat ya juga manusi larangan memang dunia orang larang ngungkapin unek2 stupid human,bully,1
heran deh yang ngatain si via baperan ya wajar dese baper udin muak orang yang munafik sok an dese kabar yang baperan laki orang tidak nyadar tuh pemujanya att gotong royong nasehatin att menggila muja att mojokin viaa dese manusia keles ahh,bully,1
username yang komen via nyinyir terus duh seperti tidak nyinyirin orang saja parah kalau orang sok benar mah begitu padahal media sosial hak instagram instagram yang nyinyir tidak pakai ig s,bully,1
username nya ngatain orang nyindir netijen goblog banyakan masyako,bully,1
username didik ortunya nagita bagus heran dengan balajaer nagita yah yang dirugikan sama junjunganny kenapa yang dibenci bodoh sangat asli,bully,1
username padahal kamu kampungan loh pakai kerudung mulutnya cuihh,bully,1
belajaer tuh ya hahahaha bela artis sampai sebegitunya manusah2 begoh,bully,1
username iya norak kampyuung coba liat artis adem ayem liat isyana liat agnezmo liat mba liaaat diliat saja coba telaah deh dikasih tahu contoh artis better eh jawabannya ya cocok la,bully,1
username tidak sok high class mba liat komenmu artis beda2 mbak yang suka curhat ig yang curhat teman yang curhat tuhan tidak terus mulut situ maju otaknya mikirnya yang curh,bully,1
username goblok tidak netizen yang kontra sama postingan si via bakajaer kali mba mas ih goblok dipiara lol,bully,1
sih memang artis ko artis indo nya urus prestasi sosmed nya terus isi nya jadi jatuh nya kampungan,bully,1
username saja kan y mba kaya agnes mau banyak penghargaan nya tetapi tidak kampungan beda am yang,bully,1
munafik sangat yang bicara curhat sosmed kampungan saya elu kitu keleusss wkkwkww mending mba via artis cantik bisa nyanyi la elu lebih kampungan wkwkwkwkw,bully,1
username wawan zzzzz memang artis tidak teman sedikit sedikit att hahaha curhat sosmed kampungan,bully,1
lemas ya mulutnya berani ststus sudah begitu tulisannya sengaja biar tidak kebaca takut kali labrak mmmm artis kampungan sih ya wajar ya,bully,1
username main main jawa timur biar tidak begok,bully,1
username sudah nunjukin karyanya situ punya karya karya nyinyir hidupnya via tolol,bully,1
username bilang saya fansnya via duh nantangin saya nih orang anak tolol anak alay jablay,bully,1
username yutub ya mba aplikasi ya saya tahunya youtube mba tidak tahu ya seseorg bisa dapat penghasilan salah satunya dari youtube loh mereka juga bayar kalau banyak yang nonton video mereka sekolah yang benar deh mba biar pintar generasi muda,bully,1
saya suka gangerti deh yaa kalau via vallen bikin status apalah disangkut pautin ama att terus att nya saja saja fansnya sih yang bikin jelek orang kalau sangkut pautin terus juga gerah kali,bully,1
jujur saja ya ni orang bagusan kaga oplas itu foto sebelum dan oplas dioplas mukanya aneh kyknya gagal oplasnya,bully,1
noraaak abiiis kebeli emas az pamer apalagi mainan berlian ciiinnnnn,bully,1
before and after pasca oplas tidak ngefek ya tetap jelek n seram mukanya ahahahhaha,bully,1
salfok mukanya sumpah jelek oplas model failed,bully,1
norak benar kegaet penjahat,bully,1
najis di philipine sangat kali di saja bangga jadi perusak moral ko bangga najis sekali liatnya cukup di saja komen nya ingin ngetop lewat nitezerrre wkwkwk mengharap laku,bully,1
saya bingung jujur media rebutan ngeliput orang kayaknya hanya net saja media informasi waras,bully,1
jedun yang tidak becus perempuan terhormat tidak becus perempuan cerdas tidak becus perempuan yang mencari suami sah suami orang tidak becus perempuan yang menghindari narkoba tidak becus perempuan yang menjaga nama keluarga semoga perempuan yang mirip kamu dunia ya jedun,bully,1
cewek yang begini yang hrsnya gosong jadi abu saja kebakaran pabrik yang lagi viral kemarin itu bnr2 slain tidak brguna gda otak cuma modal ngangkang terus gebet laki orang terus bangga btw kalau memang instastory nya nyindir sesebini tua mah ehhh at least biar tidak becus jadi prewi tetapi becus cuii jadi emak buktinya anak nya bejibun terus semua pro emaknya daripada bapaknya,bully,1
hahaha kasihan ya tidak becus perem ngerebut laki orang biar dikata perempuan dasar perempuan sadar anda cuy,bully,1
dasar artis abal abal enggk laku layar kaca sudah enggk duit kere miskin main ke dukun elmu pelet perebut suami orang yang kaya,bully,1
ih becus makrum becus ngrebut suami orang hehe,bully,1
eeee si pelacur situ becus jadi brempuan memang becus sampah sih iya edeuuuuuh lonte lonte,bully,1
biarin puas puasin mumpung deseu berasa muda nanti kalau sudah tua nyaho karma,bully,1
anak perempuan lho contohin jelek anaknya becus perempuan amit amit,bully,1
kaya becus saja jadi permpuan yang tidak becus jadi perempuan ko sukanya sama laki orang heheh,bully,1
yang tidak becus tuh loh jedun hidup nya bisanya ngerusak kbhgiaan orang hidup serba mewah tetapi tidak kerja malah morotin laki orang karma pasti akan mnghampirimu,bully,1
saya tidak suka sama ni orang idupnya kebanyakan ribut,bully,1
yang nama nya plagiat ya plagiat laku tetapi tetap saja ciptaan dari hasil plagiat wkwkwkwk saya mah ogah dwngerin saja sudah ingin muntah,bully,1
dasar plagiat tidak kreatip memalukab sangat,bully,1
begonya bilang apanya yaaa liriknya saja percintaan begitu lagu benar-benar tolol si ayu tidak punya kuping y orang yang dipermasalahin nadanya,bully,1
pacarnya anggel pietrs kali cowok bocah username yaelah jes terxta kelakuan mu saja seperti ayuting2 hidupmu penuh drama murahan,bully,1
japok gateeel memang sudah main si mamad sampai si jessica dimusuhin deddy corbuzier saja jijik si japok semenjak nagita diundang hitam putih nagita cerita panggung saja sih saya,bully,1
username memalukan buk bicara pelakor memang ibuk sudah pelakor ya tahu ayu pelakor wkwkwkwkwk awas rumah tangga yang dimasukin pelakor anaknya pelakor,bully,1
kerdus mulutnya busuk sampah makanannya,bully,1
username tai kamu gedein bagus pupuk jangan bacot kamu goblok nih cewek kenapa bawa2 suku,bully,1
kamu artis papan blenyek saja belagu artis tidak populer sekalu hahaha,bully,1
anang muka nya kaya babiii begitu saja demenin jijikk,bully,1
tidak suka ayu ting ting tidak separah ngejudge nya hati otak manusia kekurangan kelebihan perasaan seenak nya menjudge orang kaya sudah sempurna saja kamu username,bully,1
tidak pantes dipanggil ustad orang munafik ceramah orang kelakuan sndr saja menzolimi istri sah nya dengan poligami diam2 kacian istri pertamanya tidak tahu malu istri aduh kalau yang masih panggil buat ceramah namanya bodo,bully,1
biadab kalau anak kamu bully saya mampusin ya,bully,1
dasar anjing tuh cowok orang berani cowok one by one yang lemah dasar yah cowok2 jaman sekarang casing saja cowok nyali nya lebih2 banci,bully,1
username iya kasihan si micin perusahan produk micin mengiklan kalau masak tambahkan micin biar sedap netizen menyudutkan mecin kebodohan orang yang gangguan jiwa ngemil micin justiceformicin,bully,1
wahh jngn2 vidio bajunya norak bngtt ayuu murahaan,bully,1
username bodoh kamu ya,bully,1
editan sekali ya ampun si mommy lambe kehabisan gosib ya si pelakor,bully,1
yah admin nya golongan pengonsumsi mecin pil pcc otak kamu rusak min,bully,1
orang govlok yang prcya ayu slgkuh sma rafi buktinya rafi sma gigi sekarang baek2 saja ktamu ayu pelakor suami yang di rebut woyy sekarang ayu suami fikir pakai otak makanya jangan kbanyakan micin jadi govlok,bully,1
username hoy barisan sakit hati jijikk sekali fans billy mah alhamdulillah sangat billy putus manusiaa buluk ituu yang ditunggu lama2 akhiry putus kobil juga jijik ni orang v,bully,1
mba username kamu tidak merasa cinlok babang anthony ketemu di mana sih sinet boy alah ngaku ajaaa mba dumang cinlok sok2 bilang tidak cinlok namanya pembodohan wajar netizen bilang ratu cinlok kenyataan memang ya marah resiko artis hahahhaa pinter2 ya mba cari alasan hahahahaha,bully,1
username noh urus itu kuin kamu biar tidak gatal nempel2 ama laki orang masyarakat sudah tahu kali japok gundik janda gatal sudah kenyataan nya begtu anak sholehah agama nya kuat mata kuliah agama cuma dapat 1 agama nya kuat tetapi hamil,bully,1
username bilang itu kuin kamu gesek grepe ama lakik orang tidak malu sudah hamil nikah kegatelan janda,bully,1
username please kamu bela pelakor hukuman si muljem karena sudah tega recut suami sahabat menjalani sanksi sosialnya valakor mesti dibenci karena biar tidak valakor indonesia biar musnah sem,bully,1
najis muakk menjijikan pelakor jijik,bully,1
semoga pelakor2 kena karma semoga karma yang meninggalkan istrinya yang bwrjuang dengan dari nol tetapi sukses selingkuh sok jadi penguasa istri ya,bully,1
sedih ya sekarang ngamen kawinan orang mantan istri mahhhh pesawat jet bhay pelakor n botakbego,bully,1
username heeehh kamu pelakornya yaaaakkk ngapa kamu emosi situuu kenal saya kalau berani pakai akun asli pantes pakai akun bodong ngerebut laki orang diem2 keceplosan yak pakai bodong terbahak-bahak gueeee lucu kamu,bully,1
wkwkwkwk sudah tidak laku jadi nyanyi dhajatan si lonte pelakor,1,1
username wakakak cerita seperti gituu pembelajaran saja jangan sampai ni swamik swamik pilih pelakor daripada istri hancuuurr bookk tidak bohong deh kere kismin nyungsep memang yang ngatur rezeki itu tuha,bully,1
cwenya yang bodoh cwonya yang pintar ya memang lakinya kaya macho begitu plus nya kayaknya jago gombal maennya gesit ulala ngakakabis,bully,1
username kamu yang bodoh ngapain keluarga depok komen orang yang tidak saja yang hidupnya tidak bahagia yang suka menghujat orang hidup artis ayu berpengaruh kamu memang dasar kamu benci ayu kalau,bully,1
username mah lihat yang main prasangka mirip elu elu haters mirip dukun dukun titisan dajjal sok pintar otak kosong sorry ye saya bala nabi muhammad yang percaya kalau sudah ditunjukkin 4 saksi bukti kalau,bully,1
mata aku sepet baca koment fans ubul empang minggir woy bikin rusuh saja nih jaer amis jijik sumpah enji sama cewek tetap saja bala jaer nyampah bikin ribut,bully,1
sih si enji hartis kah males sekali jijik laki model mah tidak tanggung jwbnya ayu bunting tinggalin anak tidak akuin sekarang anak sudah nongol bilqis cantek eh sampek bini nya ngeposting yang enji kangen anaknya najonggg jijik betoll sudah deh min tidak bahas laki hartis saja tidak panutan yang ambil username,bully,1
username bodoh nya pede bicara yang bilang benar bukti saja kaga kelihatan pintar jatohnya bodoh,bully,1
bilang enji ganteng bebas slingkuh bodoh kali ganteng pala kamu bau menyan tidak ada ganteng ganteng nya kebanyakan gaya kek mantan bini depok nya,bully,1
sebenarnye cocok enji att gateeeel hahah pantas si tongtong dipertemukan dengan enji sudah hukum alam kalau jodoh cerminan si entong hrsnya bekaca dengan biar sadar tetapi teryata otak 1 m tetap pertahankan jadi sekarang malah guatelnye saja kek enji hah,bully,1
username oalaahhh saja pelakor laki nya juga kegatelan tetapi namanya laki kucing kasih ikan jaer gratis ya tidak tolak wkwkkwkw,bully,1
laki2 ya sis suka pecun2 murahan prempuan baik2 berjilbab atau pintar enji2 downgrade sih pedangdut kelas prempuan berjilbab ehh pilih pecun jeleknya seleramu,bully,1
motorninja saja songong mba orang yang mobil lamborgini saja wae,bully,1
goblok saya nonton berkali kaget,bully,1
tidak usa pakai anjing babi kalau saya balas begitu wkwk,bully,1
oh kemarin menghargai karya orang bilang jelek sekali aduh penganten perempuan nya kekenyangan yah sampai kembung begitu perut nya pepuralugu,bully,1
percaya gimik raffi gigi dan att att peserta keluarga hujad dan anak nya hujad kesini penonton bodohin publik yang kasihan penghujad tidak ayu tidak pesbukers biar ngeluarkn album single artis halan nengri gimik yoo,bully,1
kalau benar gimmick bodoh sekali si ayu rating n popularitas berani taruhin harga nilai buruk mata masyarakat,bully,1
susah otaknya diemvang mah bikin rusuh dilapak orang,bully,1
najiiisss mirip si mba dese tidak begitu ajaaa hahahahaha maling teriak maling ngaca buuuuuk,bully,1
username iyak kaa hahahahah geli sangat gasih att ih kampung habis,bully,1
jogetnya bikin ngakakkk anjirrrr kampungan sekali username username,bully,1
bagus la saya otak tidak mirip kamu malu maluin mak kamu saja tong akun asli pakai itu yang namanya bodoh username,bully,1
yang bodoh mah elu sih yang kasih contoh buruk anaknya pakai mata kamu memang dugem bawa anak bodoh sih _ jaman sudah texas saya jamin dijaman anaknya juga sudah texas selagi tidak ngerugiin kamu yaudah sewot sekali,bully,1
si wanita jahiliyah lesbi sekarang sudah py pacar lagi kasihan anaknya kemarin kasih bencana slnya tega misahin anak dari nya ktakutan anak nya masuk islam padahal bp nya tidak pernah nuntut anaknya memeluk islam sudah kasih nikmat anak 3 orang masih saja begajulan,bully,1
username saya memang kador artis benar komen kamu tolol sumpah kenal nilai artis hahaha orang indo juga setuju kalau kador artis tetapi celebgram dari kampung kamu tahu bedanya artis dengan selebgra,bully,1
username hahahaaaa terus saya kamu tolol pakai tanya kador bencong tidak belum kenal wkwkwkwkw eh orang juga nilai si kador bencong benar dari gerak gerik melambay suara ngondek pakai baju cewek nyaman cowok itu,bully,1
username maklumin shaaay fans gatis keras otaknya bebel realita juga tidak terima halnya nagita artis sudah dari jaman eh bilang numpang tenar rapi mamad padahal yang jadi si mamad gede y ph n,bully,1
username bee idih najong kamu tag2 orang nimbrung saja kek mujaer kamu tidak terkenal kalau tidak bawa2 nama ayu ting ting sama nagita duh bodoh dipiara kasihan,bully,1
langsung bilang yang maksud kalau gini namanya munafik,bully,1
jedar memang muka 2 kali di depan di belakang busuk mulutnya kek banci cucoklah 2 banci itu,bully,1
amit amit deh orang jahat penjilat pembohong pelakor jijik sekali,bully,1
wkwkwkwk ya allah ya tuhan aku kenapa orang-orang munafik ni tetapi sok suci mulan jamela ayu ting2 ngikuti jejak a wkwkwk username,bully,1
dulu si pelakor yang sombong karena brhasil mendapatkan si botak sampai mnceraikan bunda maya sekarang hdp nya mkin anjlok bunda maya yang sering jelong2 kluarnegri,bully,1
hahhahaha sesungguhnya allah swt melaknat wanita perebut pezina suami sah oranglain,bully,1
w lina2706 hemmmm capekmiskin sist sekarang balik kere lagi jadi artis juga tidak laku sudah karma itu username dari sirik nyinyirin nyonya tuh bantuin jualan cireng nya tuh cilok nya tuh untunnya liburan monaco bromo terus,bully,1
kepo sama nyonyiah kamu jongos username memang tetehlu pas hamil peak sudah dinikahin brojol anak baru sirih memang lonteeeee kelas akun jamahliur junjungan hehe,bully,1
eh jongos cba saya duluan yang tanya sama kamu memang nyonyiah gembar gembor sudah nikah adakah nyonyiah ngaku sudah nikah dari tetehlu yang lonte perek brojol ngaku nikah siri sama laki nyonyiah hamidun sapeak anak ilegal dibilng fitna keji haha lonte menolak lupa xixix username,bully,1
username saya currr ya bunmai sudah nikah tetapi janda janda suami nya rampas mulan jameela menjijikkan sekali ya mulan jameela sebelum rumah tangga bunmai hancur sudah berani bilang dani suami aduha sudah wanita be,bully,1
w lina2706 username lucu saja ya sist lonte bela2 mati2an guoblok pelihara bayar begitu muljamban sampai bikin account username maia nikah belum nikah urusan situ nyinyirnya sirik nya,bully,1
yaela muljem seperti stu benar saja gag ingat sudah ngrusak kbhagian klwrga orang bodoh di prtahanin y gini,bully,1
lakik suka banci banci kawinin banci jijik,bully,1
username comment yang lihat berapa pengguna medsos yang bodoh bunyi situ sehat pakai hijab masi nyinyir saja,bully,1
username malu tuh kerudung kamu sayang ibadah nya sholat saja daripada nyinyirin orang dandanan sudah sok suci mulut nya kaya sampah,bully,1
username tolong baca arti dari comment sudah kerdus bodoh lagi bilangin orang tua nya besok kalau masak pakai mecin jadi sudah kerdungab tidak sesuai mulut besok makan salmon kalau tidak besok deliv rumahmu,bully,1
maaf mukanya jelek attitude nya buruk spesialis plagiat ketauan,bully,1
orang otaknya tidak sekolahin ya resiko sudah upload sosmed ya dapat perbincangan netizen public figure tidak otaknya,bully,1
artis kampungan wkwk,bully,1
iyaaa saya pacaran sudah nikah tidak senorak eloo tidak risih memang jangan aplod perhatiin followers kamu yang lumayan tar terbawa norak,bully,1
y ampun pnyanyi dangdut tenar songong bangt bacotnya ingin cari sensasi kmpungan bangt deh amit amit bool ko di instastory,bully,1
waaaaoooo sopan bahasami kelasmu heeeehh yang repot ama hidup kamu siapahh elu live nampilin hal2 tidak yang nggilanikk menjijikkan diliat orang ya pantes dikomen kalau tidak mau dikomen videoin pribadi saja nonton kamu ama keluarga kamu rumah tambah niy ertong yang tidak punya attutude kampungan,bully,1
norak sih mirip tidak malunya kalau bilang terserah ya sudah simpan fotonya tidak dibagi kesemua orang dipamer ke mana resikolah dinyinyiri orang insecure sekali kudu ya pamer2 begitu biar orang ngerti kalau si mbaknya sudah py pacar yang dipamer2 pantatnya kampung sangat,bully,1
kok marah sehhh dasar wanita kampungan,bully,1
kampungan artis yang numpang tenar gara2 mukanya katy perry doangö,bully,1
susah kalau artis kampung,bully,1
ah min saya lama2 tidak suka akun nih berita nya basi kamu liat min si kellen amora datang pakai jingkrak2 kamu saring min biar berita nya tidak blunder kamu posting itu kd sudah posting videon kellen ma amora joget2 ma si arsya arsyi,bully,1
username iya kamu bening kelewat bening buluk ya mbak mbaknya telan apasih komen kaya gini kesurupan,bully,1
sekeluarga ngefans kagum lihat username nya deh lihat anak nya yang jelek buluk username hermansyah username kutuk yang menimpa bunda kd untung allah swt menggantikan amora adik nya gemezzzzzzz lihat nya cocok sekali anak artis class bunda kd,bully,1
memang dasar si anak nya saja yang lebay urusan pribadi umbar biar blow up hadehh gunanya whatsapp sms or telp suka aneh,bully,1
coba liat bibir mu sayang pantat ayam wajah mu bulukan kentut perfectoooo,bully,1
gagal fokus dengar suaranya kok jengkel ya dengernya sorry hanya manusia kalau jengkel,bully,1
muljem bicara tidak blepotan tidak nyadar hidup enak saja pakai rebut laki orang,bully,1
lucu ya si yang bikin kata2 bawa2 tuhan sudah kepepet tidak tahu orang yang merusak rumah tangga orang merobohkan bangunan masjid mbak nya bayangin saja nya dosa mu nasi sudah jadi bubur mba nya semoga bahagia dunia,bully,1
iyah benar merubah pandangan tuhan elu setan mikirrrr suami majikan diembat,bully,1
gilingan mulan jalang lagi kasih ceramah hahahaha dasar cireng tidak tahu tidak ngaca si cireng lagi ceramah sok2 seperti pahlawan kesiangan biar berteman ama sekuter seperti selpii,bully,1
ya pandangan tuhan kamu jelek sih saya perebut suami orang tuh mulia dimata tuhan,bully,1
karena sejatinya kamu setan berwujud manusia karena pekerjaan setan ya menggoda manusia,bully,1
tidak mba username baca netizen yang menyesal tidak bisa nimpuk telur si mulan saya saja tertawa bacanya karena terwakili ya ngapain buang2 waktu ketemu orang tidak mutu dengan si mulan masih untung nyempet2in bisa nuli biar nyadar tuh pelakor tidak harga mending ketemu orang baik2 seperti bunmai ketularan aura positifnya,bully,1
editanx paraaaahh oplas saja laaah nyai daripada ngedit2 gn hahaa kan maluuu,bully,1
jelek lecek bantet,bully,1
gini pengen tenar ya ampuuun malu kalau anaknya yah kasihan,bully,1
heran saya mak username kenapa saja pakai ma an v pesbu r nya bederet skandal bertubi2 tidak malu nya muka tembok tidak faedah nya nonton acara yang si manusia kardus,bully,1
wey orang goblok bedain vape shisha sama rokok kamu merokok pakai acara tidak ngaku,bully,1
jijik liatnya kaya ulet bulu kluget2 begitu hihihi sampai sgitunya pengen terkenal,bully,1
jablay anjir mukanya murahan bangetttt najisss,bully,1
username alycia iya sist jijik sekali saya liatnya sok suci ngatain orang kalau saya sih malulah artis papan otak tidak fikir kalau bicara ketauan sangat tidak ada wibawanya kalau memang nyadar tahu berkomentar manusia tidak ada yang,bully,1
sabar yaa insya allah pembuka pintu syurga penghalang api neraka orang tuanya,non-bully,0
lagu barunya mbak tata kisah rumah tangga mbak tata mbak tata benar-benar sayang get suaminya syukur baikan semoga awet,non-bully,0
yang komen si mbak tidak sedih ketawa2 ya iyalah kalau sudah disakiti sama pasangan sampai berlarut2 ngapain sih sedih sampai depresi serahin sama allah saja bawa happy saja mski sakit si mba senyum2 wajahnya tetapi hatinya tahu senyumannya bisa jadi menetralisir kondisi hatinya yang lagi terpuruk pepatah bilang kalau bahagia jangan trllu bahagia kalau sedih jangan trllu sedih diimbangi saja biar tidak gila,non-bully,0
suka sekali pasangan semoga gigi raffi keluarga sakinnah mawaddah warrahmah semoga pihak2 memisahkan jodoh maut memisahkan amin,non-bully,0
jemima anak angkat celine eleeya anak hubungan celine dirly terharu tahu jemima anak panti asuhan rawat wajar stefen pilih celine karena hatinya,non-bully,0
lucu yang bilang stefan menghabiskn muda wkwk umurnya mah tidak muda mukanya saja yang baby face bersyukur bonus celinenya dulu mantannya begimane dibawah umur ude pacran mcam laki bini hiks selepas itu deh susah mengambil keputusan kaya stefan tipical cowok yang tnggung jwabnya,non-bully,0
yang bawa2 keenan raisa sudah berbahagia ngedapetin suami super ngemong mature kaya hamish raisa dewasa banding wanita seumurannya memikirkan jadi saya raisa hamish sama2 beruntung sepasang suami istri tidak tuh gagal move on so congratz raisa hamish semoga pernikahannya sakinah mawadah warahmah,non-bully,0
raisa cantik yaaa artis tidak menonjolkan kalau nikah tuh mewah sudah cantik sederhana sempurna sangat,non-bully,0
karena orang syudah cantik tidak dandan heboh untuk membuatnya cantik makeup simple begitu saja mempesona bikin hamish klepek2,non-bully,0
bagus mencari ilmu di mana pun suaminya orang berpendidikan,non-bully,0
sukak cewek cantik kmauan blajarnya,non-bully,0
yaampun artis benar benar good attitude layak panutan saja kuliah negeri tetapi karena baktinya suami pilih kuliah wilayah suaminya salut sekali,non-bully,0
semangat batman username va support kamu karena manusia kesalahan tolong bahas pliis karena sudah 2,non-bully,0
username y sudah salam kenal y mbk senang kenal sama mbk sebagai manusia ingatkan y sebagai manusia harus tahu jangan sombong yang digedein mentang2 sudah jadi artis haha y sudah mbk cabut ja y dari komen di foto ni nnt jadi korban dia sel,non-bully,0
keren yaaa kesederhanaannya terpancar sukak sama keluarga presiden,non-bully,0
presiden embel gelar bangga,non-bully,0
proud of you indonesia god bless indonesia,non-bully,0
amazing sangat miss national costume kereenn bangga ama budaya indonesia,non-bully,0
bangga pastinya,non-bully,0
proud of you kak dea patut dibanggakan,non-bully,0
suka sangat sama pidatox dia pembawaanx begitu elegan n brwibawah pntas memang dia mdptkan salut,non-bully,0
percaya kak niki orangnya jujur semangat kak niki hebat,non-bully,0
username m mba saya juga tidak benci nikmir salut ama tidak muna artis maaf image saja depan sok sok teraniaya n jual air mata nikita real sygnya msyarakat cendrung yang yang superfisial,non-bully,0
cantik alami bedak tebel gaya bak tante2,non-bully,0
cantik gagah mudahan lancar dampe h,non-bully,0
cantik penampilannya dewasa sesuai mukanya cantik indonesia classy ayu ayu gimana begitu,non-bully,0
lcb cantikk lcb beruntung dapat duren duren beuntung dapat neng lcb sakina mawaddah warahmah amin,non-bully,0
ganteng berseragam ganteng panutan keluarganya semoga anak memiliki fisik elok mahluk allah ni,non-bully,0
beruntung sekali deh mba username dapat mas username ganteng sholeh sayang keluarga suami idaman sekali semoga keluarga samawa,non-bully,0
semoga mas agus pemimpin salah pemimpin yang sukses sukses dalam memimpin dalam rumah tangga,non-bully,0
dear bapak username cara berpakain bapak mencerminkan kepribadian bapak yang sangat lembut tetapi gagah semoga bapak username kelurahan dalam lindungan allah swt salam hormat dari yang mengagumi bapak,non-bully,0
sukses kak ayu semoga senantiasa naungan allah swt sehat amin,non-bully,0
semoga kesehatan umur yah nek muda sekali cantik mashaallahhh,non-bully,0
terima kasih username keluarga memilih plataran darmawangsa acara keluarga staff plataran darmawangsa terkesan menunggu kedatangan keluarga sehat keluarga amin amin ya rabbi,non-bully,0
salam dirgantara terima kasih mendukung menyebarkan awareness terkait program pesawat r80 semoga momen emas titik kebangkitan industri pesawat terbang indonesia berjaya eyang habibie yuk satukan langkah terbangkan pesawat r80 langsung klik link bio yaaa,non-bully,0
semangat ya eyang habibie sehat dalam lindungan allah ambisinya kuat dalam kereeeennnnn semoga banyak penurus2 bangsa seperti eyang habibie,non-bully,0
memiliki cucu2 kebahagian yang ternilai cucu sebagai generasi penerus bangsa,non-bully,0
wahhh kerenn tempatnya bagus bernostalgia bersmaa keluarga,non-bully,0
cantik ganteng ganteng sehat bu ani sekeluarga,non-bully,0
barakallah cucu2 yang cantik ganteng semoga anak yang sholeh sholeha kebanggaan kelg,non-bully,0
bu username cucu bikin hati gembira ngangeni kadang kangen keceriaan salam kangen cucu2 tercinta,non-bully,0
lucu ganteng parah gede pinternya tidak ketulungan salam hormat bu,non-bully,0
terima kasih sby ani yang menemani beliau kontribusinya yang indonesia 10 memimpin semoga bahagia sehat amin,non-bully,0
caption kali membaca captionnya langsung belajar bahasa inggris terima kasih personal tidak mengenal anie tetapi betapa bangganya anak cucumu kamu didik generasi bangsa mandiri unggul sehat semoga cinta kasih keluarga engkau tebarkan,non-bully,0
assalamualaikum terhormat salam sekeluarga banda aceh membanggakan keluarga membahagiakan nya sikap etika perilaku keluarga sungguh bijaksana mas agus suami mencalonkan presiden beliau bangga salam hangat perkenalan keluarga ya bu darmanto rapi photo studio,non-bully,0
senang liat n bapak sby menikmati tua brsama cucu tercinta sehat terus ya memo n pepo allah swt melindungi memo n pepo n kelurahan kisss,non-bully,0
semangat mebangun indonesia yang maju jokowi,non-bully,0
artis berkualitas wajahnya itulohhh berkualitas sangat hihi cantik bangetsss top deh tidak pakai drama gimick idupnya hihi tajir tetapi sederhana,non-bully,0
mba via sptnya siyok kejamnya dunia artis an mudah2an tetap sabar tetap berkarya dengan,non-bully,0
suka via orang nya jujur kaga gimmick2an hidupnya hitam ya hitam putih ya putih kalau bicara blak2an kalau tidak suka dia bicara jadi tidak pura2 saya sekali sih tidak munafik seperti ajaran orangtua saya suka senyum kepalsuan tidak kaya artis yang onoh noh yang mulutnya lebar kya gorong2 tukang ngibul munfik sangat kalau wartawan juga perilaku ama omongan tidak balance,non-bully,0
go a head via cuekin saja sudah pergaulan dunia kerja masyarakat pergaulan ertong yang gatal bin sirik kalau liat orang sukses anggep saja kuman tidak dibikin status kesenengan bahan ngetawain tidak,non-bully,0
gagah kali abang borisq kalau tidak baca nmx bner2 tidak ngeh kalau itu bang boris,non-bully,0
weewww bangga kali aku liatnya bang username pakai baju adat karo syip,non-bully,0
bagus sekali baju pengantinya happy weding,non-bully,0
masyaallah bagus sekali,non-bully,0
gileee suaraaanyaa kereen parah sukak,non-bully,0
keren dari penyanyi aslinya,non-bully,0
kereeeeeeeeeeeeeeennn sampai merinding brrrrr,non-bully,0
yatuhan suaranyaaaaaaa bagus bangetttttttt,non-bully,0
keren suaranya super merdu coba audisi nyanyi bakatnya bisa tersalurkan,non-bully,0
bagus daripada artis yang modal tampang saja padahal suara jelek lebih baik mas yang nyanyi memang dasar nasib orang yak tidak yang tahu semoga masnya sukses,non-bully,0
dgrin sampai bulu kuduk saking bgusnya masyaallah apik sangat suaranya,non-bully,0
subhanallah tergetar hati dengar suara nya,non-bully,0
allah suaranya bagus sekali cantik orangnya idaman cowok,non-bully,0
bagusss suaranya penampilannya sesuai anak sekolahan natural sesuai usia nya,non-bully,0
kerennnn suaranya bagus,non-bully,0
cantik polos kelihatan berbakat semoga sudah tenar gek selebgram tidak kaya2 si mba novilda ya dek yang kehilangan arah tetaplah cepat tumbuh dewasa asahlah bakat allah bless you both,non-bully,0
bagus iniii tidak kaya yang ingin terkenal rambut alus2in dulu muka makeup dulu biar dikamera keren hahaha kalau benar benar kelihatan lagi lelahnya habis pulang sekolah,non-bully,0
ulang berkali kali sampet tidak percaya kalau suara aslinya bagus sangat,non-bully,0
alhamdulillah kidz zaman niw yang berkarya sewajar seumurannya yang sok gede,non-bully,0
aduhh kerennnn suaranya enak nge jazz2 gimanaa begitu muka mah saja nanti kalau sudah tenar muka mengikuti hahahahahaha skill dulu nomor 1 batu abege jaman now,non-bully,0
kereeen nih enak sangat didengernya tidak bosan putar ulang2 yang lipsing2 tidak jelas joget2 begitu,non-bully,0
waduuhhh kereeen bangeeet dedek2 emeesh,non-bully,0
kalau sih yes bingits coba ya seandaix anak2 video seperti gini video kreativ bagus dripda video mesum ngelem dan lain lain yang berbau negativ bikin dosa maluin orangtua,non-bully,0
bagussss dandannya natural tidak permak mirip anak jaman now,non-bully,0
kereeeeennnn nyanyinya santai sekali,non-bully,0
polossss keren tidak neko2 kayaknya jossss,non-bully,0
yesssssss bagus sangat kids jaman now yang yang diksh jempolllll,non-bully,0
wajah2 anak skul sangat yaakk mase alami sangat suka liatnya lagu ma suara keren palg yang pakai bando suaranya mantap,non-bully,0
keren suaranya dasarnya cantik tinggal poles sedikit bersinar,non-bully,0
pembagian suaranya pas sangat pecah suaranya juga cakap,non-bully,0
keren sangat suaranya tinggal dipermak saja biar tambah cantik viralkann,non-bully,0
kereeeennnnnn suaranyaaahh okkeehh ketjeeehh badaaiik ughllaaaallaa,non-bully,0
yes yes yes kirain lypsinc habisnya sih suaranya eh pas dua2nya nyanyi bareng ngeh asli kereennn,non-bully,0
keren yang bakat nanti juga kalau sudah jadi artis duit mukanya cemerlang,non-bully,0
keren min orang2 yang berbakat kaya gini yang up publik,non-bully,0
kereeen sangat suaranya seperti gini kids jaman now,non-bully,0
mrinding bagus poll di jaga ya dek kepolosannya jangan smpek seperti si aw2 dkk,non-bully,0
kereenn sumpaah kebangetan bagusnya,non-bully,0
ya ampun lakikny ganteng rini nya cantik mungil sekarang,non-bully,0
suaminya swett keliatannya sayang sangat ma istrinya ganteng haaaaaaa so swett semoga langgeng slluö,non-bully,0
mbak rini hamil ya selamat ya mbak semoga kandungannya sehat saja mbak rininya bahagia hamil semoga lancar proses persalinannya,non-bully,0
kasihan anaknya jangan sampek anaknya rusak jugak kek emaknya yaa,non-bully,0
kalau pasangan cantik ganteng suka deh liatnya,non-bully,0
hamil selamat ya mbak sandra semoga kehamilannya sehat fit semoga lancar prosesi persalinannya sudah calon nih,non-bully,0
ikutan happy sukakkk sangat sama nih couple salah pasangan sempurna saya,non-bully,0
lihat infotainment nikah waktu persiapannya jelang pernikahan sandra dewi bilang kalau calon suaminya pengen sekali cepat anak habis menikah karena suka anak sudah prepare program2 yang lakukan kalau dalam waktu belum dikasih anak but finally congrats semoga lancar sehat terus sampai lahiran,non-bully,0
keluarga ter humble ter sempurna ter sederhana tidak sok kaya tidak pnah manja pakai pesawat jet pribadi mirip yang,non-bully,0
bunda maia cantik semoga selalu sukses sehat terus ya cantik wajahnya secantik hatinya,non-bully,0
artis yang saya kaguminn nikah muda tidak neko2 sayang keluarga sayang suami mengutamakan anak2 tidak puyeng ama dunia hiburan artisann tajirrr mampuss plus tidak alayy tidak aneh2 salutt ama niaa smiga selalu samawa yaa nia and famzz,non-bully,0
username iya sih jujur fans nia saja pas tenar sekali sinteronnya saja urusan keluarga salut ama muda ya itungannya beda 2 3 t,non-bully,0
smnjk habis nikah auranya keluarr sangat suaminya juga kliatan sayang nia nya kliatan begitu tulusss sukak deh liatnya,non-bully,0
mungkin s mba nya marah2 karena ada kata2 yang tidak enak dari yang komen wajar kalau marah itu foto saja ko mba nya yang di bully sampai bawa2 fisik segala tidak bagus pinter2 mnyikapi medsos,non-bully,0
cantik sekali yak anak cewek puyeng kali yak jagain nya,non-bully,0
username iya mba ariel tidak ganteng ariel kharisma yang menarik sudah tua sekarang keriput wajahnya tetap saja kharisma nya lelaki kelihatan terpancar buktinya mama tante tergila2 ariel sa,non-bully,0
manusia menghargailah kalau tulisan yang ditulis berguna menyakiti hati orang ya tulis pergunakan sosmed smart ya guys,non-bully,0
kalau liat username bergaya apapun tetap kliatan bagus suka lgu nya sukses terus kak,non-bully,0
bangat emasnya salpok diemasnya tetapi sumpah lagunya music nya keren bngat konsep mv nya ambil handel keren kalau denada taro kutang diluar karena minim perestasi tetapi kalau agnes wajar prestasi dunia fashion kalau artis indonesia unggul karena berani tidak cocok pakai,non-bully,0
coba deh kritik2 bikin karya tahu bagus kritik,non-bully,0
protes sih protes coba usaha deh usaha pendek ya butuh go international protes kalau pengen ya kaliam go international,non-bully,0
keren tidak suka ma agnes tetapi suka ma lagu n jadi suka juga ma y nyanyi santai lagunya tetapi asyik,non-bully,0
bandingin lagu go internasional ngena saya seru enak didengar tidak biasa agnes tidak bumbu indonesianya kaya batik begitu,non-bully,0
keren mba mba superman wkwkwk,non-bully,0
sumpah saya suka sangat lagu yang asyik sangat dengernyaa,non-bully,0
enak sekali mak lagu2 dialbumnya suka yang inih sama beautiful mistake,non-bully,0
mantap saya suka sangat ama agnes dia artis yang bertalenta kayaan dia tidak dipamer ky artis ygblain saya suka dia tidak pamer keren sangat,non-bully,0
enakk musik nyaa lagii lhatt ka agnes nyaa dance kaya nyaa nyamaann enakk sangat tuh kayaa nyaa,non-bully,0
asyik bgts dancenya lagi lagunya mancappppp,non-bully,0
ganteng sekali aura kencang sekali diragukan semoga langgeng mami,non-bully,0
mami depe cantik sekali awet muda tidak kalah sama penyanyi pendatang semoga samawa username,non-bully,0
ganteng yesss mami cuco deh babang semoga langgeng ya unchhh lope mami,non-bully,0
mbak dewi sabar keliahatannya keren semoga langgeng,non-bully,0
pasangan hidup ijk salut sih mami depe tidak matre n neko2 yang single n cocok doi diajak merit tidak seperti tetangga sebelah saking matrenya suami orang embat juga,non-bully,0
duda singgel tidak yang laki jaman setia menemani dunia akhirat amin good luck dewi persil sehat selalu dalam berkarya,non-bully,0
muantepp ganteng selamat menempuh hidup mg langgeng rumah tanggax bhagia n selladem ayem,non-bully,0
mb depe langgeng yo karo masny mb ibuku ngefans sangat sama mb depe dari mb sama mas saiful dulu smpe2 bilang jadi pembntuny gapapala katanya ingin sangat ketemu mb depe ibuku dijambi mb,non-bully,0
dengar 2 yang menyakitkan hati tenang jalanin saja pilihan andah bahagia hatimu maju terus sukses pasangan mu,non-bully,0
cakap ganteng pacarnya dewi persik sudah saja jangan ganti lagi yaa dewi,non-bully,0
beruntungnya bella orang2 fokus ama komen lakinya coba kalau tidak model bajunya diceramahin ama netizen,non-bully,0
pasangan suami istri yang normal romantisme istri yang tahu tidak diumbar tetapi dijaga yang suka umbar kemesraan iti kebanyakan menutupi kenyataan yang,non-bully,0
naksir ama ceweknya sepertinya lembut sekali kya bolu,non-bully,0
cewex cntik cowox mmmmhh hehe,non-bully,0
cewenya cantikk the power of tajir,non-bully,0
alhamdulillah ganteng babang emran ya username,non-bully,0
alhamdulillah username tidak yang engku emran masyaallah ganteng anteng sabar sholeh penyanyang senyumnya cute baper dech,non-bully,0
cantik manis cewek nya cocok saja,non-bully,0
cewenya manis cakepan yang sekarang dari yang kemarin tidak jadi,non-bully,0
yang lebih cantik sih hebat juga ni lakik ciwik nya cakep2 lho,non-bully,0
semoga kalau sma yang mh kalau bella mh sudah dapat yang pas,non-bully,0
semoga tidak putus ya ka bella sudah bahagia sekali tuh tidak malu,non-bully,0
yaampun cantiikk sangat aslii angguunn,non-bully,0
username euum setuju sekaliii memang cantikan wow terbaik terpelihara hehe,non-bully,0
cantiik senyumnya maudy kusnaedi,non-bully,0
mengartikan jodoh bilang jodoh cantik lahir batin kalau tidak jodoh perpisahanlah terbaik,non-bully,0
pingkan ni suaranya enak sekali bindeng2 gimana begitu berciri khas saya merem dengar suaranya saya sudah langsung tauk,non-bully,0
hatinya terbuat ya mbaa gigi berhati luarbiasanya saja sampai benci cobaa sebutin heternya mbaa kesalahan mba gigi lakukan duhh saja sukak sifatnyaaaaaaaaaaa,non-bully,0
suka sekali sekali nih ni artis tidak neko neko lahiran 1996,non-bully,0
alhamdulillahhh ngepost ayangnya ibel biarin deh damai seisi dunia masing2 sudah pasangan tidak lagi bilang ibel pho happy b day ibel,non-bully,0
kakaknya murid2ku masih ajar sekolah internasional mihil anaknya cantik2 si bapak ramah sangat sepupunya sekolah yang yang uang masuknya saja 70 jtan lebih siswa tidak tahu sekarang berapa,non-bully,0
username ka bella sholehah penghasilan cantik allah kasih jodoh,non-bully,0
mbak bela nikahnya berdasarkan dasar agama mbak yang diutamakan ya biar laki2nya dapat yang laki2 yang kaya raya yang nikahin mbak,non-bully,0
duh geulis kitu ditinggal yang duuuhhhh hahaha jodohnya allah kasih yang teeeh,non-bully,0
bu ameeel sudah tidak bank kangen bu amel yang cantik ramah ama kangen tentengannya hihiii tanya si mba bu amelnya pindah rumah lagi hamil sehat2 yaa bu amel salam annabel,non-bully,0
ambil positifnya saja mbak oma nani menjalankan mbak bilang gimana tidak oma langsung cerai sudah pilihan hidup gimana didoakan semoga langgeng menikah ibadah heheu username,non-bully,0
alesha arti namanya dilindungi allah aamiin yra ya nak,non-bully,0
semoga anak nya besok pas bangun langsung jadi dewasa biar jodoh gedenya nanti cakap kek kakaknya fahri,non-bully,0
min minta doanya juga mudahan dilancarkan selamat melahirkan mei aamiin,non-bully,0
waaah hamil cantik cew kali yeee debay nya,non-bully,0
mba acha cantik sekali sekali sekali calon yang belum di kasih momongan sama allah semoga segerakan ya,non-bully,0
gemulai nya momo bak putri keraton jawa semoga bersatu nya maut yang memisah gbu,non-bully,0
berasa kaya manggung kartu keluarga username semoga lancar cepat momongan biar princess momo tidak prince,non-bully,0
waaahhh sama dokter sigit ya dokter the best sekali sekali humble orgnya recomend sekali yang program kehamilan,non-bully,0
ashanti bunda the best selalu belain support anaknya mskipun bukan anak kndung,non-bully,0
semua orang berhak apapun yang suka tidak mrugikan ornglain aurel dandan natural hak aurel pintar sekali dandannya kliatan cantiiik sekali,non-bully,0
beruntung si aurel dapat sambung kaya ashanti username,non-bully,0
salut ma bunda username mskipun sambung tetapi sellu jadi orang yang plingbdpan mmbela aurel n azriel dari pra hatters,non-bully,0
keren ya ashanty segitu sayangnya anak nya anak kandung kandung saja belum orang hatinya kek bidadari tv tv beruntung sekali aurel azriel tiri,non-bully,0
salut bunda username selalu yang trdpan melindungi anak yh mngalahin kandung sendiri yang cuma diam ajj bt aurel bapak yang salah pada dya juga manusia ciptaan allah kalau dya lebih sgla yh dari yang suka nyinyiir masalah pnampilan berarti deh nasib tuuh orang tidak bisa seperti aurel yang lebih baek n bagus dari yang nyinyiiir,non-bully,0
tiri terhebat nanti palingan kalau sudah 20an perawatan sekarang masih muda kasihan kalau paksa perawatan cuma ya tutup mata tutup kuping sekarang mah,non-bully,0
username aurel cantik tahu liat asli nya orang sirik yang menjelek jelekannya muka tente cantik muda aurel aurel difoto nampak putib bilangnya suntik putih hitam dibilang tidak ra,non-bully,0
username astagfirullah mbak tolong ucapannya dijaga ya allah menciptakan manusia sempurna mbak ngomongnya mirip begitu aurel cantik wajar manusia kekurangannya mbak ashanti wajar belain anaknya caper ya mbak sia,non-bully,0
aurel perempuan hebat sangat kejadian zaman pipi mimi nya di depan mata tidak anak bisa strong seperti yang nyinyir iri karena aurel bisa keluarga bahagia seperti sekarang yang bilang bundanya ash lebay belum anak hati2 sayang kamu juga perempuan jadi bayangin anakmu yang jadi korban bully,non-bully,0
ganteng kalau tidak salah managernya semoga di lancarkan yaa,non-bully,0
mukanya insya allah jodoh dunia akhirat mbk username amiiii,non-bully,0
cantik banggeett ya kak depe tidak kelihatan loh kalau dia nikah masih gadis wajah nya cantik semoga lancar h kak depe bahagia dunia akhirat aammiinnn,non-bully,0
dadddd semoga datang yaaa papa papa diluar semoga sehat saksi anak anaknya menikah aamiin,non-bully,0
semoga dilancarkan nikahnya ayahnya lekas ditemukan sehat apapun,non-bully,0
semoga saja nikahannya lancar y mb jangan berlarut sedih kalau tirinya tidak yang kandung sj alasan anak kandung melarang sj sudah balikkan istri pertamanya kalau sibapak berrti cerita yaa,non-bully,0
yea polisinya pintar hahahaha langsung belok sim nembak gatau rambu2 surat perintah yaelah kamu pikir rumah kamu digeledah,non-bully,0
nikah baguass deh semoga kelak jadi keluarga yang samawa,non-bully,0
lucu suaranya kak abbey cantik mirip orang nya terharu,non-bully,0
ketemu mba artika sari disesemall jakarta ampunnn ayunee semampai murah senyummm cakap pisan,non-bully,0
benar pepatah yess buah jatuh tidak pohon nya cantik nya dapat mama_nya suara bagus pintar nyanyi darah seni papa nya calon generasi hebat,non-bully,0
bahagianya anak cantik berbakat bersyukur benar titipan indah,non-bully,0
semoga kesehatan rezeki yang berlimpaah,non-bully,0
semoga sehat dimurahkan rejekinya ya,non-bully,0
pria setia pekerja keras tidak malu pilih pilih cari nafkah kebalikan beda sangat kenal mentang2 ganteng pilih nganggur ketimbang jadi ojol sudah begitu istri diselingkuhin kalau maunya,non-bully,0
doa istri anak menyertaimu bang lelaki yang bertanggung karena kalau laki2 tanggung otomatis sayang dengan anak istri beda dengan sayang yang bertanggung,non-bully,0
ya allah bahagia tidak dengan yang mewah sesederhana saja deh bahagia komunikasi dengan keluarga,non-bully,0
mencari rejeki untuk keluarganya yang tidak berkenan tolong kekerasan,non-bully,0
salut banting tulang menghidupi keluarga yang duduk bangku empuk pakai ac merampok yang pilih rakyat jelata,non-bully,0
amin semoga lancarkan n mudahkan rejeki nya jadi ingat suami saya juga gojek sering nlp nanyain anak istri nya sudah makan belum padahal mungkin sempet makan tidak hujan2an n panas2an tetapi tidak penh mengeluh menyempatkan komunikasi n tetap keep in touch sela2 kesibukannya bangga n tetap berjuang y ms gojek karena anak n istri mendoakan yang terbaik,non-bully,0
respect istri n anak2 nya yang menunggu sabar dirumah insya allah allah swt menjaga nya,non-bully,0
laki laki benar berjuang unt anak istri membahagiakan istri insyaallah dunia rejeki yang tidak disangka sangka akherat surga kelak amin,non-bully,0
bangga suami yang istri disela apapun profesimu kaulah juaranya sehat gojek semoga lacar rejekimu amiiin,non-bully,0
apaoun pekerjaannya yang halal u tuk menafkahi keluarga semangat,non-bully,0
gojek mayoritas pegangguran tidak kerja terus putus asaa tibatiba lapangan pekerjaan tidak pakai ijasah sungguh lapangan kerja membantu,non-bully,0
username aslinya cantik ayu loh mbak karena bertemu langsung sesembaknya ramah sombong mantan2 yang hhe maaf nimbrung kalau makeup senatural karena sesembaknya menonjolkan wa,non-bully,0
username suami seumuran mba tuaan alhamdulillah suami tidak kekanak kanakan hehe,non-bully,0
kamu sekali,non-bully,0
cuacanya cerah suasana hati,non-bully,0
username pintar sekali tugas selesai,non-bully,0
makanan restoran enak pelayanannya memuaskan,non-bully,0
menikmati teman teman seru sekali,non-bully,0
username solusi terbaik bijaksana,non-bully,0
kopi kafe mantap bikin semangat,non-bully,0
film malam tonton menghibur suka sekali,non-bully,0
pelayanan hotel dihargai,non-bully,0
kamu orang terima kasih,non-bully,0
liburan kali menyenangkan rencananya berjalan lancar,non-bully,0
pemandangan pantai sungguh menakjubkan melupakannya,non-bully,0
terima kasih membantu menyelesaikan proyek menghargainya,non-bully,0
anak anak senang bermain taman,non-bully,0
pertemuan produktif ide ide muncul,non-bully,0
kamu sahabat terbaik butuh,non-bully,0
masakan kamu enak sekali makan rumahmu,non-bully,0
senang berkumpul keluarga momen terlupakan,non-bully,0
bersemangat olahraga pagi,non-bully,0
kerjasama tim solid hasilnya memuaskan,non-bully,0
terima kasih dukunganmu sulit mudah,non-bully,0
acara malam menyenangkan kamu tuan rumah hebat,non-bully,0
senang bertemu teman teman cerita seru,non-bully,0
proyek selesai hasil kerja keras terbayar,non-bully,0
suka dekorasi ruangan nyaman indah,non-bully,0
kue kamu lezat berhenti memakannya,non-bully,0
seminar inspiratif ilmu,non-bully,0
terima kasih teman mendukung kamu bagiku,non-bully,0
puas layanan toko pelayanannya cepat ramah,non-bully,0
kamu hariku ceria terima kasih,non-bully,0
produk berkualitas merekomendasikannya,non-bully,0
reuni kemarin mengharukan senang bertemu teman teman sekolah,non-bully,0
bersyukur memiliki keluarga mendukung,non-bully,0
liburan kali berkesan pengalaman,non-bully,0
kamu berbakat hasil kerjamu,non-bully,0
pelayanan rumah sakit diperhatikan,non-bully,0
senang kampung halaman suasananya rindu,non-bully,0
kamu inspirasi orang teruslah berkarya,non-bully,0
produktif pekerjaan berhasil diselesaikan,non-bully,0
kamu berhasil membuatku tersenyum terima kasih,non-bully,0
menikmati kelas yoga pagi menenangkan,non-bully,0
kamu berbakat seni lukisanmu indah,non-bully,0
terima kasih pendengar kamu memahami,non-bully,0
menyukai desain ruangan modern elegan,non-bully,0
kamu pemimpin hebat tim menghargaimu,non-bully,0
senang suasananya mendukung,non-bully,0
kamu suasana terima kasih,non-bully,0
hasil kerja kerasmu menginspirasi teruslah berkarya,non-bully,0
menikmati keluarga momen indah,non-bully,0
kamu jenius ide idemu brilian,non-bully,0
senang hasil rapat keputusan diambil,non-bully,0
terima kasih mengajari kamu mentor hebat,non-bully,0
menyenangkan positif,non-bully,0
kamu terbaik menghargainya,non-bully,0
terima kasih untukku kamu teman sejati,non-bully,0
bangga pencapaianmu kamu,non-bully,0
kamu cerah terima kasih,non-bully,0
menghargai bantuanmu kamu,non-bully,0
pertunjukan menghibur menikmatinya,non-bully,0
kamu pribadi hangat senang mengenalmu,non-bully,0
puas produk kualitasnya,non-bully,0
terima kasih tim kontribusimu,non-bully,0
menikmati perjalanan kali pengalaman,non-bully,0
kamu berhasil suasana hidup terima kasih,non-bully,0
produktif pencapaian diraih,non-bully,0
terima kasih inspirasi kamu,non-bully,0
kamu solusi terbaik menghargainya,non-bully,0
menikmati denganmu kamu menyenangkan,non-bully,0
kamu teladan teruslah inspirasi,non-bully,0
belajar bermanfaat,non-bully,0
senang kemajuan proyek hasilnya,non-bully,0
kamu sosok menginspirasi belajar darimu,non-bully,0
terima kasih membantu melewati sulit kamu,non-bully,0
menyukai suasana nyaman menyenangkan,non-bully,0
kamu membuatku tersenyum terima kasih,non-bully,0
menginspirasi pelajari,non-bully,0
kamu orang kreatif hasil karyamu mengagumkan,non-bully,0
menikmati luang menyenangkan,non-bully,0
kamu orang hati terima kasih,non-bully,0
terima kasih terbaik menghargainya,non-bully,0
bangga pencapaianmu teruslah berprestasi,non-bully,0
bersemangat positif,non-bully,0
kamu berhasil suasana terima kasih,non-bully,0
puas hasil kerja tim kerja keras terbayar,non-bully,0
kamu sosok menyenangkan senang denganmu,non-bully,0
menyukai suasana kantor mendukung produktivitas,non-bully,0
senang pencapaian hasilnya,non-bully,0
kamu orang inspiratif teruslah berkarya,non-bully,0
bersyukur,non-bully,0
kamu tahu tidak sih,non-bully,0
saya tahu nih,non-bully,0
anjing keren sekali kamu,bully,1
anjing sih kamu,bully,1
saya liat anjing menggonggong pagi,non-bully,0
anjing nyeremin sekali,bully,1
monyet kamu benar hebat,bully,1
monyet ngapain kamu,bully,1
saya liat monyet melompat pohon pohon,non-bully,0
monyet ngeselin sekali,bully,1
babi kamu lucu sekali,bully,1
babi ngeselin kamu,bully,1
saya liat babi melompat lompat lumpur,non-bully,0
babi jorok sekali,bully,1
anjing saya kagum kamu,bully,1
anjing menyebalkan kamu,bully,1
anjing tetangga saya pintar sekali buka pintu,non-bully,0
anjing berisik sekali malam,bully,1
monyet kamu benar pintar,bully,1
monyet kamu ngapain sih,bully,1
saya liat monyet main taman,non-bully,0
monyet suka ambil barang orang,bully,1
babi saya suka gaya kamu,bully,1
babi malas sekali kamu,bully,1
saya liat babi hutan berlarian kebun,non-bully,0
babi bikin kekacauan,bully,1
anjing kamu benar jago,bully,1
anjing tidak mutu sekali kamu,bully,1
saya liat anjing pelacak bantu polisi,non-bully,0
anjing menggigit orang,bully,1
monyet kamu diandalkan,bully,1
monyet kamu tidak,bully,1
saya liat monyet main bola,non-bully,0
monyet nyolong makanan saya,bully,1
anjing lari cepat sekali,non-bully,0
anjing tetangga suka menggonggong malam malam,bully,1
monyet lucu bermain,non-bully,0
monyet mencuri pisang,bully,1
babi hutan berlari cepat,non-bully,0
babi merusak tanaman kebun,bully,1
anjing kamu hebat,bully,1
anjing saya benar benar kesal kamu,bully,1
monyet membuka kaleng,non-bully,0
monyet tidak menyebalkan kamu,bully,1
babi pintar mencari makan,non-bully,0
babi kamu tidak,bully,1
anjing saya suka kamu kerja,bully,1
anjing setia pemiliknya,non-bully,0
monyet kamu bikin ribet,bully,1
saya liat monyet kebun binatang lucu sekali,non-bully,0
babi pandai berenang,non-bully,0
babi berisik sekali malam,bully,1
anjing keren sekali kamu main bola,bully,1
anjing sih kamu pikirin,bully,1
saya liat anjing membantu orang buta menyeberang jalan,non-bully,0
anjing suka mengganggu tetangga,bully,1
monyet pintar ide kamu,bully,1
monyet bermain main anak anak,non-bully,0
babi saya males sekali ngurusin kamu,bully,1
saya liat babi berkubang lumpur,non-bully,0
anjing saya tidak ngerti kamu,bully,1
anjing tetangga menjaga rumah,non-bully,0
monyet kamu bikin saya kesal,bully,1
saya liat monyet membantu orang tua mengambil buah,non-bully,0
babi lucu bermain air,non-bully,0
babi kotor bau,bully,1
anjing hebat sekali kamu nyelesain,bully,1
anjing menyenangkan anak anak,non-bully,0
saya liat monyet hutan pintar mencari makan,non-bully,0
babi pintar sekali cari makanan,non-bully,0
anjing keren sekali kamu nyelesain,bully,1
anjing membantu pekerjaan polisi,non-bully,0
monyet kamu bikin,bully,1
saya liat monyet bermain hutan lincah,non-bully,0
babi lucu bermain lumpur,non-bully,0
babi rumah kotor,bully,1
anjing kamu benar jago nyelesain,bully,1
anjing loyal pemiliknya,non-bully,0
saya liat monyet membantu orang tua mengambil barang,non-bully,0
anjing hebat sekali kamu nyelesain tugas,bully,1
babi pintar berenang sungai,non-bully,0
babi bikin kekacauan rumah,bully,1
jedun yang tidak becus perempuan terhormat tidak becus perempuan cerdas tidak becus perempuan yang mencari suami sah suami orang tidak becus perempuan yang menghindari narkoba tidak becus perempuan yang menjaga nama keluarga semoga perempuan yang mirip dunia ya jedun,bully,1
mba username tidak merasa cinlok babang anthony ketemu di mana sih sinet boy alah ngaku ajaaa mba dumang cinlok sok2 bilang tidak cinlok namanya pembodohan wajar netizen bilang ratu cinlok kenyataan memang ya marah resiko artis hahahhaa pinter2 ya mba cari alasan hahahahaha,bully,1
username yang bodoh ngapain keluarga depok komen orang yang tidak saja yang hidupnya tidak bahagia yang suka menghujat orang hidup artis ayu berpengaruh memang dasar benci ayu kalau,bully,1
username malu tuh kerudung sayang ibadah nya sholat saja daripada nyinyirin orang dandanan sudah sok suci mulut nya kaya sampah,bully,1
semangat batman username va support karena manusia kesalahan tolong bahas pliis karena sudah 2,non-bully,0
caption kali membaca captionnya langsung belajar bahasa inggris terima kasih personal tidak mengenal anie tetapi betapa bangganya anak cucumu didik generasi bangsa mandiri unggul sehat semoga cinta kasih keluarga engkau tebarkan,non-bully,0
