text,label
Mengapa tidak lebih banyak muzzies malu oleh sesama muzrat mereka Islam yang membunuh dan melakukan kejahatan keji lainnya atas nama buku mereka Nabi palsu mungkin kencing di atasnya dan bulangodes fuc kislam,1
Tuhan menyelamatkan kita dari bencana itu,0
Ini agak kacau bahwa mereka adalah kelinci percobaanku tapi aku hanya bereksperimen pada rasa sebaliknya aku mendapat hasil yang lebih menarik.,0
"""Bancurkan pakaian dalam kotor bau pantat jalang pergi mencukur berbulu""",1
Jika kau punya cara mereka tidak akan putih untuk membayar pajak sehingga kulit hitam bisa mengumpulkan kesejahteraan dan mereka telah membuktikan di Afrika mereka tidak mampu memberi makan diri mereka sendiri,1
perhatikan jahat serigala kike anti putih blitzer scowling belakang watson nya Israel mossad ass adalah jelas ada untuk memastikan proses pergi ke menghancurkan barat bit dengan rencana sedikit dnskta,1
sampah putih tidak dihitung sebagai orang kulit putih nyata untuk dihitung sebagai orang kulit putih kau harus menghitung seseorang okies bukan orang,1
Beberapa lumpur terjadi di London karma adalah bajingan,1
maybe spread some hate and intoleransi ?,1
"Ketika proyek pelaku... melihat di tanda cermin Anda gila ampli, marah.",1
Menjualnya semua bitcoin sama dengan emas nazi dirampok dari kami Yahudi itu dana nazism facist facist perlu dihentikan orang,1
Emo jelek sampah pergi memotong,1
karena hanya liberal yang tidak waras yang takut mereka tidak akan bisa membunuh bayi mereka menuntut ini. orang normal lainnya dengan akal sehat dapat melihat ini hanya tuduhan palsu untuk kios.,1
melarang kaum muslim sekarang. jangan buang waktu. melarang siapa saja yang membenci Amerika.,1
Aku benar-benar harus pulang ke rumah untuk Jamaica menemukan istriku hamil dia telah membesarkan anakku sampai angka-angka mendapatkan keduanya kartu hijau dan menjadi nigga setia,0
Apa lagi mengecewakan seorang anak kulit putih yang tidak bisa menembak atau orang kulit hitam merokok,0
kinciran merangkul kemiskinan bahwa mereka terbelakang liberal pendahulu telah menciptakan,1
Ini adalah kesalahan orang tua yang berperan aktif dalam pendidikan anak-anak mereka meskipun saya pikir kebanyakan anak-anak bodoh memiliki orang tua bodoh dan kesalahan sekolah yang membiarkan anak-anak buta huruf pergi ke kelas berikutnya.,0
beberapa tahun yang lalu saya bekerja dengan tunawisma di Vermont saya bertemu dengan seorang negro nomor lb dari jersey baru yang bersembunyi dari apa yang ia mengakui adalah nomor mamas bayi menginginkan dukungan anak,1
loon lotta benar dalam antifa,1
era awc begitu ghetto i benci di sini,1
pengguna dari nomor m asing ilegal dan nomor m orang mati,0
Orang Eropa suka melihat istri mereka diperkosa oleh imigran,1
Aku hanya akan mengatakan karma adalah tentara yang mencoba menghancurkan kita fufu tidak semudah itu,1
melanggar iklan melarikan diri vulgar Samantha Bee setelah serangan CT cabul,0
Aku bertaruh uang receh terakhirku yang dihasilkan oleh Cair hingga tahun lalu beberapa ratus juta penipuan ditemukan oleh dokter muzzie memberikan pengobatan pengobatan pengobatan medis tanpa kanker ya ini adalah sebuah agama yang unik,1
harus memaafkan tuan wanita ini mereka tidak tahu bagaimana mengemudi jadi bagaimana kita bisa mengharapkan mereka tahu bagaimana menggunakan tertawa internet,0
Aku benar-benar melihat orang-orang datang bersama-sama bahwa kita ateis buddast christian bahkan morman untuk satu menyebabkan agama bertahan hidup dan keyakinan pergi keluar jendela dalam lubang rubah teman sehingga pukulan yang terbelakang kotoran up beberapa rok lain,1
pengguna hebat anda menggunakan dukungan oleh sayap kanan neo nazi ultra untuk didukung sebagai jenis supremasi rasis putih,0
"Yo, kau harus menjadi bos.",1
"bukan Yahudi yang sebenarnya manusia, tetapi adalah hewan dalam bentuk manusia, jadi Yahudi tidak akan harus dilayani oleh hewan.",1
Tony BIair sama dengan semak-semak bitch morningjoe,1
psa ryzen overclockers downgrade bios Anda untuk stabilitas pubg,0
"Maaf, aku baru saja membaca ini.",0
Anda berarti tuduhan kecurangan. bukan pelecehan seksual atau penyerangan itu tentang kecurangan. perbedaan besar. kita semua tahu fakta menakut-nakuti liberal. jika Anda begitu khawatir tentang serangan seksual Anda perlu berteriak untuk nama-nama pada dana slush untuk mengungkapkan. sampai dari memiliki kursi yang,1
saya bingung mereka mengatakan bahwa identitas nasional dibuat adalah mereka benar-benar mencoba untuk mengatakan itu ok untuk menjadi putih terlepas dari perbatasan apapun adalah mereka benar-benar mencoba untuk mengatakan putih adalah yang terbaik terlepas dari perbatasan apapun,0
Mereka tahu ini tidak dapat diterima jadi mereka mencoba untuk mencemari juri. Mereka bekerja lembur untuk memastikan dia dinyatakan tidak bersalah...,0
Ini orang gila yang lain. Pergilah!,0
Republik pada kontrol senjata. kematian tidak berpartisipasi dalam keberhasilan ekonomi mengalahkan.,0
fuck prayer let throw the shitskin sand niggers out,1
Orang kulit putih itu memburu orang kulit putih mereka adalah orang putih yang suka membunuh di negara itu mereka melemparkan homo dari atap,0
ke twitter pengungsi repattlement spesialis absolut brilian nama pengguna,0
jalang melakukannya terlihat seperti saya peduli ; n ; o ; ; o ;; o ;;;;;;;;;;;;; o;;;;;;;; ;;;;;;;;;;;;;;;;;;,1
air liur Cina sebagai salamander berteriak dalam kepunahan,1
Anal nazi teroris idiot berjuang semua seperti invasi moisislem,1
les vokal de junhoe dans just go,0
Jika tidak ada manik-manik anal yang memainkan lagu Natal ada uang yang akan dibuat di sana.,0
Bu ... apakah Anda jelas bahwa tweet dengan hati-hati mereka mungkin merek Anda ras pengkhianat untuk saraf berpikir;,0
jeda telah ada yang mendengarkan album txt im mendengarkan sekarang dan i yang begitu goos lesbian membantu aku bergetar,0
levi strauss amp; co. mendonasikan lebih dari juta tahun ke tahun berikutnya untuk profits amp; aktivis muda bekerja untuk mengakhiri kekerasan senjata dengan membangun amp besok yang lebih aman; bermitra dengan grup kontrol senjata setiap kota untuk keselamatan senjata.,0
Aku tidak berpikir Jack tahu terlalu banyak konservatif. Aku belum pernah bertemu dengan orang yang tidak ingin menguliahiku bagaimana semuanya harus berjalan seperti bisnis dan kita semua harus bekerja lebih keras dan mengikuti aturan.,0
Aku hampir menghabisi selusin orang yang berkelahi di jalanan malam itu.,0
percayalah aku tahu itu omong kosong juga tapi sayangnya muzzies di Inggris akan menelan penengkokan garis kait karena menurunkan iqs,1
kita sudah memiliki petisi ini sebelumnya tapi mereka menolak untuk berdebat itu. bajingan sialan,1
apa yang harus posting di sini selain kotoran gay dan bertele-tele,1
"Isamorada rumah mewah di tepi pantai untuk menjual leoni drive, Islamorada, florida islamorada luluxury water homesforsale",0
liberal histeris berikut don jr. tidak ada fakta hanya alat bantu bicara liberal.,1
Anda mengatakan pria bernilai tinggi seperti thats hal yang nyata yang ada amp; bukan kebohongan makeup Anda mengatakan kepada diri sendiri untuk mengalihkan perhatian dari kenyataan ibumu tidak pernah mencintai Anda amp; penis Anda adalah mikroskopis,1
america salah satu yang salah sudah adidaya sebelum Yahudi sampai di sini kita menjadi nomor ekonomi di planet ini pada abad ke-Anda terbelakang fuck,1
pengguna yang salah paham dan bersaudara satu sama lain negara Muslim kaya harus mendukung negara-negara Islam yang miskin investasinya tanpa kerugian,0
amp; ketika mereka mengatakan dia mereka berarti lesbi ron wcw,1
pengguna saya membuat satu menemukan nomor pos saya,0
kirimi aku barang terkutuk,0
Semua stasiun berita harus menanggapi pemboman lumut dengan terus kita mengambil kembali potongan di sini,0
setiap kata-kata terakhir sebelum Anda bergabung Anda sesama kike troll pada daftar bisu saya pergi ke depan rube sekarang kesempatan Anda membuatnya menghitung posting sesuatu yang benar-benar pintar mulut kali ini,1
lmao bahwa reputasi muslim lil adalah kecurangan pada suaminya sepanjang waktu dengan beberapa orang terlibat dalam perjalanan politiknya,0
"jenius, istilah yang benar secara politik akan cacat secara intelektual. sangat ofensif untuk menggunakan kata terbelakang.",0
alergi tidak menggangguku sepanjang musim panas sekarang tiba-tiba di tengah-tengah kotoran Agustus mulai menjadi nyata.,1
lois lerner miskin takut kekerasan fisik jika rincian nya penganiayaan warga negara yang tidak bersalah dibuat publik tampaknya seperti sel isolasi adalah satu-satunya pilihan,0
pengguna saya pikir imigran harus menggantikan orang-orang seperti Anda,0
Nigress itu pasti petani kedelai,1
pengguna tidak anda terbelakang,1
ya tidak benar-benar tahu istilah muzzie berjuang melawan mereka dan bekerja lebih di saudi hanya pasir negro polos adalah apa yang sebagian besar dari kita rednecks menyebutnya,1
Ini babi putih yang tidak tahu malu. Mereka sangat lapar akan kasih sayang. Mereka pergi dengan kera ghetto busuk.,1
pergi ke pemakaman negro sepupu saya dibunuh oleh seorang negro tepat setelah Natal itu tidak pernah berakhir dengan Anda binatang,1
Aku pernah mendengar orang mengatakan bahwa mohammed rasanya seperti ayam ... dicelupkan ke dalam kotoran.,1
jalang bye;,1
Tidak ada polisi! tidak ada pemerintah! hanya anarki di kota Meksiko jalang,0
"tahun lalu antifa rapper pavloss fyssa dikelilingi oleh fasis dari pesta fajar emas di keratsini, athnes, dan ditikam sampai mati. lima tahun kemudian kita tidak lupa kita tidak memaafkan url url",0
im siap untuk hari ini;;iu iu iubb hoosiers hoosierstate ncaa besar michigan gameday btown;,0
user omg yang bisa saya tahu haha ya Anda benar dan omg wow usa yang begitu keren tidak banyak asia yang ada benar haha,0
sialan benci omong kosong universitas ini,0
karena membenci setiap orang kulit putih seperti bro yang tidak serius,0
Negro apa yang saya bicarakan pertarungan setelah sekolah. atau kapan pun jalang pilihan Anda,1
dan kalian semua negro juga mengatakan martian manhunter dapat mengalahkan visi smh babi tidak berbudaya,0
Sakit pergi ke argumen asli bahwa orang tidak harus selimut semua orang bersama-sama. teroris semua muslim altright semua konservatif keduanya sama-sama bodoh. membutuhkan kelompok tertentu untuk mencela pinggiran mereka berarti bahwa masyarakat umum tidak bisa membedakan.,1
Apakah semua republiklan maga mengenakan pengkhianat akan menggali melalui dada mainan masa kecil mereka hanya untuk posting video dari pembakaran ernie amp; bert boneka?,1
Aku yakin evergreen akan membawanya jika seekor simpanse waria negro besar yang meletus di kampus mereka tahun lalu adalah indikasi,1
pengguna donald mungkin tangguh dia diperkosa atau sesuatu,0
mengapa pengguna pergi ke montenegro bertemu dengan supremasi kulit putih,0
Aku mendengarkan lagu yang sama setiap hari aku suka Ariana dan Blackpink. Mereka dan album baru Elena.,0
Pelacur dan cangkul mereka tidak ada mengapa cangkul tahu Bo seorang feminis,1
Kau semacam homo spesial jika kau membawa coklat ke sesi merokok.,1
kalian Yahudi telah melampaui semua bangsa dalam dongeng kurang ajar dalam tingkah laku buruk dan dalam barbarisme Anda layak dihukum karena ini adalah takdir Anda votaire dalam jawaban surat dikirim kepadanya oleh kike mengeluh tentang nya anti semitisme,1
gagal menunjukkan empati sampai berbulan-bulan di penjara atau denda tak terbatas.,1
karena wanita mendapatkan lebih banyak pengaruh dalam kekuasaan suara dan pemerintah sistem hukum akhirnya melayani dan mencerminkan bias tersebut hasilnya adalah bahwa perempuan sekarang memiliki hak-hak di kelebihan laki-laki dengan sedikit tanggung jawab,0
"Nomor depan, nigga tak bisa dihubungi.",0
paha tinggi sepatu hitam burberry sepanjang hari pelacur,0
beberapa dari kalian semua pengikut terbelakang dan kau tahu itu lmao id blok pantat mereka moe,1
Yah mungkin kau pelacur bodoh kau gelandangan bodoh jalang,1
"Kenapa homo ini di depanku harus mendapatkan dua lusin donat sekarang, mendapatkan fuck on",1
tidak ada hal seperti itu. dimana fasis ini tersisa? antifa adalah anarkis. mereka bukan sosialis atau demokrat. kalian orang-orang di sebelah kanan merangkul otoriterisme dan fasisme. lihat truf. dia menyerang semua lembaga kita dan aturan hukum dan bulu,1
lihat ellen .... saya bukan komunis sosialis ... Anda adalah salah satu untuk perawatan kesehatan universal pemerintah kontrol senjata yang lebih besar pemerintah dan perguruan tinggi gratis. saya Amerika im untuk kapitalisme,1
rt jika tim Anda adalah sampah,0
lool itu telanjang badut gyal i melihat bahwa mendapatkan tidak gyal mereka hanya cus sedih mereka tidak mendapatkan bitches tetapi melakukan yang paling untuk mendapatkan em berusaha lebih keras,1
Kita harus menghadapi serikat polisi mereka melindungi para Nazi dengan seragam biru yang kita lihat di luar sana meneror orang-orang,1
Buku palsu baru saja menangguhkanku beberapa hari untuk menghina Rosie Odonell karena memanggil truf gila mental itu layak beberapa hari kau masih seorang pria membenci lesbian gemuk rosie lol,1
ketika Anda akan berada di trs atau podcast lain Anda slumely zipperhead,1
bagaimana tidak rendah telah bekerja untuk konservatif?,0
Tutup mulutmu sakit homo mengalahkan kotoran keluar dari Anda,1
"tidak ada versi yang berbeda dari buruk ketika datang ke ras pengkhianat, jika Anda tanggal non putih itu buruk, tidak peduli non putih adalah Asia, hitam atau arab.",1
Kalian semua homo.,1
calie,0
aku benci kamu,1
Negara-negara barat kau belum memperhatikan?!!!?!?!!!!!!!!!!!!!!!!!!!!!!!!!!!!!!!!!!!!!!!!!!!!!!!!!,1
Billy Elish adalah ibu dari semua anak-anak gay yang depresi,0
Siapa yang berbicara omong kosong pada ayam dip penggemar dude ayam saus yang penggemar,1
Aku lebih suka orang kulit putih dengan ijazah SMA dari semua sekolah kulit putih mengajari anak-anak membaca daripada negro dengan gelar sarjana tidak mengajar anak-anak membaca bahkan ketika dibayar untuk melakukannya.,1
Apa dia gila? dimana tepatnya... bagaimana mereka memastikan liberal gila dengan senjata tidak muncul?,1
dasar jalang,1
kata anggota antifa lemak,1
Kau bicara rendah harga diri maka kau akan berakhir menjadi budak Yahudi aku katakan padamu aku tidak bisa mengerti kalau ini adalah sebuah pelanggaran,1
pengguna pengguna pengguna pengguna pengguna itu mungkin sepupu redneck nya atau kambing hitam dari keluarga,0
Dia membuatku sakit. Dia menggunakan sidang konfirmasi dan penyelidikan untuk kampanye dan foto ops. Dia senator junior yang jauh dari liganya.,1
Biggobostelugu berapa banyak dari kalian penggemar cum kaushush alarmy cum... url,1
pengguna ya kemudian dengan logika seperti mereka mereka Shud juga mendukung ketika putri mereka diperkosa hari-hari modern terbuka seks anak laki-laki seksi gadis bersenang-senang melakukan seks,0
liberal kamus imigran ilegal pemimpi truf pendukung menyedihkan pembunuh ms manusia di dalam rahim bukan manusia antifa demonstran hukum hidup para anggota NRA teroris Bill Clinton feminist brant kavanaugh predator,1
itu lebih dari sebuah sindiran terhadap ekonomi yang harus terus tumbuh dan ketergantungan pada pekerjaan omong kosong untuk membayar utang yang tidak perlu untuk menciptakan pertumbuhan untuk mencegah bahwa semuanya jatuh. saya memilih sesuai dengan keadaan pada saat pemilihan.,0
"Gadis, jangan biarkan seorang pria memperlakukan Anda seperti bintang kuning u adalah bintang merah muda",0
Ada lebih dari satu masalah di dunia ini.,0
pengguna pengguna pengguna pengguna jika penafsiran Anda seorang pria hitam yang kuat berarti Anda yang mengikuti supremasi putih pernah membaca buku malcolm x berpikir dia tentang kehidupan itu saya pikir rosa mungkin akan mengubah lesbian daripada memiliki seorang pria gagal,0
ne perlu memeriksa dokter gigi dan mencari tahu apakah dia memiliki catatan kerja yang sempurna? bagaimana dengan fasilitas perawatan anak? sekarang Anda dapat memeriksa online untuk semua jenis profesional berlisensi dan url gratis,0
pengguna bersumpah bahwa hampir jumlah siswa sekolah penembak adalah Amerika putih tapi ya tidak ada hati-hati untuk mereka muslim menakutkan mereka mungkin getcha,1
pengguna dan jutaan alien ilegal yang mengangkut bebas tidak berkontribusi untuk penggunaan listrik pada semua pengisap pisshole,1
Bersabarlah dengan kami kami memiliki tutup autisme!,0
Tolong bantu aku.,0
Aku punya kulit yang kotor dan wajahku selalu terlihat begitu merah dan tbh itu salah satu alasan utama aku sangat tidak aman jadi yeah terima kasih kulit,0
a? opendocument,0
Karena pengungsi dikomunikasikan lawan dari apa yang Yahudi inginkan bahwa gentil benci Arab bukan markas setan Israel,1
Aku pikir dia yang gila. Dia tidak suka dipanggil keluar jadi dia mencoba untuk membuat mereka menggertakku.,1
Anda benar-benar benar tanpa komunikasi rusak menyebabkan distorsi salah paham ini adalah masalah yang sangat serius di antara laki-laki kulit putih yang gagal untuk belajar bahasa secara efektif,0
maga breaking news the dnc mencuri buku bermain mereka dari George Costasanza di seinfeld. sekarang setidaknya kita tahu apa yang melawan.,0
lambang keluargaku adalah naga jalang,0
"ketika saya masih seusianya saya punya teman perempuan swedia dekat yang swedia keluarga dan teman-teman saya juga bertemu, mereka semua tampak jauh lebih baik daripada kontestan ini.",0
"Jika kau berhasil mengeluarkan negro itu dari sini, pantat kotor negro.",0
pengingat ramah bahwa un mencari pengacara berbasis london yang bercita-cita untuk mewakili pengungsi selama proses hukum,0
baik untuknya.,0
seperti ketika sebuah sekolah dari ikan teri berkerumun dan benar-benar mengkonsumsi hiu dan meninggalkan apa-apa tapi berkilauan tulang putih,0
baru saja mengirimkan proposalku tentang coding gay dalam kecelakaan Ralph dan menyadari aku bisa melakukan persen membaca aneh gadis bertemu dunia bukan f di chat bois,0
apa peran pengendalian senjata dalam keselamatan sekolah?,0
pengguna meskipun mujahidin tidak memiliki pesawat bom nuklir atau senjata kimia tetapi mereka hanya memiliki islam,1
melihat mengambil sepeser pun dari lantai dengan jari-jari kaki nya. ternyata monyet saya jari-jari kaki gen kuat dengan yang satu itu.,0
"Semua yang bertaruh adalah sampah. rt brad rt white mike berada di taruhan, ia tidak bisa menjadi sampah",0
user user no fr seperti bagaimana tf do i block ppl di twitter menyebabkan negro ini selalu mengomentari kotoran saya dan adalah menjengkelkan,0
Aku benci jalang ini suara omg,1
Aku sering menunjukkan bahwa negro lebih bodoh dari yang kubayangkan jika mereka berpikir mereka akan memenangkan kembali perang ras apapun.,1
Persetan denganmu juga soundwave,0
kotoran paling ghetto saya lakukan adalah posting status hubungan saya dan pasangan gambar nomor tahun lalu di facebook,0
sepatu zaon rip,0
John Lewis hanyalah seorang negro rumahan di perkebunan demokratis pekerjaannya adalah untuk memberikan penutup untuk master marxist nya karena mereka menghancurkan rakyatnya dengan kemiskinan bajingan dan kejahatan,1
Apa yang perawan redneck seorang berusia tujuh tahun yang dapat berjalan lebih cepat dari saudara-saudaranya,1
pengguna homofobia gay adalah tulang punggung masyarakat,0
"Jika kau tidak melawan si pembunuh negro itu diam, geng;;;;",1
karena partai komunis hampir semua Yahudi untuk membunuh setiap gentile yang berdiri di jalan mereka atau memiliki properti yang Yahudi komunis inginkan.,1
Tidak fuck you and the horse yourodeinon dan sementara kita berada di dalamnya Anda dihapus dari pengikut saya dibungkam karena menjadi homoseksual terbelakang,1
karena menangis keras jutaan jika anak-anak disalahgunakan secara mental ohydically secara emosional diperkosa pelecehan seksual setiap hari Anda ingin lebih,0
dia delusional! menyingkirkan sekolah pemilu sehingga dia dan kroni korupsinya dapat merusak usa! mereka hampir!!! suararedtosaveamerika maga,1
benar-benar topi yang benar feckers! saya membenci mereka,1
Aku pikir kau melihat fakta bahwa demokrat memiliki kedua rumah kongres dan presiden dan tidak melakukan apa-apa. Tapi pengendalian senjata akan bekerja sama seperti perang melawan narkoba.,0
siapapun yang membuat benang ini memiliki gay besar,1
Sepertinya sekali sebuah kota sepenuhnya bercerai dari industri masa lalunya maka itu baik menjadi ghetto atau menjadi apa yang saya sebut kota gaya hidup di mana membayar nomor dolar di restoran untuk satu orang tidak jarang,0
Para penyerang bukit pasir untuk menghadiri pemakaman bersendawa telegraf.co.uk memungkinkan mereka untuk mengira target putih biasa dari hutan liar ini!,1
Antifa tidak memiliki tempat di masyarakat!,0
Louis bilang aku di sini hanya untuk mengumpulkan penghargaanku dan mendapatkan fuck keluar dari premios tvynovelas edisi edition bye hogs aku cinta kalian semua,0
Kau sangat keren. Aku yakin kau akan mudah mendapatkan vagina haus itu.,1
menghasilkan kotak ascii dengan nodejs semua saya lihat adalah kemampuan untuk membawa flappybird di node melalui ascii tabung dan burung,0
pembunuhan remaja hampir semua hitam pada hitam untuk titik mereka memiliki skuad polisi didedikasikan untuk itu disebut trisula sama dengan kekerasan remaja hitam,0
pengguna apa perbedaan antara jumlah dia menjadi muslim dan memperkosa putrinya dan nomor dia memperkosa putrinya dan menjadi muslim i menemukan ada perbedaan hiralal dikonversi ke agama ia milik ia harus mulai diikuti adalahlam sebelum percakapan,0
"laporan Google a.i. bias terhadap orang gay, Yahudi",1
Dia juga berpikir kesuksesannya tidak melakukan apapun tentang pengendalian senjata dengan anak-anak yang dibunuh di sekolah mereka oleh orang-orang yang tidak perlu memiliki senjata!,1
ugh,0
Budaya Amerika terjebak di samping toilet. Penulis grafiti di Eropa dapat menciptakan seni yang lebih baik tanpa lelucon seks murahan.,0
"Ya Bu, dan juga pemanasan sebelum kita mendorong dia dalam oven.",1
lemah lembut dan ringan mon don memanggilnya apa yang dia homo,1
peduli untuk menjelaskan bagaimana memelihara atau mendapatkan kembali bangsa etnis homogen terhadap keinginan mereka sampai tingkat tinggi sebagai un adalah globalisme?,0
dan itu harus menjadi beberapa bodoh ghetto,0
Cukup mengatakan ... url,0
Dan aku ingin orang kaya kulit putih berhenti membuang-buang waktu mereka pada program sepak bola perguruan tinggi.,0
Mengajariku bagaimana membenci wanita jalang,1
"ateisme tidak benar-benar ada. Saya seorang ateis, yaitu saya tidak percaya adanya ateis karena kurangnya bukti.",1
Lihatlah kedua cangkul kotor itu.. ..dan cangkul belakang karena dia kembali untuk mengambil keuntungan dari cangkul Djt.,1
"ya, tidak ada nasionalis telah menunjuk seorang perdana menteri Yahudi jadi saya m tidak yakin mengapa ada satu tapi anti akan mengklaim seperti itu.",0
pengguna adalah bahwa doktrin kastil putih,0
pengguna ya tetapi sebagai orang yang jatuh di luar masyarakat norma-norma standar seksual mungkin ada alasan banyak aneh trans ppl seperti berbicara sedikit lebih terbuka tentang seksualitas mereka dalam ruang tertentu di mana mereka merasa aman untuk melakukannya,0
makan kotoran Anda spamming kike,1
Apa yang bola kristalmu katakan tentang mendengarkan musik negro?,1
asing apakah Anda melihat shitskins dengan visa kerja menyensor Amerika putih republikan bahwa hanya sialan pekerja iklan sponsor dan penggunaan filter rahasia oh anak campur tangan pemilihan dan kemudian beberapa,1
baca rt!,0
Mengalihkan twatter untuk membungkam jutaan account yang sah twatter tidak suka cara mereka membungkam kita,0
maaf tentang anak Anda. saya yakin dia tidak ingin Anda menjadi kebencian. saya tidak akan mempertanyakan dukungan Anda untuk truf. Anda memiliki alasan Anda dan thats baik. saya pikir Anda berada di atas melompat pada bandwagon benci meskipun. hanya pengamatan.,0
orang di Eropa tidak punya apa-apa.,0
jumlah artikel yang ditulis tentang bagaimana pendukung truf berada di belakang meningkat antisemitisme dalam sejumlah jurnalis Amerika yang meminta maaf untuk mengalahkan pendukung ketika satu-satunya tersangka adalah sebuah orang Israel dan negro baru York nol koma,1
Aku mengatakan ini dengan cinta dia jalang badass,0
dia adalah orang favorit saya,0
"tidak, tidak, tidak..aku ingin nama",0
Banyak Yahudi kidal setengah akal jelas dengan kecenderungan bunuh diri di sekitar.,1
Potus terburuk. pernah!,1
Lance Stephenson sampah bicara tidak mempengaruhi siapa pun tapi Lance Stephenson,0
presiden putin pengguna pelecehan,0
Aku harap San Francisco tenggelam ke lautan Pasifik yang kau sensor lubang bau busuk untuk penjahat ilegal ini omong kosong hispanic ini akan mati dengan waktu yang telah disajikan aku bertanya-tanya berapa lama kate Steinle akan mati,1
liberal dari atas ke bawah,0
"Aku tidak ingin kau jalang, dia harus menjadi asing.",1
pengguna dan bukankah benar bahwa halal hanya membutuhkan seorang muslim dapat menyembelih binatang,0
dan mengapa semua masalah tentang pc hanya fokus pada liberal apa tentang konservatif berlutut pada patriotisme palsu atau republik panik selama aborsi,1
i vaped di museum holocaust dan tidak tertangkap gr baby tertawa joaquen phoenix di joker,0
Aku setuju karena aku generasi ini Aku tidak sabar untuk membersihkan komunis kikes homos dan negro dari bangsa ini,1
bisa ada yang mengatakan aktor dicuci sampai mencoba untuk tetap relevan?!,0
tentu saja. liberal menolak kebenaran dan menerima kebohongan. itulah sebabnya mereka tidak percaya pada Kaneugh dan percaya ellison.,1
Pedang mungkin berguna untuk membunuh beberapa orang atau melawan musuh bersenjata ringan.,0
"rapper mengerikan Tyga paling rapper sampah pernah dia ingin negro kuning, jagung di tongkol saya memukul ibuku ketika saya mendengarnya;",1
Kau bisa tidur dengan aman di malam hari mengetahui wanita-wanita cantik di Nato ini membelamu dari teroris lumut.,1
pelacur hitam membeli topi dan bertindak seperti Yesus lupa mereka nigga sialan di taman; looool,1
hanya hal yang baik tentang musim ini. Firecashman.,0
kiri melukis realitas palsu dan menciptakan musuh buatan rasis untuk melindungi mereka terus tumbuh subjek tergantung dari.,0
pria kulit putih yang mendengarkan intens sama mengancam dan kekerasan seperti laki-laki putih berhenti mendengarkan kami,1
"masalah untuk mungkin adalah bagaimana hal itu akan menghancurkan amp pemerintahnya, partai. erg akan pergi gila amp; mencoba untuk menghentikan suara kedua. mengakibatkan kekacauan. banyak konservatif takut ini akan benar-benar menghancurkan partai. tapi menekan itu akan.",0
setiap salah satu dari mereka adalah lebih peringkat daripada dia. dan dia peringkat yang cukup. jadi saya kira mereka semua mengungguli nya ...,0
Kau meminta Tuhan untuk menghapus semua barang palsu dalam hidupmu sekarang sepatu guccimu dan baju putihmu hilang pada Tuhan,0
Aku tidak akan bangga bahwa faze adalah dalam keluarga Anda. Dia mengerikan untuk satu dan dua dia jelek trailer sampah... fazeisgay,1
Dinding obama tidak akan menjauhkan teroris dari kontrol senjata yang sama akan mencegah pembunuhan oleh penjahat dan teroris?,1
Kau suka louis farrakhan karena dia rasis atau anti semite?,1
Antifa adalah organisasi teroris bukan protes yang sah. truf perlu menyatakan darurat militer dan menutup mereka turun dengan tepat.,0
"itulah jawaban mereka selalu untuk semua masalah mereka di afrika, membunuh pple. saya belum mendengar respon lain. yang hanya membunuh pple. bagaimana yang beradab? itu isn isnt.",1
Ya. Dan favorit ini. Tolong katakan padaku kau tidak membeli sampah itu,0
Dia bukan anti truf. Dia adalah umpan ras rasis yang tidak lebih baik dari Alex Jones dan orang gila lainnya,1
i look forward untuk bercakap-cakap dengan semua orang di sini.,0
Apa kau menyarankan mereka untuk tidak menghargai ini?,0
mengalahkan seorang pria dari bejing di dunia jousting final menemukan celah di baju besi,1
satu hal internet bertanggung jawab untuk memberikan sebagian besar mudah adalah perjalanan cepat ke backwater ghetto gema status ruang ruang ruang yang alt teknologi aman dipisahkan dari alun-alun umum universal,0
"jika tidak ada yang lain, jalan-jalan agak aman selama beberapa jam sementara bermain.",0
Aku pikir dia benar-benar tahu sekarang tapi dia dalam penyangkalan!,1
Aku terkejut bahwa pecandu senjata ini juga diduga cabul!,1
Aku benar-benar benci katup,0
kita tidak bisa terus menyebut diri kita feminis jika hak dari semua womxn tidak ditujukan ya untuk pelanggaran seksual daftar publik tapi akan biseksual trans lesbian dan womxn aneh dapat memasukkan informasi mereka pada lembar pelaporan forum gender,0
masyarakat bantuan imigran Ibrani membual di blognya kemarin bahwa di pengadilan basithimore md itu disimpan somi ilegal alien yaasir dari deportasi kembali ke somalia mereka adalah salah satu dari jumlah kontraktor perumahan federal membayar pajak w menempatkan pengungsi di kota Anda,1
selama satu menit saya harus mengambil istirahat dari Yahudi dan negro benci mengingatkan semua orang i fucking benci orang gemuk,1
Ayam adalah pelacur dude,1
pergi mendapatkan kiri dalam mobil panas dan mati jalang,1
Saya berharap si coon ref ini membuat salah berubah menjadi ghetto Rusia dan mendapat ditikam dia jelas membenci orang kulit putih atau mungkin hanya denmark,1
Dia menghabiskan kontribusimu. pilihlah ted cruz!!!!!,0
Ini bukan ghetto... ..itu tindakan cerdas.,0
Itulah yang tidak dimengerti liberal kita akan mati untuk orang yang kita cintai,0
Jadi aku tidak yakin dia adalah seorang wanita untuk satu kebanyakan pria membuang penghinaan seperti itu satu sama lain atau berarti jelek feminis kucing perempuan dengan penis iri,1
ya itu benar-benar jauh dan baik-baik saja jika Anda suka hidup oleh seluruh hicks haha,1
pengguna membiarkan beberapa dari kalian berkomentar fanatik relawan untuk rumah alien ilegal,1
"Jika si jelek ini bisa bersamanya, aku juga bisa.",1
bagaimana dengan kahmiri hindu pandit ketika ini kkahmi muslim genosida dalam jumlah milion hindu pandit migran masih menghabiskan hidup mereka sebagai pengungsi nomor hindu pandit membunuh banyak wanita raped oleh Akashmiri muslim,0
Kau tahu apa yang kukumpulkan dari mereka karena melarangku untuk mengatakan bahwa aku mengumpulkan pesan tersembunyi bahwa aku seharusnya menjadi kulit hitam dan alimes Yesus lain kali aku ditendang pergi karena mengatakan aku tidak memecahkan narkoba ghetto,1
Renc terus menunjukkan mereka cackedness.,1
Antiwhite telah menggunakan pendidikan selama puluhan tahun untuk mencuci otak putih terhadap ras mereka sendiri.,1
maxwell adalah negro bodoh yang tidak akan pernah mendapatkan kulit hitam untuk memilih republik dalam nomor yang bermakna sebelum orang Amerika Latin sudah demografis mengambil alih negara,1
Berpikir bahwa orang Amerika Latin Meksiko berpikir mereka benar berpikir mereka pintar,1
hanya pada kesempatan Anda tidak benar-benar yakin bahwa rasisme dan bonus hitam yang idiot tolol sini datang cerita pemanasan hati ini dari twitter hitam,1
terlihat mencurigakan seperti burkha putih untuk wanita kulit putih perempuan harus mulai memakai ini asap,0
fobia tidak hanya takut itu ketakutan irasional bahkan jika ada orang-orang yang benar-benar takut adalah Islam mereka ketakutan sepenuhnya rasional dan dibenarkan hal adalah orang menemukan adalah menjijikkan menjijikkan keji kekerasan dan busuk perasaan takut tidak terlibat,1
terima kasih untuk berdiri untuk kesopanan. liberal kiri hingga taktik lama yang sama. terletak pada th jam dari pembenci liberal kidal. cerita ini bau dari luar di maga tkot url,1
im fag;;,1
Aku tidak mengharapkan yang lain.,0
memilih nominasi demokratis amos kekuatan kongres tn mengalahkan teh diane hitam merah tntweetters cir,0
Ini semua serangan koranasi dari idiot Loons! Mereka akan semakin buruk sebelum pemilu! Bisakah kalian bayangkan idiot yang ingin menyingkirkan ekonomi dan mereka bersama dengan suku bunga hanya karena dia bukan politisi dipoles? idiot!,1
Apa ini?,1
pengingat lembut bahwa wartawan permainan adalah boot menjilati menghambat mereka semua,1
di sendok tiga nomor meja ikan dm untuk memesan sendok budak sirip sub sendok pelacur findom sendok sub,0
Jika Yahudi memiliki lebih banyak barang,1
Sayang sekali universitas Kanada mengimpor orang kulit hitam dan coklat.,1
menempatkan beberapa tanda di bandara untuk memperingatkan orang-orang dari negara normal di mana kita hanya khawatir tentang kekerasan geng membunuh kita,0
Masalahnya adalah ada begitu banyak liberal putih membenci pengkhianat di sisi yang sama dengan Yahudi dan nonwhites.,1
kota manusia dan yankees telah berkumpul untuk membentuk klub th mls. Mereka mulai bermain di.,0
pengguna pengguna tidak mungkin terjadi segera ini adalah gangguan yang sempurna untuk lnp untuk mendapatkan jarak tempuh politik dari memiliki segala sesuatu anjing bersiul moslems perempuan nasionalisme dianggap teroris nastiness untuk pembenci membiarkan mereka menghindari menjawab pertanyaan nyata dan membuat kebijakan yang baik,0
Orang-orangan yang ingin kekerasan hanya meminta para jaksa untuk menaklukkan dan komunis Spanyol,1
"tidak sabar untuk menyapu kardinal malam ini pada! tidak peduli seberapa buruk anaknya, yang akan mengalahkan burung;",0
Aku suka mendengar larangan muslim dan pengakuan jerusalem sebagai Israel ibukota menunjukkan antisemiisme Arab menyebabkan lebih banyak redpilling ofnomies i fucking love you president just donusalem ke liberals donald user,0
idiot berguna. tidak lagi membutuhkannya. mereka sibuk untuk diganggu dengan kontrol senjata sekarang. sibuk mencoba mencari tahu bagaimana mempengaruhi pemilihan mendukung mereka. tidak gunna terjadi.,1
Karena orang-orang di tempat kerja adalah pelacur mereka berbicara omong kosong dan yeah dude saya perlu malam gadis keluar,1
Negro selalu ingin bicara tentang bagaimana Tuhan melawan gay .. bagaimana dengan vagina yang Anda makan tadi malam? bukan dewa ag;,1
Senator Schumer memilih imigran ilegal yang melanggar hukum atas hukum yang taat warga negara ini tidak pernah lupa,0
mengapa porno gay benar-benar hal paling lucu di bumi,1
siapa pun memiliki singa,0
Bagaimana ia bisa pindah ke ruangan yang penuh dengan sampah? Bagaimana ia tetap setia di ruangan yang penuh cangkul?,1
negro ini terobsesi dengan saya,1
maaf tentang negro komentar tapi bahkan hitam tidak suka negro,1
akhir pekan ini dekorasi naik.,0
baik jika kita tidak memiliki anak-anak moslem di negara ini yang orang tua akan mengikat bom untuk kita tidak perlu khawatir tentang moslems ini merusak segalanya,1
Banyak Yahudi yang berada di pasukan merah begitu banyak ingin kesempatan untuk memperkosa dan membunuh kulit putih dengan kedok perang.,1
Dia adalah salah satu tipe yang tidak punya waktu dia mitra senior di sebuah firma hukum. Masalah tidak mencegahnya mengemudi kendaraan. Mereka hanya menjengkelkan. Tapi saya percaya bahwa ia mengambil mobil pada bulan depan.,0
Katolik Roma di dalam kita adalah sampah. Mereka memberikan Katolik dalam euro nama yang buruk.,1
"Aku sangat lelah dengan segala sesuatu yang dilakukan para demoncrat selama bertahun-tahun! satu-satunya cara untuk menghentikan dengan damai adalah dengan memilih! jika mereka mencurangi sistem suara kita, yang merupakan satu-satunya cara mereka bisa menang! maka aku siap untuk pergi berperang!",1
Hell naw bitch tidak membantu!,1
"Aku membaca orang kulit hitam men-tweet saus panas adalah sampah, semangka berlebihan. Aku tidak bisa menangani",0
yang jalang mulut membuat roll kehormatan,1
skandal seorang gadis tidur negro dongeng dan propaganda melalui harus melihat untuk hebrew putri-putri dari zion!,1
"kiri membenci orang kulit putih, benci Amerika, benci Kristen tapi cinta ms,hamas, transgender untuk anak-anak,pedofilia,etc...",1
"jika kau pikir kode etik untuk proyek opensource mu adalah akhir, tidak itu hanya awal.",0
"Arab dan para Zionis memainkan kartu ras di barat keduanya adalah korban satu sama lain, datang ke sebuah desa dan kota dekat Anda segera",1
Ini adalah wartawan berita yang mengancam para ibu dari pembangkang politik yang menolak untuk berbicara dengannya,0
"Kongres telah membebaskan dirinya dari kebebasan permintaan informasi catatan kongres secara hukum tidak dapat diakses seperti yang diklasifikasikan dari CIA. beberapa dokumen CIA diklasifikasikan, tapi tidak catatan kongres.",0
teixeira pada titik malam ini. Yankeees,0
pengguna saya benci segala sesuatu tentang film ini belum lagi pada dasarnya validasi kekerasan putih radikal sebagai akibat dari dilupakan oleh masyarakat,0
Aku menangkap anjingku memakan kotorannya sendiri. mengingatkanku pada setiap liberal yang pernah kutemui.,1
makan pantatku oh my god Anda lebih baik berbohong,1
www.imigrasicontrol.org e u sistem soviet tapi jauh lebih buruk.,0
"Brett kavanaugh, mengalahkan pengadilan tertinggi memilih segala sesuatu yang harus Anda ketahui",0
"dan jika ini menangkap, sweden akan melarang sendok mengklaim mereka peralatan dari islamophobia.",1
memilih mereka keluar!!!!! Tidak ada gelombang biru..... patriot merah memilih untuk membuat americia besar lagi!!!,0
aku bilang abaikan tidak bisu aku mengikutimu menghambat,1
pengguna oh lihat nacho nazi adalah up sebuah tweeting,1
Kau adalah orang yang suka bercanda.,1
bulan sejarah putih akan mengubah beberapa kepala.,0
oreo frappuccino,0
Setiap berita tentang negro loanzo ketika ia memukul uk,0
turun slot untuk saus tunggal untuk burung awal hari ini menggunakan ;save; di checkout,0
facebook jalang ass diblokir saya dari menggunakannya cuz saya disebut homo homie,0
"Nona lindsey adalah John McCathins, Ny.",1
"""Pesan Presiden Trump Menang""!",0
stfu boris homojo! rt menyebabkan dia homo!! masuk akal sekarang???? rt bran prolly nyata pengasuhan lol,1
"Marah di kamar mandi, sekarang memeriksa untuk kaki kuning.",1
fxn.wsdqbtfn semua orang di kiri sampah dan dropdeedalllefties dan membakar terbakar dalam hll di mana Anda milik ruawakeyet nyata america; musuh r kiri dalam,1
itu oktosaynigger sekrupmlk mlkwasanigger dan sebagainya. itu beruang mengulangi. orang itu melakukan lebih untuk mengacaukan Amerika putih daripada orang lain. saya tidak peduli apa yang dia lakukan atau tidak lakukan untuk negro. mereka semua perlu menjadi,1
ld lebih suka tidak membuat jrm pm ...,0
cukup banyak tempat di sana,0
Melihat jalanan niggas dick ride,0
bahwa gay bahwa apa itu adalah bahwa homo,1
kaktus adalah campuran chow lab kuning juga! hershey adalah semua orang aktif buddy. kaktus adalah salah satu anak anjing khusus. dia malaikat.,0
pengujian yang Anda diperbolehkan untuk mengatakan negro di sini,1
Apa yang terjadi ketika kau memilih gadis ghetto,1
ya jadi Anda lebih baik bermain dengan saya ya negro,1
Pelacur bilang dia tidak ingin bercinta dengan homo yang mungkin sakit dan orang-orang aneh di Sjw menjadi gila pada pelacur homofobia yang benar-benar kejam ini tidak bisa mengambil penindasan membunuh dirinya sendiri apa dunia kita tinggal di,1
mereka melakukan apa yang mereka selalu lakukan mengambil sesuatu dari orang lain s dan membuatnya sendiri.,1
mereka akan membayar untuk memiliki industri holocaust menuduh mereka kekejaman seperti terjadi di Poland,0
fuck u,1
Aku mencintaimu sayang. Kuharap kau baik-baik saja. Luangkan waktumu dan jaga dirimu.,0
Dia memenuhi syarat.,0
oy vey kita harus membantu minoritas karena mereka tidak bisa mencapai apa-apa terutama jika Anda tahu bahwa Amerika asli membuat selai kacang sebelum Yahudi membawa hitam untuk kita einstein mencuri relativitas dari Italia,1
mengapa tidak mendeportasi mereka semua? ini adalah penjahat. sekarang pembayar pajak harus menempatkan tagihan untuk menjaga anak-anak. democrapy komunis mencoba untuk menutupi skandal dari laporan ig,1
menolak untuk melepaskan ribuan dokumen apa yang menyembunyikan keputusan konsisten terhadap hak-hak perempuan hak-hak sipil senjata kontrol kesehatan imigrasi dan masalah keuangan.. yang melunasi utangnya mengapa ada yang memilih untuk mengkonfirmasi,0
Islam adalah een achterlijk discriminerenn en gewelddadig rechts systeem dat seculierere democratische wetgeving vervangt en waarin geen enke plaats is vo,0
berhati-hatilah dari orang yang membela orang ini. mereka adalah zombie dicuci otak atau terlibat.,0
Itu lucu dan kabur satu...hehehe;,0
demonstrasi lain dari lelucon yang tidak berguna polisi uk terutama terbelakang untuk mengirim dua wanita tak bersenjata untuk menangkap pemerkosa dijamin gagal cukup buruk untuk pria banci bersenjata tapi perempuan bagaimana sangat progresif dan kesetaraan,1
vagina Anda tidak harus pop parah; tetapi im tunggal;,1
logika ini gila bagi saya ada benar-benar dominican putih yang rasis untuk hitam dominicans lmao,0
kepala kain sort user sorty kita tidak bisa dimakzulkan karena anda tidak suka hasil pemilihan anda ingin mengubah lakukan di kotak suara sekarang berlutut untuk raja truf nomor,0
Tampaknya mengatakan kebenaran tentang negara-negara yang membuka selang kebakaran duniard dari alarm dan mistifikasi beberapa anggota kongres. Jangan mantel gula itu Afrika dan haiti mengisap karena suatu alasan.,1
adalah ini orang putih gemuk reli atau murni zorg terburu-buru gook,1
Aku benci kamu sekarang jalang,0
kulit putih orang rasis ketika mereka mengatakan negro tapi orang kulit hitam tidak banyak dari Anda mf adalah sebagai bodoh sebagai kantong kotoran anjing,1
di yt ada telah seluruh banyak ayah hitam adalah komersial indah sekarang ada sesuatu yang disebut ayah o dengan negro ini dan fuck bahwa oleh beberapa cewek hitam berteriak pada dude hitam yt adalah bajingan,1
Aku tidak peduli jika seseorang merampok bank... anak-anaknya bisa menyimpan uang tentu saja tidak harus membayar kejahatan pernah ada imigran hukum yang menunggu di belakang seperti orang yang baik,1
karena Anda tidak bisa khawatir tidak ada yang mengharapkan Anda untuk benar-benar memiliki argumen hanya merasa dan kikeberbicara jangan khawatir saya yakin negro dan kikes akan makan Anda terakhir,1
ketika saya menyalakan pidato di atasnya terdengar kepada saya seperti liberal menjadi pihak jahat lain dengan serangan pribadinya pada berbagai individu.,1
warna kulit seharusnya tidak pernah menentukan apakah seseorang dapat membentuk mulut mereka untuk membuat suara hanya karena beberapa idiot menemukan pelanggaran dengan negro sama dengan budak ketika seseorang bertindak seperti budak seseorang harus disebut budak setiap kiri adalah negro,1
Aku bilang ya dia memimpin steve di ... lihat bagaimana dia selalu suka semua steves tweet. apa hooch,1
pengguna kami adalah pengungsi iraqi kami meminta Anda untuk memproses berkas kami yang tertunda silahkan standwithiraqirefugees,0
Artikel baru saya tentang gunung kekerasan antifa dan kebohongan kiri bahwa mereka mencoba untuk lari dari.,1
mengatakan kata n jika Anda kembali putih berarti Anda kembali rasis dan mengucapkan kata f jika Anda kembali lurus berarti Anda homophobic idc apa yang u katakan,1
Joaquin phoenix performa dalam joker adalah apa yang ajaib penggemar berpikir robert downey jr kinerja dalam akhir permainan adalah,0
Jika pemilihnya mendukungnya mereka akan menjadi pengecut seperti dia. jika mereka tidak mereka perlu memilih dia keluar!,1
shitlibs menempel pada butir kebenaran ketika mereka mengeluh tentang pidato perusahaan itu hanya ternyata semua perusahaan mempromosikan kependetaan kiriisme anti whiteness dll mereka tidak bisa membuat koneksi,1
Kalian orang Jerman dan kami laki-laki di Amerika juga kita akan harus manusia dan menjadi pejuang perang salib ini musloid omong kosong benar-benar tidak dapat diterima,1
pengguna pengguna pengguna pengguna ya jika mereka adalah anak-anak ayam laki-laki vegan akan lebih di lengan anak laki-laki juga diperkosa oleh laki-laki sebelum untuk menyembelih karena mereka dimuliakan diaktifkan oleh laki-laki mereka ya laki-laki untuk,0
Kau harus mengindahkan semua peringatan.,0
Aku benar-benar ingin seorang gadis membuatkanku brownies;,0
Ini rencana genosida kulit putih.,1
dan kaum liberal bertanya-tanya mengapa kita tidak ingin transgender di kamar mandi kita?,1
- Ini seksi. - Jalang yang belum pernah kau buka.,1
dua ini fantastis!,0
Ada alasan mengapa orang Amerika tidak ingin Anderson lagi.,0
disana sekarang aku mentweet squaw dan negro nomor kali oh my lord shoot the squaw,1
mereka idiot fringe kanan. mereka dibenci oleh sebagian konservatif.,1
Mengapa tees putih begitu mahal,0
Sebuah seni yang menjadi pahlawan yang maju dari ajang maga singa perang alfa kita mengaum dalam wh! pahlawan super truf kita memilih merah menjadi yang paling viktorius warior pernah mengalahkan musuh kita menang! pembohong liberal politisi nwo kongres sekarang kita gov dalam persatuan yang mendalam wjt,0
Elizabeth warren mendanai tuduhan pelecehan seksual terhadap Kavanaugh url melalui,0
Conan Obrien mengolok-olok panggilan baru permainan tugas sementara terbunuh berulang kali.,0
Semua ini pria Afrika ingin lakukan adalah memperkaya Israel perempuan mereka ditolak shalom nya karena Israel pemerintah officals membencinya karena warna kulitnya,1
t dxx t hanya twitter nigga peduli tentang vagina berbulu. mereka negro saya fucked hari ini tidak gi;,1
Apa kita benar-benar bodoh sebagai spesies Eropa berubah menjadi lubang neraka yang penuh dengan muzzie tapi untuk kikes kerajaan yang akan menikah mari kita merayakan o anak,1
Bro u sampah pada zombie,0
lebih banyak anak kulit hitam yang terbunuh di ghetto oleh anak kulit hitam lainnya jadi bagaimana bisa tidak pernah ada protes ketika anak kecil yang tidak bersalah meninggal karena peluru liar melalui rumah mereka ya mereka tidak akan karena menghancurkan cerita blms dan kebenaran rasis,1
salah persen dari waktu dia di tempat tidur atau meletakkan matahari sepanjang musim panas dia hambar seperti sepotong kering roti panggang! ... terus bb,1
orang perlu pikiran mereka bisnis jalang ini internet. berhenti posting omong kosong maka,1
kata kunci downvote copy paste homo link andrew torba muting ass terbelakang fuck off,1
user same with albs loll im arab but white af,0
sebenarnya mereka adalah ryans sejati rasis berbicara bahwa adalah akar dari nama iran mereka sama sekali tidak terhubung dengan arabs ras,0
fuck off kike,1
vox baik-baik saja sendiri dan jika bola pacar Anda cukup drop baginya untuk muncul untuk debat semua orang akan melihat apa yang seorang pengguna monyet terbelakang benar-benar adalah dengan cara apakah Anda tahu apa jumlah yang akan membeli di thailand,1
pengguna menyimpan nama Kamala dari mulut Anda apa yang memalukan adalah mengubah nama India Anda dan memungkinkan orang lain untuk berpikir Anda putih apa yang memalukan adalah anak imigran dan kemudian mendukung xenophobia dan mengancam aliansi internasional,0
ctfu bagaimana terbelakangnya kamu bahwa nomor tahun kemudian keledai bodoh kamu masih berbicara tentang omong kosong seperti itu baru saja terjadi,1
Yall aneh di sini. cangkul palsu untuk perhatian,1
Hari ini jangan tinggalkan melihat kota terbakar di sekitar Anda.,0
shockley mencoba untuk komersialisasi desain transistor baru di s dan s menyebabkan california s silikon lembah menjadi panas dasar inovasi elektronik .,0
kita dapat mentolerir daging homo homo homos dan roh homo xtianes jika mereka lemari predilections mereka tetapi ras menyebabkan adalah tentang ras,1
Haruskah aku khawatir bahwa seorang wanita di belakang gedungku sedang berbicara dengan gagak?,0
Mr markle dan vagina harry baik negro pecinta,1
"Jews Israele berbasis cm menargetkan allsup, fuentes identitas evropa di antara banyak lainnya situs siionist mereka dijalankan oleh Afrika Selatan lahir Israel warren lapidus",0
"Jika kau mencarinya, itu akan memberitahumu bagaimana mereka melakukan penelitian yang benar.",0
Mereka tahu segera setelah mereka go public mereka berada di daftar pemecatan.,1
pengguna hitam dalam kekerasan hitam tidak mungkin orang kulit putih juga tidak pindah ke dalam untuk menyimpan sekrup simpan putih,1
Tutup mulut kotormu.,1
"ok, ive membuat posting hari ini memilih pada donie, jadi biarkan aku menyeimbangkan dengan satu di mendukung nya .... ingat bahwa bernie sanders berbulan madu di moscow karena ia mencintai sesama komunis begitu banyak. tapi, adalah untuk percaya truf terlalu dekat dengan Rusia",1
Aku rasa dia belum mendengar sesuatu yang disebut pencerahan itu?,0
pengguna salah bahwa sanders adalah komunis nazi ingin menjadi wtf,1
huh. tidak terlihat seperti dia biaya masyarakat banyak di sana. bahkan mungkin menjadi positif bersih. bisa kita anggap ini sebagai kontribusi yang baik oleh sebuah poc?,0
Anjing makan PR saya saya tidak melakukannya semua orang berbohong tapi aku dia mulai itu dia tidak cukup tampan untuk memperkosa presiden,0
haha orang ini di timeline saya mengatakan jalang di setiap tweet.hahaha im rollin di beberapa dari mereka lol,1
satu negro kecil kurang yang akan tumbuh menjadi negro besar.,1
"ok Anda mendengar tentang hal superman sepanjang waktu. dan Anda pasti sibuk, tapi, ini bisa menjadi kesempatan yang sangat baik untuk melangkah di, di film-film untuknya sebagai cavill adalah mundur!",0
Dunia kerd shitker lain di negara kita. Mengirim kotoran kembali ke negara dunia ke dunia asalnya Biarkan dia bekerja di sawah dan menarik gerobak keledai. Ini adalah hasil dari keragaman bs,1
laporan truf untuk memungkinkan jumlah pengungsi ke u.s. mereka tiba pada hari Jumat dan mulai karir modeling mereka pada hari Senin,0
truck harus penghargaan John McCins otak tumor medali kehormatan,0
untuk semua homies muslim saya tetap diberkati hari ini nomor nyata,0
mendapat di situs streaming inst saat ini mereka memiliki dua statistik yang mendalam atas hitam dan putih lebih terpisah hari ini dari beberapa dekade yang lalu dan mayoritas pemuda kelas menengah hitam turunan keragaman bergerak telah gagal,0
Silakan kunjungi website saya dan memeriksa video saya!,0
kau tidak baik pada pin!!!,1
Haha pussy,1
mengambil perjalanan pertama saya ke kota hari ini setelah mendapatkan lebih flu pada drive di saya harus pergi melalui sebuah lubang shtlim disensor ghetto tapi aku senang melihat toko baru tukang daging babi semir bagus,1
single karena sakit menemukan hoosier lucu untuk tanggal tahun depan; ; ;;,0
Apa benar dia berlari sebagai republik dan menyatakan Adolph Hitler sebagai salah satu pahlawan besarnya?,1
Mereka adalah orang Arab dan mereka telah diberi beberapa kesempatan untuk solusi nomor negara selalu adalah Israel,1
mengapa orang mengatakan jangan biarkan orang memperlakukan Anda seperti bintang kekuningan kuning? itulah favorit saya.,0
baik pengguna mereka tidak layak untuk dibayar pengguna tidak melakukan apa-apa tapi membantu alien ilegal,1
"Oh, baiklah. Lagipula dia homo.",1
lagu sedih keren tapi apakah Anda pernah mencoba menangis karena Anda punya roti gandum bukan putih,0
"Lihat pelacur make up yall, terlihat seperti hantu ketika kalian bangun pelacur",1
di Nazi germany hitler menggunakan pidatonya untuk menghasut dan menyebabkan kekerasan dari pendukung terbesarnya korban akhirnya ditangkap,0
Kau tahu Scott tidak peduli tentang pengendalian senjata. Dia tidak melakukan apapun untuk membantu anak-anak kita berjuang untuk valance stoppage senjata di Amerika.,1
lesbian vegan yang lebih tua memberiku nomor teleponnya di tempat kerja hari ini. Kurasa status anehku sudah jelas.,0
user bro mana saya holocaust clout datang pada bro silahkan bro,1
vaquitarina selamatkan vaquita ada kurang dari vaquitas kiri!!!!!! dia memadamkan!!!! tolong!!!!!!! menjadi suara mereka!!url!,0
kami pergi ke kebun binatang untuk memberi makan niglet,1
ras adalah konstruksi sosial goy tidak ada perbedaan melihat bagaimana indah semua wanita nsfw,0
igot ke tingkat sejauh ini pada flappy burung smh,0
"Mereka menertawakan orang kulit putih yang taat hukum, repot-repot untuk menikah, wanita yang suci.",1
grand pembukaan!;;;;;; kelas atas; pijat oriental; sempurna!;,0
"terakhir is inspired aloha snackbar flags untuk massa muslim akhirnya mengungkapkan kepada fanatik mereka, menipu, pengikut fanatik ... sekarang tersedia pada penjualan di masjid indoktrinasi muslim, di kota di dekat Anda. Seperti disetujui oleh ali bin pathagin obuma husse",1
Mereka hanya jumlah populasi dunia dan mencoba untuk berpura-pura bahwa obama jarrett Clinton tidak mencintai muzzies lebih dari Yahudi hanya lucu tapi Anda tetap laser fokus pada orang Yahudi ok seseorang harus tinggal di belakang,1
Aku menuju DC untuk memasang tanda di gerbang Gedung Putih yang tak akan membaca binatang negro buas di Gedung Putih !,1
Aku harus mengubah hidupku dan aku merasa seperti awal yang baik,1
iran dulu adalah persia ditaklukkan oleh islam orang adalah budak,0
Sonnen adalah homo,1
pelacur benar-benar akan menonton Anda dari account spam dan mereka hgs halaman lmao silakan mendapatkan kehidupan,1
"catatan untuk diri mendidih air panas, otak monyet",0
dese dua lesbi pada fb arguin posting di masing-masing foto panggilan satu sama lain sb den jelek berkomentar Anda semua memiliki tanggul off im ctfu,0
"Partai Republik tak berundang telah mengubah negara ini menjadi negara yang buruk tanpa keadilan tanpa kewenangan untuk menegakkan hukum kita lagi, Potus dan Senat McConnell menyatakan bahwa mereka berada di atas hukum kita tapi rakyat jelata warga harus mematuhi hukum",0
homo,1
Aku pikir keren mereka bisa berbicara omong kosong tentang Anda di twitter tapi segera setelah Anda melakukannya oh Anda jalang lumpuh tumbuh jalang tidak Anda tumbuh tf,0
dua lesbi liberal mengubah anak laki-laki mereka menjadi seorang gadis ini adalah kelompok pertama orang yang akan dimusnahkan di bawah hukum syariah super lucu telah liberal cinta minoritas dan muslim,1
"Anda dapat mengambil negro keluar dari hutan, tapi tidak bisa mengambil hutan keluar dari negro!",1
keragaman berarti membawa lebih banyak imigran yang berbagi ideologi politik kiri yang benar sehingga kita dapat memiliki pemikiran yang lebih terbuka dari opini kiri lainnya,0
"Hai Charlie, semoga harimu menyenangkan.",0
"Ya, jalang. berantakan.",1
wow orang ini benar-benar terbelakang ia menganggap sosialisme rasis menjadi pidato kebencian ketika dipraktekkan oleh orang kulit hitam tapi itu ok jika dilakukan oleh orang kulit putih ini begitu bodoh saya tergoda untuk mengatakan hal ini adalah subhuman dan wignout klaim yang valid untuk hak,1
Aku akan mulai memanggil orang-orang dan mengapa mereka melakukan hal-hal terbelakang,1
"Ooh, sial! Terlihat seperti pelangi! Semuanya cantik dan kotor!",1
oh ya. fanatik politik tentu dalam mode sirka.,0
protes yang dilaporkan di Sunderland kecuali ini adalah penggemar sepak bola dan satu bendera mengatakan Westbrom di atasnya?! semakin buruk sekarang bahkan seperti yang saya ketik?! maga mbga mcga patriot konservatif muslim farleft leftists pasti akan kalah tapi tidak menyadari itu sipil,0
Connecticut SMA pada penguncian setelah anggota staf mengancam membunuh semua orang kulit putih... ketika panthers memberikan perintah saya akan mengambil sebanyak yang saya bisa.... orang bekerja sebagai koordinator suspensi inhouse. jaminan ditetapkan di k,0
Dia pasti pria kecil yang menggemaskan.,0
video seluruh media akan mengejek. saya seperti cengeng,0
"salah satu poin yang arogan dari truf malam ini adalah ketika ia mengusir dua demonstran. ia harus telah memberikan mereka respon yang lebih bermartabat. setelah semua, dia presiden mereka untuk.",0
Ya ampun... benar-benar...colusi sekarang dengan Korea Selatan Utara?,0
Guurrilll!,0
Aku mencari wanita berkulit putih untuk bicara dan bergaul jika kau ingin bergaul atau bicara pm aku tinggal di austin texas. mencari gadis wp di mana saja dekat austin.,0
lim omy ke film sekarang dan aku benar-benar akan menampar menyebalkan jika mereka berteriak atau kotoran.,1
Permainan kicca gear gearku semua buruk lol,0
Uuuuh henlo,0
pengguna pengguna pengguna kulit putih supremasi telah membuat daftar online orang Yahudi karena setidaknya nomor itu tidak apa-apa baru itu selalu menjijikkan sehingga Anda akan memaafkan saya meningkat kurangnya perhatian menghancurkan pukulan fash nazi,0
Sjw liberals swedens feminizing boys with genderless school url via,0
satu-satunya aib mendalam dan penyalahgunaan hak adalah keberadaan Anda dalam relativitas. bahkan generasi sebelum saya tahu siapa Anda rae. oportunis kehidupan rendah. pemerintah atas orang-orang. mengisap penis liberal Anda alt kiri nazi!,1
"bukan seorang nordikis scandinavia adalah homoseks, dan saya tidak bisa berdiri untuk itu. saya hanya memberikan kredit di mana itu karena. ketika datang ke kebersihan, kejujuran, korupsi, kejahatan, inovasi ilmiah dll. mereka jauh di atas obat-obatan. pergi mengambil pantat Anda terluka di tempat",1
"dia mengatakan ben, ben, kapan sih yang akan Anda lakukan sesuatu yang lebih dari sekedar tweet omong kosong tentang djt?",1
pengguna malaskan rahang jari-jari jari sambil menyeret mulut ompong tanpa gigi di redneck berdarah backwoods udik tak berpendidikan bahwa partai republik,0
satu !!!!!! per county ........... benar-benar memilukan.,0
Aku yakin dia khawatir. Beri aku istirahat. dana melakukan pekerjaan. Anda tahu di mana Anda mencari nafkah dan membayar untuk kesehatan Anda sendiri dll. Anda tas kotor yang bahkan tidak mandi menangis tentang kontrol senjata harus mencobanya.,1
Dan itu Charlie.,0
mereka bisa saja orang yang berlibur.,0
Itu adalah menghancurkan mimpi yang paling menyakitiku,0
Aku tidak punya apa-apa untuk melawan Patrick tapi opini pribadinya tentang lumpur tidak penting bagiku,1
"abc masih menulis buku tentang cara mengendalikan berita selama enam puluh tahun dengan menjaga bibir yang rapat. betapa bijaksana! Lebih sedikit kata-kata yang lebih baik, pasti ketika datang untuk menutupi teman-teman mereka.",0
Bagaimana dengan orang merah? Indian merah adalah warna.,1
oy vey dia mengubah saya menjadi kike ffs,1
kebebasan berbicara bukanlah pendapat dan pidato tertentu yang baik harus dihukum ilegal beberapa tahun penjara dan untuk terutama keji pidato kematian kebencian hukuman mati jadi tutup mulut homo,1
sajak homo dengan gag.,1
Hanya pelacur gemuk dan pelacur datar hari ini Wackkk,1
itu benar-benar membingungkan saya bagaimana seseorang bisa rasis homofobia transfobia islamphobia anti semitik dll seperti bagaimana dan mengapa,0
Kau pengkhianat korup pembohong!!! Tidak ada yang ingin mendengar lagi kebohonganmu!!!!!!!!!!!!!!!!,1
Aku jalang Anda menekankan saya tf keluar,0
"Ugh, sampah putih.",1
idiot alasan lain untuk tetap keluar dari muzzie diduduki sweden Swedia sudah gila,1
u got hogs tho; werd ; where ;,1
Ini adalah kartu pengantar untuk menunjukkan konstituennya bahwa dia berjuang agar dia bisa terpilih kembali. Saya pikir ini akan menjadi bumerang terhadap demokrat. Saya harap Anda semua menonton keadilan ginsburg amp; thmas satu cspan mengatakan bahwa nominasi ini adalah tampilan konyol,0
karena ini waktuku dan hidupku kalian semua haha apa yang mereka terdengar seperti aku kira jadi aku rasa,0
Aku setuju dengan ini bukan berarti itu penting karena aku adalah orang kulit putih.,0
"Oh, aku pasti akan mengambil sepatu sebelum aku menginjak seekor niglet dan tidak akan mempermalukan presiden truf atau hitler",1
itu menjadi lambat ditargetkan jumlah twitter tempat angka batas pada nomor rekening parody masalah perusahaan ditargetkan pedoman penyalahgunaan dalam menanggapi gelombang yang tinggi profil pelecehan nomor twitter larangan ancaman terorisme mempromosikan kekerasan terhadap orang lain twitterpurge,0
untuk jumlah miliar orang jesus membiarkan Yahudi memerintah timur tengah membiarkan mereka memperbudak kaum muslim dan membiarkan sandniggers menderita mengapa begitu fucking sulit untuk memahami,1
Pergi dari sini dan pergi taruh tinta sampah lagi di pantat bancimu,1
i think negara lain mengikuti orang maga muak diserbu amp; maka harus membayar untuk itu semua!,1
Thanksgiving adalah hari besar shitposting untuk memicu shitlib neurotik tapi kau tahu apa yang saya akan menyimpan bahwa untuk homo atas pada twatter pada semua bahasa fam bahagia dan diberkati liburan mengambil saham berkat Anda dan bersyukur terima kasih terima kasih terima kasih,1
Kau bukan siapa-siapa yang mau bercinta denganmu.,1
Tentu saja maskot yang lebih baik dari pantat bodohmu terima kasih telah membantu musuh.,1
tidak ada yang baik di tv dan yang makan bola mereka inning masuk besar.,0
kita adalah bagian dari kelompok etnis thracoceltic.,0
kike matahari emas bersinar seperti shekel baru dalam oven besar ini,1
gratis otot gay anime gambar mainan seks terbaik rumah tangga seks perubahan tes,1
Kau malu pada partai Republik! Senang kau mengambil jalan keluar pengecut dan berhenti!,1
stg saya fucking benci gadis kulit putih yo,1
ok tapi tolong mengertilah bahwa saya bukan salah satu tentara murtaj dubakoor. Saya hanya mendukungnya untuk hal-hal tertentu. Saya mengerti apa yang Anda katakan dan saya tidak mengerti bagaimana dia telah selamat dari sampai titik ini. bagi saya dia tidak cocok untuk pemenang gelar.,1
tidak bisa bermain permainan wit deze niggas atau bitches ;,1
menonton saya menangkap pesawat untuk Hungary hanya untuk mengalahkan pantat Anda,1
Celah permanen di alis saya dari ketika saya jatuh ke bawah pemutih ketika saya masih kecil .... saya tinggal di er,0
sup niggar i spent number years in an all black school i walked the walls my first crush wasn t white,0
"Ada presentasi solar hari tu sembang banyak pasal bagaimana matahari baik untuk menyimpan planet, comission dll pastu kena das Anda tidak memberitahu saya tentang semua ini merasa hal yang baik, saya ingin tahu apa keuntungan dalam melakukan semua ini.",0
juga omong kosong tapi twitter bilang dia baik,1
tidak ada simulcast hari ini terlalu sibuk. .,0
i watch obama selama aku bisa perut dia hanya untuk lol tertawa dia menyetujui dirinya menjadi lebih dari narsis setiap hari! dia begitu penuh dirinya a.k.a. penuh omong kosong! menggantung dia,1
"Persetan kau homo brengsek, parasit kike anti putih c, kami akan menghapusmu dari muka bumi ini, kau sebaiknya berdoa agar tidak ada perang segera.",1
"orang-orang berpikiran sederhana adalah jiwa atau mereka dilahirkan untuk menderita karena perbuatan kehidupan masa lalu, aku bersumpah...",0
statistik tidak berbohong seorang pria kulit hitam yang menikahi wanita kulit putih dan memiliki anak-anak dengan yang mengatakan perempuan kulit putih meninggalkan mereka berdua lebih dari jumlah waktu,0
semua hal yang Anda sebutkan berarti apa-apa bagi mereka yang mencintai negara kita! kebebasan kita dan negara berarti lebih bagi kita dari apa pun dunia ini maga kap url,0
Omg ya hal adalah bahwa ada dapat menjadi kisaran besar harga untuk item yang sama saya pernah membeli tas untuk rm tapi saya juga melihat toko lain menjualnya untuk rm seperti wow,0
dapat e g Asias hanya kode dalam unicode karena simbol jika tidak bagaimana mereka menangani ascii,0
Tunggu. Apa yang di muda vagina kemunafikan,1
pengguna pengguna pengguna pengguna yang overseksualisasi dari nomor identitas aneh homofobia listrik boogaloo,0
multikulturalisme itu bagus jika kau ingin diperkosa oleh sandniggers makan makanan dengan kotoran di dalamnya,1
oke gabfam kita tidak mendapatkan apa yang kita inginkan membiarkan membakar jalang ini turun oh tunggu bahwa apa sisi lain tidak,0
cintaku . . . . . . kau disana,0
tidak ada alasan untuk memukul dengan Anda ketika saya tahu Anda pus saya tidak akan mendapatkan titik keren,1
Aku berharap melihat ini setiap hari.,0
"pada tingkat ini, ld bersorak untuk yankes New York mengerikan atas st. louis kardinal.",0
gunakan bakat apa yang kau miliki di hutan akan sangat diam jika tidak ada burung bernyanyi kecuali mereka yang bernyanyi terbaik.,0
pengguna pengguna apa wigger butthort,1
"Tapi serius, satu-satunya alasan aku menggunakan mega apapun, murni pilih kasih. Juga sayap fuzzy yang manis.",0
Beritahu anak itu dia cangkul saya baru saja memanggilnya,1
Aku bangun di tengah malam dan meminum jus jeruk langsung dari botol. Maaf ibu.,0
Mereka membangun pantat putih untuk itu.,0
Aku tak mau bergabung dengan antifa.,0
Bill Maer adalah seorang pos terkenal!,0
menjelaskan sejarah Kristen sebelumnya Raja-raja Inggris iman juga masa lalu raja Yahudi memegang wanita sebagai properti laki-laki bagaimana untuk melindungi beberapa wanita dari hukum perkosaan alam memungkinkan pria untuk memperkosa perempuan tidak menganiaya seorang pria istri seperti tidak menganiaya kudanya,0
"Sementara semua outlet ini telah kita cari di sana-sini... Cina baik, adalah menjadi diri yang sama... komunis",0
Musim lain untuk tom brady untuk memberikannya kepada niggas,1
Selamat datang di klub yang kuposting tentang pizzagate holocaust kebenaran mitos untuk mendapatkan kunci acct saya tidak akan menarik kembali satu kata sehingga tetap terkunci selamanya sampai twitter mati,0
pengguna saya tahu Anda terbelakang tapi saya tidak tahu itu sudah seburuk ini,1
"Aku juga mengerti bahwa itu bukan penghinaan tapi cara bahasa Inggris digunakan, itu tidak bisa Msutu tapi harus umsutu yang dalam bahasa Inggris akan diterjemahkan secara longgar ke dia adalah mosoto dan dalam sesotho akan menjadi ke mosotho,",0
Astaga. Antifa adalah sekelompok homo.,1
Anda hanya marah bahwa saya troll seperti bos yang kebetulan menjadi pengguna wanita berpikir saya bukan tingkat dihadapi kike atau lebih buruk saya akan pergi dengan naluri,1
konservatif adalah bodoh kotoran anjing adalah titik pusat tweet saya,1
Sebenarnya cukup mudah. Aku hanya kasir. Sekarang aku sedang memakan kerupuk hewan itu.,0
cuaca ini untuk tanggul jadakiss,0
"Anda adalah pelacur kecil, microchip",0
Terima kasih Charlie!!,0
mundur atau sakit..... il....... sesuatu yang buruk! aku serius!!!!,0
pengguna bagaimana tentang dia pertama kali menghadapi semua wanita yang dia perkosa dan meraba-raba dan disalahgunakan Anda menuntut hak yang terlalu,0
dari wanita yang tidur di jalan ke panggung ...,0
pussy baik; adalah seperti obat;;,1
"Aku beruntung bertemu beberapa orang Afrika di masa lalu dan aku berjanji bahwa hitam adalah kanker terburuk di dunia, mereka siap untuk menjual adik mereka sendiri sehingga Anda dapat membayangkan apa yang akan mereka lakukan dengan negara kita ..",1
biseksual nomor lesbian menjadi tahun kami,0
Ini adalah contoh yang bagus dari bagaimana msm memutar kebenaran sesuai dengan narasi mereka...,0
germo naik cangkul bawah!!,1
Dimana Bernard Goetz saat kau membutuhkannya ?,0
have the mods refused it ?,0
tidak ada lagu yang aku dengar bagus adalah apa yang saya maksud dengan sampah hes,0
pengguna Anda gay,0
ya aku berlari di atas tupai dan kokon,0
Booo. hooo hoo yang membesarkan anak-anak manja ini?,1
lol shoo shoo Anda termasuk dengan negro pasir,1
"Pesta berikutnya di ballroom Silverdome di Neillsville, dua kali dengan Charlie Parr amp; keponakan gelandangan dari paman Frank!",0
Tuhan memberkati dengan kebijaksanaan hakim dan juri terhadap kelompok preman ini bahwa mereka semua mungkin digantung.,1
Bahkan burung-burung berpikir bangun pagi hal ini adalah bunk.,0
Aku ingin tahu apa yang fatso telah untuk makan malam hari ini lollers roanna pai ikan i think,0
Charlie menggigitku.,0
Dia maaaad menjengkelkan!,1
"Aku tahu bagaimana perasaanmu, tunggu, tidak, aku tidak tahu. Minggu yang sempurna bagiku akan menjadi aneh tidak mendapatkan gopats lee gosox",0
Mendengarkan gavin mcinnes berbicara tentang mengapa orang kulit putih harus mengadopsi niglet membuat saya secara fisik mual,1
kita tidak pernah benar-benar berhasil untuk menonaktifkan salah satu kapal selam nuklir kami mengatakan untuk mempertimbangkan rencana untuk memo trisula program retrain pekerja. harus itu dihapus?,0
tidak ada perbedaan nyata antara partai. itu adalah sirkus. mereka semua melayani globalis.,1
negara-negara ini tidak akan mengungkapkan metode dan kemampuan mereka untuk truf meskipun tidak diragukan lagi pm Australia akan tergoda mereka membenci pantat putih mengkilap tetapi mereka tahu dia akan pergi segera dengan atau tanpa bantuan mereka,0
FBI tidak perlu menyelidiki.,0
mengejutkan. mempertimbangkan sebagian besar negara ingin kontrol senjata cerdas. bukan liar barat seperti Anda espouse.,1
user lol he a classified cangle,1
pengguna tetapi central centrus etnis telah benar-benar terjadi di pakistan hindus yang wr persent di barat di nomor hv telah berkurang menjadi persen thru membunuh n konversi werleman munafik tidak pernah peduli untuk mempertanyakan teroris karena ia berpikir seperti jihad,0
pengguna pengguna masalah adalah negara-negara ini memberikan fu untuk hak asasi manusia sehingga di negara-negara muslim seperti kaum minoritas pakistan seperti rusa betina sikhs sakit memperlakukannya semacam pemerasan dan kita sekuler,0
contoh kelas. kelas besar.,1
hapus sekarang kau pantat jalang nigga ot jika redskins mengalahkan kita aku akan menghapus ig sialan saya,1
berteriak kepada siapa pun yang menemukan saus panas,0
dia normalisasi,0
menarik karena kau meninggalkan tidak hanya mengancam kita tapi secara teratur menembak kita. Aku ingin tahu apakah mungkin Mr. Swalwell tidak allin pada kekerasan terhadap konservatif. dia tentu tampaknya selalu mengabaikan proppor itantiffa misalnya.,1
tidak yakin mengapa homo seperti komunisme saya kira berpikir bahwa semua hal akan menjadi umum properti turkish mandi untuk selamanya,0
Kebebasan dan keadilan untuk semua rt pergi mendapatkan saya negro sandwich atau sakit membunuh Anda,1
vagina saya rasanya seperti pepsi cola;,1
alasan lain dia keji,1
Seseorang bertanya apakah davido tidak seharusnya berada di kamp? Madam Park oga baik!!! bisnis davidos bukan urusanmu. na u mengirim sekolah pergi? haters... memotong kotoran n mati,1
palestine adalah nyata itu bagian dari syria palestia nama yang Romawi berikan setelah mereka memukul turun pemberontakan Yahudi di abad pertama iklan awalnya disebut judea tapi yakin sebagai kotoran tidak ada negara raghead atau bahkan negara sama sekali,0
Astaga,1
kevin teman adalah lelucon sialan wasit munars,0
Aku suka wanita karena lembut dan cantik dan mereka wangi meskipun mereka robot,0
"dalam hal ini, Francis berarti pendeta yang memperkosa pria itu ketika dia masih kecil.",0
karena berperilaku seperti orang beradab dan berpendidikan adalah untuk putih untuk negro.,1
Nomor kita semua tahu bagaimana rasa takut dan keamanan mengambil alih akal umum objectivity truf tampaknya takut dari semua wanita demokrat tunawisma orang-orang di gilirannya mereka takut dia ke titik di mana ancaman perang saudara atau dieksekusi untuk pengkhianatan dipercaya,0
Aku tidak percaya,0
pengguna srj menakuti mereka dengan handuknya,0
Dalam perjalananku untuk bercinta dengan pelacurmu atas nama Tuan.,1
"Update coleganian berpakaian sebagai teletubby kuning akan menghadapi biaya untuk breakin, pencurian sisa makanan Cina ...",0
dan apa yang membuat Anda seorang idiot kabar angin menjajakan apa yang adalah kike tetap apa label i tempat atas jenius Anda bagaimana petani,1
Aku tidak percaya pelacur yang menari di Victoria secret lol,1
Jadi apa masalah yang Anda coba untuk menasihati? tidak bisa cukup mengerti apa yang Anda coba katakan!,0
Mengapa begitu banyak orang Indian setengah ras latin latin tinggal di losgeles? tidak satupun dari mereka memiliki hak sama sekali untuk berada di sini.,1
Dia benar-benar harus pergi. Bicara dari kedua sisi mulutnya. Cium pantat!,1
aku setengah kentang negro jadi aku tidak diterima di sini lagi aku harus kembali,1
"Selamat, Anda sama seperti yang lain terjebak up materialistis Amerika jalang.;",1
tidak bersalah sampai terbukti bersalah! saya pikir waktu telah habis ini! dan personil saya pikir dia berbohong! dan seseorang membayar dia untuk berbohong!,1
frag a sand nigger for jesus it the right thing to do,1
amo hangs,0
bajingan. saya harap saya tidak mendapatkan e bola sebelum saya bisa naik harley saya di sturgis.,1
Kau di sini!,0
Aku tidak akan menahan orang yang membunuh temselves sebagai pahlawan pada dasarnya apa yang saya maksud. Saya pikir itu adalah hal yang salah untuk dilakukan.,0
ok di mana trailer permai adalah ini lelucon sialan i m begitu dilakukan,0
Sebagai anggota sepenuhnya diberikan dari klub yang sama mengerikan Anda selalu dapat mengandalkan homo ke sisi dengan aborsi pembunuh dalam tampilan bergerak solidaritas antara terpisah tapi sama papan dalam budaya ireland kematian,1
Yahudi bagaimana berani mengalahkan mengatakan shithole ia menelepon imigran asing kotoran yang antitetik untuk patung puisi kebebasan normicon tapi puisi menyebutnya menolak celaka yang terdengar banyak seperti kotoran tbh saya mulai berpikir tujuan Anda adalah untuk mengimpor kotoran Yahudi anti semite,1
ya kotoran menyebalkan thats mengapa saya berhenti menonton anime sebagian besar,1
mendeportasi semua alien ilegal dan menggantinya dengan membawa kembali orang Amerika putih dari luar negeri itu akan melakukan keajaiban untuk demografis putih percaya padaku,1
Orang-orang begitu cepat bicara omong kosong dengan pelacur mereka akan mencium pantat.,1
membuat priv sehingga saya dapat memanggil pemain negro,1
Brittany mocha kesalahan venti adalah negro Anda mencintai negro menabur dan akan sisi dengan itu atas putih sesama Anda ya aku masuk alam semesta alternatif atau sesuatu di sini saya pikir Anda mencintai ras Anda dan membenci shitskins namun di sini Anda menyatakan sebaliknya,1
memeriksa semua orang kulit putih membuat komentar pro israel www.facebook.comphoto.php? v,0
melihat niglet bermain negro di tengah jalan hanya bagian dan bingkisan hidup dalam masyarakat multiras,1
bercinta Anda sampai pelacur sialan vagina,1
Aku benci sekali membuat kasus ini bahwa wanita tidak boleh terlibat dalam politik ferminist govt adalah lelucon SMA Swedia mempekerjakan muslim migran sebagai penasehatnya dia melakukan apa yang muslim lakukan untuk anak-anak,1
Mengapa blow porno penuh hanya muncul di tl saya yang salah satu dari Anda negro,0
Kedengarannya seperti dia bergabung dengan antifa gov. dari negara wa baru-baru ini mengambil sikap anti polisi tidak akan menandatangani sertifikat mengakui penegak hukum atas untuk polisi kompetisi perang keunggulan unggul garis biru pendek maga biru rendah penegak hukum,0
pengguna saya tinggal di ghetto kecoa up sebelum saya,0
gelombang biru kekerasan histeris Blue Wave of kekerasan,0
Aku selalu menyerang pengacara. Aku melayani juri sipil dan juri ingin aku memutuskan kasus ini dan terus memintaku untuk menjelaskan instruksi juri.,0
rex tillerson sepenuhnya menyadari bahwa setidaknya 50 tahun pramuka sedang dilecehkan secara seksual oleh homoseksual memimpin dorongan untuk membanjiri pramuka dengan terang-terangan pramuka gay fuck tillerson mungkin dia membusuk di neraka,0
dan sekarang klip ini menunjukkan mereka menderita dengan harus hidup di antara kejam dan barbar putih.,1
pengguna Anda benar-benar akan mendapatkan diperkosa oleh saudara bayern,0
Kata burung adalah jaminan penyelamatan,0
rt thotgoals.. rt saya ingin belajar bagaimana menari benar-benar baik sehingga saya bisa berada di lingkaran.,0
pengguna pengguna pengguna pengguna ini gadis terbelakang saya bersumpah kepada Tuhan semua argumen nya runtuh setengah,0
oh ya. dia pengecut.,1
Aku tidak percaya berapa banyak orang kulit putih yang berbisnis menggunakan MLK sebagai model protestor ketika dia dibunuh oleh supremasi putih,0
Aku membayar mereka ketika aku diperkosa di florida,0
lol seolah-olah jumlah ini iq pasir negro memiliki lembaga untuk mengatur kampanye politik global untuk memungkinkan mereka untuk menyerbu semua negara putih,1
pergi dari sini!,0
pengguna pengguna sayangnya saya telah menyaksikan Kekristenan dinyatakan sebagai totaliter dan dogmatis dan terus terang menjijikkan seperti Islam oleh pengungsi tetapi mereka berada dalam minoritas dalam arus pengungsi saat ini yang bisa berubah meskipun,0
demokrat kontrol senjata dan penembakan massal data ditentukan untuk penipuan. demokrat adalah pembohong sekali lagi.,1
liberal sangat sensitif sehingga mereka akan percaya oke tanda rasis url,1
Kontrol senjata mengenai target di mana kau bermaksud untuk mengenainya. Karena demokrat ingin menyerang hak-hak orang lain.,0
pengguna video yang baik menunjukkan apa yang muslim dan islam lakukan untuk sebuah negara membawanya kembali ke batu deportmerkel deportislam deportregressive left,1
ilmu sebenarnya membuktikan otak anak tidak dikembangkan meminta tiga belas tahun untuk membuat keputusan menyetujui untuk berhubungan seks dengan orang dewasa adalah murni katering dalam negara untuk islam dan pedofil,1
mereka akan retak negro tengkorak dan tengkorak angkatan laut,1
"Ingat dalam jumlah besar muslimran takeout di uk, anak-anak dan masih diperkosa di lantai atas setiap hari. polisi tahu, guru tahu, dokter tahu, apoteker tahu. inilah sebabnya uk menghadapi sendiri tianmen persegi saat dan melarang",1
bebaskan adikku turt dan gro bitches,1
"Uang global pertama, segala sesuatu yang lain akan mengikuti.",0
dan sangat mengejutkan dan mengecilkan hati untuk mengamati berapa banyak orang kulit putih pengecut telah memilih pilihan kedua. mereka lebih suka anak-anak mereka menghadapi kepunahan di tangan kaum muslim yang brutal dan subhuman daripada dilihat sebagai rasis.,1
butchgogilatidaktidaklevelzdisshit lapar kemudian phat ho pada ig diet,1
Anda tidak harus muslim untuk membantu Akash Anda hanya harus menjadi manusia bulan darikashmirshutdown,0
Sepertinya london muzzies merasakan kebun obat mereka sendiri,1
teman sekamarku ingin cewek fil a dan kami baru saja menyadarinya hari Minggu dan jalang ini akan mengatakan fuck mormons,0
pengguna pengguna pergi satu lebih baik dan membiarkannya keluar biaya gratis ke beberapa pengungsi timur tengah,0
dan di sana kami pergi ... jadi menurut beriman maga kavanaugh tidak bisa mencoba memperkosa dr. Ford karena pengacaranya memberikan sumbangan ke . idiot url,1
dia tumbuh cepat,0
itu jalang ingin semua orang keluar meskipun .. itu kotoran yang sama dia lakukan untuk saya di satu titik,1
Carter adalah presiden terburuk satu semester sampai H lulus untuk gelar itu oleh oba presiden rasis hitam pertama kami! agak seperti black Jefferson davis!,1
Dia pengkhianat ras.,1
Meskipun istilah feminis benar terkait dengan pria lesbian jelek gemuk membenci teragan istilah anti feminis dikaitkan dengan ketidak-berdayaan dalam kenyataannya namun musuh terbesar perempuan selalu feminis yang umumnya aneh menentang biologi dan sifat perempuan,1
dan pelaku kekerasan rumah tangga mengalahkan rasis dan mereka berdua mendapatkan jutaan untuk pertandingan tunggal olahraga sia-sia sekarang kembali ke kehidupan kami teratur dijadwalkan,0
mungkin bertahan untuk waktu yang singkat tapi akhirnya masalah besar akan berkembang.,0
donald trump adalah lelucon sialan,1
Kabar baiknya adalah marxists memiliki para ahli marxifier daners Breevik membutuhkan tembakan nomor untuk membunuh nomor bernie bro di lapangan gop bola tembakan nomor putaran membunuh moslem copenhagen memiliki jumlah putaran yang ditembak dengan hanya satu mati yang bukan target kartunis,0
guru bodoh berbicara seperti dia terbelakang,0
Blackguard berpura-pura menjadi barbar di surga,0
fuck sekelompok amnesti setiap terakhir imigran ilegal ini perlu dikumpulkan seperti kawanan ternak dan dikirim kembali ke shithole negara mereka berasal,1
tiga film i datar tidak akan pernah menonton dalam dunia luar yang mahaindah tokoh-tokoh tersembunyi panther hitam tiga film saya sayangnya tidak menonton dan merekomendasikan Anda tidak membenci delapan jedi bentuk terakhir air ingat sesama kerupuk hanya mengatakan tidak untuk kike propaganda,1
pengguna pengguna sebenarnya dia menghina saya pertama Anda di jalang kiri dan memanggil kami rasis hanya karena kami tidak percaya pada memungkinkan imigran ilegal ke negara ini Anda orang benar-benar membutuhkan bantuan,0
Bahasa Perancis untuk kentang diterjemahkan sebagai apel bumi pisang adalah apel pohon kuning panjang. Kapal selam adalah besar berongga apel kaboom.,0
pengguna yang saya jamin Anda akan berada di jajaran jihadis jika dia tidak pemerintah berafiliasi pada tingkat apapun maka ia pasti akan jihad berafiliasi diam-diam atau tidak,0
pengguna lahir kembali muslim adalah bahwa seperti sosialisme baru,1
ketika cangkul kembali ke akarnya,1
kerajaan jahat menyerang kembali,0
pengguna maksudmu imigran ilegal,0
Aku pikir Lisa akan menungganginya? Dia memang brilian,0
melemparkan saya di tempat sampah,0
mati dalam penembakan massal di gedung bank kelima di pusat kota cincinnati. dalam negara berita palsu aktor krisis waspada!! senjata kontrol omong kosong..,1
"Ya, benar menyakiti dirimu sendiri.",1
Dia berkeliaran untuk bercinta dengan Anda menyebabkan beberapa yall cepat untuk memanggil mfs coons untuk perselisihan kecil,1
baik saya tidak menggunakannya lagi dan id seperti dslr im hanya jalang bangkrut jadi ya,1
Aku bertanya-tanya kapan akhirnya tahu bahwa Tony memiliki cucu yang bodoh atau anak gay,1
Aku yakin ada banyak liberal yang lebih liberal dari jenis yang konservatif bisa memiliki percakapan nyata dengan dan sebaliknya daripada yang akan mengakui. Komunis pekerjaan gila menakut-nakuti kotoran keluar dari semua orang.,1
Aku bukan negro pasir hanya negro biasa yang benar,1
Kamehamehaaaaaaa jalang.,1
beberapa wanita diet selama beberapa minggu kemudian mereka menipu membunuh pembenci dengan mencintai dan memaafkan mereka,0
Jadi kenyamanan Anda lebih penting daripada kebebasan ekspresi bahwa sesuatu homo dan bimbo berpikir,0
mobil putih hitam warna berpikir dia tryna menyembunyikan dia mengatakan dia harus bebek cepat Lauriana,0
tidak apa-apa menjadi putih hitam lurus atau gay tapi itu tidak apa-apa bagi Anda untuk berhenti di lampu kuning ketika kita berdua bisa fucking berhasil,0
"satu hari lagi sampai kalkun, itu akan menggigit saya di perut, baik siap untuk stuffing, kita akan basah kita;",0
pengguna apa yang penting bagi saya anak-anak kulit putih saya yang hidup dalam ketakutan setiap feminazi gila di negara kita yang ingin sakit pada mereka meskipun mereka tidak melakukan apa-apa untuk layak itu anak-anak saya penting,0
mereka adalah obstruksiists. antiamerika. pharisees. tanyakan pada mereka apa yang mereka jalankan dan kau tidak mendapatkan apa-apa. Maga!,1
Sudah saatnya kita handonus harus berpikir bahwa ini muslim kotor harus diizinkan untuk tinggal di sini atau tidak Kamleshtiwari ypg ramalan Anda,1
"Mereka hanya akan mengunjungi perangkap turis biasa di London jadi mereka yakin akan baik-baik saja, jika tidak, mereka sudah diperingatkan.",0
pengacara aneh dalam tanduk besar nakal seperti terhadap kelinci,0
Bisakah kau memainkan menit Charlie Brownwahwah efek suara orang dewasa?,0
demokrat begitu putus asa semua mereka ppl mengancam kolin sen berasal dari ca. mereka akan melakukan apa pun untuk menunda atau menghentikan konfirmasi dan pemilihan kembali adalah pada baris dia putus asa. ppl apl amp; gop cukup menyadari apa yang sedang terjadi.,1
Jai mungkin akan muncul di pesta... cinta yang homo,1
Dia tidak diterima di Washington State atau Nashville. Serpas adalah sampah lurus.,0
"bayi sakit berbisik nama viet kepada Anda semua lembut seperti, ching... chong ting o panjang...",0
Dia kehilangan jiwa! Ayahnya memukulnya dengan sangat baik!,1
Orang liberal pagi dan mereka selektif yang marah.,0
Kau kehilangan aku ketika kau memberikan hak istimewa untuk wanita lain merasa seperti dia mendapatkanmu bagaimana aku mendapatkanmu,1
"telah menjadi anggota dari anak-anak scv dari konfederasi veteran selama bertahun-tahun ... saya merasa seperti jijik dan kebencian untuk ini tidak bisa bahkan memasukkannya ke dalam kata-kata. pada kenyataannya, kata-kata bahkan tidak diperlukan atau sesuai untuk tindakan tersebut, .... hanya tali.",1
wanita muslima pengguna,0
pengguna bersumpah kepada Tuhan rasisme paling kebencian yang dialami oleh minoritas disebabkan oleh putih dan Asia,0
Siapa yang memberi izin surat perintah penggeledahan rumah Mr jean? rasis bagaimana dengan tes obat-obatan nya. ini adalah pembunuhan premediated. dia tidak akan difitnah. dia adalah korban.,1
mengumpulkan homo dan lesbi adalah tempat yang bagus untuk memverifikasi kegunaan amunisi termobarik,1
menonton kejar-kejaran polisi socals liar melalui,0
did day kill dem injuns ?,0
Aku tahu sebelum nixon adalah apa yang hanya putih dan hitam dan orang Asia seseorang memutuskan mereka harus dikelompokkan seperti mereka khusus,0
Aku pikir kau sedang dalam mood buruk dari mengunyah vagina berbulu.,1
Apa kau curiga kalau menyalahkan Yahudi untuk semuanya artinya mereka adalah seorang Yahudi?,1
jangan pernah mencoba untuk membuktikan diri kepada siapa pun jika mereka ingin membenci Anda mereka hanya akan menikmatinya,0
pengguna untuk mengatakan apa-apa dari proliferasi pihak nazi pasca dinding jatuh versus ketiadaan sebelum,0
horny remaja dm saya untuk perdagangan gayteen gaytrade gaysnap,0
Aku akan terbakar di neraka tapi setidaknya aku tahu apa yang telah kulakukan salah ini muzzies terbelakang,1
Aku bahkan tidak pernah berpikir aku dalam hubungan yang nyata... aku pikir mereka nyata tapi mereka hanya sampah,0
kakek buyutku membiarkan negronya bermain olahraga itu disebut mana negro memetik kapas paling hari ini mendapat sepotong daging dalam mangkuk pasir malam ini melakukan tarian touchdown negro,1
tidak ada dalam foto ini melanggar hukum apapun bagaimanapun saya melihat Anda mengulangi advokasi kekerasan di timeline Anda jadi saya akan kapur itu karena Anda menjadi makan lain,0
i menunjukkan fakta yang jelas bahwa orang lain sengaja mengabaikan,0
Kau bisa pergi bebas berbicara di platform kike seperti Yahudi kkebook bahkan bukan manusia talmudic moloch menyembah pembunuh Kristus,1
mengatakan muslim adalah orang-orang seperti mengatakan taylor cepat memiliki bakat dia tidak dan mereka tidak,1
"Sebenarnya, jebakan masih seperti itu.",0
steroid dan pil dicampur dengan alkohol mereka yang sedikit mimpi buruk atau mimpi buruk di sana ... hukum antibunuh diri dan lisensi pengendalian senjata untuk setiap senjata silakan masuk ke kantor polisi url,1
bagaimana bisa kau jatuh cinta dengan seorang pria ketika dia menggoda dengan wanita nomor lain bujangan,0
pengguna anda juga dapat memutuskan untuk tidak menyukai negro juga,1
pengguna itu pasti dia mulai merasa buruk baginya dan itu adalah cara dia menunjukkan lihat saya tidak membenci Anda orang kulit hitam lainnya mungkin tapi saya tidak kemudian dia menyikat rambutnya,0
Bagaimana jika kau ingin kontrol senjata menyinggungku?,0
i membuat ampli manis; mie mabuk pedas dengan buatan tangan dan potong tangan ho mie menyenangkan dengan direndam chickeshrhimp. punggungku sakit.,0
"pembicara yang baik, maga pendengar yang baik",0
Paman Tom ingin memanggil seorang pria dalam pidatonya?,1
"Yesus adalah seorang Yahudi, Anda fucktard inbred",1
"Persetan denganmu, bicara omong kosong dengan temanku, aku akan menghajarmu.",1
"texas bangun! sosialis adalah mempesona orang lemah berpikiran dalam negara Anda! Anda texas menangis keras! dari semua tempat yang mewujudkan semangat Amerika kebebasan individu, texas adalah pembawa standar membuat sialan berdiri untuk senator besar Anda savetexas",0
nah i benci orang kulit putih sekarang karena ia tampak seperti sebuah rit lesbi saya pikir dia hanya berakhir rasisme,1
ya!!!! antara cerita favorit saya! gelap datang kembali dan menunjukkan bagaimana kejahatan abadi dia di alam semesta! ancaman daxamite mungkin salah satu yang paling mengerikan ancaman pernah dibaca oleh saya!,0
lil kim benar-benar membuat dirinya sampah smh;,0
tentara ayah,0
Kedengarannya seperti moslem pria tidak memiliki kontrol diri apapun,0
berikan aku kelembaban mentalmu dan bantuan penuh yang meledak biarkan membuat negara keluar dari PPL dengan kanker stadium akhir dan kerusakan otak bahwa akan bekerja fuck itu mari mengimpor koloni lepra yang sebenarnya bahwa apa yang akan diinginkan Thomas Jeffersonson,1
Aku tidak perlu ada savin saya perlu mendapatkan fucking tinggi dan mendapatkan beberapa pus.,1
Berita ramai menghubungi wanita itu percaya menjadi subjek surat di rumahnya minggu lalu. dia menolak berkomentar. berita ramai belum mampu mengkonfirmasi isi surat itu. Sekarang mendengar dia adalah teman sekelas SMA.,0
pelajaran minggu dari buku suci individu berdaulat mengalir melalui internet penindasan pidato menjadi devolution tak terelakkan dan monopoli kekerasan oleh pemerintah akan berakhir parafrase dari j d davidson rhys mogg,0
aku agak tahu bagaimana itu. beberapa teman baikku berhenti berbicara padaku karena masalah pengendalian senjata,0
untuk oreo berusia dua tahun?,0
Trey gowdy menghancurkan FBI tikus peter strzok di sidang kongres langsung,1
Kau bohong lagi! Masyarakat tidak mempercayaimu lagi!,1
go yankee,0
tempat kami diduga mata-mata Rusia dan pejabat militer sanksi daftar hitam tcot maga redisoning,0
memberi bahwa cangkul boot seperti saya bekerja di Ingle,1
baguslah dia tidak bisa Anda masih menyebalkan dan dia masih membakar batubara seorang kekasih negro,1
"Apapun yang kita lakukan, langkah kecil apapun yang kita ambil secara legal atau sebaliknya mereka akan mendorong kembali. bahkan hanya membuka mulut kita mereka akan deplatform dan menuntut kita. lebih baik terbiasa dengan itu karena tidak ada cucking dapat menyelamatkan kita sekarang.",0
Negro terlihat gila dalam mobil hitam tengah malam berhenti di sisi wanita berteriak pada mereka,0
Ini pasti lucunya bawang jika anak-anak surinam terbelakang untuk wanita feminis putus asa.,1
lebih baik jangan. lol tetapi jika sesuatu yang sakit flip u atau sesuatu. im tryna mendapatkan uang tunai,1
Apa yang kau lakukan dengan sebutan itu?,1
Ya. orang2 antiraca yg taat Amerika menyukai negro. negro yg pendiam yg sopan dan bekerja utk hidup. mereka tidak suka mengajar negro yg keras yg tidak tahu tempatnya. negro mulut besar mendorong orang2 dgn benar.,1
Untuk semua kita tahu negro ini pemerkosa. yall hogs bodoh; meleleh,1
Apa kau homo phone?,0
Minggir dari jalanku!,0
Apa yang akan terjadi jika pewawancara putih selatan pergi ke daerah Ghetto hitam di utara kita dixon tukang batu dia akan diperlakukan seperti hitam di Yahudi Israel adalah suku rasis dan kekerasan seperti hitam,1
Aku ingin memiliki weenis swingin saya tapi da twitter mengatakan menutup pantat berwarna saya turun,1
Mereka dibesarkan dengan inferior yang menciptakan anjing kampung ini.,1
Dia sangat menginspirasi!,0
warren mendorong pajak reparasi untuk pasangan gay,0
menariknya saya melihat sebuah artikel akan mengeluh fakta bahwa orang kulit putih yang lebih pintar adalah lebih mungkin dia rasis jadi saya yakin rata-rata iq lebih tinggi dari yang ras kita umumnya jadi kita memiliki proporsi yang lebih tinggi super cerdas juga,1
Ini yang kudapat dari para liberal twitter.,0
tanya dia tahu kebenaran haha memiliki orang pilih kasih begitu tidak adil,0
contoh yang baik untuk orang kulit putih dengan rambut gelap dan mata auta franz aktris austrian dari film sissi yang memiliki rambut gelap dan mata tapi dia s dikenali sebagai seorang wanita putih,0
Dia hanya cemburu betapa lucunya Anda dengan ampruchie Anda; buaya!! memakainya dengan bangga kacang manis!!!,0
Berita utama Catalonia untuk hari Minggu Juli St Junqueras jarak dirinya dari garis puigdemont,0
Anda cangkul tidak punya teman nyata menyebabkan kotoran saya akan melihat boyyyyyyyyyy;;;;; teman-teman saya ah burry saya ft bawah oml jika im pernah tergelincir,1
free wop,0
eu tidak akan menghentikannya barat govs tidak akan menghentikannya ada tapi satu kursus untuk Eropa sekarang revolusi perang tidak ada lagi yang akan menghentikan invasi massal moslem barbar moslem adalah masalah,1
Aku pikir dia tidak butuh uang untuk melakukan ini. Aku pikir dia begitu sayap kiri bahwa dia pikir dia joan busur. Sekarang kita memiliki Spartacus dan Joan....siapa berikutnya dalam agenda?,0
menjadi cangkul bukanlah kostum Halloween,1
tunggu akan ada anti orang kulit putih di euro?,0
kalian semua saya dilempar di penjara twitter untuk membalas pengguna tweet tentang Ivanka jawaban saya adalah sampah ini total putih wtf,1
ini menjijikkan sialan apa hal yang mengerikan untuk mengatakan jika ada laporan bahwa soda murah dimaniskan dengan sirup jagung mempengaruhi anak-anak hitam di ghetto dan dia mengatakan dia akan spike itu ia akan dipecat tapi duduk presiden gawddamm,0
pengguna ketika anda ingin tweet seperti menghambat pastikan anda meletakkan bukti sebenarnya daripada mengambil kata seseorang untuk itu,1
pernah tinggal di rumah dari sekolah dan melihat jam dan mengatakan yeah mereka bitches dalam matematika sekarang,1
Orang Eropa selalu menyerah atau mereka bekerja sama. Sarang ular berbisa!,0
Dia benar-benar cantik!,0
"Mempertimbangkan bahwa kekejian itu melakukan segala sesuatu yang mereka bisa untuk merusak kehidupan orang lain, mereka layak mendapat penderitaan dan gangguan kelamin jika mereka tidak ditempatkan pada tempatnya secara alami, maka mereka akan bertindak sadis kepada orang lain.",1
Saya berharap nfl lipatan!,0
SMS aku homo,1
Aku tidak mengerti bagaimana kau bisa menjadi menyebalkan,1
"ya, libretards sangat bersemangat untuk membunuh, untuk melihat pertumpahan darah. itulah alasan semua pembunuh memilih untuk demonrats, sebuah partai di mana mereka belajar untuk membenci, untuk membunuh. berdoa Tuhan memberkati patriot Amerika tinggal bersama-sama, melindungi Amerika dan aman!!",1
Aku juga tidak percaya pada orang yang tidak bersalah.,1
Pertanyaan umum kenapa kau begitu ghetto?,0
Aku benci kamu. Bukan salahku. Aku pencuri cahaya.,0
"Antikristus adalah robot yang memprograming diri sendiri, sadar diri, hidup dan tanpa kehidupan.",0
"persis, jadi dia menyebalkan",1
golden oreos ; regular oreos ; yes!!!!!,0
Persetan dengan apa yang makhluk ini pikirkan.,1
"Apakah ada sesuatu yang tidak menyinggung muslim? baik, kecuali pembunuhan massal dilakukan atas nama Allah, pemerkosaan dan penganiayaan perempuan dan anak-anak, dan semua perbuatan jahat dilakukan oleh para penganut Islam...",1
ini akan diselesaikan dan tidak akan pernah melihat juri. kita tidak akan pernah tahu kebenarannya. mungkin dia menangkapnya pertama kali ketika bertukar ludah atau dia benar-benar bodoh untuk hanya menangkapnya. baik cara saya ragu kita akan pernah tahu kebenaran lengkap.,1
Sepertinya Lee Rigby memenggal kepala pasti terjadi pada hari suci lumut karena mereka melakukan serangan manchester pada hari peringatan saya melihat pasar untuk t kemeja yang mengatakan pemakai membawa potongan daging untuk mengirim lumut ke neraka tidak pukulan dekat saya,1
video pembelot memotong snowpiercer ; sebuah analisis bong joonho; scifi action film. topik termasuk...,0
urenis berbicara beberapa sampah besar untuk tombak. lebron menahannya kembali.,0
mengapa dalam jumlah ada pengungsi hitam dari Afrika Selatan diperbolehkan dalam diri kita apakah Anda tahu bahwa akan mencoba dan mendapatkan link,1
SelaludenganAndahehnaaz shehnazians mencintaimaivij kami heartsidnaaz lima ratus tujuh puluh satu,0
Larxee di sini melayani terlihat dalam kh dan fuck dude saya yakin saya lesbian,0
lebih banyak remaja kulit hitam harus berakhir seperti trayvon aca st skittles.,1
saran yang bagus! saya baru saja mengisi daftar berikut saya dengan pergi melalui bagian ini dan menemukan orang-orang yang cukup berani untuk membela orang kecil ini dari kiri babyhating ...,1
selesai hari ini. Anda orang pertama di webz untuk melihatnya.,0
ireland adalah tempat yang aneh untuk etnis karena tidak ada pakis tapi ada masalah etnis utama Cina dan Afrika tidak melihat banyak pencampuran ras antara laki-laki ketika saya sudah berakhir terakhir kali,0
periksa uang tunai di sudut El cajon dan calwood yang di seberang kemudi untuk pollo loco,0
dua syarat dari omong kosong di pengguna rumah putih,0
cangkul harus tinggal di tempat cangkul fr,1
pria pantat dewasa melakukan kegiatan perempuan dan anak laki-laki homo lil mengambil putri Anda homecoming ratu mahkota ini apa yall ingin yall,1
"Menurut penelitian, tradisi kike yang tertanam dalam budaya mereka yang menjijikkan mereka benar-benar sinagoga setan",1
Apapun dude jika Anda ingin menggunakan taktik antifa Anda harus memenuhi tongkat dari polisi kerusuhan,0
Seperti aku benar-benar ingin monyet kasau,0
pemimpin mereka dnc schumer pelosi benie elizabethwarren cuomo lainnya berbicara tentang membantu imigran tapi tidak pernah berbicara tentang membantu Amerika demokrats tidak bekerja untuk kepentingan usa waktunya untuk maga memilih truf pendukung kembali ke Amerika pertama ga,0
pengguna ya shiff shumer adalah Yahudi memimpin permainan perburuan penyihir,1
mereka rata-rata lebih dalam cali dengan program makan tapi sigung dan ayam makan dengan baik juga,1
"Republikan Rick Scott telah terpilih kembali, mengalahkan democrat Charlie crist.",0
pelacur akan membuat kesalahan dan menyakiti orang yang mereka cintai aku pelacur adalah aku,0
"pria dari Chicago itu si kumis dan poni berbulu, Johnny Love, dia mendera.",0
bisa kau katakan aku belum makan.... mabuk,0
Islam dan syaria dikendalikan negara-negara timur tengah jalang dan mengeluh tentang muslim muslim banislam banmus ma,1
Jika aku ingat satu-satunya kekhawatiranmu adalah bagaimana menemukan foto telanjang wanita di gambar itu aku yakin dengan komentarmu yang jenius,0
esai itu sendiri adalah chock penuh o petunjuk membantu pada distribusi info.,0
Mantanmuslim wanita mengatakan kebenaran tentang islam dan apa yang dia katakan akan mengejutkan Anda,0
Aku pikir aku tidak bisa membenci orang lain lebih dari ayahmu tapi aku salah. Kau bahkan lebih menyedihkan dari dia. Anak-anakmu pasti sangat bangga memiliki ayah yang berperilaku seperti kamu.,1
"Jika kau punya anak perempuan, kau akan menamainya Sandy seperti sand negro.",1
"Sketsa ringan, definisi menendang kaki Anda bersama-sama dan menonton bitches kawanan.",1
buktikan saja kau tidak bisa karena aku tidak melakukannya dan kau tidak menembak siapapun kau bahkan tidak bisa melihat lurus kau mungkin akan menembak dirimu sendiri atau pacar gaymu,1
hal di mana Anda mengikat satu sepatu berjalan daripada mendapatkan terganggu sebelum sepatu nomor dua,0
"Hisaplah, dasar kambing. Itu namanya pekerjaan. Jangan suka, cari yang lain atau pilih agama yang tidak memerlukan puasa.",1
wh obama won;t pemegang nama;s pengganti sampai Anda rubes telah melemparkan suara tengah semester Anda udara panas,0
tong sampah eggnog,0
Apakah Anda mendukung potus kami? silakan membantu dengan retweeting dan berikut setelah suara! hidup lama usa maga,0
Maxine perlu berkonsultasi dengan psikiater karena dia menderita sindrom truf,1
Semua orang di Washington termasuk John Heinz sedang ditemukan sebagai elit korup mereka ... seperti kecoa lari dari cahaya.,1
"Sayang sekali, rinomu seperti christie yang mengimpor muzzies ke negara mereka kau terus berpura-pura tidak ada masalah muzzi di michigan dan minneapolis",1
Semua negro ini membuat bayi ijus ingin membuat satu juta,0
pengguna pengguna jika orang kulit putih melakukan aksi terorisme Anda mengikat diri Anda di knot untuk menghindari memanggilnya teroris dia sakit jiwa,0
sedih dick Khan adalah kepala dari london muslim ghetto ia kesetiaan pertama adalah untuk islam dan muslim,1
berada dalam kesulitan jika satu mussie dapat mengambil marinir.,1
kotoran pantat Anda dan shabbat ibu Anda pus bajingan kau Yahudi. kali ur datang. heil hitler!,1
Aku pikir dia adalah kawan besar,0
Bill Maer mengejek Amerika yang mudah tertipu karena kehilangan musuh yang sesungguhnya.,0
Dia akan menang!,0
Sekarang mereka benar-benar tenggelam ke bawah baru! berharap menunjukkan bom! seluruh hal yang diatur oleh libs sama seperti segala sesuatu yang mereka lakukan! roseanne; adalah pertunjukan!! maga,0
mengatakan orang yang memiliki satu pengikut dan berikut dua. saya berdiri dengan teks asli saya. setan omong kosong komunis mengekspos musuh negara dalam dari militer wanita maga truf berjalan kaki q,0
Kembali ke vietnam.,0
adalah pendiri hitam dan hispanics dan Asia Anda dapat memberitahu saya karena saya buta warna,0
"Yah, aku lahir di dalam!",0
karma jalang bruhh,1
Aku lebih suka masuk ke dalam pikiran mereka. Kau bisa membuat orang kesal karena melakukan itu.,0
bagaimana? kamu tidak bisa mengatakan salah dengan tidak ada bukti untuk alasannya. kamu bilang kamu setuju dengan sargon im hampir setiap subjek tapi kontrol senjata dan kesehatan. itu bukan apa yang diyakini seorang sentris.,1
pengguna pengguna tentu saja mereka semua supremasi kulit putih bodoh,0
(Kehinaan) lafal Am di sini bermakna Man (disebabkan keaniayaan) atau kenistaan (dan juga karena mereka) yakni disebabkan sewaktu mereka (merasa takut) akan azab Allah.,1
Panggil cruz lebih baik adalah sebagai sepotong licin dari gop sesat dan contoh utama mengapa mereka digunakan untuk menjadi konservatif republik yang layak perlu memilih untuk beto,1
Kau adalah jiggaboo...!,1
"Tapi yall membuat keputusan bersama untuk berhubungan seks pada kencan pertama, tapi dia sampah?",0
plug sepatu saya akan kembali ke negara asalnya dan saya perlu nomor sbb,0
wanita sejati tampaknya membenci orang-orang soyboys,0
Dia tidak seharusnya menarik namanya sama sekali karena kiri telah berulang kali tertangkap mengarang cerita seperti ini untuk mendiskreditkan konservatif mereka terbukti curang dan liers .... seorang profesor liberal dari californial,0
"Negro umumnya takut pada kulit putih, saat kau berdiri di depan mereka mereka biasanya mundur, itu kecuali mereka membawa senjata pada titik dimana orang liar jarang enggan untuk menggunakan.",1
pecandu narkoba pengguna khusra biseksual imrankhan mungkin telah kacau aneh ini,1
setiap negro yang melompat di daging sapi perempuan dan menambahkannya bukannya mencoba untuk menghentikannya adalah keseluruhan homo,1
koboi terbelakang itu sendiri,1
lebron hangat jaket penuh maka menyebalkan,1
tidak ada orang yang meninggal karena pejabat dirampok dan tidak melakukan pekerjaan mereka,1
bbc berhenti siaran untuk fokus pada biaya lisensi tv bbc bisnis pelecehan untuk mendanai bbc umum tujuan degeneracies pengadilan menegakkan biaya lisensi tv didanai bbc mana kebenaran akan dibantai,0
hari setelah starbucks membuka kamar mandinya untuk preman ghetto,1
eid pengguna hanya untuk muslim bodoh tutup mulutmu dengan exmuslim ur,1
Ingat semua sampah di lantai mobilmu? Kami meng-upgrade amp; meletakkan wales berbakat sehingga rasanya seperti mobil tua Anda htt;,0
"Patrick Cassidy, vide cor meum.",0
Lagipula tidak aman karena dia pembohong! Kau tidak akan pernah bisa sampai ke dasar pembohong!,1
Anggap saja hotel ive tinggal di tidak akan ingin handuk tangan ini kembali. saya tidak tahu saya bisa mengubah mereka yang warna kuning.,0
"ini, ini, ini. pak itu dan kepala ke nyc, silakan. menikmati dipanggil kampungan selama beberapa tahun, pulang ke rumah dengan rendah hati rencana.",0
sebagian besar dari kita masih melakukannya dan sekarang kami juga membenci Anda,0
Oama mengubah babi gay dalam laboratorium rahasia,0
"Oh, akhirnya aku bisa membuat berita untuk melakukan sesuatu selain menjadi pembalap harley jelek di zona tidak jelek.",0
Sladoe,0
setiap kali saya melihat Nelson agholor membuat bermain saya ingin muntah. anak seharusnya sudah buaya. terima kasih Charlie cheeseburger.,0
Itu band negro,1
"kota chicago, demokrat berjalan dengan beberapa kontrol senjata terketat di negara ini. semua supremasi putih berjalan untuk kantor di sebagai Republik url melalui",0
user apologia untuk mengambil begitu lama tapi aku telah bertanya sekitar dan sayangnya giliran terbesar turun sejauh ini adalah pindah ke toronto ontario karena mereka menjadi peringatan terhadap feminisme dengan margaret di kayu hidup di toronto dan menjadi ibu feminazi jadi sayangnya tidak ada,0
"selebritis bekah martinez sedang hamil! bintang bujangan mengharapkan anak pertama dengan pacar Greyston bekah Martinez memiliki realitas baru dia akan menjadi seorang ibu! kontestan bujangan, ... melalui url url url",0
aturan baru dalam semua kompetitif menunjukkan tarian baking atau lain biarkan paki atau negro token menang dalam rangka untuk memenangkan dukungan publik dan menyembunyikan perasaan rasis sejati kami untuk warna-warni aturan penyiaran dan peraturan nomor,1
Sekarang dia berada di bagian mantel.,0
palsu. foto yang diambil jauh sebelum permainan dimulai.,0
Orang berpikir nasionalis putih ingin perang dan memusnahkan orang lain ketika dalam kenyataannya semua yang kita inginkan adalah pemisahan,0
Sementara itu media pada antifa ... url,0
itu salah satu cara untuk melihatnya. yang lain adalah bahwa biaya adalah omong kosong untuk hampir semua orang.,1
orang kulit putih sangat memalukan mengatakan bahwa budaya adalah konsep sialan yang dapat disalin mata reli menyala tidak bisa memahami anyways aliran dililit oleh aus jika Anda memiliki pekerjaan,0
dan dia mengambil konstitusi dari kami. kongres menolak untuk mengembalikannya kepada kami mengapa itu? artikel sec diambil.. dan karena itu tidak ada lagi hukum pengendalian senjata.,1
"Charlie kehilangan pekerjaan, florida untuk menaikkan upah minimum adalah;worth it; konservatif byte melalui",0
yang memakai oudd di sini.,0
kewarganegaraan ganda dengan israhell adalah konflik kepentingan,1
pengguna terdengar seperti gay porno i d duduk melalui dan menonton,1
Negro lmao menghancurkan secara harfiah segalanya,1
Bersiaplah!! bersiaplah!! karena pemerintahan truf tidak akan melakukan apa-apa jika Anda dipukul! baiklah.. jika daerah putih yang Anda baik.. melihat wilayah ranolph!! sembunyikan anak-anak! sembunyikan istri kalian!!!!!!,1
user u harus berhenti menjadi begitu bersemangat untuk memiliki perkelahian dengan Yahudi berdasarkan apa pun aneh interaksi ur mengacu ke,0
Kenapa wanita berdiri seperti ini?,1
"Aku mengunduh ferra burung yang terbang kencang di sana, sekolah pun sekolah.",0
menabrak kaca depan? ot burung melakukannya. lebah melakukannya. peminum ringan coor melakukannya. kau tahu apa yang wer;,0
Secara ilmiah membuktikan bahwa tidak ada yang tidak bisa menangis setidaknya sekali sambil menonton Charlie St. Cloud.,0
Anda pengecut bug terbelakang bagaimana gila yang Anda tentang ideal propaganda adalah untuk berjuang untuk gtfo dengan omong kosong postmodern Anda jika saya tidak dapat mendefinisikannya dalam bahasa yang tepat itu tidak nyata,1
Apakah itu ghetto untuk grease yo kulit kepala di tempat kerja,0
Kau putih seperti salju maka salju negro bodoh kau jangan khawatir tentang anak-anakku adalah penis lemasmu bahkan bekerja kau membuat cukup sperma homo jangan buang waktu trolling salju negro kau kehabisan waktu,1
Anda salah negro baik sprinter negro hanya memecahkan meter catatan negro berlari nomor meter negro baik di olahraga rap obat musik menjual dan membunuh orang Cina baik di peleting trek mencuci cucian makan suy dan cinta sucky sucky lama untuk nomor dolar yankee,1
Aku sudah muak dengan teroris ini dan antek jahat mereka.,1
Orang-orang harus tahu sekarang bahwa milspec berarti shittier daripada apa yang Anda dapat membeli secara komersial oh baik taktikool gigi homo dengan terlalu banyak uang adalah hadiah industri senjata api yang terus memberi,0
Beban pertahanan Winchester terlihat buruk.,0
Dia tampaknya lebih besar pincang dan homo daripada back Oama.,0
Suatu tempat aku melihat alasan sebenarnya bahwa kontrol senjata pertama kali didorong di s adalah untuk menjaga senjata dari tangan minoritas.,0
pengguna pengguna bawa negro ini keluar dari sini,1
"Aku bersumpah, Des Hogs hanya membuat tantangan sekarang",1
karyawan facebook adalah cephalopoda ...,1
Begitu banyak kontrol senjata... bukan untuk menjadi insentif. tapi sungguh.,0
Dasar orang gila.,1
lmao amp; aero suara muda af berbicara tentang cangkuls n gulma n kotoran; brah Anda harus mendengarkan omong kosong ini,1
drama terbaik pengguna ingin mengalahkan saya bitches indah maaf tapi kry tua tidak bisa datang ke telepon sialan sekarang,1
Yahudi selalu sampai dengan trik kotor mereka ...,1
terima kasih !,0
Guruku selalu bilang kalau pria pernah menyiksa istrinya saat menggunakan ganja? Tidak kecuali dia menyembunyikan kue oreo lalu dia pantas mendapatkannya.,0
dengan tanggul banteng sebagai teman sekamar,1
"Masalahnya adalah pertunjukan yang didedikasikan untuk ajaran bangsa-bangsa kita pendiri ayah yang saling bersumpah satu sama lain kehidupan mereka, keberuntungan dan kehormatan suci mereka untuk memberikan kita republik konstitusional kita.",0
karena saya tidak bisa melakukannya bisa tolong menelepon dan katakan padanya tidak ada ini adalah salahnya bc jujur ppl r yang begitu kejam untuk rn nya dan saya hanya berharap dia baik-baik saja url,0
chanelle benar-benar jalang terbaik saya mencintainya,0
Kita perlu membawa petani kulit putih sebelum mereka semua dibunuh tidak ada yang peduli apa yang Belanda katakan tentang hal ini,0
ketika Anda meletakkannya dengan cara ini kedengarannya sedikit terbelakang,1
Negro benar-benar homo sialan,1
Aku membawa pisau hukum di Kanada denganku di mana-mana saat aku melihat seorang pria kulit hitam atau moslem kulit kotor mendekat aku bersiap untuk serangan aku tidak akan menjadi korban tapi aku akan menciptakan penyerang mati jika perlu,1
dan bagaimana dengan wanita licik yang mengambil kondom bekas kemudian mencuri sperma pria dan menghamili diri dengan baster kalkun oh tapi feminis kidal di wali tidak ingin membahas bahwa gender mras redpill manosphere feminazi mgtow ayah ayah ayah ayah ayah ayah ayah,1
"Jangan pernah malu siapa dirimu, kecuali kau pelacur.",1
kita adalah minoritas global kita sudah memiliki ibu tunggal yang dilembagakan anak-anak busuk mengapa mereka harus membuang lebih banyak sumber daya pada non kulit putih istri sampai seorang gadis kulit putih mengurus anak-anak kulit putih Anda ini tidak begitu sulit,1
Apa mereka menaruh roid di sebelah rooney hanya untuk membuat rooney terlihat setidaknya setengah manusia?,1
tidak terkejut. kita perlu lebih fiskal konservatif tidak kurang untuk memecahkan kekacauan keuangan Illinois.,0
Jika itu dibenarkan di rumah Anda polisi istirahat masuk dan mencoba memperkosa seseorang dan babi dibunuh korban akan mendapatkan max untuk pembunuhan berencana menjamin itu,0
dan kau akan menghabiskan hari-hari terakhirmu di neraka tenggelam,1
ini tua pada masterchefjunior membuat ayam saya terlihat seperti sampah.,0
Ini negro prob membuat dewa subur hanya tahu semua kuman ia membawa kembali,1
hei goyims nama saya abham dan saya baru saja berbicara dengan Tuhan dan apa yang dia katakan kepada Anda bahwa tanah arabs milik saya,1
Penipuan demokrat lainnya. tapi membuat terlihat nyata,1
wanita nakal adalah satu-satunya hal yang aku suka,1
Percaya truf tidak akan pernah terpilih.,0
Kadang-kadang saya berpikir tentang zenos membuat saya orang lesbian berharap mereka lakukan ok,0
Aku punya seorang pria yang bilang kalau jumlah mayat mereka tapi menolak untuk bersama wanita yang punya lebih dari . apa-apaan.,1
Man berhenti bertindak seperti homo dan pergi untuk menang!,1
dia adalah segalanya dan lebih!,0
moslem gay lain,1
"tracy morgan adalah perbandingan sedih ... .. ayolah coba lagi, dwight howard adalah yang paling akurat, monyet bodoh.",0
pengguna yang terdengar seperti nama superhero badass saya akan dengan kapal aneh sepanjang jalan,0
Bukankah pemerintah di Congo yang berperang dengan gorila beberapa waktu lalu karena gorila mengancam keunggulan mereka?,1
user yeah and it was gay af,1
Apa kau orang Asia? Orang Hawaii?,1
user imma memprediksi sinar marah a kemudian mereka diperkosa oleh houston,0
Nah Baldwin mungkin membuat titik yang baik di sini saya tidak memiliki cinta untuk kike weinstein atau thots yang melacur diri untuk uang tapi baldwin dapat membiarkan feminists dan Yahudi menamparnya untuk sementara mungkin redpill dia dan flip dia dari menjadi libard,1
Yang terkejut kikes gona kike,1
Eric holder akan dimintai pertanggungjawaban. dia menunjuk jari jauh dari kejahatan. waktu tidak di sisi Anda eric. melihat ke depan untuk runtuhnya waktu skandal Anda merusak Amerika.,1
Negro mengatakan kepada pemimpin naacp kebohongan profil rasial klaim ditantang setelah rekaman bodycam dirilis berita rubah,1
itu jenis islamaphobia bahwa semuanya ditutup hari ini,0
Tidur sendirian itu kampung Yahudi.,0
Tapi apa yang kutahu ?,0
"Aku yakin dia bilang, jangan mulai lagi, sayang.",1
liberal hanya memiliki belas kasih untuk orang Amerika non.,0
ya benar,0
"Aku suka saat kaum liberal berkata ""Debuned kind of like when Hillary"" (tidak jelas) dan dia mengatakannya dengan kemarahan dan kesia-siaan kau tahu dia bersungguh tapi itu semua omong kosong..",1
Jangan makan vagina sampai dia menunjukkan vagfax,1
Republik pengguna tidak membenci gay,0
pengguna pengguna saya tidak menuduh siapa pun tapi ketika beberapa hal dikatakan Anda tahu itu tertanam dalam rasisme ok jadi dia menuduh orang-orang rasisme btw sebagai semua Amerika menganggap diri imigran frase ini tidak rasis dan itu telah digunakan pada saya seorang pria kulit putih,0
hmmm. adalah nfl di tv hari ini? bahkan tidak mencari. menonton tenis amp; bisbol. tidak salah satu dari mereka berlutut! tidak akan menonton minggu depan baik.,0
Dia tidak mendukung kalian atau mempersenjatai guru.,1
Kau adalah contoh dari kelas dan kecerdasan.,0
Aku tidak peduli tentang anak itu kecuali beberapa negroku amp; jalangku,1
Barnes dan Truf menang dengan tidak berdiri melawan NRA. Persetan dengan Bernie.,0
Tuhan memberkatimu bahkan dalam badai yang mungkin mengguncang kapalmu memungkinkan semua tunduk pada kehendak-Nya setelah semua dia adalah satu-satunya yang tahu akhir dari awalurl,0
"baik saya baru saja mendapat konformasi yang adalah jumlah tubuh Anda adalah lima atau di atas, yang tinggi dan Anda cangkul;;;",1
semua orang saya tidak setuju dengan adalah kike baik-baik saja saya kira bahwa sisi saya akan bergabung,1
Pengendalian senjata menyelamatkan nyawa.,0
Proamerica adalah prowhite. nonwhite bukan Amerika dan hanya ingin menghancurkan Amerika. Anda tidak bisa proamerica kecuali Anda prowhite. itulah yang kita butuhkan untuk memukul kepala dari orang-orang tak berguna ini.,1
minum sampai tetes terakhir mencuci teko haiku mijikai,0
yo bcu band dibuat band ucf terlihat seperti sampah,0
"Tentu saja. Mereka orang coklat, dan tidak dapat dipegang dengan standar yang sama dengan kita. Tanggapan saya adalah bahwa saya sering berbicara tentang pembantaian para polisi di negara-negara seperti syria. juga coklat. juga berbicara arabic. tetapi dengan ideologi yang sama sekali berbeda.",1
tur akan mencakup penerbangan dan hotel.,0
Tidak ada yang memperlakukan imigran seperti kotoran seperti belar mva,0
Aku tidak percaya pelacur yang berpikir mereka akan datang ke klub gadis nakal.,1
spoiler waspada penghukum tidak hanya gila kekerasan sayap pria kulit putih sayap kanan veteran dalam seri semua penjahat terlalu,0
pengguna dengan men-tweet tentang perang sipil truf mengirimkan pesan ke semua senjatanya untuk anak laki-laki bangga nazi putih supremasi kanan sayap nutjobs merangkak keluar dari bayangan pemberontak futruf putus asa akan melakukan hal-hal berbahaya,0
Bert adalah negro terlatih kulit anjing dan menggeram di kokon dan Yahudi ia bisa mencium mereka,1
California memiliki geng karena california adalah sampah.,0
Para pemula cm jagan untuk meresmikan dewan milii bertemu menteri utama ys jaganmohan reddy akan meresmikan kongres tahunan dari semua dewan milidia bertujuan konfrensi semua jamaiths muslim komunitas di India di vijayawada tanggal cm diungkapkan,0
Mungkin dia hanya cahaya dalam sepatu,0
Seperti yang saya katakan sebelumnya Inggris telah dikenakan untuk kampanye indoktrinasi jauh lebih buruk daripada kita semua.,0
Aku harus mulai menghibur orang yang mengerti humorku.,0
"ini menakutkan. ini bukan beberapa rando pada twitter, ini adalah orang-orang terkenal yang dapat mewujudkannya. menggabungkan bahwa dengan antifa merilis daftar agen es, yang akan mendapatkan berdarah. mengharapkan penembakan sekolah.",0
"Jangan lihat sekarang, tapi coklat yang dimiliki satu-satunya tempat st di afc utara. yang Cleveland browns.",0
Jujur apa perbedaan antara burger Portugal yang satu sepuluh dan ikan cabai satu dari mcdonald mereka semua terlihat seperti kotoran yang sama,0
eric dan hussein hanya perlu pergi dan pergi. terlalu banyak orang Amerika meninggal akibat mereka cepat dan marah gun menjalankan skema pergi buruk. eric bahkan menantang panggilan pengadilan kongres dengan husseins backg.,1
Aku pikir kau salah membaca apa yang kutulis. Aku tidak tertarik dengan keadaan pikiranmu. Aku percaya kau baik dan bahagia.,0
nigga hanya tidak ingin google jim jones haha membiarkan bahwa corrolatate dengan kultus Kanye,0
burung itu pergi lari dari pantatmu,1
user haha dan negro yang memiliki seseorang berpikir mereka harus berjuang untuknya apa dewa,1
wanita jalang itu merilis foto mandi eksklusif antara negro. kepercayaan telah rusak,1
penggemar jihadi barat menggunakan bahasa yang membumbui kalimat dengan kata Arab untuk terdengar lucu,0
industri didominasi oleh tidak hanya putih tetapi laki-laki putih itu perlu diversifikasi sangat,0
apa yang menginspirasi saya adalah mengajar pengungsi Afrika bagaimana memprogram javascript apa yang menginspirasi saya adalah mencari tahu bagaimana menggunakan kereta maglev untuk mendapatkan sumber daya ke bulan Ini adalah tantangan yang akan dihadapi besok,0
Pergi sana!,0
penggunanya akan menjadi keadilan puitis bagi wanita berwarna untuk mengalahkan monster Nazi ini apa yang kau gunakan,0
pelacur selalu khawatir tentang saya batuk batuk pengguna cangkul bodoh,1
sometallwhited by cruvcio,0
Pelacur ini tidak setia.,1
oh keren. Alana menemukan satu orang bodoh dari dia dan retweeted dia. bagus bergerak.,1
"ja moest van plisie niet meteen wild gaan denken.juistja,willen weer mensen mij vertellen hobe k moet venken",0
kemari gadis... kau butuh daging di tulang-tulangnya!,0
"Semuanya, pilihlah Vicki Barbonck. Dia adalah orang paling luar biasa yang memiliki hati yang lucu dan dicintai di panggung itu. Tak ada yang mendapatkan ini lebih dari dia.",0
boo berharap sedikit sakit nazi homo tersinggung,1
Dia menghancurkan dirinya sendiri itu jelek ....... tidak menyakiti truf.,1
aku tidak homofobia aku tidak membenci gay lesbian homo atau transgender aku hanya tidak peduli tentang mereka,0
Harus kuakui... dia menumpuk.,0
perlu mengikuti lebih untuk membuat Bapak biksu bahagia. Anda akan berterima kasih nanti.,0
Enioy!!! Anda akan rock it jackie!,0
southcarolina memiliki tingkat kelulusan SMA dekat dan itulah sebabnya mereka memiliki begitu banyak teabaggers tidak terformis morningjoe,0
pergi ke iran di mana Anda milik bodoh idiot.,1
"Aku membuatkanmu makan siang, dasar gendut!",1
tidak lucu u homo,1
Groid ini menjadi kacau ketika mereka masuk ke sana dan menemukan diri mereka seorang gadis kulit putih.,1
wetback;;;;;;;,1
homo Mernin yang baik,1
Berikan aku tiga bajingan gurun aku bisa mengajar dan mencambuk bajingan itu ke Amerika,1
pertama-tama dari siapa yang Anda sebut cangkul ? jangan membuat saya pergi shameisha ok Anda boo boo,1
mengapa diri sendiri menghormati unta kencing guzzling moslem memberi snope wajah kuda waktu hari,1
Aku bisa menjebak dimanapun aku mau hanya karena aku bukan pelacur di jarang sendirian.,1
thorpe juga menyingkapkan mungkin kurang sadar berapa banyak pekerjaan liberal bergantung pada aliran pengungsi yang berlimpah sambil memberikan akun rinci dari tas pengungsi,0
Adalah apa-apa dimiliki oleh gentiles lagi di negara ini Orang aneh kike memiliki segalanya,1
Pergi kepala dan beralih dari NIKE ke gun control sekarang url,0
salin url,0
vietnamexolapologizetosechan privasi mereka telah dilanggar paspor menyebar karena pelacur i hate you,1
kertas atas vagina menyebabkan vagina membawa masalah kekuatan dari pangsa,1
penggunasukanyadevi diculik dan dibunuh dan keluarga Papu yang tampan melakukannya,0
Rasa bersalah oleh asosiasi cukup baik untuk demokrat ketika datang ke konservatif.,0
Anda mungkin perlu lebih banyak kontrol senjata dan lebih banyak pemerintah dan lebih banyak pajak. kurang lebih.,0
"Jika menang, maka yang kiri tidak akan peduli tentang ec. tertawa keras saya dari mereka jika truf menang bahkan oleh suara populer.",0
tidak apa-apa menjadi putih islam adalah benar tentang perempuan frase nomor diciptakan pada Chan sebagai cara untuk memicu liberal dan mereka telah sangat sukses dalam pemicu yang pada gilirannya membuktikan titik yang sangat yang membuat Chan bertanya kepada diri sendiri mengapa mereka mendapatkan begitu dipicu,0
teori kotor sihir negara gagal lagi Inggris lahir radikal muzzie abu izzadeen adalah orang bernama sebagai pembunuh dalam serangan london terbaru,0
Orang ini adalah cabul kecil menjijikkan.,1
tentang memukul beberapa peckerwoods di lubang hakim,1
Kota putih diselamatkan oleh negro ajaib dari afreakaland.,1
aku bisa membayangkan setidaknya aku tahu tidak untuk melewatimu aku akan menjulukimu pembunuh muzrat,1
pengguna ya begitu moral cerita tidak pernah membuat anak poster muzzie yang sedang untuk hindus ia akan b sebanyak kapal kosong seperti yang lain,1
Pertanyaan bagaimana senjata kontrol hukum sampai pantat mereka telah bekerja untuk mereka?,1
dan penggemar truf adalah pengganggu!!! antifa??? steve scalise??. menolak gerakan??,1
Ingat bagaimana kita berbicara tentang orang-orang yang men-tweet di semua topi terlalu sering adalah fucking gila dan terdengar bodoh sebagai kotoran baik kita memiliki salah satu dari mereka di rumah putih tweeting seperti itu,0
rt user back to this ghetto ass single shit,1
aku satu-satunya orang yang suka kuning starburst saya merasa,0
Michael adalah pemenang yang tolol dan pembohong mungkin seorang bajingan dalam segala realitas,1
dan inilah sebabnya sa pergi dari dunia pertama di bawah kedua aturan kenker tidak menghitung nt ke gerombolan begger dunia ketiga.,1
peringatan pandemi global sebagaimana yang menemukan patogen pembunuh baru tanpa obat,0
pengguna adalah ml ml ml ml ml ml ml,0
"Aku bertaruh kau tidak bisa menunggu, anak-anak! berbaris untuk hidup kita gabfam theoriginals",0
Senjata kontrol.. artinya memukul apa yang kau tuju! Pemilik rumah tua ini memiliki kontrol senjata yang hebat!,1
Tentu saja tidak url,0
Chicago sudah memiliki hukum pengendalian senjata terberat di negara ini. Demokrasi ingin melucuti warga negara yang taat hukum tetapi penjahat akan selalu memiliki senjata.,1
user definisi ibu porno wanita kulit putih yang tidak punya anak menonton anak pengungsi anak-anak dan bayi menangis di tv momporn saya seorang wanita kulit putih tanpa anak tapi saya merasa sakit melihat anak-anak asing tak berujung lebih baik untuk fokus pada hak-hak hewan mereka adalah korban perilaku manusia steril dunia ketiga,1
melihat seorang anak kulit putih konyol dan setengah negro fuck sesuatu yang up sedih,1
apa yang berikutnya orang ini sebut nhl penuh supremasi putih,0
Hog gemuk..,1
eirc holder a friken idiot,1
bajingan tangguh terlalu buruk dia adalah pengkhianat,1
Aku tak mau ada masalah denganku.,1
jenis brendi homo malang menggunakan ekspresi seperti ada tidak besar di sana,1
Tunda perselisihan dengan canada mungkin akan kehilangan bisnis,0
ingat ketika ok baik-baik saja. tcot ccot maga kak qanon berjalan kaki wwgwga kavanaugh url,0
Anda tidak memiliki kedaulatan asing Anda sebuah kulit lumpur shitskin homoseksual pelaku hewan yang menguasai ke konser Kradashian pergi menemukan seorang wanita kecil,1
Kau kirimi aku jejak yang dia bertingkah seperti homo.,1
Tidak ada orang kaya Cina berbasis miliarder ini akan membuat Amerika besar lagi,0
Cukup panggil orang Yahudi apa mereka sebenarnya adalah penanaman Tuhan,1
Dia seorang lesbian biasanya wanita yang memiliki misogini internal atau trans pria dengan transphobia internalisasi,1
"Jangan sampai mereka menyerang kalian lagi di jarak jauh, kerusakan yang lebih rendah, jangan mengikuti kalian selamanya.",0
Keriuhan tidak memulai percakapan ini! itu adalah sebuah kapal larry yang sampah berbicara kapal kami!! jadi bagaimana yall keledai larries tetap keluar dari menyebutkan kami eh?!!!,1
i duduk selama iklan levis sehingga mereka tahu bahwa saya tidak mendukung mereka senjata kontrol sikap,0
turis berlibur dengan orang tuanya menempatkan stiker di tiang kalkun sementara orang tuanya makan restoran dan Anda sebut dukungan itu,0
Suamiku yang membuatku gemetar akan melakukan sesuatu malam ini saat aku memberi makan mereka lagi.,1
kejahatan negro terorganisir,1
Superman ditulis oleh orang Yahudi tentang fantasinya menghancurkan fasis Kek hanya fyi,1
Dia mengeja homo dengan e Anda begitu keren lol,1
Pelacur dan pelacur adalah kata-kata lucu dan saya berterima kasih kepada pengguna untuk itu,0
sen. lee begitu tenang menenangkan. tidak psikotik seperti Yahudi.,1
pulang dan menemukan kucingku tidur di bantalku;c i love that niggah.,1
Ada yang tahu ada kebanggaan kaum muda kulit putih di daerah selatan?,0
sekrup cowgirls negro bitches,1
kemarin aku mabuk asl maaf untuk tweet terbelakang,1
bcz orang-orang sialan kikes membiarkan muslim araps di negara kita sementara mereka membunuh muslim yang sama Arab di sebuah kikes tanah mencuri dari mereka sebagai untuk nazi fucking kikes Anda nazies seperti u,1
i memiliki . sub compact dan a. xdm.,0
Apa yang kau pecundang menyedihkan yang jacks off ke mudshak yang tidak akan kencing pada dirinya jika ia berada di api memukul goy patreon nya dia mungkin melihat Anda lo,1
Anda mencoba untuk mengatakan ofay?,0
"menjadi orang Kristen yang baik bahwa dia, ia meminta Tuhan untuk cadangan properti nya. pantai virginia hanya sedikit berdampak. Anda tahu doa klub, Tuhan cadangan saya dan saya, ke neraka dengan orang lain.",1
sistem pengungsi canada tidak berfungsi tapi baik kebajikan sinyal kepala udara alias pm media yang tidak jujur maupun perawatan pengecut dapatada justintrudeau cdnpoli cdnimm,1
Oama mengklaim ekonomi yang kuat miliknya dan pelosi menyalahkan ekonomi buruk pada truf.,1
tidak ada di pihak kita terutama bahwa tikus kike shapiro ia tidak pernah truf shadowcon,1
oh sial kau pergi ke sana,1
Apa kabar banci?,0
tidak sialan wit tidak lagi hogs mendapat yang saya inginkan;;;;;;;,1
Sepupuku homo.,1
"Pertama sikat gigimu sebelum kau kembali padaku, dasar anak kecil praremaja.",0
hanya sampah putih menonton sepak bola.,1
torgator umpan;,0
Selamat... yang hebat... jangan biarkan beberapa masalah merusak suasana... dia akan senang.,1
Kau sangat valid,0
Suci omong kosong pengguna di twitter adalah negro meme pusat melihat permata ini dari truf un pidato,1
Apa negro berpikir mengunci alat elektronik dan pisau cukur itu rasis juga? Saya harap mereka semua kembali ke Afrika tapi jangan membuatnya karena perahu mereka tenggelam dan mereka semua tenggelam.,1
"obama memiliki keanggotaan di pangeran aula untuk pondok hitam dan akan menjadi presiden berikutnya, menurut orang ini youtube ?",0
"Aku punya gaya klasik men-tweet, troll, tweet lesbi, daftar, dll, gilanya berapa banyak negro men-tweet seperti aku sekarang;",1
"hey! aku akan mendapatkan semacam burung tato di tubuh saya, disertai dengan situasi jangkar. tidak ada yang melakukan itu sekarang, kan?",0
mengapa seperti persen dari wanita mtg yang dikenal sebagai firexian,0
"pacarku, aku bercanda kau tidak, makan bacon tanpa mencelupkannya ke dalam bak krim mentega yang sudah ditata. apa kau ini, burung?",0
Juga orang asia mu kau orang cina dengan kebetulan disini adalah mao dan boneka tikus kike yang menangani masalah ini kau harus muak dengan hama juga yang bertanggung jawab atas kematian jutaan orang Asia,1
setelah mereka mengmantrainya seperti frida,0
Cari orang kampung baru!!,0
Kau seorang homo;kau penggemar texas...,1
liberal sangat menyedihkan! bersalah sampai terbukti bersalah berarti banyak? demokrat harus melihat partai mereka sendiri jika mereka membutuhkan pemerkosa untuk menggantung! kavanaughisnocent walkaway fromdemocrats. liberal adalah lurus dari pitts neraka url,1
"satu-satunya kata yang bisa kumengerti dari blackjesus adalah negro... sangat kecewa dalam acara ini. aronmacgruder hal pukulan, imo.",1
tidak ada cuz redskins adalah jus sampah rt permainan minggu ini. masih persaingan terbaik dalam olahraga,0
ini adalah pengungsi yang Eropa harus mengambil,0
"Aku memang dilarang, tapi aku tak ingin kembali ke tempat yang kotor itu. Jangan menjadi orang asing di Gab, cinta posting Anda",1
lol jalang ini bodoh ini begitu dipicu mulai spamming saya dengan membunuh disebutkan terbelakang,1
Siapa yang peduli jika tidak halal ...,1
mendapatkan ke jantung masalah bekerja juga.,0
pengguna pengguna duh tentu saja dia akan terkenal di Afrika Selatan tapi Taylor berkulit putih seperti F tapi masih terkenal di Asia aus Europe dll bahkan Afrika Selatan,0
Indiana tidak akan memberikan niccas ini kotoran ... mereka berpose untuk memenangkan pertandingan terakhir!,1
Kau benar sekali partai demokratis untuk perbudakan dan pengendalian senjata pronazi,1
Huggop adalah lelucon,0
Apel perlu menambahkan beberapa emoji berwarna,0
itulah kenapa aku sangat marah saat ini bukan benar-benar moen hanya paman tua yang hebat mencari pantat wanita,1
New York yankees lebih baik mulai bertindak seperti juara bc thats apa yang Anda saya memiliki banyak pinjaman mahasiswa dan banyak waktu untuk datang ke bronx untuk shakeyellmotify masing-masing dan setiap salah satu dari Anda jutawan pinstriped saya percaya pada Anda dan im menonton,0
hari diari noah sup mammoth wol sangat lezat.,0
sekolah ghetto sebagai fuck,1
lmfao ini aca hal yang sangat lucu siapa tf melakukan Anda semua berpikir Anda semua adalah ndingoyitha eyam imali,0
"Auspol cacat meskipun mereka berada dalam banyak cara sebagai individu, kami pekerja pm selalu berjuang dan mencapai banyak untuk bangsa. baru-baru ini, selain kontrol senjata, apa yang telah lnp benar-benar dilakukan untuk bangsa??? pergi, membuat daftar.",0
Aku tidak mengerti bagaimana itu; lemah untuk memberikan apa-apa untuk jeter ketika astros hampir tidak memiliki sejarah dengan yankee,0
Aku sudah mencoba tapi karma itu menyebalkan.,0
y;all whitey gots to pay fo da preparation,1
"Dengan perkataan dan perbuatan mereka, mereka menyatakan diri setia mendukung genosida bangsa kita.",1
wanita jalang ini,1
gerakan meto telah ternyata hanya cara hidup hitam penting dan antifa ternyata. dimulai sebagai penyebab yang layak dan kemudian hancur oleh sekelompok bandwagonists. lebih berbahaya daripada baik.,0
"dalam hardcopy versi lain, fotokopi dari sebuah itu membaca kekuatan, posisi, dan hak istimewa, dan sekarang membaca kekuatan, kehadiran, dan hak istimewa.",0
pengguna pengguna pengguna pengguna pengguna pengguna pengguna saya demokrat Anda tidak tahu sisi saya orang kulit putih mendapatkan disebut imigran dan diminta untuk kembali ke tempat mereka berasal juga,0
Lucu. Jadi mengapa demokrat dan tokoh media utama melihat tidak lemon membela antifa?,0
kebanyakan orang kulit putih aneh tahu rasa sakit dari marjinalisasi sosial namun mereka mengpinggirkan orang aneh warna ketika datang ke kencan,0
pengguna setidaknya persen yang baik tidak menyukainya karena ew itu seperti film koboi ya u sialan menghambat bahwa seluruh titik,1
Semua yang kita di sini adalah sebuah britain badai mengatakan bahwa imigrasi besar putih merugikan bangsa kita untuk alasan yang kita telah memberikan waktu demi waktu.,1
truf tidak digunakan untuk imigran tetapi diktator baik-baik saja wow,0
Aku di barat daya missouri sekitar satu jam barat branson. Aku mulai mereka dalam minggu st berbaris. Aku mentransfer mereka di luar minggu st Mei.,0
"Oke, aku mencintaimu dan kau atasanku dalam permainan bertarung dan kau mungkin mendapatkan lebih banyak pelacur juga.",1
"u harus memperlambat coon hrs ini semua yang mereka tahu adalah cinta n hip hop, lebron, amp; palsu cinta kutipan",1
solusi mudah mengebiri setiap pasir negro yang melakukan kejahatan kekerasan,1
Tuhan memberkatimu Tuhan wanita mengasihi Anda berharap suatu hari nanti Anda membuat tindakan positif pada seseorang yang membutuhkannya seperti alien ilegal,0
Lucu bagaimana mereka membawa jutaan ragheads dan kemudian jalang tentang sentimen anti kike,1
babes kita membeli brazilian dan Peru tidak benali,0
Anda perlu menerima kenyataan bahwa Anda berdua hipster homo.,1
Hyungwon mengatakan ini adalah fansign saya Anda semua akan datang ke jalur cangkul,0
pengguna pengguna pengguna americans datang sebelum alien trump ilegal tampaknya menjadi satu-satunya politisi yang percaya ini,0
cara terbaik untuk memecahkan masalah negro adalah untuk mengambil sepotong tanah memaksa negro ke tanah membangun dinding di sekitarnya dan panggilan negara negro dalam satu tahun negro akan membunuh satu sama lain off,1
Kapten Kirk Hoe!,1
fuck my rick ?,1
Anggota dewan yang berteriak pada nazi pada korban dari perawatan anak-anak dan ini akan menjadi lebih buruk di bawah jeremycorbyns sosialis britain muslims adalah kaum kiri maga mcga mega patriot konservatif url,0
dan beritahu kami konteksnya... berapa banyak jumlah penampil jaringan TV yang turun selama periode yang sama? oh tentang hal yang sama?,0
apakah kita bisa memilih wanita mana yang pertama?,0
India memotong impor minyak iranian sebelum batas waktu novermber url tcot maga reditioning,0
pemandu tur pengguna pengguna dan di sini Anda akan melihat caucasia sejati hanya menjadi putih,0
tahan,1
"chburashka yakin akan menjadi hal yang bodoh dan bodoh kadang-kadang, bukan?",0
Aku benar-benar merasa kasihan pada wanita heteroseksual. Aku yakin sekali tidak ingin menghisap penis. Aku merasakan rasa sakitmu.,1
pembangkangan...... menggunakan wanita yang sebenarnya sebagai laboratorium rekayasa genetik untuk semua klon alami... atau sesuatu... homo rome,1
ok ada film aksi hidup wanita eletra dan gadis dina begitu gay,0
"Ibuku membuatkanku brownies, itu adalah segalanya.",0
tidak bisa dihentikan! qb ini tidak mungkin baik bisa dia? harus merasa untuk ia perlu mentransfer. tidak bisa membantu tetapi memiliki perasaan lucu dia akan menyimpan bam pada beberapa titik tahun ini. tidak pernah tahu.,0
kita harus membunuh orang kulit putih setiap hari sampai penghuni Gregfell ditempatkan di rumah mewah blog pos Huddingington,1
setelah itu dia dilempar ke bawah kereta api ...,0
menyebarkan pesan tentang Yahudi sekarang lebih tenang tingkat yang alami dan baik selamat Anda tahu masalah langkah berikutnya adalah untuk melakukan sesuatu tentang hal itu,1
bull! berapa g.soros membayar Anda untuk pernyataan Anda terhadap presiden luar negeri?,0
itu membuat saya sakit melihat semua orang kulit hitam dan Asia.,1
Jika mereka pernah menerima bahwa ada perbedaan mental antara ras mereka akan menempatkan sekop pertama kotoran ke dalam kuburan multikulturis.,0
dam bitch you aint gone say hay,1
kiri tidak menyerang saya karena saya seorang pria kulit putih atau rasis jika itu benar mereka tidak akan menyebut hitam konservatif coons atau menyerang perempuan konservatif mereka hanya menggunakan jenis kelamin dan warna kulit saya untuk mengutuk pandangan politik saya,1
anak lmao Anda tahu pikiran saya pergi melampaui omong kosong gila biasa saya m terbelakang,0
"Siapapun kau, kau pantas mendapatkan ini.",1
Apa kesamaan ikan dan orang kulit putih? Keduanya terlalu bodoh untuk bisa berpikir metafora rupanya.,1
salah satu hollywood vagina terbesar dan pecinta negro untuk mengukur baik,1
tidak bijaksana sepanjang waktu untuk tidak menyerah kepada tuntutan liberal .. misalnya memungkinkan beberapa hari lagi untuk sidang kavanaugh dan menawarkan penuduh palsu kesempatan untuk bersaksi di bawah sumpah cerdas politik.. tapi liberal menuntut lebih banyak. maka rumputley mengatakan tidak ada,0
Wanita feminis adalah wanita yang sedih sekali turun kegilaan kolektif yang modern dan telah mengadopsi taktik kike untuk tidak hanya secara harfiah membunuh dan melukai pria tetapi juga untuk secara psikologis mendominasi wanita mereka sendiri.,1
hey kenapa kau tidak pergi saja? ok baik-baik saja tanpa dirimu. beritahu kami berapa banyak hal yang lebih baik di mana kau berakhir.,0
sangat menarik untuk melihat apa yang menyerang ketakutan ke dalam hati kaum kiri itu tidak jihadis Islam itu bukan geng perkosaan muslim itu bukan kejahatan ghetto itu kartel narkoba Meksiko itu ide bahwa orang kulit putih bisa menjadi kekerasan yang menakuti mereka,1
Idk yang memberikan nama jalang itu nama saya,1
Trayvonmartin disebut zimmerman sebagai bajingan menyeramkan.,1
pelacur hidup rendah,1
topi burung gt; setiap topi lainnya,0
labels softfuthermill mengunci ini mudabulls turun bagian gila kebanyakan seniman ini lebih suka diperkosa oleh seseorang dari ras yang berbeda merasa seperti tidak ada yang melakukan apa-apa untuk mereka label mengunci ini muda bulls turun bagian gila adalah kebanyakan seniman agak g,0
"Begitu aku tahu dia mengandung seorang gadis kecil dan dia juga basah, tiba-tiba aku melihatnya menjadi menjijikkan dan tidak akan pernah menonton apapun yang dia masuki lagi.",1
pergi ke negara pemilik toko minuman keras pennsylvania tidak memungkinkan perusahaan swasta untuk menjual roh dan anggur sangat selektif semua staf pelayanan sipil saya tahu itu bahwa buruk mengatakan selamat Natal untuk harfiah semua orang dan semua orang sangat bahagia dan itu dekat daerah ghetto juga,0
dan melewatinya untuk soros.,0
Kita pendidikan dapat menggunakan banyak pemikiran tentang url tcot maga regnationing,0
Tetap di sini...,0
pengguna pengguna ia terbelakang sehingga ia mungkin sedikit tajam,1
Ugh waktu untuk menjadi pelacur labu,0
"Kuharap kalian diserang karena mendukung Sopa, sekelompok homo ular kotor.",1
Aku tidak melihat cerita runtuh sama sekali. Tapi aku melihat orang-orang mencoba untuk lulus narasi palsu bahwa serangan tidak pernah terjadi.,0
selamat pagi malam ini aku mimpi buruk dimana semua tj tiba-tiba terangsang pada Tod dan orang-orang mengirimnya dengan Hank ada fanarts dan seluruh benang tentang hal itu dan aku ingin membunuh setiap satu dari Anda,0
pengguna pengguna membayangkan pergi ke negara sebagai pengungsi kemudian mengatakan kepada mereka mereka salah dan memprotes pemerintah sejarah mereka dan politik bagaimana menyedihkan dia,0
lo yang tweet zebra.,0
tidak dapat diterima dalam masyarakat sipil telah menjadi strategi pemilihan partai demokratis. bersiaplah.,1
Ternyata ada beberapa jenis plotel aneh terlalu salah satu karakter utama gay telah dipersiapkan untuk menjadi muzzy pembenci lmao,1
slidedipussy seperti papan selancar,1
Setenang yang kau butuhkan.,0
dia belum dilatih dengan baik. semua ini adalah penipuan untuk menunda pemungutan suara sehingga ini adalah titik suara tengah semester. konservatif harus membuat ini menjadi isu non dengan mengubah angka dalam catatan untuk mendukung agenda dan kandidat maga.,0
"memimpin dekorasi Natal lampu t t memimpin peri string cahaya untuk outdoor indoor,",0
y all niggas is cangkuls,1
ayahmu adalah pria yang benar-benar bahagia karena anak-anaknya tidak negro meskipun; jimmy adalah nigga eva saya,1
omong kosong,1
"Yahudi tidak hanya gila, mereka adalah dari DNA iblis harfiah.",1
nomor uk mps terlibat dalam penutup atas jumlah juta anak-anak kulit putih diperkosa oleh orang muslim mengundurkan diri semua bajingan kotor Anda,1
burung flappy cheat kode,0
Orang tua dewan televisi skandal seks adegan setelah Charlie Brown tidak ok,0
Jadi tentang pajak truf dan rachel maddow somthing saya menemukan pada nomor pol anonymous tanggal tue waktu tidak ada jumlah bodoh tanggul bodoh kike bodoh lesbian,1
Mereka memerlukan ed fisik tertentu. persyaratan di sekolah saya untuk diberikan gelar sarjana.,0
Anda meletakkan cincin pada jalang amp dia cangkul masih,1
seluruh dunia ini telah pergi ke kotoran dengan semua marxist fs twitter membayangi saya terakhir yr dan saya off untuk hari berikutnya karena saya disebut michelle alias Michael obama jalang,1
tahanan nope berarti bahwa Anda percaya di wp dan mencoba berpakaian seperti satu tetapi tidak bisa karena orang tua atau pekerjaan Anda.,0
Kalian kaum liberal... menyeru... untuk melakukan hal bodoh!,1
Aku mendapatkan kantong penampungan untuk anjing kampung.,0
itu terdengar seperti jalang bahwa polisi berbicara di radio mereka terdengar jalang yang sama setiap waktu. tidak pernah suara dude,1
"mendikte apa? kita bukan polisi dunia lagi, ingat. mereka tidak ingin kita. jadi kita adalah pengekspor energi dunia yang terkemuka sekarang. kita punya cukup diri sendiri selama bertahun-tahun. pantat terbalik muzzies di timur tengah dapat pergi pon pasir mereka.",1
aku benci profs yang mengatakan mereka tidak mencoba untuk menipu Anda dalam kuis dan kemudian membuat kata untuk semua jawaban super mirip satu sama lain seperti cara untuk pergi i benci Anda,0
"penerbang ini membuatnya lebih mudah bagi semua orang untuk mendapatkan di belakang pasukan kami, dengan memindahkan mereka keluar dari iraq, dan ke lokasi di mana mereka akan melakukan sesuai dengan U.s. konstitusi .",0
bloki pantat putihmu karena kau mencoba untuk memulai sesuatu seperti homo sialan jadi persetan kau nigga,1
richard grenell wapos Greg Sargent mengolok-olok mengidentifikasi pemilih dan membuktikan titik pendukung,0
Mereka bisa melatih semua pengangguran imigran di uk sudah,0
Kalian semua harus masuk ke bagian komentar itu dan biarkan mereka tahu kita tidak akan difitnah seperti itu dan kita memiliki hak untuk berkumpul di daerah tersebut.,0
Tolong tunjukkan apa yang tidak benar. apakah shitlibs tidak menyukai keterpencilan dan pemotongan pendanaan publik? apakah mereka tidak menyukai privatisasi? apakah kebijakan sosial mereka lebih dari sekedar gerakan kosong? apakah ada orang dalam benang ini yang menyebut penipuan narkoba sejauh itu? tidak? jadi benar!,0
maaf kau seorang sosialis!! aku berkontribusi pada Tedcruz!! muak dengan liberal!,1
rt memberinya yang bergerak itu lil negro push smh ..,1
persis jadi tutup mulut,1
eliza kau menakjubkan kau membuka dia dia terlalu lucu dan eliza Anda jiwa yang indah,0
bukannya memberitahu muslim untuk tidak pergi ke masjid langsung menangani kenaikan islamophobia dan mulai mengambil terorisme putih serius,0
Mereka menilai seperti mereka mengalami hidup dan klub milyaran dolar.,1
kulit putih b melenturkan foto mereka dan ikan seperti kita seharusnya pingsan atas omong kosong itu,0
Dia mendapat mengecam oleh beberapa dalam tweet itu maka kike Yahudi mengatakan kepadanya hei suku memungkinkan mendapatkan oscarsosih trending akan fox berita menunjukkan tweet nya pada,1
Kami sedang berusaha menyelamatkan negara kami dari ppl seperti u. appropo u Anda menetapkan bendera terbakar seperti u menetapkan keadilan terbakar. lockherup.,0
sesuatu yang jauh lebih besar dari uranium satu!! proyek Pelican ini besar melalui,0
berapa banyak dari mereka adalah Yahudi dan shabbos goys,1
pengguna adalah anda atau kerabat anda pengungsi di perahu ini,1
nat geo mencoba untuk menyalahkan Islam radikal pada apa pun tapi islam dan acara kurang dari satu menit di,1
gt; ripping antifa lemah untuk tentara wwii,1
moral dari cerita negro berbohong,0
Sudah cukup kita mendukung mesico sekarang kita harus mendukung africa.,1
"Oh, tidak.",0
Jika mereka peduli dengan negara mereka maka mereka harus pergi dan melakukan sesuatu yang sekelompok pengecut,1
Kota serangan jantung... ..Teruslah makan pantat gemuk...,1
"Jika kau makan telur goreng dan meninggalkan kuning kuning kuning sepenuhnya, kau akan memalukan dan juga menjijikkan.",0
Orang tua saya tidak akan menerima cerita pasangan putih saya begitu aneh seperti Anda tahu betul itu begitu sulit untuk mitra hitam anak-anak coklat seperti saya ingin menonton film atau cerita yang berurusan dengan bahwa saya lelah ppl putih,0
Sayangnya mengingat munafik dan tidak etis perilaku liberalsdemocrats hari ini saya melihat klaim atau tuduhan yang dibuat oleh mereka dengan tingkat skeptisisme yang besar.,1
negara Penn tryna miring dan layar sepanjang jalan turun lapangan lol,0
Kevin hart membuat wajah lucu... kurikulumnya agak sampah...; kurikulum?;;;,0
pengguna maksudmu nazis mereka tidak melarang mereka cukup terus terang,0
Aku yakin itu semua akibat diskriminasi.,0
pengguna pengguna pengguna pengguna pengguna pengguna ya hanya bagian belakang dari masyarakat dalam oklahoma yang bahkan tidak tahu olahraga lain ada,0
Ibu tidak pernah pindah saya pikir saya akan setidaknya menggerakkan lengan kaki i berarti sesuatu yang dia idiot. mengapa dia tidak menonton untuk car geeezzz dan idiot lainnya di mobil heshe buta,1
"mendapatkan prioritas Anda lurus Anda tolol, menyelidiki pelacur berbohong ford!!",1
darah putih tetap putih tidak peduli di mana ia pergi ke sekolah. Anda iri heeb.,1
Ukip menuntut sekretaris rumah muslim atas penangkapan tommy robinson,0
tidak perlu membuatnya lebih jelas seberapa putus asanya Anda ... komentar diganti Anda adalah indikasi yang cukup mana prasangka Anda dan pandangan xenofobia berasal dari ...,0
"Yang ingin kukatakan adalah kau pasti tinggal di sebuah lubang diuk, dan bukannya mencoba untuk mengubahnya kau menyelipkan ekormu di antara kakimu dan lari!! malulah orang Inggris!!!",1
jangan menekan setiap tanggul,0
Bayi Nigeria yang mencari budaknya sendiri.,1
mendapatkan anak-anak muslim untuk mengatakan Yesus adalah satu-satunya putra Tuhan maka Anda akan melihat muslim kemarahan,1
"Aku mulai tidak suka lemah lembut, ini nig yang lil sombong bagi saya",1
"jalang, bye ; rt dawg melihat omong kosong ini;;;;;",1
Republik memiliki satu lelucon dan itu memuncak di t kemeja saya melihat pengguna yang mengatakan putih lurus konservatif Kristen laki-laki tersinggung namun perang saudara libertarian perang perang mendaftar bahkan tidak bercanda,0
Menurut saya dia marah tentang aneh Rabu karena anak-anak mengatakan kepadanya itu benar-benar akan menjadi Senin gila saat ini?,1
menyebabkan negro ini vagina dan saya keras,0
Selamat tinggal hop plans ! Waktunya untuk dink u!!!!!!!,0
"setiap artikel berjudul Yesus, yang menyedihkan asli tidak layak bahkan kedua dari siapa pun waktu. Dan fakta bahwa berita rubah Anda menonton diri sendiri adalah menuduh liberal mengikuti prasangka mereka sendiri atas fakta-fakta lucu. atau, itu akan lucu, jika tidak begitu sedih.",0
Saya berharap ada lebih kidal di sini untuk berdebat dengan konservatif menyenangkan untuk sementara waktu tapi setelah beberapa waktu semua yang Anda dengar adalah cacophony dari Muh berbasis hitam meskins asians homos mereka semua merican,0
Persetan denganmu dan salah bercinta dengan Ramadamu dan allahba juga sekarang hari ini kita tidak perlu mengatur satu gratis untuk menyebarkan berita,1
Aku harus berhenti menjadi pelacur kecil,1
"Dengarkan rumput biru, celtic, texas ayunan, rock a billy, lama daerah, batuan selatan, dan musik nasionalis putih!",0
perhatikan sebuah komedi menunjukkan di mana tuan rumah membuat dua referensi negatif untuk apartheid di africa selatan kiri mengeluh tentang boer orang telah diadakan Senin hitam dan referensi ketiga ditujukan di putih Afrika Selatan seolah-olah kulit putih masih menindas Afrika.,1
pada kerusuhan antifa dan berteriak pada orang kulit putih,1
lokk di bulan Juli ketika saya mengatakan gordon akan dipotong untuk obat-obatan dan Anda menelepon saya dipshit.,1
pengguna pengguna pengguna i berarti mereka biasanya menyalahkan Yahudi untuk degenerasi femoid modern,0
wanita wanita,0
"eu mengusulkan larangan pada alat pemotong plastik, sedotan dan plastik lainnya",0
karena beberapa orang adalah bajingan. kau putus asa nave jika kau berpikir banyak penipuan tidak akan mengambil keuntungan dari perubahan hukum ini untuk tujuan memfitnah.,1
tidak jinak hanya tidak menggunakan kata-kata seperti negro dan kike dll diqus memungkinkan situs web daftar hitam kata tertentu,1
"Selama lakers sampah dari sekarang, saya bisa ceroboh dan itu nyata .. cc hahaha",0
"sangat penting bagi orang untuk menyadari bahwa gay menginginkan pernikahan gay bukan karena mereka menginginkan semacam dokumen pemerintah, tapi karena mereka mencari hak untuk mengadopsi anak-anak yang tak berdaya.",1
Figur! apa yang salah dengan idiot ini? terima kasih Tuhan untuk,1
Aku tidak tahu apa yang telah kau katakan tapi aku suka mereka proyek hogs,0
"Tutup kotoran kotormu perangkap lutut lemas, ashy berkaki, bola biru, roda hamster terisolasi, tidak ada puting jalang",1
Berjuang untuk tertindas?,0
"melawan saya, komunis.",1
pussy ass nigga,1
Aku tidak akan pernah percaya Chuck Schumer. Dia pembohong dan presiden tidak percaya padanya baik.,1
pengguna pengguna pengguna mereka adalah bodoh norway adalah kurang dari persen ukuran negara itu seperti persen putih dan cukup homogen budaya sebagian besar imigran berasal dari budaya Kristen putih itu akan seperti mencoba untuk mendasar kebijakan nasional pada beberapa statistik tentang colorado,0
Bagaimana rasanya menjadi ceroboh enam puluh detik dari peternakan macdonald tua?,0
i tinggal di lingkungan putih dan i negro itu tf up,0
Tidak ada Yahudi yang terbelakang karena mereka terus caving ke kepala handuk tuntutan membiarkan mereka memiliki lebih banyak kekuatan untuk menghancurkan sekutu kami hanya di saya sehingga seperti yang saya katakan Yahudi terbelakang,1
orang pengguna abad yang lalu juga diperkosa memperlakukan orang kulit hitam sebagai budak dan Yahudi digas segera kita bekerja keluar apa yang benar dan apa yang salah dan makan hewan salah dalam sejarah evolusi kita kita juga vegetarian,0
truf Anda sialan gajah im mengirimkan Anda kembali ke africa untuk menjadi imigran ilegal,0
chrisf chrisf nomor jam yang lalu menonton beberapa episode polisi dan memberitahu saya hitam sedang dipilih keluar tanpa alasan Ghetto hitam kacau polos dan sederhana,1
hahahaa austrian leninist.... dengan kata lain...... Yahudi.......... persetan denganmu dia menjadi homo... kata-katamu tidak relevan dan begitu juga seluruh ras sialanmu....pergi mati sekarang,1
beberapa perbedaan penting jika twter disensor menciptakan ghetto di mana itu mengirim semua dilarang dan mereka pergi atau jika semua orang hanya pergi ke menyembunyikan Anda d menjadi ke sesuatu ini lebih seperti Yahudi melarikan diri ke ISRAEL,1
pengguna pengguna saya akan berpikir itu hiperbol beberapa tahun yang lalu juga tapi sekarang kita punya ton terfs putih mencoba untuk mengikat orang trans untuk teori konspirasi antisemitik sementara menghubungkan dengan nazis diidentifikasi diri berbagai kelompok kanan mereka semua meninggalkan topeng mereka kembali dalam jumlah,0
sampah murni,1
Persetan dengan pelacur berkantong plastik!,1
i mengakugt; degenerasi dan pembangkang adalah walrus yang menyelinap vagina di malam hari; saya seniman melukis istri Anda dengan bajingangt;,1
Negro gila,1
Kaum konservatif percaya bahwa semua orang yang berwarna adalah pejabat yang bersalah atas kejahatan karena itu ketika Poc ditolak hak mereka dalam pembunuhan ekstrajudisial tidak pernah mempertanyakan pembunuhan.,1
Popcorn dan permen untuk makan malam. Aku selalu tahu Charlie Brown adalah binatang rohku.,0
Dewa mereka sering memiliki kulit pucat dan mata biru tapi aku kira kemampuan baca tulis tidak dihargai dengan tinggi oleh intelligencia budaya mereka.,1
Yahudi adalah sandniggers putih,1
Jika James Oliver bercinta dengan makananku di Baresco III membunuh vaginanya,1
Memilih nominasi demokratis Charlie keras kepada kami. Senat.,0
Dibayar untuk menyerang kredibilitas siapa pun yang mengkritik atau menuduh salah melakukan. Dia adalah pembunuh bayaran yang menyamar sebagai jurnalis. Dia adalah hack!,1
dan Naz Shah MP menyukai komentar yang mengatakan kepada anak-anak kulit putih diperkosa oleh orang Pakistan muslim untuk menjaga mulut mereka tertutup untuk keragaman corbyn corbyn tidak karung mainan nya diabaikan itu semua,0
Anda benar-benar berpikir tidak ada yang akan peduli tentang foibles aka pelecehan seksual dan mungkin pelecehan seksual dan pemerkosaan perempuan jika itu tidak dilakukan oleh Yahudi kuat baik kotoran dan bahwa mengapa saya seorang feminis,0
"Suami bekerja sebentar di berbagai pekerjaan tapi dipecat karena menolak untuk belajar Jerman. sekarang, dia dan kawanan besar nya akan hidup dari negara.",0
yang larry tweet mentimun lucu af.. tapi itu sedikit banyak untuk rt Anda pelacur muda mungkin menangis;;,1
Kau komunis dems yang naik neraka untuk kulit menghancurkan demokrasi dan republik.,1
pengguna dimulai dari Islam modi diperkosa dan mengakhiri pidato kuat dengan laillaha lallah tidak ada Tuhan selain Allah dan kita akan berjuang sampai akhir tidak memilih dia tapi memang itu salah satu pidato terbaik yang pernah saya dengar,0
keragaman berarti mengejar orang kulit putih terakhir,1
"i mengambil tes pemberontak vs. yankee pertanyaan, aksen, penggunaan kata dan mencetak total dari . pemberontak vs. . yankee di pa selatan.",0
"lol mencoba datang ke delavan wi dan mengatakan bahwa untuk wajah Nehlens, punk. jika ada penipu semite harian yang telah diambil dalam jutaan dalam sumbangan tetapi tidak memiliki ideal revolusioner atau cara nyata ke depan.",0
bagus defleksi kike tidak ada hubungannya dengan subjek materi Anda Yahudi semua sama,1
"kecuali kau turis atau disini studi selama satu atau dua tahun tolong kembali Rusia, kita tidak perlu atau ingin lebih banyak budak",1
melihat pengacaranya aku yakin dia benar-benar ke dalamnya sudah!,0
Aku bahkan tidak mengatakan negro saya katakan negro. im seperti chuck Norris. saya mengatakan kata negro tanpa memeriksa bahu saya.,1
Seseorang terlihat seperti mati pada tabung pertama pada lol burung flappy!,0
Jumlah negara Afrika Utara mengancam kita untuk membayar upeti untuk menyimpan bagian di laut mediterania tapi Thomas Jefferson menolak dan kaum Arab menyatakan perang pada kami yang akhirnya menyebabkan kehancuran perdagangan budak arabic europeans setelah intervensi Belanda Inggris Perancis,0
LOL shit Aku hanya mengatakan ini di tweet Anda yang lain,1
pendukung hebat!,0
pengguna baik dia muslim jadi tentu saja dia membenci Yahudi Yahudi Yahudi kebencian adalah salah satu mendefinisikan fitur islam,1
akan menarik gay dan mengeluh tentang tidak punya pacar,0
thursday thoughtrs akan pernah mengakui semua cara lain bahwa twitter mensensor konservatif? tampaknya sangat tidak mungkin. sangat menjengkelkan untuk memiliki utama saya pakan terbatas dengan burung hitam bodoh memerintahkan saya untuk kembali ke atas. bahkan tidak akan membiarkan saya kembali ke pagi ini.,1
Orang kulit hitam yang kau suka lukisanmu payah Michael Oama terlihat seperti mencoba menjadi barry putih terlihat seperti anak tiri terbelakang,1
Bahaya adalah pelacur gemuk,1
homo,1
Aku telah mendengarkannya sebelum kesimpulan... ..dia adalah seorang pembodohan.... waktu tidak mendapatkan uang saya....,0
Mediato selektif putrid kemarahan hanya pada konservatif hanya oleh liberal yang ingin kita tahu bagaimana moral mereka!!!! kembali kavanaugh dan lainnya repub yang akan berdiri melawan mereka!!!! url,0
tentu saja aku akan mencatatnya tapi aku akan terus menunjukkan bagaimana kau menolak untuk mengungkapkan informasi apapun yang mungkin memberikan posisimu pada topik yang berhubungan dengan wn .,0
Aku benci bersandar di dalamnya menempatkan seluruh beban pada wanita untuk memperbaiki sistem dan mengambil satu untuk persaudaraan yang salah pengguna hr teknologi conf,0
Dewa Eropa dan dewa kike kuno yang terbuat dari euro dan dewa-dewa kike adalah hal yang sama persis jika Anda tidak menyembah dewa yang sebenarnya Anda menyembah orang lain bahwa orang lain adalah setan tidak peduli jika Anda memanggilnya moloch odin atau roh leluhur Anda berbeda nama sama,1
Dia tidak mengatakan bahwa ketika ia memperkosa teman putrinya tahun dan tidak terlalu lama setelah dia bunuh diri,1
"mereka terus mengatakan kepada kita bahwa tidak semua muslim adalah orang jahat, tetapi semua muslim melakukan menyembah anak pedofilia. mereka menyembah pedofil sialan!",1
tidak perlu untuk negroz untuk memiliki rata-rata iq di atas jumlah untuk membuat wanita ur paticipate dalam rasmixing sampai aku tidak ada lagi putih,1
Aku tahu orang bodoh itu santai saja.,0
Aku punya dick Durbin yang tidak akan terjadi menyalahkan shitcago itulah yang saya lakukan ..,1
Islam jelas menyatakan tujuan mereka mengapa begitu banyak di barat tidak mau mengakui tujuan Islam dan konsekuensi menerima ideologi ini ke masyarakat barat itu hanya kohencidenal i am sure,1
Bagaimana kalau hanya jaksa biasa yang mendapatkan pekerjaan yang dilakukan dan kuku jalang sekali dan untuk semua,1
ketika sosialis liberal berbaris melawan jenis gender yang berbasis ketidaksetaraan adalah foislam di masyarakat barat apakah Anda pikir dunia akan berhenti berputar muslimban,1
Tulang tulang tulang tulang tulang dusun,0
menyebalkan,1
"berapa jutaan alien ilegal memilih untuk Hillary yang peduli, yang tidak memiliki dampak pada pemilu. menghambat.",1
tom brady perlahan-lahan menjadi dicuci?; nah.. senjatanya hanya sampah,0
ada banyak lagu dari band yang memecahkan bola.,0
Nominasi gop untuk cerita magov Charlie tukang roti nelayan berantakan. Dia layak mendapatkan oscar untuk bermain menangis.,0
pengguna dan sama dengan seksualitas jika homofobia Anda memilih yang lurus,0
Semua alien ilegal menyeberang ke canada akan diadakan menunggu sidang pengungsi mereka klaim di sebuah desa igloo dibangun di rusanee ontario di james pantai lampu minyak untuk cahaya panas akan disediakan gratis,1
selama itu dipublikasikan. shell akan diadili dan dihukum di pengadilan opini publik. yang dapat lebih buruk jika Anda tidak dihukum di ruang sidang.,0
memiliki bulu mata panjang adalah sialan kutukan saya mendapatkan setidaknya satu di mata saya setiap hari sialan,0
"Kau putih, bukan?",1
Kau lebih pintar saat pensiun.,0
mungkin karena kau telah memberikan bentuk permainan untuk kelompok kebencian tanpa kritik atau kritikit sementara memukul antifa dengan analisis nol,1
adalah homo,1
"Terima kasih. Jika itu adalah sebuah bola bumi, bukankah kita harus melihat kurva di cakrawala mil itu?",0
kali dalam tahun terakhir itu adalah waktu untuk generasi berikutnya untuk melawan kembali untuk mendapatkan kembali negara kita ..... boomers bayi akan kehilangan untuk kita jika kita tidak melakukan apa-apa.,1
Aku sangat khawatir tentang yang satu ini karena aku pikir sekelompok roid akan melompat keluar dari mobil menandakan kota untuk mendapatkan begitu bersemangat dan perempuan untuk menghapus pakaian ....,1
bioetik perlu jelas sekali dan untuk semua jika itu adalah moral untuk insinyur virus yang hanya membunuh asia ya,1
"""Kappa""!",1
yeah..karena jika ada yang berpikir badut ini pergi membeli oreo adalah sebagai bodoh seperti mereka semua terlihat,0
"kita dapat bekerja sama dan saling menjaga yang tidak bisa dilakukan orang kulit hitam. kita dapat berpikir sebagai individu dan melakukan hal-hal karena mereka benar dan bukan karena kita diberitahu kepada, yang tidak bisa dilakukan oleh Asia.",1
"Berbicara tentang ford dan karangan bunga, saya perlu untuk mendapatkan sub saya dari sana. dan aplikasi pekerjaan. lo killin burung dengan satu batu! Amerika",0
Anda harus memberikan lebih banyak pengawasan kepada para konservatif,0
nah fam yang akan kekejaman hewan tidak ada cara saya d makan anjing saya negro daging,1
"Jika kau melepas topeng mereka, kau akan melihat betapa kutu bukunya mereka semua melihat klip dimana mereka melepas topengnya aku berharap aku bisa menemukannya tapi mereka tidak ada yang bersembunyi dibalik topeng",0
mengapa kanan vs kiri adalah baik vs jahat truf london protes,1
dari Zman mengambil sebuah tur ghetto melalui tempat seperti blithimore dan Anda melihat sebuah dunia yang seharusnya tidak pernah ada di negara barat kurang dari seumur hidup yang lalu tidak ada itu tidak diperbolehkan untuk ada oleh orang-orang yang bertanggung jawab,1
seret dan buang jalang-pelacur itu di tempat sampah,1
demokrat melahirkan antifa amp; blm.,0
berpikir bahwa seperti bangsa Kristen yang besar seperti ireland memiliki yayasan Islam adalah memuakkan.,1
Diam coon.,1
"Yah, tidak akan pantai Anda yang banyak tapi saya tidak melihat Anda akan bass memancing dengan sekelompok redneck kaya baik.",1
Kita butuh pantat ghetto siri jalang Aku bilang belok kiri,0
Ini adalah chit shake ku monyet itu beeotch,1
user user ikr yang selalu beberapa gadis kulit putih dan noah sentineno memberi kita lesbian,0
mengekspos setan-setan ini melanggar konstitusi kita dengan kekerasan amp; ancaman untuk menjalankan govt bukannya menang pada polling! nama mereka teroris domestik amp; penjara mereka semua.,1
"ff telah secara konsisten salah satu keajaiban sifat terburuk. akhir ff baik, tetapi seluruh alam semesta akhir sekarang di tempat sampah.",0
balasanmu tidak masuk akal,0
akan mendapatkan tato air mata pada penisku menyebabkan aku membunuh vagina itu,1
Aku berpikir itu sebagai negro yang suka skateboard dan punk rock serta kelapa,0
Jadi seperti pria kita memiliki penis yang terlihat seperti lilin meleleh tapi perempuan mendapatkan sesuatu yang keren seperti vagina mereka terlihat seperti predator sialan,1
itu mengganggu saya karena saya merasa siapa pun yang masih mendukungnya sama rasisnya dengan dia. Im setengah hitam dan putri saya dan putri saya hitam jadi saya tidak mengerti bagaimana keluarga saya tidak melihat apa-apa yang salah dengan mendukung dia.,1
California membutuhkan pemimpin yang menempatkan deportasi dan anti marxisme pertama sampai Anda dapat melakukan bahwa Anda hanya boomercon chink,1
misterium tremens mengapa new yorkers terus mendukung gila kike djuggie schooma,1
Aku atasanmu. Mulai sekarang kau akan memanggilku pak.,0
negro adalah mengambil hidungnya dan ibunya mengatakan leroy berhenti melakukan itu tapi mama semua anak-anak putih melakukannya mereka anak tetapi tidak dengan sendok sialan,1
putih miskin,1
tentang pollo hermanos dan heisenberg?,0
Semua orang melakukannya...maga,0
baik kita selalu memiliki pilihan untuk menembak negro yang mati di tempat untuk menjadi hitam jadi ya,1
dan telah dipermalukan oleh truf atas rit pertama menyediakan kesempatan yang mudah untuk mengambil sikap yang lebih keras bahkan jika hanya kata-kata pada terorisme moslem,1
pengguna adil beberapa dari mereka tidak diragukan lagi datang ke sini sebelum kami didirikan Thomas Jefferson juga menciptakan kami angkatan laut untuk menangani dengan para bajak laut muslim barbary yang telah menuntut sejumlah besar uang perlindungan dari koloni selama bertahun-tahun,0
"Killary dan Obummer pasti akan masuk penjara sekarang, kan Gabfam?!",1
Aku akan memanggil teman-temanku dan kita pergi bercinta dengan negro itu,1
Charlie sangat menggemaskan.,0
Kau bisa berterima kasih pada serigalanya atas pelanggaran hukum pembagian.,1
sehari setelah seorang pria bersenjata dibantai jemaat di gereja texas kecil Angkatan udara mengakui pada hari Senin bahwa ia telah gagal untuk memasukkan pria kekerasan rumah tangga militer ke dalam database federal yang bisa memblokir dia dari membeli senapan ia digunakan untuk membunuh nomor orang,0
dan mereka harus menghadapi konsekuensi.,1
beberapa dari kalian benar-benar membiarkan negro di topi maga memberitahu kalian tentang tuan dan penyelamat kita lmao pergi dalam jumlah pls,0
Wanita di kantor adalah kesalahan.,1
Wanita tidak ada untuk melakukan semua hal yang pria bisa lakukan. wanita ada untuk semua hal yang pria tidak bisa lakukan.,1
Akan untuk pelacur nigga leher menyebabkan nigga am rollin,1
Hanya orang Amerika yang akan mempekerjakan sampah putih yang berhubungan dengan terorisme internasional sebagai petugas polisi.,1
Aku tidak tahu bagaimana aku bisa se-fag ini;,1
Jutaan muzzie kotoran mengalir dalam memperkosa wanita yang paling populer wanita wanita wanita murahan dengan tato naga berburu nazi pemerkosa,1
mabuk cinta dengan senjata saya bae jalang beyonc; ; ;,1
"Yahudi percaya Yesus adalah anak haram pelacur. Cari saja. Atau hanya praktek disonansi kognitif dan bisu nenek saya. Jika mereka benar-benar percaya pada Yesus sebagai orang Kristen, mengapa website mereka mengatakan ini",1
Dia sedang melakukan pertunjukan di tingkat tinggi! Dia mungkin tidak berada di klub top tapi dia bisa mencetak gol memberinya kesempatan!..,0
Kau berhutang dua cangkul. Aku tak mau dengar apapun saat aku hyu.,1
wow!! downvotes! kira soros dibayar troll dan kikes kotor dibayar hari ini!!,1
Yankee menang!,0
berhenti memanggilnya suara kristal jalang,1
Aku Scottish di sisi ibuku dan Portugal di sisi ayahku dan aku tinggal di utara Portugal,0
Jika panggilan yang terpercaya untuk kekerasan tidak dilindungi pidato bagaimana Amerika diharapkan untuk melaksanakan tugas mereka membuang rantai dari pemerintah tirani serius pertanyaan pengguna,0
lol yeah per dina dia ada di sana sehari-hari per claudia tidak ada kuda mendapat perawatan dokter hewan kecuali itu untuk contoh sumbangan pincang dll,0
Ini adalah pengingat bahwa artikel kecemasan kepunahan kulit putih berarti bahwa progresif adalah perbankan dan merencanakan penganiayaan atas anak - anak Anda.,1
fuck cobra kai dan fuck yang homoseksual dikenal sebagai Daniel saya untuk kobra nyata kobra akhir bukan remake gay kobra dan Baroness destro,1
meh adalah campuran dari beberapa varietas aneh ditambahkan smidgen admixture putih hanya cukup untuk membuatnya berpikir dia lebih baik daripada rata-rata sandnigger ia mendapat hal yang nyata untuk tranies dothead mengapa ia ingin berbicara dengan nazis seperti Anda dan Anglin,1
hanya mengingatkan untuk saudara-saudara saya gab yogurt untuk membuat kebisingan tentang memberitahu teman-teman Anda dan boycott waktu peringatan netbucks patagonia dan meningkatkan kesadaran tentang chobani hubungannya dengan pemerkosaan gadis berusia beberapa tahun oleh muslimes di twin fall idaho berbicara dengan,1
lisaxmichaelkors dia sangat cantik!,0
ini adalah salah satu taktik kike ada konspirasi dunia luas untuk menghancurkan ras putih itu dipimpin oleh kikes dan bertindak oleh hewan peliharaan mereka negro pasir dan non putih lainnya,1
Teman putus terluka seperti pelacur,0
sedih ketika orang kulit putih yang tidak bersalah mati tidak sedih ketika orang kulit putih yang membenci orang kulit putih mati dia membantu moslem nonputih ilegal tinggal di negara ini dengan alasan bertindak melawan kepentingan kulit putih dia dibunuh oleh imigran moslem ilegal yang tidak putih itu puitis,1
"Kau benar, jangan bunuh diri tapi hentikan postingan sampah ini.",0
pengguna pengguna pengguna saya pikir dia salah satu dari orang-orang yang percaya bahwa sejarah salah dan bahwa holocaust tidak terjadi,0
Mereka itu adalah liberal.,0
liberal yang delusional seperti ....! sangat terpelintir dengan kebencian Anda bahkan tidak bisa mengakui U.s. Angkatan udara!!,1
ternyata turun saturasi pada bendera gay k retweets,0
Aku ingin terobsesi dengan seseorang dan aku ingin seseorang terobsesi denganku; maka kau mungkin harus membunuh jalang itu;,1
"Masih menyekop kotoran untuk truf?.. wanita macam apa yang mendukung pembohong, rasis, penangkap vagina?..",1
pengguna pengguna saya sangat membencimu,1
winston sudah tua di kulit putih bercabang pada masa perang Yahudi untuk keluar dari utang pribadi pada saat ia mulai kelaparan wanita dan anak-anak di kamp konsentrasi sengaja selama perang boer kedua di Afrika Selatan,1
Aku bilang aku sudah selesai minum setiap hari tapi kemudian salah satu temanku memukulku seperti aku harus kes dan hanya homo yang menolak bir gratis,1
"suatu waktu di kamp band, saya terjebak seruling di saya vagina musim panas mata air",1
anyway justine sebagai disebut max sebuah slurt justine telah dibatalkan max adalah tanggul bebas sekarang,0
"ketika dia pergi keluar, hal kera subhuman biasanya di luar sana.",1
Kau telah di didik oleh lol homo,1
pengguna pengguna pengguna pengguna pengguna masih diperkosa dan diserang jadi ini hanya bodoh,0
i ini berbicara untuk dirinya sendiri nsfw url,0
untuk catatan saya tidak berpikir itu dapat ditolak bahwa Yahudi nepotistik dan cerdas dengan kuat dalam kelompok preferensi apa yang mengganggu saya adalah bahwa mereka tidak akan membiarkan orang lain priviledge yang sama,0
tidak akan menembak vagina ini!,1
pengguna kita semua telah diperkosa oleh bajingan ini cathy obrian keluar tahun lalu,1
BlackinkCrew Lily mereka tidak membencimu.. kau membencimu. kau adalah musuh terburukmu sendiri karena kau membiarkan kemarahanmu mempengaruhiku seperti dia adalah salah satu anak yang bekerja denganku,1
"Bahkan, jika kau membeli buah california, kau telah mencicipi DNA alien ilegal.",1
Itu karena kau jahat!,1
i membuat pilihan disengaja untuk tidak membahas pengalaman hidup saya keamanan sosial dan pekerjaan dan solidaritas dengan orang-orang terpengaruh.,0
"Aku tidak gila, haha suure ..",0
bro sebelum cangkul,0
kembali ke istana tennessee,0
"Kau pernah bangun dan jalang berdiri di depanmu, hanya menatap.",1
user nigger gimbry,0
Aku diblokir lagi beberapa negro bodoh gila bahwa Charlie Rose tidak memukul pada dirinya dia ingin menjadi korban pelecehan seksual dari seorang pria kulit putih jadi dia mengarang bahwa dia disalahgunakan dengan tidak disalahgunakan saya membenci hitam dan coklat lebih dan lebih,1
bahwa seperti mengatakan Inggris ingin banjir asia arabs dan muslim dalam sebuah sudah runtuh di bawah negara resourced dan sekarang kita harus menonton karena mereka mengambil alih Jerman telah dianiaya dan ditundukkan sejak wwii dan telah obeened oleh jews sebagai un,1
dia ada di sini. setiap anggota dewan ada di sini.,0
"denda, harus melakukan trik",0
john huthes adalah raja film putih,0
"Jadi aku mempostingnya di Craigslist, kenapa ada begitu banyak orang asing di kota ini dan aku mendapatkan ini sebagai tanggapan aku tahu ada orang buta huruf di luar sana tapi yang satu ini konyol.",1
Kucing papan ketik mati dan badak putih terakhir mati juga sekarang badak putih punah karena perburuan liar yang bagus akan pemburu gelap,0
ugh i hate gies,1
pergi mengisap negro dick palsu pantat moonman,1
ummmm fasisme sebenarnya dimulai dengan musolini di dalamnya dan antifa bukan bagian dari anonim. anonim tidak sensor seperti antifa. mereka tidak terkait sebagai anonim adalah anti sensor url,0
Kalian semua begitu sakit Aku benci kalian,1
"jihad pop debat musik;yo, bro, apakah Anda mendengar terbaru abu yasser hit?;, tidak bro, saya benar-benar penggemar abu hajar; bawah tanah",0
Alaye giliran jika Anda Maga don membayar,1
"Biarkan kera menggunakan lengan panjang mereka untuk memukul monyet mereka, dan mari kita gunakan gulat untuk menjatuhkan dan mengirimkan.",1
hanya liberal yang akan mendukung liberal yang menghabiskan jutaan untuk mendapatkan liberal terpilih ke kantor.,1
karakter busuk atau apa yang kita sebut dalam karakter mal Spanyol,1
user trump won t fire miller menyebabkan truf adalah nazi juga,1
dapat seseorang menunjukkan hailie tweet ini?; jalang diblokir saya;;;;;,1
diplomatik trolling kedutaan Rusia mengolok natos gambar satelit,0
ini cangkul akan bangkrut mencoba untuk terlihat kaya. bertindak upah Anda!,1
"tapi belum lama ini, Ray yang sama pada pengikut yang mungkin membayar jasanya untuk menunjuk seorang pria tidak ingat siapa yang terluka lagi.",1
Bagaimana ini bisa terjadi?!?!? Apakah ini uang pajak kami di tempat kerja...?!?,1
berlangganan ke channel faggots nomor youtube com c drezkiel,1
Manusia dan negro menggunakan restoran dengan cara yang sama sekali berbeda.,1
mengapa orang tua mental ini menantang individu memungkinkan dia untuk pergi ke menginap dengan negro ghetto terbelakang mungkin kita semua satu ras omong kosong ras manusia telah mengisi kepala mereka mungkin mereka lelah merawatnya tidak bijaksana,0
Dan kau membiarkan orang-orang pasir negro untuk menaklukkanmu tanpa kau menembakkan tembakan orang baik,1
chelsea segila ibunya,1
Kau dan politisimu mengabaikan penderitaan dari Akashmiri hindus kau menyaksikan mereka diperkosa dan dibunuh kau tidak melakukan apa-apa Madam,0
Omg pergi fuck yourseIf wetback,1
naik ke titik pandang dan melihat anak bintang .... apa monyet,0
ight nigga haha fucking aneh harus jelas jadwalnya,1
Jadi ternyata nasionalisme adalah yang tertinggi dengan kerajinan Yahudi dan freemasonry yang bahwa waktu ketika rothchilds memberikan langkah berikutnya dalam menciptakan tatanan dunia baru mereka juga dikenal sebagai tatanan dunia Yahudi,1
hal-hal yang pasti kacau ketika Anda perlu menyatakan jelas seperti ini. konservatif dibutuhkan seperti liberal dibutuhkan. satu tanpa yang lain adalah kesalahan.,1
"mereka melakukannya karena mereka tahu itu membuat orang kulit putih kesal, dengan menunjukkan tidak hormat seperti itu untuk orang lain menunjukkan mereka tidak menghormati diri mereka sendiri.",1
mendapatkan disebut jelek oleh jalang yang digunakan untuk mengidolakan Anda. ; ohhhh baik oke...;,1
nomor maslims paki memperkosa anak-anak kulit putih nomor generasinya sendiri pelacur istri dan putri nomor perempuan obat pahlawan dari tentara Afghanistan dan uk polisi perlindungan nomor generasi yang mendukung anak-anak kulit putih dengan mps dewan pelayanan sosial perlindungan genetanisasi benci perempuan mu,0
user soobhyuck superior gay number liners,0
Anda tidak masuk akal. antifa adalah kata yang dipemotong untuk antifasis. nazis adalah fasis hitler dengan definisi. banyak yang disebut sayap kanan cenderung untuk pandangan fasis. truf tidak. hanya mendengarkan dia. yang disebut kiri jauh dari fasis.,1
#Whouldbitchtentangpesta yall tahu alamat saya mengetuk pintu #,1
lampu coors adalah sampah. yuck. saya bahkan tidak suka bir.,0
jika Anda bergerak maju dengan kavanaughs nominatin tanpa informasi lebih lanjut Anda melakukan pelanggaran etika dan hukum.u melanggar konstitusi dengan arrick garland amp; sekarang ini mengerikan calon yang mengatakan preseden dapat dijungkirbalikkan. tunggu info lebih amp; pastikan,1
Aku memberitahu orang yang ingin mendengar dan menarik diri dengan pelacur baru,1
Jadi setelah mengambil dengan kavanaugh ia mampu mendiagnosa penuduhnya,0
"Fuckoff, ive punya hal yang lebih baik untuk dilakukan daripada menghibur orang bodoh",1
"Dia ada di sana, menurutku, dia tidak penting, kau penting bagiku.",0
masuk akal thernovith akan menjual invasi beaner dalam sekejap untuk menjual salinan shankish dari pikiran gorila anyways jika ia entah bagaimana berhasil mendapatkan kekuasaan lol ketika datang ke sana alt lite hanya gay kiri,1
netflix akan Anda akan merilis sebuah film homoseksual tentang mohammad keuntungan tepat pada waktunya untuk eid hanya bertanya-tanya,1
Ingat ketika kampanye Hillians Clinton begitu yakin bahwa dia akan menjadi presiden bahwa mereka dibunuh pengadilan tertinggi Antonin Scalia sehingga dia akan dijamin memilih Skotlandia pada semester pertamanya?,0
masih memiliki setan netflix melihat bahwa chris rock khusus berharap anak-anak putih ditembak di sini nomor layanan pelanggan untuk membatalkan nomor langganan Anda nomor nomor,1
Jalang,1
muslim datang ke canada itu hanya pernah masalah waktu saya melihat banyak muslim muda yang pugnacious siap mendorong orang di sekitar mata sombong yang survei publik puas sebagian sedikit demi sedikit sehingga orang mengakui kebenaran ketika saya mengangkat,1
silahkan menggambar bodoh seksi nezha dan nidus atas bahu atau sesuatu.,1
Mengapa tidak menyuruh FBI saja?,0
pengguna tidak stanning anak laki-laki adalah tindakan kekerasan islamophobia btw,1
es razia pabrik pengepakan daging di desa sepuluhnessee jumlah imigran ditangkap hotpagenews nomor com,0
kampanye texas ted cruz mengirimkan orang solicitations menyamar sebagai panggilan resmi daerah.,1
Ayo pilih pacarmu. Dia akan pindah selamanya ke Url.,0
"Tidak ada negara lubang kotoran yall... setiap negara adalah sama. tidak ada superior tentang kita, menurut kiri yang mengalami kerusakan mental malam ini. yemen... yep.. sama indahnya dengan negara Amerika bersatu.",1
Kau benar-benar memalukan dengan menyebut namamu...,1
Lebih lanjut membuktikan bahwa liberalisme menyebabkan ketahanan mental dan feminis adalah kanker di republik Amerika,1
pria bijak yang sangat ahli memahami penulis kolomnis favorit hanya satu layak dibaca tapi pensiunan jutaan penyerbu ilegal pengungsi mussie adalah parasit ilegal saat ini biaya miliar uang di negara lokal uang pajak satu kali biaya dinding perbatasan pengguna mencuri,1
Sekarang aku mendengarkan dia mendapatkan kesedihan yang baik aku akan menjadi single musim gugur ini aku tahu kau akan kesal padaku tapi ya,0
Twitter membersihkan gab fam fuck shaun raja lumpur sepotong sampah genetik,1
"cnn van Jones jika guru bersenjata, mereka akan mulai menembak anak-anak minoritas",1
hahahaha mengancam kita dengan alat bantu kecil negro yang penuh dengan pisau yang memotong bayi ayam?,1
Diam burung waktu tidurnya.,0
Negro akan menipu seorang gadis kemudian menguntitnya dan memanggilnya cangkul untuk melanjutkan bicara tentang dia menyerah terlalu cepat,1
pemuda yang masih muda! sialan yeah. aku suka aksi anak scally anak. pelatih panas juga.,1
pengguna ada banyak negara muslim lainnya mengapa semuanya harus di saudi kepala,0
"Jadi, orang bodoh lebih peduli pada alien ilegal lalu tentang anak-anak Amerika yang tinggal di jalanan yang khas libtard",1
Eric ex tty genl.,0
Jika kau ingin jawaban untuk pertanyaan itu mungkin kau harus mendengarkan acaraku daripada si pemabuk bodoh yang tidak pernah membuat sedikit pun upaya untuk memahami subjek materi,1
lol mpp mendengar diskusi tentang pengucapan kata bukan penolakan bahasa Perancis saya telah meminta banyak hak pengungsi ahli bagaimana mengucapkannya dan mereka semua berbeda,0
pengguna mereka memiliki masalah dengan pengungsi muslim dan memang benar begitu,0
pengguna pengguna tunggu tunggu negro bodoh,1
Dia juga berbicara sebagai pria lain di ruangan itu. Ingat dia tetap diam dan membiarkan anak-anak untuk diserang secara seksual.... Kami akan memanggilnya hakim dalam kasus ini.,0
Dia adalah hadiah yang terus diberikan! Kami konservatif hanya mencintainya!,0
Mereka terlihat seperti negro berkulit pucat bagiku bahwa sheboon terlihat seperti semacam mutan dengan mata kendur,1
Hakim Napolitano......... tidak ada yang meninggal sampai saya berita rubah...... kamu idiot.... tidak ada yang meninggal,1
Oy vey Anda tidak suka Yahudi harus dikendalikan oposisi musuh nyata takut tulang kami broth dan katak gay berbicara tentang Yahudi jelas untuk orang gila,1
Aku menghormati setiap negro yang mau mendapatkannya bagaimana kau menghasilkan uang dariku hanya memberi mereka makan bayi,0
Aku harap Presiden Trump memenuhi tempat duduk mereka dengan keluarga-keluarga yang dibunuh oleh alien ilegal orang kulit hitam tidak akan bahagia ketika mereka menyadari bahwa para pemimpin liberal dan negro mereka selebriti yang telah bercinta dengan mereka tidak putih,1
ini tidak mungkin. california telah menerapkan pengendalian senjata ketat. hanya penegak hukum dan mereka yang cukup beruntung untuk mendapatkan izin dapat membawa di depan umum. senjata serbu dilarang.,1
hanya ingin Anda melihat wajahnya cerah antusias bahagia orang dia!,0
pengiring pengantin tidak mengharapkan penghancur anggur untuk menilai makanan,0
ya kita akan lihat tentang itu kau si gendut bajingan hitam jalang,1
user ok beritahu aku ketika kamu menemukan nazi,1
"Ayahku lahir di nanticoke dan menghadiri SMA. Aku seorang CT CT CYYNE, tapi aku suka masakan Pennsylvania Dutch",0
Ketika seorang pengecut negro membuatmu dengan kaos kaki dan tidak menghajarmu.,1
pengguna lain bijaksana semua imigran akan telah dilarang akhirnya mengambil keuntungan,0
"silakan buat tetikus melalui profil. jika tidak, sangat memakan waktu untuk membangun keluarga dan teman-teman Anda",0
samar rt dia tidak tahu berapa banyak resume nya langsung ke tempat sampah,0
pengguna jika anda berpikir orang kulit putih kebal dari kekerasan polisi di sana anda pergi satu-satunya penjelasan lain adalah bahwa anda tinggal di daerah yang sangat rasis,0
pengguna saya tidak ingin hidup dalam post terbesar kisah cinta pernah mengatakan kepada dunia saya bertaruh Anda homos seperti waktu emas membawa kembali tsunderes rie,1
tidak dapat benar-benar berpengalaman pertempuran negro pasir yang akan mati untuk tujuan mereka untuk kedelai makan anak panitera kurus mereka disiksa weev mereka pasti benar-benar kacau mannings pikiran,1
ld ingin memperkosa jalang yang diposting itu.,1
tortilla mereka adalah sampah sekalipun.,0
Josh smith menjatuhkan sebuah baris pembicaraan sampah pembunuh di Kenneth,0
Api harus menang malam ini. Dia adalah juara wanita yang sah.,0
aw. dia begitu manis. berbagi makanan itu penting. betapa kasar. mereka makan dengan baik? tidak!,0
Jika kau ingin minuman societal lihat antifa,0
kotoran adalah sampah,1
mengapa semua orang yang berpikir Anda seorang yang tidak lucu memanggang kantong jizz secara otomatis troll?; dan dia benci orang kulit hitam,1
dan sekarang jihadis membual tentang pemboman besar-besaran di kota sedih di baghdad. iraq onslaught,0
pengguna ia berada di sekitar mereka orang kulit putih terlalu lama,0
"semua peradaban kuno, beberapa jauh lebih maju dari kita, apakah itu semua salah. bagaimana saya tahu mereka salah? ive melihat kebenaran di tv, dan mereka tidak akan pernah berbohong, akan mereka?",0
sheehey back door cuts still go un contected! iu hoosierhoops hoosiers,0
"Dari populasi kulit putih telah melarikan diri dari Afrika Selatan sejak mandela datang. Biro statistik Afrika Selatan memperkirakan bahwa antara jutaan dan jutaan orang yang terampil, profesional, dan pengelolaan telah beremigrasi sejak",0
ketika seorang pria kulit putih memutuskan untuk bersembunyi di balik berpura-pura menjadi negro dalam rangka menghina kulit putih lain di gab yang benar-benar adalah platform kebebasan berbicara tidak seperti twitter maka Anda harus bertanya-tanya di satir yang disajikan,0
sumber keamanan nasional kami menunjukkan bahwa pentagon sekali direncanakan tanpa banyak sukses untuk jumlah miliar pengungsi iklim di dunia baru-baru ini cerita publik menunjukkan bahwa bisa menjadi jumlah miliar orang selamat datang ke keadaan darurat iklim,0
Ini adalah sikap yang salah untuk yang fusilier memiliki.,0
pengguna semua pria kulit putih lakukan adalah berbohong dan penjajahan tidak lain,0
Aku hanya tidak setuju Flotus. dia atau dia mengekspos perilaku mengerikan suami Anda yang tidak ada orang lain akan. tindakan potus menyakiti negara ini. kata-kata penting dan gaya penting. kebenaran penting.,1
satu kejadian yang sangat mengerikan saya bisa menunjukkan ratusan antifa tetapi mereka tidak membunuh siapa pun belum!!!!!!,1
Kau adalah pelacur gendut jelek. Kau harus pergi.,1
{\cHffffff}Jadi kita harus mengabaikan Nazi berbaris di jalan.,0
Dia benar-benar tinggi lol,0
Ingat dalam sejumlah besar muslim berlari takeout di anak-anak uk itu dan masih diperkosa lantai atas pada hari-hari polisi tahu guru tahu dokter tahu apoteker tahu ini sebabnya uk menghadapinya sendiri tianmen persegi saat dan melarang wournos seumur hidup,0
orang-orang kudus adalah murni sampah lol smh,0
Terora Anda ingin menjadi salah satu cangkul saya;,1
Seperti... gaya Chanlie? tidak pernah melihat itu juga. hmm...membuatku berpikir tentang cockneys di zona pembunuhan seri.,0
Entah bagaimana aku berharap aku adalah orang dengan putih hari ini Tuhan memberkati perangkap nigga bahagia Oktober,0
kontrol senjata advokasi sendiri bertentangan dengan satu yang paling penting hak alam diabadikan dan dilindungi oleh konstitusi kita. kebebasan untuk menghindari adalah radikal. lihat? sederhana dan saya bahkan tidak harus menciptakan kata-kata omong kosong,0
"Berkat jesus amos dapat dua berjalan bersama-sama, kecuali mereka setuju?",0
Aku sedang berbicara tentang Brett. Dialah yang dalam masalah jika dia tidak menang dan membuat langkah besar,0
Aku tidak punya tujuan. Aku hanya tahu dengan pasti Anda adalah homo.,1
Dia pikir dia pintar. Aku?,1
Aku baru sadar dan saling bicara terus menerus selama beberapa jam terakhir. Berhenti mengirimiku pesan.,1
Pesajian bartradernie pembicaraan tentang hal ini sangat tidak menarik. sang pencipta mengatakan dia tidak menciptakan karakter gay dan dia sedang diserang.,1
mungkin ada tarian. arthritis berdoa mantis dengan busi pantat terlibat. benar!,1
salah. adalah arsitek antusias dari keterpurukan yang menghancurkan bersama dengan torys. yang tidak harus meninggalkan setiap prinsip yang mereka seharusnya harus membiarkan cameron menjalankan pemerintah minoritas seperti yang tidak memilih untuk tidak,0
dan sakit mengatakan lagi moslem yang baik adalah salah satu yang tidak bernapas fucking periode siapa pun yang berpikir ini bajingan kambing berada di sini untuk apa pun kurang dari mengambil alih negara kita perlu berenang dengan ikan juga,1
pengguna oh dan ada bendera pelangi gay ini bukan wanita mereka kebanyakan lesbian tidak relevan teragan dengan rahim kosong,1
Sepertinya Carolina Selatan memiliki beberapa penembak jitu muda bertanya-tanya apakah aku bisa menemukan anak berusia tahun di Texas yang dapat mengalahkan negromu untuk lencana penembak jitunya kau yakin punya banyak bakat negro di carolina selatan menyuapnya dengan ini,1
Aku akan pindah ke Sutrey hanya di luar Kingston pada thames ok kingston penuh tapi daerah luar tidak terlalu buruk dalam london hanya lelucon,1
Ada benar-benar beberapa Yahudi dan jutaan bajingan pada tubuh negara kita.,1
semua emasku putih bukan kuning.,0
Sementara hollywood membiarkan Cina duduk dengan kerang kosong kita bisa membangun satu lagi di negara bagian lain cali terlalu terinfeksi dengan migran pedofilia menggantikan migran w € putih pengungsi Cina memiliki nafsu besar untuk budak putih banyak anak-anak lulus thru bahwa pengguna mesin,1
kecuali dia seorang Yahudi jadi kenapa kita harus mendengarkan pendapatnya kita tidak punya cukup banyak dari mereka yang memerintah kita,1
Aku akan tertawa keras ketika banci yang menjalankan twitter menyadari betapa mereka mengacaukan aplikasi mereka dalam satu gerakan busuk,1
Ini adalah apa yang dilakukan oleh orang-orang kulit putih untuk anak-anak kulit putih yang sedih.,1
orang dengan mobil sampah suka mengemudi cepat dan sembrono,0
tidak menarik ketika gadis-gadis bertindak ghetto,0
Jadi mereka harus diperkosa oleh lol ras mereka sendiri,0
Ada mangkuk hijau tinggi. Tinggi tinggi tinggi spil. J tinggi. Tinggi tumpul. tinggi. tinggi moke. dan tinggi moke kopi.,0
"Dia benar-benar sangat pintar. Sebagai seorang lesbian.. Hei, aku tahu betapa aku suka vagina jadi aku tidak bisa menyalahkannya.",0
ketika kau punya sedikit kecanduan untuk hal-hal tajam ... img coldsteel pisau tepi kacang pisau,0
mungkin sesuatu yang lebih baru untuk membantu Anda keluar.,0
baik tidak pernah menyerah ... Yahudi dapat terus mencoba membuka perbatasan kita dan mengirim pelayan dunia ketiga mereka setelah orang Eropa tapi kita tidak akan pernah menyerah ...,1
Hes actor. please wake up.,0
benar-benar kabar baik bagi kita konservatif di texas. memberikan supermajority repubs di senat.,0
liberal yang berpikir dunia berutang hidup pada mereka.,1
Pastikan kau tidak mencongkel matamu keluar tapi jika kau melakukannya aku akan memberimu tongkat putih untuk ulang tahunmu,1
raksasaduckpitsburghduck kuning livestream wpxi nofliter duckburgh,0
sakit karena tidak mengambil tindakan semua orang kike,1
Pengguna yang tidak terkait adalah homo,1
mengapa kau marah karena dibersihkan secara etnis dan diusir dari lingkunganmu oleh kekerasan non putih atau dikambinghitamkan untuk ketidakmampuan untuk melakukan aljabar atau menahan diri dari memperkosa wanita kulit putih tua Anda tidak berhak untuk masyarakat sipil atau tanah air,1
ikuti bersama.. konservatif membayar fusi dibayar perusahaan baja orbis.,0
Anda hanya menunjukkan bahwa moral tidak peduli kepada Anda berapa banyak ayam negro tidak pacar Anda mengambil malam ini,1
Beruntung jalang!,1
Anda menyarankan bahwa itu bukan sanksi hukum dan kebijakan rezim yang menginformasikan tingkat sanksi keuntungan. Graf itu akan menunjukkan bahwa benar sebagaimana tingkat sanksi lebih rendah daripada rezim sebelumnya. Pengamatan yang baik tentang tekanan,0
kepemimpinan bulm telah keluar mengganggu peristiwa lgbt otot hitam panthers keluarga gerilya dan al yang membunuh polisi kulit putih adalah yang tahu di mana preman jalanan terbakar dan menjarah mungkin masuk dan keluar dari penjara atau sedang bergerak untuk memangsa di pinggiran putih,1
hanya lain yid limbah oksigen,1
Zia menerangi bagaimana dinamika gender dan trauma di Kashmir telah berubah di wajah asia selatan konflik berjalan terpanjang memberikan wawasan mendalam tentang bagaimana pria Akashmiri memelihara politik perlawanan sementara menghadapi meningkatnya kekerasan militer di India,0
Ketika orang itu menembak jiz nya di mata pelacur dalam keheningan domba,1
"Aku benar-benar melakukannya, tepat dari tempat tidurku. dimana kau meletakkan semua bendungan kuning bintangburst!!!! melemparkan mereka keluar jendela;",0
Anak-anak mengalahkan anak-anak asplegic truf! meninggalkan mengajar anak-anak mereka membenci kekerasan! sekolah guru democrats liberal berjalan kaki ibu nea mengajarkan mereka muda Katolik Yahudi gereja gereja gereja blackwoms keluarga blacktwiters media hitam cacat maga url,1
Bisakah kita mendapatkan beberapa lembaga penegak hukum yang jujur untuk menggali ke dalam sopir mata-mata Cina. ia mungkin telah seksual dijajah di sekolah tinggi. lucu bagaimana warga Amerika tidak memenuhi syarat untuk pekerjaan itu. pilih maga url,1
Orang kulit hitam ditindas oleh budaya mereka sendiri dan masyarakat kulit hitam perlu bangun dan menyadari partai demokrat adalah partai rasis yang menggunakan mereka untuk memilih demokratkk telah memecah keluarga hitam dan menjalankan masyarakat ke perkebunan ghetto untuk mengendalikannya Anda sudah menjadi gemuk,1
Apa yang membuatmu tersinggung?,1
Ide bagus setuju! berharap kita juga bisa menghapus dia dari keberadaan! maga patriotsunited proisrael proisrael weareq.url,1
Black on dog Violence on cat on turtle on fish on old on young on gay on tranny on Asian on white on black on dll,1
Wanita itu bicara tentang kam dtm ketika kau berutang nomor yang aku pinjam,1
"denmark . , . , . . . mengasumsikan populasi . million denmark pekerjaan yang baik!",1
Ya Tuhan. Mereka sangat lucu.,1
Anda begitu panas bahwa setiap orang di alam semesta twitter dan di luar membuat ini tidak begitu tipis upaya terselubung pada menggoda Anda. Anda memiliki hampir pengikut dalam bulan. Anda sangat populer. apa itu seperti?,0
john mccain sampah jay carny hidup di cnn syria is obama,0
dia mengatakan jalang berhenti SMS telepon saya shawty saya gila;; gembira dia tahu;;;;;,1
semua pakaian kulit tinggi u wearin mengesankan menyebalkan .. saya mendapat kecerdasan kemeja dickie dan beberapa slide adidas;,1
"Setidaknya bukan Antville, karena itu untuk para pengecut.",1
tahun wajib hukuman federal untuk setiap kejahatan yang dilakukan dengan pistol. menghentikan omong kosong pengendalian senjata dan menghukum bersalah! tidak ada politisi hari ini akan mendukung ini!! kontrol senjata dan zona aman tidak bekerja. pols tidak ingin kejahatan kurang hanya udara panas!!,0
tsuurmarus konservatif baptis gereja konfederate redneck dengan jari kaki seks di kaki kanannya dan hilang setengah giginya,1
saya tidak akan berterima kasih kepada negro untuk penemuan yang tidak benar-benar diciptakan,1
Orang kidal menunjukkan lagi betapa kejinya mereka,1
harus menonton Bill Maher sekolah pbs host Charlie naik atas keyakinan Islam tidak jelas,0
chris brown adalah sampah.,0
uk pengguna menjadi sebuah nazi state,1
Itu benar-benar keras memukul barang! mengapa tidak memanggang dia pada bagaimana partainya bersama dengan keterpenatan dibeli bukan untuk orang kaya tetapi untuk orang miskin sakit dan cacat dan bertanya apakah mereka masih merasa efek? Oh tidak Anda wont tory menjalankan media!,0
"Sepupuku tinggal di sana, dia pensiun.",0
Sekarang marah jihad adalah mengeluarkan permintaan pembunuhan pada pilot tempur saudi yang berpartisipasi dalam pemboman di syria Isis,0
swap bertemu beaner terikat,0
orang-orang seperti pelacur!! mengeluh hal-hal bodoh!,1
oh donny dan i thest kami terlibat untuk menikah apa malu muslim yang Anda nyata dapat mampu lebih banyak maka number wifey,1
Cukup melihat kekerasan untuk hidup ini selain mereka melakukan pekerjaan yang baik saling membunuh,0
Menurut demokrats rinos media arus utama liberals progresif dan pengadilan sosial pejuang pembunuhan pos ini layak amnesti dan tempat suci karena dia adalah pemimpi rupanya orang ini korban dan keluarga korban tidak berhak bermimpi karena hanya imigran kriminal dan penyerbu dapat memiliki mimpi,1
Mereka menyebutnya Asia di sana,0
pendekatan dengan mereka melengking mengikis,0
8 tahun Republik menolak pengambilan obamas. Kemarahan Breitbarters sama palsunya dengan presiden palsu mereka.,1
ke kelas senior akan ada bar oreo funfetti di ruang baca pagi ini;,0
Para pemilihnya memilih liberal leonaalleslev untuk pergi dari Url.,0
Apa kau mengharapkan sesuatu yang pendek dari kembang api di homestand terakhirnya?,0
Lempar semua pengkhianat bajingan itu dari bangku dan gantung mereka!!!!!!!!!!!!!!!!!!!!!!!!!!!!!!!!!!!!!!!!!!!!!!!!!!!!!,1
Kau jenius saat kau membuat komentar ini ingatlah ketika paki memperkosa anakmu tidak ada hubungannya dengan rasisme kau percaya imigran Pakistan yang memperkosa bukan Muslim hindu cenderung untuk menahan diri dari perilaku seperti ini,1
"Ini untuk ghetto-ku, bajingan. Nona Elliot.",1
"jika alasan untuk nilai-nilai ilegal farakans adalah karena dia hitam atau muslim, itu akan menjadi alasan untuk membenci dia. saya percaya nilai-nilai ilegalnya hanya hasil dari karakter buruk, seperti pendukungnya!",1
Pertanyaan telah cerita rakyat hari lalu pernah menyebabkan kekerasan dalam masyarakat kecemasan menyebabkan kekerasan dalam cerita masyarakat pelajaran masa lalu menyalahkan permainan menghakimi seni,0
"pemegang adalah jahat, kebencian, berbahaya orang. dia rasis nyata. dia benar-benar membenci orang kulit putih. ia amp; obama berkontribusi pada kerusuhan ras selama os admin.",1
Jalang meluncur,1
karena perbuatan kotor pro lgbt melakukan demokrat melakukan tindakan yang mencemari pahlawan konservatif sosial Roymoore dengan tuduhan seksual di bawah umur yang tidak masuk akal membiarkan disouble tekad kami untuk mengekspos fakta-fakta pada pederasts dalam masyarakat gay Jps homopedophilia chickenhawk so,1
pengguna pengguna pengguna di koran pria yang menggunakan samurai pedang sekolah dengan pedang samurai benar-benar khusus membahayakan pagi kutu buku putih teroris membunuh orang african anton lundin pettersson teroris kutu buku putih membenci kejahatan adam lanza putih kutu buku teroris,0
burung lembek terdengar turrible. lol. sakit hanya menempel untuk menonton cat kering...,0
user seb gorka harus dideportasi untuk menjadi terlibat pengkhianatan dan menyebarkan supremasi putih menghasut kekerasan,0
Tidak mungkin dia wow obat mungkin siapa yang tahu,1
negro berbau seperti salib antara clorox amonia mereka akan menggunakan pemutih pada lap piring untuk membersihkan diri mereka sendiri,1
Anda;akan memiliki membunuh kerupuk amp; bayi mereka; mereka bayi; baru hitam panthers kredibilitas tembakan keadilan ferrusotmikebrown,1
sikap munafik.,1
Wanita harus malu diri mereka sendiri untuk membiarkan pria lesbian transgender membenci tanggul berbicara untuk mereka malu pada Anda,1
hanya menonton elewyn davis doc.,0
itu seperti dejavu dari Hamas diatur marxist swedia didanai perjuangan bersenjata menggunakan preman anc di Afrika Selatan mengarah ke bab akhir sekarang genosida orang Kristen putih sebagai cair oic akan mendalangi seluruh Amerika menggunakan dem terbelakang dems hoggs,1
di mana pelacur-pelacur di;;;;;,1
menunggu tidak mengambil brownies saya?,0
hei kau fanatik pendukung truf supremasi putih tidak kau tahu bahwa ireland adalah negara shithole asli hanya melihat fakta-fakta,1
Berita ntknetwork senat ditetapkan untuk lulus bipartisan tagihan untuk memerangi opioids magaa prolife url,1
Selamat amos!,0
Aku juga bilang begitu hari ini lo,0
Aku sedang mengerjakan panel.,0
Satu-satunya hal yang membuat ghetto hitam sebagai orang hitam busuk menjual obat-obatan dan melakukan kejahatan karena dingin dan di kap ini f coons yang menghancurkan masyarakat harus dieksekusi berharga s mengacaukan disensor up masyarakat seluruh dunia fing nigga disensor,1
dia terlibat dan mengambil uang. dia pergi juga!!,0
Skuad gadis Spanyol akan islam pada hari Jumat skamespaa,0
dia tidak,0
aku teknologi terbelakang aku tidak akan dapat membentuk kelompok karena aku teknologi terbelakang,1
homo pantat homo,1
terima kasih razsthan polisi berharap jalang ini mendapatkan akal selalu muntah tentang hindu dan muslim membayaralrohatgi,1
Nafta crunch caps minggu yang cukup mengerikan untuk hanya di Trudeau.,0
"Ya, aku suka mencangkul pantat palsu.",1
penyanyi antoher dari negara-negara lain juga berada di sini sebagian besar dari tanah pertanian dan saya hanya melihat hitam dan Asia di sana.,0
jalang ini menunjukkan itu amp; jika yall setiap melihat bahwa rendah anggaran sepotong kotoran yang muthafuckin badut menakutkan maka cangkul,1
mereka berutang pada konservatif christian dan koch bros. nominasi ini. nominasi spesifik ini. karena suatu alasan.,0
Hidup itu butepu ketika Anda berhubungan seks kapan saja Anda inginkan tetapi Anda tunggal,1
Aku hanya sedih bahwa aku sebagai orang kulit putih tampaknya tidak lagi memiliki hak untuk melanggar orang kulit hitam domicile dan berdiri tanahku dan membunuh mereka dengan darah dingin apa negara ini datang ke,0
hogan adalah definisi dari sampah putih,1
Ini cangkul. gratis jadi kenapa tidak?,1
Niccas lembut biasanya mengirim kebencian thru para pelacur cemburu instagram niccas hatin pada gambar ya,1
menakjubkan. Amerika benar. demokrat adalah komunis. langkah selanjutnya untuk Amerika.,0
"""Bus bahwa nigga jelek mata keluar""",0
"Ada skit besar yang bisa dilacak tentang itu, hampir terlalu mudah untuk menulis tapi sangat baik dilakukan.",0
mungkin h k terkesan dengan video rap nya?,0
jumlah lilin mungkin angka yang beijing china model muda model los angeles usa favorit saya iluminati mudshark benar-benar katy perry menampilkan sejumlah kraskirsk Rusia,0
Ingin bertaruh penyerang pisau ini berlutut di karpet untuk berdoa kepada Tuhannya. pejabat dan media akan menggambarkan dia sebagai orang gila.,1
tapi dia masih pilihan terbaik kita,0
pernah melihat bagaimana liberal menendang bisa turun jalan ketika mereka tidak akan berkuasa? mana ini tahun-tahun terakhir?,0
setelah gop memenangkan ujian tengah semester dengan mudah tidak akan ada alasan kita tidak mengenakan topeng dan mengambil senjata untuk pergi semua antifa pada orang-orang seperti Anda badut telah melakukan. akan sangat menyenangkan!!!!,1
Terima kasih Presiden Trump! Semua Amerika juga diuntungkan untuk perekonomian hari ini! dan yang paling penting?,1
solusi saya akan keluar mengungkapkan rasa sakit dan malu Masturbasi menghadirkan pria gay hitam merasa di atas sudah stigma pengalaman homoseksualitas kebencian heteroseksual gereja hitam banding empati dan pemahaman minta maaf banyak,0
Jadi kita semua hanya orang rumahan huh,1
oh baik mengapa tidak Anda mengatakan Anda sampah nazi trailer untuk memulai dengan membiarkan melihat ayam idf di sebelah kiri atau lisa putih sampah nazi gangbang pelacur di kanan hm keputusan saya akan pergi dengan ayam idf berjalan sepanjang sampah nazi,1
"Dia yang terburuk, tapi apa yang bisa kau harapkan saat kau mempertimbangkan apa yang harus dia dapatkan dari konfirmasinya.",1
dan kita akan sedih menggunakan a untuk menjaga presiden terpilih secara demokratis dalam kekuasaan. bagaimana dengan itu,0
dan kau? kau tahu apa arti antifa?,0
Berita rubah menampilkan pilot wanita yang mengambil bagian dalam kampanye melawan isis wtf,0
Bill Clinton memperkosa beberapa wanita dan berbohong di bawah sumpah... tidak ada demokrat yang memilih untuk menyingkirkannya dari kantor... kami menolak menerima otoritas moral mereka yang mengklaim... dan kami akan memilih kepentingan kami sendiri... sesuai dengan yang kami lihat... apa yang akan dicetak oleh pihak Washington...,1
Siapa yang bisa menjaminmu vagina tho k?,1
kuningan monyet dat funky monyet,0
perang sampah putih Pt;;;,1
Motel ridge di Mandanbismarck menghabiskan waktu seminggu.,0
Berita truf nomor megyn kelly adalah sampah karena menyajikan jessica leeds sebagai korban pelecehan seksual palsu setelah leds diselidiki secara menyeluruh dan terbukti berbohong pada tanggal,1
semua panggilan james adalah rasis!,0
Jika aku mendengar satu lagi anak laki-laki putih mengatakan homo atau kata n,0
tapi itulah yang Anda sebut sampah putih dengan uang!!!!!,1
Hidup seperti kipas angin. menyebalkan atau meledak. itu hanya tergantung pada sisi mana Anda berdiri.,0
"Aku ingin janji kampanye terpenuhi, kirim mereka kembali membangun kembali dinding moslem melarang repeal menggantikan obamacare",1
Apakah kau serius. orang kau idiot! dia adalah sampah paling dibenci di bumi.,1
"seorang hakim federal di New York menutup sebuah rumah jagal kotor Yahudi hari ini, mengatakan tanaman burung kotor menimbulkan risiko kesehatan kepada masyarakat.",1
"oh jadi sekarang dia pembunuh ribuan tahun manja, juga????? btw, orang yang memiliki properti di mana bajingan ini bekerja adalah pendukung demokrathiller yang keras. pergi mencari hed mempekerjakan alien ilegal untuk bekerja untuknya.",1
pengguna pengguna pengguna mereka mungkin mengatakan itu cenderung redneck ke arah gairah baru tapi sentimen adalah sama,1
Kau tahu betapa bodohnya itu?,1
Kau seperti demokrat yang kalah.... tidak ada yang percaya apa yang kau katakan... kau berbicara dengan baik tapi bagian dari demokrat bengkok... truf telah melakukan lebih banyak untuk usa daripada presiden lain mengumpulkan...,1
kedua orang tua askenazi saya mengambil tes DNA dan itu menunjukkan bahwa mereka berdua persen Yahudi etnis ayah saya bahkan menemukan bahwa ia memiliki beberapa sefradi dalam dirinya persen persen lainnya di dalamnya adalah Afrika Utara tidak ada putih dalam campuran di sana,0
pengguna kampus juga merupakan tempat dimana hukum harus diamati dan tidak boleh digunakan sebagai kedok untuk kekerasan,0
Apa yang dengan ini mudshak menjijikkan mengikuti saya,1
anak mereka benar-benar panik mengapa mereka harus menyembunyikan i wat tahu jangan Anda. saya tidak ingat republik bertindak seperti ini ketika obama menempatkan dua liberal di pengadilan,0
Itu artinya.. ada anak yang meneleponku pagi-pagi sekali bertanya apa aku ingin ke lereng...,0
Pria shawn mendes legit takut memakai eye shadow dalam ketakutan yang disebut gay seperti shawnmendesisoverparting,0
"Jadi, Yahudi itu pintar? terlalu pintar untuk memakai bahwa jas patrick murah selalu ditampilkan memakai. apakah dia berbelanja david dukes yardales?",1
"semoga beruntung noremorsenoregrets, semoga kabar baiknya tentang pekerjaan Anda dan semoga Anda tidak menjadi sosok lain dalam status!",0
beberapa orang berharap untuk perdamaian dunia. chris rock ingin lebih anak-anak putih akan ditembak.,1
Aku pikir polisi itu berkulit putih.,0
"Selamat ulang tahun, Bob Newhart! Legenda komedi berubah hari ini americanmasters",0
Wangi zenitsu adalah penangkal wanita,0
Sepertinya raghead berlari beberapa orang lebih di canada membiarkan menjadi lebih di negara ini untuk bercinta segala sesuatu cara untuk pergi,1
"membawa tangga ke dinding skala, terpal untuk menutupi kawat berduri, rebar untuk menaklukkan polisi dan pemotong baut untuk membuka gerbang. pro ujung masjid yang lebih besar selalu berisi simpanan senjata tempur modern; badai dan merebut mereka.",1
pengguna pengguna saya hendak mengatakan ini kebanyakan wanita saya tahu yang diperkosa oleh anggota keluarga yang membuat saya ingin meledakkan otak sialan saya keluar,0
Apakah Nick jonas adalah cangkul untuk meremas penisnya? Apakah Nick jonas akan memiliki bocor telanjang?,1
Aku ingin tahu apakah mereka akan membakar Lewis mereka karena telah keluar mendukung kontrol senjata? levi tim strauss dengan grup kontrol senjata kita tidak bisa berdiri diam-diam url url,1
"Sekarang jangan membedakan antara muslim dan Yahudi, aku bilang bawa mereka kembali ke timur tengah dan putar seluruh lubang pasir ke kaca radioaktif.",1
burung itu...itu pesawat... supermanu nbaheroes,0
mengapa dia harus pergi? dia adalah orang yang utuh sendiri. dia bisa melakukan pekerjaannya terlepas.,0
menghindari film ini un american.,0
pengguna mengapa muslim mengambil pengungsi di India ketika bangladesh dan pakistan r islamic negara bagian tidak seharusnya India tidak aman bagi muslim mereka harus pergi untuk negara mereka secepat untuk keselamatan mereka,0
fans lama baru,0
Nike kalah. milyar setelah kaepernick diberi nama wajah hanya melakukannya omong kosong.,1
Negro berubah lil nas homo,1
"bodoh dan bodoh, dan secara eksplisit mengatakan bahwa darah Yahudi tidak memberi mereka perkenan khusus dengan Tuhan setelah Kristus dan Yahudi yang menolak untuk mengikuti Yesus adalah setan",1
Orang liberal tidak menyadari bahwa ribuan anak dibawah umur yang tidak diikutsertakan dilemparkan melintasi perbatasan ....... siapa yang seharusnya mengurus mereka? angelina Jolie?,1
Lloooo yang Cleveland dan gn mengirim Drose ke neraka tadi malam di rumahnya sendiri dan ini homo menghilang,1
liberals gag,1
"Gracias por Jugar con el corazon, ahora ganarle a los yankee.",0
"Tidak ada cara untuk menghentikan mereka datang ke Kanada semua yang dibutuhkan adalah bukti kepemilikan rumah di India, Afrika dll dan mereka dapat masuk di visa turis.",1
"i mengikuti orang lain, yang lain mengikuti saya. semua mengikuti dihitung!",0
Kau berusaha keras untuk NRA!,1
Jika mereka tidak suka di sini mereka harus mendapatkan fuck tanah kami dan kembali ke negara pasir negro perang salib muslim keluar,1
mengubah Yahudi menjadi jesus doktrin bukan solusi mengubah Yahudi menjadi mulch adalah solusi yang diselesaikan dari tim putih,1
Bicara tentang penampilan dan bekerja keluar Anda benar-benar seorang homo yang fucks beaner berminyak persen perilaku gay,1
Kau benar.. Aku ada di dekatku..,1
goth uang dan pakaian,0
negro khas lain,1
i am sure vox gay akan membawa up iq astronomi sekarang meskipun itu adalah sesuatu yang ia tampaknya memiliki masalah mengelola,1
Dia juga bilang dia punya pistol gatlin dan negro yang duduk di sudut seperti petinju di antara peluru.,1
seorang pria tentara pengguna kemudian berhenti tertawa Anda adalah homo yang berbicara omong kosong tentang salah satu orang kami yang semakin dikurung selama nomor tahun sebagai tahanan politik,1
user idubbz mengatakan homo negro sepanjang waktu tapi tidak ada yang benar-benar memberinya kotoran untuk itu lol orang bodoh sebagai fuck,0
dan ketika Anda menyadari bahwa pihak-pihak politik sayap kiri hanya ingin imigran untuk datang dalam jutaan mereka sehingga mereka bisa mendapatkan lebih banyak suara dalam pemilu Anda mulai bertanya-tanya apakah mereka benar-benar cocok untuk berada dalam politik sama sekali dalam diri kita demokrat jelas tidak layak untuk mengatur,1
"kau ingin bertaruh bahwa bukit akan digantung? sakit bahkan memberikan sampai Januari, . aku bilang dia tidak akan. kau bilang dia akan. siapa pun yang salah menghapus account mereka?",1
Berita incl fox benar-benar tidak tertahankan sekarang mereka memiliki beberapa jurnalis konservatif tapi kami publik dibombardir oleh parade libtards negro liberal dan opini muzzrat saya tidak tahan saya menghubungi langsungv meminta filter lib negro muzzrat dan mereka tertawa,1
user it by this weird guy who sexualizes and write smutty fics about lesbian ships we will be dragging him,1
anakmu penipu dan penggunanya yang payah,1
"beberapa hari terlambat, tapi di sini adalah. pada gaya. yang paling penting, saya pikir, adalah diri sendiri dan menjadi diri sendiri. yang berlaku sama dengan hidup serta menulis seperti selalu merasa bebas untuk berbagi dan menyebarkan kata",0
Ratu hitamku takut pada rambutku. Terima kasih banyak atas ratu tegalan yang kuminta. Aku ingin lebih baik dengannya.,0
Sebenarnya aku lebih suka Yahudiku naik ke cerobong asap,1
"Pelatihan arabspring nya, Charlie Brown! Ditolak kacang spesial",0
permainan dari takhta buku audio download bebas,0
Mungkin ada banyak hal yang harus dilakukan dengan rubio.,0
Astaga yall trauma i hate u bitches putih yeah view musim semi SMP lm berbicara dengan Anda,1
kita punya ingatan dresden tahun lalu dan akan lagi tahun ini,0
Nomor pengguna Amerika mati karena imigran ilegal ini menyebalkan menegakkan hukum kita mendeportasi mereka,1
Kau menggunakan logam dan lumpur di kalimat yang sama. Sayang sekali.,1
"Oke, mari kita bertarung Anda ginger homo",1
Orang bijak bilang kau homo,1
pantat aneh siap pantat cangkul,1
lihat jumbotron? itu; di mana jig adalah,0
berlin,1
akhir pekan di sini. minggu yang luar biasa telah. Mari kita gunakan akhir pekan ini untuk merayakan keberhasilan kita sesama rakyat aneh.,0
lemah milqueat faggots seperti Anda tidak akan pernah mengubah Amerika Anda hanya seorang nasionalis lainnya pengecut terlalu takut untuk berbicara tentang ras karena Anda seperti pengecut begitu takut seperti seorang wanita yang disebut waycis atau supwemasis putih lo,1
California penuh dengan sampah putih yang pindah dari Oklahoma,1
mengikuti semua patriot. silahkan ikuti kembali. terima kasih. maga kap berjalan jauh penyihir pemburuan kembali suara suara suara yang di pilih redredemsout suararedtosaveamerika,0
Negro membuang seluruh hidup mereka lari dari diri mereka sendiri,0
atau mungkin kau hanya menunggu sampai si nigglet lebih tua menjadi penjahat sejati membuat kejahatan dan masuk penjara dan di sana dia bertemu ayah di sel tetangga,1
"Astaga, sepertinya dia sedang mengisi bahan bakar dengan lumut yang penuh kasih.",1
Aku yakin udaranya juga buruk.,1
user straight white man queue to see a misoginistic homophobe speak at tory conference in shocking plot twist,0
Idiot tidak ada di bawah mereka? lo. apa bodoh liberal adalah! maga kak url,1
Para muzzies mendapat tentakel lain di luar sana,1
Saya mengerti maksud anda walaupun saya tidak pernah melihat liberal mengeluhkan orang konservatif kulit putih berimigrasi di sini dari Poland atau di mana pun. apakah itu terjadi dalam skala besar? Saya kira cara yang lebih baik untuk frase titik awal saya akan menjadi imigrasi yang beragam.,0
Itu yang kukatakan pada pelacurku saat mereka tak mau melempar tali leher. Tak ada yang punya waktu untuk itu.,1
Kristen berubah putih menjadi pecundang yang mengapa bahkan anak-anak putih lebih suka musik negro karena negro tidak terdengar dipukuli turun Kristen putih selalu melakukan,1
pengguna pengguna ia disebut lesbian wanita dumpy yang mengambil kontrol kelahiran histeris dan mengatakan bahwa anak laki-laki diperkosa oleh imam katolik adalah korban penyakit gay apa yang sebenarnya telah ia katakan tentang orang kulit putih,1
pengguna katakan padaku kau benar-benar akan membuat kemeja nazi pug,0
kebiasaan terletak Yahudi,0
Penyajian publik mengumumkan Tuhan membenci negro dan Yahudi,1
Kau adalah tempat sampah kotor.,1
Dia cengeng karena dia tidak mendapatkan jalannya untuk pemilihan,0
Smaga gillibrand benar-benar mengejutkan jika kau mencoba memaksa majikanmu untuk membuat keputusan yang menguntungkanmu melalui seks kau adalah pelacur dan kau seharusnya malu karenanya,1
datang bersama-sama sebagai manusia berarti bergabung dengan Afrika dan pemerkosa muslim berbicara tentang peluit anjing,1
pengguna masih banyak jiwa yang hidup di India mereka tidak akan pernah membiarkan terjadi apa terjadi pada Yahudi dalam Jerman kami dengan Anda,0
Banyak waktu yang melalui iman diperintah kerajaan-kerajaan yang melakukan kebenaran diperoleh janji-janji Dihentikan mulut singa Ditebus kekerasan api Terlepas dari tepi pedang keluar dari kelemahan dibuat besar menjadi berani dalam pertempuran berbalik untuk melarikan diri tentara alien,0
pengguna pengguna bisa Anda berdoa untuk semua anak-anak yang diperkosa oleh imam dan pendeta selama beberapa dekade terakhir mungkin Tuhan cemburu Anda bisa membantu kawanan pilihan tetap ada sosis di dewa celana mereka tidak besar,0
"Aku menggunakan kaleng granat, kaleng karet disegel dan kedap udara dan kau bisa menemukan mereka dengan beberapa potong.",0
Perhatian! adalah mempublikasikan daftar target antifa di akunnya. daftar memiliki nama profil tinggi dan banyak nama pendukung truf acak. Twitter tidak ditangguhkan akun ini. tolong laporkan dia. periksa daftar rekeningnya .,0
Aku dan gf ku yang sangat panas,0
Aku telah mengatakan ini sebelumnya tapi aku ingin jelas pada sikapku jika kau tidak menyukai hal itu dan heteroseksual dan ingin mengidentifikasi aneh yang bisa kau katakan kau bisa menstruasi,0
Siapa pun yang memutuskan untuk menempatkan minho di celana ketat dan celana pendek harus kembali,0
Hokage kelima bodoh atau siapapun itu.,0
Dia seharusnya sudah di ladang sekarang.,0
fags,1
qanon video march sore Dr Jerome corsi decode posting qanon terbaru,0
Aku telah menyaksikan Edl untuk waktu yang lama sementara sekarang terlihat seperti kebangkitan yang luar biasa fasiss nasional skinheads neo nazi dan mengeksploitasi oposisi untuk islam untuk meningkatkan supremasi putih ini saya menentang hampir sama seperti islam itu bukan apa generasi kakek saya berjuang mati,1
"Aku membacanya lagi, aku akan turun karena negro yang tidak mau ikut campur, bukan pengikutku yang bodoh.",1
"Wanita jalang ini terdengar seperti dia diperkosa oleh lain.kucing lmfaoo yang.fuckkkk menutup jendela, kucing pelacur",1
"nov, Thanksgiving makan malam bukti di utama. hari sedang sibuk dengan burung raksasa di Anda ... ...",0
Aku hanya ingin menyapa Yahudi itu jahat.,1
texans dst wont bermain redskins lagi tahun ini...,0
negro dan putih,1
"Oh, seperti orang dewasa di tahun-tahun belakangan mereka masih tidak bisa berpikir sendiri. Mereka hanya diperbolehkan untuk burung beo.",0
Apa jalang jelek dan pelacur sialan nacoèe tarik ke pengadilan dan mulai sebagai pertanyaan dari gowdy,1
"um, tidak? mengatakan bahwa buruh adalah partai kebencian menyiratkan mereka adalah pihak yang paling dibenci, dan karena itu konservatif kurang kebencian. sementara klaim tentang mainan dapat diperdebatkan, bukan hanya omong kosong.",1
Itu bukan rambut. Itu serat poliester karena yoda adalah atau boneka.,0
mengapa wanita kulit putih ini yang dipilih pada,0
semua orang favorit frase untuk mencoba dan mengakhiri argumen Anda lakukan Anda dan saya lakukan saya lmao homos,1
Aku wanita sensitif yang terlalu serius mengambil resiko.,0
"selama bertahun-tahun, ia berhasil di verl, di mana ia telah hidup sejak pernikahannya dengan nama marco b., mempertahankan fasad borjuis.",0
Anda tidak memiliki rencana untuk lingkungan. Bahkan konservatif harus dapat memahami bahwa Anda harus mampu hidup di planet ini untuk menghasilkan uang di sana.,0
berikutnya di dunia saya tur arabs panas wanita arab bisa sangat panas jika mereka hanya diizinkan untuk melepas mereka burquas nsfw sialan,0
Seolah-olah kita tidak punya cukup alasan untuk tidak menonton...,0
Politisi demokrat mengatakan Chucky scumer bahwa ia berdiri dengan republik sampai demokrat menghapus kepala mereka dari pantat mereka melalui,0
mungkin tidak di mana Anda berada.,0
Jika kau pikir ronaldo lebih baik dari pada berantakan kau adalah pembohong atau orang bodoh,0
user the fuck adalah drama pengungsi romansa dan mengapa adalah seorang wanita kulit putih dengan gigi gila di dalamnya,1
malam panjang lain dengan alergi! perlu ned lebih baik dari zertek atau namun Anda mengejanya!,0
itu prinsip dari masalah jalang!,1
dasar jalang.,1
Ini akan menyebalkan.,0
Kendali senjata tidak ada hubungannya dengan mengambil hak selama Anda setuju dengan ketentuan yang Anda masukkan di tempat.,0
wow aku sedang berbicara dengan seseorang dan kau melompat dalam kantong douche. apakah kau beberapa coder berbayar tinggi atau hanya brengsek off yang suka memukul kanan. atau mungkin kau seorang Yahudi. pernah mendengar tentang Anda sebelumnya. bisu saya.,1
aku biasanya malu tapi siapapun yang aku temui di konser musik musik kita sebaiknya siap untuk jeritanku,0
apa yang kau pikirkan tentang satu agama dunia bagiku gereja Katolik merangkul islam,0
Dia perlu perlindungan dari neneknya juga.,0
Aku benar-benar percaya dia akan berada di gtmo. dia adalah pengkhianat.,1
dam putih pemilik budak,1
Cukup yakin dia berjuang untuk konfederasi cukup yakin partai Anda menggunakan nama Lincoln untuk menutup orang kulit hitam seperti pengguna dan pengguna untuk pesta Anda sementara pada saat yang sama merayakan orang-orang yang berjuang dia dan membunuhnya lol,1
Negro telah berdebat dan lemah lembut sejak nomor lol,0
Aku butuh punggungku retak seperti tongkat cahaya mf oleh mereka Asia kecil di la,1
memikirkan boom boom boom waaay ho video membuat saya tertawa setidaknya sekali sehari.,0
Sialan asing. Saya tidak berurusan dengan orang-orang yang tidak bisa berbicara bahasa Inggris yang tepat.,1
itu adalah banyak kesalahan untuk Tucker untuk mengambil atas dirinya sendiri.,1
pelacur mencintai beberapa Alex dari target;,1
user bs kemudian semua johnson dan olafsson adalah Yahudi atau mungkin beberapa Yahudi menyusup dengan mengadopsi nama lokal,0
"tapi kau mencintaiku, kau tidak ingin bersama orang lain, bla bla .. omong kosong fa burung ..",1
Orang kulit putih mengeluh tentang tirani pemerintah seperti orang Amerika yang marah bahwa pemain membuat terlalu banyak uang,0
"Mereka harus merasakannya di kulit mereka, jadi lain kali mereka tidak akan memberikan tanahku pada anjing muslim subhuman.",1
Yahudi yang khas untuk berpendapat bahwa sayap kanan rendah iq dan untuk membela benar-benar rendah iq minoritas,1
Dia ingin menjadi senator Meksiko Utara.,0
Skate board parts yo. ini mengagumkan. maaf tapi aku suka menonton Roma burn.,1
dia berkedip perlahan sebelum geser ke ujung bangku lainnya dan akan kembali ke merenung nya fuck masalah Anda tetap dimuat pertanyaan saya tidak punya waktu untuk menjawab fuck baik Anda juga,0
jalang aku akan memotongmu,1
Wanita kulit putih tidak bisa bersaing dengan orang Asia adalah ancaman terbesar bagi ras kulit putih saya hanya menyebarkan kesadaran terhadap ancaman ini,0
Berikan aku dongkraknya.,0
Aku sangat menginginkan hidupku.,0
sekilas penelitian Pew menunjukkan bahwa hari ini afiliasi politik Katolik putih di dalam kita meniru rasio afiliasi partai orang kulit putih sebagai keseluruhan tidak yakin ketika pergeseran yang terjadi mungkin pasca kennedy,0
pelacur palsu bodoh!! bicara omong kosong gila tentang satu sama lain dan kembali ke sahabat terbaik? lmao,1
"Menunjukkan apa sub kelompok manusia Negroid ini milik , kuda miskin mendapat infeksi dari cabul kotor.",1
Apa kau masih punya ur blk. pom?,0
Pelacur pelacur pelacur nigga,1
Aku pikir presiden kita sangat brilian kenapa wanita seperti itu sangat pintar,1
kakek buyut kita memiliki masyarakat yang bebas Yahudi dan orang-orang jembel lainnya kita layak mendapatkan yang sama,1
ke mana semua kulit khitan pergi ketika mereka menyunat seorang pria?; peri kulit khitan membawa mereka setelah Anda menempatkan mereka di bawah bantal Anda,0
Jika kau skinhead maka secara definisi kau harus mencukur kepalamu karena jika kau melakukannya kau bukan skinhead.,0
pekerjaan hit ini jelas di kavannah tidak akan bekerja ... dan liberal terus mengungkapkan diri sebagai sosok setan ... url,1
Oh kau berada di Inggris? Pandanganmu tentang pengendalian senjata berhenti berpengaruh.,1
tidak bisa hanya mengatakan apa-apa jalang im satu klik jauh dari google setiap saat,1
"Sepertinya pilihan adalah kandidat genosida putih, atau",0
Sekarang jika hanya polisi kami akan melakukan hal yang sama.,0
Mereka akan menjadi pengedar narkoba menyedihkan amp depresi bayi Mungkin kau perlu nigga yang bekerja di gudang kohl atau sesuatu,1
Mungkin truf akan peduli tentang pendukungnya ketika ia selesai mengisap ayam kike terlalu buruk ada tidak ada akhir di terlihat,1
benar-benar maga suara truf,1
ketika pemerintah Anda lebih peduli dengan tidak menyakiti imigran ilegal sensibilities daripada melindungi keluarga atau properti dari mengatakan imigran Anda tidak memiliki pemerintah Anda memiliki musuh,1
ini sangat hebat. bola musim biasa adalah untuk burung,0
"joey badass mengatakan diperdagangkan di nikes saya untuk mic baru, saya kira aman untuk mengatakan ia menjual sol nya untuk kehidupan baru",0
pengguna pengguna pengguna pengguna dibandingkan dengan homo lain i indeed am,0
"Ketika kakek bilang aku bukan pembunuh tapi jangan mendorongku, balas dendam adalah sukacita yang manis di sebelah untuk mendapatkan vagina",1
liberal sebagai standar per odia ....rw liberal ketika datang ke negara saya,1
pengguna tidak lebih dari pemerkosa berantai keduanya dia memperkosa perempuan dan pembayar pajak Amerika dan dia memperkosa Amerika dan pembayar pajak Amerika,0
user common for trump groupies rt user nigger sand negro semua sama oh ya wetbacks too,1
Aku dengar teh hijau membuatmu menurunkan berat badan... dan Imma Coon jadi itu menjelaskan semangka,0
dan dia bodoh juga!,1
Ford adalah amplier pembohong; sayap kiri ultra radikal bekerja dengan soros amp; lain-lain seperti antifa amp; partai dem telah dikenal selama ini.,1
Apa artinya fashbrain? Kau hanya mengatakan kata-kata tanpa mengetahui apa yang mereka maksud orang bodoh itu lucu. Terus mengatakan hal-hal bodoh orang terbelakang Anda membuat saya tertawa,1
menyebalkan kentut dari sheboons obesitas,1
berulang kali mengumumkan langkah-langkah dan pendanaan sebelumnya yang tidak berlaku sampai tanggal mendatang dan hanya melayani untuk membantu para pengurus rumah membuat lebih banyak keuntungan tidak akan memecahkan krisis perumahan yang diciptakan oleh tenaga kerja dan membuat lebih buruk dengan,0
apapun yang terjadi pada orang yang tidak bersalah sampai terbukti bersalah... liberal hanya ingin Kavanugh bersalah karena truf memilihnya.,0
Aku ingin tahu apakah pengungsi akan melihat ironi saat dia akan memenggal kepala yang satu ini,1
Aku tahu orang yang menulis perang robot super Gd! gd untuk gloria dei,0
Anda mungkin dapat membayangkan semua kepingan salju di Sjw yang tidak merasa aman bekerja di mana mungkin ada konservatif yang mengintai dalam bayang-bayang.,1
tidak apa menuduh seseorang melakukan kejahatan seks bertahun-tahun setelah itu terjadi untuk menghalangi sidang pengadilan tertinggi. Anda kaum liberal benar-benar gila. Anda tidak akan memperlambat apapun.. noverber ini akan menunjukkan bahwa perilaku radikal tidak bekerja.,0
"makan kotoran, jalang, dasar kumbang.",1
khas orang asia tidak mengeluh hampir sebanyak kulit hitam lakukan tentang dunia yang tidak adil mereka hanya melakukan yang terbaik untuk membuat baik dengan apa yang mereka miliki,1
pengguna pengguna asing ilegal hanya bahwa nyc telah mati otak dan itu harus ditantang di pengadilan di california politisi sama buruknya tetapi mereka tidak bisa menutup hak amandemen pertama saya,0
feminis tidak mengatakan apa-apa tentang wanita swedia geng diperkosa oleh tiga orang muslim di facebook hidup saya kira mereka terlalu sibuk berpakaian seperti vagina raksasa dan merengek tentang tambang upah kesenjangan,1
pengguna oh im fucken terbelakang,1
dia adalah pembohong yang berbicara .. itulah sebabnya.,1
kebanyakan liberal tahu jauh di lubuk hati bahwa penindasan dan misoginis tapi yang lebih baik daripada rasis islamophobe yang adalah apa yang Anda menurut liberal jika Anda berani berbicara menentangnya. Ini adalah bagaimana rendah standar untuk debat adalah pada topik-topik seperti ini.,1
user very sad moreno valley is ghetto stay away,0
bagaimana jika saya berbicara Ghetto lol id menjadi sangat kesal diri saya,0
maga! jika Anda semua dalam untuk truf ikuti aku dan aku akan mengikuti kembali.,0
cinta yang pic persis di mana negro perlu menjadi forribuan tahun inferioritas negro telah dikenal,1
Kami orang-orang menuntut penyelidikan keith ellison!!! maga url,0
Aku makan monyet. dan sekarang aku punya bola.,0
cokelat panas dan amos terkenal ini terlalu bom sekarang,0
"satu hal yang menarik yang saya temukan di pangeran adalah bahwa machiavelli menyarankan penggunaan kolonisasi orang baru, setia kepada pangeran, di provinsi yang baru diperoleh, sebagai cara untuk semen kontrol daerah. itu tentu saja harkens untuk kebijakan imigrasi hari ini.",0
ini semua jenis salah. jika es akan mengalahkan sh keluar dari dirinya.,1
Tapi Beesto punya pengemudi mabuk yang meninggalkan tempat kejadian dengan suara yang sama!,1
wow. antifa delusional di sini. menentukan bahwa seseorang telah atau belum terlibat dalam banyak protes. sudah menilai dan memutuskan untuk orang lain. facist khas bersembunyi di balik istilah antifa. seperti jim jones. menakutkan.,0
Mereka menang saat negro yang sedang membersihkan pagar mulai memberi perhatian pada mereka... apa yang kau menangkan?,1
i wonder apa sec berpikir ini ...,0
Mengerikan sedih bahwa kita semua tahu siapa dia. itu memberi saya tidak ada sukacita untuk mengetahui im lebih pintar dari presiden.,1
baik saya sayang lgbtq saudara dan saudara saya tidak ingin mati di tangan seorang teroris muslim dan karena Anda menempatkan hidup saya dalam bahaya dengan politik Anda saya ingin menyarankan bahwa Anda semua fuck dirimu,1
"Jadi, beaner mana pemain baseball favoritmu? Kau punya poster besar dia tergantung di dindingmu.",1
Islam adalah omong kosong mohammed adalah pedofilia dan suka mengambil itu keledai agama dari pemukul istri dan kambing hummers bukan agama kultus,1
Aku bukan seorang Zionis tapi tuanku betapa sulitnya untuk hanya mengakui bahwa orang hanya benar-benar membenci Yahudi,0
benar. dang. dia adalah s. ..,0
Kereta api besar lainnya menangkap beberapa patriot baru. Terima kasih telah melibatkanku.,0
Inilah yang terjadi saat kau memberitahu bantuan bahwa tidak akan ada peristiwa bendera palsu hari ini...,0
"jari diwajahmu itu sekarang melakukan hari, seperti cewek tidak ada aku ingin melihat bibir",1
Aktivis Kristen dituduh melakukan kejahatan kebencian ditutup oleh hakim karena mengkritik agenda lgbt,1
Tolong jangan biarkancruz lolos dengan pajaknya dan habiskan uang haram yang disiulkan anjing rasis dengan fakta dan hubungi dia di BS,1
"Jika J frame . tidak akan berurusan dengan itu, Anda tidak harus mengacaukan dengan itu tanpa pistol panjang.",0
Kupikir dia terbang dan kembali tapi debussys sentuhan gr,0
Apa dia tahu siapa kau?,0
Aku belajar saat orang kulit putih membencimu mereka benar-benar membencimu,0
Lesbi benar-benar akan plottin pada cangkul selama bertahun-tahun mereka akan duduk di sana dan berteman dengan cewek selama bertahun-tahun hanya menunggu mereka untuk tergelincir,1
pemegang adalah orang yang berkualitas nyata. tidak akan tahu kebenaran jika memukul wajahnya,1
"Kita semua tahu bahwa dems menginginkan semua suara yang datang kepada mereka, itulah sebabnya mereka semua mendorong untuk itu terjadi. demsliberal jelas unamerica. semua yang mereka peduli adalah gaji mereka dan posisi mereka. st kita perlu menit jangka, tidak lebih dari istilah seperti",0
"Aku punya permainan untuk kalian, anak muda. Jangan tumbuh menjadi pelacur bodoh.",1
benteng sejati terakhir dari dua partai adalah mengkritik muslim hitam wanita pengungsi kongres,1
lebih seperti bom asap untuk menutupi sebuah kolom lapis baja. Aku punya kebun yang sangat besar.,0
user nigga what jan,1
Aku tidak tahu mengapa mereka membuat pembajak mobil menjadi orang kulit putih. Itu tidak realistis. Itu akan menjadi negro atau orang Amerika Latin.,1
bagaimana untuk bunuh diri tanpa benar-benar bunuh diri,0
pengguna hanya sedikit trans bahkan memiliki sebuah narc efektif diri id sudah dipraktekkan dan perempuan dan gadis-gadis telah diperkosa di penjara mengubah kamar dll jadi apa solusi Anda untuk masalah ini,0
Aku suka mata yang sedih. Orang jahat penuh kebohongan.,0
pengguna anda lupa menyebutkan pengungsi muslim ilegal,1
Rata-rata jumlah rata-rata asia iq aq jumlah rata-rata african iq negro mereka adalah dari saham rendah seperti yang akan mereka katakan di hari-hari tua mengapa Anda akan mencampur dengan Amerika Latin kecuali ini adalah semacam operasi penjarahan berada di luar saya,1
imigrasi putih massa adalah irlandia s momok saat ini dan harus disayat oleh ..,1
"Sepatu baru yang akan dilepaskan oleh Nikejordan... ya, ada glitter pada sepatu....",1
Aku besar untuk praktek restoratif tapi jalang ini benar-benar berpikir hak putih nya dan menjadi polisi itu akan mendapatkan dia dari fuck cowok blm amber nya,0
kalian negro perlu berhenti menjadi homophobic,1
Ibunya seorang Yahudi jalang,1
Kapan mulai bahwa media menjual yang tidak normal sebagai biasa berapa banyak homoseksual orang yang Anda tahu dalam kehidupan nyata Anda dan seberapa sering mereka topik di media,0
Hog sengaja menakut-nakuti,0
Kau adalah bajingan mesum palsu. Kau bisa diperkosa. Jangan bodoh dan bekerja atau belajar mengubah hidupmu.,1
Aku harus mencari shabbat goy untuk melihat apa artinya tapi aku mengerti retard sehingga mungkin itu berarti aku tidak bisa menjadi satu atau akan menghambat benar-benar tahu mereka adalah menghambat dalam hal Tuhan memberkati mereka semua dan semua orang,1
ketika putih memiliki nama moslem itu berarti jumlah bangsa barat non moslem mereka telah ditaklukkan dan nomor orang kulit putih yang menyandang nama moslem adalah budak Abeed,1
Jika kau tahu aku aku adalah wanita kulit putih yang biasa di oktober yang suka szn halloween yang seram dan franel dan labu tambalan ini adalah bisnis yang menyenangkanku ya,0
mengalahkan ketika saya adalah nomor yang Anda maksud london menusuk Anda punya bahwa lennon salah yang kacau celah,1
ketika melrose memainkan karakter ini berbeda dia seorang wanita kulit putih berpakaian up sebagai kue keberuntungan dan lada kinerjanya dengan trope rasis seperti frase ching chong ini jelas rasis dan digambarkan seperti dalam jenny menunjukkan bingung dan jijik,0
Aku lebih suka serigala daripada singa.,0
lol kami punya Israel lain pertama homo saya yakin Anda d seperti kike memperkosa putri berusia nomor tahun Anda untuk membuktikan Anda tidak anti semitik tidak akan Anda,1
kk masih hidup dan baik dalam partai demokratis Anda bahkan bisa mengatakan itu berkembang jelas semua demokrat adalah fanatik seksual rasis benar ini hanya tidak nyaman fakta untuk mencuci otak kiri monyet meskipun bukan,1
Sebenarnya kau hanya negro bodoh dengan mulut besar dan otak berpori tak seorang pun yang layak mengetahui apa yang kau katakan atau melakukan serius negro kotoran mentah yang perlu dibuang segera,1
Aku adalah reaksi dari invasi kulit kotoran.,0
Bung sialan mono menyebalkan dan tempat tidur saya adalah sampah,1
ya kau benar dan aku tidak mendapatkan apa yang mereka lihat dalam dirinya baik. im bersyukur dia tidak lagi di kantor.,0
membayar pajak kembali belum? masih memiliki keamanan swasta bersenjata bahkan setelah Anda berteriak tentang kontrol senjata ? suami Anda masih berbicara dengan harvey sehari-hari ?,0
"Ikan bass di atas pelacur di penisnya, ikan di dermaga",1
pengguna selalu berpikir memprovokasi kutipan tapi biasanya lebih mungkin untuk membalas kike daripada saya melihat saya senpai,1
Aku harus berterima kasih pada pencipta untuk menemukan daftar yang lebih besar dari orang yang harus diikuti. Mungkin sekarang orang ini bisa melakukan pencarian antifa dan komunis lainnya menginfeksi pemuda.,0
"whipped cream;, endless love",0
Kau seorang idiot,1
pengguna pengguna pengguna tidak akan berbeda di bagian lain dunia saya dengan jelas menyatakan bahwa saya berbicara tentang hak istimewa putih di dalam kami membuat argumen Anda masuk akal,0
bukan sebuah tata bahasa nazi tapi,0
mobil dan truk menyerang di Eropa dan Amerika kontrol senjata lobi url,0
anak-anak sekarang bercampur .. lebih dari gender studi omong kosong dan sosialisme .. ya seperti saya tidak melihat satu ini datang! mega mbga mcga patriot konservatif melindungi anak url,0
studi menunjukkan oklahoma memimpin bangsa dalam konsumsi hamburger oklahoma adalah negara resmi kulit putih dalam serikat,0
memenangkan browns! cle clevelandfans clevelandpride clevelandbrowns clevelandsports browns brownies;,0
mengekspos mereka rasis homofobes adalahlamophobes dll di media sosial jangan malu mengekspos mereka semua,0
pemegang ditahan karena menghina kongres. Mengapa tidak di penjara untuk cepat dan marah? bagaimana untuk pembunuhan?,1
"paradoks kekuatan membuat Anda kehilangan kebajikan yang menyebabkan empati, kolaborasi, dll. bagaimana untuk meningkatkan ke atas tanpa kehilangan kebajikan yang membuat Anda ada.",0
ini hanya akan berlaku untuk orang kulit putih seperti yang saya telah diberitahu jika saya berbicara dalam suara monoton yang jelas kedengarannya bermusuhan pelanggan repetisi mengatakan bahwa paling sering,0
menemukan satu dimana harus mengalahkan Nathan Moons kepala ke es juga.,0
"Aku telah melihat laporan otopsi Emily mereka tidak mencari becouse pemerkosaan mereka tahu apa yang akan mereka temukan, mereka pergi hanya untuk tuduhan pembunuhan tidak pemerkosaan dan pembunuhan becouse mereka tahu itu akan lebih banyak bagi masyarakat untuk mengambil.",0
"di George Steinbrenners konferensi berita pertama yankee, dia bilang dia tidak akan ikut campur dalam keputusan bisbol, menjanjikan ...",0
Gay yang memilih bukit dan protes mengatakan mereka merasa tidak aman karena truf telah jelas lupa tentang moslem yang membunuh jumlah dan terluka dalam sebuah klub gay yang pulau ayah moslem menghadiri reli pegunungan dan adalah salah satu pendukungnya,0
Gigi kebiruan;;,0
mane fuck Anda semua kike,1
Besok aku akan melanjutkan menggambar loli nazi pastinya,0
debat terakhir membersihkan wartawan tentu tahu bagaimana untuk sampah lobi ... wcvbpoli wcvb,0
starporn rho ophiuchi,0
mawar menjadi anggrek merah menjadi lebih besar donts memberitahu ayahmu kau fucking negro vddie,1
Apa dana itu?,0
Negro memanggilku homo saat aku mengatakan hal ini padanya.,0
Pikirkan berapa banyak kesulitan yang Anda simpan hanya dengan menjaga ilegal keluar dari negara dari awal dan mencegah mereka masuk dengan dinding dan keamanan yang sulit. kelemahan mengarah ke tuntutan lebih lanjut.,1
tidak ada toleransi yang banyak bagi wanita yang menolak untuk berlutut untuk Hillary Clinton ada di sana saya telah di semua ruang chat dm di mana mereka merencanakan untuk laporan massa yang sama kretin akhirnya membuat saya dilarang,0
hes sampah rt terlalu dini untuk memanggil austin sungai draft bust ?,0
pada ulang tahun isis amp; al qaeda pendukung masing-masing klaim ben sarat sebagai mereka sendiri sebagai menunjukkan keaslian jihad mereka menyedihkan,0
"Aku yakin Hitler adalah homo, tidak ada pelacur, tidak ada anak-anak, semua seragam kulit, ingin sendirian dengan orang-orang terdekatnya mengunci;",1
"Ted selalu memiliki perasaan untuk perilaku publik yang paling tepat. tapi, seringkali, ia tidak dapat mengendalikan dirinya sendiri. Gopdysfunction url",1
x xy nomor x nomor y memecahkan untuk xy shibshastihtudes cara untuk mencapai matematika ghetto adalah ghetto up pekerjaan dan semua nomor dat shib shastihtudes nomor shastiudes shib shib shib shastiistudes nomor shas shas,0
pengguna sementara saya telah melihat beberapa rekaman ini sebelum itu adalah pengingat bahwa sejumlah baik ini sehingga disebut pengungsi tampaknya orang usia berjuang tanpa niat asimilasi tidak keluarga anak-anak media ingin menemukan acara,0
Jeremy corbyn meluncurkan operasinya barbarossa sepatu badut sialan,0
all sand niggers,1
Aku seharusnya membiarkan orang tua kulit putih bekerja di mobilku dari awal bukannya membiarkan negro ini dan orang Amerika Latin bermain di bawah kap mobilku,1
"selain Thanksgiving, bagiku, hanya alasan untuk main-main dan makan kalkun sebanyak, kentang, jagung, isian, dan saus cranberry sebisa mungkin.",0
pengguna kita memiliki beberapa bentuk rasisme fanatisme nativisme myzoginy islamophobia anti semitisme putih yang tidak pada akhir menerima dari setiap belajar menggunakan bahasa dari menentang satu sebagai penutup atau pembenaran untuk memanjakan dalam satu atau lebih dari sisanya,0
idm helloooo im mencari fwends baru tapi saya kebanyakan hype jikook hanya rt rep tidak homophobic pls,0
Aku sangat terangsang mencari seseorang yang bisa membantuku untuk cum sexe milf seksi cumtribute domina gay biseksual littledick cock panas,0
"Aku senang papan ini kembali beraksi, whew.",0
pengguna Cina satanist lee hsien loong penjahat malysian telah bergosip informasi palsu ke staf supermarket NTucing sejak penemuan menengah cepat jika ditanya,0
Lesbi hitam tersinggung bahwa wanita heteroseksual putih merasa terancam dan tidak nyaman oleh penguntit nya seperti perilaku juga berpikir hitam berbau buruk,1
untuk sibuk menipu kulit putih dan menyewa apartemen ghetto untuk shitskins eh schlomo,1
pengguna asing ilegal ini baru saja memperkosa anak luciano trejo dominguez nomor,0
karena dia seorang wanita?. uh..bukanlah lawannya seorang wanita... tidak mendapatkan titik sakitmu terbentuk di sini.,0
harus ditampilkan di semua kelulusan SMA.,0
Ibu adalah seorang menghambat dan sehingga setan nya bertelur,1
Aku mendaftar dan ghetto sebagai lmaoo fuck,1
Claire botak aku tahu kau bisa diperkosa oleh beberapa negro kau lesbi,1
"Aku benci Elissa, pelacur palsu.",1
user look at the artikel harry wrote listen to his words rasismese was difault of what he said white british orgz domination africansvand their source is wrong read the book,0
Aku ingin tahu berapa lama sampai mereka bisa mendapatkan negro bau keluar dari rumah putih,1
benar gay pergi memiliki hari seram,0
menjadi dike lemak menjijikkan harus ilegal,1
"Jet, tagihan dan lumba-lumba semua menang. Bagaimana kepemilikan tunggal tempat terakhir merasa mr. belichick?",0
Perang bukanlah kekerasan dan pembunuhan murni dan sederhana perang dikendalikan kekerasan untuk tujuan robert heinlein,0
kirim ketiga pekerja sialan itu kembali ke tempat tidur mereka sendiri sekarang mereka bisa berbaring di dalamnya,1
sementara brigade checkmark biru memiliki krisis tentang memanggil imigran ilegal hewan dan mengatakan ini sebenarnya menggambarkan setiap non putih imigran sekali lagi kiri lebih baik pada rasisme daripada hak jauh mari kita lihat Israel,1
Wanita kulit putih modern adalah orang yang paling dibebaskan dalam sejarah umat manusia Maret ini berada di luar pemahaman bagian terbaik pemilihan ini adalah melihat bahwa pendapat selebriti tidak beresonansi kepada orang-orang yang masuk akal,0
muslim kotoran,1
hey musim panas saya tinggal di florida!,0
pertama kami duduk dengan menonton foto perempuan yazidi dan gadis kecil yang dijual sebagai budak menolak mereka yang lolos dari status pengungsi di Eropa dan USA sekarang kami dapat mengirim uang untuk pengungsi moslem yang menyebabkan masalah mereka tapi bukan untuk orang Kristen yang benar-benar korban,0
Terima kasih bunga lili besi untuk foto yang sangat indah dengan sepeda harley davidson ini terlihat seperti pembalap mudah dimodifikasi sportter url,0
terutama dengan nazi i rumah putih,1
Kau tidak pernah ingin hidup lagi tidak bunuh diri. Tapi hentikan saja kehidupan yang kau miliki.,0
"ketidakjujuran adalah dasar untuk progresif, penyebabnya selalu tentang masa depan yang dibayangkan yang obatnya tidak dapat melewati ujian pengalaman. progresif ingin berkonsentrasi kekuatan di tangan negara untuk mengontrol dan menundukkan Anda. dapat Anda nama klaim progresif yang menjadi kenyataan.",1
lain kali kau pergi memanggil orang hitam..memanggil orang bodoh di hutan.,1
tentu saja ras kulit putih cenderung menjadi ras cerdas dan banyak dari nonwhites Anda baik terlalu bodoh untuk mengakui bahwa atau hanya ingin menggunakan kebodohan nonputih Anda untuk menyebabkan lebih banyak kesengsaraan kepada kami yang ingin mencari kebenaran .,1
wow Anda benar-benar mengerikan. bayangkan bangga mendapatkan orang-orang di zona bencana menemukan air ditangkap. pemilik toko tidak ingin mereka ditangkap dan Anda adalah orang yang mengerikan.,1
Kita harus mengamankan keberadaan pena dan masa depan untuk awan uap putih,0
bagaimana Anda kike d c op akan hari ini shmule,1
nyata niggas hanya Anda vagina homo,1
"semua orang yang tidak mereka sukai adalah hitler harfiah. tidak, benar-benar.",0
Untungnya orang ini tidak pernah hidup di bawah kekuasaan Nazi dan pasti tidak pernah hidup di bawah aturan komunis baik benci kikes untuk negro pasir mereka,1
"Semuanya, lihat pecinta pabrik angin ini.",0
Kau wanita jalang bodoh.,1
Maksudmu Santo Rosenad Renagan konservatif memberikan amnesti pada jutaan orang Meksiko dengan pedang besinya.,0
Aku tidak benci kulit hitam tapi aku benci fakta bahwa itu adalah kejahatan yang dirasakan untuk mengatakan kata negro jika salah satu memilih,1
Tapi mereka hanya bicara di twitter bc pussies dalam kehidupan nyata,1
"Checkers sudah mati. d.e.a.d. waktu untuk melanjutkan. supercanada telah ditawarkan dan kita harus mengambil itu. waktu untuk menghadapi kenyataan, pensiun mrs mungkin dan menunjuk pemimpin baru, mungkin",0
tahun ini permainan petunjuk nomor obama juara perubahan pemenang membunuh gay wetback pasangan atau gay menikah hispanics di fl perguruan tinggi dengan sejumlah hari jembatan memewar pengguna akan Anda membuat tahun permainan kemeja petunjuk,1
Aku tidak bisa menemukan ini di websitemu.,1
"i digunakan untuk membaca berita minggu di s. mereka mulai pergi sodomi coddling di akhir s dan awal, saya berhenti membaca mereka karena itu. mereka juga menjadi terbuka anti christian sekitar periode waktu yang sama.",0
Kaum konservatif hanya tertarik pada wanita yang memiliki properti seperti dan meledak defisit selama orang kaya diurus. Tetaplah percaya.,0
raksasa vs. bau burung Minggu ... pikir ima membuat beberapa sayap;,0
Nig-ku.,1
Merkel adalah tolol dan komunis Jerman timur yang mencintai muzzies lebih dari Jerman ketika akan Jerman menendang pantat gemuk keluar dari kantor,1
{\cHffffff}Celana sekali.,0
Tanpa kita mereka akan tetap tinggal di gubuk lumpur dengan tongkat yang ditajamkan.,1
pengguna pengguna user naam tak rocky se copy simly haii itna bhi nahin janta ki tere baap dadah hindu the and turk came and rankove and some turned muslim and idiots like you think you ruled us for,0
pengguna pengguna pengguna pengguna pengguna pengguna pengguna pilihan untuk maksimal adalah suara untuk orang Kristen putih dan tidak ada yang akan kembali ke sana mencoba karena Anda mungkin Anda telah gagal,0
"Para penduduk Amerika tengah ini sedang berdiri di garis depan dan dibayar oleh siapa yang ingin menghancurkan soros Amerika, yang selalu soros dan setan yang dia miliki",1
Kami dituduh tidak melindungi warga dari kekerasan senjata.,0
tidak bisa menunggu lebih banyak PEDs adalah bahwa hal itu?,1
pengguna pengguna dia adalah licik dan penipu booming arabs dan menyalahkan muslems palsu pada dirinya dia adalah presiden mengenakan sejauh ini,1
Banyak wanita kulit putih mencoba untuk menciptakan bahaya dengan menarik orang-orang lain ke negara kita.,1
Hanya bersyukur mereka tidak memikirkan itu sendiri.,0
obama adalah akhir cack seorang Amerika berpura-pura seorang pria hitam dalam realitas homoseksual mangina kripto muslim pecundang diciptakan oleh CIA dilatih oleh saudis untuk menghancurkan kekuatan Amerika,1
dia begitu kecil dan bergerak begitu cepat lol,0
"Aku suka menonton monyet gas, mereka punya beberapa klasik di sana.",0
Gadis ini datang ke kelas dengan ayam goreng dan menarik saus panas keluar dari tasnya Maksudku datang pada bagaimana ghetto amp; stereotipi;,1
"hey tuan rumah negro, paman tom bukan Anda dari grand ole mississippi, saya istirahat kasus saya!",1
Seseorang tolong beritahu walikota Berkeley bahwa memanggil pidato kebencian yang kau benci pidato tidak memberimu hak untuk menghindari amandemen pertama apalagi membenarkan kau menyalahgunakan wewenangmu dan mengizinkan kekerasan terhadap siapa pun atau siapa pun properti miloriots tidak aku masih belum bisa mengatasinya,0
pengguna dia tidak islamophobia karena truf ia kasus kacang bahwa kebijakan dan antisemiisme telah mengirimnya ke laut,0
pengguna penggunanya telah menghina tapi bukan sistem putih bidangku di Afrika Selatan telah menghancurkan pikiran hitam,0
Dia hanya mencoba untuk mendapatkan lebih banyak sumbangan,0
Ingat ketika antifa terhormat dan mengintimidasi? saya tidak lmao,0
daging daging awww dalam feelsi nya ainn n perasaan saya jalang,1
Film dengan babe di mendapat sucky saat mereka pergi bersama? jadi apa yang Anda katakan adalah bahwa Batman mulai lebih baik daripada ksatria gelap dan ksatria gelap naik? komentar Anda tidak masuk akal karena Anda tidak valid,0
Aku pasti tidak akan merekomendasikan menjadi guru di dalam kita.. ..bayarannya bukan yang terbaik.,0
mengingatkan saya pada ratbags antifa.,1
skippy dan kats. fezbandname,0
jungkook tidak perlu inkigayo sandwich wingman jimin dan hobi akan melakukan pekerjaan untuknya sementara memalukan pantatnya,0
i benar-benar tidak pernah bisa konseptualisasi orang aneh hitam sampai saya seperti nomor i sepenuhnya berada di bawah kesan bahwa keanehan adalah orang kulit putih hal karena kata-kata dan tindakan masyarakat saya,0
Apa mereka sudah ditangkap?,0
"Islam adalah agama palsu namun tidak seperti beberapa agama palsu lainnya, agama itu kasar dan memikat orang - orang mentah seperti orang Arab.",1
sebaiknya para pengguna mengunci iblis putih lainnya,0
Aku menelepon saya bobojee dan mengatakan kepada saya saya berbicara seperti seorang gadis kulit putih maaf pantat ghetto Anda tidak tahu bahasa Inggris yang tepat dan memiliki kelas nol,0
"serangan uk muslim dilakukan oleh pengungsi muslim sudanese, yang mengajukan permohonan visa untuk mengunjungi negara yang katanya telah melarikan diri",0
Berita radio pagi ini mengacu pada imigran ilegal yang taat hukum luar biasa kau tidak bisa membuat hal ini sampai jurnalisme sudah mati,0
lihat saja arab non muslims berberberser druze alawite bahkan kaum arabs Kristen rendah iq simpanse benar-benar terbelakang masyarakat apakah didasarkan pada islam atau tidak,1
"binatang Chechnya adalah salah satu yang melakukan pembunuhan atas nama allah terhadap saudara Rusia kita, seperti teater di Moskow.",1
trendzset toko untuk sepatu dan dompet bergaya terbaru,0
Jadi ini cara kita menenangkan orang antifa? melempar nugget ayam pada mereka? Bagaimana konyolnya mereka?,0
ikuti pengguna dan ikuti kembali shehnazians bhai ka old account suspend ho gya plz mengikuti kro sare westandbyyousana,0
"Apakah orang tua lain menyebut perempuan puff daya sebagai gadis puff bubuk, atau apakah saya hanya sangat terbelakang?",0
hitler pengguna benar-benar membunuh dari jumlah jumlah populasi dunia Yahudi sehingga yang badder jalang,0
notokavanaugh neraka membalikkan roe vs wade womens rights mendukung kepentingan khusus maaf neraka permaafan jika didakwa menghancurkan Amerika Askaca neraka mendukung NRA NTRA AM; berhenti mengendalikan senjata neraka suara terhadap hak lgbtq neraka melanggar imigran url,1
membuat Anda bertanya-tanya siapa yang melihat ini dan berpikir wow tempat ini benar-benar membutuhkan lebih banyak negro dan joki unta,1
weev gratis kita perlu ridge torba ruby lain adalah kike homo,1
siap untuk tsunami merah ini,0
Merkel perlu untuk menjadi pak diperkosa oleh geng muzzos kemudian pantat kacau oleh negro Afrika i hope dia mendapat bantuan dan mati dalam rasa sakit,1
dimana d Anda belajar bahwa tanda Zuckerberg sjw perguruan tinggi Rusia selalu ada dan akan selalu caucasia dari benua Eropa klasifikasi Rusia atau India sebagai orang Asia adalah sama dengan mengklasifikasikan Brasil sebagai Amerika,0
Jika kau berkendara di bawah batas kecepatan terutama di jalur cepat tahu aku benar-benar membencimu,0
Briahna mengatakan padaku saran terbaik yang pernah kuberikan padanya adalah bahwa tidak ada yang bisa memotong pelacur Dar dari lmao.,1
kecepatan dewa pengguna kepada siapa pun harus mewawancarainya,0
"Jika pemilihan, aku akan memenjarakan Clinton setelah pemilihan, Franken magafags, ya, sukses besar.",1
"Tuhan, kuharap tidak.",0
"Jika ilmu pengetahuan lebih baik dari manusia, kenapa mereka tidak bisa menjadi burung? Oh, aku minta maaf itu terlalu logika untuk Anda?????",0
menyebalkan bagi Anda,1
Aku sudah merasa untuk sementara waktu bahwa trs adalah apa yang akan terjadi jika pol memiliki versi sendiri dari rchan,0
hanya orang bodoh berpikir setiap orang Yahudi berada di sisi putih bahwa musuh tiga kali lipat untuk jewfags,1
Kau memang brengsek!,1
Ada gambar dari chavezer sarung tangan emas!,0
liberal adalah orang sakit!,1
Aku pikir beberapa orang memakai Nass dan menandai antifa,0
"Aku tidak tahan denganmu, aku tidak SMS pantat pertama pelacur.",1
wemarchforourlivescukupapayangmengatakanbahwaAndaperlumenyelesaikansenjatakhusus... danpuisiterjatuhmengfokuskanpilihhanyamerekauntuk sebenarnya senjatakontroldompatua dengan pemberdayaan tindakan url,0
Aku berasumsi gelembung mickey,0
pertama gangguan mental tahun ini saya fucking benci sekolah,0
orang pengguna berpikir itu ok untuk pergi setelah Yahudi sekarang dan yang bisa keluar dari tangan benar-benar cepat,0
wanita jalang ini tidak memberitahuku,1
stunting on all yall hogs that was flexing on me,0
lol negro negro lol negro negro lol negro negro lol negro negro lol negro lol negro negro lol negro negro negro lol negro lol negro negro lol negro negro lol negro negro lol negro negro negro lol negro negro negro lol negro negro negro negro lol negro negro,1
lmaoo rt ; ur a bitch for not following back;,1
Afrika adalah sebuah lubang dari sumber daya alam dan hanya membuat gubuk lumpur dari itu ... apa kehidupan liar mampu membuat pondok yang lebih baik ie burung,1
user tfw cv adalah nomor dan yoof memanggilnya nazi untuk jumlah jalur nomor tidak memungkinkan pedophilia cukup keras jumlah genosida putih enabler mari kita memilih pilihan supremasi putih,0
Mendengar beberapa kabar baik hari ini dan semua yang saya harus katakan adalah karma adalah menyebalkan;;;;,1
"Islam bukanlah agama, itu adalah doktrin politik dan militer kriminal yang bertekad untuk menaklukkan semua agama lain. Ini adalah kejahatan yang tidak ada duanya!",1
"Salam, driodoir.",0
Kau tidak harus menjadi lesbian untuk menyukai cangkul,1
biarkan aku teks cangkul saya gm atau sumpin,1
waktu malam jatuh. lm Corie latin sekarang. seorang intrik. saya menempatkan bulu burung ke dalam gelas scotch saya dan saya tidak pernah melakukan posting ab;,0
egyptian tv host Yahudi menggunakan holocaust untuk mengisap darah Jerman youtube,1
pelacur tetap setia jika mereka ingin,1
alkohol....mackhoe; i miss...;,1
Yahudi adalah pasien paling menuntut dan terburuk dari semua.,1
Aku lebih suka melihat tebing ek redskins dan komet tebing ek bermain neraka,0
bengals v. beberapa tim menyesal mencari pantat whoopin,1
Kau terlihat seperti pelacur sialan,1
"TATF adalah orang yang meminta sesuatu seperti setengah penyelidikan. oh, yang menang begitu banyak. dan tampaknya truf adalah hitler berikutnya. truf adalah meringkuk dan membungkuk untuk semua orang",0
Lol bagaimana di bumi menurut Anda antifa membutuhkan dana untuk apa pun? menendang Nazi adalah gratis dan bisnis booming,1
angka adalah tinggi rata-rata untuk wanita Anda niggas hanya pendek,0
"Apakah ada kota kuliah yang lebih longgar daripada kota????? jika ya, aku ingin mengunjungi tu hoosiers",0
mungkin kau benar jika aku bisa menukar hidupku untuk menyingkirkan dunia dari setiap para aktivis aku akan dengan senang hati melakukannya,1
dia memblokir saya bc im muslim,0
di sebelah kiri berpendapat bahwa komunisme memperkuat kesetaraan.,1
Aku tahu aku tidak akan suka apa yang dia lakukan tapi aku tidak pernah berpikir bahwa setiap republik tunggal tapi duduk dan biarkan dia melakukan apa yang dia lakukan sekarang mengenai segala sesuatu yang Anda sebutkan dalam tweet Anda cukup,1
kata homo yang tidak bisa menahan penyebaran dia kaki di dan lebih segalanya,1
Im kecanduan monyet phonik.,0
"Ya, itu hanya warna kulit.",0
dia adalah orang sakit aku tidak peduli apakah dia adalah Paus atau sampah mengambil orang. sakit dan membawa ke pengadilan,1
Semua pembicaraan ini tentang trues dick diduga tampak seperti kodok dari mariokart ini adalah satu-satunya hal yang telah dicapai. hanya sekarang libs membayangkan seorang pria tua telanjang. maga url,1
ld mendapatkan pacar jika saya memiliki cangkuls thoo. lmaoo.,1
Plus sheryl crow,0
Google pergi ke neraka!,1
menunjukkan pada dunia betapa tidak berguna dan tidak efektifnya dirimu.. dasar anak cengeng.. kenapa tidak pergi menangis di sudut dengan apa yang ada di kemaluannya???,1
qanon wwgwga maga wow!! layak menonton! url,0
jalang homo,1
Aku tidak ingin budak coklat.,1
pengguna Anda menghasut kekerasan Anda bangga itu penembak massal van putih mengemudi maga pembom pemerkosa rasis dan polisi kotor Anda harus dikenakan biaya dengan menghalangi ancaman dan gangguan saksi Anda goon,0
sayap militan bjp rsss aima untuk membunuh semua minoritas dari India untuk membuatnya menjadi keadaan hindu murni,0
melihat kalian homo seperti di gym dan itu dia tidak pernah kawin lagi anak akan saya harus menemukan sumber hiburan dengan yall sialan douchebags dan cunts berderak di beek ketika saya tidak ada anak di sekitar anak dalam kelompokoids yo,1
Leprechaun kuat dengan kekuatan.,0
Aku hanya punya shoahd lagi. shoahs dalam hari. Saya berharap orang-orang bodoh homo di twitter menggantung diri mereka bot-bot mereka sialan. bodoh kotor gay semua bc saya mulai acct kucing penasaran,1
kunci membuka pintu baik nigga lonceng mendapatkan kunci,0
y sus number millones de payasos fsos solo se le ocurren a este hijo de perra kike,1
tidak harus menyadari betapa banyak permainan wvu berarti bagi kita semua Hillbillies. permainan per tahun. sh;,0
"Jika perlu pemogokan untuk melakukan kejahatan, aku akan sayap tanpa ponsel di tas saya d",0
Kau terdengar seperti senturie ad muslim dari egypt diam tukang nangis,0
"dimana tumpukan dari para demonstran vagina dan badut anti fasis yang sinyal kebajikan tentang truf dan keluar dalam ribuan mereka. dan tetap diam ketika orang protes tentang kesulitan nyata, kesulitan dan penindasan dan tempat fasis Islam dipanggil untuk memadamkan demonstrasi.",1
Semua orang di Gab keren kecuali beberapa orang asing yang kebanyakan hanyalah homo yang tidak peduli yang mendaftar menjadi cemberut tentang menjadi diinbau terhadap oleh gab hanya ada gabfam,1
bagaimana perasaan Anda yang tinggal di selatan irlandia tentang pengungsi yang diizinkan masuk tanpa membiarkan warga Irlandia tahu dan apa pikiran Anda pada pemimpin asing mencoba untuk membuat aborsi hukum i seperti ireland dan tidak ingin melihatnya turun shitter,1
akan membantu untuk beberapa orang lain tidak bisa menangani uppers dan melumpuhkan mereka ditambah jika moderasi isnt dibawa ke mempertimbangkan itu akan menjadi buruk,0
Dia akan melakukannya juga nigga tidak meragukan dia,0
"senang beberapa orang masih membuka rumah mereka dan membiarkan anak-anak menipu atau mengobati, bahkan dengan diversitas biasa memasuki daerah.",1
mengambil banyak perjalanan bulanan ke kotak surat untuk membeli keju agak. liberal dan mereka bijaksana kebiasaan belanja ..,0
pengguna saya pikir dia dengan anak-anak dibawah umur kita semua tahu dia gay dan tidak ada yang peduli sehingga harus sesuatu yang ilegal atau mungkin kekasihnya adalah alien ilegal apa lagi bisa,0
pengguna ibumu diperkosa geng dan melahirkanmu,1
seperti saya peduli ton adalah mengeluh ke beaner bodoh seperti saya akan memperbaiki bahwa tidak beruntung,1
Aku mencoba memasukkan jariku ke dalam tanggul saat dia berteriak menamparku dan lari,0
sepuluh nomor inscritos tidak ada kanal meu jangan sentuh aku jalang aku terkenal,0
orang lain muak dengan video peluncuran produk online dengan musik ukulele yang keren? jadi tidak asli. membuat saya ingin memukul manajer merek di happysack.,1
"Partai demokratis tidak akan melakukan apa-apa kepadanya karena dia kelompok persaudaraan muslim, mereka tidak peduli tentang monahan. persaudaraan muslim perlu dinyatakan organisasi teroris semua itu! elison juga mendukung antifa. orang-orang ini begitu busuk yang menakutkan!",1
salah satu hobi favorit saya adalah mansplain kepada perempuan bagaimana kita hidup dalam matriarki rahasia bukan nomor patriarki kali dari nomor mereka sirkuit pendek dan meledak kebenaran sakit ya saya alpha saya tidak perlu menenangkan Anda lol,1
Berhenti menguntit gadis media sosialmu kau jalang pantat nigga,1
di quaran hijrah sebenarnya praktek muslim yang digunakan untuk mengambil alih dan mengklaim wilayah mereka sendiri jika lebih bangun dengan fakta bahwa krisis pengungsi ini berjihad melalui migrasi maka mungkin kita dapat menghentikan penaklukan Islam ini untuk mengambil alih dunia barat,1
"melihat situasi kalian membuatku sadar betapa beruntungnya aku bahwa SMA-ku berkulit putih namun di komunitas terpencil pedesaanku ada semakin banyak orang hitam yang bergerak ke daerah itu, dan anak-anak mereka.",1
persenal paha katun tinggi untuk menghindari kontak dengan bahan kimia gay,0
fuck Anda tombak chucker,1
"bermain untuk pelacur, bro. i dilly, eksklusif.",1
Aku ingat pamanku yang rasis pernah berkata bahwa minoritas akan membawa kita ke perang saudara bukan karena presiden kulit putih rasis yang tidak ingin masuk penjara,0
jalang ini membeli air mineral.,0
Tidak masuk akal! Ehat rasa koolaide sedang disalurkan di pendingin air?,0
jika sudah dilakukan saya tidak menyadari hal itu saya selalu bertanya-tanya apa yang akan terjadi jika orang gay disebut up mohammedan pembuat roti dan meminta kue akan dibuat,1
Chicago sudah punya aturan pengendalian senjata ketat di negara ini...,1
genosida putih di Google,0
sungguh menakjubkan bagaimana kau menolak seorang gadis dan dia mulai menuduhmu menjadi moslem homosex dengan pahit meskipun seperti ini sedih,1
bertemu superstar pitcher adalah di permainan yankee mengenakan knicks topi knickstape,0
tidak bisa melakukan itu. blm dan orang bodoh antifa akan mulai menjarah,0
"Dan bagaimana aku berasumsi, hmm karena kau tidak tahu apa yang kau bicarakan tentang biskuit hari ini.",1
sedih bagaimana kita mengajar gadis-gadis bagaimana untuk tidak diperkosa tidak berjalan di malam hari membawa semprotan merica tidak percaya orang asing bukannya mengajar anak laki-laki bagaimana tidak memperkosa menghormati perempuan dan memahami forum gender yang konsen,0
seorang teman dari sekolah mulai berbicara tentang kelompok ini.,0
Negro,1
podhoretz adalah sampah kike yang membutuhkan perhitungan mengerikan,1
payudara jalang,1
"tentu saja, mereka lebih jantan dari kita, jadi itu tidak akan terjadi kan?!!",1
"Jadi aku dituduh sebagai seorang islamophobe oleh seorang Muslim di twitter, aku setuju dengannya bahwa aku adalah seorang islamofauxb dan katakan padanya mengapa dan akulah orang yang akan diskors?",1
Hollywood sangat tidak berhubungan.,0
Anak-anak dari wanita yang berbeda dari orang Amerika pengangguran ini? pria Nigeria Anda adalah bom!!!,1
ho terus mengatakan di dior pada jalang saya dan banjir diriku dalam laurent suci,0
Astaga. Aku tidak menyadari ini seburuk ini. Terima kasih untuk posting ini ...,0
mengusir migran dari negara ini. biarkan angela pengkhianat Merkel berurusan dengan mereka.,1
Siapa kau sehingga bisa menilai seseorang? Apakah namamu Yesus? Mengapa ribut-ribut tentang kata-kata yang dia pilih? berapa banyak mesiasmu membawa pulang. berhenti menjadi troll dan bangun. maga qanon wgga truf kepercayaan rencana url,1
trump dan investigasi mueller . perubahan iklim . senjata dan kontrol senjata . serikat pekerja menyelamatkan kita apa yang mengambil url,0
"penjara penuh sesak? sederhana. pembunuhan publik menggantung, pemerkosa dan penganiaya anak. menggantung tidak membahayakan organ. mengambil organ dan menyelamatkan nyawa dari mereka yang membutuhkan mereka. ini membuka ruang di penjara untuk pelaku pencurian ulang, penipuan, pelecehan anak dan kejahatan lain yang tidak dihukum.",1
bisakah orang Amerika membuat beberapa gerakan minggu lalu?,0
bagaimana dengan Anda mendapatkan jumlah yang luar biasa heteroseksualitas dari saya gay ass tv pertama dan kemudian kita dapat menangani secara signifikan sedikit potongan-potongan aneh rep bahwa Anda jelas mengambil masalah tersebut dengan jelas untuk melindungi putri Anda seksualitas Anda yang Anda tidak memiliki kontrol atas anyways,0
dudebros putih Asia Timur senang memiliki orang Asia mengatakan omong kosong ini bc mereka bisa mengatakan itu tidak rasis jika keluarganya adalah imigran Asia,0
oh dan rupanya kau seorang negro merah sigung lol im tidak terkejut karena devs terbelakang dengan keterampilan sosial dan politik bahasa apa,1
Kau tahu itu.,0
kunci penis ini dan buang kuncinya.,0
bodoh. pakai helm game berikutnya,1
plug telepon Anda di dalam negara homo bot,1
Orang kulit putih di kelasku akan mengolok-olok lgbt dan berkata omong kosong seperti namaku jai aku seorang african Amerika panseksual aneh silahkan gunakan kata ganti saya ze zey zen terima kasih seperti kita mendapatkan bradley ur sebuah supporter truf sepanjang perjalanan,0
kita jatuh ke ujung mati dari sub budaya lebih dari ghetto ideologis libertarianisme et el,0
Orang-orang mati di Puerto Rico karena korupsi pemerintah mereka!!!!,1
itu didanai oleh soros threu bergerak pada kekerasan selalu bagian dari rencana mereka gerakan perempuan diciptakan untuk membantu melewati era tidak bermutasi menjadi pengguna Bs,1
"Aku tidak benar-benar memiliki satu, menyadari yankee, tapi selalu menyukai seragam dokers!",0
Teleponku di FML aku masih harus mendapatkan tanda kuning lol motivasi lol btw i zoomed in x lol,0
Kepala botak jalang berpikir waktunya untuk makmur!,1
"Senyumnya yang besar, matanya berlekuk.",1
pengguna mengapa u tinggal di ratata ghetto,1
yanks walk off win ;,0
apa yang saya lakukan tentang seorang wanita tua memanggil rap musik negro tidak di wajahku seperti di belakang pintu tertutup dia mengatakan kepada saya seperti tidak ada hukum terhadap rasisme jadi apa yang Anda harapkan saya lakukan,1
Dia jahat! Beraninya dia!,1
sialan redneck homos dan permainan mereka mengundang,1
Mungkin mereka akan ditempatkan kembali sebagai pengungsi atau mungkin mereka akan datang untuk wanita seperti yang dilakukan pria Cina.,1
Merkel posisi pemerintahan berikutnya harus pengungsi kamp pelacur,1
"Usaha yang bagus, dasar komunis pembohong!",1
Aku menyebut wanita cinta yang tidak aku kenal sepanjang waktu karena kau mungkin tidak memperhatikan apa-apa seksual atau merendahkan berarti hanya bersikap ramah itu bukan garis obrolan,0
"mereka sering bingung dengan putih ketika mereka menyembunyikan ekor mereka, tanduk, dan kuku.",1
Aku benci mereka.. sejak aku dipukuli oleh mereka.. pahlawan sejati sejak saat itu aku karena Nazi,1
pengguna kulit putih benar-benar tidak dalam tempat untuk membandingkan fettisisasi ras untuk isu aneh tidak negate hak istimewa putih ini bukan equivalen,0
pengguna apakah Anda ingin bunuh diri,0
yang telah dibuktikan berkali-kali oleh Yahudi media di u.s!,0
terlalu banyak wypipo bertanya apa ini dan jika mereka bisa mendapatkan dalam hal ini adalah negro hanya acara,1
Aku selalu jadi pelacur untuk isi darah gore,0
wcw pergi keluar untuk semua wanita dengan kotoran mereka bersama-sama karena ini pelacur cantik mendapatkan terlalu banyak kredit untuk menjadi lucu w;,1
mendapatkan pria jelek takut?,1
pengguna ini berarti tidak ada imigran ilegal,0
pengguna marah sedang diperkosa di sebuah bar chop tertentu disebut klub brugge,0
Darah vampir atau hanya menjadi putih sebagai fuck salah satu dari dua Aku perlu untuk mendapatkan garis tan sarung tangan keluar dari sini meskipun yang hampir terburuk,0
starbucks sebenarnya ditutup di Amerika untuk sepanjang hari sehingga staf bisa memiliki pelatihan rasis ramah Anda hanya bisa membayangkan dosen mengatakan ketika negro datang tidak mengatakan bagaimana Anda suka kopi hitam,1
Bayangkan mesin waktu untuk menonton ini dengan seseorang. Kau bisa mengatakan ini adalah beberapa kotoran jinak,0
maria l tahun nomor tahun mahasiswa kedokteran dari Jerman diperkosa dan dibunuh oleh pengungsi muslim,0
hanya menyadari instagram tidak memberitahu saya jadi anyways maaf saya minum terlalu banyak jalang jus hari ini Anda melakukan besar ms sophia,0
Hanya Amerika yang akan menutup seluruh pemerintah sialan atas dinding Anda semua presiden terbelakang,1
Aku hanya perlu tahu apa yang vagina seperti sehingga satu kali baik-baik saja dengan saya lizzy lol,1
cacing biasanya cacing putih wiggler merah dan cacing tanah lainnya,0
lmfaoo!,1
dalam Australia kita memperhatikan bahwa imigran muslim menggunakan multikulturalisme untuk mengubah hukum kita menambahkan hukum pengvilifikasian menggunakan kata-kata seperti rasis islamophobia terhadap kita para australian putih asli pemimpin govt telah memungkinkan sudanese somalia imigran untuk membawa teror,0
pengguna yang hidup di atas darah dan keringat imigran ilegal dan dieksploitasi bukanlah sesuatu yang bisa dibanggakan,0
menjadi pemberontak mengeluh tentang pemilihan yang dicurangi terhadap Anda satu-satunya cara untuk memperbaiki masalah kita adalah untuk memilih orang-orang ini di luar sana harus menjadi kata untuk baris berpikir selain terbelakang,0
"Jika Anda melihat malamute dan serigala kayu yang dua spesies yang berbeda, mereka terlihat lebih mirip daripada mengatakan seorang congolese dan Swedia.",1
salah satu dunia yang paling terkemuka forum jihadi baru saja ditutup;,0
bae memenangkan permainannya; redskins,0
jumlah spartan tewas atas jumlah sandnigs anders Breevik diperlukan tembakan nomor untuk membunuh nomor pengkhianat bernie bro di gop bola lapangan dipecat jumlah putaran nomor membunuh moslem copenhagen memiliki jumlah putaran ditembak dengan hanya satu mati yang bukan target kartunis memilih Anda,0
kami semua sangat senang bahwa kami tidak hidup di negara Anda bagaimana konyolnya bahwa gubernur Anda akan denda Anda untuk mengatakan asing ilegal mereka tidak di sini secara hukum sehingga mereka adalah alien ilegal,0
i think pada titik ini lebih baik untuk hanya memiliki hari diatur seperti setiap th atau sesuatu sehingga orang tidak mendapatkan bingung seperti bagaimana kita lakukan dengan pemadaman Anda semua benar-benar harus mengambil catatan dari negro,1
fuck negro budaya,1
menarik.... entah bagaimana pemerintah liberal lokal tidak bertanggung jawab dalam mengurus penduduk setempat.,0
citra besar Yahudi sebagai jamur beracun.,1
Kau tak bisa bercinta dengannya karena dia suka pantat merah kau tak bisa membayar negronya dia punya benz kau mengendarai honda persesama,1
Orang itu bahkan bukan orang Romawi kulit putih dia adalah gipsi!,1
"Itulah solusi bagi masalah imigran memberitahu mereka mereka caint menggunakan jembatan, mereka harus berenang di seberang. dan ikan yang terjebak dalam pakaian mereka harus diserahkan ke keamanan negara,",1
dia tidak melempar batu bata di vietnamese orang di masa mudanya jika dia ingin pengampunan untuk film kike merosot bukannya pwning asians dengan batu bata dia mungkin hanya orang kita,1
S.s.,0
Itu menunjukkan peri memblokir saya,0
Aku bisa membuat wanita terkenal,1
gairah bahwa msm sensor setiap pembicaraan tentang Yahudi hampir membuat Anda berpikir bahwa Yahudi adalah master de facto kami atau sesuatu yang Anda pikir akan ada penyensoran seseorang menyarankan hubungan antara european dan perang,0
Willson kau adalah cinta dalam hidupku!,0
penggunanya mungkin orang awam yang men-retweetnya,0
terima kasih telah membagi kembali ini!!,0
juga dapat menularkan penyakit fureggory kepada orang lain,1
Apa kau homo nazi dengan payudara feminin?,1
"Mungkin dia perlu diperkosa, tapi itu mungkin mengajarinya untuk tidak menjadi orang rendahan menjijikkan mengancam pegawai pemerintah Cnn r. P. mungkin akan segera beristirahat",1
pendatang baru New York adalah agen rahasia Hezbollah.,0
Orang-orang bertanya padaku y saya tidak pernah berbicara tentang subtweets n kotoran orang mengatakan ... bayi tbh ion memberikan bendungan pertarungan tidak ada yang negro atau jalang oml,1
"mereka mungkin pada sesuatu pria gay akan menikah pacar Anda youtube p.s. silakan jangan menggigit kepala saya off, ini sebagian besar untuk tujuan hiburan .",0
"Kaum konservatif berpikir karena penyusupan neocon yang berhasil rusak, dan hampir hancur, konservatisme telah mencuci otak mereka selama puluhan tahun untuk menerima apa pun dengan label perdagangan bebas sebagai baik dan apa pun yang terkait dengan perlindunganist sama buruknya.",1
oke kembali ke jalan melihat Anda tagaytay kota wuw bersemangat kala mo timer pertama haha,0
"kesadaran ras dan tekad untuk melestarikan kita sendiri adalah bagian dari alam kita, yang pada dasarnya merupakan ciri mendefinisikan dari roh aryan.",0
"simpati untuk politisi tidak bekerja, mereka berpikir juga merasa menyesal atas aktor sombong dibayar",0
Sekarang dia menjadi teroris Nazi dan aku seorang komunis republik atau semacamnya.,1
tuh! rt ketika u berencana untuk pergi ke pesta dan u dont dan u pergi pada twitter da hari berikutnya amp; melihat dat bahwa cangkul lakukan;,1
Maryland ingat untuk memilih rednoverber th. Kita perlu menempatkan konservatif di rumah dan senat untuk kap dan mengakhiri korupsi govt di Washington. kita ingin menjaga ekonomi booming dan menjaga pekerjaan kita.,0
bagus menggantikan bahwa penjaga pagar ayunan suara kemudian tee up untuk menggantikan ruth buzzie jewberg dan co suku kike briyer,1
Seperti kekerasan mengerikan revolusi Amerika yang menghentikan mantel merah dari mengambil Amerika senjata kita perlu berhenti memuliakan diri pertahanan dan melindungi kehidupan dan perasaan penjahat,0
irania tetap terdampar di Australia menunggu suaka di u.s.,0
Kita tahu apa yang akan dilakukan cangkul ini untuk ulang tahunnya sekarang cc rt saya berencana di atasnya;,1
Kau terlalu menakjubkan Tn. O broin dan aku tidak pernah bosan mengatakannya padamu. Ini caraku untuk memberitahumu betapa hebatnya kau mengajar bahasa ini.,0
Karena kulit putih sudah dilarang untuk mengajukan permohonan untuk polisi non-putih polisi dan militer akan dapat memfasilitasi moslem lengkap mengambil alih dalam dekade atau dua yang berarti bahwa anak-anak Anda akan dipaksa untuk mengkonversi ke islam atau mendapatkan pilihan dibunuh adalah Anda Britain,1
setelah menggunakan produk Anda selama bertahun-tahun sekarang saya menemukan Anda aktif memutar lanskap politik dengan kekuatan besar Anda. Tindakan yang telah langsung mempengaruhi saya. Anda mencoba untuk merusak saya secara pribadi dan saya tidak menyukainya. . atau yang lain.,0
Anda membiarkan ini indah pria dan wanita memutuskan tidak lagi layak untuk melakukan apa yang mereka lakukan dan melihat di mana yang membuat Anda liberal progresif gereja dibaptisboro dan semua orang lain yang membenci militer kami mencium pantat sialan saya tapi memegang lidah gabvets gabfam,1
user ok kau masih mendapatkan dilewatkan ke menghambat sekolah tinggi,1
Gadis-gadis panas homo penuh,0
"saya selalu berpikir itu menyenangkan untuk menempatkan pada pertunjukan penyanyi , sedikit hiburan menunjukkan hal-hal bagaimana mereka benar-benar tanpa hitam jewfag involment . . jika pernah mendapat mengumpulkan i akan yakin untuk tape dan lulus sekitar untuk semua untuk",1
pengguna pengguna tidak dapat menghubungkan thi lmao saya tidak khawatir ab tidak ada tweets idc ab siapa pun dan twitter hanya scroll dan tertawa cang,0
doa jihad dari haji membuat putaran sekarang.,0
kau mau melakukan apa?,0
"Zactly. setelah joique pon yang jalang, membawa reggie untuk lubang menganga yang pasti akan muncul.",1
Aku tertawa oreo dan Lady gaga di hari Minggu.,0
"Apa yang kalian tidak sadari adalah negro ini tidak benar-benar bergerak, mereka masih akan fucking dengan jalang yang sama;;",1
bodoh mengapa karena beberapa idiot melakukan apa pun yang mereka bisa untuk menyabotase dia dan liberal bertindak benar-benar tidak bermoral dan tidak menghormati jutaan pemilih hukum yang memilih untuk letsgoven,1
"ada beberapa perbedaan sedikit antara keduanya adalah salah satu dari mereka gigi ke putih pada umumnya, dan yang lain menuju dutchgermans?",0
i like it. orang bertindak seperti kata negro adalah setara dari monyet teras atau tombak chucker. nya tidak. tidak nyata;,1
"memang, saya telah nt melihat atau mendengar mesin memperkosa atau merampok orang di jalan-jalan Stockholm belum, imigran nonrope Namun ...",1
Sepertinya orang kulit hitam mulai bertingkah aneh akhir-akhir ini.,1
"Bagaimana Bill Clinton meninggalkan rumah putih dengan hutang jutaan dolar saat mereka tidak punya uang saat mereka masuk, aku kira karena mereka demokrat, tak apa-apa dia memperkosa bukan hanya pengguna tapi juga Amerika.",1
Biarkan aku pergi pada fase blok saya menyebabkan Anda cangkul stabil datang untuk saya;;;,1
pergi ke depan memanggil saya homofobe bahwa kebohongan dan siapa pun yang melakukannya begitu harus tahu itu saya kehilangan teman dan keluarga koneksi untuk membela orang gay hak untuk menikah Anda sudah menelepon saya misoginis nazi apa tuduhan palsu lain pergi ke depan homo,1
homo antifa adalah apa-apa tapi menyusui manginas yang akan menyerang seorang wanita ketika tidak ada pria di sekitar untuk membela dia seperti yang rendah ras rendah iq terbelakang mereka berdua layak hukuman yang sama,1
Twitter benar-benar terapeutik fr jal negro yang lucu dalam saat-saat kesedihan,1
orang gila,0
menjadi seseorang adalah mimpi buruk sialan saya tidak meminta untuk ini,0
"ini jalang putih memiliki keberanian sialan untuk memanggil saya nigga, ketika dia satu payin untuk bibirnya untuk mendapatkan bigga;",1
pengguna itu masih tidak meniadakan fakta bahwa kekerasan menghasut pidatonya kehilangan pekerjaan apa pun yang dia punya dan mengalami kesulitan menemukan yang baru menyebabkan yang sadar mempekerjakan terbuka rasis adalah hukuman yang memadai saya jamin Anda pergi memiliki jumlah untuk mengatakan jika seseorang menelepon Anda negro,0
"ok, saya baru saja menemukan dia nasionalis sipil harfiah yang mengatakan identitas putih tidak ada. apa yang menyedihkan cack! dia punya lemah, suara cucky terlalu african jizz dilapisi laring.",1
i terus membacanya sebagai maricon berarti homoseksual dalam bahasa Spanyol,0
Aku belum mengerti mengapa begitu banyak bytches mendapatkan tindik banteng? yang disebut septik atau sesuatu seperti itu ...,1
video John cantlie yang diterbitkan oleh al furqan media adalah tingkat baru propaganda jihad menjanjikan lebih banyak episode amp; upah ideologis peperangan,0
Aku suka gadis ini!,0
sebarkan berita ini.,1
Anda sangat disambut!!! Mengapa jamescryin????,0
Aku memanggil Don Jr nama yang buruk dan akunku dengan pengikut K secara permanen ditangguhkan untuk target pelecehan kelas dilindungi jadi sekarang pria kulit putih miliarder gagal anak-anak adalah kelas FML dilindungi,0
aku memang dungu,1
mereka apa-apa selain swedes dan jujur itu baik untuk menyingkirkan mereka.,1
"Jika kau polisi muslim, kau pasti sudah bercinta dengan donat.",1
Aku tidak suka orang kulit hitam atau orang Asia bercinta dengan cina,1
dia harus menuntut rasisme.,0
"tidak yakin Amerika akan menjadi untuk enelanded dengan ide menjadi budak untuk Yahudi, yang berpikir mereka dewa hidup. Tuhan Kristen sangat berbeda dari Yahudi",1
lebron adalah seperti vagina .. selalu harus mendapatkan dijemput untuk kram dan kotoran,1
"dimana aku tinggal..itu menjalankan hari pemilihan. aku salah satu pekerja poll,",0
oregon kalah di oregon ahhhahahaha homo,1
Kontrol senjata sekarang!,0
np besar nig nig,0
ada amp waktu; tempat kopi tanpa kafein. tidak pernah amp; di tempat sampah.,0
mereka bukan orang yang kuanggap bodoh aku seorang hindu bukan seorang sullah yang suka melawan rusa betina ini lebih lama dari penilaian pucatmu jadi tutup mulutmu,1
Cerita ini membuat saya menganggap bunuh diri putih vs putih amies situasi kita adalah mirip itu genosida mobil putih dengan cara kita belum ditaklukkan secara fisik dan dipaksa ke kebijakan-kebijakan ini di todongan senjata tapi kita melakukannya karena konstan jahat saran oleh kelompok luar,0
i d juga ingin melihat yang sama diterapkan untuk kita sendiri malas putih underclass terlalu banyak saluran pada sumber daya manfaat daripada islam dan hitam dikombinasikan karena jumlah semata-mata tidak memiliki nilai-nilai Inggris menolak untuk bekerja dan berkembang biak seperti kelinci fooking,1
netanyahu dan menempatkan dalam mengadakan pertemuan setelah Israel menyerbu netanyahu Syria biarkan aku membunuh semua arabs putin tidak,0
menjadi coons; at??? Yall yang menakjubkan.;,0
Bert dan Ernie adalah boneka anjing bukan anak-anak hanya ada dua jenis kelamin dan akan ada dua istilah maga,1
Sepertinya konservatif membuat kesepakatan belakang dengan dia karena mereka paling dikenal untuk selalu bermain kotor politik memecah belah,1
lol kacangan fuggin,1
liberal juga mungkin perlu lebih budaya sadar troll!,1
sebuah senjata florida shooting,0
Siapapun yang menempatkan maju dylan minnette jacob elordi sebagai mungkin aktor untuk bermain John ambrose lebih baik telah bercanda,0
adalah menjadi homo kucing efektif tampaknya seperti bekerja di sekitar bagian ini,1
pengguna berhenti berpura-pura sarkasme Anda atas kepala handuk ditembak di texas jelas dan menjijikkan pikiran palsu dan doa,0
rt usahotlips i never thought i would see the day when liberals would have so much infrate for one man their country that they would actually cheer for proce ms number north korea illegal imigran gelap thursday thoughted maga t,1
polisi rasis hanya ada di dalam kita melihat mereka memukuli orang-orang miskin warna yang dindu nuffin mereka hanya mencoba untuk chik film a sebelum sandwich terjual habis,0
"Tapi itu bagus, siapa yang tidak ingin mensterilkan negro.",1
Aku telah melihat hispanics membenarkan kotoran dari truf. Aku berdebat dengan dua anggota keluarga saya yang percaya truck telah membantu pr banyak. Dan saya memiliki relatif yang ia adalah penggemar truf amp; setuju bahwa mayoritas imigran yang datang buruk,1
pengguna sayang tampaknya Anda baik-baik saja dengan dia memanggil bayi terbelakang tidak dilarang Anda sangat bias,1
berharap kita bekerja keras untuk para penembak!,1
pengguna menghambat restart permainan,1
Sekali lagi kike FBI seperti Anda melakukan apa-apa tapi demoralisasi dan membagi orang Anda adalah sialan makan kike,1
Yankee jeter membiarkan dia memainkan seluruh inning. thats pas.,0
Semua orang ke kebun taco kembali,1
Jadi kenapa aku tidak melihat mata aneh sebelumnya terobsesi,0
Aku baru saja menyiapkan telur acar buatan sendiri ini sementara rumah menjadi cacat... dibuat dengan bawang putih;,0
itu sampah terbaik yang pernah saya minta untuk Anda begitu manis dan lucu dan cantik dan cantik dan omygod hatiku penuh,0
"Ia telah membunuh aku dan membuat aku hidup di tanah. Ia membuat aku hidup seperti orang-orang yang sudah lama mati. Aku sudah mati, sehingga hatiku menjadi kering dan tak berdaya",0
dalam misi rahasia!,0
Ketika mereka meninjau drama dia tak tertahankan,0
TF. dia melihat omong kosong itu.,1
Aku tidak benci muslim atau orang kulit hitam apa kau sudah gila aku benci orang Pakistan tapi itu oke karena mereka bukan manusia,1
Begitu juga banyak pedofilia dari gereja Katolik,1
oh aku benci kamu karena kamu membuang-buang waktu sialan bajingan,1
empat wanita menuduh jaksa agung New York schneiderman atas penganiayaan fisik; diduga juara hak-hak perempuan,0
lihat bahwa ada ada ; lereng ke kawat? bahwa cukup untuk zipline? bisnisportunit,0
haha benar. dia sedih tapi tidak perlu validasi jadi biarkan dia dan pengikutnya terus menyebarkan kebencian mereka untuk kebenaran.,0
Aku berharap wanita jalang itu bisa,1
"bukan kebetulan bahwa mereka menyerang dalam kelompok dan sisi dengan kawanan pada setiap pertanyaan etika; mereka kembali rendah dan mereka tahu itu, cocok untuk berdiri sendirian atau berpikir melalui skenario kompleks untuk menyelesaikan pada posisi internal konsisten.",1
Aku punya uang tapi cangkul ini tidak mendapatkan apa-apa,1
Aku pergi ke pertandingan liga kecil kemarin di kota hitam mayoritas benar-benar bisbol adalah honky bola putih keluarga dengan anak-anak sejauh mata bisa melihat itu dikemas,0
"liberal berpikir orang dewasa tahun terlalu tidak bertanggung jawab untuk memiliki pistol, tapi anak setahun cukup tercerahkan untuk memilih jenis kelamin mereka sendiri.",1
Yahudi terkutuk benar-benar berpikir bahwa mereka adalah arbiter dari segala sesuatu bahwa mereka berhak memutuskan apa yang moral atau amoral apa yang diperbolehkan atau tabu,1
"Aku tidak punya masalah denganzak, tapi kau terlihat seperti homo",1
user muslim twitter what is the hudud for stealing tweets,1
"setelah mereka cangkul semakin tua, baik itu sudah menjadi tua sudah.",1
negaranya adalah pussyfied segera menjadi moslem shithole.,1
Katie Hopkins polisi menangkap orang sehari untuk pidato kebencian online,0
Kalian semua punya negro menyusup ke dalam nicki minaj,0
tidak tampak seperti hollywood memiliki terlalu banyak pemikir independen.,0
canes austin; teach us austin.i teach u how to get curved? thats all i know,0
kulit putih adalah minoritas dalam iklan melihat perempuan calvins saya undies terlihat pertama kali seorang wanita kulit putih tapi terlihat dekat itu adalah hispanic dengan pemeriksaan rambut pirang dekat perempuan satu campuran hitam hispanics nomor putih tidak ada perempuan dalam iklan,1
Lol kembali ke Cville adalah badass pergi ke depan dan memeras tangan dan kvetch homos,1
Masalah bagi Anda adalah bahwa Anda tidak mengerti statistik itu metodologi penelitian itu itu tidak untuk menentukan sifat fisik itu digunakan non verbal pengujian untuk menentukan sifat mental dan negro rata-rata menghambat dan bukti visual menegaskan itu mendapatkan dimiliki negro,1
pelacur mereka tidak mengerti moral menghormati dll kita dapat mempopulerkan nasionalisme putih dll banyak ppl terutama kebanyakan wanita terlalu merosot untuk memahami konsep Anda tidak perlu pesan omong kosong untuk menangani merosot maka whitesharia,1
"Gadis kulit hitam tidak pernah menyukaiku. Aku kira karena aku tidak menyebutnya pelacur, menjual narkoba atau menembak negro dengan baik.",1
john moore menyebutnya.,0
Gereja Katolik sejak pendeta Frankie mengambil alih pemakaman gereja Katolik di dalamnya dimana adegan kelahiran telah ditampilkan setiap Natal selama beberapa dekade pendeta memutuskan bahwa itu tidak akan ditampilkan karena mungkin menyakiti beberapa perasaan muzzie perintah utama Injil adalah untuk menyaksikan,1
"oh kau tahu semua nama nazis eh, Anda bodoh nazi homo, pergi mengisap ini ayam hitam besar nazi. lol. kotoran untuk otak.",1
Setiap polisi Amerika Latin di Losgeles telah diperkosa atau telah berpikir tentang memperkosa seorang wanita kulit putih. Itulah sebabnya mereka setengah keturunan mendapatkan pekerjaan sebagai babi.,1
"Aku tidak bisa membantu tapi tertawa ketika aku mendengar cara berbicara. Aku tidak peduli jika kau shitlib, histeris!!",1
Benar-benar semua sialan dilakukan. bye felicia url,1
Aku setuju! Saya kira dems mengatakan bahwa mereka khawatir tentang beberapa oktober kejutan di mana dokumen fisa dirilis mengarah ke electronition.maga!,1
tidak lebih yokel msu fan daripada terus-menerus reassess izzo aca pemenang hanya konsisten kita sejak d. Dougherty atau biggie flipping mun,0
i melihat diskusi dan jelas bahwa kita kalah jumlah oleh nonwhites dan pengkhianat ras dan mengikuti pengikut lain jenis.,1
selamat pagi bobo memiliki Jumat besar,0
amnesti dan kotoran homo ini terus menarik kotoran keluar dari pantatnya dia harus putus asa untuk orang-orang untuk datang ke nya homo goon berbaris,1
user handonus tersebut di negara muslim r pengungsi jika tidak ada kemudian dlt tweet ini,0
hanya melihat Anda ganggang komersial menyalahkan yang cukup kaya mempertimbangkan Anda adalah gov dan telah melakukan zip nol dan sekarang Anda ingin menjadi senator fl.,1
Alex dari target mendapat jutaan retweets tapi chrisfromwalmart bahkan tidak bisa mendapatkan menyebalkan untuk teks kembali ....,1
satu-satunya pelacur adalah orang yang tidak membesarkannya dengan benar sederhana seperti bahwa ia harus terlalu diduduki pada laki-laki untuk bangkit dia benar,0
lmfao. mereka berada di jalan di atas kepala mereka runcing liberal,1
Pekerjaan kebebasan pengguna mengutuk kekerasan di charlottesville berdoa untuk yang terluka dan keluarga semua korban,0
ketika saya membuat bola kertas ke tempat sampah,0
Aku membeli satu hal dari depop wow Aku pelacur untuk depop,0
bilangan x semua putih,0
Dia adalah Bafoonicus!,1
bersulang kawan mungkin akan datang ke kota untuk Editor vinil; musicmateriers,0
pengguna karena penyerang adalah nomor persen kemungkinan menjadi imigran muslim media berita tidak akan menjalankannya tetapi mereka akan jika itu adalah Finn putih menyerang anak-anak muslim,0
"Hey, gabfam! seperti zombie? seperti barang gratis? coba lihat",0
"Tidak ada yang mengatakan teabagger seperti jutawan mengeluh bahwa mereka bangkrut, ya Hillaryclinton?",0
kita bisa mengosongkan semua penjara kita juga dan hanya mengatakan mereka melanggar hukum .. logika peribadi.,0
"Jason mengakui kau adalah gadis jalang yang terjebak, yang mana kau. Kau pikir kau jauh lebih baik daripada semua orang, naaaaa",1
Apa ada yang ingat saat kau baru saja membuat musik?,0
brownies yang baru saja kubuat adalah dosa,0
Kita adalah truf maga kag kita tahu bahwa china russia hollywood soros saudiarabia thecacholics semua dana dan mendukung liberal democrat politisi yang mendanai dan mendukung konservatif?,0
Itu ho muda saya saya tidak ingin tua nuthin tapi roll bank nya,1
masalah koridor cat tetap menjadi masalah bagi hitler melalui . Jerman di kota Danzig timur Prussia sedang dianiaya oleh tiang. mereka telah dipotong dari Jerman sejak perjanjian dan banyak yang dibunuh keji. hitler tahu ia harus bertindak cepat,0
sebagai anak-anak kita gunakan untuk lelucon bahwa pemandangan terbaik adalah untuk melihat negro berenang kembali di grande sepuluh dengan Latin di bawah masing-masing lengan,1
pergi ke kedua makan siang karena pantat jalang Anda;,1
"lol negro im tahun, im hanya jauh lebih pintar dari Anda sehingga Anda berpikir mathaha tua",1
Wanita-wanita yang bicara dengan negro Afrika dengan orang bodoh.,1
pengguna tidak ada alasan untuk memasukkan pesan itu hanya itu disampaikan adalah homo tidak bisa bahagia,0
Masalahnya adalah bahwa melalui elit Barat kita harus makan dan melihat setelah liar tidak berguna seperti Malema.,1
mungkin bukan muslim tapi mungkin narsisis,1
Anda menyelaraskan diri dengan sebuah organisasi yang daging bayi untuk keuntungan. daripada berteriak tentang kebutuhan untuk kontrol senjata dan kekerasan terhadap anak-anak kami tapi entah bagaimana Anda ok dengan pembantaian ribuan bayi tak berdaya setiap ya jika garis saku Anda.,1
selama bertahun-tahun .... menyedihkan.,1
user remember when ebola was in american news and all white people there got scared when they are not even close to africa,0
celana pendek mdxg lainnya sama-sama pengguna kotor adalah redneck gila yang dipecat karena,0
seperti biasanya tidak memiliki petunjuk. anak-anak harus membuat omong kosong ini sampai ketika ia mengambil omong kosong karena mereka konsistensi yang sama.,1
fuck Anda membunuh saya akhir-akhir ini,1
tampak seperti putri bella dalam gaun kuning;,0
ls itu gay untuk menjadi lesbian,0
"i memiliki pug. i dont pikir ini benar-benar perhatian mendapatkan bergerak. itu terlihat lebih seperti, memberi saya beberapa itu. saya akan menatap Anda selama dibutuhkan untuk mendapatkannya, dan Anda mungkin tidak makan damai sampai saya lakukan.",0
pengguna niggas tidak ingin dukungan payudara sekarang mereka orang-orang putih pertarungan untuk membawa semua mereka toko di sekitar sini membangun rumah dari kami,0
Sulit dipercaya bagi saya bahwa ada americans yang menolak untuk membunuh okies. Itu berarti semua Amerika lemah wasiat sampah.,1
dia akan tepat di rumah di tempat duduk bersama para banteng berkeliaran,1
bro bahkan dengan uno webo saya masih mendapatkan lebih vagina dari Anda;; ;;;;;;;;;;;;;;;;;;;;,1
Itu menjengkelkan bagiku.,0
harus mendengarkan ini konyol pernyataan strategi selama bertahun-tahun.,0
"Jadi, anjing betina itu menyerang syria lagi.",1
Aku harus mengemas semuanya.,0
Bex Bailey diperkosa di nomor yrs usia gadis tua di rotherham diperkosa oleh nomor paki muslims semua pemilih tenaga kerja dalam dewan buruh diadakan dan buruh dilindungi para pemerkosa liz kendall mp dan semua mps jijik ke inti saya dan mereka,1
jdg bisa melakukan mengapa rasis untuk Asia seperti memilih sesuatu yang populer tapi joshua terburu-buru tidak bisa merokok tanpa menghirup,0
"Ya, seperti penemuan nikolata misalnya...",0
Kau dapat wanita baru dan tak mau berbagi?,1
"Air beku di rumah pemakaman itu. Dia mendapatkannya unchawed dan ingin aku membantu pompanya berjalan lagi, tempat itu membuatku takut.",0
Anda mulai terdengar seperti sebuah rekor brian terjebak. Mengapa tidak Anda pergi dan menemukan sesuatu yang kurang membosankan untuk dilakukan sebagai gantinya.,1
Mereka akan datang ke daerah Anda untuk tinggal segera.email menteri kami intergraton dan terima kasih atas kerja baik nya.,0
"Juga, semua muzzies yang melakukan kejahatan terorisme, jika mereka memiliki anak-anak kelahiran asli, harus melihat anak-anak itu diserahkan kepada keluarga Kristen kulit putih untuk dibesarkan Kristen dan antimuzlim",1
Sekarang itulah yang saya sebut kontrol senjata!!,0
"akibat cuaca yang dingin dan lembap akibat jatuhnya musim dingin, hal itu mempengaruhi hama sehingga mereka ingin menyerbu",0
i membayangkan angus berjalan up sisi fob sharana dengan setiap hari di Afghanistan,0
Pemberontakan warsaw ghetto adalah perlawanan Yahudi yang muncul dalam ghetto perang di Jerman menduduki poland selama perang dunia II dan yang menentang nazi germany upaya untuk mengangkut sisa populasi ghetto ke treblinka pemusnahan kamp,0
Brampton adalah tempat yang sepi sekarang aku tidak akan tinggal di bahkan jika kau membayarku.,0
satu tidak perlu statistik semua yang perlu Anda ketahui adalah bahwa lumut rendah iq agak terbelakang liar,1
apa yang lucu adalah bahwa wanita kulit putih menikah dengan pria kulit putih pada tingkat yang lebih tinggi daripada ras atau kelompok etnis lain menikah mereka sendiri,0
dan aku harus menunggu sampai berbaris untuk dlc yang keluar,0
wanita sejati mengambil konsekuensi kritis dan menggunakannya untuk membuat perbaikan feminis merengek,1
ingatkan aku lagi kenapa ada toko pakaian dekat dengan sebuah tas besar,0
bahwa apa yang nenekku selalu mengatakan jika kau tidak memiliki sesuatu yang baik untuk mengatakan tentang seseorang tidak mengatakan apa-apa hanya menyebut mereka negro dan melanjutkan,1
"LOL kredit saya tidak tidak ada di mana hampir baik, tapi saya tahu orang yang tepat untuk pekerjaan .. yang ho bagus meskipun!",0
"Hei, satu-satunya pria yang tidak melakukan hal yang benar adalah liberal dan demokrat pemerkosa, pelaku dan penjahat. Jadi kau bisa mencium kulit putihku.",1
terlalu buruk Anda terbelakang dan tidak dapat membaca,1
Aku harus bertanya-tanya mengapa analisis Google dianggap sebagai produk baris teratas ketika setengah waktu yang tidak mungkin untuk menavigasi dan setengah lainnya terjebak pada memuat.,0
maaf aku belum men-tweet dalam beberapa saat aku terlalu sibuk berhubungan seks gay,0
makro kiri mendapat diganggu oleh hitam muslim dan kelompok korban kanan tidak mendapatkan digertak kiri sebagai reaksi sendiri yang dibully mereka pejuang kebebasan di sisi dengan orang-orang yang menindas mereka dan menyerang konservatif yang membela diri sambil menuduh mereka menjadi pengganggu,1
Kata komunis kecil itu. Aku yakin itu lebih dari tingkat perjammu.,1
Jadi tentang petugas wanita kulit putih yang membunuh pria kulit hitam yang bicara tentang dia pikir itu apartemennya dan semua yang cangkul pantas untuk mati dan bahwa jika aku adalah keluarganya aku akan membunuhnya,0
Aku dengar dari teman-teman di Boston ini benar. Blacks akan menyerang Amerika Irlandia dengan tato palsu. Berapa lama sebelum ini terjadi di Irlandia?,1
muak jalang mengeluh tentang pelacur lain menjadi pelacur,1
"Jika aku memasang gambar wanitaku, kalian semua akan melompat dari jembatan malam ini!",1
"Aku tahu aku orang kampung, tapi apakah ada sesuatu yang lebih baik daripada panci besar kacang dan roti jagung? sedikit saus panas di atas.",0
Semua pengguna yang memancing rakyat jelata adalah main hakim sendiri dan dewa akan menghukum kaum muslimnya yang keji.,1
"tanyadrmann tidak memiliki berkas amici diajukan atas nama Anda jenis seperti Charlie Brown pernah, pernah mendapatkan valentin apapun;",0
dia sebenarnya tidak kembali ke perdagangan Anda,0
kalian semua benar-benar terjadi sekitar berpikir orang Asia putih,0
"tapi tapi tapi kau bilang getaran. yang berarti aku harus mengatakan jalang, jangan membunuh getaran saya.",1
"Alasan kita tidak melihat dakwaan untuk pembunuh, FBI dll adalah karena korupsi dan pengkhianatan begitu besar dan jauh jangkauan bahwa itu akan menjatuhkan sebagian besar pemerintah kita saat ini segera.",1
"Aku benci membuang sampah, aku selalu mengharapkan seekor anjing besar berada di gang atau seperti rakun untuk melompat keluar tempat sampah",1
"Aku bercanda memiliki cangkul bukan omong kosong, aku hanya mencari gadis pertama yang aku cintai ketika aku di pelacur ini. thats ;",1
Yahudi supremasi adalah pada akhir jeratannya.,1
"sebagai respon untuk posting saya bagian pidato bilderberg,ig mengatakan im sebuah tanaman saya diedit komentar obama keluar dari konteks. inilah respon link saya ke video umn mncd maga konservatif pjnet",0
"menjadi orang sosial saya, saya lebih suka lebih sedikit orang.",0
bermain perempuan dan anggur membatalkan pria tertawa,0
maaf dan ya kamu sangat salah karena kebanyakan orang yang tidak membaca ilmu di belakang generasi dan subsidi adalah. halaman saya adalah tempat yang baik untuk memulai tapi membaca buku-buku tentang subjek akan membuat Anda beberapa sekolah yang sangat baik. sangat kompleks.,0
"dia tahu sesuatu yang tidak ingin dibicarakan kaum liberal. dia bilang kanada dalam bahaya tiga kali di rumah umum sebelum dia menyeberangi lorong. datang dari seseorang dari latar belakangnya, id cenderung untuk mengambil peringatan serius. panggil aku kuno.",0
helm putih adalah cabang hubungan publik ISIS sehingga kadang-kadang mereka akan lintas tujuan yo muhamids membersihkan kekacauan ini saya telah mendapat beberapa ditangkap gadis-gadis kecil untuk memperkosa dan penyiksaan dengan bros hebrew saya,1
shalom aussie goyim nama saya adalah bereklians senang saya menyebut diri saya seorang armenian tetapi sebenarnya saya adalah seorang tikus berlekuk mencari untuk mengimplementasikan komunisme di negara Anda apakah Anda suka paruh galah saya,1
Kau akan jatuh!,1
pasien ini seperti x sekolah penuh orang kulit hitam ghetto berhenti di sana jalang membenci diri sendiri fuck Anda tidak mendapatkan lulus bebas untuk mengatakan omong kosong rasis karena Anda setengah hitam,0
Jika mereka melakukannya... Satu mimpi.,0
Bayangkan secara unironica percaya bahwa liberal mendukung antifa,0
anak-anak satu hari ditembak di usa ? patung anak-anak bersembunyi di bawah meja untuk diam-diam memohon dengan pemilih untuk perlindungan url url,0
setiap kali negro di Afrika hamil batalkan itu membuat hukum Anda dapat tentang sampai dengan nomor tahun,1
Semua bisnis besar mereka baik-baik saja dengan semua itu selama mereka dapat menjalankan tidak diatur untuk memperkosa dan menjarah dan menimbun semua uang,0
Aku akan mengirim email di boikosher.com setelah aku mendapatkan cukup uang bersama-sama sakit akan mendapatkan mobil dan sakit bisa mendapatkan untuk milwaukee cukup mudah.,0
pengguna pengguna dia begitu lucu,0
Antifa liberal yang kejam dengan tudung kkk mereka memukuli orang asing mereka tidak tahu apa yang ada di pikiran ketika dems mengatakan mereka peduli tentang apa pun. baik Anda peduli tentang kehidupan manusia atau Anda memiliki orang memukuli. teman saya konservatif hitam telah diserang oleh mereka.,0
"Sialan, ada orang Cina lain di virginia tech merencanakan kemungkinan penembakan massal yang akan terjadi dengan orang Asia di virginia tech",1
adikmu menghisap penis putih untuk uang dan bahkan pelacur putih tidak akan bercinta Anda menjadi negro harus mengerikan,1
"Rae sis dont say no offense then like tweets call me a sad bitch, also im really shock ur on the l train this year",1
oh yeah telah ancaman kematian review palsu buruk buku saya alamat saya diposting dua menawarkan untuk datang dan memilah saya keluar dan segala macam ketika tidak takut-takut wanita tua yang mereka dapat mengintimidasi kita segera melihat apa yang mereka benar-benar terbuat dari lol,0
faves rt; snoop and justin are having so much fun at this charlie Wilson tributes betawards,0
Tidak ada orang lain akan menemukan wanita menarik Tapi muzzies rutin bercinta domba dan kambing wanita tua jelek adalah memperlakukan mereka,1
jelas Durbin tinggal di bawah batu untuk delapan tahun!,0
Dia juga bertanya apakah aku menemukan mereka menarik dan jalang aku tersedak dan seperti uf ya sialan omg ya ya fangirl saya melompat keluar pada saat itu dan dia tidak mengerti dan seperti mereka semua terlihat sama ya ofc karen,0
ini semua hanyalah penipuan yang dikeluarkan oleh demokrat.wanita ini berbohong untuk membantu partainya. Tidak ada tapi seorang gila liberal yang akan mengatakan apa-apa untuk mencoba dan menjaga konservatif dari memiliki mayoritas pada Skotlandia.,1
Kau berikutnya yang mati.,1
oh kau tunggu saja sampai kau melihat makanan badai berikutnya aku tweet out! kau akan menjadi sangatoo cemburu...,0
"Selamat! Aku memikirkan bisbol yang enak memotong tenderloin w sisi asparagus panggang beberapa biskuit lembut ... untuk menghormati makanan yang terasa lebih baik hal ... cheers, Anda!",0
Dan seorang wanita cerdas dan dia benar-benar benar! membangun dinding,0
judul Anda membuat saya sedikit takut. ;,0
"Kau pengecut, jangan berarti apa-apa padaku.",1
menjaga pekerjaan yang baik vemabisnis opoperation vemascam verve kesehatan vemmareview review ofmma vemma vemmaverve whatisvemma news nutrition,0
pergi kau sike schill,1
pengguna pengguna yang ghetto oke,0
Anda demokrat harus diharapkan untuk mengecam kekerasan legist kekerasan imigran ilegal dan kekerasan Islam sampai itu terjadi memberi kita semua istirahat dari keterlaluan kemurnian moral palsu Anda,0
"Bukan karena tur perpisahan, tapi karena tiga pemain yang kurang beruntung tahun ini.",0
"hak dasar yang sama seperti Yahudi Israel warga negara. mereka bahkan melayani di knesset dan di pengadilan tertinggi Israel yeah. kembali di perkebunan, mereka disebut negro rumah. terima kasih untuk membuktikan titik begitu fasih.",1
pindah semua kikes dan muslim ke shithole indah ini kemudian! terbuka perbatasan africa dan israel,1
baik hal juga atau tempat akan memiliki lebih banyak pasir negro dari sialan sahara,1
Orang-orang di situs ini terkadang terbelakang.,1
yid sialan setiap kali,1
Ini dia,0
kode kata untuk genosida putih juga,1
bdubs dikemas dengan beaner;,1
pink dan cat kuku hitamnya,0
Selamat iichiro!,0
jameis winston adalah negro,1
menebak Yahudi berpikir bahwa itu adalah nama rubah yang membuat orang selaras,0
mereka dibayar oleh leftists untuk tidak peduli tidak diragukan lagi. terus melanjutkan Anda tidak perlu persetujuan dari yang bukan kain ayah Anda lagi. mereka akan senang untuk menggunakan kas kas kas kas meskipun.,0
bumi adalah ghetto galaksi Mengapa ada alien ingin datang ke sini,0
saya bingung itu ok menekan keras pandangan dari sebuah kelompok yang menganjurkan untuk pemisahan orang oleh warna mereka tapi kita harus menerima dan mentolerir kelompok lain yang menganjurkan kekerasan terhadap agama lain dan seksual charlottesville berbicara dengan bebas,0
yeah jika seorang petugas ingin menonton karirnya turun shitter .....,0
Para muzzies sudah membuat kita menyadari bahwa,1
bahkan seorang sindrom rendah kike tahu Torah ditulis selama penangkaran di babylon membandingkan mitos,1
bunuh diri jelek pantat monyet mencari kotoran,1
lebih putih perlu memahami ini kita telah mendapatkan kekuasaan dan prestise itu adalah milik kita untuk menjaga kita jangan pernah melepaskan kepada negro arabs atau lainnya non putih,1
sejak aku memanggil ayahku keluar pada dia homofobia dia berhenti menang,0
karena mereka semua bertingkah seperti aku tidak keberatan menjadi pelacur yang ditandai aku akan melanggarmu,1
ion berbicara tentang bagaimana cacat negro dan cangkul haus berada di ig tapi kekanak-kanakan melihat di sini;,1
Anak-anak pengguna neraka sialan terbelakang lol,1
Aku membuat kue selai kacang dengan selai kacang chip Aku belum pernah mendengar keju krim pistachio Aku harus mencari bahwa sejauh wanita menawarkan pujian Aku diganggu tanpa henti oleh beberapa pelacur kejam tumbuh,0
s.e. cupp; respon klasik untuk ;liberal dem; yang memanggilnya ;chunky;;; dengan bonus tweet melalui;,0
Sayang sekali bahwa semua orang berpikir im menyebalkan sebelum mereka bahkan bertemu saya jalang kronis menyesal;,1
Itu sangat keren bahwa konsep dewa buta idiot sudah hal yang nyata dari agama ribuan tahun tapi peopl ehave untuk membuatnya sialan referensi cthulhu untuk kredibel menghambat,1
Mengirim pikiran dan doa untuk semua boba asia dalam waktu yang sulit ini,0
Antisemitisme masih hidup dan baik di uk!,0
"Lalu para siswa ini lulus kuliah dan bergabung dengan tenaga kerja, hanya untuk gagal.",0
mereka tidak punya rencana,1
"Hati hati terhadap gangguan internasional, Myanmar bersikeras Sabtu ini ingin pengungsi Islam rohingya yang melarikan diri ke tetangga bangladesh yang dipulangkan ke rumah mereka sebelumnya sehingga mereka dapat hidup dalam lingkungan yang lebih kondusif daripada yang mereka tinggalkan",0
"Serangan pertanian di Afrika Selatan telah dibicarakan secara internasional, namun hanya sedikit yang memahami budaya ilmu sihir Afrika yang terlibat. para penyihir di sisi lain secara langsung dipengaruhi oleh politisi dan veteran.",1
perrie benar-benar mencintai Asia uno,0
karena dia tahu bagaimana menambahkan jutaan sumbangan yang diterima untuk akses?,0
Hipster baru ini hypebeasts cinta semua ini homo keledai warna cerah dan nike terus memberi mereka apa yang mereka inginkan smh,1
ya raddy yang putih berubah pikiran seluruh yang cangkul bagus,1
pengguna alkoholik homoseksual atau homoseksual terisolasi sendiri,0
abdedalll menyuruhku membunuh dua burung dengan satu batu,0
Dia mengeja penis besar yang salah.,1
"mengejar vagina, dosa nya. jatuh di pangkuanmu, itu berkat.",1
emas poppin bugatti brown gangsta kotoran negro ini,0
kita membutuhkan anak-anak itu kita dibangun di atas imigran tanpa mereka kita tidak akan ada kita kulit putih hanya tamu di Amerika mungkin waktu itu kembali ke yang berhak,0
Maka jangan biarkan para waria melarang wanita gay dari lumut tempur dan Muslim karena mereka telah menunjukkan kesetiaan mereka adalah untuk kambing mereka nabi raghead sialan dan bukan Amerika serikat,1
Seperti avi baru. Twitter saya terbelakang dan menunjukkan Anda dalam topi anak beruang tapi ketika saya mengintai profil Anda itu menunjukkan yang baru,1
meningkatkan dan layanan selektif untuk nomor saya katakan mari kita lihat mereka homo melawan perang zog ketika Anda tidak bisa mendaftar sampai tidak ada yang akan cukup bodoh untuk pergi,1
"pussy, money, weed all a nigga need",1
sialan itu disemboweleling eyedeel adalah rekomendasi sadis saya hari dengan posting-post negro mengalahkan saya untuk itu,1
FBI adalah seorang homo yang didirikan oleh waria paranoid untuk bertindak sebagai pemburuan penyihir politik dan alat palsu untuk homo negara bagian dalam seperti mafia untuk politicos selalu seperti itu yang hanya stark tepat di wajah Anda dan tak terbantahkan di sini,1
Annie jr. Anda dan keluarga Anda berutang negara permintaan maaf untuk mengambil kegiatan kriminal Anda ke rumah putih Anda mengisi saku Anda sementara ayahmu tidak layak dan membuat ejekan republik kami. malu pada Anda dan keluarga Anda. keadilan akan menang.,1
baik ada perbedaan erick erickson dan aku. saya selalu mengerti obama adalah muslim jihadi simpatisan,0
u jalang dingin,1
"Persetan dengan pria itu, dia bagian dari persaudaraan muslim.",1
pilihan menghadapi wanita barat bukan burka atau rumah bordil tapi klitortitomi atau cloister whitesharia,1
Saya kira orang tidak akan memilih konservatif dalam pemilihan provinsi berikutnya,0
user muslim migran menyerbu sweden untuk kesejahteraan,0
wtf adalah sebuah weenie,1
"Aku baru saja dari sana, berhenti membacanya untuk datang ke sini dan ini adalah hal pertama yang kulihat.",0
dia! regresi pertama nya terlalu xd,0
Aku benci twitter dan aku benci negro yang posting cengeng mereka anak cengeng cerita seluruh itu juga ada aku bilang itu sialan,1
ini niggah pharrel atau apapun nama niggah ini tidak layak kotoran untuk itu pantat putih lagu gay.,1
pengguna Anda menggambar seperti homo,1
liberaler ingin mereka di sini sebagai imigran,0
Seperti biasa dia membuka bahwa mulut terbelakang nya dan saya akan mengatakan memasukkan kaki tapi kita semua tahu bahwa setiap kaki gemuk miliknya berat sekitar pound,1
"Aku tidak tahu kau mengikutiku, hog;",1
Mannn malam ini terasa seperti sampah.,0
sesuatu yang saya perhatikan dalam hidup setiap orang yang efisien kompeten Anda d ingin menjalankan pemerintah lokal atau federal pasti di sektor swasta karena meritokrasi setiap mulut sub pernapasan menghambat pada kontrol pelayaran Anda berharap Anda bisa tenggelam di laut adalah di sektor publik,1
youre a fag,1
menurut bahwa piranha mulut lesbi i am a level gook,1
Terima kasih telah menyelamatkan anjing!!!!!! Mengapa orang-orang bajingan,1
bagaimana u berbicara dengan cangkuls pertarungan bro n em .. mengapa Anda berbicara dengan cangkuls pertarungan bro n em,1
"yang gambar di atasnya? gambar caesar nya. dalam situasi Yahudi, semua koin milik caesar. orang-orang yang memiliki mereka hanya menggunakan apa yang milik untuk caesar sampai caesar mengatakan untuk memberikan mereka kembali dalam pajak. Tuhan adalah spiritual dan harus disembah dalam kebenaran",0
tidak memiliki tempat saya sendiri belum begitu ghetto,0
dimana semua pemikir pada mengapa anak-anak menyebut diri mereka sampah dan sampah hari ini,0
Terima kasih Tuhan saya memperhatikan di kelas komunikasi saya bekerja,0
Dia jelas tidak peduli.,0
Aku benar-benar membencimu,0
Aku kira menelan galon air mani negro akan melakukan itu pada seorang pengkhianat yang berwajah pucat seperti dia,1
Ini adalah terlalu nyata membantu kami membebaskan orang kulit putih dari penyelesaian perceraian yang tidak adil dan akses yang tidak adil kepada anak-anak untuk menerapkan kekerasan dalam rumah tangga atau pelecehan seksual juga aku ingin pekerjaan yang dibayar dengan aman di pemerintah tanpa banyak orang di sekitar saya juga,1
Orang Asia yang dicuci putih begitu terjebak dan kasar fuck Anda ching chong china wanita,1
Bisakah kau mencarikanku satu contoh dari seseorang yang mengatakan skandal gereja terbaru adalah upaya disengaja untuk melemahkan agenda sosialis paus sementara juga menghapus tangisan perlindungan pedaris?,0
Dia pasti akan menahan istri dan anaknya dengan harapan bahwa pria itu akan terlalu lelah untuk memperkosanya.,0
gaywad aneh,1
pengguna yang menyebalkan baik setidaknya terlalu dingin untuk tombakchunkers ada bagaimana dengan swoogys alias arabs,1
dia tidak cocok untuk kantor. sakit mental .. tidak stabil ..,1
user nothing wrong with being gay i ll just leave it at that,0
pengguna pengguna apa yang ibu keparat pantat putih Anda berpikir pantat hitam nya bermain dengan pantat putih Anda wigger silakan dia mati ass bahwa tidak pergi pantatku akan membatalkan acara yang hanya untuk menjadi aman dan melindungi semua orang di yang pengguna kota di sini menyelamatkan nyawa,1
memecahnya seperti twix merokok di zkittles tinggi sebagai menyebalkan,0
baik itu akan baik untuk mars terraform atau bulan untuk tinggal di sana dan hanya berdoa liberal tidak mengikuti kita sehingga mereka dapat membuat dunia ghetto lain kacau seperti apa yang mereka telah lakukan untuk yang satu ini,0
user ban internet adalah pelanggaran hak manusia wow pemerkosaan perempuan kehilangan rumah dan tanah ibu yang dihadapi oleh Kashmiri hindus karena Islam jehadis bukan pelanggaran hak manusia tepukan untuk tg,0
dan dia lucy hale tidak bisa melakukannya karena dia bepergian im hanya poiting yang keluar.,0
sejak hari itu orang muslim menginjakkan kaki di uk mereka telah memperkosa anak-anak kulit putih pemuda kulit putih membela perempuan mereka dan disebut paki bashers dan nazis tidak adil saya ingin masyarakat pak dideportasi semua dari mereka mereka semua mereka semua dianjurkan oleh keluarga,1
hei whoopie goldie tidak ada yang peduli apa yang Anda katakan. berhenti mengepakkan gusi Anda karena kita tidak percaya kata Anda atau host lain dari pandangan libtard mengatakan. kami hanya percaya siapa pun yang berbicara melawan Anda semua! jika Anda semua mengatakan kebenaran Anda mungkin akan dibatalkan!,1
lebih seperti mereka akan senang untuk duduk dalam pertemuan tanpa akhir tanpa melakukan pekerjaan nyata oke ketika kau berhenti menjadi gay silahkan berambut ungu negro biaya perawat tidak akan pernah memiliki laporan pagi berakhir jika itu adalah pilihan murse,1
anak kerang ini akan mendapatkannya,0
Jika kau bertingkah seperti cangkul setelah putus maka aku tidak salah berpikir kau adalah cangkul selama ini,0
lebih banyak anak laki-laki kulit putih berdiri untuk Anda setiap hari ms. . saya pikir poster menambahkan speshul penekanan. bukan? maga wwgwga url,1
Aku bepergian hari ini dan diberitahu bahwa budak kulit hitam dilatih dan dididik dalam seni kerja terampil.,0
Aku pikir P untuk pedofilia itu lebih dari sekedar meme.,0
tidak tahan jalang pantat niggas.,1
sebagai libertarian semua ini menunjukkan saya adalah bagaimana jelek dan memecah belah dua sistem partai. liberal sebenarnya jauh lebih jelek. semua pria normal perlu meninggalkan partai demokratis. sebuah partai kebencian. pergi!,1
Jika Anda menyediakan perawatan tingkat putih di negara-negara cokelat hitam akan sangat mahal bahkan tanpa dieverseity sebagai rumah sakit di negara-negara kaya minyak moslem yang mengimpor pekerja terampil menunjukkan,0
"tidak perlu berterima kasih padaku, membunuh negro adalah hadiah sendiri.; dis sobat saya dari kelulusan kami ketika kami",1
pengguna pengguna anda dapat mengumpulkan daftar perwakilan pameran minuman aneh perempuan anda merasa mereka harus memanggil ada banyak pembuat bir dan industri rakyat di luar sana yang menganjurkan kesetaraan dalam pembuatan karya mari kita membuat suara kita menjadi keras bersama nomor,0
dalam satu jam terakhir saya telah melihat dua kiri membuat dua sangat bodoh klaim siapa pun dengan akses Google dan lima menit bisa debunk sebuah houston yang penuh Nazi sehingga mereka layak badai b tingkat kekerasan nazis berkomitmen di abad th belum pernah terjadi sebelumnya,0
menurut saya dia pada dasarnya adalah profesor gay khas untuk banyak orang yang benar bersandar ia mengambil segalanya akademisi memegang invert sayang dan menyajikannya dalam cara paling gay untuk kejutan nilai perlindungan dan keuntungan yang saya ambil,0
Artikel yang bagus. judul yang menyesatkan.,0
"Demokratsosialis lepas dari demokrasi sosialisme melawan komunis antifa kultus gila mentalillness kosong dan tanpa tujuan, venezuela triliun pajak baru Alexandriaocasiocortez Oasiocortez dukungan gagalvenezuala Alexand",0
"tidur di luar seperti sinar matahari dan langit biru. Nyanyian burung. Senyum di teras depan, parfum laut di pipi yang dicium angin",0
Apakah Anda seorang semite anti yang menyatakan siapa yang dan siapa yang bukan Yahudi?,0
Fucc nicca yu pose untuk akan pullin up,1
"Dia mengerikan di st, mengerikan pada segala sesuatu yang terkait cyber, dia kuat di nd. dia pasti orang cacks. dia berada di rumah putih semak dan gw tua memanggil senator atas namanya untuk mendapatkan dia dikonfirmasi.",0
lmao d mendengarkan ini. Anda tahu siapa itu tentang. apakah Anda kehabisan buku berwarna tepat di lol,0
George W semak membuktikan lagi Anda dapat membunuh jutaan lumpur dan masih datang off sebagai pahlawan yang lebih besar ke kiri selama Anda kontra sinyal truf bukan kritik kekerasan dari islam,1
"jika anda mempertimbangkan pemasaran obat, maka tempelkan tema tema tema tema tema dari dulu harus menjadi yang pertama",0
"pengguna nomor antarras kekerasan korban kecuali pembunuhan antara hitam dan putih tahun lalu termasuk putih pada hitam dan hitam pada serangan putih hitam berkomitmen jumlah dari mereka kejahatan antar ras atau nomor, dan putih berkomitmen jumlah mereka atau kurang dari jumlah",0
Anak seksi dengan sol dan lengkungan panas.,0
Aku harap Kyungsoo akan bekerja lagi dengan nam jihyun di masa depan dia begitu baik aku benar-benar menyukai kimia antara mereka exo drama ini layak ini,0
Sudah lama aku tidak melihatnya?,0
pengguna pengguna pengguna i love you,0
Bahasa Inggris mereka berarti mereka tenggelam dalam omong kosong mlkesque keluar dari Amerika.,1
savannah tidak memiliki colokan sedih ima harus mengambil alih kota ini dusun lil,1
Apakah Anda menyadari bahwa Hillary Clinton mengatakan dia akan menggunakan senjata nuklir terhadap Rusia. yang setelah dia menjual bahan bakar senjata kami. dia adalah idiot.,1
karena obama dan pemegang lebih banyak polisi yang terbunuh setiap tahun karena mereka membenci penegakan hukum dan mendorong kerusuhan sipil.,1
Dia putus asa untuk masuk ke Gedung Putih. Sehingga dia bisa menutup semua penyelidikan yang langsung menuju ke Oama dan Biden.,0
"Oreo shake, aku ingin kau.",0
"itu adalah berita paling menyedihkan yang pernah saya dengar sepanjang hidup saya, irlandia bukan negara putih.",1
bukan hal yang nyata dan Yahudi seperti menghisap darah kutu,1
bertemu dengan si bodoh yang menyerang infowar,0
pengguna pengguna pengguna pengguna pengguna gambar bayi tidak mengganggu bias anti kehidupan Anda menampilkan,0
Orang kulit hitam aneh adalah nomor kali lebih mungkin untuk mengalami kekerasan polisi daripada orang kulit putih aneh,0
realy bya dude berbicara Rusia wtf apakah Anda menghambat yang tidak benar sama sekali,1
CIA telah menghentikanku dari melakukan begitu banyak omong kosong Tuhan memberkati wanita itu.,1
beruang YOU vs monyet balap sepeda!,0
ugIy gies,1
Aku ingat ketika sedih adalah hal yang buruk sekarang lencana kehormatan ketika seseorang memanggil saya fanatik rasis homofobe islamaphobe dll saya katakan Anda jelas keliru negro shitters jalan dan homo tidak menakut-nakuti saya bahkan sedikit jadi,1
tidak akan terjadi. kesepakatan adalah . million beaners untuk paket reformasi imigrasi seluruh. kiri tidak akan melakukannya. tapi akan disalahkan ketika mereka semua dideportasi. winwin.,0
hanya negro pengecut tidak akan bercinta dengan cewek jika dia memiliki tanda peregangan ..,1
k negro terus mencari ayahmu tidak di sini mencoba rumah wanita kulit putih di sudut,1
Jika ponsel negro rusak sebaiknya percaya dia hanya gon menghafal nomor jalang utamanya atau jalang yang uang tunai dalam dirinya keluar nomor;,1
Aku sudah selesai dengan itu aku hanya terkejut bahwa enam bulan dihabiskan berdebat dan menabur perselisihan atas optik hanya untuk mencapai puncaknya pada pria dewasa berjingkrak-jingkrak di sepatu tenis merah itu adalah perdebatan paling terbelakang yang pernah saya lihat,1
Jika kau melambat untuk genangan air kau menyebalkan,1
panggilan miring tidak jelas di sana.,0
Kau menyedihkan!,1
salah itu aku yang bekerja sama dengan penduduk asli yang menyamar sebagai Arab cukup bagus hei tetap di bawah rendah,0
"Dia juga dituduh pencurian, pencurian dan kepemilikan barang curian.",0
want a libtard to objected aborsi ?,1
serius mendapatkan ke terapis atau Honky tonk layak bar mereka dapat membantu Anda,0
parkir derek ghetto asf,0
Aku tak tahu bagaimana dia bisa menjadi pecandu seks sejak SMP.,0
pengguna seharusnya telah dihapus terakhir kali dia mengancam ini tapi membuat hukum terhadap orang kulit coklat orang-orang kulit hitam orang gay orang perempuan orang miskin tunawisma orang pengungsi orang lebih penting daripada melindungi demokrasi kita dari pengguna masyarakat,0
regina George bisa mengatakan lesbi dia memiliki kartu tanggul saya,0
"Negro, tolong jangan kau tidak punya petunjuk pertama tentang apapun selain apa yang orang kulit putih katakan padamu orang yang sama yang berpikir kau adalah seorang lelucon dan negro tidak berpendidikan telah kau mengambil waktu untuk mendengarkan diri sendiri kau adalah shitass di atas itu",0
paving the kike way goy,1
♪ Hes as duother as it gets ♪,0
african Amerika olympian boycotts pembukaan upacara karena ia tidak dipilih untuk membawa bendera boo hoo negro,1
Foxnews proyek bahwa senator Mic enzi akan mengalahkan penantang demokratis Charlie hardy pemilu.,0
Kalian yang memukul truf benar-benar tidak melihat gambaran besarnya! truf memainkan rawa seperti biola hari ini!,0
Anda dan banyak moslem lainnya tidak akan namun mengiklankan fakta itu kepada kaum muslim lain terutama tidak di negara-negara Muslim dikendalikan,0
tidak akan menghabiskan uang saya pada sampah seperti itu!,0
sampah spaghetti ayam,0
Anak-anak kecil memiliki penjelasan untuk itu. mereka meminta Anda pergi ke selatan bukan ke timur. maka mereka tidak pernah bepergian ke selatan. selalu satu alasan atau lainnya.,1
Blackbear dan Q album untuk penerbangan pulang,0
Keren!!!!!,0
dem number nikes in yellow b da most hard shoes,0
demokrat untuk mendorong ketidaksetaraan pendapatan sebagai isu utama dari Charlie pembuat roti rfektor selanjutnya meninggalkan semua dalam w d;,0
"Ya itu bohong, itulah sebabnya kau menghapusnya negro.",1
"Ya memang, dan ya dia adalah seorang Yahudi.",0
"Karena kau adalah temanku, sangat tidak menyenangkan setiap saat bersamamu. Kau adalah masa laluku, sekarang dan masa depanku. Masih berusaha keras mengumpulkan kartu posnya.",0
dan kami tidak pernah bersenang-senang baik mereka datang keras pada faggots dan mereka turun keras di jalan mereka turun lebih keras pada Sam,1
user howdy elvis im mat and in nm thought i d just follow and say goom morning,0
pada hari negro kita menghormati tradisi negro dengan tidak bekerja.,1
Kau menjijikkan.,1
bagian dari layak untuk ditembak.,1
Benar..? Total okd di sana lol yeah...totally akan benang yang pengisap off.,1
pengguna kita tidak memiliki kebijakan pengungsi koheren ketika kita memiliki tingkat kemiskinan yang tinggi harus dibelanjakan pada orang miskin kita sendiri bukan orang miskin yang bahkan bukan warga negara kita,0
sebenarnya film animasi nvm adalah kotoran,1
sampah tentang kami dan Anda dari konferensi lain Anda dapat mengucapkan selamat tinggal,0
well said ini remanacs begitu tebal.!,0
cindy crawford rand rade gerber pergi untuk berjalan-jalan di nyc cindy crawford dan rand gerber menikmati cuaca cerah selama mereka sore berjalan-jalan pada tanggal Minggu di kota New York model tua nomor tahun terus hal-hal santai dalam kemeja putih dan hitam,0
"puluhan juta korban kekeringan Afrika paket bantuan darurat .m telah dikumpulkan untuk membantu jutaan korban kekeringan di tanduk Afrika, pemerintah telah mengumumkan .",0
pengguna mereka membenci Anda orang kulit putih,0
Aku suka menjadi Asia dan semuanya tapi perjuangannya memiliki mata sipit di setiap gambar,0
sangat baik untuk tidak harus woyke dalam da erangan. saya hanya da da dat berwarna woyke cuz orang kulit hitam malas dan hidup off da bersalah putih,0
lol lain ilegal antifa gadis,1
Aku di hetero denganmu,0
Kau menggantung walikota muzzie uk di leher dan coyote akan mundur dengan jaminan,1
user remember the api access i am still waiting also i gives sykel to Torba what a fucking nigger he is tho,1
Marxists pembohong!,1
"Pertama, dari semua changkyun memiliki energi jalang bodoh dan energi jalang thothy",1
hari-hari yang lama pergi dudes saya lm akan menjadi cangkul psikologi,1
"Selamat ulang tahun, Lesbian kecil yang funky.",0
"Percayalah, hanya mengatur alpha untuk . yang sama baiknya mungkin lebih baik daripada pengaturan visibilitas palsu. sekarang terbang pada burung perak!",0
Aku sudah di rmv selama hampir satu jam tapi aku baru saja mendengar beberapa anak laki-laki putih agresif gagal tes izin,0
bukti i berarti saya berada di mobile dan tidak bisa menarik bukti untuk saya tetapi jika Anda tetap sekitar saya dapat memukul kepala Anda dengan realitas hitler mencintai negro pasir juga ia bahkan memberi mereka ss mereka sendiri divisi th saya pikir,1
"Lebih dari, kasus rekaman fgm dan tidak ada keyakinan jangan buang waktu Anda khawatir tentang apa yang mereka lakukan satu sama lain",0
ok itu tidak persis seorang negro pasir rata-rata negro Afrika tidak akan bingung dengan erat terkait Amerika sepupu dan yang juga bukan unta tetapi tidak pernah kurang wtf,1
terima kasih untuk semua yang Anda lakukan untuk Maga!,0
Kalian semua bersaudara.,0
Hari Charlie?,0
"""Selena"" membuat ""Hope"" ini.",1
Christine Ford digunakan sebagai pion oleh demokrat dan tidak lebih.,1
dia!!,0
"1, 2, 3, 4, berapa banyak negro di tokoku?",1
"Menertawakan dek saya bahwa mereka memberi saya, kuning dan jesus stensils seluruh",0
anak muda menjawab dengan kejutan ringan benar-benar oh anak cukup banyak semua sekolah putih untuk memulai dengan dan uga adalah salah satu yang lebih lama ketidakterbatasan untuk sebuah institusi ukuran,0
status tersebut telah disumberkan di sini berkali-kali sebelum melihat posting di atas sumber belum lagi . . . . . . .,0
Aku rindu mata aneh tua di mana mereka d mengubah orang lurus menjadi klub slutty gay dengan sepatu kulit ular dan kiat beku dan menginstruksikan dia pergi mengatakan kotoran seperti yo itu segar,0
Persetan denganmu gay.,1
Pada gencatan senjata ini menangis tidak pernah lagi absen dan mengejek janji kami untuk tidak pernah melupakan jatuh dari kuno;,0
Darrell revis mengambil nomor penerima ya dan memastikan dari nigga tidak mendapatkan nomor yard,1
Saya berharap pemilih dari uk wont lupa apa yang berantakan dan telah dibuat ini. kurangnya kepemimpinan telah meninggalkan kita di dalam ladrum dan mengkhianati kedua orang yang memilih meninggalkan dan sisa dari celah.,0
"Orang tuaku bilang jangan mencampur, pikirkan anak-anak. Itu mengacaukan kepala mereka. Lebih spesifik mereka mengatakan padaku untuk tidak berkencan dengan orang kulit hitam karena mereka cenderung menganiaya wanita mereka lebih dari orang kulit putih.",1
Aku tahu berapa banyak pelacur membuat pantat niggas manusia,0
Aku gadis kulit putih yang benci menjadi gadis kulit putih dan dibesarkan oleh orang tua lol hitam dan bahkan tidak sepenuhnya putih aku benci di sini,1
"Apa yang akan kau lakukan hari ini, mengganggu, mengganggu, dan menentang musuh? ah, pertanyaan bagus. senang kau bertanya.",1
ketika saya masih sangat muda kami membaca dan melihat buku yang sama seperti orang dewasa.,0
Karena ashkenazi Yahudi begitu genetik dekat dengan Eropa lolz ini lucu ya saya tahu itu canard terbaru yang dilemparkan sekitar ketika tidak terlalu lama yang lalu Ashkenazi jew sedang dielu-elan sebagai bukti bahwa setan ini adalah ras untuk diri mereka sendiri yang mereka,1
Sanchez menyebalkan. dia membunuh imo tim ini.,1
dia tidak pernah sama sejak penerbangan naas itu. pemain hanya karemabduljabbar,0
Apa kau pikir kau sedang tegang karena hanya seseorang yang akan ber cm-monyet di postingku yang bercinta dengan domba,1
Kita sekarang tahu lebih banyak tentang Twinkies dan berapa umur bumi daripada apa yang terjadi di benghazi.,0
"hanya orang kaya liberal tahu apa yang terbaik untuk orang kulit hitam. jika mereka tidak melihatnya, mereka jelas sekali paman toms.",1
sekolah logan Roy untuk jurnalisme apa berikutnya jack yang Ripper perempuan kesehatan suksesi Hbo,0
Berhenti berlarian seperti pelacur kecil,0
u di daftar hit untuk jalang membunuh diri yo,1
Anda aneh spin percobaan gagal karena tidak ada yang percaya satu sisi fanatik lagi. mantra rusak. kita orang-orang tidak perlu orang seperti Anda dan ide sakit Anda. melayani orang gila kiri seperti Anda kemeja cokelat modern antifa. meninggalkan orang normal saja,1
masyarakat manapun dengan kemampuan untuk melakukan hal-hal ini tidak akan memiliki masalah membela diri terhadap orang kulit putih awal Afrika tidak berubah dalam ribuan tahun dan ketika orang kulit putih mencoba untuk membantu mereka dibantai dan Afrika kembali ke zaman gelap nenek moyang Anda selalu primitif,0
Terima kasih atas dukunganmu dan terima kasih untuk yang lainnya!!,0
pengguna semua tahu bahwa rencana robot demo dalam jumlah besar ilegal operasi penipuan alien terlalu besar untuk menceritakan dan bahwa mcimpeachment hanya dimaksudkan untuk membuat alien ilegal mcangry cukup untuk mcvote jedi trik pikiran tidak ada workee oops,0
"Ini yang kumaksud, kau terbelakang.",1
Apa mereka akan mulai mengunci kapsul air pasang di dalam kandang seperti mereka menyemprot cat di bawah?,0
Wajah kuning dan jawabannya tidak.,0
"i pm d Anda saran tempat untuk pergi, saya tidak ingin posting di sini karena saya pikir nonwhites membaca situs ini dan kemudian akan melanjutkan untuk mencoba dan pindah ke sana.",1
pengguna dan jika Anda suka bunuh diri Anda akan bertemu diri di sana,0
konservatif terus menggandakan diri menjadi orang yang mengerikan.,1
hanya harus melawan bc gay putih dia sedang islamophobia dan memuntahkan kotoran ofensif lakukan yall gay putih berpikir ur cool bc ur gay mengapa Anda pikir itu memberikan hak untuk menjadi rasis dan islamophoic,0
Dia mengolok-olok saya menyebabkan im khawatir tentang burung dan dia mengatakan dia tidak terkejut karena saya tidak suka membelah kutub lol ugh brengsek,0
"la franja de gaza, que nea el potencial de convertirse en un centro de visod rabe, se convirti en una prisin gigante administrada por el grepo terrorista hamas.",0
yang titik kelas fucking hampir berakhir ... lol!,1
kemungkinan bencana nuklir pengguna pengguna pengguna telah meningkat secara dramatis sejak truf mengundurkan dari awal proliferasi redux,0
ini konyol. dia akan harus memilih untuk dia pada saat ini atau akan jelas dia menerima suap.,1
Terima kasih kembali.,0
pengguna tapi muzzies menyangkal trinitas hanya satu allah dan apa-apa di samping atau untuk dibandingkan dengan memang mereka melihat jesus sebagai nabi lain,0
"terima kasih kembali, saya merindukanmu terlalu nig nog",1
Itu sifat Yahudi untuk menodai tradisi dari segala macam dan mendorong wanita kita untuk membuat bodoh diri mereka sendiri.,1
Terima kasih untuk update .... Anda melakukan pekerjaan yang sangat baik,0
"Aku kuliah di setiap kampus, mendapat kelas burung di mana kau bisa mendapatkan temanmu untuk menandatangani u di amp; mendapatkan keluar ruam kelas;",0
"bukan putaran terbaik dengan cara apapun, tapi atau biji-bijian pyrodex pelet atas butir fffg dan topi mendapatkan pekerjaan yang dilakukan.",0
user where e jean dna you ranveed her,0
Selamat malam negro kekasih,1
uggh ketika sandnigger menyemprotkan makanan dengan kotoran setidaknya kau tahu kotoran segar yang disemprot makanan dengan kotoran kencing tidak akan dideportasi,1
"Aku punya ritme dan pola strokeku sendiri saat aku mulai gila, tetaplah jalang.",1
"Jika saya posting gambar wanita saya, semua Anda cangkul melompat dari jembatan malam ini! lol ohkillem;;;",1
jalang Anda mencintai setiap tim tetapi kita lol rt ini adalah permainan i sudah menunggu! saya tulus mencintai kedua ini;,1
"hun, situs jejaring sosial yang salah rt; lms untuk pos pagi yang baik, dan sesuatu yang ekstra mungkin;",0
Bukankah lebih mudah untuk menutup celah yang memungkinkan senjata masuk ke tangan yang salah?,0
Aku tidak buh jika kau benar-benar mengenalku kau akan tahu kalau Kaibib adalah suamiku. dia akan membuatnya rendah hati,0
sudah lebih kuning daripada tahun terakhir dikombinasikan honda indicar,1
pergi ke sekolah atau dewan pendidikan dan katakan pada mereka kau ingin mengeluarkan anakmu. harus menjadi beberapa dokumen yang perlu kau tandatangani.,0
Penyensoran adalah kekerasan oleh karena itu kekerasan terhadap orang-orang yang ingin menyensor dijamin dan etis sebagai pertahanan diri,0
seorang pendukung Bernie mencoba untuk membunuh anggota kongres republik; upaya pembunuhan lain di ca; sen paul menyerang rumahnya; anggota kabinet truf amp; pendukung dilecehkan menyerang seluruh negeri; kapan akan demokrat tunggal berbicara?,0
semua orang akan mati oleh,0
Orang kereta api seperti dalam pengemudi ini adalah apa yang terjadi ketika dasar Anda adalah mental terbelakang dan memiliki masalah mental,1
ya jika aku disini untuk mengacaukan pestamu ini akan menjadi cara yang baik untuk melakukannya ya teman-teman aku tidak makan u tidak makan u hey aku tidak menganjurkan apa-apa daripada punking anglin ds dan mendukung identitas putih dan Amerika apa yang kau lakukan di sini,0
pengungsi muslim pengguna akan diberikan identitas pengungsi bukan kewarganegaraan Muslim tersebut di Pakistan bangladesh mendapat coumtry besar dalam partisi sekarang apa lagi yang mereka inginkan,0
"Ini cangkul yang banyak di sini, aku punya kulit hitam.",1
dan berapa banyak yang akan kau katakan setelah kau di penjara? seluruh keluargamu adalah penjahat.,1
"Setiap hari saya menemukan diri saya membenci negro lebih n n lagi. sekarang saya selalu membenci makhluk ini, dan tidak pernah berpikir itu bisa pergi lebih dalam. itu tidak. saya akan menjadi orang bahagia untuk menonton kepercayaan negro slide ke dalam ketakutan.",1
hal yang minuman keras harus nt menjadi masalah besar.,0
kau pantas mendapatkannya!!!,0
user rathambhor seige adalah warisan jalalluddin khilji dia gagal total dan adalah seige khilji setelah menjadi dehi sultan seige berlangsung lama khilji menang dengan mencemari gudang gandum dan pengkhianatan beberapa mu,0
"ini adalah apa yang akan terjadi jika kiri mengambil kendali! qanon qarmy q redwave redtsunk gelombang biru menguras mara negara dalam membuat Amerika besar lagi berjalan jauh nancy pelosi tertawa di mengejek kekuatan batubara, kemudian gagak dengan segala hormat kepada virginia barat",1
Cuz ur a bird bitch,1
australiaday ausfam ausgab auspol dont be fooled by leftard bullshit.,1
Dia perlu menurunkan berat badan.,0
Aku memainkan permainan minum ini dimana kau minum setiap kali Richard Spencer bilang itu apa atau sesuatu yang sama wawasannya dan hampir berakhir di rumah sakit sialan.,0
user well fuck you too hoe,0
"Kantor dokterku terbelakang, kami melihat kau memasukkan resep resep, jadi kami membatalkannya. Hubungi kami jika kau butuh isi ulang, terima kasih!",0
t.comrmlxacoxx,0
tapi mereka akan menghipnotis pelacur lain tho percaya padaku,0
satu-satunya hal yang konservatif berprinsip marah tentang adalah kebutuhan moral dan intelektual yang jelas untuk keragaman dan inklusi dari semua orang dari semua agama.,0
Melihat kotoran burung di mobilmu setelah kau mencucinya,0
"peri menyenangkan kehilangan sayapnya tidak berarti tidak ada cara lain untuk terbang? asmsg, cerita erotis",0
Apa bercinta dengan gadis terbelakang memperkosa? Meminta seorang teman.,1
investasi kepemimpinan mempersiapkan thx untuk berbagi yu infrastrukturreportcard dan bimbingan di url maga atau menonton karat pergi... url,0
Arsenal adalah sialan klub kecil dengan banyak pembuat kebisingan disebut fan livars,1
Kau tidak bisa memperbaiki kebodohan dengan sekolah apapun!,1
istriku dan aku setuju persen membiarkan ibu alam membunuh kawanan negro,1
sebagai anak saya mendengarkan nas. ia menunjukkan perspektif baru datang dari ghetto seperti saya. sama dengan germo c;;;,0
fuck mangkuk negro,1
Kike bertepuk tangan pada simpatisan kike.. ..pengisyaratan yang tak berguna.. ..butuh seorang pemberani untuk melakukan ini.,1
dapat sebuah mod juga mengubah judul thread sehingga ia mengatakan th ? tidak ingin orang muncul terlambat hari,0
Aku yakin dia memakai sabuk negro seperti terbelakang menghambat mudah-mudahan yang putih ini akan mendapatkan negro yang sebenarnya untuk memboikot Amerika dan meninggalkannya,1
"teman-teman, aku membuat langka dan tetap di dindingku. bisakah kalian memberikan upvote kalian pada meme-ku? terima kasih!!!!!, eu fiz meu ragebby para o setujuo lakukan e deixei fixado no meu mural. voc",0
dia adalah seorang komunis bodoh!!!,1
mereka jatuh untuk wanita bertanggung jawab meme,0
"Megumi, maaf aku minta lihat payudaramu.",1
pengguna pengguna dari yang dibunuh oleh nazis untuk menjadi nazis,1
nah pengguna pengguna Anda punya itu semua salah juri reflektif masyarakat tidak semua putih Oleh karena itu dia ditemukan bersalah dan tidak diberikan simpati,0
"Tidaklah cukup untuk mengabaikan pandangan saya tidak selalu mencerminkan pandangan dari ampli potus kita, semua wanita konservatif yang secara alami dibebankan untuk menjaga vagina.",1
Kenapa Tuhan memberi irama yang bagus???!!!!!!!!!!!!!!!!!!!!!!!!!!!!!!!!!!!!!!!!!!!!!!!!!!!!!!,1
"Berhentilah menjadi pengecut, nak, dan tusukkan jarum itu ke jantungmu sendiri!",1
Benci bagaimana impulsif keputusan saya ketika hal-hal yang tidak berjalan dengan baik seperti jalang itu bukan aku idk nya,0
belum lagi jumlah berlebihan dari uang pembayar pajak yang dihabiskan padanya untuk pembayar pajak ini didanai perlindungan bersenjata yang belum pernah terjadi sebelumnya untuk sen kontrol senjata. Kamala harris breitbart melalui,0
"Aku tidak tahu tentang yall, tapi ketika aku melihat sesuatu rasis aku hanya bergerak kanan bersama. itu tidak mempengaruhi saya sedikit pun. saya tidak mengerti mengapa orang lain tampaknya mendapatkan semua marah.",0
tcot maga complacency kills. vote in noverm url,1
Jika kita kembali menjadi tegan nyata menjadi salah satu pelacur paling buruk segera setelah dia muncul di adegan pertamanya di acara,0
"Waktunya mengejek paruh waktu di Amerika. Bagaimana kalau membangunkan Amerika, kita punya warga yang radikal yang menjalankan negara ini.",1
oreo yang menggemaskan,0
"Ratusan mengaku makan daging manusia di Afrika Selatan. Apa budaya yang menyenangkan, akhir apartheid benar-benar mencerahkan...",1
dia sangat lucu,0
Aku senang kau menanyakan pertanyaan cerdas. Sebenarnya wanita ini menggunakan tas yang sama untuk menyelamatkan kura-kura. Tapi juga pada saat yang sama menarik beberapa sht sensor pantat putih.,1
pengguna pengguna pengguna dan ideologi kuno Islam abad th dibuat oleh arabs tidak memiliki tempat di abad st,0
pengguna pengguna tidak buruk ide tetapi mereka menghambat,1
meninggalkan satu serigala hidup dan domba dan whitewalkers tidak pernah aman,0
muslim mengapa mereka masih di sini. perang dengan mereka akan datang. ini bisa saja dihindari jika politisi kita tidak menjual kami keluar misanthrope,1
tidak tidak tidak!!! Sesuatu yang harus selalu ringan dan polos dan bersinar!!!!!!!!,0
Dia tidak berguna...,1
"bagaimana mexico cepat menutup garis tikus ms, tentu saja ini tidak akan berpengaruh pada operasi penyelundupan narkoba mereka. Anda benar-benar tidak berpikir orang Meksiko gov tidak lutut jauh di tempat tidur dengan pengedar narkoba lakukan ya?",1
"oh yeah , tidak ada foto mugshot di halaman tentu saja, Anda harus menonton laporan video untuk mengetahui itu belum kasus lain tnb .",1
Ini bukan momen terbaik. Coba sekali lagi kau perbaiki kotoranmu dan singkirkan tweet ini.,1
blah blah blah gay referensi dalam negara blah blah lol hanya keluar lemari sudah homo,1
Yahudi tidak dan tidak akan pernah putih siapa pun yang menyarankan sebaliknya adalah baik kike atau pengkhianat ras dan layak gassing,1
Teroris muslim kita pengkhianat arabus pantat mencium negara departemen adalah memastikan bahwa truf tidak akan melakukan hal ini setelah semua mencium arab dan keledai muslim jauh lebih penting daripada kita keamanan nasional,1
"oke dan? semua orang bisa pergi ke eredivise dan mencetak gol. sialan liga. tim budesliga kompetitif dalam kompetisi euro. Meksiko belum menghasilkan bakat apapun seperti pulisic dalam waktu yang lama. tidak apa-apa, mungkin kalian akan melakukannya suatu hari.",1
Seseorang yang mengaku sebagai wanita jalang yang jahat seharusnya tidak mudah tersinggung.,1
"Aku hanya bilang, di foto twittermu kau terlihat seperti guido dan aku suka itu pattyfuckingboges",1
ya aku tinggal di texas dan tidak aku bukan redneck,0
Aku punya perak karena aku cangkul putih dan warna terdekat yang bisa aku dapatkan,0
Aku terlihat seperti ya dan ya terlihat seperti tidak;,1
mawar adalah ungu merah biru oh kau benci aku fuck kau juga,0
layak melakukan sesuatu atau memiliki atau menunjukkan kualitas layak hadiah atau hukuman Anda tidak layak dihormati dengan melepas pakaian Anda ....,0
Gadis baik,0
Sekarang aku harus pergi.,0
Aku akan menikmati mengambil mimpi imigran coklat untuk datang tinggal di surga putih dan menghancurkannya,0
"Tidak, kuharap negro itu tidak baik-baik saja.",1
selanjutnya kau akan mengenakan kemeja. tak ada yang mau melihat puting putih jelekmu.,0
minus juga menjaga dia bagaimana Bro,1
Aku tidak ingin melakukan hal-hal yang buruk dengan teman-temanku. Aku ingin melakukan hal yang tidak benar untuk gadis kulit putih yang kaya.,0
Aku tahu itu omong kosong sheboon dapat menyiksa orang cacat putih karena dia benci orang kulit putih dan dia hanya mendapat masa percobaan jika orang kulit putih melakukan beberapa vandalisme ringan dan melemparkan beberapa daging sekitar mereka mendapatkan nomor tahun di penjara sialan,1
Kau bisa melihat permainan yang bagus dan negro bekerja,1
ketika hidup runtuh Anda dapat membalas pada orang kulit putih untuk memberitahu Anda berapa banyak mereka membenci rambut diwarnai Anda dan pilihan dalam musik bro saya bahkan tidak suka Anda berikutnya,0
"Sayang, aku tidak mengabaikanmu. Aku hanya benci kau berhenti SMS aku.",0
Yang benar adalah istilah yang digunakan untuk menggambarkan orang kulit putih yang bersedia untuk berdiri dan melindungi keluarga kita dan bangsa kita dari penjajah yang bermusuhan jauh benar kebebasan keluarga barat nilai tirani european pendatang penyerbu,1
melanggar Charlie file darurat mosi untuk mulligan.,0
pengguna membaca koran yang tidak diperbolehkan untuk muzzie untuk mengkonversi,1
Apa ada orang lain yang sedikit takut dengan pakaian hilary? Itu membuatku berpikir tentang gaun biru dengan...,0
juga ya saya membawa keledai avacado seluruh untuk bekerja dan mengirisnya karena saya seorang jalang dekaden,0
Peninggalan mengerikan dari penganiayaan antisemitik muh holocaust blah blah Oleh karena itu Yahudi takut orang kulit putih Oleh karena itu imigrasi massa mempromosikan toleransi meskipun dibom kuku anak-anak tepat Yahudi apa yang Anda katakan kepada kami adalah bahwa Anda memiliki hak untuk takut putih,1
ada lagi burung di sekolah?,0
ulang jika Anda ingin mendapatkan hanya mengikuti setiap orang yang retweet ini dan mengikuti kembali siapa pun yang mengikuti Anda,0
Rusia membeli bahwa dan membersihkan semua lesbi berambut biru itu mulia yang mungkin juga merupakan asal usul cerita bot Rusia,1
Siapa yang tidak Islam adalah rasis? agama intoleransi.,1
pengguna dia baik-baik saja sampai dia mengatakan ghetto dia mencobanya dia rly melakukannya,0
Republik kita memiliki terlalu banyak ilegal suara dalam pemilu!,1
Itulah masalahnya dengan konservatif. mereka mencampur etiket dan bakat. baik dalam moderasi.,0
Sayangnya obesitas berjalan tinggi di masyarakat kulit hitam dan kita orang kulit putih tidak pemaaf sekitar obesitas pada pandangan pertama ... baik-baik saja dengan itu sekali ada cincin di jarinya dan dia telah mengklaim semua hal-hal kita.,1
Nomor joker ya esta en mi top number versies del joker joaquin phoenix mark hamily heath bookbook,0
benar Alex Jones percaya bahwa Arab di Israel perlu kembali ke jordan di mana mereka benar-benar datang dari karena bahwa dua solusi negara saya israel dan jordan dilakukan dan dilakukan,0
"Tutup mulutmu, dasar kau pelacur!",1
mereka berhenti menjadi menyebalkan dan melakukannya,1
melihat kucing terbelakang saya bermain dengan catnip mungkin bagian terbaik dari hari saya guys,1
Kacang dingin.,0
Mereka mengatakan kepada kami bahwa kami tidak bisa memanggil mereka lesbi lagi karena itu bukan PC jadi kami mulai memanggil mereka lesbian,0
wow yang luar bodoh tidak membersihkan apa pun Anda tidak bisa memenangkan perang setengah assed seperti yang dilakukan di timur tengah liberal putih di Eropa adalah untuk disalahkan untuk apa yang terjadi di sana mereka telah memungkinkan hewan muslim di tak terkendali,1
Aku seorang metro kc penduduk tidak ada satupun dari ini adalah pada sejumlah stasiun media kc saya juga mendapat bujangan saya dari umkc dan adalah maskot umkc adalah di ghetto pula tidak akan terkejut jika ada lebih dari ini,1
user yeah there all nazis,0
autistik asia konyol,1
ppl di kota ini berusaha untuk bertindak jalang ghetto jika Anda tidak kembali ke rumah nomor ur juta di atas haven,0
hanya menunjukkan absurditas obamamania seorang wanita kulit putih atletis menyerang satu libtard untuk mengumumkan kesucian dari libtard lain yang mungkin lebih buruk!,1
jelas menyatakan bahwa mengagungkan kekerasan adalah melawan lemparan pelacur jadi saya kira setiap lagu logam berat yang pernah ditulis adalah keluar dari pertanyaan maka juga apa pun orang-orang ini fucking terbelakang lol,1
"Antifaggot unc profesor dwayne dixon, didakwa dengan dua pelanggaran ringan karena membawa senapan semiotomatis ke rumor kkk rally. ia akan dikenakan biaya dengan menyebabkan kematian heyer panas di Cville juga.",1
buka pintu untuk pengungsi kamu humanisistik bukan kamu yel-yel-al-hak asasi manusia,0
Membuat ancaman teroris terhadap polisi kulit putih di facebook meh tidak ada masalah besar hanya meminta maaf definisi blackprivilege,0
Jadi sekarang ada kanker lurus Saya kira ada kanker homoseksual juga apa berikutnya,1
Seorang Paris putih menikmati pengayaan budaya dari tamu islamislam Perancis,0
merah dan kuning itu harus maka,0
baik oleh liga sepak bola akan langsung ful sepak bola di sini dunia datang.petition untuk menghentikan semua bantuan federal untuk sepak bola nfl. orang-orang akan memiliki kata terakhir. kita akan membawa seluruh liga berlutut memohon pengampunan.Amerika layak dihormati.,0
Yang perlu kau tahu adalah dia kosong di dalam.,1
dan islam bahkan bukan ras jadi bagaimana bisa dianggap rasisme di tempat pertama,0
mungkin mereka akan havana antifa perang ras amp; membanting dildo keluar dari masing-masing puntung.,1
"Kue stroberi, ditumpuk dengan krim kocok, kuning, coklat, stroberi iris yang baru dipetik dari peternakan anak-anakku.",0
"Im Amerika, jangan peduli tentang orang-orangan, kirim mereka kembali",1
Aku tahu aku kulit putih jadi aku kira dia berasumsi aku membual tentang Asia tapi,0
"Ya, dia harus kembali ke dunia peri untuk menangani kotoran di sana.",1
Mls bodoh itu telah booming selama dekade terakhir yang hanya bodoh untuk mengklaim hal yang telah secara besar-besaran tumbuh dalam jumlah tahun terakhir tidak ada serius bahwa terbelakang,1
selai kacang ini pertarungan untuk memberi saya hidup juga!;,0
pls panggilan ini coon keluar untuk blks miskin hidup di ambang sementara ia dan nya badut suram bangkai cbc menggunakan setiap jalan untuk mengalihkan perhatian dari mereka pengecut kinerja,1
Yang paling layak karena mereka memutuskan bahwa muzzies membuat pengungsi yang baik,1
Hanya dalam Anda fucking idiot bajingan mendapatkan ini melalui tengkorak tebal Anda sekali dan untuk semua globalis bajingan berjalan un tidak akan memilih menghambat seperti Anda untuk menjadi sekretaris umum,1
pengguna pengguna fuck you retard,1
bahagia cuz saya bangun putih dan bukan negro!,1
"mars begitu dekat dengan bumi hari ini, Anda bahkan dapat melihat kawah dan barang-barang!",0
dia adalah Anda tidak,0
Sebenarnya jika imigran Meksiko akan memilih republik demokrat akan sudah membangun dinding terlihat dari ruang Stefan molneeux,0
"whitebypi m tidak yakin apakah swp adalah sebuah kelompok atau apa, tapi aku tahu beberapa orang bahwa olahraga yang, mungkin kita bisa berbicara beberapa.",0
Bagaimana bisa seorang wanita serius ketika kau mencangkul? Maksudku bagaimana bisa negro membawa Anda serius ketika Anda cangkul? lol seperti ..,1
# Tapi dia bukan negro #,0
"Baiklah, itu membuat fakta sampah ini mengirim jutaan dari kerabat mereka ke negaraku, mengambil pekerjaan dari penduduk kulit putih, membunuh orang-orang kita dan membangstering ras kita semua baik-baik saja kemudian.",1
Anda tidak bisa melihatnya tapi im membalik Anda burung,0
populasi pengguna pengguna adalah angka yang mengkhawatirkan yang mendefinisikan tetapi Anda tidak bisa membiarkan orang-orang dari sikh hinu christian jain n semua mendapatkan istri dan putri mereka diperkosa atau mendapatkan dipaksa menikah dengan muslim dan muslim konversi tidak menghadapi masalah seperti itu di sana,0
ok jadi saya bisa disebut kike dan vagina tapi saya tidak bisa membalas terlihat saya seorang pejuang saya tidak berguling dan bermain mati seperti banyak Yahudi melakukan mengedipkan mata vagina kapiche,1
Ukip terlalu penuh dengan pantat Zog bajingan uk perlu pergi nazi penuh,1
"mengundang kambing keparat di, mengharapkan masalah keparat kambing.",1
wanita paling cantik akan memiliki yang paling terbelakang keterangan pada foto mereka!,1
sedikit koreksi jewish supremacism adalah menang wtf Anda berpikir membiarkan negro pasir ini ke halaman belakang kami,1
"bodoh cunts, mungkin mereka harus pergi ke iran dan mencoba untuk mewawancarai wanita ditahan di penjara karena berani mengambil wajahnya off.",1
Bill smith dds mtv odbtq mmmfl afcio bitch pick one. fucking hate you. i know you proud but shit.,1
"dia harus diperkenalkan keto diet. sekali ketosis menendang, sangat usus besar menghentakkan rasa sakit yang menyakitkan menderita kelaparan mati setelah berminggu-minggu dan tubuh mulai menggunakan lemak sendiri untuk energi. menambahkan puasa intermitenten di atasnya kadang-kadang dan pemulihan tubuh akan cepat pulih",0
begitu juga orang kulit hitam masih berjumlah di negara ini jika Anda menonton media apapun mereka adalah nomor wtf yang menonton omong kosong ini,1
"Jika mereka mendarat batu bata, mereka akan lebih keras lagi",0
user lmao tidak mencangkul Anda telah ptsd tho,1
kurotsuchi aku sialan kau jelek brengsek aku benci kau,0
dan beberapa orang kike mencintai dengan derajat yang sialan delusional,1
seniman london ditembak mati di Afrika Selatan melindungi keluarganya dari bersenjata dalam serangan selama berita kejahatan ulang tahun london malam standar,0
persik adalah alami manusia. katak hanya menciptakan obat untuk menjadi manusia. bahwa dan nintendo ingin persik bermain dan membutuhkan alasan sejak di NSmbu dia diculik.,0
wwe mempertimbangkan mentah acara yang lebih besar dan memiliki ronda kemudian di ppv menunjukkan dia adalah nane yang lebih besar,0
semua karena ia disebut potus sebagai donald. dia sekarang jourdan karena surat itu. ccd sekarang.,0
Aku setengah hitam dan aku tumbuh menjadi muslim,0
pengguna pengguna mengatakan pacar saya saya akan memperkosanya jadi dia pikir saya lucu,0
"Aku tahu seni memaki seperti aku tahu seni Eropa. Aku hanya tidak merasa perlu menjadi subversif, homo megah.its mungkin karena im punk ... Anda tahu kami whippers muda, kami hanya tidak bisa membantu.",1
"Sharia mungkin untuk mengatur unit baru untuk menangani berita palsu. wanita bodoh, jika dia ingin menghentikan berita palsu, matikan saja bbc.",1
"Seseorang yang disebut pahlawan!lolololol!heroiniakhirnyatransformterformedformerovietjewnion dalam Rusiajudea! di negara yang dilanda kesengsaraan ini secara resmi ada miliar tahun, puluhan f ribuan juta tahun, dan puluhan",1
Dia idiot dan juga tidak pintar.,1
"Dia hanya ingin berkeliling kota dan membuat kenangan yang hampir tidak bisa diingat dan id mengijinkannya, berbicara tentang kekuatan vagina.",1
Kita tidak ingin ada pelacur kurus keluar! kita ingin pelacur rampasan besar!,1
Danau adalah sampah sekarang.,1
Jika kediktatoran datang ke kita berdasarkan pengalaman twitter saya saya tidak akan dapat berperilaku dan akan dieksekusi atau menjadi pengungsi lagi,0
aku benar-benar setuju!! aku telah mencoba mengumpulkan orang di twitter. meminta mereka untuk mengikuti satu sama lain. kekuatan dalam angka. aku memilih. aku bekerja untuk pemilu awal dan hari pemilihan. aku berbicara dengan liberal. aku meneruskan maxine Walters ratts ke dinas rahasia.,0
Leherku!,1
hal yang paling lucu tentang Koran bit dari kisah pembantu terbaru adalah bahwa gerakan politik paling mungkin untuk membuat wanita memakai pakaian lucu dan hanya ada di rumah untuk pembiakan islam tapi dalam pikiran pecandu ketimpangan islam juga tertindas,1
Tori sebaiknya waspada dari cangkul nya..dia akan tertangkap;;,1
"strzok saya membeli semua presiden. membeli? siapa sebenarnya yang Anda beli, suap? Uang tutup mulut? apa? bagaimana? ditambah mereka semua orang Hillbillies bodoh, mengacu kepada pemilih perawan. orang ini tidak harus diperbolehkan dalam pemerintah lagi",0
Wanita Inggris mencetak gol di menit terakhir kompetisi bola net untuk memenangkan emas adalah momen olahraga terbesar dalam sejarah,0
yang berusia obola tahun nomor satu germo muslim dolar sebuah lubang musloid sebuah token untuk membuat orang kulit putih merasa kurang bersalah seorang pengguna gay suami america hatrinchief america membenci elitis globalis sampah sombong anjing perhatian narsistis yang sombong,1
i bertanya-tanya apakah ini adalah bendera palsu yang kita harapkan ... Url url besar terbangun qanon mengikuti putihrabbit maga url,0
lol benar saya hanya ingin oreo goreng,0
Aku suka lagu John doe obat bius; homo,1
kita cukup dibenarkan dalam menjadi islamophobia kita perempuan harus takut ie phobia dari setiap kultus yang fanatik berusaha untuk memperkosa kita kita kita juga harus mengharapkan permintaan bahwa laki-laki kita tidak fobia tetapi mungkin menjadi islamocidal untuk melindungi anak perempuan mereka,1
"Benci ketika pelacur tryna menempatkan Anda di zona teman ... jalang im tryna skor, menempatkan saya di zona akhir",1
Aku bersumpah tidak ada yang lebih buruk dari jalang buruk yang kehilangan itu,1
"webbers! rt sz vnds restors mimpi, retak middlesole, tunggal pemisahan, dan foged gelembung.",0
"Katakan padaku, apa yang ada di dalamnya untuk Yahudi untuk membanjiri dunia dengan muslim, orang-orang yang ingin mereka memberantas?",1
tusukan kecil,0
"Aku merasa seperti tidak melakukan ini dalam beberapa saat, biarkan aku menghangatkan makan vagina itu selama setengah jam membuatnya gila",1
ya jika hanya antifa akan meninggalkan nazis miskin saja adalah pernyataan untuk usia ...,0
Anda hanya tahu quentin tarantino adalah atap rahasia Korea bahwa stockhomie penderita sindrom mungkin pergi ke atap setiap malam dan berteriak negro di atas paru-parunya sampai jam wee,1
Aku tahu tentangmu tapi aku pikir Kimjongun mungkin terbelakang tidak ada pelanggaran untuk orang-orang terbelakang utarakorea,1
mueller membuktikan sistem peradilan dipersenjatai. dewan khusus demokrat hanya biaya republikan. jadi jika kita bermain permainan maka dewan khusus republik harus mengisi demokrat. benar! bola di republik pengadilan Anda.maga url,1
Lol ada monyet yang bisa bicara hidup di internet! akan keajaiban tidak pernah berhenti?,0
bagaimana dengan semua kematian yang dikaitkan dengan alien ilegal di TX dan para korban lainnya yang tidak akan pernah melihat orang yang dicintai lagi texas,0
Jika dia terus menyembah negro dan homo kemungkinan besar skenario ini akan terulang.,1
cangkul besar untuk Jinyoung dan cangkul tiddies besar untuk jaebeom,1
itu akan benar-benar patah hati saya untuk melihat bahwa negro keluar dari rumah sakit dengan infeksi staph ganas,0
ini masalah besar. menetas harus malu. oh yeah dia pikun dan tidak bisa menemukan kamar mandi sendiri.,1
telah Anda membuktikan jenis kelamin Anda namun profil yang bagus gambar dengan cara oh im negro juga,1
Twitter tidak suka mengatakan kita tidak tahu ada knifings dll sebelum parasit muslim terkunci keluar selama beberapa jam,1
pergi ke kebun zaitun berubah menjadi cracker pergi Black Jumat belanja berubah menjadi negro,1
bar oreo cheesecake,0
Aku tidak pernah punya teman sepanjang waktu aku tinggal di virginia. tidak ada yang keren bagi saya. saya berharap orang-orang kulit putih selatan semua mati.,1
Aku berharap siapa pun yang bekerja di twitter yang suka menyebabkan neraka menjadi bumerang pada mereka,0
"Semoga kita semua berduka atas keadaan baru ribuan anak-anak yang akan berduka sekarang, berkat Presiden kita yang baru-baru ini eo, mendapatkan hak istimewa tinggal di sisi pedagang dan eksploitasi yang membawa mereka ke negara ini.",0
detik di twitter kemungkinan seorang hacker meramalkan franken beberapa wanita dan qanon akan kembali,0
i selalu begitu terpupuk dat i memiliki mo sementara pengikut den berwarna,0
dia sudah dewasa,0
Sayang hewan sehari-hari dan Anda artikel negro pasir penulis jika mendapatkan akrab dengan farrakhan menyebabkan tidak ada dampak pompeo dapat bergaul dengan siapa pun ia memilih untuk f liberal standar ganda,1
"Laporan terbaru serangan terhadap siswa negro lokal adalah pada beberapa keluar mendapatkan pizza di larut malam, hitam melompat mereka pada rumah berjalan mereka.",1
i love ketika burung mengerik di pagi hari patsgonnasubtweet,0
"oi ya vagina membosankan besar, kubrats comin...",1
kirim kami email unitglobal.com,0
berhenti berhubungan seks?,1
demokrat dari kalfornia semprotan bahan kimia dari pantai tengah california untuk memperbesar intensitas anak-anak sehingga aspal dengan karrie ia perlahan-lahan dehidrat daerah untuk menurunkan nilai properti sehingga demokrat dapat biaya konservatif di atas air,0
Negro pasir sialan mereka perlu dicuci asam penis mereka,1
Aku muak negro selalu ingin orang kulit putih datang dan menyelamatkan mereka orang kulit putih tidak akan menyelamatkan kita,0
pemilihan tidak opsional!!! tentu saja novemeberit ini penting! seperti amp; berbagi jika Anda setuju! harus vote republikan bangun masyarakat konservatif maga url,0
"ada kamp untuk ayah dan anak, yang disebut ksatria.",0
tim pertahanan pibble keluar dengan paksa menjawab seperti baik tambang dindu nuffin bahwa bukan bagaimana statistik bekerja,0
angela spain dibunuh di rumahnya oleh negro gelandangan.,1
seperti yang seharusnya.,0
palestin tidak ada secara historis... .. Itu adalah nama yang digunakan oleh bandit pasir untuk kari nikmat dengan orang-orang dengan iqs rendah seperti Anda,1
Bukankah propaganda yang mendorong kelompok lobi perusahaan yang peduli keuntungan dan keuntungan saja? tidak tahu siapa yang lain crackpots ini.,1
ide bahwa dwi berusia setahunnya entah bagaimana harus mengecualikan dia dari perdebatan kontrol senjata hanya ... ... Aku tidak tahu. apa itu sebenarnya?,0
Uicideboy on halloween its aboout to get sooooooo fucking spooky,1
k bitches,1
takut sendiri pada orang kulit putih.,1
Maksudmu persis seperti konservatif menyerang korban saat ini?,1
kita perlu bicara tentang bagaimana Asia Timur dan Yahudi keuntungan dari privelege putih i berarti tidak ada yang pernah mengeluh tentang yang menepi untuk mengemudi sementara kuning memiliki mereka,1
dalam Tuhan saya percaya tentara Kristen keajaiban Amerika prajurit veteran kami seorang viking darah saya merah kulit saya putih mata saya biru saya seorang Amerika juga tidak ada keji homos,1
Jam kerja karena dia adalah segalanya membeli url,0
"Aku pergi ke GNC hari ini dan kasirnya punya pelacur, kami tidak menjual kue coklat di sini tertulis di wajahnya ketika dia melihat;",1
apakah headscarves datang dengan lampu berkedip karena perempuan muslim dipukuli diperkosa dimutilasi dan memiliki semua hal-hal terjadi kepada anak-anak mereka juga semua oleh masyarakat Islam dan itu telah terjadi selama ratusan tahun tapi mereka hanya mengeluh tentang putih yang memperlakukan mereka sebagai banislam sama,1
Orang kidal menanggapi artikel tanpa membacanya? tidak mengejutkan berita baru,1
Orang kulit hitam memohon perhatian pada wanita kulit hitam dimana harga dirimu dan negro pengecut,0
pengguna melihat homo,1
"karena bagian berita bisa sangat menyedihkan dan benang ini memberikan bantuan lucu, saya selalu bisa mengandalkan benang ini untuk tertawa ketika saya membutuhkannya.",0
Lalu apa itu pengendalian senjata?,0
Ketika Anda mendekati skor tinggi Anda dalam burung flappy dan mati satu pipa pergi,0
dan sama sepertiku jalang itu dimuat.,1
operasi penegak hukum internasional mengganggu bank sylock malware pcworld internasional hukum implicem ...,0
"Gadis, jangan biarkan seorang pria memperlakukan Anda seperti bintang hujan kuning. Anda adalah sebuah starburst merah muda.",0
rap adalah sampah negro,1
"Tidak, aku tidak akan kehilangan dia.",1
permainan ulang tahun karakter permainan yang bukan lebah aneh,0
trulay seorang unfunny menyedihkan zhid vagina,1
Inilah sebabnya mengapa Israel rothschild soros harus membuka perbatasan mereka keragaman akan kekuatan mereka pengungsi dan non putih di tanah air lebih berharga maka emas untuk Israel meminta kike,1
Aku Finna dm kau pik Bro cangkul ini lucu,1
user user hey lady you need to get out more if you think people who are white cant be treated badly by blacks latinos or asians quicken being a wayang,0
sialan saya baru saja diperkosa usia nomor tahun i pikir saya harus memberitahu orang-orang bahwa allah mengatakan kepada saya untuk melakukannya dan bahwa bagaimana islam lahir,1
Nama Twitter pendek lmao adalah vagina gemuk... lmfao im mati,1
belum selesai! jangan bertaruh melawan kami!,0
Kau yakin itu telah. Inggris telah ditakdirkan. liberal di mana-mana menghancurkan hidup kita dengan berkolaborasi dengan muslim. garis keturunan keluarga kerajaan bercampur dengan muslim akan kembali. apakah kau pikir ini adalah kecelakaan? baca url ini,1
ketika saya mengatakan tercemar saya tidak selalu berarti cangkul atau skandal. itu bisa menjadi sejumlah hal.,0
"uang bisa mendapatkan gulma yang baik, tapi tidak selalu yang terbaik dari vagina. maaf teman saya menebak",1
Wanita baik-baik saja dan beraninya kau menyukai negro.,1
"Mengapa walikota memiliki begitu banyak kendali? Oh, ya, karena dia terpilih, dan semua orang takut untuk memanggilnya apa dia, seorang pos muslim.",1
"ada Anda memilikinya orang, nigeria bertindak seperti salah satu ratu ghetto besar meremas keluar lebih banyak bayi negro untuk handout yang lebih besar dari pemerintah.",1
Aku pikir ini hanya akan menjadi pegangan yang lebih ketat Zog akan memiliki pada kami.,1
Apa yang kau bicarakan?,0
Mereka memiliki burung ceroboh terlalu lol apa hidup,0
memeriksa persaudaraan muslim ditetapkan sebuah organisasi teroris di saudi arabia dan egypt karena mereka adalah teroris melihat bahwa kotoran sampai benar-benar tidak sulit sebelum posting pertahanan palsu jika Anda tidak repot-repot melakukan pencarian cepat untuk memeriksa fakta Anda adalah bagian dari masalah,1
"ketika Anda tinggal gay ini, Anda tidak bisa takut dua penis hitam di pantat Anda fucking aneh",1
mengapa kedua mata terbuka jika tujuan Anda? dan Anda liberal ingin perang dengan konservatif.. terbaik dari kepingan salju keberuntungan,0
"Ibuku berada di beberapa orang sampah, saya bertanya padanya setiap hari, Anda perlu uang? dia mengatakan tidak apa-apa! tapi datang gajian;",0
Aku memang brengsek.,1
Hillary ingin zona tidak ada lalat atas syria ini akan menyebabkan perang dengan Rusia perang antara kami dan Rusia berarti tak terhitung banyaknya kematian dan kemungkinan nuklir holocaust bukitiryforjail noflyzone wii suara listemprompunless you like beingirradi,0
"Mereka benar-benar berbeda dari kita dan tidak harus hidup dalam pandangan kita, kembali ke Afrika dan mati.",1
tidak semua dari kita konservatif adalah bahwa mudah tertipu. Manny memiliki beberapa titik yang baik sekarang dan kemudian... tapi ketika ia mulai memuntahkan kita propaganda ... itu memuakkan saya. ia meminta istilah dan saya memberi satu ... neraka tidak memiliki bantahan. Anda menonton.,0
apa yang komunis akan lakukan! menghancurkan Amerika!,1
beyonc memiliki album nomor di nomor billboard lihat ketika Anda jalang utama,0
melanggar pengguna akun yang diverifikasi h jam yang lalu lebih kilas balik video michigan democrat rep John Conyers diduga membaca majalah playboy pada pesawat yang dikemas dalam jumlah tuduhan pelecehan seksual telah muncul malam ini,0
Dia akan menyalahkan fakta bahwa dia adalah hispanic tentu saja.,1
Anda negro negro kurus Anda lagi apa lesbian untuk menjaga diri sekitar untuk negro Anda,1
"Anda dapat memberitahu gab adalah tempat yang akan, bahkan dem derps di sini sekarang mencoba untuk menempel ke feed kami bicara sh!t mencari perhatian. saya tidak peduli untuk alamat mereka langsung, tapi saya akan mengatakan bahwa tombol bisu saya menyukai mereka sudah.",1
datang dari Silverstein ke ksatria putih untuk homo sementara mengambil potshots di pengguna Anda adalah homo menyedihkan mempertimbangkan pahlawan,1
user masalahnya adalah anjing nakal mendorong homoseksualitas ke tenggorokan kami mereka melakukan ini dengan sengaja saya tidak ingin tahu siapa Ellie fucks ditambah saya tidak peduli siapa dia fucks saya tidak perlu tahu bahwa,0
pengguna pengguna pengguna imran Khan dan seluruh p gistan yang radikal jihadi teroris Islamik supremasi negara yang penuh dengan teroris jiahdi radikal teroris p gs,0
"Halloween adalah tradisi mengerikan yang menempatkan ras kita ke dalam cahaya negatif, dan itu saja!",0
kegiatan favorit anak-anak putih. memanggil orang negro pada xbox sialan hewan peliharaan mereka. menembak sekolah mereka;,1
Kau sakit,1
seperti saya bukan homo musim gugur tapi saya ingin pergi apel memilih untuk flex pengetahuan saya apel dan untuk berhubungan kembali dengan pohon sehingga seseorang hmu,0
homo,1
langkah berikutnya adalah jaringan dengan sesama kulit putih.,0
ironisnya adalah kau lebih dekat dengan yang paling kanan. mereka bahkan setuju denganmu. lihat ke bawah benang. beberapa bajingan baru saja memposting sesuatu tentang iq dalam pertahananmu.,1
tidak ada waktu untuk kebenaran politik. itu adalah kebohongan. semua orang tahu ini. dibelakang layar liberal tertawa. mengambil suara.,0
bc dia suka pria hitam dan musik rap? ya lo rt pada umumnya dia ingin berwarna,0
Anda liberal radikal mendukung rencana presiden semak-semak untuk memungkinkan orang-orang muda untuk berinvestasi dan hanya keamanan sosial ke pasar swasta kita mungkin pelarut sekarang!,0
datang ke apotek bermain pilot batu terlalu keras kuil dan ditanya mengapa saya sedang bermain musik marah oleh rekan kerja saya jalang itu tidak marah musik tetapi Anda alasan,1
aw. pelukan saya juga bingung seperti itu. itu menyebalkan. saya juga kadang-kadang menulis sendiri sedikit script. Anda tidak sendirian.,0
"Antifa selalu memicu pertempuran dan kekerasan dengan hak, karena itu mereka adalah Anda! blm sebagian besar damai? kau bercanda? melakukan penelitian Anda!",0
pengguna bagaimana dengan imigran ilegal harus kita memberikan aborsi gratis untuk imigrasi ilegal atau apakah Anda tidak menerima moralitas pertanyaan saya,0
"Rasisme adalah setua waktu itu sendiri, dan tidak ada yang pernah mengagumi sebuah roid untuk apa pun selain pekerjaan bodoh murah.",1
"Aku tahu persis apa yang kau katakan, aku benci melihat kera-kera tak berguna itu mendapat manfaat dari hal-hal besar yang dilakukan orang kulit putih.",1
"hmm yap, dia menulis bahwa... ..say untuk mengatakan semua perang kita sekarang adalah ith Israel daftar musuh...",0
Bahkan kavanaugh mengatakan roe v wade adalah hukum menetap. dia memuntahkan narasi yang tidak ada. truf juga mengatakan hal yang sama.,1
Sebagian besar daca dari negara-negara dunia kerd adalah komunissactivistifaofaamp; tidak kompatibel dengan wuscultureamp;felons oleh criminal c lac;partipasi dalam kultus termasuk membunuh potusamp;destroevenusconsndemy,1
terima kasih bahwa apa yang saya pikir juga kita adalah spanaird putih maka hispanics sebenarnya putih dan Asia kuning dan Afrika hitam hanya ada nomor ras,1
pengguna kedua dialog terdengar seperti sesuatu yang orang kulit hitam akan mengatakan bukan kulit putih,0
setuju Jay tidak heran FBI kembali dibakar itu bahasa Inggris tampaknya bahasa kedua SMA di bawah rata-rata digunakan. juga membawa perhatian untuk menjadi warga negara? bertentangan informasi di seluruh sekolah menengah amp; serangan itu tidak bisa keduanya. fordiversitas orosantifabull.,0
Bayangkan menjadi Durham dan keluar dengan itu .... apa bahkan shite ini hanya tidak relevan pish .... tingkat bodoh apa yang Anda harus mendengarkan ini menyakitkan limbah waktu udara....,0
"Ini adalah pengalamanku bahwa anggota keluarga liberal yang menghisap sukacita keluar dari ruangan, jadi menjauhi mungkin akan menjadi bumerang bagi mereka.",1
klub pengguna diego tho penari telanjang tiang cangkul penari telanjang,0
Semoga baik pangeran harry atau negro kotor jalang akan jatuh mati sebelum pernikahan baik-baik saja meskipun dia sekarat akan membuat potret yang bagus hukuman pangeran dari Inggris yang akan menikah negro tidak layak untuk menjadi pangeran Inggris,1
"Berhentilah menjadi peramal. Kau hanya tahu apa yang kau pikir kau tahu, tapi sebenarnya tidak tahu apa-apa.",0
y semua ghetto untuk masih menonton nfl,0
"sampah merah tidak akan pernah bangun, bodoh kidal berjuang untuk kelas mereka ketika mereka membuat ejekan budaya mereka dan warisan sampah komunis ..",1
Sudah muak dengan orang-orang ini.. ..mempekerjakan bantuan untuk menyingkirkan orang-orang ini.,0
gila bagaimana lucu jim dulu. sekarang lucu bagaimana gila dia telah menjadi.,1
seseorang harus mengingatkan punggung basah bahwa apa yang dia katakan bekerja di kedua arah berarti Meksiko tidak memiliki perbatasan baik,1
mengapa kloningku bisa bersenang-senang bahwa homo bisa pergi ke kelas seperti jalang dia,1
terletak di atas kebohongan yang merupakan cara antifa dan demokrat,0
Apa kau masih punya nyali albert jalang homo aku terkejut komunitas ini tidak menyeret bangkaimu ke jalanan,1
sehingga mereka bisa mendapatkan reparasi untuk orang tua mereka yang besar menderita ditambah lebih.,1
Tapi sejarah adalah sejarah tentang bagaimana Yahudi memperoleh tanah sehingga biarkan kaum Arab kembali ke lapangan pasir mereka yang besar dan kau khawatir tentang jutaan pengungsi dan kelaparan,1
mera bachcha pengguna aplikasi pengguna tiga anak Pakistan yang diperkosa dan dibunuh protes di nomor sejumlah celcius sep insiden terjadi di distrik Kasur terletak beberapa km selatan lahore di provinsi punjab Pakistan,0
Ashley muda telah mencoba untuk menyangkal bahwa burung s mendarat di gt mulutnya; haha,0
"Inilah pesan-pesan yang diberikan Allah kepadamu, sebab Allah sudah memberikan kepada orang-orang yang akan datang",0
facebook diam-diam menghapus halaman membual tentang mempengaruhi pemilu,0
Semoga Islamis dan para ahli saafis akan mendapatkannya!,0
Aku akan bertanya tapi aku ragu dia akan pergi untuk pantat sampah ghetto Anda ketika dia bisa mendapatkan penis hitam yang melekat pada seseorang dengan uang bukan kebiasaan retak,1
matilah Jeremy corbin dengan cara apapun yang diperlukan!,1
"tidak ada yang Yunani, bangsa itu hilang, jika pernah ada sama sekali .. Anda subsahara.",0
ya kau. kau terlalu buta untuk menyadarinya,1
"tidak ada yang peduli tentang pagan. Masalahnya adalah aliansi antara rastraire Kristen, dan musuh-musuh kita, Yahudi.",1
Ingin makan vaginanya dari belakang tapi dia tidur... smh,1
Saya senang! terima kasih untuk mengikuti kembali ccot maga walkaway memilih keluar thrumsarmy,0
Aku berusaha keras untuk bersikap baik tapi beberapa dari kalian benar-benar membuktikan betapa kau pantas mendapatkan filas putih chunky ya,0
Biar aku katakan dengan jelas karena kau tidak mengerti,1
"Oama memungkinkan jutaan alien ilegal, kartel narkoba, dan teroris memasuki perbatasan terbuka kita... menghambat perpustakaan;",1
bahkan chris pernah mengatakan bahwa orang biasanya bijaksana dan berhenti setelah peringatan pertama atau peringatan kedua mereka. Serena terus pergi. itu menyebalkan berakhir cara itu tapi jika Anda terus berdebat dan membuat komentar setelah peringatan kedua maka apa yang dia harapkan?,1
i legit sebagian besar hanya mengintai situs ini untuk membaca hal-hal twitter akan dilarang atau sensor.,0
juga shitbiscuit mencuri sebagian besar gadis tempe Anda tidak bisa menyalahkan itu pada saya ..,1
masih benar-benar bingung re humplayproblems i think lucricus adalah belati homo,1
"itu tidak seburuk, meskipun menarik kesimpulan tentang Amerika putih berdasarkan jajak pendapat orang adalah lereng licin.",0
pengguna itu hanya orang-orang di anitwit terbelakang,1
jika raghead berada di mobil di mana suara mereka teredam bertanya-tanya apakah mereka masih berteriak bahwa atau apakah mereka roll jendela ke bawah,1
Polisi benci Pakistan mereka selalu memiliki kebencian yang diperpanjang untuk anak-anak kulit putih terlihat dengan mereka sangat sederhana,0
"Lester, monyet laba-laba parasit, memiliki kualitas penebusan ia menjalankan perahu, amp; perahu menarik perempuan. hanya dalam c;",0
saya sedang mendiskusikan sebuah artikel yang tidak menyebutkan hal itu. tetapi ringkasannya adalah bahwa informasi publik tentang hack yang tidak dapat dipercaya untuk beberapa alasan.,0
omg shyt,1
Anda bukan ayah! apa yang setiap mexicannigger suka mendengar.,1
"pot memanggil ceret hitam. paling disisive amp; partai politik kotor sekarang adalah salah satu yang Anda berjalan untuk Anda menggunakan kata-kata yang lebih sempurna serikat namun partai Anda menunjukkan amp; kebencian terhadap konservatif, republikan, amp; semua yang memiliki pendapat yang berbeda",0
Semoga segera. Biaya hidupnya biaya pembayar pajak jutaan dolar setahun.,0
tidak ada kotoran sialan abdully salami pengkhianat kepala handuk,1
RV sudah jadi negro seutuhnya.,1
Jadi... sekarang kita mencintai negro dan membenci Yahudi?,1
Apa yang kau lakukan dengan Alex?,1
Alasan sebenarnya langsung dari mulut kuda kali ini aktivis lgbt mahassen pernikahan gay adalah tentang kehancuran pernikahan,1
Karena kau memberiku vagina yang keledai mendapatkan gemuk,1
Dia itu terbelakang dan bukan orang Amerika.,1
Apa yang kalian katakan padaku adalah kalian adalah tentang nomor gabs lalu kalian keluar dan lari,1
Pers rilis kami ingin memuji jussie smolett pada menciptakan nomor pekerjaan untuk jumlah imigran indah,0
"hei homo, aku bilang ini bibimu. dia bilang itu kau.",1
aku menangis seperti guntur aku benci kamu september,0
"benar, jadi link akan sampah Anda; Gotcha",0
user user u berbicara tentang supremasi putih neonazi simpatisan disebut djt,0
berasal dari seorang pria yang kualifikasi tunggal menjadi cm adalah menjadi sperma beruntung,0
hei libs sejak u.s. adalah negara yang menindas seperti itu seharusnya tidak Anda menyarankan imigran tidak datang ke sini,0
african artiste pengakuan master kg kerangka bergerak selatan africa afro b drogba joanna gading pantai sauti sol melanin Kenya raja berjanjicctv gaghana dj maphoriza iwalk kamu phara selatan kepala africa,0
iq noggers selalu sombong af.,0
Dasar kau orang bodoh jelek yang selalu muncul di timeline-ku.,1
becuz tidak ada orang yang harus merayakan ulang tahunnya di sebuah drreams homo,1
realtalk jika Anda cangkul mencoba serius dengan seseorang jangan berharap menjadi sesuatu yang lebih maka sepotong daging kepada mereka,1
pengguna dia harus diperkosa dan disalahgunakan pengguna gadis kulit putih muda akan menutup mata,1
pengguna dua wanita nomor angel,0
Maksudku muslim adalah pasir negro terlepas atau hanya negro,1
bit.lypisvo ya ya; salah,0
Musuh masyarakat yang kuat.,1
pengguna mereka mengatakan kita semua imigran Siberia dan bahwa mereka adalah penduduk asli yang asli berantakan lol,0
Kau tidak bisa bunuh diri. Kau seksi sekali haha.,0
Sweden indah diracuni oleh rabmuslim sampah.,1
dia Harry Potter,0
Imao kenapa ayahmu membesarkanmu untuk menjadi negro yang menyebalkan,1
lmao pengguna saya benci Anda,0
Negroids bisa nt mengumpulkan penjualan kue dengan benar apalagi tenaga kerja.,1
"levi strauss tidak pernah takut untuk mengambil pendirian tidak populer untuk mendukung kebaikan yang lebih besar. bagaimana ketika mereka menutup semua manufaktur di Amerika? itu bahkan bukan berita ketika itu terjadi. mungkin mereka benar, itu tidak populer.",0
negro berharap polisi memukulinya dan menangkapnya sehingga ia bisa meratap dan menangis di kamera dan mendapatkan pembayaran lotre ghetto besar,1
jack dorsey telah booted me off of twitter,0
mengubah sekutu pally menjadi komunitas gay imo,0
Jalang,1
terlalu buruk Anda seperti menghambat dan Anda dibungkam saya cuz saya menangkap Anda mengatakan omong kosong,1
sekelompok homo Anda tidak dapat menggunakan kesempatan ini untuk mengalahkan mereka hitam dan biru tim mati,0
"Jadi, gila... kita hidup di dunia dimana Whitey bisa masuk penjara untuk kata orang lain memakai tepat di topi mereka amp; tshirts. jika saya memakai kemeja itu...",0
ilegal alien bukan ras. kejahatan. wetbacks,1
"Orang berikutnya yang membuatku kesal karena teman keluarga siapapun yang pergi, rasakan aku.",1
"yeah, tapi aku harus menyebutkan bahwa beberapa tempat di sana, seperti berang-berang jatuh dan aliquippa , yang penuh kotor dan saya berarti kotor n s.",1
Apa kau lihat ikan hitam dan merah yang bagus dengan senyum yang indah di sana?,0
nomor i be homo,0
Kau bilang Lesbi menawarkan uang padamu seminggu,0
ketika pelacur mengatakan ini adalah nyata Anda nyata ya bahkan nyata atau tidak hanya hits berbeda,1
Yahudi ingin membanjiri negara-negara dengan imigran untuk menghancurkan perekonomian jadi kita akan meminjam lebih banyak dari bank jew dan mereka akhirnya akan menjadi master kami,1
membuat daftar kekerasan yang tidak stabil,0
bagaimana membayar pajak opsional? penggelapan pajak adalah kejahatan. kita memiliki hukum hak asasi manusia dan a; pendapat Anda tentang masalah ini tidak masuk akal. gilliam bukan anti. kontrol senjata yang masuk akal yang akan mencegah orang sakit mental seperti Anda dari memiliki pistol adalah semua yang kita inginkan.,1
plutonium begitu keledai itu hanya sekelompok menghambat membunuh nomor terakhir detik ke dalam permainan,0
butuh kartu sim asap dis mendapatkan ghetto,0
"Aku pikir kau bilang Nyt gagal dan berita palsu. Jadi ini tidak mungkin benar, semuanya sudah dibuat!",1
eh saya suka wanita Asia jujur saya telah lebih beruntung dengan Asia daripada putih selain itu tidak benar asia iqs umumnya lebih tinggi dari putih,1
melihat tim bisbol lain hanya membuat saya ingin buku perjalanan saya sekarang.,0
Apa saluran Youtube Anda kemudian homo,1
Aku telah mencari wanita aryan yang bangga untuk membantuku dalam distribusi literatur dan hubungan jangka panjang.,0
gt diperkosa oleh pengguna cahaya,1
melayani mereka dengan baik karena terlibat dalam penyimpangan tersebut untuk uang.,1
Pemohon pernikahan gay di Australia bersiap untuk melakukan sebuah bukit.,0
Kau homo jika kau membawa jaket untuk bekerja dan tetap di mejamu BC kantor dingin.,1
oh tidak! maaf hun. yang menyebalkan. harap Anda sembuh cepat. .; masalah penari,0
itu sangat mengatakan bahwa menyebutkan penuh putih dan kebanyakan orang berusia menengah mengatakan kepadanya bagaimana benar dia dan berapa banyak mereka dapat menghubungkan kurangnya kesadaran diri akan selalu mengejutkan saya,0
Saksi pikiran rendah seorang negro mudah-mudahan Anda adalah seorang negro pula,1
"Aku tidak menghisap tho, kau hanya marah karena kau sampah dan aku membawamu. kau selalu memiliki poin",0
Aku belum pernah melihatnya sebelumnya. Ini lezat.,0
lmfao i found my diary me complaining about you being a bitch; tbt im dead,1
"Itu juga terjadi pada hewan, aku membeli ayam untuk memasak dalam perjalanan pulang dari kuburan dan membawanya ke kulkas untuk besok.",0
pengguna dia beralih seperti homoseks,1
itu membingungkan saya bagaimana orang berbicara yang paling sampah tentang seseorang ... kemudian berbalik dan menjadi dekat. smh orang mungkin melakukannya;,1
kavanaugh mencuri g.i. joe saya ketika saya berusia enam tahun,0
itu sangat gay dan aku berjemur jalang remaja membuatku putih,1
sampah trailer yang baik nite,1
Aku twat,0
Aku akan memposting klip Charlie-ku melawan review rap yang buruk.,0
begitu juga alt lite jew dan negro mencintai homo,1
mereka adalah duck terbelakang yang jelas dilarang lol,1
ini antifa!!!!! menendang orang ke pitgt;,0
pijat terbaik Asia di taman lereng atas rated spa;,0
"foto Conor reynolds pemakaman massal.com Springfield Eric b. denson didakwa dengan pembunuhan dalam penusukan fatal dari reynolds, , SMA katedral senior dan bintang sepak bola, selama pesta ulang tahun berbaris di bar fusi biru di st. jam",0
dengan Yahudi Anda kehilangan. kecuali Anda adalah seorang penjahat honuran atau pemerkosa membutuhkan tumpangan sementara membuat jalan menuju perbatasan kami.,1
Jawaban difi dan antifa demokrat tidak memiliki rasa kesopanan yang tersisa,0
wamin putih mengalahkan negro wamin fakta,1
Jika kau ragu tentang Swedia diperkosa dan dihapuskan dari muka bumi di sini adalah pengingat yang ramah dapat fam gabfam berita politik berbicara bebas di dalam air mata,1
Mereka mendapat david mengambil sampah;;;,0
akan mengikuti. kecuali untuk dukunganmu. komentar jika kau menikmatinya!,0
"Peluru itu terbukti besar untuk peluru BC yang ada di pembunuh, yang menghilang sebagai",0
hadiah sempurna untuk jihad pada daftar belanja Anda,0
Aku suka cara ini membuat orang liberal kesal.,1
Dia sangat lucu.,0
Bagaimana kau tahu passwordku?,1
masalah yang lebih besar adalah liberal gun control kacang yang ingin perbatasan terbuka untuk mencoba dan membersihkan masyarakat dari budaya yang mapan. kemudian menciptakan kelas penguasa atau struktur komunis yang telah terbukti gagal.,1
berhati-hatilah terhadap bendera palsu rightist seperti narasi dari tanda ok menjadi peluit anjing nasionalis putih. tidak ada alasan untuk menolak bashthesh antifa smashfa smashfa smashfascism url,1
berkat semua liberal yang berdarah hati yang lebih suka membayar imigran ilegal maka orang-orang yang berjuang melawan kanker.,0
ratchet mencari negro,1
Tim menyebalkan,0
pengguna tidak ada larangan lumut,0
Jika dia tidak membawa da bag tinggalkan dat cangkul,0
dengan total gym tertinggi Anda perlu menargetkan semua kelompok otot substansial sambil menggunakan satu,0
polisi hitam ingin membunuh warga kulit putih polisi Amerika Latin ingin membunuh penduduk aglo polisi semua pemerkosa.,1
"Selamat, kau benar-benar terbelakang.",1
user user courtney i d senang melihat gambar Anda dan obama bersama-sama tahun berapa itu yang Anda maksud dia dan apakah Anda bertanya kepadanya tentang pemboman negara-negara muslim dan menghancurkan nomor,0
pengguna bahkan tidak mencoba untuk ideologi yang salah omong kosong antifa tidak menekan kebebasan berbicara dari aktivis yang tidak bersalah mereka adalah demonstran melawan supremasi putih dan neo nazis,0
Aku harus berwarna dan semuanya,0
alt benar adalah salah satu gay ghetto benar-benar mengalami kesulitan gentrifying,1
ambil kucing honky,1
angka ini menunjukkan bahwa tidak ada yang sekarang bisa berbicara tentang kebutuhan untuk membatasi imigrasi nonwhite seperti pemerintah saat ini; repatriasi skala besar nonwhites benar-benar penting .,1
Civic Nationalist Crustler ricky it not the jews ughn post aneh gab posting tentang orang gemuk gila posting omong kosong,1
debat pit bull seperti gun control. pit bull membunuh seseorang dan di sini datang gambar lubang cinta saya. pistol membunuh seseorang dan saya memiliki senjata dan mereka tidak pernah membunuh siapa pun.,0
penggunanya bahkan tidak sangat pintar dan tampak terbelakang tapi menyediakan nomor lulz,1
dan menghasut kekerasan terhadap pendukung truf pada daftar untuk menjadi target oleh antifa.,1
Panggil aku anjing menyebabkan bendungan ... Aku punya tulang untuk Anda nigga,1
hahaha bahwa beaner berguling keluar mil yang di bawah nomor menit dia begitu panik hal yang baik mereka telah aed di taco bel di jalan,1
tidak pernah terjadi pria Eropa telah dikebiri oleh wanita mendominasi mereka seperti Swedia mungkin dan Merkel dan mereka tidak memiliki senjata,0
siapa pun yang berteriak negro adalah seorang fkn banci dengan kosakata kecil atau kecerdasan untuk memiliki percakapan dewasa dan atau menghina seseorang dengan kecerdasan apapun,0
pengguna asumsinya bahwa perempuan menjadi lesbi karena mereka lelah dude ole adalah seperti wtf mungkin dia hanya berantakan dan juga aneh mengapa tidak semua hal-hal ini benar dan mengapa ini berjudul kejahatan nya seperti apa,0
Jadi dia tidak bisa terkena radiasi tapi dibunuh. Saya berharap dia menyebutkan penyihir wanita gaga. Karena dia adalah satu-satunya dikenal penyihir abadi dan tertinggi,1
Aku berdoa dia terjebak dalam setiap kegiatan ilegal yang dia terlibat dalam! dia memiliki masalah kemarahan yang sangat meledak! dia seperti anak yang melemparkan mengamuk berbahaya ketika seseorang tidak setuju dengan dia. saya bertanya-tanya bagaimana dia memperlakukan perempuan?,0
"sepertinya keduanya tidak perlu dan tidak bisa dihindari, tapi aku tidak mengharapkannya. aku punya anak dan tidak ada senjata",0
Teror pagi membaca lautan sampah hilang dan tidak ada yang tahu di mana ia pergi;,0
i merasa ini rasis terhadap kulit putih!,0
jadi sekarang hanya orang Asia saja,0
pengadilan nomor satu Baile tua tahun depan menurut Anda atau setiap negro perjurr akan lolos dengan itu orang kulit putih berbaris pada,1
terlalu banyak makhluk jahat yang korup memegang posisi govt ador memiliki terlalu banyak pengaruh taw yang korup; makhluk jahat dalam posisi gvt. amp; mayoritas semua titik ke kiri wa konservatif palsu dalam campuran. mengapa lagi adalah Hillaryobama amp; mereka,1
yang melakukan pelacur dalam film horor selalu memiliki rumah besar seperti cmon kita tahu Anda tidak dapat menutupi pajak properti,1
atma yang terkandung dalam diriku digunakan untuk menempati tubuh oskar schindler Ada sembilan ribu schindler Yahudi yang hanya akan berkembang biak saya tidak akan pergi dekat jews atau israel sampai bercita-cita atau mewujudkan tingkat cinta yang meluas di kamp gema,0
"Jika kau butuh kata ganti yang tidak masuk akal, kau bisa yakin kalau aku tidak punya alasan untuk bicara denganmu atau tentangmu. Di duniaku, kau tidak ada.",1
"di tempat kerja tapi berharap aku mengambang di ft saya, dijual diwalmart, redneck kolam renang bahwa suami saya mungkin belum dibersihkan sejak minggu lalu.",0
Dia ahli dalam kata-kata dan makna yang memutar.,0
ketika populasi tidak terpisah pencampuran ras terjadi dan itu adalah genosida.,1
who wanna be lesbi in love,0
Dia secara harfiah segalanya,0
negro berharga yang dijual keluar untuk globalis karena tidak ada yang menganggapnya serius sebagai negarawan sekarang ia hanya merengek dikalahkan telah,1
pelacur akan melakukan terlalu banyak menjadi cangkul keren,1
Dia secara kanon memainkan troll setara dengan pokemon... melempar jenis peri baru padanya,0
Dimana aku mendapatkan berita tentang kemungkinan menceritakan sampah ini tidak menghubungkan tentang itu menjadi kike kotor dia,1
i get kesan dia rasis. itu tidak membantu penyebab bahwa rasis Inggris yang paling terkenal hooligan sepak bola dan polisi. saya kira rata-rata cowok merasa ada sedikit perbedaan di dalamnya.,0
barry bak mandi menghisap penis dia muzzie homo,1
"kiri tidak memiliki integritas. mereka meratap tentang ibu dan anak-anak yang terpisah di perbatasan, tapi semua mendukung merencanakan orangtua aborsi, yang hanya membunuh anak-anak masa depan.",1
i mendukung membatalkan bayi kulit kotoran dan bukan bayi putih,1
Tidak ada kata rasis yang pasti telah kehilangan beberapa kekuatan dalam beberapa tahun terakhir yang merupakan hal yang baik bahwa mengapa mereka telah pindah untuk memanggil orang nazis supremasi putih dan nasionalis putih mereka toolkit dasar telah kehilangan banyak pukulan,0
"Anda lagi?! seratus ribu ayam sampai ibu fucking mothers mothers fucking kunt, keparat!",1
inilah sebabnya semua orang Yahudi lapar untuk menyita senjata karena selama beberapa generasi ras mereka terkutuk telah menempatkan semua orang di kamp konsentrasi dan ketika seseorang mengatakan Yahudi ini datang untuk mengatakan tidak semua Yahudi berpartisipasi tapi dia melakukan itu karena ia ingin berpartisipasi,1
Sebagian besar berita saya adalah orang-orang berdebat tentang apa artinya menjadi redneck vermontproblems;,1
Kau tahu dia seorang lesbian ketika dia meminta untuk pria klub golf,1
lol mengapa konservatif ingin menyembunyikan itu? bertentangan dengan semua ford telah mengklaim.,0
ya jika Anda mendapatkannya untuk saya,0
terlalu banyak homo di sini yang berpikir mereka dapat alamat saya dengan nama pertama saya,1
buruh concillor di telford lebih peduli tentang seseorang kata-kata di twitter daripada moslem paki geng memperkosa anak-anak kulit putih,1
user cool now do jews,0
Ingat Google yang dijalankan oleh Yahudi,0
menangislah aku sungai!,0
ini adalah hasil dari imigrasi massal dari sjw sand negro sensitif dengan banyak uang isis untuk menggunakan liblaws terhadap orang kulit putih rasis ini adalah switch populasi ini adalah satu-satunya anak sejarah akan diizinkan untuk belajar indoktrinasi SMA apa Google dan twitter memberitahu mereka,1
kamu;kembalilah si kecil x,1
pengguna saya tidak kehilangan kotoran saya atas nomor penjaga yang ditangkap Anda gelandangan racoon fuck menghambat Anda yakin menunjukkan,1
naaa. saya telah menghabiskan jam tertawa kacang besar saya off pada kebodohan Anda. Anda fink Anda beberapa jenis entitas tetapi Anda semua sekelompok antifa pussies takut wiv ada otot untuk melihat siapa pun Anda mencoba untuk menggertak. bahkan yang menyedihkan.,1
Fu emmys host untuk menyindir suara saya salah atau tidak logis. Saya memilih untuk truf karena saya lelah dengan omong kosong politik khas thesswamp. hanya karena Anda tidak setuju dengan suara saya tidak berarti bahwa itu tidak masuk hitungan. colinjost Michaelche maga politik,0
Negro itu mengadu dan menambahkan rempah-rempah di atas informannya,1
wanita kulit putih pengguna putih cacat gay putih imigran putih harus mendapatkan tindakan afirmatif maka menurut tweet ini,0
pengguna baik gagal dalam bahasa Inggris atau homo di jalan-jalan saya saya tidak bisa menjawab seperti pesan bodoh tbh,1
zdrowie!,0
Aku menolak untuk mengakui bahwa si knik nak. bagus dan pedas mengaburkannya melalui kecerdasan belaka.,0
kutipan yang sangat bagus siapa pun yang menulis kutipan yang jenius,0
burung gratis!!,0
tahu jalang sebelum Anda menyebut diri Anda mencintai itu niggas telah sialan itu,1
Apakah mereka memiliki banyak trannies di sana saya tidak menyadari bahwa oh baik itu bagus untuk melihat fags btfo i selalu bisa setuju dengan apa yang shitskin negara memiliki seluruh kelas kasim gay yang hidup di jalan-jalan itu India i think it india,1
roti secara umum tidak terlalu baik untuk ya ... tapi roti honky terburuk ...;,0
pengguna ashkenazi jewish orang benar-benar yt,0
Jujur kalian semua benar-benar berkhayal! Itu hal yang bagus bagi kebanyakan penggemar di Ottawa yang berpendidikan! Karena ppl seperti kalian menakutkan!,1
Orang Yahudi itu pembohong dan pencuri.,1
joebiden memanggil pendukung truf dregs masyarakat. tawaran mengorganisir kudeta di ukraine. anaknya mencuri b dari orang ukrainia saat mereka meninggalkan negara mereka untuk mencari pekerjaan. maga potus Zog,1
"Tidak, setan menguasai dunia, tapi Yujame melayaninya.",1
Orang-orang muak dengan buku-buku dari penjahat.,0
kue es krim oreo,0
mengunyah ww crackers amp; mempelajari sinst trans. sejak nyc amp; saya belum memiliki apa-apa di atas yus clubinsomnia vavay,0
"pengkhianat yang sangat werid chelsea manning mengatakan bahwa dia kecelakaan peristiwa di nyc ... dia adalah pembohong, ia menggantung sekitar canggung dan tidak ada yang membayar dia pikiran apapun.",1
bulan Halloween tidak hanya tetapi juga kekerasan rumah tangga kesadaran bulan jika Anda atau seseorang yang Anda tahu sedang mengalami dv memeriksa pengguna,0
mungkin bertanya pada Nona Rao secara langsung akan menjadi permulaan?,0
Jika kau mengkhianati keluargamu agar kau tidak mendapat masalah kau sedikit berdarah dari air,1
Dokter negro mengalami kegagalan karena kelalaian ketika seorang anak berusia putih dengan sindroma yang jatuh meninggal respon wali adalah untuk membantu mempromosikan kampanye pendanaan kerumunan untuknya,1
keren saya melihat orang kulit putih memiliki bayi dengan Asia dan hitam saat ini,0
Dia cantik.,0
Senat sleazebag chuck schumer d ny telah menyatakan pembatasan pemilihan hanya Amerika sebagai latihan dalam rasisme segala sesuatu yang melindungi Amerika dari penaklukan seperti hukum imigrasi memeriksa pengungsi dan id pemilih adalah rasis untuk korup chuck,0
Jerman terjebak dengan kecoak yang mereka undang masuk ha!,1
Terima kasih.,0
Shhhh; membungkus diri di sekitar saya biarkan aku mencium memar di hati Anda menjilat luka unhealed Anda dan rasa liar mentah ho;,0
"ya, aku dengar. Oama adalah kaisar tanpa pakaian. aku dulu mencoba untuk mendiskusikan dengan sopan perbedaan politik kita, tapi menjengkelkan. aku hanya lelah mata hiu kosong bergulir ke kepala mereka ketika dihadapkan dengan fakta dan logika.",1
Mongolengland.,0
tidak yakin tentang antifa tapi gagasannya tentang masyarakat terbuka diberitahu oleh mentornya karl popper ini memotivasi dia untuk menjadi antiborder dan antinasionalisme yang baik ia diperbolehkan mencoba membentuk dunia jalan selama inti filsafat tidak salah yang mana itu adalah,0
squawk q besar ketika akan dfl dump ryan paman tom mengedipkan mata? tidak akan terjadi berg bleat on. mngop bangga stribpol mnleg,0
chomp chomp adalah bola hitam besar yang menyalak,0
Aku berharap negro menyukai lemari dapur adalah nomor yang diabaikan baris rantai,0
Istriku Irlandia dia dari dublin dia bilang ada toko-toko tanpa orang kulit putih diperbolehkan tanda-tanda di pusat kota kebanyakan toko rambut negro tapi masih ada kulit putih diperbolehkan sebenarnya hal yang hukum di ireland,1
pantat putih la tidak menjual colada wanita smoothie bahkan tidak tahu wtf saya sedang berbicara tentang,0
Jika turnamen kotoran tidak di sini...,1
Kau adalah setan berdarah yang tidak perlu kau panggil,1
"kita tidak sekarang, tapi kita punya sebelum dan skenario kiamat Anda tidak bermain. apa ini mengungkapkan alasan? apakah itu secara eksplisit dinyatakan atau hanya sesuatu yang hanya orang tertentu yang tahu tentang?",0
i like the visual studio code icon as orange... fight me.,0
tapi dia benar.. kematian yang disebabkan oleh badai itu sangat berlebihan. i google itu.,0
pengguna mereka membunuh muslim dan membatasi jurnalisme apakah Anda manusia,0
Mengapa tidak mengusir semua orang Afrika?,1
pengguna menyesali pantatku yang putih lilly,0
Setiap saat adalah momen terbaikku karena dia adalah orang yang cocok denganku.,0
Ayo homo Anda dapat melakukan lebih baik dari itu mengapa tidak Anda datang pada saya dengan sumber sarjana awal bahwa Anda compang-camping pantat homo tidak akan tahu sumber atau ulama terkemuka untuk hal itu jika fucked Anda di pantat mendapatkan Anda di belakang saya homo,1
terima kasih banyak ini adalah benang yang sangat baik. pasti akan mengambil melihat melalui penawaran kelas mendatang dan mudah-mudahan dapat mengambil dalam presentasi siwc yang Anda lakukan.,0
Holtown adalah acara sampah penulis terbelakang cerita membosankan itu adalah limbah total dari cor fantastis,1
perang bintang begitu gay,0
Lol yang Jerman semua gay mereka terlalu sibuk berhubungan seks dengan satu sama lain sementara wanita mereka diperkosa tertawa,1
"news jeff sesi jika Anda ingin lebih banyak kematian, mendengarkan aclu, antifa, kehidupan hitam peduli url cnbc",1
kami memiliki proyek yang bisa memimpin ke dalam program militer tapi membutuhkan op penuh mock untuk pengujian,0
"seseorang harus menjelaskan untuk blake griffin bahwa berbicara sampah ke benang rd berlawanan tidak pantas, bahkan di antara klippers.",0
jangan menatapku jalang baik-baik kau pelacur pendusta berdosa abad ini,1
feminisme adalah keserakahan untuk kehormatan oleh beberapa wanita terhadap status pria paling bergengsi yang berpura-pura besar adalah bahwa wanita feminis ingin kesetaraan dengan laki-laki tapi feminis tetap diam tentang keadaan rendah status dieksploitasi laki-laki,0
"Semua orang mengatakan hal yang sama persis tapi aku tidak mau mendengarkan, coon",1
"Pengkhianat gender, lol jika kita menyingkirkan harry potter dan kisah pelayan apa yang akan idiot sialan ini miliki. tidak salah satu dari mereka bisa slog melalui tumpukan kotoran yang das Kapital",1
lt; telanjang adalah sampah,0
apa yang telah membangunkan begitu banyak perempuan di negeri ini adalah bodoh atas kebodohan top liberal hari ini!,1
Yahudi orang kulit putih perlu diencerkan sehingga ayam mengisap Yahudi sialan dapat menjalankan dunia mereka tahu bahwa kaukasia tidak dapat dijinakkan,1
"ketika kita memberikan suara kepada wanita kita segera mendapat keadaan kesejahteraan yang telah menarik imigrasi non putih untuk lintah dari kami, kemudian menurunkan angka kelahiran kami.",0
Orang kulit putih sialan jalang wut?,1
pertama-tama memiliki orang buta yang sangat tua melakukan poligraf pada Anda atau seseorang yang dapat lulus untuk Anda. kemudian menemukan kantor gop dan melemparkan bola api melalui jendela. memakai topeng antifa dan memecahkan beberapa properti universitas. mungkin memakai baju renang dan mengatakan Anda meraba-raba buruk!,1
Semua orang mengkritik lebron seolah-olah mereka bisa melakukan w nigga ini telah dilakukan untuk nomor terakhir yrs lol,0
user user good luck dengan bahwa mengingat itu bukan tempat Anda untuk memberitahu kita apa yang harus dilakukan dengan negara kita atau uang kita mengapa repot-repot dengan pendidikan karena sekali Anda unta joki memilikinya dengan cara Anda mereka tidak akan membutuhkannya manusia hak kami akan membangunkan mereka sebelum Anda,1
"Kita harus mendorong orang untuk memboikot semua bisnis hitam, mulai rumor bahwa orang kulit hitam bekerja di toko memiliki alat bantu yang mungkin benar.",1
"Kebanyakan dari orang-orang ini adalah pengikut kebenaran, tapi mereka sendiri masih negro ... mereka sudut pandang, pikiran amp; semua.",1
user i like imigran,0
Salam Maria penuh rahmat Tuhan yang diberkati engkau di antara wanita diberkati adalah buah rahim-Mu Yesus Maria suci ibu Allah berdoa bagi kita berdosa sekarang dan pada saat kematian kita laki-laki twitter malaikat en,0
Keamanan nasional ada di State harus di penjara.,1
mereka hanya alasan mereka percaya padanya adalah karena dia menyabotase kavanaughs kemungkinan menjadi pengadilan tertinggi keadilan. para elit dan liberal radikal akan melakukan apa saja untuk menyabotase kepresidenan.,0
"selanjutnya ibu pirang putih yang cantik, nenek, anak-anak dan laki-laki hitam dewasa duduk di sekitar meja piknik.",0
"beta laki-laki adalah seperti Yahudi, selalu ingin memulai kotoran tetapi bermain korban ketika orang bertepuk tangan kembali, itulah sebabnya mereka melarang kita.",1
Kita bisa mengubah bagian yang tak berguna dari Kanada menjadi tanah pembuangan Yahudi dan mempersenjatai orang Indian agar mereka tetap dalam barisan.,1
pengguna saya bahkan tidak bisa memutuskan siapa yang harus melihat mereka semua terlihat menakjubkan,0
Semua orang dalam hidupmu adalah kebohongan. Aku janji.,0
hey negro kekasih kita tidak peduli apa yang Anda katakan di sini kembali ke teman negro Anda,1
"itu membunuh saya setiap hari ini berlangsung bahwa kelompok putih membenci putih, yang bahkan pergi keluar dari jalan mereka untuk mengadopsi anak-anak hitam untuk menunjukkan ketidakrasan mereka... tidak memiliki protes, tidak ada yang mengatakan tentang rasisme ekstrim ini. kkk belum dicungkil mata, dibantai tua, disiksa orang-orang seperti",1
Ini adalah wajah nyata Islam ini adalah apa yang Anda terbelakang liberal bodoh membawa ke barat ini akan terjadi pada masing-masing Anda idiot sialan Anda tidak hanya melakukannya untuk diri sendiri Anda telah melakukannya untuk sisa dari kita juga,1
beberapa jenis kerendahan hati kekuatan adalah salah satu saya kurang Anda agak harus meskipun ketika saya mendapatkan disebut dunia jelek menghancurkan kike pelacur komentar bahwa mereka memiliki titik yang valid mungkin tidak produktif,1
Jika kebohongan adalah uang dia akan menjadi negro terkaya di dunia,1
imigran ilegal manusia mengalahkan pendukung Maga mudah tertipu ms pembunuh takutmongering manusia di dalam rahim bukan antifa bisnis Anda sebagai rw pekerjaan kacang hukum hidup anggota nra bisa teroris Bill Clnton Anda menghancurkan kavanugh predator,1
Amerika begitu bodoh untuk kaki tagihan untuk memberi makan orang-orang ini dan membayar biaya hukum. MSS kiri tidak akan pernah puas. ini permainan mereka. membangun dinding sialan menegakkan hukum. menjaga mereka keluar.,1
melindungi trutie meningkatkan kekuatan presiden membunuh roe v. wade. . membatasi hak suara. . melemahkan kontrol senjata. . menangani kebebasan religius. kongres bukanlah badan Agustus. mereka kehilangan moniker itu ketika mereka pergi seluruh babi trume,1
Moral republik lebih kuat daripada demokrat liberal yang terbukti dengan mencoba menghentikan liberal dari membatalkan diri mereka keluar dari keberadaan hal yang benar untuk dilakukan meskipun membiarkan mereka membunuh mereka muda sehingga seleksi alam akan menguntungkan kita lebih maga kap,1
Kau cantik.,0
Berikut tanggapan kami untuk antifa jangan pernah Anda pernah meminta keluarga kami untuk sumbangan untuk antifa lagi!!!!! url,0
Kebijakan imigrasi truf seharusnya kau tidak bisa datang di itu bekerja untuk saya.,1
Berkat Samhain dan bahagia Halloween untuk semua saudara-saudara saya di depan badai.,0
dawg saya hanya melihat tanggul Cina saya bahkan tidak tahu mereka ada,0
homo.,1
Janemba lebih baik daripada pantat vaginamu,1
"ohkay ma texas jalang terus teksin saya , memanggil menangis stresin saya tentang di mana saya telah tapi saya telah dengan jalang lain diduga;",1
Diawasi oleh pengkhianat Oama killary hitlaris dengan pendanaan dari soros,1
"Jika kau keturunan dari bangsawan kurang dari Eropa dan bangsawan dan bangsawan, maka kau adalah sampah selokan biasa.",0
dia adalah kasus kacang,1
burung yang pengadilan betina dengan membangun sarang yang indah dengan objek terang; satwa liar,0
hukum pengguna harus ada tanpa melihat usia kasta warna laki-laki perempuan kulit putih kulit hitam hindu muslim bjp kongres aap aap a aim atau penyelidikan apapun oleh lembaga independen akan lebih baik dari agen hari ini,0
"innout menolak untuk mundur, menanggapi democrats boycotting mereka dengan pernyataan sengit. yikes. yang kursi dari partai demokratis california bertindak seperti dia sepuluh tahun.",0
Dia mungkin berhubungan seks dua kali untuk Boruto dan saudari lain yang tidak ada yang peduli,1
Paha besar hahaha tidak akan berhasil,1
tepat! Ford hanyalah pion sialan untuk bayidults dari Amerika alias demokrats. sheisaliar i bahwa konservatif akan mengontrol pengadilan tertinggi selama bertahun-tahun.,0
"(Sesungguhnya kalian telah berbuat baik) dengan mengerjakan ketaatan (kendatipun kalian tidak menyukainya, dan kalian telah menyangka) telah melakukan perbuatan yang sama (yang demikian itu) yaitu membunuh atau membunuh orang-orang musyrik (maka bersyukurlah kepada Allah dan rasul-Nya) atas harta benda yang telah dilimpah",0
Andrew Torba adalah negro homo,1
begitu cantik namun begitu naif. aktris besar meskipun. semua yang dia katakan bukan nilai Amerika dan melawan kebebasan rakyat Amerika. kontrol senjata tidak bekerja. hanya melihat chicago.,0
harus Martin shkreli diperkosa di penjara,1
Aku punya nomor ketiga adalah bisu bodoh yang membosankan ini,1
menghilangkan Yahudi dan menikah akan tinggal di mars dalam tahun.,1
Sial!! saya meninggalkan sedikit yang lalu untuk mendapatkan makanan tetapi jika Anda masih ada sakit drop turun dengan semua kertas keinginan hati Anda!,1
Aku senang melihat tampang teror pada wajah muzzies ketika mereka menghadapi anjing saya max dia adalah anjing tampan itu benar-benar irrontonal bukan bahwa saya pernah melakukannya dengan tujuan tentu saja ciuman,1
Badut ini butuh pendengar palsu.,1
dcrats korup bertanggung jawab dalam pr masalah besar,1
bagaimana Presiden Trump akan membiarkan Taliban ke Amerika tapi membangun dinding untuk menjaga imigran keluar badut,0
Anda tidak bisa seperti apa yang Anda inginkan tetapi konservatif tidak memiliki rencana untuk bahkan mempertimbangkan perubahan iklim dan telah menggunakan terang-terangan informasi untuk memimpin orang-orang seperti Anda percaya bahwa kesalahan berjalan nya adalah bernegosiasi dengan sosiopat sialan di selatan,1
"Ada beberapa negro ajaib, tapi kau tidak membuat aturan untuk pengecualian.",1
Bill deblasio d ny mengatakan cnn jake tapper bahwa tidak apa-apa untuk melindungi imigran tidak berdokumen yang mengemudi mabuk dari otoritas federal jika tidak mengarah ke hasil negatif lainnya,0
"Potong ini, homo sialan",1
Proyeksi liberal klasik. menuduh konservatif dari apa yang kita lakukan,0
Setidaknya belanja di mana putih berada di meja adalah aturanku.,1
"permen manis pada makan siang hari raspberry gelato, ginjuice sorbet amp; brownies gelato! gelatocart Kamis tidak bisa menunggu ...",0
"ini adalah jerami terakhir, berapa banyak lagi akan merusak Eropa dan peradaban barat ini para para para Zionis?",1
Nikmati mereka sebelum para liberal membawa mereka ke bawah untuk menjadi putih!,0
dan ini dia !!,0
Cukup baik jumlah jutaan warga dan sebagian besar dari kita memiliki senjata saya memiliki lisensi kolektor saya dan pergi menembak hampir setiap akhir pekan Anda tahu mengapa memiliki lisensi untuk mendapatkan pistol baik karena negro tidak bisa mendapatkan mereka bagaimana bahwa masalah negro akan,1
Dia akan mendapatkan apa yang dia layak,0
Aku suka ari fuck a cangkul,0
kuning di Paris! usaha fantastis dari allezwiggo dan vroomfroome..sekarang hanya tahap terakhir untuk ambil gocav tdf,0
Aku punya saran untuk semua orang kulit putih yang membenci orang kulit putih menawarkan diri sebagai donor transplantasi jantung mengakhiri hidup putih menyedihkanmu dan menyelamatkan muslim sekarat dengan cara itu kau bisa merasa baik tentang menyerahkan hidup Anda untuk alasan yang Anda cintai,1
pengguna pengguna pengguna pengguna saya kira semua fakta-fakta dan logika hanya white noise kepada Anda ya,0
"Kau tidak bisa menangani kucing disini, kucing, kucing, kucing",1
Aku akan melakukannya,1
Ini jalang bau stabil menelepon .. saya ingin tahu bagaimana dia mendapatkan nomor saya!,1
user embrace islam and escape the ocean of darkness youre living in,0
Kedengarannya seperti saya ddd,0
dia adalah gadis yang buruk! buruk gril buruk,0
gamers pergi mengikuti twitter dan twitch ia bermain dengan pada blackops pemadaman tolong bantu mereka berdua di twitter dan twitch. ingat semua dukungan dukungan dan dukungan semua url,0
akan mengisap dengan semua kontrol senjata,1
non lesbian di sini melemparkan sekitar kata tanggul lebih dari beberapa dari kita lesbian sebenarnya penghinaan,0
Jadi biar kulihat jika aku tahu nomor str wn ini adalah tipuan  eloaborat yang dilakukan oleh orang Yahudi di pertengahan akhir angka yang membawa wlp na crashing down adalah bahwa kau mengatakan,0
datang upah dengan kami homo,1
Aku mengadopsi mereka.,1
Aku suka orang Amerika yang tinggi.,0
"Wanita itu bukan orang Amerika, dasar Yahudi sialan.",1
bagaimana rasanya hidup sebagai minoritas putih ketika tidak ada petualangan untuk masyarakat putih itu satu hal untuk melakukan perjalanan ke luar negeri atau mengunjungi sebuah enclave non putih lain untuk memiliki tempat untuk pergi,0
sudah seminggu sejak aku menaruh racun apapun di tubuhku dan aku merasa lebih baik setiap hari tidak memiliki keinginan lagi sekarang aku menyadari betapa bodohnya itu untuk memulai di tempat pertama ps terima kasih untuk suport,0
Penyihir gila itu salah melempar orang ke dalam lubang lumpur.,1
retweet lengkap amp; diikuti semua patriot!,0
kau bahkan tidak curang dengan tidak ada pelacur jahat cardi b,0
"Aku punya begitu banyak pertanyaan tentang rekaman seks itu. Aku suka cinta cinta saya beberapa mimi dan jika dude haus melepaskannya, hes sampah;",0
mengisap bebek saya thot lol tampak seperti ur autorort berubah dick untuk bebek i berarti apa yang saya katakan jalang,1
paku lain di peti mati dari nfl,1
overdosing pada obat berat tidak terdengar buruk malam ini. saya melakukan omong kosong vagina setiap hari.,0
Biar aku cari tahu kalau negro jalang itu bicara omong kosong,1
resep ceri Schicklgrubers granny jewbilee,1
"mungkin Ezra Miller adalah celah pertama untuk mengubah itu, terlepas dari apakah ia mengidentifikasi sebagai aneh atas gay.",0
"Lumpur tidak menghormati apa pun, termasuk diri mereka sendiri apa untuk menghormati dan oleh karena itu orang lain.",1
bertanya-tanya apakah dia membaca Alkitab sementara dia memperkosa anak-anak kecil dan menggigit wajah mereka .. tikus ini perlu diracuni,1
Makanan yang enak... kecuali nasi yang mereka masak pada hari Senin untuk acara minggu?,0
"Kenapa dia terus muncul? Wanita yang menjijikkan, yang terlihat seperti mmm, mencari gaji untuk menyelesaikan kegagalannya. Bagaimanapun, menghilanglah kau membuatku bosan dan itu membuatku kesal.",1
ios autorect adalah sampah rt telepon saya akan memanfaatkan hal-hal terbodoh!,0
Aku tidak bisa setuju lebih. dan serikat menyerangnya yang berpolitisasi jauh lebih dari dia dengan mengubahnya menjadi rilis pers. saya menulis tentang tahun lalu. url,0
"Ya, persaudaraan menciptakan cercaan khayalan ini untuk mengendalikan kita di S?",1
user enough of ur komunal etorisal yes india will welcome every revoir except muslims bcz we have already given them a seperate Nation on base of religion why do they want to live india after being alokasi,0
Tiga wanita menolak wanita uconn vs texas pertandingan basket malam ini berbau busuk meskipun memimpin tim yang lebih baik menang,1
diet bukan untuk pecandu alkohol .... pelacur cepat mabuk dari makan sayuran dan kotoran,1
Ada lebih dari satu cara untuk kulit monyet barack bushmeat obama,0
"homoseksual memukul pada pria lurus dan kemudian bertanya-tanya mengapa lurus marah padanya, ada penuh pada seks dengan rakasa laut, sadis dirantai penyiksaan, banyak laki-laki putih yang kasar dan tentu saja Rusia jahat. propaganda nwo total tetapi difilmkan dengan indah.",1
Bebaskan semua orang keluar da jam bahkan da opps sehingga kita dapat max mereka niggas tf keluar,0
Mereka berani di sini di pnw saya mendapat berhenti menatapku negro dari beberapa gadis sampah putih berkelas,1
ada perbedaan besar antara putih dan hitam di sa. itu sebagian karena keluhan masa lalu dan juga karena hitam akan selalu menjadi ras yang paling terbelakang di dunia.,1
mereka mungkin semua homos setiap kali seorang pria bertindak semua overcompensasi sulit datang ke pikiran ditambah perilaku mereka menempatkan mereka dalam fasilitas terkunci dikelilingi oleh semua homos laki-laki yang orang tua gagal untuk mengalahkan omong kosong hidup dari mereka ketika mereka anak-anak terlalu serba boleh tanpa orang tua,1
ya oke mari kita masukkan ke dalam kue api dan lihat apa yang terjadi,0
Saya kira Anda tidak baik di statistik berapa banyak kota yang telah putih dibakar dan menjarah berapa banyak ghettos telah mereka menciptakan berapa banyak peradaban dunia pertama memiliki hitam diciptakan mengapa mereka tidak pernah menciptakan roda atau bahasa tertulis mengapa mereka masih tinggal di gubuk lumpur,1
itu yakin di sini. foto-foto lain dari dirinya berasal dari puluhan tahun yang lalu. dia adalah antifa liberal lengkap. dia tidak bisa dipercaya. saya tidak percaya padanya. tidak sedikit pun.,1
"Hitler adalah pragmatis bersedia untuk bekerja dengan Yahudi dasar, melihat hukum nuremberg, dan dengan homo sampai batas.",1
belum lagi bahwa kebajikan sinyal tentang pasir negro memberikan amunisi cuckservatives ketika mereka mengatakan nazis sayap kiri,1
satu-satunya spesies yang terus-menerus meraih selangkangannya di depan orang lain dan gelombang lengan mereka sekitar marah adalah . monyet hitam. kedua di atas perlu saya katakan lebih banyak?,1
pengguna tetapi minnesota cepat untuk memberikan lisensi alien ilegal,0
ketika seseorang berjuang untuk kebohongan dia tidak pernah menemukan bola untuk membela diri dari Yahudi orang-orang yang berjuang untuk kebenaran menjadi tak terkalahkan kali ini kita akan melawan semua bersama-sama melawan Anda Yahudi acthung juden,1
"Terima kasih Charlie, selamat hari Kamis.",0
muak dengan wanita,0
Aku tidak pernah bertemu dengan orang yang begitu bodoh dalam beberapa waktu bisakah kau lebih dangkal tolong jangan berisik,1
bahwa orang Amerika telah memenangkan empat atap hijau lurus dimulai dan berbicara dengan stabilitas nya dalam musim awal muncul;,0
Satu-satunya hal yang tidak terjawab pemilu adalah showdowns antara truf danron paul yang akan epik meskipun saya pikir mereka benar-benar setuju pada banyak paul akan membuat vp lebih baik dari pria gay pence,1
Advocating Demokrasi adalah kode untuk menyusun rencana tentang bagaimana untuk melemahkan lebih banyak negara dari goyim dan mereka juga mengatur organisasi-organisasi ini untuk menerima subsidi dari pembayar pajak dengan kata lain mencuri sambil lulus sebagai terhormat yang Yahudi mengajarkan anak-anak mereka untuk melakukan,1
seorang somalian yang suatu hari terdampar di pantai Eropa tidak akan pernah menjadi european hal yang sama dengan pakis di britain arabs di Perancis atau Turki di Jerman,1
apa yang selanjutnya ... mr. hooper direconded sebagai seorang pedofil menjadi trans barkley adalah burung besar dikebiri dimasukkan ke obat-obatan untuk berhenti melihat oscar snippy tunas heroin elmo sekarang anggota gereja dari satan telly bergabung antifae memiliki aborsi,0
lar kur lezon nicen pintar kur nuk e lexon terbelakang,1
Bertemu negro Yahudi dicuci otak yang menurunkan nfl dengan mencoba untuk menurunkan putih maga putih genosida alt benar Yahudi perang melawan putih nfl kaepernick,1
pelanggaran terang-terangan dari terlalu benar-benar mengganggu. tidak ada alasan yang baik untuk secara otomatis menempatkan cap bersalah pada seseorang tuduhan yang tidak berdasar. yang paling penting itu tidak adil strip kredibilitas dari wanita yang benar-benar menderita dan menuntut keadilan yang nyata. omong kosong.,0
Charlie kuat akan memiliki texas kembali sebagai kekuatan; kekuatan yang lebih baik dari besar adalah siapa pun sekarang,0
Jadi aku satu-satunya yang bermain gitarnya terima kasih pada Sabtu malam ini?,0
Aku baru saja mendapatkan bagian yang paling terbelakang dalam hidupku,0
Penguasa truf menolak migran yang tidak bisa berbahasa Inggris aturan yang sangat masuk akal ini akan ditantang di pengadilan hanya karena mengalahkan administrasi promulgated itu.,0
user real nigga ong,0
mengatakan itu semua tidak itu ketika kita diberitahu bahwa jika brixit tidak terjadi akan ada kekerasan di jalanan tapi jika kita jatuh tanpa kesepakatan yang melanggar apa pun yang tidak melanggar apa yang mengatakan tentang aturan massa mungkin,0
Aku tak suka tinggal di Dublin bersama orang asing di sana sekarang.,1
studi menunjukkan bahwa Anda seorang homo,1
Harus diingat... kiri sangat putus asa karena mereka tahu mereka berada di jurang akan gitmo untuk pengkhianatan... sudah bergerak... jadi biarkan em berebut dan bicara omong kosong... waktu mereka terbatas... seperti setan...,1
di sini hal yang lucu tentang sarsour dia d tidak pernah berani mencoba untuk menarik omong kosong ini di negara muzzie gudang kebutuhan bahwa make up banyak untuk menutupi memar dari ditampar sekitar oleh pria pengecut mereka belatung ini mendirikan caliphate tepat di bawah hidung kecil yang tidak simpatik,1
"sakit mental, setelah memutilasi alat kelamin saya sendiri karena saya tidak bisa menerima bagaimana Tuhan menciptakan saya. Anda harus benar-benar mengambil pendapat saya tentang politik serius.",1
Hal lucu di dunia ketika ah perempuan tidak tidak ada matematika tidak tidak ada mengapa fav jika Anda untuk,0
Bahkan liberal dipermalukan oleh Charlie Rleel; mengklaim gop punggung perbudakan udara panas,0
ketika Anda tidak dapat menyangkal bahwa demokrat akan di atas papan untuk imigran ilegal dan non manusia tidak berpikir belas kasih berpikir suara,1
menyembunyikan pelacur ur atau yang lain,1
pantat kuning lebih baik mendapatkan hukuman maksimum tapi ik pantat putihnya pertarungan untuk skate saya bisa merasakannya dalam semangat saya,0
Apa kau bicara tentang pasir negro?,1
Jika aku meninggalkannya dia akan mati jalang baik Anda melakukan kehidupan cerdas,1
Kita harus mendapatkan beberapa ikan besar yang terkenal di gab jika kita pernah akan melampaui juta atau lebih anggota.,1
Siapa yang disakiti oleh kebijakan presiden??,1
Hari fox mungkin? ini mungkin hanya membuktikan menarik. saya bertanya-tanya apakah Yunani terserah tantangan ini?,0
"Kau rasis, avatar sejarah hitam perayaanku, Im Gwine untuk mendapatkan muh menenun lata lol",1
mereka selalu berpikir mereka entah bagaimana dibebaskan dari aturan,1
kunci negro ini dan cepat,0
"yep. dan banyak orang berpikir antifa kekerasan dan tidak mengerti konteks di mana mereka beroperasi dan apa yang mereka lawan. seperti hal terbesar lebih dari setahun yang lalu di bersatu di kanan, di mana supremasi putih membunuh seseorang dan beberapa orang lain diserang.",1
"Hei jika aku menggerakkan laba-laba, rockstar, dan monster bersama-sama dan menenggaknya, apakah aku pasti akan dirawat di rumah sakit atau mungkin hanya meminta teman?",0
fuck mesin kepala dan pussies seperti mereka membawa homo feminis ke logam palsu sampah keracunan sumur,1
Negro nope kelompok utama yang disponsori oleh negro rekan-rekannya tidak akan menyerahkan senapan serbu mereka karena mereka tidak mendapatkan secara hukum di tempat pertama,1
itu hanya memukul kota beaner,1
Aku benci liberal putih.,1
terlihat seperti monyet teras kecil lainnya bagiku!,0
"Ya Tuhan, kuharap truf berlari masuk, tak ada yang lain yang bisa memberiku lebih banyak schadenfreude daripada melihat kiri benar-benar kehilangan itu.",1
i menikmati musik klasik.,0
Tentu saja dia menjatuhkannya.,0
Tunggu dulu...pengendali senjata... oh tunggu bocah hoggy ada di Kanada,0
bintang tv,1
"Maaf, tapi mereka bukan orang-orang mereka adalah negro hidung kotoran kulit ayam yang berlari tombak melemparkan kesejahteraan monyet spaboolie hantu coon moolie negro membuat saya fucking sakit",1
"Kejahatan tidak probs, ia migran, segala sesuatu yang keren untuk gov. jangan rasis. hormat Romawi selamat datang ke Merkels gulag, Anda rakasa putih.",1
peduli banyak tentang bagaimana dia dirasakan. Jumlah orang yang meninggal sebagian besar tidak relevan baginya selama dia tidak terlihat buruk. Tidak yakin bagaimana menyalahkan demokrat cocok dengan trues amoralitas dan kurangnya empati tapi ketidakmampuan untuk mengambil tanggung jawab cocok.,1
karena jumlah kita seharusnya diberitahu bahwa mereka seharusnya melakukan lebih daripada memberikan miliar negara-negara muslim yang dominan kita harus memiliki panel surya pada setiap pabrik rumah uk dll,0
Aku telah menemukan beberapa artikel yang menunjukkan keduanya terkait dengan persaudaraan muslim mengapa wanita-wanita ini tidak sedang diselidiki mengapa tidak ada administrasi obama yang sedang diselidiki untuk mempekerjakan musuh-musuh kita di pemerintahan kita,0
ok terima kasih ....,0
itu menyebalkan untuk menemukan saya sengaja membukanya bagaimana saya melakukannya itu saya membuka daftar dan menekan atas posting pertama saya akan mendapatkan Anda cuplikan layar,0
Sicko ini berpikir bahwa orang lain skema dan berbohong seperti dia dan banyak liberal lakukan. ingat rham Emanuels terkenal kutipan Anda tidak pernah membiarkan krisis serius pergi ke limbah,1
benar-benar anda benar-benar hebat pak ji..,0
"Ya, dia juga aneh. Dia punya sesuatu di polisi.",0
Bisakah aku memberi minuman dobel untuk oreomu?,0
Bagaimana telinga jalang bisa terbakar?,1
sangat terkenal bahwa mendukung kekejaman terhadap burung. hemat hewan menandatangani petisi ini h;,0
Itu sampah. Aku hanya akan meletakkan telepon saya turun.,0
tidak benar-benar. kontrol senjata membatasi satu kemampuan untuk keselamatan pribadi. itu membuat orang baik sulit untuk membeli senjata secara legal. bahkan akan membuat sulit bagi wanita untuk mendapatkan senjata untuk pertahanan diri. hanya menjaga sistem pemeriksaan latar belakang sederhana yang sudah kita miliki.,1
"Ketika yanks dan sox berkumpul, hal-hal yang biasanya pergi gt lancar;",0
Mengapa kau tidak mencoba untuk menjadi twitter terkenal ya tahu,1
ini terdengar relevan seperti pawai di Mumbai oleh kepingan salju terbangun untuk kontrol senjata. aborsi di India adalah legal dan hanya wanita pilihan diperlukan. mengambil sirkus Anda di tempat lain. sebaliknya mengambil masalah penindasan hindus di India. ini setidaknya relevan.,1
iklan modern pengguna berada di luar terbelakang,1
pengguna pengguna mem-Bs fakta ribuan anak-anak telah diperkosa selama beberapa tahun terakhir sementara kebanyakan politisi pejabat polisi dan layanan sosial membiarkan hal itu terjadi apa fakta Anda pikir saya harus peduli tentang anak-anak dan kebenaran,0
Sebenarnya aku baru saja ditipu oleh ibuku dia bilang dia akan mempersiapkan nasi goreng dan ayam jika aku kembali dari sekolah hanya padaku aku di sini makan nasi putih dan rebus kemerdekaan bahagia untuk kalian semua ibu Afrika nigeria kemerdekaan,0
dia telah menerima ancaman kematian dan memiliki putri remaja. dia melindungi keluarganya,1
Anda bercanda manusia ini bara api membuat pembunuhan memotong sumbangan dan dia d akan membesarkan anak tyrone niglets meskipun lol tertawa,1
lebih baik dari sebuah rancho kemudian tinggal di daerah kumuh perkotaan dengan negro dan peniru negro. mengadopsi ni;,1
Yall masih akan trik atau mengobati tahun ini atau tidak? Hell yeah ima menjadi da sweet tooth bandit mencuri pelacur tas n kotoran,1
"Pertama, kesalahan kedua, kesalahan ketiga...; aku telah mendengar itu sampah wus tho... agaknya ingin mendengarnya, agaknya tidak",0
terima kasih atas infonya kau tahu aku pikir aku tahu semuanya jadi ada celah di bsku sekarang diperbaiki lol bahagia,1
hanya ingin tahu apakah yo mengharapkan untuk menambahkan mo berwarna stasiun tv befo i terbarukan dis,0
Apa yang harus di katakan?,1
"Hei, ini adalah apa yang Yahudi mabuk gereja berjuang untuk!",1
Aku tidak bisa bersama negro dengan aplikasi lebar Aku d akan ambil darinya dari belakang dan dorong dia dari da byke er hari ld berada dalam hetero hubungan hetero aneh lmfaoo,0
Mereka datang.,0
strut strube yang ada di sana,0
Mereka semua mengambil kike kotor memperkosa menjual jiwa seksual dan moral mereka untuk uang dan ketenaran Anda tidak bisa membawanya dengan Anda kotor shiksas ketika Anda mati,1
video game menyebabkan kekerasan saya belajar sehingga saya dapat menjadi siswa yang baik di nomor persona hm,0
hanya menghambat dan ayah roll baik hukum.,0
Hamiltonmusical benar-benar adalah lambang dari idiokrasi itu seolah-olah banyak orang Amerika terlalu bodoh untuk mendapatkan sejarah Amerika kecuali melalui lensa pc rendah iq ghetto rap hamilton altright,1
jumlah kematian yang dilaporkan total akibat perang sipil jumlah kematian Yahudi nomor nomor kematian yang merugikan berpikir tentang betapa konyolnya yang terdengar,0
lmfaoooo i hate black people this is why theres black people and niggers,1
pengguna ada r negara-negara Muslim berapa banyak negara untuk hindus sikh jain buddhist lebih dari jumlah juta pengungsi kita dan kita sudah menerima jumlah juta sehingga memotong ur omong kosong dan silakan meminta beberapa negara muslim juga untuk mengambil tanggung jawab sebagai bangsa muslim,0
apa itu Gif disebut?,0
Jika aku naik ke jalang Anda dalam hal ini kemudian ... homie menganggap diri seorang negro tunggal .,1
itu pasti cukup uang untuk menjaga ratusan orang Yahudi dipekerjakan oleh lebih dari selusin perusahaan yang terlibat dalam proses sertifikasi.,0
Aku tak bisa bertahan tanpa anak-anakku dan aku menganggap mereka anakku dengan kepribadian yang mereka miliki,0
sangat menyedihkan melihat bahwa gerakan wnn memiliki kelas membagi kita ras yang sama karena itu kita harus bersatu!,0
jadi Anda hanya akan beralih ke topik yang berbeda mengatakan amnat adalah berbasis civnat tidak maka saya akan berbicara dengan Anda tentang bus melemparkan dan gook posting,1
emoji pantat palsu,1
amp; th kelinci percobaan saya akan menghantui Anda,1
neva memberikan niggas memimpin jalan,0
jalang saya tahu u melihat pelangi inna bio,1
Harapan terbesar bagi umat manusia adalah untuk menjangkau kaum muslim yang belum direkrut untuk kekerasan,0
"Aku punya, karena aku membuang tvku di tengah-tengah ketika ada banyak orang kulit hitam di tv.",1
Kita bisa lihat kalau liberal mabuk berat.,0
"sampah masyarakat... lebih berlabel dan merendahkan konservatif.i menyarankan, kita, konservatif menjaga amunisi kita kering dan senjata kita dimuat.. jika kaum liberal fasis berpikir konservatif akan pergi diam-diam ke kamp-kamp internment atau dibantai di jalanan mereka membutuhkan pemeriksaan realitas.",1
Aku bermimpi suatu hari anak laki-laki hitam kecil dan perempuan akan berpegangan tangan dengan anak laki-laki kulit putih dan perempuan Martin Luther King Jr,0
Kau terdengar kesal tentang saudaramu yang tidak berguna.,1
akan bukit ;dodobird; menjadi dems calon untuk mengambil alih pekerjaan obamas seperti kita praz? anjing melalui,0
pengguna membutuhkan kampanye awsreness untuk mendidik komunitas kita untuk menghindari menyebut pengungsi orang-orang yang tinggal di dalam rumah sakit saya benar-benar merasa kasihan ketika saya mengunjungi kamp idp dan rekan-rekan memanggil pengungsi nama saya pernah dipaksa oleh keadaan dan tidak ada pilihan untuk berefugee,0
"unhasinged, crazy, and out of touch maxine waters and nancy pelosis demokratic party",1
bc bc i dihapus visioner sekali saya melihat subtweet Anda. waktu berikutnya hanya saya tho. dan saya mencintai penjara gaun burung.;,0
karena Hillbillies seperti olahraga untuk ...,0
muda ayam jalang tidak bisa sebaliknya negro,0
Internet menyebalkan kadang-kadang,1
negro yang membuat kotoran keluar dari kopi saya.,1
"masih, sedikit kebenaran tergelincir keluar dari mulut Israel terkejut benang ini dipindahkan karena s seluruh berita di sini.",1
oh fuck ini aku. aku seorang ratu tmi pada beberapa hal karena mengontrol percakapan subtly tapi Tuhan membantu Anda jika Anda mengomentari kebiasaan saya atau keputusan saya bersumpah kepada Tuhan,1
bayangkan seorang muslim datang ke beberapa polisi By berdiri dan mengucapkan terima kasih untuk melayani saya bisa mendapatkan gambar dengan jari telunjuk Anda menunjuk ke atas,0
lepaskanmemodan melihat dnc makan sendiri hidup-hidup...,1
Taruh ketika geng besar laki-laki menyerang dan memperkosa wanita selama acara besar ya bahkan memiliki nama di bawah liberal tua yang tidak ada yang akan pernah ingin memperkosa memegang tanda setelah serangan cologne seks pada tahun baru nomor hari,1
pengguna mereka perlu memiliki gerakan mereka sendiri dipisahkan dari lesbian dan gerakan gay karena mereka benar-benar tidak sama,1
mereka seharusnya menempatkan negro ini di belakang pesawat,1
"Jika kau punya masalah dengan gadis, aku merasa kasihan padamu, nak. Aku punya masalah tapi wanita jalang tidak ada;",1
sampah sampah sampah dichotomy palsu di sini adalah dikotomi palsu Anda antara kapitalisme yang menganiaya pekerja dan marxism menebak apa kike ada kapitalisme oleh yang pekerja dan pemilik adalah fasisme komplemen,1
mungkin kau harus berhenti menuntut token kike menjadi jesus pribadimu,1
beristirahat di vagina,1
namjoon rambut hitam ah bbm sebagai pengguna top social bts,0
Cerita kiberley adalah sejauh ini cerita paling menakutkan yang pernah saya dengar!; vagina,1
"Setengah botol sari buah, monyet cukur, kain sarin, kuda kecil. Berikan adegan terbaikmu.",0
di nomor polisi membenci pakis seperti yang kita semua lakukan tapi polisi yang melihat hasil pakis yang dipukuli dan diperkosa istri dan putri dan pelacur mereka polisi pikir setiap gadis kulit putih dengan paki adalah sampah dan pantas semua dia punya,1
menikmati siapa Anda tidak membenci diri sendiri untuk apa yang Anda tidak,0
pengguna yang menanggapi tweet ini terbelakang dia nomor mereka semua mengatakan hal-hal bodoh memberi mereka winton neraka,0
Tembak negro itu dan pelacur pendeknya.,1
"Antifa didefinisikan oleh satu statistik yang mencolok, hampir tidak ada orang tua.",0
forgiato fest in Dallas tahun ini fuck yeah jalang,1
{\cHffffff}Aku lihat mozzie liar itu membawa kita kembali ke ges pinalti tengah.,1
Anda tidak tinggal di Amerika nazi homo tetapi Anda memilih anak nazi muda pesta homo thu,1
orang mengatakan ;don;t mengenakan leggings jika Anda tidak;t tidak punya keledai; amp; saya melihat Anda pussies berjalan-jalan di kemeja otot tanpa mus;,1
Aku mengajar anak-anakku bahwa ada pemenang dan pecundang... melihat serena marah-marah dia adalah demokrat...lol,1
"Ya benar itu mengingatkan saya tentang kejadian ini ekstrimis muslim menyalahgunakan tentara Anglian kerajaan setelah kembali Afghanistan, menggonggong london youtube",0
"sialan yang jalang bodoh .. dengan rambut merah muda, sialan kacamata garth dan gitar baru tua menyebalkan",1
Apa kita punya pengguna di daftar zaionist heeb waspada pada orang ini?,1
terima kasih untuk lin berikut,0
heh heh...,0
"lmfaoo tidak pernah saya dolo, saya tidak punya negro, amp; untuk cangkul tua saya fuck semua mereka;;;",1
polisi khawatir domt akan melakukan kebanggaan gay Anda tidak dapat memukul mereka karena mereka memiliki beban kamera mungkin islam harus menghidupkan pada mereka mereka membuat saya sakit mereka adalah tujuan umum banci,1
maaf membaca ini. kau melakukan hal yang benar untuk melaporkannya dan memperingatkan kita semua tentang mereka. tidak perlu untuk mengatakan kau bukan hal yang mereka katakan. tetap kuat.,0
Dia mengancam warga Amerika dia akan membunuh wanita menangkapnya,1
Jadi satu orang berbohong dan seorang anggota kongres berbohong mengatakan hakim harus mundur?,0
drop gambar choerry,0
seorang misoginis adalah seorang pria yang tidak menyukai wanita sebanyak mereka membenci satu sama lain hl mencken misogyny,0
ada yid terlibat dalam sangat tunggal breaking cerita keluar dari rumah putih menarik bahwa Yahudi lebih diwakili dalam pemerintah kita tapi entah bagaimana bisa menghindari kesalahan untuk setiap kegagalan dalam pemerintahan itu seolah-olah media entah bagaimana berkolusi untuk membebaskan mereka dari kesalahan,1
user no but someone got sutra touch and putt one diamond block at level number to troll them haha retard,0
Para elit memanggil konservatif negro kita di balik pintu tertutup.,1
Kenapa gadis kulit hitam itu berbohong tentang anak-anak kulit putih yang memotong rambut gimbalnya itu kenapa mereka bermain permainan kulit hitam licik dan sudah mengganggu orang kulit hitam.,0
Mereka semua harus dipecat dan dituntut di pengadilan sipil.,0
pengingat ramah bahwa Anda tidak harus mencoba untuk berhubungan seks dengan burung,0
Ekspresi lmao lebrons mengatakan semuanya rt; negro ini adalah homo sialan,1
adalah memiliki ulang tahun sehingga pastikan Anda memberitahu bahwa jalang bahagia. ; ; ; amp; merayakan tanpa obat-obatan;,1
Haruskah oscar pergi ke atau komputer yang mengubahnya menjadi kera? tidak ada... fiIm besar ilmu komputer,0
"selalu berhasil dengan cara ini! tidak berbeda! tapi sakit kaki snowflakes berusaha mati-matian untuk memicu konservatif, mendapatkan dimiliki oleh meme kekanak-kanakan mereka sendiri!",1
"Itu di atas sana dengan stiker bemper liberal, hanya lebih mahal.",0
politik berita,0
Rupanya ada noda teh di qu berlari yang diblokir beberapa ilmuwan teks telah menemukan apa yang tertutup mohammed adalah seorang nabi gay sebagai allah meskipun mohammed pergi selangkah lebih jauh dan adalah seorang tranny terlalu,1
hati-hati karena aku mendapat suspensi untuk menggunakan meme yang mengatakan gaf sekali!,0
Murid magang karyawan harus merasa aman dalam lingkungan kerja pendidikan mereka yang berarti bahwa mereka harus aktif anti rasis terhadap semua bentuk yang tidak sehat dan praktek fobia aneh itu mengerikan untuk mendengar bagaimana pelecehan ditangani dan mereka perlu melakukan lebih baik,0
"Aku dipukuli dan dirampok oleh dua penduduk asli tahun lalu dan selama beberapa tahun terakhir aku telah menyaksikan pusat kota berubah menjadi hitam, kota coklat dan kuning.",1
ovomit muzzie gay tidak ingin mengalahkan sepupunya,1
kita membenci mereka lebih dari koboi dan yankes.,0
hotline darurat baru? apa yang terjadi di jalan? hari lalu potus menandai keadaan kedua perintah eksekutif? sensor media sosial di jalan?,0
Jadi orang yang bekerja di kith dibius dan diperkosa lesbian adalah benar bahwa,0
pada segala sesuatu yang omong kosong benar-benar sedih smh,1
juga hanya pria beta lemah terancam oleh wanita dalam posisi kepemimpinan sehingga satu-satunya cara untuk memiliki organisasi yang diisi w laki-laki jantan kuat adalah untuk menempatkan perempuan bertanggung jawab itu cukup dasar ilmu pengetahuan,0
Makanan ini membuat sel kanker tumbuh di tubuhmu berhenti memakannya sekarang,0
pengguna merokok homo,1
pengguna trudeau muslims ko jyada chhoot de raha tha alot pengungsi dari negara muslim,0
pengguna wajah acak ass di akhir apakah Anda tahu bagaimana menggunakan aave saya dapat memberitahu Anda re sebuah muslim nb,1
Kau babi fasis. Sekarang pergi laporkan aku ke twittermu yang menyebalkan jadi aku akan dihapus.,1
adalah dia mencekik itu!!;;;;;;;;; saya ingin monyet peliharaan;,0
"Jew sialan, Yahudi, Yahudi, Yahudi, lol saya suka mengatakan Yahudi! Yahudi jalang, jew homog, jew pedofilia, dll, dll! menambahkan kata Yahudi untuk itu dan secara otomatis menjadi merendahkan!",1
Aku juga akan pindah tapi sayangnya tidak ada tempat yang tidak bersih.,1
"Shalom, temanku yang suka mengoceh. Aku tidak mengikuti siapapun, tapi aku di sini untuk menyampaikan keluhanku tentang pembenci Yahudi.",0
pengguna akan melindungi imigran menyelamatkan anak-anak kita dan menginspirasi generasi tapi kau tidak peduli,0
nomor gay aturan matematika tidak dapat berisi saya,0
lebih banyak tekan harus berbicara tentang ini th luar biasa tua dia adalah masa depan,0
q apa yang Anda dapatkan ketika Anda menyeberang negro dengan orang Meksiko seseorang yang terlalu malas untuk mencuri pengguna,1
Kau hanya kegelapan..,1
bukannya melarang senjata kita harus melarang si botak itu tanggul,1
Cleveland adalah tim terbaik untuk Manziel jujur okum dapat menggunakan pelanggaran yang dia miliki dengan amp redskins; cokelat d adalah kecerdasan yang bagus sebuah def hc,0
pengguna pengguna itu jauh lebih baik daripada sonoma jika Anda ingat redneck jesus Anda memenangkan glenn juga,0
"Antifa adalah rekan kerja dengan sosialis demokratis dari NDSA Amerika yang jamesokeefe telah terkena sebagai dimasukkan ke seluruh pemerintah, mencoba untuk menjatuhkan america truf maga deepstate url",1
nancy pelosi mengundang alien ilegal ke negara presiden serikat truf mengundang korban asing ilegal ke negara serikat,0
liberal tidak akan menyelidiki karena mereka tahu tidak ada apa-apa di sana. Mereka lebih suka orang lain melakukannya sehingga ketika tidak ditemukan liberal dapat menyalahkan mereka.,1
Rt lmao! jalang ini datang bergeser di tenda seperti dia akan bercinta beberapa kotoran up!;;;;,1
"Aku tidak mengatakan ini tapi.. .. akan bercinta dengan banci tapi mereka tidak akan membiarkan mereka mengikat mereka turun, dasar kau bodoh!",1
"pad lingkaran pada pikachu saya rusak, sehingga sepertinya saya akan harus mengirimkannya ke nintendo untuk memperbaikinya.",0
Aku rasa aku kena flu burung,0
pengguna silahkan membantu kami dan membantu anak-anak kami pengungsi lraqi menunggu di standwithiraqirefugees kalkun,0
"fuck wcw dats jalang saya, bukan naksir saya;",1
"Dia adalah seorang sosiopat, mereka tidak mampu merasakan empati.",1
Kau sampah aku,1
Membuat istriku mengambil tantangan Alkitab kepala telur. Kedua anak kita jelas lebih menjengkelkan daripada loop itu karena omong kosong ini tidak mengganggu dia sama sekali.,1
pengguna pengguna lol salah holocaust yang legal nasional perbudakan itu legal sampai terbukti ilegal semua sementara itu salah meskipun tidak Anda setuju bahwa perbudakan adalah salah objektif,0
Sebagian besar responden percaya jumlah imigran yang tiba setiap tahunnya di bawah jumlah setelah mereka diberitahu sebenarnya telah berjumlah selama beberapa tahun terakhir jumlah orang yang kemudian mengatakan mereka merasa bahwa terlalu banyak melompat dari angka ke nomor per sen,0
besar booty cangkul,1
apa saja untuk sampah presiden kulit hitam ini!!,1
Seseorang mengatakan kepada saya tentang toko aneh yang baik di kota tua tapi saya tidak ingat nama sedih,0
impian pinto grigio berubah menjadi kenyataan,0
Anda membingungkan Yahudi dengan putih lagi,0
user user niggers do not get counted,0
yo i am get off i am drunk as fuck and it not good for me to post while drank my inner nazi come out and it just not a nice fellow,1
"Jika kau mencoba menggunakan kata ""prit"" seperti... istilah ""kesayangan"" pada manusia lain, kau bisa menggunakan ""chouchou""",0
sudah ilegal bagi orang untuk diperkosa atau kata-kata yang terluka secara fisik sendiri tidak memperkosa atau menyakiti secara fisik orang semua kata harus diperbolehkan,0
Tak pernah melihat negro ditertawakan saat dia dapat tesnya kembali dan itu adalah kesalahan si jalang itu.,1
Terima kasih atas dasar kencingnya.,0
"Sudah di sini sejak awal. Tidak ada alasan mengapa Gabai tidak akan berada di sini lama setelah twitter, fb, Andatube dan instagram sudah lama hilang.",0
Aku dengar Bill suka sampah trailer sepertimu.,1
berteriak kepada semua mereka pelacur yang tidak memiliki ada desainer kotoran dan masih terlihat lebih baik dari semua yall bitches dengan segala sesuatu desi;,1
Taserface ahahahahahahahahahahahahahaha hampir selucu memiliki negro untuk presiden amiite,1
juga saya sangat banyak seperti teman homoseksual ini cukup banyak bagaimana teman-teman lama saya digunakan untuk melihat saya,0
grafik oleh david websters briefing pada sanksi manfaat nov ke sept url,0
Sekarang ada sebuah masjid besar dibangun di sebuah gereja di Eropa Barat yang melihat ribuan Muslim tak bersenjata pengungsi sebagai memungkinkan mengkonversi untuk Muslim terorganisir bersenjata yang akan melakukan penawaran elit barat yang akan tetap kamuflase oleh msm,1
Bola di pengadilan kami bukan milikmu,1
dia begitu tenang amp; pasien. yang besar .. keep it up. jangan pikiran orang bc setiap orang memiliki sudut pandang mereka sendiri pada setiap aspek kehidupan.,1
dia punya sikap nakal ini dari brittani .... dan itu untuk burung.,0
Kami sedang mencari tempat untuk membangun zona bebas lumpur dengan cara mengambil alih lokasi kunci dan membangun perlindungan bagi ras kita.,1
boris johnson tidak peduli tentang keluarga. memaksa aborsi anaknya oleh nyonya. putri mengatakan dia adalah bajingan egois. mengkhianati dan menceraikan perempuan. hari ini,1
Gadis-gadis menyukai homo jelek ini. Prolly karena mereka terlihat seperti ayah yang tidak pernah dalam hidup mereka.,1
"sakit memberikan tip, berhati-hatilah dari burung jelek yang bersembunyi di balik sunnies lensa besar!",0
Aku sangat membencimu.,0
silahkan declassifikasi informasi sehingga orang Amerika akan tahu kebenaran! untuk transparansi!!! blueripple kateswall obamaspygate noamnesty nodaca maga,0
Ini. Bagus. Shiner Pricklypear.,0
"Di sini, saya menemukan apa yang Anda cari ...",0
"Orang Amerika bermain malam ini di bronx, permainan kerdaan seri saat ini melawan hemondbacks",0
pengguna pengguna tidak sesedih saya bahwa kita memiliki anti demokrasi supremasi putih rasis anti pengungsi pembenci miskin dan lemah islamaphobe pres yang melemahkan usa dan menambahkan kehancuran lingkungan dan monumen nasional,0
akan senang ini terjadi hanya pikiran penis kurang pasir negro membuat saya kencing sendiri tertawa,1
"Aku dulu berpikir seperti yang kau lakukan, tapi aku terus kembali ke sana sebagai aku menemukan masalah dengan alternatif utama yang ada di chrome firefox penjelajah menemukan lebih banyak pengaturan dalam berani",0
Penjaraham dan wanita rumah sakit sebuah rumah sakit mengajar sekolah kedokteran harvard adalah mencatat potret legenda medis putih karena mereka memperkuat pria kulit putih bertanggung jawab keragaman kegilaan liberal,0
"Fasis amp; nazis tidak mematuhi pandangan patriotik bersama di hadapan mereka. senang lengan coklat antifa kiri tidak ada untuk menimbulkan kekerasan biasa vs warga yang berani berbicara. apakah Anda mendengar bahwa, dems yang menikmati musik wingsbeer country?",1
mengapa seperti dudes mana bernama kontol dan lesbi dan cum atau apa pun,1
itu kekerasan liberal yang menakut-nakuti wisatawan msm liputan kerusuhan mereka dan protes membuat kita terlihat tidak aman alasan yang sama saya tidak akan mempertimbangkan eu sekarang,1
Sialan telesmokatin yang tampak lebih baik di kepalaku,1
Ini adalah penutup penembak sebenarnya Sam hyde yang dilaporkan mengatakan ini bajingan coons yang berlutut harus pergi,1
rt lanadelgayvotes rt jesscloth mtv terpanas Lana del Rey,0
undangan muslim,0
Jangkauan bola cat yang sama yang mereka gunakan untuk pertandingan antifa vs proudboy tahun lalu,0
Bahkan ekornya melilit cakarnya! Dia cantik dalam gambar ini!,0
"Tidak, ini bukan dinding di nomor blok di Aushwitz berada di sana sendiri dan Anda benar tidak ada lubang foto ini kemungkinan dari pemberontakan ghetto gergaji perang",0
salesman penis kehilangan pikirannya tadi malam,0
mungkin tapi Anda mendapatkan mereka dalam semua ras masalah terbesar kami adalah kelas bawah putih seperti ini Anda perlu mendidik africa untuk standar kami tanpa mengeluh tentang perbudakan rasisme membuat upaya dll kemudian mengukurnya untuk mengetahui pasti,0
....... hmmmmm............ mungkin ibumu memberiku nilai yang lebih baik.,0
gook mencemooh dari r c i a l a w a r e n e,1
"Dunia barat dibangun di atas berita tamu rasisme BBC malam membuat pengumuman mengejutkan jika bukan untuk orang kulit putih profesor studi hitam, ya saya tahu lol, akan berjalan telanjang di antara singa zebra di ape freakea.",1
user do it i wanna get the actual words white trash in metallica font somewhere on me lol,0
"adalah ayah masih menjadi pemarah di hospice, atau hanya membuat doody dalam popoknya seperti homo yang baik h;",1
Aku berteriak dan gf keluar dari kamar tidur bertanya-tanya apa yang terjadi. Kami berdua punya tertawa yang baik dari itu.,0
seorang pria kulit putih lelah untuk slide fase saya adalah negro ketika menggambarkan nya sampai membawa malam ini di Jepang pada makan malam hak istimewa putih terus menjadi berat orang memiliki tingkat rendah kasih sayang tidak ada yang menyembunyikan rasisme mereka lagi,0
Aku melihat berita tentang lumpur dari Eropa dan aku berharap beberapa kambing keparat akan mencoba omong kosong itu di Louisiana hanya mendapatkan dalam jumlah kaki putri saya dan thats hidup Anda selama checkout time mohammed,1
perlu memperbaiki pengenalan bahasa ini datang dengan diterjemahkan dari de tidak yakin apakah harus telah diakui sebagai redneck atau ghetto,1
mengapa media tidak melaporkan koneksi soros. saya hanya melihat Anda tweet kemarin dalam hal pengacara korban diduga? konservatif perlu mengikuti uang!,0
seolah-olah hanya oke ketika Anda adalah anak gay lucu atau satu tampan atau gadis cantik atau lesbian pantat panas atau Anda adalah ratu amis,1
"dia bilang kita akan membayar sewa jalang, bahkan tidak tryna membelikannya ekstra saus asam manis di McDonald",1
Peter....lihatlah liberalmu yang tidak masuk akal... ..itu hanya sedikit curiga bahwa setiap orang membuat klaim menit terakhir terhadap Kavanough adalah mengalahkan membenci liberal... dan tentu saja mereka tidak punya bukti apapun... seperti obsesi kolusi mereka.,1
aku berlatih tidak melakukan ketakutan orang kulit putih tersenyum muram ketika aku diam-diam berinteraksi dengan orang asing,0
Aku percaya bahwa aturan pengendalian senjata seharusnya tidak begitu ketat karena penjahat akan tetap mendapatkan senjata tanpa memandang pembatasan senjata dan akan mempersulit warga negara yang taat hukum untuk mempertahankan diri dari serangan.,0
iklan craigslist mempekerjakan wanita untuk siswa dipimpin sekolah berjalan keluar untuk berbaris mengapa mereka membayar orang untuk muncul,0
bagaimana perasaanku ketika aku membuang sampah... setiap hari di sekolah.,0
user respect the based nigress he would be nothing without her,0
gambar besar tapi benar-benar mengucapkan brillox,0
Ide kampanye baru pergi ke starbucks dengan nama Caracka mengucapkan kare acka hanya untuk aman meningkatkan neraka di media sosial ketika ghetto linguistik menyebutnya cracka keluar dari naluri,1
Tlou pada umumnya adalah perubahan yang bagus realisme di mana orang kulit putih yang cishet menyelamatkan lesbian dari kematian,0
pemerintah kita harus menggantung jalang ini,0
"pembantaian halal, diberkati oleh setiap rabi di bawah matahari.",1
kebanyakan texans tidak mengambil saran dari liberal,0
di lenganku oleh Alex g adalah lagu kebangsaan homo,1
hampir semua burung beo bersarang di lubang pohon atau kotak sarang di penangkaran dan bertelur putih dari mana menetaskan anak-anak tak berdaya,0
yang benar-benar berani dari empat wanita di cnn untuk menyatakan iq mereka publik dengan tangan mereka pada nasional tv kudos untuk menjadi jujur untuk sekali dengan jumlah orang yang masih menonton berita palsu Anda delusi globalist saluran hiburan liberal cn cnnn cnn Blackmail msm,0
Aku tidak punya.,0
Dilepas oleh serangan teroris asam konstan oleh lumut banyak londoners menolak untuk menyalahkan mereka moslem tetangga moslems sangat seperti benar-benar damai mengatakan nomor brian mahasiswa gender mahasiswa lokal tom instruktur yoga setuju saya hanya mencintai kebab mereka super yummy,1
"Seperti, ketika Anda cangkul, bagaimana tidur u di malam hari?",1
Nope. saya tidak akan perdagangan dia dia adalah untuk menyenangkan. ditambah kita tidak bisa mengeja harapan tanpa dia,0
bajingan keyboard dan pemurnian saya membeli Minggu malam mendapat disampaikan kemarin ke rumah orang tua saya keparat,1
"terima kasih, jalang",0
Orang-orang ini hanya sampah.,1
Secara otomatis curiga terhadap orang kulit putih yang berusaha terlalu keras untuk menunjukkan mereka seperti kita orang kulit hitam.,1
"koneksi billboard dengan cepat menyediakan papan iklan lalu lintas yang tinggi di daerah yang kita butuhkan, di bagian bawah",0
Dokumentasi twitterpurge adalah satu-satunya yang mendapatkan pengikut kemudian kehilangan pengikut harian berhenti twittersenship konservatif url,0
ya dia adalah shhh,0
Ini bendera untuk Hezbollah kau adalahlamonazi sampah tas,1
kue es krim oreo,0
"bukan berarti aku berencana untuk segera mati, tapi aku benar-benar akan menulis kenobi sebagai satu-satunya ahli waris.",0
tahta sambil duduk terbalik mencubit yayay url url,0
tapi hal-hal yang berkembang saya pikir mereka sekarang akan melihat apa yang dilakukan para blm sheboons untuk bernie,1
Apa-apaan adalah baba kamma ada tidak ada Yahudi kembali maka saya percaya mereka disebut hebrews hanya lain semitic berbagai pasir negro,1
Percayalah ketika saya mengatakan kaki menginjak sakit seperti jalang sialan,1
Yahudi tidak mengatakan kebenaran beberapa kike simpatikisasi terkekeh dan kebajikan menandakan dan kemudian kike reposted itu dan menyebutnya kebenaran,1
Aku mungkin akan membeli sendiri sebuah jersey baru yank,0
Sekarang bermain pemburuian sekali menggigit dua kali pemalu pada panah,0
itu flip depan sampah. itulah bagaimana saya depan flip ke kolam renang dan mendarat di punggung saya setiap waktu.,0
Yang paling tidak sopan yang dapat Anda lakukan adalah memanggil perempuan Anda nama jalang lain,1
Aku rindu monyetku;,0
Prajurit Coach mengumpulkan dana untuk kontrol senjata brady pac pacgolden state warrior stevekerr headcoach url url,0
Gadis ini begitu terbelakang ketika dia mengatakan kepada saya dis bacc pada hari saya mencoba begitu keras tidak nomor tertawa bra,1
pengguna mungkin duduk sekitar membaca shades nomor abu-abu membayangkan nazi virile merayunya kemudian dia menetapkan buku itu dan melihat suami kike di tempat tidur di sampingnya,1
membuat orang ini pergi virus. nomor nya terpasang. adalahlam adalah masalah,0
Sebenarnya setiap kali sialan masih jujur mengejutkan saya setiap kali saya menemukan sesuatu yang jahat anti putih atau anti barat peradaban selalu ada orang Yahudi sialan terlibat,1
TATF berjalan menuju kerumunan bersemangat melihatnya. dia membalas cinta. saat itu tentang resepsi tidak. itu asli dan jujur. barack tidak lebih dari seorang aktor yang palsu air mata buaya untuk memanggil untuk kontrol senjata.,1
Jika Anda membeli tiket untuk transformer d mereka hanya mengunci Anda dalam kaleng aluminium dan melemparkan Anda dari melewati ke rus;,0
Ingatkan bahwa Yahudi mengendalikan media,0
Aku tahu persis bagaimana cara kerjanya. Mereka mencuri uang melalui peraturan dan pajak dan rakyat tidak bisa melakukan apa-apa karena pemerintah memiliki monopoli kekerasan. Mengapa Anda berpikir demokrat sangat membutuhkan kontrol senjata? mereka ingin lebih banyak kekuasaan atas rakyat.,1
pengguna kita benar-benar dapat minum teh bersama-sama tho,0
"i pernah melihat tembakan dengan . , di mana orang berjalan sekitar marah.",0
"kau hebat sekali, Bonnie! Selamat berlibur!!",0
"orton adalah idc sampah, dia tidak pernah bermain. tukang sampah hanya duduk keluar kaep mengambil tempatnya.",0
setidaknya brennan cukup pintar untuk menyadari bahwa truf adalah singa. dia tidak cukup pintar untuk tahu bahwa dia tidak bisa menyakiti truf. menyakiti truf adalah apa yang fantasi idiot tentang.,1
Aku akan berpikir bahwa organisasi nasionalis Eropa akan lebih mudah diciptakan daripada organisasi nasionalis Amerika.,0
kau pembohong yang hebat,1
zion turun setelah tergelincir dan merobek keluar dari sepatunya dia pincang off pada kekuasaan sendiri jack putih dalam ke permainan,0
Apakah Anda mendengar tentang orang negro pasir melihat pada dewan hak asasi manusia dari Australia yang menggunakan parlemennya berbicara waktu untuk rel terhadap jalur imigrasi cepat ke putih Afrika Selatan yang diusulkan ini jauh lebih buruk daripada hanya dunia badut,1
Anda tidak apa-apa selain sepotong keju dengan keluar sudut-sudut dalam kata-kata lain Anda tidak pernah pergi menjadi sepotong jalang;;,1
pemegang perlu dimakzulkan,1
"Aku tidak peduli berapa umurku, ketika kau menempatkanku di depan tas milik Tikis, aku makan wanita jalang itu.",1
Jika mereka adalah Dune Coons jewes kohn akan menyebut mereka demonstran damai yang menanggapi diskriminasi dan masyarakat rasis diikuti oleh Yahudi dingin tentang bagaimana penduduk asli perlu beradaptasi dengan imigran menuntut putih advocating untuk kepentingan putih takut kotoran mereka,1
Tahun gay itu seperti kucing vegan kita semua tahu siapa yang membuat pilihan.,1
Bung hanya mencoba untuk persegi up bc kita tidak memiliki asli Amerika kostum pria mendapatkan pantat putih yo keluar dari sini,0
Masalah burung dengan rekening supremasi putih nazi telah menjadi jauh lebih buruk dalam beberapa bulan terakhir atau lebih,0
Anda d berpikir gym gay akan memiliki peralatan apa pun yang diperlukan untuk bekerja akhir belakang,1
Tak peduli seberapa keras negro berpikir dia mereka semua terlihat sama dengan payudaraku di mulut lmao mereka,0
pengguna pengguna pengguna pengguna pengguna mengikuti benang mereka adalah banyak orang yang tidak tahu perbedaan antara imigran ilegal pengungsi pencari suaka dll,0
Semua yang kau lakukan adalah bohong. Semua kongres tidak kita berbohong. Maga.,1
Oklahoma mudshak diserang saat memegang mudratnya bulan ke-3,1
trump harus mengampuni ikreli dan deport hakim gook,1
sepatu baru terbaik,0
"Jordan Peterson berbicara kebenaran, dan itu ancaman bagi kiri yang kuharap dia berinvestasi dalam keamanan pribadi.",0
ras Yahudi tanpa diragukan lagi ancaman terbesar untuk kelangsungan hidup ras putih.,1
mengingatkan saya pada oreo lmao,0
moslem copenhagen penyerang dari sebuah partai kartunis ditembak selama putaran nomor hanya membunuh satu bukan kartunis tapi brievik hanya perlu putaran nomor untuk membunuh nomor,0
"Kenapa mendengarkan pajak ini menghindari umpan ras? Apa, kau seorang libtard?",0
"Pertanyaan yang diajukan? jawabannya selalu sama. negro menggunakan anak-anak mereka sendiri sebagai karung tinju, kemudian ah dindu nuffin!",1
ini adalah ancaman terang-terangan oleh madmaxinewaters gining up dasar antifa saya mencium lebih banyak kekerasan bangun urrl Amerika,1
anak terlihat seperti budak di cangkul yang,1
dapat menempatkan muzrat bertanggung jawab imigrasi,1
joe biden harus disalahkan untuk menembak ibukota gatte di Maryland. ingat ini,0
ketika rapper putih disebut chelsea handler kelas tinggi sampah putih chelsea dan saya berdua mengatakan yeah yang terdengar tepat pada saat yang sama,0
demokrat tidak peduli. mereka akan melakukan apa saja untuk melemahkan presiden truf. orang lebih baik menyadari seberapa serius mereka akan menyingkirkan dia. memilih merah atau menderita di bawah liberal.,1
Anda adalah cahaya bersinar di dunia gelap,0
apa yang dilakukan penggunamu untuk menanyakan pertanyaan terkait di negara orang bodoh Pakistan bahkan tidak memiliki pemahaman dasar tentang pemerintah dan peran institusi dan tanggung jawab tumbuh otak kita diperkosa oleh studi pak dan pelajaran Islamitas,0
"Jika Anda datang ke kami sebagai pengungsi, hubungi kami lewat telepon bagaimana penurunan jumlah pengungsi yang reset membuat Anda merasa",0
"Aku di Australia hari ini, hari Natal! salju kembali ke rumah di denver ausfam",0
adalah lesbi pada tik tok memiliki daging sapi,1
yeah dan tidak ada yang ingin melihat negro payudara baik,1
Tidak setuju; dia dipilih secara eksplisit untuk membuat presiden kebal terhadap aturan hukum. Semua keyakinan kejinya pada hak perempuan dan kontrol senjata hanya untuk membuat orang bodoh mengkonfirmasi dia.,0
pengguna mereka bahkan tidak mencoba untuk berpura-pura beralasan lagi mereka ingin platform mereka menjadi ruang gema terbelakang seperti kampus kami telah menjadi,1
user stephen aku fucking benci kamu,0
Antifa tidak memiliki tempat dalam anonim. tidak ada sensor. url,0
yo hoe akan dibunuh;,1
"biaya peluru di mana saja dalam perkiraan sen sekali biaya liberal liar, satu tahun di penjara atau biaya kesejahteraan. menghemat uang, keran ganda.",1
dan sakit menganggap Anda antijube?,0
"ini terjadi padaku beberapa kali, tapi itu ketika aku menggunakan vpn. ketika aku memutuskan Vpn, itu diunggah baik-baik saja.",0
Anda cangkul memberi saya lebih dan lebih alasan sehari-hari untuk tetap pantat saya tunggal selama bertahun-tahun,1
Beritahu Samboeta aku bilang persetan negro.,1
serangan pertama montenegro nomor england nomor,0
"Ide bagus, kau tak mau bergaul dengan negro gendut itu.",1
"dengan harapan merekrut lebih banyak wanita, is open jihadi finishing school",0
Aku adalah labu roti pelacur,0
"Aku Halloween, jadi persetan denganmu.",0
karena curang jika harus! menang dengan biaya apapun adalah motto baru. dan maga amp; sialan.,0
"retak bahwa cambuk, cracker",1
Gadis cantik otak burung.... Apa smh limbah,0
itu gadis panas musim panas ketika saya dan Lani mendapatkan kawat gigi kami dari jadi u bitches perlu menunggu,0
Perdana menteri Anda terlalu sibuk memukul di Rusia dengan tuduhan yang tidak berdasar tanpa bukti untuk peduli tentang gadis Inggris sedikit diperkosa dan disalahgunakan oleh kotoran paki bau,1
panggil orang lain bodoh dan bodoh mengatakan hal-hal kelas th tentang topik Anda belum diteliti apa itu seperti belajar tentang rasa bersalah putih Anda untuk k tahun apakah itu membuat Anda merasa seperti orang yang baik,0
pengguna dan mendapatkan tamparan di pergelangan tangan bertanya-tanya bagaimana jika seorang negro berusia nomor tahun menusuk seorang anak laki-laki kulit putih smh,0
menonton is excited is jihadis mendapatkan budak seks yezidi mereka pada hari distribusi isis tcot pjnet Inyhbt gop,0
Sial. Bukan brengsek. Meskipun konservatif sedang mempermainkan kita sekarang.,1
holocaust tidak pernah ada kecuali dalam pikiran orang-orang yang percaya itu.,1
pengguna ada nazis harfiah seluruh waktu rigjt sekarang melemparkan batu Anda memukul nazi,1
Aku suka kau di Twitter. Selamanya bersinar di acaraku yang tidak disukai.,0
Pilihannya sederhana. Jika Anda memilih gillum Anda memilih untuk sosialisme. Jika Anda memilih ron desantis Anda memilih untuk segala sesuatu yang membuat florida besar.,0
martina markota jauh rasiasi european renaisans art,0
uang lebih baik dihabiskan untuk kesehatan mental Amerika atau kontrol senjata Sandy hook vegas konser teater menembak gereja di mata air cerah,1
lpt bukannya mengatakan am i satu-satunya yang ... mengatakan siapa lagi di sini ...,0
Para tetua monroe berkerumun di jalanan kota di sebuah konser luar kota banyak sepatu ortopedi,0
f a k e n e w e v e r y w h e r e guess who! maga wwgwga patriotsunited qanon qarmy url via url,0
antifa faggots love nigger ball,1
user omg lol i fucking hate this meme,0
pengguna Anda dipersilakan apa yang kita lakukan apa yang kita semua harus lakukan adalah bekerja sama berbagi pengetahuan dan keterampilan dan membawa segera genosida setiap kike keji terakhir dari bangsa kita,1
Aku tahu kau tidak se-naif ini. Orang-orang itu adalah pendukung truf yang sangat kecil. Apakah semua liberal mendukung teroris dan kelompok seperti antifa?,1
sekali fag. Anda mendapat ditekan ke tanah? .. menggantung Anda cleats n tidak pernah menempatkan mereka kembali atau berpikir tentang hal ini,0
angka bahwa homo ini akan mempromosikan perilaku kike sementara mengatakan kikes membenci itu dan menghujat pada saat yang sama ion,1
"dalam semua keadilan, negro tidak pernah matang mental masa lalu usia mereka jelek negro tubuh netral hanya tumbuh untuk negro dewasa ukuran",1
"Aku tahu benar. mendapatkan satu orang keluar!! man! Anda memiliki satu pekerjaan, josh outman!",0
pergi pada halaman jalang dan Anda melihat boo ight klik halaman nigga dan kriket dunia dingin,0
cocok teman-teman! gigi bagus ini pemuda kerang n pelatih akan mendapatkannya,0
Tidak seperti anggota-anggota lainnya dari europe magyarorszg akan menjaga budaya dan hukum mereka dan tidak mengizinkan moslem inbreed dan hukum shariah kacau,1
Kau sudah memperingatkan semua orang tentang Josh Gordon bulan terakhir setiap hari. Aku yakin kau sama terkejutnya dengan apa yang terjadi hari ini.,0
pengguna pengguna apa iislamisme keji Anda telah menjadi malu,0
Kemanapun truf pergi ada cinta damai dan kebahagiaan kecuali untuk Israel hanya Yahudi akan membunuh sekitar jumlah orang di hadapannya,1
Hanya beberapa sox merah yang melewati base pertama. Aku sekarat tertawa. mungkin orang Amerika perlu mengajarkan mereka beberapa permainan.,0
"Ini adalah hasutan, semua obstruksi ini harus bertanggung jawab atas judul.",1
Joro adalah suara zanku yang keras jangan tutup telinga,0
Mereka biasa memanggil ibuku Jepang saat dia masih muda.,0
Kau akan beruntung.,0
ovomits negro dan setengah negro,1
Maksudku adalah mengutuk semua wanita sebagai pemimpin gereja karena sepasang lesbi berada di luar kendali banyak wanita membuat pemimpin besar beberapa pelacur yang sama berlaku untuk laki-laki,1
lupakan aku menemukan mereka. ...di tempat sampah...,0
"Kalian orang-orang yang tidak Irlandia, telah diambil alih oleh orang Irlandia dan sampah ini.",1
"""Bue"" berarti sebelum hal lain... Aku selalu berpikir itu adalah kata ""ghetto"" untuk ""baby""",0
Trump telah melakukan demonstrasi dengan orang-orang yang siap mati untuknya Clinton telah berbicara tentang tawaran pria homoseksual yang bisa menunjukkan padamu bagaimana istrimu bisa memimpinmu dalam tarian mpcstatusdates,1
"Ya, tapi hanya untuk anak laki-laki kulit putih berumur 1 tahun dengan ideologi politik mereka dalam biodata mereka",0
wow dia memakai tudungnya ketika ia membuat pernyataan itu? dan... antifa?,0
seperti yang kita ketahui sekarang ada skandal. mereka ditutup dengan baik. yang akan berakhir. perlahan tapi pasti.,0
Kau bukan wanita jelek.,0
Negro halo?,1
dan di sini kita melihat homo habitat alaminya,0
Dia adalah orang jahat yang tak bertuhan.,1
"oh anak laki-laki video ini adalah doozy. mengganggu segala macam Applecarts untuk penggemar Islam, bangsa Islam, muhammed ali malcolm x. juga menunjukkan tiga terakhir lengkap dan mengucapkan idiot",1
sebanyak aku tidak suka antifa. Aku harap tidak satupun dari mereka cukup bodoh untuk jatuh untuk umpan ini dan akhirnya mendapatkan diri mereka atau orang lain terluka atau terbunuh,1
Kickermin bersaudara kalian para Bolshevik membunuh banyak orang dengan mudah dan mati bukan orang Arab ada alasan mengapa semua anak sekolah diajarkan tentang holohoax tapi tak pernah mendengar sepatah kata pun tentang holodomor,1
bicara tentang ancaman kosong. orang kulit hitam suka berada di sekitar kulit putih. mereka membutuhkan kita dan kita tidak membutuhkannya.,1
Anda tidak berpikir itu fakta bahwa Anda terdengar seperti whiggy whaezy nasally libtard sekarang memanggil Anda homo kike tidak membuat seseorang kike kikeg nazi bahwa penghinaan untuk nazis nyata,1
"update proyeksi baru negara florence badai sekarang mungkin perjalanan menyusuri garis pantai dengan seluruh pantai ncsc mungkin menderita florence badai mematikan lonjakan sangat meningkatkan keseriusan angin hujan di carolina selatan dan sekitarnya, bahkan mungkin georgia url",0
Aku benci merasa seperti homo yang terlalu punk ass cangkul,1
bisakah kita mengumpulkan semua magas dan supremasi putih dan memindahkan mereka ke perbatasan iraq iran sehingga mereka dapat melawan mereka kepala kain kita bisa menyebutnya operasi buzzsaw dibenarkan memecahkan banyak masalah untuk,0
Aku akan menjadi pahlawan.,1
u hogs akan gereja pagi ini seperti yall tidak penghilang terbuka lebar untuk nigga sekitar jam yang lalu,1
merokok fiya di hotel makan udang kecerdasan handuk di bawah pintu dan cangkul merah tebal,1
Para leftist benar-benar percaya bahwa dengan menjadikan warga negara kita sebagai anggota negara kita tidak akan ada lagi perang atau kekerasan yang telah mereka lihat ghettos dimana perempuan bertanggung jawab untuk meningkatkan kelas kriminal mereka hanya tidak berpikir mereka tidak akan,1
jaringan jihad bangun amp; mengklaim radio raqqa; dikonfirmasi; dua pesawat ditembak jatuh amp; pilot ditangkap. isis syria,0
cokelat putih meliputi stroberi pengaturan bisa dimakan saya silahkan,0
oh yeah. dan panggilan bebek sialan menjengkelkan?? mereka keluar dilarang. tanduk bebek?,0
Biasanya kita tidak berbicara tentang kejahatan kulit hitam sebagai terorisme karena orang hitam ghetto terlalu bersifat hewanitis untuk memiliki ideologi yang rumit dan berkolusi jika terorisme didefinisikan sebagai kekerasan dengan tujuan politik meskipun kemudian perang ras hitam lebih populer daripada semua bentuk lain digabungkan,1
pengguna mengapa mereka semua terlihat sama,0
"Wanita Afrika harus kuat, karena pria Afrika tidak bekerja... banyak... kau harus mencambuk mereka menjadi bentuk...",1
Apa yang kau katakan dari jotunheim?,0
namamu terlihat seperti orang Hungarian. kau menikahi pria tampan?,0
Begitu juga dengan Irs penargetan konservatif... Oama yakin menetapkan tanda untuk perbuatan rendah ..,0
killter pengguna juga homo,1
Tawon legenda pemarah. Pukul dia sampai jadi bubur licin!!!,0
Dia di belakang piring untuk pertandingan malam ini di sini di Az. Im mencari untuk membeli kemeja redamp;yellow balkamania saya dapat merobek di sana.,0
sinopsis besar dengan tanda dadu... jauh ditimsmhwood dalam modeq panik,0
i may or may not have at least fob relationed tattoo already planned out.,0
serangan muslim lain mengelak,0
Aku sudah cukup banyak makan sekotak seluruh keponakan saya keju nips. saya hanya merasa buruk sedikit.,0
user menteri dalam negeri ini menciptakan sistem warga kelas dua dalam negara kita Muslim pengungsi tidak berbeda dari orang hinu christian tidak ada perpecahan dan aturan,0
pengguna cuz ppl r tidak diajarkan penggunaan sejarah penuh itu mengurangi pemahaman mengapa begitu menyinggung seorang guru sastra sejarah mengatakan negro coon spick wetne towelhead chink ketika memeriksa disparity ras peristiwa berbeda maka diri menyatakan rasis mengatakan kata-kata yang sama,0
user user twitter tidak dapat mematikan mereka secara otomatis karena mereka hampir persen seperti publik pemerkosaan feed itu adalah kebijakan gop untuk memperkosa dan menembak anak-anak bahwa mengapa nra memberikan gop Rusia uang,0
Aku negro tolol dan pelacur ini od,1
lol apa menghambat kike,1
bajingan ini harus pergi!!,1
Lalu mengapa tidak ada begitu banyak penembakan di virginia? penembak jacksonville mendapat senjatanya di Maryland!!! di antara poster anak-anak untuk kontrol senjata! apa gunanya itu?! Anda penuh omong kosong.,1
"faaaaggggottt, berbicara dengan rambut pirang dan bingung, Anda munafik, karena Anda homo",1
Dia memalukan.,1
melihat netflix yang luar biasa si pemerkosa memiliki salinan pelacur etika yang luar biasa,0
bawah pengguna tidak menghormati serangan asam wanita pelecehan pemerkosaan atau orang gay dilemparkan dari atap kita tidak hanya berjuang untuk yrs mendapatkan di mana kita r,1
Aku berharap penangkapan es imigran ilegal dan sponsor mereka,1
Stevson kembali ke Ny di dekember! Aku tidak sabar! dia adalah salah satu pemain hidup favorit! berharap semua baik-baik saja.,0
Kau adalah jurnalis yang mengerikan.,0
Perang salib armageddons hidup dengan pada,0
setelah mendengarkan baik Anda berpikir keluar argumen pada kontrol senjata saya ingin menanggapi poin kunci Anda dengan argumen kontra saya. Saya tidak suka gas Anda.,1
kutu buku keren karena mereka benar-benar menghakimi tentang kutu buku lain yang bergairah tentang hal-hal mereka tidak bersemangat abo ...,0
pengguna sebenarnya beberapa Timur Tengah adalah orang kaukasia tetapi tidak putih,0
Terima kasih semua ras mulia Anda.,0
Semua yang hilang adalah nomor narapidana,1
tidak menjadi jalang depresi tapi aku pasti tidak merasa malam tahun baru,0
Dia pembohong seperti Clinton.,1
"Yop, aku tidak menyukaimu. Kau wanita jalang serakah yang membutuhkan caramu.",1
tetap bicara membela pacar fuckboy ass Anda atau apa? pergi mengisap dia pergi saat Anda berada di itu homo,1
menghapus Islam dari sejarah menahan mereka maga yang bertanggung jawab adalah sederhana tidak,1
seperti yang saya lihat itu bentley terus menatapku dia sedang ditendangkan lagi jadi kita baik untuk saat ini. ia hanya diperbolehkan keluar untuk makan kencing dan kotoran dan kadang-kadang bermain waktu,1
miskin selatan adalah hitam putih cokelat lurus laki-laki trans aneh perempuan Kristen nonbinary Yahudi Yahudi ateis kafir dan lebih selatan tidak hanya memiliki terbesar populasi hitam di dalam diri kita itu memiliki lebih banyak orang kulit hitam daripada seluruh negara gabungan,0
pengguna pengguna saya dapat meyakinkan Anda ini jauh lebih umum di antara orang kulit putih dan untuk alasan itu ditujukan kepada mereka juga orang kulit putih setengah baya yang terkenal untuk memperlakukan server hitam seperti sampah,0
hanya negro untuk terus menambahkan lemak bayi karena mereka semakin tua.,1
Charlie Sheen adalah pria lol,0
ga Charlie,0
"pada hari Minggu, di, dua perempuan kulit putih mengangkat tanda-tanda untuk Marcus Allen kami ingin menanggung anak-anak mas. saya mengatakan kepada istri saya, saya tidak akan pernah menonton lain anti putih nfl game, lagi. saya telah menjaga janji saya.",1
backlash serius akan memukul dems musim gugur ini. truf hidup di semua kepala mereka menyewa gratis dan mereka tampaknya tidak dapat mengendalikan diri sendiri. mengalahkan persetujuan adalah cara yang lebih tinggi daripada kita dipimpin untuk percaya. menunggu dan melihat.,0
Charlie harus meminta maaf kepada anggota pesta teh.,0
Anda terbelakang.,1
Menurutku... kalian pelacur palsu oleh afiliasi..!,1
dua pengungsi twitter lagi saya pikir semua orang baik akan menikmati bercakap-cakap dengan pengguna baik menyatakan kebebasan patriot mencintai baik,0
pergi tidur jalang,1
pengguna pengguna lain grup feminazis dirilis ke masyarakat yikes,1
Omong kosong. Aku tinggal di nh. Putriku sekolah di cali. Dia dianggap non-resident. Ini jelas-jelas langkah untuk menipu warga nh,1
Its berjalan sedikit ruff,0
Kirim mereka semua ke afrea dan tenggelamkan perahu farkin!,1
pengguna sehingga pada dasarnya orang-orang di komentar marah karena ia membantu imigran,0
lmfaoooo bayi Anda hanya sebagai muda seperti dia,0
tidak ada kerajaan tentang pernikahan ini dia adalah bajingan dan dia adalah setengah nignog thobed dan bercerai katolik untuk boot itu noc bahwa baik ayah pengantin wanita dan ayah pengantin pria tidak hadir,1
"Kalian hanya bisa mengucapkan kata negro jika itu melekat pada liga kata. Maka itu sangat keren, guys.",0
"Mereka mungkin sebagai pemeliharaan tinggi sebagai salah satu jelek tua Jerman trabants, meskipun.",1
Aku gusta pollo sehingga espa;ol itu. lol.;,0
jonghyun didukung dan menulis lagu tentang menjadi gay,0
Aku tidak berpikir dia yang membunuhnya.,0
pengguna dan semua hewan yang dibunuh orang-orang merasa ngeri untuk beruang dan koons mereka dan mereka menyebut diri mereka liberal definisi liberal dan feminis telah berubah menjaga kamus lama,0
Aku menyebut pacarku jalang yang bangkrut sekali dan dia masih menang aku benci kamu,1
pengguna Anda mencoba untuk mengintimidasi pengikut gab saya jika mereka repost Anda menikmati memberitahu perempuan untuk fuck off jika pandangan mereka berbeda dari Anda,0
memalukan bagi kaum liberal... saya bertanya-tanya siapa wanita-wanita diperkosa di sekolah,1
ketika saya melihat nama pengguna seperti jill kews atau orang posting gambar kekerasan terhadap sipil hitam marchers di sini saya tahu mereka neo bolshevicks di sini untuk kencing di sumur itu dan akan terus menjadi masalah dengan ruang rightist,0
Aku lebih baik menonton cangkulmu,1
pengguna pengguna pengguna pengguna hingga mengimplementasi banyak orang hindu sikh sidhi dibunuh dan diperkosa mengapa ibu sekuler India kami,0
masih menutupi. dan bertaruh penulis anonim oped di kali ni di sept th adalah kali ny itu sendiri!!!! tidak ada adminstrator potus. tapi cud mengatakan itu sejak menolak untuk nama penulis ...semua untuk mengaduk omong kosong dalam,1
"steek d morele vinger maar in j neus, zelfde soort types bij nato stenigt vrouwen by Bosjes",0
hanya ada beberapa hari antara ketika moslem eksplody lunar bulan ramadan sudah berakhir dan awal jewlie,1
yo this niggah catch every tweet IIs oh my goodness,1
ini adalah total omong kosong perumahan aturan dipisahkan oleh pendapatan lebih dari apa pun aturan ini akan memaksa lingkungan kaya untuk memungkinkan nomor perumahan dibangun di masyarakat tinggi dengan kedok keragaman dan kesetaraan membawa ghetto kepada Anda,0
cnn gambar eksklusif dari keadaan pengungsi di laut lepas,0
Yang liberal!,1
membuktikan bahwa pasir negro menciptakan matematika,1
Tidak bercanda?,0
pengguna pengguna pengguna pengguna pengguna yang luar biasa untuk melihat saya menyukainya karena di leher saya dari dunia redneck orang-orang aneh terlindung dalam jumlah,1
jack posobiec donald truf jr di sebelah akan didakwa,0
Gila dan gila apa pertandingan yang sempurna untuk partai demokratis,1
"dari jihad aliran rutba, provinsi anbar, iraq",0
pergi berburu varmint sebelumnya saya menembak enam tupai dan kelinci tikus tidak ada kike meskipun sedih,1
Whiteprivilege adalah mitos yang diciptakan oleh Yahudi untuk mengalihkan perhatian dari jewishprizege,1
user lol tidak terkejut sama sekali dia harus menunggu sampai setelah pemilu jika ia menang untuk membawa jack jihadi,1
ini menjelaskan begitu banyak.,0
Aku bilang tidak ada presiden yang pernah membahas ras sebelum negro dan truf tidak perlu berakhir di keranjang negro atau sesuatu seperti itu sangat penjelasan diri sendiri,1
Monyet beruntung,0
Dan siapa yang Anda pikir mendorong liberals ini dari tebing rasionalitas ke dalam keragaman komunisme dan semua omong kosong lainnya mereka mencoba untuk menghancurkan negara-negara putih dengan sementara Anda sedang mencari ke dalam bahwa Anda mungkin ingin meneliti pelopor feminis modern mindset tujuan pikiran,1
"Jadi, aku melihat Emmy tadi malam, aku menyaksikan selama beberapa detik sebelum selebriti, aku belum pernah dengar, mulai berbicara tentang platform mereka. klik. liberal merusak segalanya.",1
situs dari mana transkrip di atas menawarkan semua pidato hitler utama dan direktif untuk referensi sejarah dan telah didukung sebelumnya.,0
"Tidak ada yang pernah berbahaya bagi masyarakat seperti Yahudi, binatang buas mereka, dan mereka tanpa pikir Mendengus gimmie.",1
ohh sial,1
wow pemberitahuan tidak ada isis fuck atau fuck pasir negro im hanya senang saya menemukan Anda seorang teroris sebelum sialan mendapat terlalu dalam dalam dalam dalam dalam dalam lari panjang saya kira tidak membahayakan tidak ada pelanggaran pada akhir hari itu adalah apa itu,1
agenda kue brownies besok amp; mengunjungi beberapa open house.,0
tidak ada Anda homo; maaf saya tidak bisa lurus seperti Anda dan menarik jalang gila;,1
maka kita setuju. bersama-sama. dan saya tidak suka semak-semak. terutama hw.url,0
Satu hal yang bisa kau andalkan adalah pria yang memberi kami pinata penuh skandal seks yang mengerikan terima kasih Meksiko,1
apa kau percaya ini terlihat seperti film peppermint baru adalah sebuah tembakan dari hollywood gun control crowd. apa yang kau katakan?,0
Aku sangat menyentuh bagian belakang jiwanya!!,1
ini tidak pernah ketinggalan jaman!,1
def a whiny bitch rt; a girl who cryes is a girl who cares.; or a whiny bitch,1
Untuk pria?,1
Apa yang dia maksud dengan angka ini hari sebelum Latin melakukan penembakan,1
daerah alam baru mengganti batas taman India mantan kebun binatang diharapkan untuk menarik berbagai burung migrasi,0
"Sial, mereka suka omong kosong seperti ini. Akan lebih baik jika mereka langsung mengatakan mereka benci orang kulit putih, akan senang melihat seberapa baik omong kosong itu terbang dengan semua lemming pasif di luar sana.",1
Aku mengikuti semua patriot maga ini.,0
pengguna menerima India bukan untuk pengungsi muslim mereka memiliki negara enuff ia telah mendapat dukungan di sini besar satu,0
Jika kau menyebut pacarmu sebagai pelacurmu saat bicara dengan orang lain kau tidak cukup menghormatinya,1
Amerika memilih keluarga ghetto dua kali,1
"Katakan padaku, coon.",1
"sehingga lampu saya off amp; pintu ditutup, ibu berjalan lampu di gilirannya. memberitahu saya untuk mengambil sampah keluar di pagi hari. kemudian berjalan keluar .. lampu menyala",0
Aku yakin bom moab itu tidak merusak rumah orang Kristen yang bekerja keras.,0
Jalang aku negro tua besar,0
Kami tidak suka kalian negro pasir.,1
terima kasih ini adalah awal kita harus mendapatkan angka-angka ini turun ke nol oleh apapun dan semua berarti diperlukan ini disebut pengungsi yang bukan penjahat seksual teroris harus berhenti menjadi pengecut dan kembali ke tanah asli mereka untuk melawan maga pengungsi notwelcome,1
pengguna ia bukan nazi,0
hawaii mengundang pengungsi ke pulau mereka dan gunung berapi mengatakan fuck no lmao,1
pengguna pengguna pengguna pengguna pengguna pengguna pengguna pengguna pengguna pengguna pengguna pengguna pengguna pengguna pengguna pengguna pengguna pengguna pengguna pengguna pengguna ada yang ingin bertaruh berapa lama sampai ia mulai menyangkal holocaust,0
bibit dan peralatan pertanian tidak pernah digunakan.,0
Kau wanita jalang jahat,1
"pulang dari kerja untuk pengiring pengantin, twinkies dan sebotol anggur bestmateever",0
gelandangan ini telah tidur di bangku taman untuk bercinta semua ..,0
Berdoalah agar cepat sembuh!,0
marxism budaya mempertahankan bahwa semua perilaku manusia adalah hasil dari budaya bukan ras keturunan dan dengan demikian merusak budaya marxism mencari pengambilalihan pendidikan utama Kekristenan terutama keuangan hukum dan pemusnahan peradaban barat pada orang kulit putih pada umumnya,0
terlalu banyak pria dewasa di sini khawatir tentang zona teman .... yall mendapat prioritas fucked saya nig,1
karakter video game kapten elang mempromosikan kejantanan nyata!,0
dia bilang di sini atau di mana lagi bahwa laki-laki kulit putih adalah keji,0
mayoritas dari Anda yang berbicara rendah pada imigran tidak bisa lulus tes kewarganegaraan,0
suara tentang benar harus mengisap menjadi menghambat yang tidak bisa mendapatkan pekerjaan yang nyata dan untuk sadar bahwa,1
Kamala Harris dengan cepat mendapatkan reputasi sebagai senator yang paling tidak jujur,1
Hari ini nomor di gym kami memenangkan permainan bola mattball karena keledai terbelakang saya,0
Siswa kulit putih diduga pin turun gadis hitam tegas memotong rambut gimbal nya gimbal palsu media berita mana kepala berita baru sakit mental gadis hitam berbohong tentang diserang oleh anak laki-laki kulit putih amari allen,0
Aku pikir kau akan mendapatkan petunjuk bahwa kita tahu kau adalah vagina palsu dan menghapus akun palsumu.,1
tapi kontrol senjata,0
oke keren maka saya bukan satu-satunya; tambang adalah hitam dan fuzzy dan memiliki merah muda di belakang semua berkilau; hallelujah,0
"Lalu apa bagian dari larangan konstitusional yang mereka gunakan untuk inspirasi selanjutnya? mereka sudah melanggar kebebasan berbicara, atau pers dan bekerja korupsi darah...",1
Yankee seharusnya tidak bergantung pada bola panjang di playoffs yankees mlb,0
dalam jumlah juli raghead dalam baik jumlah france dibunuh dan terluka ratusan dengan truk dicuri ketika ada akan ada cara senjata api melindungi warga biasa terhadap setan,1
Aku benci kau.,0
Panggil Richard Spencer homo.,1
sampah pagi,0
user user nope tapi mengapa posting sesuatu homofobes akan mencintai diri membenci gay sangat bahagia orang,0
daging homo memiliki lebih dan roh yang lebih tinggi lebih tangguh dan lebih tangguh dari semangat homo xtian mengamati kebenaran,0
Saat Baylor menang aku bicara banyak omong kosong,0
pengguna dia seorang faggy kike oh yeah bill mitchell mendapatkannya juga dia menyalakan alt yang benar kemarin juga mengatakan genosida putih dan jq adalah teori konspirasi,1
pengguna saya berdiri oleh pengungsi,0
Berikan oscarnya!!,0
Kau bilang pada negro kalau kita baru saja bercinta dia memukulku dengan itu jadi ketika kau menjadi anakku yang menyebalkan apa?,0
ini homo gemuk id seperti anak tumbuh gemuk,1
Jadi kau bilang platform kontrol senjata dan reformasi tidak ada yang perlu mereka khawatirkan? seperti kavanaugh akan membunuh wanita dan gay?,1
pengguna ia sudah mengakui menjadi seorang pria hanya mengatakan Anda gay dan membiarkan delusi ini mati,0
Ditambah dia adalah reporter sungguhan dan memiliki keberanian dari peleton marinir.,0
p.f.chang adalah applebee Asia,0
"Jika aku menjalankan negara ini kamp pelatihan Islam akan diturunkan oleh marinir kita dalam kegelapan malam, satu per satu, tidak mengambil tahanan dalam proses. Orang gila muslim iblis tidak layak untuk bernapas lagi kebebasan Amerika.",1
Saya ini seorang duta besar yang terikat di dalam penjara supaya saya dapat berbicara dengan berani seperti yang seharusnya saya katakan,0
pengguna dan semua bawang putih harus karamelisasi ya saya mengatakan itu,0
"Kami mendistribusikan propaganda, mendidik orang, membantu kulit putih, mempekerjakan orang kulit putih, posting online, jaringan, menjaga lingkungan kita aman, dll ...",0
Aku berjanji padamu aku tidak akan membiarkan negro lain tahu tentang aku lagi negro ini benar-benar melempar ketika aku diperkosa di wajahku karena itu tidak masuk akal baginya diperkosa dan melihat apakah itu masuk akal bagimu juga,0
sampah jet,0
Siapapun yang ada dalam hidupmu yang berpikir itu salah untuk mengungkap pedofilia dan memberikan informasi itu kepada penegak hukum menyuruh mereka menjaga anak-anakmu kau akan tahu siapa yang sebenarnya idiot,1
"Kau yakin tentang itu, miring? Mereka plagiator, dan kau tidak tahu siapa aku.",0
Aku kenapa kolonel Sanders tampak seperti rambut putih Markiplier sis Pls tidak pernah mengatakan itu lagi,0
"Jika kau ingin mendengar suara orang intelektual kulit hitam, coba lihat wanita di video ini mencoba berdebat tentang Dr. William shockley.",1
venezuela ecuador adalah demokrasi itulah sebabnya jika Anda memenangkan ghetto di sana Anda memenangkan negara venezuela juga demokrasi sosialis sejati yang sekarang mempersenjatai pendukung mereka dengan senjata api disita dari orang lain yang gagal eksperimen republik sosialis atau kematian berakhir globalisme,0
bawa ke tempat lain dan berhenti membuang-buang ruang.,0
"(Yaitu) orang-orang yang setiap hari diantara kita selalu meminta (pertolongan) kepada Tuhannya, dan mereka tidak memohon (kepada-Nya) dengan berdoa kepada-Nya setiap hari untuk (mengerjakan) yang lebih dahulunya (mengugerahkan) kekafiran.",0
pengguna pengguna tidak layak untuk di puji wanita lagi,0
ratko mladi baru saja dihukum genosida dan kejahatan perang di hague tapi dia benar-benar tidak melakukan kesalahan es mladi kematian untuk negro pasir,1
Aku yakin kita akan melihat review pemain pinjaman game juga hanya karena orang-orang yang banyak vagina,1
citra teroris eksplisit pengguna yang berarti tidak ada lagi mengekspos apa yang muzzies lakukan,1
Aku benci orang-orang di Fiu bitch. Bergeraklah seperti negro yang punya kelas bercinta.,0
seseorang pengguna tolong jawab pertanyaanku dalam kasus ini dimana kiri membawa sumur bagaimana jika aku diperkosa dan mendapatkan skenario hamil kenapa tidak bisa orang menggunakan pil b rencana i don t bahkan mendengar orang membicarakan ini apa yang saya hilang,0
Kau wanita jalang yang paling cantik di luar sini.,1
sven memiliki ikon pacar gay,0
oh jadi sekarang Anda membandingkan sebuah badan penegak hukum pemerintah yang tunduk pada hukum konstitusional untuk perusahaan swasta. ya itu masuk akal. tunggu... tidak tidak. berhenti bicara. kamu benar-benar tolol.,1
Kau pria jenius. Aku butuh kau untuk kelas. Jadi kau bisa membantu seorang pria.,1
Berhenti islam sekarang,1
u dan u fishhead adalah sampah u menikah zipperhead,1
pussy pence adalah seorang globalis yang dikeringkan dari rawa dc untuk mencoba untuk melewati amnesti besar sementara di kongres ia perlu pergi hidup di syria dengan lumpur rapfugees dia mencintai,1
"Tidak ada teabaggers, bukan tentang benghazi, itu tentang pesawat dan menara tersebut. Berhenti menonton berita rubah.",0
user trump seharusnya memberitahu mereka untuk kembali ke tempat asal mereka tapi kita tahu dia tidak akan hanya mengatakan kepada orang coklat,0
pengguna satu terakhir kali skippy rumah putih merilis catatan pada percakapan pengkhianatan Anda dengan zensky rumah putih Anda sendiri mereka harus membenci Anda begitu banyak untuk telah melakukan itu,0
mencuci sepatu putihku mereka begitu bersih dan cerah,0
Aku sangat muak dan lelah dengan semua idiot ini yang berpikir jacobzuma adalah masalah yang aku putuskan untuk memegang cermin sebagai gantinya.,0
Aku merasa terganggu dengan pizza topping terbaru iklan pizza topping favorit Anda restoran paleo sentris yang memanggang normal kemudian mengikis barang-barang yang baik off untuk Anda khawatir para pendiet tidak khawatir tentang kerak semua roti diberi makan untuk anjing negro kita tetap di ruang bawah tanah,1
politisi bukanlah badut pengecut. gelar itu cocok dengan pemilih Amerika. mereka tidak melakukan apa-apa dan terus memilih orang-orang yang tidak mewakili mereka.,1
pengguna edmund fitzgerald daun untuk canada besok pagi semua muzzies diterima dan gratis,1
kita memiliki pendapat yang berbeda tentang bagaimana terlihatnya hukum pengendalian senjata yang lebih baik dalam satu kasus alien ilegal yang tidak berhak berada di sini terlibat dalam kasus lain Amerika memiliki hak. bisakah kau membedakan antara Amerika hak asasi asing ilegal?,0
pengguna pengguna tidak ada yang mendukung imigran ilegal tapi dia mencoba menargetkan hanya imigran muslim apa artinya imigran ilegal adalah imigran ilegal bagaimana bisa Anda mengecualikan hanya satu komunitas itu menunjukkan betapa bencinya mereka terhadap muslim di India,0
Mereka telah menyebabkan kebencian mereka sendiri dari bangsa-bangsa oleh kebencian mereka untuk orang lain.,1
pengamatan pada artikel wakil tentang twitter untuk rasis jika pernyataan mereka benar dan gab mewakili penerbangan putih tidak berarti bahwa twatter telah menjadi ghetto berharga yang telah menyebabkan nilai sahamnya turun i don t berpikir wakil berpikir melalui implikasi akumulasi mereka,0
Aku akan mengidentifikasi pelakunya berdasarkan posting terakhirmu nasionalis kulit putih yang harus disalahkan atas genosida kulit putih di Afrika Selatan mendapatkan seluruh omong kosong itu,0
penggunanya masih valid tapi berteriak ceck pada semua orang yang tidak setuju hanya terbelakang dan membuat Anda terdengar seperti anak kecil tapi kurang panas,1
tidak ada pengguna kita dapat bercinta sebagai pelacur putih sebanyak yang kita inginkan hanya tidak istri satu,0
hiac Matt hardy sialan dan randy orton mengenakan satu neraka dalam pertandingan sel!! woooo!!! saya berharap dia baik-baik saja!!!!!,0
Jadi lelucon dalam dan saya begitu disebut inept pelikan wow haha pergi bersenang-senang konyol saya kira negro,0
desainer sabuk dengan fit sampah masih sampah ..,0
berikut semua!,0
Apa-apaan? Anda tidak peduli tentang teman Anda? Anda bukan teman sejati maka dia tidak kehilangan siapa pun khusus maka cuz Anda bahkan tidak bisa menjadi teman sejati dan thats sedih,1
Siapa yang akan lebih baik anne coulter atau laura ingrahm keduanya akan baik untuk berbicara jahat ketika saya berkembang biak dengan mereka memberikan laura bayi putih yang tepat kemudian berbicara kebencian negro dengan Ann coulter,1
Bagaimana kontrol senjata bekerja di Chicago?,0
tapi aku tidak bisa membeli besok. itulah sebabnya aku pergi cangkul keras.,1
tampaknya adil bahwa kidal yang menikmati melecehkan agen es di rumah mendapatkan perlakuan yang sama.,1
dan membuang-buang waktu.,1
pengguna pengguna pengguna pengguna mereka tidak pernah mengatakan bantuan ini akan termasuk menjadi pantat diperkosa oleh jimmy savile sementara para ibu menonton.,0
Jika kau punya gadis yang baik jangan mengubahnya menjadi jalang yang buruk.,1
pria berbohong wanita berbohong nomor tidak,0
iggy azaelia adalah tidak ada yang memukul heran. dia adalah jalang buruk.,1
dummyDonniejr ini dari idiot . apel tidak jatuh jauh dari pohon ketika datang ke berbohong . orang Amerika sudah cukup dari kepala pembohong dan Anda sebenarnya memalukan serta seperti ayahmu,1
Bill Anda harus diam pada kontrol senjata dan imigran. Anda memiliki tahun dan tidak melakukan apa-apa. Jangan menjadi quarterback Senin pagi sekarang. sedikit terlambat.,1
seorang beaner yang mencoba mengadu pada atomwaffen dan mendapat doxx,1
pengguna pengguna dia ingin sebuah ethnostate putih dan berpikir bahwa holocaust tidak terjadi dan bahwa globalis Yahudi mengontrol segalanya,1
Demokrat munafik yang membenci Amerika liberalisme adalah sifat yang bersifat sementara mengatur segala sesuatu yang disentuh kaum liberal berubah menjadi omong kosong... url,1
Aku tidak melakukan hal seperti itu Anda tolol psikotik saya mengatakan takut perempuan donct melaporkan pemerkosaan Anda entah bagaimana membuat bahwa ke saya ingin pemerkosa untuk pergi bebas setelah Anda mengatakan setiap wanita yang takut setelah diperkosa tidak berguna bagi masyarakat Anda adalah salah satu jackass unhinged,1
pengguna pengguna juga Anda mungkin sedikit benar dengan hitam pada kejahatan hitam tapi mari kita membawa fakta bahwa orang kulit putih adalah pembunuh berantai dan benar-benar merencanakan pembunuhan thier dan secara mental saya akan ketika melakukan hal itu hitam tidak dikenal untuk pembunuhan terencana,0
konservatif tidak menghargai kesetaraan gender. mereka menghargai cara mereka berpikir hal-hal yang selalu. mereka mengutip Alkitab untuk mendukung kekuasaan pria atas perempuan. itulah sebabnya banyak republik yang membenarkan pemerkosaan kavanaughs dari usia satu tahun sebagai perilaku laki-laki normal.,0
Gadis kulit hitam mencangkul karena mereka bercinta negro untuk balas dendam uang dan omong kosong bodoh seperti itu,1
Jika ibuku setuju dengan wtf saya keberatan yo bisnis jalang,0
Aku tahu banyak imigran Meksiko yang mencintai truf karena dia akhirnya mengatasi masalah nyata dia bukan rasis,0
Aku tidak pernah menaruh cangkul b bros ku,1
Aku pikir tukang sampah seharusnya membawa sampah ke tempat sampah tapi mereka tidak akan membawaku ha ha ha.,0
i bangun setiap pagi berharap jalang akan.,1
yang dapat dibuang pemain dapat kita masukkan dengan tujuan tunggal melanggar rahang beverley?,0
selama bertahun-tahun gay pria genderis telah menyaksikan komunitas lesbian ditekan untuk menyangkal homoseksualitas perempuan dan pusat laki-laki dan mereka tidak peduli tapi sekarang bahwa akhirnya giliran mereka untuk menyangkal seksualitas mereka tiba-tiba memiliki masalah oke,0
mengenakan sepatu baruku di sekitar kota yang datang untuk membersihkan mereka findomslave findom footfetish,1
dan begitulah dimulai. lt;lt;lt;lt;lt;a;tidak adil dan bias dan tidak beralasan menargetkan konservatif dalam penyensoran besar-besaran konservatif latihan gt;gt;gt; berdoatheusa doarevival,1
"kami baru saja mengunjungi seorang kerabat di London .. tuan tuhan, London tidak seperti London saya menghabiskan liburan sebagai anak kecil .",0
"Ya, bunuhlah iblis putih itu, teror itu merusak.",1
Kenapa orang-orang bertingkah seolah-olah mereka tidak tahu kalau cangkul Allen akan pergi ke cavs bulan lalu?,1
video cfl lb solomon elimimian sampah berbicara lawan selama wawancara paruh waktu,0
Siapapun membocorkan info tentang siapa di Youtube adalah supremasi putih neonazi fiddling dengan algo tampaknya yang harus drop berikutnya bersama dengan metrik menghubungkan up infosec berbicara kepala dengan pelecehan mereka dan kaus kaki nazi benar kedok,0
Mungkin mereka membingungkan kembali fakta bahwa kita lelah libtards di tv untuk kita bosan orang kulit putih.,1
Jelas sekali ada orang aneh dibelakang ini,1
itu sucks hy,1
Kepala polisi lesbian dipecat petugas laki-laki kulit putih baru saja dipecat oleh burqa bedy yang memilih membunuh lumpur atas suara gay apa pun burqa bety lakukan ketika ia kehilangan pemilu dan polisi tidak merespon panggilan untuk bantuan ketika ia lumpur menuntut masuk ke rumahnya dan kamar tidur,1
"Panggil aku bodoh atau apa pun, tapi aku tidak tahu mereka selamat. Jadi ada serangan gas dan kelas militer, namun semua orang bertahan dengan baik dan hewan peliharaan mati tanpa sadar karena pemilik tidak bisa pulang untuk merawat mereka.",1
Itu adalah bagaimana dia belum dewasa tidak menyebutkan kelas sama sekali o! bahkan dimmer,1
user im a bitch and hoe,0
bagaimana seni kesepakatan diterjemahkan ke politik saham tinggi,0
Sayang sekali kami tidak bisa mendeportasi Anda bagaimana pernah masuk ke kantor untuk memulai dengan ya wop dengan keluar kertas dari hari-hari pertama imigran Italia ketika mereka memukul pulau ellis dan beberapa port lain masuk betapa buruk bagi kita belatung cuomo,1
ah ya hanya mendapatkan pekerjaan yang lebih baik. Anda menyadari sebagian besar pertumbuhan pekerjaan baru dalam industri jasa? dan dengan berapa mahal pinjaman mahasiswa perguruan tinggi kurang dan kurang realistis bagi orang-orang.,0
dua hal yang ras tidak semua memahami rasisme tidak berhenti di perbatasan ras itu berlaku dalam ras juga untuk individu dan subkelompok lainnya satu dapat sebagai naif tentang kapasitas pemerintah seperti tentang kapasitas negro,1
James dia berada jauh di dalam konfirmasi bias sendiri dia tidak dapat melihat logika dan alasan pada saat ini.,0
Albert konservatif menyebarkan kebohongan Anderson Cooper palsu badai ... url,1
over dakwaan karena berdiri sejauh check out s tweet,0
satu bagian dari Skotlandia tanpa masjid.,0
Siapa yang melakukan polling?,0
Conan Obrien perlu mendapatkan kehidupan dengan jutaan makanan monyet mungkin.,0
tommy robinson dan britain pertama melakukan lebih baik untuk membawa kekerasan terhadap wanita gadis dan anak-anak di tempat terbuka sehingga orang tidak akan memberitahu Anda saya lakukan,0
Pnd adalah jigga man saya.,0
Apakah kompetisi di TV untuk mendapatkan yang paling asing tampak hitam dan untuk menempatkan mereka dengan seorang wanita kulit putih?,0
Saudi arabia yang memenggal kepala lebih banyak orang daripada isis diterima di uk jihadis disambut kembali dalam jurnalis konservatif dalam jumlah mereka adalah teroris dideportasi masuk ditolak di uk truf adalah moslem khants diviled mengatakan dia tidak diterima diuk dia dipersilakan,0
biarkan aku mendapatkan ini lurus ok jika saya mengkonversi ke islam saya dapat menyalahgunakan perempuan dan anak-anak tanpa menangkap panas kanan saya mendapatkan dengungan yang tepat,1
Anda berbohong negro yang kk melakukan hal seperti itu fam Anda negro yang mendapat digantung adalah mereka yang diperkosa dirampok dan mencoba untuk membunuh putih mereka digantung atau sebaliknya untuk alasan yang baik gtfo dengan omong kosong Anda pappy Anda Anda perlu kembali ke Afrika,1
aku marah. kau tahu kenapa karena aku ingat mengikuti Anda berdasarkan isi posting Anda. saya mengikuti Anda sekitar pemilu. Anda dan banyak orang lain lkke saya berjuang untuk bukit melawan seksisme nyata dan kebodohan. semua saya bertanya mengapa liberal menyerang kaum liberal lainnya url,0
dan zaitun hitam gugguk,0
"gila nya. jika perempuan menipu, nya begitu salah. shes setiap jenis cangkul ada tetapi jika seorang pria menipu, ada semua ini adil;",0
Tolong bisakah aku minta apapun yang telah kau hisap? Itu barang berkualitas yang kau keluarkan.,1
user tag bahwa idiot dia bahkan tidak melihat tweet dikutip aa gayi baat karne bedimaag besharam,1
"i berarti kebanyakan ppl membingungkan ketika digunakan untuk dan juga, nicca ini menggunakan kata dua ketika ia harus sudah digunakan untuk;",0
"Hanya logam, honky!",0
"vaginaldavis adalah seorang pemain radikal, pendidik, dan seniman yang merangkul kehidupan di margin dari berbagai identitas. dia adalah teroris intersex menyeret ratu kreol hitam, Meksiko, dan german Yahudi akar lahir di los angeles, ca kadang-kadang sekitar s!",0
heteroseksual pengguna berada pada spektrum yang sama homoseksual dan melibatkan perempuan dengan cara yang sama homos terlibat satu sama lain Anda semua sangat aneh jika seorang het pria merasa kekerasan terhadap beberapa mo ia harus mempertimbangkan leher dirinya sendiri,0
"membawa dalam aturan jahat totaliter untuk mendominasi populasi untuk politisi kriminal, royalti, globalis kaya luciferian,s.... pedofilia yang mengorbankan anak-anak untuk hobi! sama! sama!",1
pijat terbaik Asia di taman lereng atas rated spa;,0
Corona virus mencoba membunuh kita semua dan orang-orang masih di sini sedih dan depresi seperti kau lebih baik menikmati hidup sementara kau masih bisa,0
pemegang bertanggung jawab untuk menjual senjata kepada kartel Meksiko. hanya lain pemerintahan administrasi obama pemutus hukum.,1
melati men-tweet pekerjaan orang ini dan masih harus tweet dan saya diberitahu menarik brees saya mohon maaf pantat negro Anda dan mendapat dinonaktifkan untuk nomor jam,1
Arbg berikutnya! tidak bisa menunggu! rasis yang tidak toleran penuh kebencian di sebelah kiri tidak akan menang!,1
pengguna dia bukan sejarawan sebuah jihad adalah istilah yang benar,1
Siapa yang tahu mafia gay itu nyata,0
Orang kulit hitam lebih suka pria kulit putih yang suka memukul-mukul besar pria ghetto lebih suka perak yang ramping yang lebih halus mengelilingi sistem suara scousers menyukai radio mobil sobek saya tidak bisa membantu stereo mengetik orang,1
pengguna pengguna saya selalu bertanya-tanya mengapa Weidner bertindak seperti homo,1
Ini kota poligami di arizona jika kau ingin ada pelacur di dek bergerak kesana,1
melihat Anda pecah segera setelah senat mulai berbicara tentang besar tingkat pertumbuhan dan gaji meningkat untuk karyawan. stasiun Anda begitu bengkok!!! juga negatif pada konservatif dan memuji liberal! menguras negara dalam bengkokmedia!!!!!,1
"Mungkin dia bisa memanggil kembali hootie, dia tidak menjawab lagi tapi masih memiliki gagak.",0
dan aku mungkin bercinta denganmu di rumah pelacur...,1
Christine liberalsareperate setiap kali liberal tidak sampai di sana cara mereka menangis rasisme atau kekerasan seksual. Sulit untuk percaya,1
Foto kate upton bersorak di yankes di pertandingan tadi malam,0
ketika muzzies mulai meledakkan anak-anak lagi dan menargetkan sekolah-sekolah saya percaya orang akan snap itu akan permainan pada saya tahu banyak mantan militer yang sepenuhnya siap dan siap untuk pergi,1
Lihat reaksinya pada tanda kedua. Betapa menjijikkannya dia.,1
Ini coon penuh dengan omong kosong,1
user fix your game stupided bitches,1
ingat ayah menjalankan cangkul rotari atas jagung setelah membeku untuk mengetuk daun mati setelah mereka berubah cokelat,0
naah da twitter bird ;,0
tim sepakbola fantasi lucu bernama Jnr kampus lesbian glee pria gay,1
Islam adalah ancaman bagi orang Yahudi.,1
Mereka jelas mencoba untuk merendahkan siapa pun yang tidak setuju dengan mereka sehingga mereka bisa merasa dibenarkan dalam melakukan tindakan kekerasan terhadap mereka mereka mereka tidak menyadari mereka bersiap-siap untuk melawan orang-orang yang tidak memiliki hak seperti itu untuk bersenang-senang dengan fisticuffs,0
Pikirkan tidak apa-apa untuk mengambil properti saya dan memecahkannya?,1
Dia cukup hebat!,0
Yahudi mendapat putih kecanduan budaya negro,1
"Yah, itu jelas tindakan yang bodoh tapi dana anti putih pidato kebencian dan tentu saja imigrasi massal adalah kejahatan antiputih asli yang besar yang tidak seperti lelucon hambar ini akan benar-benar mengakibatkan kekerasan terhadap orang Yahudi",0
tentu saja tidak masalah. mengapa itu? buruk mengikuti Anda juga! terima kasih,0
Aku menemukan megacarrot di toko hari ini! retweets dan sakit mendorong itu vagina saya; gambar!!!!!,1
Tbh saya selalu berpikir itu akan menjadi lucu jika Oprah terbunuh di wajah.,1
Jadi dia hanya masa depan kesejahteraan peternak negro,1
Aku benci jaket kuning tidak bisa merasakan lengan dan belakang lol,0
"Persetan dengan perasaan negro, persetan dengan negro jalang.",1
datang dari seorang pria yang harus ditangkap dan dikenakan biaya sebagai aksesori. i topi orang gila.,1
homo,1
Negara bagian dalam membuka kedok departemen negara pada cam tersembunyi,0
pengguna dan pelacur tidak tahu berterima kasih masih mengobrol bahwa homophobic chatting wow,1
tato top thot mimpi penangkap burung bulu inspirasional kutipan bahwa mereka tidak hidup oleh hewan p;,0
menyemprotkan gerobak belanja yang layak aerosol di udara untuk memiliki homo,1
jalang saya ingin tahu,1
Terima kasih atas dukungan Anda,0
"Jadi, aku bisa mendapatkan sesuatu yang dekat dengan burung penuh yoga surga. Waktunya untuk membuat cosplay radoll ku.",0
cnnisfakenes Anda bertanya-tanya mengapa peringkat Anda mengisap ... cnnisajoke berita palsu maga url,1
Pria kulit hitam di kelas mencoba melempar bola kertas ke tempat sampah merindukan Ny.,0
Hanya belajar bahwa ada plot politik Jepang untuk membunuh Charlie Chaplin.,0
media ingin mempromosikan sebuah Ireland multi kultus pro dan tidak semua bencana yang telah disebabkan di ireland,0
tldr diam dan membunuh pasir negro untuk muh izrul goyim Anda berada di sini untuk tidak mengajukan pertanyaan,1
"Anda tidak perlu berbohong, menjadi hanya skeptis nya kebajikan sinyal, yang kemungkinan dia tidak percaya pula adalah jalan untuk dominasi.",0
tidak ada Asia tidak ada Yahudi universitas akan menurun lebih cepat daripada tikus pipa pembuangan,1
Penbenci akan membenci semua konservatif.,0
berita palsu seperti dan akan gloss atas hari ini berkat tindakan sirkus christineblaseyford konfirmasijudgekavanaughnow sehingga kita bisa kembali untuk memicu liberal dengan berbicara tentang kesuksesan.,0
truf sebagai raja Israel sepenuhnya tepat sebuah etnostate harus memiliki rasis dan nazi sympatiser sebagai raja,1
"aku menangis ketika thurmanmunson meninggal, dan aku menangis bertahun-tahun kemudian. kapten yankes",0
Dia adalah korban selamat yang kelaparan. Dia meninggal di Rosh hasanah.,0
Mereka takut akan kering asfuck dude saya,0
Dia kotor seperti truf... dia mencuri daftar pemilih kampanye tedcruz dan memberikannya untuk mengalahkan url,1
Aku adalah pelacur kulit putih,1
Itu bukan namamu. Rekeningmu palsu seperti uang dolar. Kau sepadat roti tak beragi basi.,0
politik FBI...,1
jumlah lesbian saya tahu bahwa hidup di lesbi jalan begitu sialan lucu lelucon harfiah menulis sendiri dude,0
LLOOO naw man rt yo want in rt u serious bro?? lol rt am early bird special,0
Negro tidak keberatan berbagi cangkul,1
pelacur aight yang mendapat plug,0
dawg ass hoes,1
Tak ada habisnya tapi mereka benar-benar sampah sehingga tidak ada rt laki-laki berapa banyak positif dan mungkin yall memiliki pada fri thru matahari malam?,0
Yaaaaaaay. homo pemarah yang ingin meracuni presiden truf.,1
para pengguna lol menyarungkan beberapa dari hoodrat ini adalah ghetto baik-baik saja,1
Jika kau adalah pasangan kulit putih dalam nomor dan nomor dan kau bisa mengadopsi anak asuh kulit putih dan memberi mereka rumah yang baik aku bilang kenapa aku tidak terlalu tua untuk melakukannya tapi aku akan memeriksanya,0
"libtards tidak bisa keluar dari cara mereka sendiri, yang memberikan beberapa humor bagi kita nonseolple yang masih bisa berpikir untuk diri mereka sendiri",1
Tidak ada gunanya beralasan wanita yang lapar dengan penis.lupakan dia dan biarkan dia binasa dalam rasa malu setelah negroid menendangnya setelah beberapa kali mencoba.,1
"Sayangnya, Yahudi telah memusatkan pemusnahan orang kulit putih un negara semacam ini menyebabkan mereka membenci kemurnian pirang bagi mereka setiap gadis kulit putih harus dicengkeram atau diperkosa atau cukup bodoh untuk memiliki sperma sub manusia cokelat dalam rahim mereka untuk membuat genosida putih dengan pencampuran ras tak terbendung",1
Tuhan tidak pernah khawatir karena dia kuat,0
Aku berharap dia menemukanku juga.,0
berbicara tentang apakah ada yang tahu yang goy kelompok Yahudi kawin dengan dalam jumlah terbesar saya berada di bawah kesan itu baik Asia atau katolik,1
Hussein adalah penghuni ghetto,1
i am just down the way to you.welcome to the board.it breaks my heart every time i go to galway city and see the number of blacks there. The week I was walking down shop street and there was moslem standing in the street sell copys of,1
bagaimana dengan Charles yang bertanggung jawab dalam film dengan shia lebouf sebagai Charlie dan ryan gosling sebagai teman.,0
Aku bersumpah cakar putih itu membuatku dalam suasana hati yang baik membuatku mencintai semua orang,0
sehingga mereka tidak bisa lari ketika Anda mengejar mereka dengan tongkat baseball lmao mereka perjalanan di celana mereka bertanya-tanya mengapa mereka berakhir di penjara mereka terlihat seperti brengsek terbelakang off,1
pengguna sehingga adalah perang aneh untuk menjadi terminologi resmi untuk itu tidak gay ketika Anda sedang berlangsung tapi aneh ketika Anda berada di dermaga,0
"Aku burung yang lebih awal dan lim burung hantu malam, jadi aku bijaksana dan memiliki cacing.",0
hari ini aku menata rambut dan makeup... dia selalu mencoba membuatku terlihat seperti monyet.,0
"Biar kuperjelas. Aku tidak suka kaum muslim tapi mereka tetaplah budakku. Jadi mereka tetaplah saudaraku. Selama mereka menjaga agama mereka sendiri, maka tidak ada masalah bagiku.",0
Anjing makan betta den yang paling berwarna.,0
Pergi anakku. Kau begitu membosankan sehingga kau bahkan tidak bisa menghibur keraguan.,1
titik yang adil tapi aku tidak membuat meme dan tidak bisa mengambil gov besar menyebalkan dari itu. dan muncul campur tangan dalam banyak kabupaten politik dan ekonomi. ia mendanai kehidupan antifa hitam peduli untuk mencoba dan membagi kita orang-orang untuk mencoba dan merobek negara terpisah url,1
i think jika pacar saya adalah untuk mendapatkan dikurung gudang menjadi yang pertama diperkosa.,1
Orang baru harus membayar saya uang untuk berada di sekitar umum saya dan orang kulit putih harus membayar ekstra,0
rofl!! adalah bahwa hakim hawaii yang menyebalkan obombas peepee setiap kali dia bisa?? lolololololol,1
terjadi pada lecor dan saya di mana tingkat frame kami turun oleh jumlah yang layak dan frame tetes,0
Ini sungguh bodoh seseorang harus menampar orang ini,1
berjudul mudshak merengek dia terlalu baik untuk bekerja,1
fuck off trailer taman nigbeat saya tidak berhubungan dengan negro kesejahteraan seperti Anda gtfoh negro,1
bertemu pengguna dia adalah nazi kidal kecil seperti Anda Anda nomor akan bergaul besar,1
melihat nip rings i cant menunggu sampai saya dapat mengubah tambang;;;; lmao,0
"Orang yang sama yang selalu cerita padamu tentang aku adalah pelacur yang sama yang mencoba bercinta denganmu, orang yang sama yang mengatakan padamu bahwa kau adalah mayne;",1
sangat mengecewakan orang ini adalah munafik terbesar di negara ini memalukan bahwa dia adalah senator kita,1
lemme menebak Anda mengenakan hickes bergerigi berkeringat;;;;;;;;;,0
"Hei teman, bisa kau jelaskan kemana orang Yahudi mendekati holocaust.",0
pengguna ini adalah non stop coning disensor yang ditampilkan oleh wanita kulit hitam ini negresses memberikan kesan yang mengerikan pada saudara b benar yang untuk pemberdayaan hitam dia adalah pengorbanan putih dan dia mungkin akan mendapatkan hukuman terendah Tammy yang mammy,0
Terima kasih. Amerika dihormati lagi! maga kaka kakadtosaveamerika,0
jangan merasa buruk para muzzies memiliki pesta setiap kali Barat diledakkan jumlah sorak,1
canada tidak perlu lagi cuck! kita sudah memiliki cukup liberal yang lepas dari fking up negara besar kita! qproofs trudeaumustgo!,1
Kembali ke Breitbart kau terdengar seperti boomer terbelakang,1
dat nicca memiliki jordan cleats !,1
Hanya berjanji padaku ini bahkan jika saya nomor tahun kotoran celana saya bau dan saya sekarat dari kanker bola tidak menempatkan otak saya dalam tubuh negro plz,1
pengguna pengguna wow orang clad hitam semua putih yang akan sudah menduga,0
pengguna tapi nigga saya Anda hanya perlu nomor empat loko untuk berada di lokasi,0
seharusnya tidak ada argumen terhadap ini tapi sekali homo mendapat suara itu terlalu terlambat,1
negro Meksiko ini adalah seperti homo sialan,1
brownies ini bro,0
lebih empiris bukti bahwa liberal adalah fasis yang mencoba untuk merusak Amerika dengan menghancurkan hak-hak berdaulat rakyat.,0
putin syria telah dibebaskan waktu bagi pengungsi untuk kembali,0
kebanyakan niccas pecah tapi selalu di pusat perhatian,1
"akan posting ini di sini. keajaiban pertemuan, permainan kartu anak-anak populer baru-baru ini pergi melalui versi mereka sendiri gamergate, dengan kiri radikal tuan rumah pembersihan siapa pun yang tersisa dari mao. salah satu dibersihkan mulai mengumpulkan bukti, dan mengungkap cincin pedofilia di staf.",1
pengguna sangat memperhatikan bbs bias bj diduga telah menyentuh kaki remoaner dua puluh tahun yang lalu ia menyangkalnya dia tidak jimmy feckin savile mengutuk buruh sebaliknya yang ternyata buta mata ratusan anak diperkosa dengan membersihkan geng di rotherham bb cfake,0
Kau ragu semua yang kau suka itu terbukti benar.. ..lakukan orang bodoh di jalanan terlihat putih bagimu.. ..berlaku buruk pada minoritas..,1
pengguna pengguna mungkin benar,0
nomor karung untuk trent cole sialan jalang itu up,1
Jihadis mengejek ampli Amerika; menyebarkan tenda paranoia yang muncul dalam video kamp pelatihan daesh dekat mosul.,0
ibu dengan anak pasir negro dengan setengah negro,1
smh rt tyga shoulda know blacc Chyna was a hog when his son crip walked out her pussy.,1
pengguna jelas Anda belum berhasil ke abad st di mana kemajuan seksual adalah pelecehan dan latihan dalam privilase laki-laki putih,0
Ini adalah ras yang sama yang berpikir memperkosa bayi menyembuhkan alat bantu.,1
Presiden meskipun semua buku kebohongan Woodward dan Anda dan barak telah melakukan sejauh pekerjaan yang luar biasa kita dihormati lagi ekonomi kita tidak lagi animik kurang dari dan musuh-musuh kita takut kita lagi John Anda dan sejarah barak r,0
Orang kulit putih harus kembali ke pre ketika pria menikah dan membesarkan anak-anak mereka laki-laki bekerja di pekerjaan apa pun yang diperlukan untuk memastikan keluarga mereka memiliki kehidupan yang baik putih pria harus menolak moral ghetto dan hidup untuk keluarga dewa dan Amerika,1
pipa bawah negro kekasih,1
dibutuhkan beberapa jenis bodoh untuk percaya logika sjw di mana mereka dapat mengatakan hal-hal seperti gender adalah sebuah konstruk sosial tapi kemudian pergi dan mengatakan pria adalah wanita istimewa tertindas dll karena,0
hei ontario kaum liberal mengambil miliaran dari Anda amp; memberikannya kepada perusahaan-perusahaan nasional multi menyebutnya rencana energi hijau jangan khawatir Anda pada hook selama bertahun-tahun ... sebagai alternatif nyata yang layak selain menyembunyikan pajak lebih banyak ... mereka tidak memiliki apa-apa ...fordasi ini terserah Anda,0
Itu masalah rasio berat murni... burung lima ons tidak bisa membawa satu pun kelapa!,0
bayangkan saja bagaimana jauh lebih progresif dan liberal negara-negara muslim akan jika mayoritas adalah shia,0
ingat ketika orang yang bermain muda ned mengikuti saluran youtube saya. ini adalah ketika saya benar-benar menggunakan saya youtube untuk lebih dari favorit,0
pertanyaan pengguna pengguna adalah bagaimana itu akan menjadi pengungsi tidak pernah berada di tanah air untuk telah melahirkan seorang pembunuh,0
tapi aku memanggil keluar da kartu balap. tidak ada podcast berwarna keluar berani,0
waktu liburan negro nyata,0
"aku akan belajar bagaimana melakukan ini! aku menggunakan video ini untuk mempelajari langkah tumit. aku akan belajar langkah ini juga, menonton!",0
"mengatakan apa yang Anda inginkan tentang Afrika Selatan, tapi kulit hitam tetap bersama-sama. banyak dari mereka mungkin tidak tahu berapa banyak kolonisasi membantu mereka tapi mereka sangat ingat apartheid dan ingin balas dendam.",0
Apa kebijakan republik untuk kontrol senjata?,0
tidak. yang salah untuk mencoba untuk mengubah fagsgt; tidak ada terapi jadi tkot harus mengerti dan bersimpati seperti mereka menghambatgt;,1
"Pada dasarnya, Anda tidak bisa menjadi berani dan menjadi cangkul pada saat yang sama.",1
Aku melihat sepasang kulit putih dan hitam beberapa hari yang lalu dan hampir pergi balistik dan marah.,1
mana pengguna untuk mencium dan memeluk lumpur dengan tb dan campak suaminya mengimpor lebih cepat dari obama dia bisa membawa pregger truf dan vonkie bersama untuk meringkuk,0
"dawg, kau begitu sampah ibumu mendapat dibebankan dengan mengotori ketika dia mengantar Anda pergi ke sekolah",0
"kacang hijau, labu kuning musim panas, zucchini, mentimun saya akan mengatur beberapa lebih banyak oleh jalan hari ini gratis.",0
Jadi senang pemimpin mafia dusun tidak di rumah putih bahagia th,0
Pelacur berkencan dengan satu negro dan berpikir mereka dari tenda,1
publik tergantung dari drop singkat biarkan dia memutar angin sebagai peringatan untuk negro lain berpikir tentang menyakiti setiap wanita kulit putih,1
hivaids adalah nt membunuh mereka pergi cukup cepat.,1
lo troll sif ini ia tampaknya menjadi satu-satunya troll negromania di gab,1
"tidak pernah khawatir tentang jalang berikutnya. selalu khawatir tentang makan berikutnya. aku tryna sialan makan, fuck apa yang Anda bicarakan pertarungan;;;;;",1
Apa ada sesuatu yang tidak lebih baik dari kulit putih?,1
Ireland utara dirancang secara eksplisit sehingga lembaga Inggris bisa berhenti memperhatikan irlandia. mereka sudah acuh sejak .,1
pengguna ada tiga korban yang sangat nyata dari kejahatan kebencian di sini ketiga adalah anak laki-laki kulit putih menyebutnya,0
Yahudi adalah ras tikus kecil serakah menghadapi manik-manik mata hook hidung ateisme vagina adalah ideal tentang Tuhan apakah Anda benar-benar berpikir dua adalah saling eksklusif bahwa adalah beberapa negro tingkat kekuatan otak di sana,1
Anda membuat perangkap luar hormat dan patriotisme lebih penting daripada patriotisme yang ada ketika Anda sukarela untuk melayani bangsa Anda.,0
aku membutuhkanmu dan kau tidak ada di sana yang membuatku membencimu,0
austin begitu lucu seperti melihat dia semua bersemangat karena ia mendapat oreo,0
KIM Kardashian terlihat seperti sebuah trannny dengan semua operasi yang,1
pengguna Anda chic fil garis gt saya disebut baris muslim saya,0
Ada monster yang masih hidup konservatif harus menjawab kejahatan mereka.,1
"kita tidak bisa lagi duduk di pinggir lapangan dan tetap diam pada masalah ini. chip bergh, eksekutif kepala ini adalah apa yang masyarakat overprofit tampak seperti.",1
k bye hoe um bye..,1
Mereka harus dideportasi juga jika mereka berhak untuk dideportasi.,1
yang baik untuk mengikuti!,0
Aku tahu d wade adalah gay,0
pengguna wow teras monyet ur berarti,1
Terima kasih odin mereka tidak mencoba untuk datang di hari modern.,1
Anak ini memakai kaus kaki huf dan baju hangat swag ku. dan aku seperti meninggalkan beberapa vagina untuk kita semua dude,1
Dia benar... Kau bau.,1
Sayang Laowai asians adalah model warga negara melihat,1
"liberal harus dibuang dari Amerika Serikat Serikat Serikat ampli, turun di timur tengah.",0
semua keragaman omong kosong ini perlu berhenti segera putih akan punah dan saya tidak tinggal di dunia coklat saya ingin dunia putih bersih,1
Jangan pernah pergi menghambat penuh,1
bch behar ini perlu menutup bahwa lubang jelek besar di wajahnya dan berpikir tentang fakta dia tidak memberikan kavanaugh atau keluarganya manfaat hak-hak mereka sebagai warga negara. di kepala gemuk mereka bersalah bc theyre konservatif. behar membutuhkan moncong di sekitar orang-orang yang baik.,1
Orang kulit hitam jr jr syeses jackson rosa parks mohammed ali raja semua telah upacara penghargaan atas yurs untuk upaya truf waktu pendanaan terlibat dengan miskin runtuh kota ghetto anak-anak beberapa mengatakan rasis hitam terendah rasa orang pengangguran jumlah orang hitam membuat uang lebih bulanan,0
Jadi itu adalah sebuah kike gurun bukan european yang menulis itu duh Tidak peduli mereka semua Yahudi,1
mana kemarahan ..,0
hey vapeshops jika Anda membawa permata pergi ke depan dan membuangnya di tempat sampah dan berhenti mendukung perusahaan yang mendukung larangan vaping,0
dan tidak ada hubungannya dengan matematika!,0
pengguna tidak pernah mempercayai arabs,1
Yahudi menciptakan komunisme nomor jutaan orang bodoh bodoh memilih komunis kike sanders,1
"beberapa orang benar-benar aneh dalam pemikiran mereka telah Anda ke bullhead , Az ?",0
"dan tapi seperti, yang masih benar-benar menyedihkan dan tidak menyenangkan bagi kita? dan seperti mereka bahkan mengatakan kepada saya bagaimana mereka tidak bahagia dan akan bercerai sebelum aku bahkan lahir sehingga im seperti keren i benar-benar lahir ke kebencian yang mengagumkan tidak heran im seperti fuckup",1
fuck tidak dia tidak membiarkan tidak ada yang memukul vagina yang baik saya tahu perusahaan,1
Jadi untuk membuatku tetap waras saat aku menjadi seorang pelacur,1
denver tv klip penggalian melalui sampah di aurora ghetto untuk menempatkan hitam dan mexican suara untuk digunakan dengan baik.;,0
Kau adalah orang yang setia pada orang mati yang akan menanggung bebanmu dengan budak dari ras negro.,1
pria seperti melakukan hal-hal neraka;;;; saya harus mengambil topi saya off untuk itu nig!,1
Dia tahu kau akan menolaknya dengan pertukaran yang adil berdasarkan interaksi baru-baru ini dan masa lalu dengan konservatif berbicara dengan peringkat yang buruk.,0
"hanya tiga hari lagi untuk mendapatkan cerita di bintang-bintang di amazon pada harga diskon sekitar ini review yang sangat baik dapat membantu Anda untuk membuat pikiran Anda, atau Anda dapat membaca lebih banyak tentang buku saya di sini",0
Hal yang paling bisa kau lakukan sebagai orang kulit putih adalah bunuh diri,0
pengguna Anda mendengar tentang polisi terbunuh di california oleh imigran ilegal Anda perlu membangun dinding,1
kepada mereka yang tidak bisa memegang kotoran mereka dan manja akhir permainan kalian terbelakang dan tersentak pergi mati,1
Apa kau punya nama panggilan?,0
"letakkan tanganmu di bawah jalang, aku tidak akan menembakmu",1
Matthews casey sangat sampah ini besar,0
lil fag juga wannabe pasir negro,1
"penggemar nya punya kilas balik! t Anda ingat ini pelukan phil! sudah untuk, masih tidak ada;",0
Orang kulit putih yang sialan terbelakang,1
"statistik tidak berbohong, jika Anda suka kontrol senjata Anda seorang pria aneh. fd",1
mendapatkan pekerjaan yang lebih baik untuk mereka kk isu asli menjaga ghetto bawah dan mereka tidak berdiri ketika truf berbicara tentang sekolah yang lebih baik harus saya pergi,1
Kau tidak menghormati mereka yang membuat pengorbanan nyata untuk mempertahankan kebebasan kita adalah punk.,1
antifa memblokir jalan di salzburg salzburgsummit url,0
rubio duduk melalui balai kota jam di february menjawab pertanyaan dari publik tentang kontrol senjata dari orang-orang yang teman-teman dan anak-anak baru saja dibunuh. yang membutuhkan lebih banyak keberanian daripada megah dan berbaring dalam sidang bodoh.,1
Dem berkampanye di bagian medis untuk semua dan pengendalian senjata. Bagaimana kebohongan itu?,0
Yahudi telah meracuni sumur sejak zaman Alkitab.,1
"Dani alves menggunakan rambut abu-abu barunya untuk berbicara dirinya keluar dari kartu kuning, memberitahu wasit, saya tapi seorang senior rendah hati;",0
itu hanya luar biasa.,0
mengapa nazi mendapatkan nomor juta subs apa sih kalian pewdiepie,0
courtois pengguna adalah sebuah kekacauan sialan,0
"Katakanlah, ""Tuhanku, kemuliaan-Nya tidak lain hanyalah manusia, utusan-Nya.""",0
Antifa fasis dan sosialis adalah satu dan sama ...... waktu untuk menanggapi!,1
"beli pistol, pelajari cara menggunakannya, bawa. aku selalu diikat.",0
a mans game where every now and again all the players get together for a nice cuddle ?,0
kita belum pernah memiliki perang dunia di abad st. kita harus memiliki satu oleh,0
hei pengecut kau masih disana?,1
TOW membuat mereka menanggalkan topeng mereka tapi ini adalah kasus truf mendorong mereka ke kiri pada mereka hanya dari Oposisi kiri C mengatakan hal yang sama seperti truf tentang imigrasi tapi satu-satunya wetback ia ingin dideportasi adalah elian gonzalees,1
Lol come on guys nazis in facebook it funny,0
Aku muak dengan omong kosong egois kiri yang bisa kumuntahkan!,1
"banyak sekali di sini! kamar tidur, kamar mandi pedesaan rumah di . hektar di missouri selatan.",0
tidak ada cara fg ini nyata silahkan seseorang debunk sebelum saya kehilangan pikiran saya. maga potus qanonchan deepstateinpanic crookedfbi liberallogic deepstategate qanon qstormhaswavened the greatawakening wethe people,0
Orang tidak seharusnya mendapatkan pantat mereka tersedot aneh,1
Aku akan menarikmu untuk makan vaginamu itu dan mencelupkannya;,1
Aku tidak tahu apa yang terjadi.,0
mengapa ketika orang melihat kepalan tangan mereka merasa perlu untuk memperkosa jabat tangan,0
ya ho,0
Kita harus berhenti islam sekarang,1
Berapa banyak kokain yang dilakukan Charlie Sheen? Cukup untuk membunuh dua setengah orang kurasa,0
"nick muda mengatakan bahwa dekat dengan , senilai uang, jam tangan sepatu dan pakaian dicuri dari rumahnya terakhir nig;",0
pengguna di semua un sanksi kamp pengungsi titik kedatangan ilegal imigran miskin tidak diinginkan banyak anak-anak lahir dari kebosanan pemerkosaan bagaimana mengapa perdagangan manusia ilegal perilaku somalia seperti manusia mantan isrohinjas di seia un terlibat puas,0
pengguna tampaknya tidak begitu jelas untuk beberapa esp media Yahudi homoseksual yang ingin perempuan terlihat seperti anak laki-laki dan orang yang berpikir bahwa tradisional bukan feminis,1
"dan apa pun yang Anda lakukan, dalam perkataan atau perbuatan, melakukan segala sesuatu atas nama Tuhan Yesus, mengucapkan terima kasih kepada Tuhan Bapa melalui dia. colossians",0
Kau pasti bercanda jika mengomeli muzzies bisa membuat pulau mereka sendiri sebuah pulau penjara di lepas pantai guinea baru papua,1
aku seorang lesbian aku pelacur aku adalah aku,0
"jika Anda mengklik video, video komentar penuh dengan bahan putih yang bisa Anda klikkan baka rain rain rain rain rain rain rain rain rain rain rain hujan yodellers",0
Kalian semua bodoh belajar untuk berhenti mencari wanita dan mengoreksi pria gila kalian,0
Aku tidak berpikir wanita harus memakai celana warna daging... lol,0
Jika dalam jumlah orang saya percaya menjadi seorang penjahat seksis rasis xenofobia homofobia putih supremacist terpilih kembali i d bergerak kecuali saya tidak benar-benar memiliki masalah dengan seseorang menjadi hal-hal atau saya tidak pernah percaya dia adalah hal-hal yang mulai dengan truf kap maga,0
hanya menyaksikan adegan di nol gelap tiga puluh di mana mereka pop osamas pantat jalang u s a,1
terbesar penyesalan dalam hidup tidak mendengarkan esacpe sementara menenggak pia coladas di hawaii dan jika itu tidak mengatakan sampah putih idk apa yang saya benci diriku sendiri terima kasih,0
air mata besar yang asin mengalir ke dagumu bagaimana sjw yang hilang dengan cepat beralih ke kebencian dan kekerasan ketika hal-hal tidak pergi mereka langsung hasil dari menerima piala partisipasi seluruh hidup mereka berharap kita sekarang dapat menghentikan kucing Amerika,1
Aku adalah pelacur iblis putih leluhurku pasti sangat kecewa,1
pelacur saya tidak rata-rata. menghabiskan uang i got it. ya gadis ingin saya dia gon mendapatkan fucked aint no askin,1
Anda konservatif ingin berbicara tentang skandal! benar-benar? mari kita mulai. jika Anda memiliki bola. mari kita sibuk Anda ayam.,1
akan ada lubang yang akan mengatakan Anda memberitahu pengungsi untuk kembali ke syria dan berjuang untuk negara mereka sendiri tetapi tidak mengatakan itu untuk petani sa perlu memiliki respon yang kuat dan elegan,0
Siapa yang akan membeli buku yang ditulis oleh bintang porno total kelas!,1
Kau tak tahu apa yang kau bicarakan tentang homo terbelakang,1
"Setidaknya dia menjadi ahli sindrom Stockholm. Kau lihat Janet Jackson mengikuti suaminya yang berambut hitam, dia terlihat menyedihkan. Aku kira nomor umur di akademi polisi adalah kesalahan yang tak seorang pun akan mempekerjakanmu.",1
mendapat dia menandatangani buku saya...... dia adalah url lucu,0
"jika seorang pria pernah memanggilku nama seperti jalang, pelacur bla bla bla. l d tidak pernah berpikir dua kali tentang berada dengan dia. seperti fuck you i;",1
Aku benci menjadi terbelakang putih dan laki-laki,0
johnny pemberontak berhenti negro jalang Anda!,1
"jika hanya dia yang paling gila di luar sana. sayangnya, dia tidak. ada contoh jauh lebih buruk dari orang Kristen yang baik.",1
"kavanaugh adalah murid dari anthony kennedy, yang ed liberals w pendapat tidak konstitusional! ia mengalahkan con konservatif untuk ing Skotlandia bergerak ke kanan! pintar, mereka akan melakukan segala sesuatu untuk mendapatkan bk tersebut. tetapi mereka wont",1
"Aku tidak menyalahkanmu, Ottoawa seperti semua kota kita adalah neraka multikultural.",1
"forum sejarah sumbu memiliki lengket yang sangat besar pada dirinya dan seluruh video yang ditembak, dia berakhir dengan sekelompok orang yang masih hidup dan bahkan mencoba untuk memecahkan senyum untuk kamera.",0
hanya memastikan Anda memiliki satu lagi untuk berbaris di luar sana ketika satu ini akan tertawa di ok? berpikir di depan liberal atau kita hanya mundur karena dia perempuan?,0
wanita biseksual di seluruh halaman saya malam ini saya memberkati kalian semua dengan bi beauty ini bersyukur,0
kadang aku juga merasa seperti itu.,0
pengguna dan berapa banyak dari negara-negara muslim yang siap menerima pengungsi muslim,0
Villanelle menyukai wanita yang lebih pendek darinya,0
Imao niggas sedang menyalibkan r kelly hari ini,0
kematian jean challer de menezes jnappan dan semua Yahudi bersalah genosida harus dimusnahkan oleh komunisme,1
"guladaddy retweet jika Anda berada di bawah dan Anda ingin harian usa, canada dan uk hanya gulababy membutuhkan gulababy diinginkan mencari gulababy canada",0
diktator sosialis sosialis anak perempuan dari seorang pelacur kadet ruang angkasa jalang gagap menggonggong clusterfuck yang coklat badut choom gangster kepala muslim masyarakat agitator elitis presy raja drama bayi execuitve,1
Jadi saya menjadi Afrika tidak memberi saya izin untuk memahami lebih banyak ca melakukan penelitian dan tahu apa yang tepat dan apa yang tidak beberapa orang kulit putih begitu lucu,0
pengguna tidak mengejutkan karena trudeau secara terbuka mendukung isis pengungsi dan hamas,1
maaf teman saya semua saya mendengarkan adalah logam hitam saya berarti itu sekelompok anak laki-laki putih dengan rambut panjang dan cat mayat tapi memiliki hak hitam dalam nama genre jadi saya tidak bisa membantu Anda keluar,0
i steal from you all the time d,0
Apa itu pelecehan????????? Sebuah penalti palsu. Apakah Anda pernah meletakkan donat dan menonton pertandingan pria??????????????????,1
bukan berarti kita tidak tahu sebelumnya tapi waktu melaporkan polisi tidak menutupi geng perkosaan moslem di rotherham mereka mungkin mengambil bagian di dalamnya jika Anda bertanya saya tentu saja diam dari pedo di bbc pagi ini,1
"Ya, kita mulai membangun windturbins sehingga sialan besar mereka dapat membunuh seluruh kawanan burung dalam satu gogt;",1
pengguna saya memberitahu Anda sesuatu untuk kodok bodoh Anda ingin berbicara tentang rasisme mari kita berbicara tentang kasus channon christian dan christopher newsom dalam sepuluhnessee dua anak putih carjacked baik diperkosa dan dibunuh dengan nomor hitam itu bahkan tidak membuat berita nasional,0
wajahku begitu dekat dengan jalang beton aku bisa saja terjebak lidah saya keluar dan menjilatnya,1
Dia adalah anjing dengan kutu.,1
Soros harus diselidiki. Dia telah ditendang keluar dari negara lain amp; di sini namanya terus muncul dengan semua kelompok-kelompok antiamerika.,1
Aku melihat orang gila itu menyerah pada defunding obamacare dan telah beralih ke veteran!,0
Betapa memalukannya memiliki hari hukum selangkah demi selangkah dan bukan hari ini moslem sialan yang bisa digunakan pemerintah kita dan pegawai sipil adalah bajingan pengecut yang menyerah pada moslem sampah dan putih anti seperti vagina korbyn dan lemak bajingan hitam diane flabbot,1
mengisap penis kakek gemuk dan tersedak di pubes putih nya dan menelan lemak nya beban cum,1
lauren amp; saya makan permen kami menemukan di lantai selama kelas kita sampah,0
semua sejarah menunjukkan bahwa mengubah Yahudi ke Kristen tidak bekerja Yahudi duh adalah ras dan bahwa membiarkan mereka menjalankan berakhir bebas dalam kehancuran masyarakat putih dan berakhir dalam whitegenosida,1
mudah untuk membuat pernyataan umum sebuah jam berhenti benar dua kali sehari pecandu obat dapat membuat pernyataan cerdas dari waktu ke waktu bahkan orang mental terbelakang tahu kapan untuk pergi ke kamar mandi,0
GUNE SILAKAN MAN GET INI Chong CHEOPAT DARI MAKANAN SAYA,1
Perancis adalah sekelompok pussies.,1
Bagaimana dengan Wilson menjadi QB hitam untuk memenangkan sebuah chip? berbicara tentang sampah. Tidak bersinar untuk Russell ..,0
atau seseorang yang menderita penyakit serius ia membutuhkan dukungan dan intervensi tapi itu tidak dapat dilakukan melalui cyberspace jiwa miskin ia mematikan semua wanita dari Gabfam juga apa berantakan,0
tidak biasanya melakukan obrolan twitter tapi poin saya adalah dana mungkin jenis wanita yang tidak ingin membantu wanita lain; Ingin menjadi prima donna amp; sehingga tidak peduli tentang mengembangkan gadis-gadis berikutnya.dia terhadap gun kontrol amp; tidak terganggu oleh,1
selamat pagi di Amerika hari ini dan hari ini anda mengucapkan terima kasih kepada orang Amerika akan mulai melihat kebenaran tentang korupsi pemerintah kami media noreda declasifikasi fisa declassifikasi benar-benar obama Hillaryclinton terletak para liberals url,1
Kau begitu dicintai,0
menggunakan anak kulit putih yang tidak bisa menembak saya marah aku bisa menembak lebih baik maka salah satu dari mereka keledai,0
Anti Republik Amerika dan teabaggers berhenti memaksa agamamu pada kita semua.,0
Aku pikir dia sedang mabuk!,1
"Maksudku... jika kau meledakkan sebuah pelanggaran di sana, itu harus menjadi kuning dalam situasi itu tidak?",0
Setiap kali saya melihat diggs trending saya takut tapi Stefan diggs mane bebek bahwa negro,1
jangan khawatir uk Anda bekerja keras tidak mampu biaya perawatan rumah kami mengambil rumah Anda oh melihat di london lain muzzie keluarga dalam baik datar pada Anda di mana tex pergi mengejutkan,1
"kunci republikan kembali truf, memberinya jalan yang jelas untuk sesi api",0
donald truf pemerintahan truf akan mengakhiri mimpi buruk kekerasan ini yang terjadi di seluruh negara kita,0
Yang dia katakan adalah aku tidak ingat setiap waktu dan liberal akan percaya Bs nya.,1
Bolshie Louise publik cuckolds suaminya kike untuk operasi homo libertarian CIA yang kehilangan tawaran presiden whalda gadis,1
Hampir setengah dari spesies burung Amerika Utara terancam oleh iklim yang mengubah iklim,0
mungkin saja juga melempar negro dan shitters jalan di sana juga selama selama akan membersihkan rumah mari kita mendapatkannya semua pertama kalinya,1
Aku benar-benar tidak setuju dengan ini. Saya tidak pernah tahu cara dia bersandar pada masalah. ia memberikan berita dan mengajukan pertanyaan. apa-apa terhadap chris Wallace atau shep.,0
Charlie berkisar pada gop mereka percaya perbudakan tidak lebih dari jangkauan adalah menghindari pajak bendera dan rasis,0
Aku tidak melihat ada salahnya mengajar cerita ucapan syukur klasik selama kau melakukan hal seperti yang harus kulakukan di sekolah ketika aku masih muda.,0
"alfredo acepes in to relief here in the th. Yankees; he needs to go away , gas can!",0
Aku melihat celana putihku saat itu membuat kalian merasa seperti orang yang berbeda,0
Semoga?,1
Mereka terjebak oleh truggered oleh truf untuk menunjukkan betapa bodoh mereka.,0
"dalam kalender anglosaxon, novermber dianggap sebagai hari pertama musim dingin",0
Aku bisa.,1
Jika aku harus menembak melalui kerumunan untuk membela diri dari homo negro Aku tidak akan senang dengan pembantaian tapi aku akan senang saya telah membela hidup saya,1
"Hei, kau suka apel dan ya aku suka apel dan perkosa aku dan aku tidak memperkosamu xixue bagaimana kau suka apel",0
lmao saya pergi ke foto Greg retweet dan negro ini membuat saya sialan kaus kaki bagaimana,0
Ada tektoker asians asians tektok dan Tiktokers yang kebetulan asia,0
Ibuku pelacur terlalu banyak,1
"dengan mengatakan mereka makan anjing saya di korelasi dengan bt, Anda otomatis berhubungan asian untuk dogeater. Anda tahu bahwa bts tidak makan anjing, sehingga komentar Anda jelas dimaksudkan untuk menyampaikan kebencian.",0
Paus Francis lebih baik mengatakan apa-apa dan dianggap bodoh daripada membuka mulut Anda dan menghapus semua keraguan terorisme Islam tidak ada hubungannya dengan islam .,0
"Ya, kita butuh lebih banyak lagi untuk membuat protes omong kosong dan waktu antifa lol untuk mengalahkan epik",1
Bamumim teixeira imigran dari Afrika Barat,0
"Oh, jalang ini bodoh!",1
"wow, manusia lilin Henry tertangkap dalam klasik Charlie menyebabkan segmen setelah Charlie datang ke DC untuk sidang hari ini gm",0
Banyak orang kulit putih dari Texas yang saat ini menawarkan saran pelatihan yang tidak diminta untuk orang lain yang penting Colts texans,0
Kita harus mengirimkan senjata ke Eropa. Jadi mereka bisa membersihkan sampah kotor yang dibawa ke pintu mereka. Karena obamas tidak bermasalah dengan senjata kartel narkoba dan teman-temannya.,1
sampah saya bernilai lebih dari Anda,0
Ciuman dalam bibir kecil adalah omong kosong lol!!!!! yasssss,0
liberal tidak peduli siapa yang mereka hancurkan dan pergi begitu saja!,0
pengguna ketika roy rosales dibunuh ia menyebut dirinya negro bodoh yang di pengadilan Anda harus mengatakan roy rosales negro bodoh dibunuh,0
pengguna karena dalam jumlah partai republik adalah mobil badut penuh nasionalis putih dan crackpot konspirasi yang mudah dieksploitasi oleh berita rubah dan gerombolan suplemen menjual grifters didanai oleh miliarder yang tidak akan beristirahat sampai mereka trilyunanaires dan kami sisanya adalah budak,0
"Yang mungkin merupakan kombinasi dari selera seksual homoseksual terhadap remaja di lembaga tersebut, dan agenda rasial liberal di lembaga tersebut.",1
Bulan kriket rasis ini adalah umpan ras terbesar dan pembenci polisi pernah dan al mana Amerika. juta di kembali pajak?,1
dengan banyak keamanan yang dia ingin kita tidak miliki! itu pukulan pikiran saya berapa banyak senjata kontrol ppl memiliki pengawal dengan senjata kita r tidak seharusnya memiliki!,0
bye bye kike er mungkin Anda akan reinkarnasi cacing setelah lama di neraka,1
gila antifa stiker advocating kekerasan terhadap lawan politik di Newcastle pada england tyne mereka memutuskan siapa nazis tentu saja,0
betina jenis ini sering kali sangat indah.,0
Wanita ini aneh sekali.,0
Rumah intel suara untuk membuat nunes memo publik,0
homo dan agenda gimble menyerang lagi,1
Virgil adalah ancaman bagi nomor fifa,0
Mereka hanya membawa si rasis bodoh itu kembali seperti tidak pernah terjadi apa-apa m nf x espn,0
negro sialan digantung memiliki mantel bagus,1
Homeoffice merilis satu teroris seminggu dan dalam setahun untuk berbaris? laporan sebelum choudarary dirilis. saya memiliki dokumen kantor rumah penuh dalam link di sungai saya pertanyaan yang diajukan adalah lucu mbga mbga mbga muslims migrans,1
Bisakah orang kulit putih aneh berhenti menjadi seperti itu,0
"Ya obama tahun lalu, truf tidak mengatakan yang sebenarnya bagaimana para pemimpin kita bisa menjadi truf dewa memberkati truf! maga kak.. full linktrumps answer url",1
Pria Jerman yang gay pergi dalam kondisi kritis setelah dihantam homo di belgrade,1
Aku melihat pria kulit putih rick untuk pertama kalinya tadi malam dan kotoran dat keras lol fuck da FBI,0
panas gadis musim panas benar-benar mengubah saya menjadi cangkul,0
makan vaginanya ketika dia marah makan vaginanya ketika dia sedih makan vaginanya ketika dia tidur; makan vaginanya ketika dia horny makan vaginanya,1
pengguna dimana statistik argentina yang kau bodohi,1
ben keren tapi dia masih negro,1
Dia hanya melaksanakan misi maxinewaters!,0
Kau ingin aku memberikan daftar yang aku buat untuk diberikan padamu yang bahkan lebih ghetto,1
bagi saya bahwa ratu ideal untuk britain besar di era pc idilic ini akan menjadi gemuk hiv positif lesbian negress,0
ini hanya di yankee p Michael pineda dikeluarkan dari permainan setelah zat ditemukan di lehernya,0
Irlandia joe mcarthy memperingatkan kita puluhan tahun yang lalu tentang semua komunis di govt nomor lotta satanists nazis homo dan muslim di usa govt sekarang,0
Jika ia mengumpulkan dana untuk iklan mereka tidak bisa menghalangi dia dari menjalankan hukum.,0
reans gale misterius rusak. jika ia akan dapat menggunakan bahwa dari goresan di sen iv karena bentuk setan nya yang akan menjadi keren menggunakannya dalam setiap pertempuran!,1
Aku berasumsi aku tidak akan mendapatkan jawaban dari liberal tanpa otak.. ..orang2 ochasocortez.. ..pada rencana kebijakan Url wakeupamerika ini bukan Amerika masa depan yang memilih republikan atau menyerah Amerika kepada orang bodoh ini.,1
tarik ke tumpul merokok untuk negro prada gulma,0
"ingat orang-orang, ini akan menjadi masa depan kita di Amerika jika kita menyerah keluar. ini sebabnya saya tidak akan menghasilkan satu inci pada hal-hal seperti kontrol senjata atau imigrasi.",0
"Pujilah TUHAN! Pujilah Dia di Rumah-Nya, pujilah Dia dalam kuasa-Nya yang kokoh",0
pengguna oh begitu ketika orang kulit putih tiba-tiba mereka semua terlihat hebat,0
dia sudah mati jadi um amp tidak relevan; dia dibunuh.,1
oh sialan Agustus ames sebenarnya membunuh dirinya sendiri srupgayporn memiliki banyak untuk menjawab untuk saya maksud jika eichenwald dapat menuntut untuk ames kejang keluarga harus mampu menuntut pelecehan mengarah ke bunuh diri,0
maaf tom Anda salah qur an hadiths sanksi pemerkosaan mohammed sendiri banyak wanita termasuk sejumlah tahun aisha ia diracuni oleh seorang jewes ia telah diperkosa setelah membunuh suaminya Quran yang mendorong pemerkosaan orang-orang kafir itu agama setan,1
tapi isinya bagus. sedang mengasah hasil videonya.,0
pengguna pengguna kau bilang kalau pelecehan seksual Clinton di rumah putih adalah urusan pribadinya karena itu tidak bisa dimakzulkan video sidang kongres ini adalah memalukan bagimu,0
Mereka semua terkena siapa diri mereka!,0
Aku bersumpah aku tidak nazis tapi mereka seragam tampak menyala af,0
yep dan dia bertemu bahwa buah setan setiap minggu bagaimana terbelakang dan pengecut adalah orang ini,1
Para pelanggan ini gila.. ..bahwa jalang ini akan memukulku karena dia bodoh.. ..menahan diri dari rekeningnya.,1
Anda terlihat cantik ashley.yr rumah jauh dari rumah! Anda terlihat begitu nyaman.hey mari kita pulang jembatan b w sisa nya familyamp;teman sebagai reguler di show.im fanamp mati keras; inginj kembali di layar di mana dia bahagia bringbridgethome,0
semakin aku melihat kekejian ini semakin aku mendapatkan radikalisasi terhadap itu semua. waktu besar. merasa kemarahan datang. ini sangat jahat berdarah dan salah.,0
pengguna um um are u menyadari fakta bahwa negro dijual atau diperdagangkan orang-orang mereka untuk kulit putih bagaimana yang mendapatkan fucked juga tidak bisa bekerja Afrika sama sekali tanpa bantuan putih jadi tolong berhenti bc yang mendapatkan memalukan,1
Aku tidak tahu... antifa cukup bodoh.,1
"Berita rubah mengejek korban dari lift beras ray; saya pikir pesan adalah, mengambil tangga; ht;",0
Saya benci mengatakan bahwa diktator liberal tidak dapat dihindari di setiap pemerintah di negara manapun mereka akan selalu memiliki pendanaan soros George dan invasi imigran Islam untuk membantu membunuh orang kulit putih agama mengindoktrinasi anak-anak karena ini adalah pergantian populasi sementara globalis hidup,1
hidup pengalamanvidence tentu saja. tidak yakin Anda menyiratkan saya mengabaikan seperti? dan bahwa saya sendiri?,0
Aku ingin tahu berapa banyak warga yang bergabung dengan ISIS setelah mendengarkan Joe Scarborough sampah presiden kulit hitam ini?,1
truf mempromosikan semua orang. Anda juga. di jika tidak mereka tidak memiliki tanda-tanda blm atau berpakaian sebagai antifa dan mengalahkan orang. ini adalah patch dan saya melihat semua orang defensif. patch keren cara adalah cinta senjata dan titties! berjalan kaki maga truf truf,0
Aku berharap aku punya lebih banyak susu untuk oreo.,0
"Jika hanya ada medali untuk itu kita benci homo, tapi kita tidak akan membunuh mereka medali. terima kasih untuk hak istimewa untuk membiarkan homo hidup.",1
tidak ada jiwa yang fanatik konservatif muzzies tanpa konsep hak asasi manusia mee bae muslim dhivehinge khaalath varah dhera ingeythoww,1
"acara baru diumumkan di Lutsen, mn di papa Charlies pada december,",0
ya aku yakin band hitam liar tidak akan meniup satu sama lain lebih wilayah geng di ghettos perkotaan rusak jika mereka tidak mendapatkan ide dari buku gereja,1
Dia yakin bukan salah satu dari... pengkhianat liberal semuanya,1
Aku tidak sabar untuk memakai sweater hangat;;;;;,0
Gambar yang beredar di feed jihad mengklaim bendera isis di atas gunung arafa pada hari suci ziarah,0
"peristiwa serupa, ia mengejek mereka.",0
Pelacur bodoh; lt;lt;lt; bercinta. ;,1
Tentang waktu!!!!,0
aku bersamamu aku memainkan beta tadi malam aku seorang penggemar sejak buruk perusahaan u pikiran u dan omong kosong itu sialan mengerikan selain dari gunplay yang aku baik-baik saja dengan grafis itu sendiri menyeramkan sebagai neraka yang terlalu terang bagi saya membuat saya mual,0
pria melompat di dalamnya perasaan jauh lebih cepat dari perempuan.; bukan aku; i hop di ya jalang,1
pengguna liberandus dan porkis mahkota jihadis ini sebagai pahlawan mereka,1
"Kicauan paling nyata yang kulihat hari ini, wanita lesbi adalah rehabilitasi untuk pelacur dan setelah sembuh, kembali ke penis aku pergi",1
"Selamat pagi gee, ya saya datang di atasnya mencari liburan akhir pekan. yang terletak di florida utara. tidak tahu bahwa florida memiliki lebih dari ini.",0
pengguna dinding sedang dibangun meskipun demis cinta untuk pemilih alien ilegal mereka bahkan tidak ingin mengidentifikasi pemilih bahwa dems gila membiarkan mereka lebih cepat daripada mereka dideportasi dan kemudian menyembunyikan mereka di kota-kota perlindungan tidak berbeda dari pistol kapasitas adalah masalah,0
horny menelepon saya memintanya untuk membeli minum pagi ini dan kemudian jiggaboo ini berjalan dengan minuman sonik di tangannya dilakukan,0
Kenapa kau selalu memakai hitam menyebabkan aku siap untuk pemakaman jalangmu,1
Benar.,0
mendapatkan lapangan siap untuk permainan hari ini.,0
gmm panggang kucing hi ini fiona. dia sekitar berminggu-minggu. dia tertidur di tempat-tempat aneh url,0
jutaan kesehatan perawatan untuk semua! kontrol senjata untuk mahasiswa msd. makanan untuk menunggu lapar kita mendapatkan jaket burung unta? gop apakah sudah waktunya?,0
Bertemu powerhouse baru seni Asia,0
pengguna dan semua wanita kulit putih tua tidak seperti wanita gila murahan ini dengan satu telur dan kartu hijau saya kira itu tidak akan menjadi acara jika tidak menunjukkan yang terburuk dalam semua orang masih kecanduan meskipun,0
Kebanyakan orang tidak mengerti apa itu senapan serbu! membuat pernyataan mereka tentang pengendalian senjata bodoh!,1
Edin d eko pemain sepak bola Bosnian zvjezdan misimovi mismovic dan d eko Bosnian presiden zeljko komsik dan angela lejla damardzian pasukan khusus ose Bosnian jalan,0
pro pengungsi anti kekerasan senjata anti truf anti perang di syria bagaimana ini mungkin,0
Ayo aku bahkan membunuh cacat dan lumpuh pelacur melihat kulit kepala saya dekat nyata dan Anda akan melihat tiga enam kali,1
"sakit melakukan itu, jika Anda setuju untuk mengambil Anda ethiopian starvin mencari pantat negro kembali ke africa. membeli sedikit pria makanan",1
mungkin bukan hal hitam eksklusif tapi dalam proporsi tinggi untuk rakyat hitam.,1
user i wonder if a white person called tatam a nigger to his face would be just sit there and smile and nod,0
Aku senang bertemu cewek ini. mengingatkan saya sampah saya tertinggal,0
abi? kau benar,0
Mereka tidak...,0
tipe apakah Anda seorang gadis atau anak laki-laki i am negro dan menggantikan negro dengan hal negro prediktif,1
pengguna dan mereka semua terlihat sama,0
Kita harus menghilangkan semua elemen dari ras putih.,1
"Terutama mereka yang memainkan rutinitas anak religius yang baik sebagai wawancara kerja mereka. serius, bayangkan menarik omong kosong itu dalam wawancara kerja amp; kemudian bayangkan wawancara untuk pengadilan tertinggi. kav menghabiskan terlalu banyak waktu berbicara tentang betapa murni dia.",1
kulit putih yang tidak bersalah termasuk anak-anak kulit putih semua dibunuh oleh grid liar tak berperasaan.,1
Jika peradaban kita tidak unggul mengapa para imigran berkumpul di sini daripada tinggal di daerah asli mereka Negara bersatu tidak secara geografis berhubungan dengan syria,1
mungkin jika elit memberi kita beberapa tanggul mereka akan mendapatkan musim th,1
hukum baru yang disebut hukum Hillsborough harus digunakan pertama untuk menutupi oleh PMs mps dewan pelayanan sosial polisi atas pemerkosaan jumlah juta anak kulit putih diperkosa oleh orang Muslim,1
highhhhh menonton fajar planet kera stonernation kehidupan lengkap,0
Tidak. Tidak. Tidak. Orang yang gemuk tidak peduli sedikitpun tentang kesehatan seseorang yang tidak kau kenal kesehatan orang lain hanya dengan melihat seberapa besar mereka. Kau bukan dokter mereka. Aku tahu banyak orang gemuk super sehat dan mengerikan orang kurus tidak sehat.,1
Jika rakyat Inggris tidak memberontak melawan globalis dalam pemerintahan mereka maka uk akan menjadi negara muslim dalam beberapa tahun,1
jeter pahlawan baik untuk Yankees dalam pengiriman melalui,0
"Semoga beruntung dengan itu, Snow, ingat?",0
ur mom gay,1
Ini tak bisa dijelaskan bagaimana bokong dan bokong mereka. Mereka hidup untuk menjadi lucu.,1
Aku duduk dengan anak sulungku sampai aku menyaksikan pertarungan yang berlangsung selama beberapa detik.,0
"kemenangan! dan oh yeah, tempat pertama masih berada di bronx.",0
Aku merayakan Natal putih aku pergi ke sebuah bar pedesaan di nevada dan tidak melihat satu pun kotoran sepanjang hari menjatuhkan beberapa redpills dan membuat beberapa teman menyambut kemenangan kawan kawan kawan kawan,1
oh untuk kembali keluar likuidasi di nomor am yellin kata-kata untuk garis putih oleh grandmaster flash x,0
"Ini bukan murica, Charlie Brown.",0
Menariknya cermin harian mengatakan tommy robinson difilmkan memukul migran di italy siapa pun yang melihat video penuh akan melihat bagaimana menyesatkan dan licik ini adalah cermin juga memecahkan cerita geng pembersihan telford tapi gagal untuk menyebutkan muslim sesuatu yang tampaknya tidak benar tentang ini,0
"Selamat datang, homo. Ikuti aku.",1
Nah saya pikir Anda harus bitches lol tidak tahu peters gadis adalah salah satu dari mereka lmao,1
"oh, kau lucu, kau jalang!",1
ldk jika dia tapi dia hitam kode .... tulang sets it off,0
"Sayangnya, laporan ini penuh dengan kesalahan. Ini membuat koneksi antara pengaruh yang tidak ada, dan mengkategorikan liberal sebagai jauh benar jika mereka bahkan terbuka berdebat konservatif url",0
pengguna benar tetapi orang gay masih dipukuli dan dibunuh pada tingkat tinggi anak-anak lgbtq adalah kelompok terbesar remaja tunawisma dan orang gay di mana beberapa dari pertama kali dibunuh selama holocaust menjadi gay juga ilegal tapi n negara ini sampai cukup baru-baru ini,0
pengguna tidak yakin mengapa jumlah orang di bagian komentar ini adalah weeaboos atau nazis tapi menarik vagina berbulu,1
Aku pikir dia terluka,0
menunjukkan saya seorang pendukung goprump penembak massal. Anda memiliki masalah dengan saya menggambar dan mengambil penembak aktif? ketika saya tumbuh di ssf Anda bisa membuka membawa. maka panther hitam panik Anda liberal tua pada saat itu dan mereka mengambil bahwa pergi dari kami.,1
Aku tidak akan pernah lupa bagaimana salah satu rekan kerjaku melihat aku mati di wajahku dan memintaku untuk mencuci rambutmu hanya karena rambutku di kepang tidak berarti aku tidak mencucinya dasar kau jalang putih penis kecil,1
pemilih imigran ilegal yang mati pemilih kriminal mereka tidak memilih republik mereka hehehehehe auditthevote,0
Mereka semua harus dikirim kembali ke Afreka bersama dengan Joos yang mengendalikan politisi kita.,1
menikmati dramamu yang penuh skandal kerajaan Inggris ini yang terjadi ketika kau mengambil nomor ghetto y o perceraian dan mencoba untuk membuatnya putri,0
karena polling sebelumnya tidak bekerja dengan benar biarkan aku bertanya lagi apakah kau setuju untuk memiliki hak nasional mengadopsi skema warna biru dan putih,0
Orang-orang tidak harus terlalu bersemangat tentang forum publik. Ini hanya bekerja sejauh ini adalah rekening yang dimiliki oleh pejabat pemerintah atau lembaga. Ini tidak berarti kita semua memiliki hak untuk account di twitter. hanya ingin mengklarifikasi untuk orang-orang.,0
uk mengancam akan mengembalikan limbah radioaktif ke eu jika kesepakatan tidak dapat dicapai kita tidak bisa menyimpan limbah radioaktif dan mengirim kembali semua migran paki sebagai gantinya,1
Jangan berpikir begitu mungkin melakukan sedikit penelitian teman!,1
aku benci kamu lmaooi,0
Mengapa memberikan pelacur inci ketika dia lebih suka memiliki;,1
"biarkan nigguh mencoba saya, fuck sekitar fuck sekitar bertemu ayahnya",1
nomor pengguna memang tetapi nomor artikel un memberikan India hak untuk memutuskan sendiri cara untuk menerima atau menolak alasan pengungsi India sudah memiliki jumlah miliar orang dan negara berkembang dan juga non signatori anggota dari perjanjian pengungsi un,0
ini menjelaskan banyak url Maga,0
pengguna pengguna itu sudah mati pada uang saya akan memberikan Anda bahwa tapi saya tidak suka bahwa pada pandangan pertama itu bisa muncul menjadi patriotik mereka sepenuhnya un american dan nama partai mereka harus mencerminkan bahwa apa tentang partai sampah putih,0
terlalu banyak ada kota di kita yang sepenuhnya asien itu benar-benar situasi yang gila dan orang-orang Asia tidak cukup bodoh untuk membiarkan orang asing pindah ke negara mereka dan mengambil alih,1
putus asa mencari cinta Yahudi aneh yang tidak nomor kecemasan ultra ortodoks atau nomor unbearablet pinte konflik irisan hidup lesbian,0
user the ghetto but soze uhlulwe yiyo good luck,0
para pengguna kencing semut jika hampir minoritas mayoritas dari mereka adalah putih mereka adalah nasionalis kulit putih baru neo nazis pantyfa,0
ya benar ini adalah salah satu momen taqqiyya bukan itu di mana baik untuk berbohong kepada non muslim jujur seorang wanita kulit putih mengkonversi ke islam adalah seperti seorang pria hitam sukarela untuk perbudakan,1
jalang ini dan cankles nya,1
lol satu-satunya hal yang Afrika pernah diciptakan adalah selai kacang seperti wow kita benar-benar tidak bisa hidup dengan keluar bahwa sementara orang kulit putih dan orang Asia telah menemukan hampir segala sesuatu di dunia modern,1
ok ada ksatria putih yang Anda haus untuk negro nya cum basah kuyup vagina,1
Presiden Oama? Apa aku melewatkan sesuatu tentang ini? Dia masih percaya dia adalah presiden atau kau yang tidak bisa menerima kenyataan?,0
Orang-orang ini sangat tertarik untuk menjaga imigran ilegal dan menghancurkan diri sendiri,0
Aku sudah ke Cleveland beberapa kali untuk konser dan semacamnya tapi hanya bisa bertahan selama beberapa jam dari yang aku harus pergi.,0
tidak peduli. biarkan mereka mati di lapangan berlutut,1
akhirnya terima kasih pada orang kulit putih yang menyatakan fakta,0
idiot. .... Membuat diri Anda sebagai salah satu orang kudus intellecia dengan salad kata tidak membuat Anda cerdas dan mengusulkan argumen dalam mendukung perbudakan Anda sendiri dan melawan kebebasan dasar Anda benar-benar terbelakang.,1
Caroline menyentuh botol anggur putih dia berteriak tentang melanggar hukum,0
itu adalah konsensus partai republik bahwa seksual menyerang seorang gadis berusia setahun tidak harus mendiskualifikasi hakim dari duduk di pengadilan tertinggi di tanah dan membuat keputusan hidup atau mati tentang kesehatan perempuan.,1
Nazi telah meminta Dan diletakkan di kursi roda sehingga ia tidak bisa mendapatkan perempuan atau termostat untuk mengetuk mereka keluar,0
Sebuah muncher karpet gook aussie mp rusak ketika homory diberikan lampu hijau seperti saya selalu mengatakan selamat datang ke bayilon goyim,1
pengguna pengguna pengguna pengguna pengguna pengguna pengguna dia adalah orang yang tidak dapat mengambil kerugian meskipun timnya adalah sampah bukannya dia ingin melawan irl seperti sampah trailer Anda gila bro,0
Jika kau memulai polling tentang jika nanas diperbolehkan di pizza...,0
pengguna saya pasti suatu tempat di kapal aneh dan spektrum teman homoseksual,0
Aku mencoba mencari tahu apa yang dikatakan Stans sepak bola adalah tidak bekerja saya lesbian saya tidak bisa mengerti semua itu,0
pengguna dia tidak meninggalkan saya dia hanya mengambil liburan dengan esmerelda pembantu Amerika Latin berminyak,1
Anda bisa mengganti kata muslim dengan kata anjing dan meng-upload sebagai meme. hanya sebagai saran,1
Aku benar-benar sudah muak dengan kerumunan lgbtqhivaids ini. Pergilah kembali ke rumah sakit jiwa.,1
Kenapa aku ingin berkontribusi pada pertumbuhan lutut dan kesejahteraan orang Amerika Latin?,1
bodoh kike hitler adalah kambing fucking ibumu oh berbicara tentang kambing Yahudi memungkinkan fuck hewan sama seperti arabs,1
"tidak butuh waktu lama untuk preman untuk menyerang. orang itu tidak akan senang sampai ia terluka, dan juga menyalahkan Anda",0
Charlie pembuat roti akan melakukan kampanye pemilihan malam terakhirnya berhenti di sini di SMA rawa-rawacott.,0
COMPUTER Ok imperialis Hong Kong adalah bagian sejarah Cina diperkosa oleh kolonialisme Inggris,0
Trump tidak menyerah apa-apa. Dia mendapatkan keuntungan dari kantornya dan berjemur dalam kekuasaan dan perhatian.,0
Apa maksudmu? Kau jelas tidak tahu tentang kekerasan seksual.,1
hanya melihat bahwa Yahudi jahat membuat saya merasa kotor,1
Tolong panggil truf keluar untuk apa dia ... sosiopat narsis!,1
pengguna mendengarkan Anda homoseks itu semua omong kosong Anda tahu twat adalah yang terbaik,1
bunuh Whitey,1
kalkun islamislam menahan untuk posting media sosial kritikis syrian ofensif,0
user rc maxwell hi semua orang saya seorang negro gay yang berada di atas degenerasi dari pencungkil cantwell saya telah siap untuk Anda sekarang mari kita bicara tentang ok pos-pos cupid karena sebagai negro muh dick iq hanya bisa pergi sejauh dalam diskusi cerdas,1
pengguna pengguna pengguna pengguna pengguna tidak menyadari agama apapun yang mengatakan Anda tidak diperbolehkan untuk ada tidak menyadari agama apapun yang mengatakan Anda dapat berpikir Anda adalah seorang gadis atau agama mereka apapun kecuali islam yang melarang homoseksualitas,0
"Dengarkan aku, kau brengsek. Hanya ada satu cara kau bisa mengatakan kau dimerah-merahkan pada wanita dan setelah kau menciptakan sebuah keluarga dengan satu standar alien yang berlendir adalah organisme sub manusia.",1
Twitter akan dibanjiri dengan topik islamophobic jika itu adalah cara lain sekitar tapi anyways ohm namah shivaya,0
tidak akan ada perubahan selama orang kulit putih mengabadikan alasan dan keuntungan dari menjadi orang yang memungkinkan perilaku seperti itu.,0
Dan kedua dari semua kulit putih lebih pintar dari Asia dan jika Anda pernah melihat kontes binaraga Anda akan melihat hanya putih mungkin satu atau hitam.,1
Menurut polisi nrk angka dari olso mengungkapkan bahwa selama tiga tahun terakhir mereka telah menyelidiki jumlah kasus pemerkosaan di kota itu semua serangan laporan nrk dilakukan oleh non barat imigran untuk noway,0
Aku pikir kau sudah tahu jawaban atas pertanyaanmu sendiri.,0
Aku lihat kau bergantung pada setiap kata-kataku negro pelacur yang penuh kasih maaf aku tidak berkencan dengan mudshak meskipun,1
Aku senang dia berhenti karena dia seharusnya tidak pernah minta maaf dan dia pengecut karena mundur,0
"sejak akhir ww dunia sastra telah perlahan-lahan berubah menjadi protagonis protagonis protagonis protagonis menjadi total sjw, sinyal kebajikan, multikultural idiot.",1
disini nomor pilihan Anda mengejar ke bawah dan borgol beberapa kotor negro telanjang dan memasukkannya ke dalam nomor mobil Anda menembak yang hantu dan membiarkan gerobak daging membersihkannya hmm pilihan,1
Kau sangat menyedihkan.,1
pengguna pengguna pengguna fakta Anda menggunakan kata yang dipicu salah dan menyatakan klaim palsu tidak menghapus fakta Anda mengklaim itu baik-baik saja bagi Anda untuk memperkosa wanita,0
dosis kesengsaraan sering kali sama kebutuhannya dengan dosis obat.,0
"ya sekarang turun twitter, Anda negro lumpuh seharusnya tidak pernah belajar bagaimana menggunakan internet",1
Mati kau!,0
pengguna pengguna pengguna pengguna saya tahu ini juga berlaku untuk peps berwarna sangat ringan bukan standar putih dude putih putih putih tapi lebih ringan karena beberapa asians mendapat masalah atau scandinavian,0
Pria sebenarnya terbelakang secara emosional,1
Dasar orang Republik rasis sialan....,1
Victor davis hanson,0
"Aku akan menghapusmu dari orang yang haus, di seluruh twitter nigga yang sama yang tidak ada yall terlihat begituoo Wack",1
pengguna pengguna anda harus serius terbelakang,1
Kekerasan hitam sangat diluar proporsi,0
wanita yang tidak suka bangkrut.,1
Hampir setiap orang yang saya berbicara dengan di tempat kerja hari ini mengatakan fuck canelo. dia mayweather baru,1
Jika kau membaca benang ini sepertinya menyiratkan bahwa pandangan dan tindakan soros sama seperti semua orang di kiri i.e. jika kau dibiarkan kau mendukung antifa... apakah aku salah salah baca?,0
review nasional menyebut pelanggaran hukum pernikahan gay oregon tcot gop nom lol teabaggers,0
untuk setiap negress ditemui di depan umum tingkat suara desibel naik nomor persen saya menghadapi pak nomor sebelumnya,1
hol up now let me turn up ona hoe,0
mendapatkan nigga jelek kita tidak menipu,0
mengapa harus kita memiliki favorit.,0
wah... aku heran? menguras negara dalam wamp qgwga qanon maga url,0
"Ya, aku tak punya harapan untukmu.",0
Kita akan mabuk dalam kemarahan psikotik jika Anda adalah thot dan atau negro silakan mengunci diri untuk malam hanya lelucon bro,1
dab r us nigguh,1
bukan pemenggalan orang Kristen. bukan memutilasi gadis muda. bukan menusuk kafir. kau terlalu sensitif untuk social media skuter. lebih baik mengambil miniatur golf.,0
wanita sekarang hari tidak suka melakukan sesuatu yang aneh karena. Anda niggas gosip tentang hal itu seperti pelacur.,1
bukan komentator konservatif yang lain nomor orang kulit hitam dipukuli oleh orang kulit hitam rasis yang ditangkap berpura-pura di halaman depan nomor retweets dan nomor radio penuh Robin wanita diperkosa jangkrik nomor wanita terletak artikel pendapat nomor terhadap feminisme,0
dan orang-orang meninggal di Chicago karena kau. Sekarang betapa bodohnya itu kedengarannya bodoh,1
user is my crush from last year biseksual gay,0
apakah pelacur media melihat truf berjabat tangan dengan truf putin jelas bekerja dengan putin untuk Amerika hanya mengumumkan mereka setuju pada syria berhenti api neraka ya sehingga pengungsi ohell mussie ohell pulang sekarang deport deport,1
"kontrol senjata membunuh orang, ini sebabnya kita perlu tersembunyi membawa url",0
"jika terlihat seperti bebek, bergoyang seperti bebek dan dukun yang paling seperti bebek. jika terlihat direncanakan itu hanya mungkin.",0
kpoop am i ritual mereka semua terlihat bro Wack Kpop kpopstans sama yang lebih dari partai kpop menyebalkan,0
cookie oreo;;;,0
pengguna tepat pada waktunya untuk hari columbus menghakimi aturan bahwa orang kulit putih dapat memasuki properti apapun mengklaim itu milik mereka dan membunuh penduduk,0
pengguna pantat muslim saya bahkan tidak diperbolehkan untuk menggunakan masjid sebagai estetika,0
Setiap negara akan memiliki pertempuran khusus mereka sendiri untuk melawan sementara Jerman sebagian besar Eropa akan harus melawan muslim Amerika memiliki beaners dan orang kulit hitam lainnya untuk melawan,1
dan mereka melakukannya. pr adalah lubang kotoran yang dijalankan oleh liberal korup. itu hancur dan akan memakan waktu bertahun-tahun dan tahun untuk membangun kembali.,1
mendekati patroli kontrol senjata,0
pengguna yang tidak Jerman Anda menghambat thats Perancis,0
ai lain pergi natsoc,1
ingat parang pisau dan mengakui melakukan tindakan pemerkosaan menyatakan bahwa dia awalnya memperkosa wanita kulit hitam di ghetto untuk praktek dan kemudian memulai pada pemerkosaan berantai wanita kulit putih panther hitam,0
Persetan dengan para bajingan ini. Inilah sebabnya kenapa mgtow harus berdiri.,1
dia seorang oportunis. dia ingin pos kabinet tapi liberal memutuskan dia tidak cukup baik untuk tugas ini. dia menyeberang karena konservatif berjanji satu. dia adalah orang tanpa keyakinan inti. dia tidak dipercaya dan tidak bisa dipercaya.,1
chris brown mendapatkan bitches Bro lmao,1
Badut modern berevolusi dari blackface dan minstrel menunjukkan di mana mereka akan mengenakan blackface dan bertindak seperti negro bodoh dan menyanyikan lagu rasis dan membuat lelucon rasis hanya badut yang punya adalah mereka melukis wajah putih dan membuat rambut cerah berwarna,0
Maaf aku menakutimu. Itu sangat menakutkan. Apa artinya itu?,0
pengguna pengguna shii nya benar-benar counties lain Anda harus khawatir tentang thho marion county telah droppin ganja biaya shii saya tertangkap beberapa kali dengan gulma dan polisi jus membiarkan aku pergi mereka kabupaten pantat putih yang mendapatkan anak laki-laki,0
"Wanita jalang bunuh diri, pergi ke kamar mandi dan makan pil jalang, semua dari mereka",1
Aku ingin memanggil pertarungan vitaligro-ku tapi aku tidak akan pergi jika kau dokter fo da bled olop,0
penis kucing memiliki duri sehingga dapat mengikis keluar sperma bersaing,0
"Halo oktober, Anda tidak relevan jalang Anda tidak khawatir noverber datang;",1
Tuhan. theemmys dan limusin liberal adalah hewan yang sakit menjijikkan tanpa otak. .,1
Imma membatasi asosiasi saya dengan ini f bitches kelas tahun depan pada hidup saya hanya pergi menjadi saya dan beberapa ppl tidak punya waktu untuk bs frf,1
Orang Amerika seharusnya tidak pernah menyerah meliky. orang dapat datar memukul. raksasa yankes,0
"Ya, bunuhlah mereka dengan kebaikan. Biarkan Potus dan militer menangani kekerasan.",1
"Ketika orang Yahudi memanggil orang Yahudi, kau tahu itu buruk.",0
Aku pelacur yang suka menutupi buku,0
pengguna saya harap begitu terus mencoba untuk menyimpan lebih alivesmatter,0
manfaat lain multikulturis ini adalah pertahanan moslem khas ketika dituduh pemerkosaan karena mereka menganggap perempuan haram sebagai adalah mereka adalah setan yang menipu mereka untuk memperkosa mereka,0
benar dan harus bertepuk tangan karena mengkritik presiden kita yang tidak layak dan korup tidak mencelanya.....,1
terima kasih kepada Tuhan pria dan wanita yang kabel berbeda itu membuat hidup jauh lebih menarik dan ketika seorang pria belajar untuk mendengarkan istrinya dan menghargai pendapatnya hidupnya dipuji oleh keunikan yang dalam istrinya http manlytraining com,0
tak ada yang dilakukan bagi kelas menengah dan kualitas hidup dalam beberapa tahun terakhir semua fokus pada imigran minoritas terutama ilegal melawan melawan perbedaan truf di sekolah-sekolah yang sebenarnya adalah Asian dan diskriminasi putih anti polisi propaganda,0
Aku harus berhenti menyalahkan diriku sendiri atas hal-hal buruk yang orang lakukan padaku beberapa orang baru saja lahir dan mengangkat tumpukan uap panas sampah putih,1
Aku suka nama itu. Mereka harus tahu bahwa mereka berani dalam rangka pecker.,1
afirmatif. kita memahami situasi. .,0
Inilah sebabnya mengapa kita memiliki senjata,0
Negro hitam pembenci masuk,1
kita memiliki ribuan aturan pengendalian senjata. yang mana yang tidak cukup masuk akal untukmu?,0
Keselamatan leadyourway di tempat kerja dan lingkungan kerja kondusif adalah keharusan bagi semua wanita,0
kotoran yang melakukan u berarti negro Yahudi Latin chinks jalan buang hajat dotheads kain kepala unta keparat membalik kikes miring atau homo u tidak bisa ayunan mati niglet hari ini tanpa memukul beberapa kotoran,1
"tidak mencoba untuk mengikuti hantu, tidak ada pelanggaran ...",1
pengguna ketika orang-orang ini akan memahami bagaimana orang Asia benar-benar menderita rasis juga,0
"Negro sejati memperlakukan saya dengan hormat dan Anda adalah vagina, nigga.",1
Jumat lalu seorang rekan di sini membagikan selebaran nv di rodeo menggambarkan rangkuman grafis dari mestizo tidak putih imigrasi .,1
Yah... persetan denganmu juga. Gambar menjijikkan yang dirancang untuk mempermalukan orang kulit putih dari Australia...,1
mengapa Anna bertingkah seperti orang kulit hitam,0
"jantung memompa darah, Anda hanya mencerminkan buta huruf ilmiah dari hebrews kuno. mereka tidak tahu apa yang mereka bicarakan dan Anda sedang menganggap mereka serius. memiliki firasat bahwa unicorn ada tidak membuktikan bahwa unicorn ada, atau bahwa percaya pada unicorn adalah hal yang berharga",0
Orang di bawah adalah negro,1
"Wanita tetap membual tentang penis pria mereka dan bertanya-tanya mengapa temanmu bercinta dengannya... diam-diam, cangkul konyol.",1
Senyum setelah tragedi seperti itu negara kita benar-benar sakit penembak Amerika Latin sialan,1
foto anarkir;anarkime berdiri untuk tatanan sosial berdasarkan kelompok bebas individu untuk...,0
"Apa aku harus mengulang kata-kataku, sampah putih?",1
jika kau ingin merefleksikan. kau memang kacau,1
"Hei, bagus untuk melihat pemotongan pajak dan kebijakan fiskal yang lebih luas melakukannya dengan baik! memenangkan maga url",0
Burt itu mengagumkan.,0
sup jauh lebih baik ketika Anda memiliki cukup kerupuk untuk hancur di dalamnya untuk membuatnya menjadi casserole,0
lmfao i m a bitch now lmaoo i m lemah pergi sis,1
beberapa dari kalian akan senang untuk mengatakan kalian semua telah diprovokasi pikiran saya akan hilang,0
tidak berarti mitos sesuatu yang tidak benar hmmm liberal hollyaneh harus tetap untuk membuat percaya dunia.. bodoh url,1
dan tentu saja beberapa tambalan kasar di radio menyalahkan tewas Az pemadam kebakaran pada pemerintah besar. oy. tcot p teh pihak besar.,0
Jangan tidak menghormati Sharpie seperti itu bro itu itu pasti beberapa dari merek kotoran dari belakang pohon dolar,1
"pemegang adalah yang paling etis menantang agh pernah, aib total ke kantor.",1
ketika orang label nama mereka di sana nanolt ghetto;lt;lt;lt;lt;lt;;,0
menarik tentang penjelasan terbaik yang saya lihat sejauh ini mengapa ada orang yang percaya negara Inggris berada di luar saya ketika selama beberapa dekade memungkinkan sekolah sekolahan Inggris diperkosa oleh geng terorganisir elit penguasa dan media di barat adalah pembohong yang tak dapat dielakkan,1
pengguna pengguna anda menggunakan contoh yang sangat langka untuk membuat titik saya benar-benar berpikir maka itu akan menjadi alternatif yang dapat diterima namun ketika seseorang diperkosa mereka biasanya diberikan pil untuk mencegah kehamilan carte blanch aborsi salah,0
menjijikkan seperti kita perlu lebih banyak pasir negro di sini,1
psst,0
pengguna pengguna Merkel juga pro dae sh pengungsi,0
bersorak chutiyapa hanya karena dia seorang wanita... ..lol url,0
Lumpur seppo menghambat berpikir bahwa muslim adalah satu-satunya varian kotoran kulit menyerang ibu evropa mayoritas subsahan dindus adalah christian,1
pengguna dia sepenuhnya terbelakang she christian,0
"liberal memiliki jumlah dan uang, konservatif akan mendapatkan merokok, Kansas sendiri akan mengalahkan dalam beberapa jam.",1
mengapa orang-orang ini diblokir??? sebelum saya membaca berita palsu dari sumber msm bisakah Anda orang-orang cerdas mengisi daddy t di? terima kasih dan Tuhan memberkati,0
"elit hollywood mengolok-olok republik, konservatif, Kristen, jesus, amp; excrackheads. yang sangat lucu, mengingat mereka terdiri dari demokrat, liberal, ateis, satanis, dan crackheads saat ini. dan jangan lupa,",1
tidak ada satupun yang bernapas bahkan serangga terkecil di planet ini pria pelit pecah i love wanita independen,0
Ia menggunakan penghinaan rasial terhadap Asia dalam liriknya tapi sekarang dia di sini di pantat bts bau busuk,1
"hari ini, february, dalam caralon jennings meninggalkan kami untuk Honkytonk di langit bermimpi mimpi saya ht ...",0
amen saudara. ia membawa kembali Amerika untuk menjadi negara besar kita. membawa presiden Donald j truf.,0
Kau brengsek. Menyerang Julie karena berdiri di samping suaminya. Kau sama seperti semua liberal lainnya ingin menghancurkan hidup masyarakat. Bagaimana kalau kau tidak memukul orang sampai dia dinyatakan bersalah... taruhan klien Anda hanya ingin uang!!!!,1
Yahudi menang besar memungkinkan mengubah bahwa,1
"membeli IP ini di Manchester minggu yang lain, tidak tahu itu berwarna vinyl. orang apa yang mencuri!!!!!! vinylgasm remained",0
Jangan lupa polisi muzrat yang bekerja untuknya dan milik Cair,0
tidak di ibuku mengatakan bagaimana gay ppl adalah kekejian dan melihat lurus ke arahku,0
berlari permainan yang baik dengan niggah kerajaan saya;;,1
barry o number dengan gila mohammedan loie farakhan menggosok siku dengan orang-orang yang terbuka mengatakan mereka ingin membunuh semua orang kulit putih dan memperbudak dunia,0
mengatakan ia mengambil poster yang rumah dan tersentak untuk itu,0
lol hidup membuatnya cangkul,1
bisschen zu toxic holocaust im bus abmeddl trotz frau neben mir,0
tertawa pada saya telah tidak dihormati oleh semua rekan-rekan saya dan harus berhenti menjadi diriku sendiri dan berbicara tentang mereka beberapa kali karena rupanya mereka tidak jelek chinghong chang alasan saya wtf i m dilakukan dengan semua komentar bodoh tentang apa yang saya cintai,1
akan ada banyak omong kosong hari ini di duniacup,0
Bukan hanya konservatif. Centrists yang kecil hati dengan pendekatannya untuk melawan truf. Kita adalah sahabat pelindung dan mitra dagang terbesar. Buka pasar konsumen di sini akan menguntungkan,0
Sudah lama sejak serangan teroris moslem di Argentina berkat kaum liberal di sana mungkin tidak pernah ada resolusi aia nomor aos han pasado y nada gracias cfk gabgento,0
Kenyataannya adalah suatu hari nanti kau akan berada di rumah yang dirawat oleh seekor sheboon yang akan menertawakan rasa sakitmu sementara kau mati sendirian ditinggalkan oleh anak-anak yang kau terjebak di penitipan anak membiarkan negara untuk meningkatkan,0
pengguna pengguna pengguna saya yakin mereka berpikir fuck Anda juga satu penggemar palsu pergi jika bahwa bagaimana Anda merasa,0
user ban islam dalam segala bentuk agama moslem tidak dapat diterima berbicara bebas muslim datang untuk mencuri membunuh dan menghancurkan seperti Yesus mengatakan mereka akan john waktu kjv,1
Imao saya pikir mereka sudah melakukan ini di saluran sejarah terlihat goys jesus bukan orang kulit putih dengan rambut pirang tapi pasir negro Meksiko,1
Bergembiralah Charlie.,0
keylor navas fantastis dan layak hanya hal-hal elclico terbaik,0
menunggu fanduel memukul saya dengan jig,0
Kau adalah pemain terbaik di dunia sekarang ini hanya masalah waktu sebelum dunia menyadari siapa dirimu.,0
mereka mengatakan ada negro vikings untuk fuck sake yup jews yang menulis ulang sejarah kita untuk menunjukkan kepada kita bahwa negro selalu dengan kami kencing saya off Yahudi sialan,1
Kenapa wanita membual menjadi gila seperti itu lucu? Itu seperti orang negro membual tentang bagaimana kasarnya dia,1
pengguna pengguna saya menangkap kemarin dan saya benar-benar setuju dia bertindak seperti sampah kemudian menangis karena dia ingat disebut sampah putih perilakunya sampah yang berjalan sekitar mengejar orang dengan dildo Kam memiliki hak untuk mendapatkan marah,0
Kau mengasingkan para pendukungmu...,0
"Kedengarannya seperti ide yang baik. tapi aku ingin kata-kata saya untuk menyebar. Yahudi, negro dan komunis sama.",1
sahabatku adalah jalang terbesar yang aku tahu. itulah sebabnya kita sahabat lol.,1
baik dilakukan begitu banyak orang akan mendapatkan manfaat dari penelitian medis berharap itu semua bekerja keluar matt Maga,0
Apa mereka bisa berhenti menyebarkan rumor dan berita palsu? kita sudah cukup terluka kita tidak perlu semua omong kosong ini,1
Aku tidak akan ragu apa pun yang penyihir gila akan lakukan.dia profesor gila kiri dengan masa lalu yang sakit mental.dia tidak memiliki bisnis mengajar siapa pun! aku menduga dia adalah seorang antifa anggota pd oleh soros. psiko akan melakukan hal yang sama untuk gorsuch. lockher.,1
Hahaah seorang Indian berbicara tentang pemerkosa moslem sementara wanita ilk gangbang nya di India bus sama sesatnya seperti moslems seperti moslems mereka harus pergi ke beradab negara barat untuk tinggal di rumah beradab dengan toilet nyata,1
hanya berguling ke ratu susu dan memerintahkan bom topan. badai salju bisa menghisapnya.,0
Hillary yakin dia akan menjadi presiden juga.,0
Satu-satunya werewolf activisme,0
jika Anda ingin gambar masa depan bayangkan sebuah suara jongkok pada mimpi pengungsi okassional,0
Gadis kulit hitam bilang gadis kulit putih berpikir makan pizza adalah sifat kepribadian tapi yall berpikir menarik pengedar narkoba satu juga,0
istilah baru ketika mendapatkan menepi oleh polisi tidak membuat bergerak bodoh negro berlari mencapai dalam saku hanya berbicara kembali semua putih atau hitam mendapatkan kotoran Anda dalam doo doo doo lamfao besar,1
"kentang tumbuk, kacang string, nasi kuning, dan ayam;",0
Tampaknya mereka tidak belajar dari pengendalian senjata.,0
dimana kau menemukan antifa di Chicago,0
Aku tak pernah bilang apa yang kau katakan.,0
patung-patung yang turun dan Anda masih memberikan sebagian besar uang Anda untuk mensubsidi pembibitan dan importasi non-whites yang tidak seperti Anda dan akan menggantikan Anda.,1
videografer yang melaporkan kekerasan antifa ditemukan tewas karena kecelakaan mobil tragis. polisi sekarang percaya kematiannya bukan kecelakaan sama sekali. selamat datang di sebelah kiri.,1
Google belajar mendorong berita liberal dalam saran pencarian top,0
"i selamat flu babi, flu burung, barat nile dan administrasi bloomberg. sakit baik-baik saja; aborsi kelangsungan hidup. tidak bisa mendapatkan bahwa",0
pengguna jadi pada dasarnya nomor nasib tinggal di sini dan semua nomor adalah bintang porno terbelakang,1
Amerika pasti begitu baik... berharap aku bisa menikmatinya. Sekarang kita memiliki multikulturalisme ingin anak perempuan itu menjadi hitam dan globohomo mendorong bayi putih untuk mendapatkan vagina bukan penis.,1
pengguna pengguna pengguna kita perlu media untuk berhenti membuat segala sesuatu tentang ras menurut mereka setiap orang kulit putih adalah supremasi putih dan ya saya menyalahkan media,0
Aku akan menunjukkan pada mereka bagaimana caranya.,1
dia aktif di instagram akhir-akhir ini. dan dia menjatuhkan album kadang-kadang tahun ini.,0
Ini mengagumkan untuk menjadi putih.,1
Terima kasih secara acak orang internet.,1
sesuatu tentang hitam dan favorit lama sekali Anda pergi hitam Anda tidak pernah kembali,1
pengguna Anda melewatkan keluar anak putri gay,0
yakin bahwa mengapa sandniggers membenci Yahudi benar-benar oh ya kita harus mengambil seseorang yang membela orang-orang yang sangat gangpea euro perempuan serius tidak Islam perlu mati satu-satunya muslim yang baik adalah muslim mati berhenti membela mereka atau Anda juga akan menjadi salah satu dari mereka,1
dan kemudian ada ini url thrumarmy allvetsradio voc thebrooksbrown maga url,0
Jadi sekarang majikan harus berurusan dengan gangguan mental di sisi masalah sehari-hari dalam bisnis???,1
imigran ilegal memberikan jari tengah kepada imigran hukum yang bekerja keras untuk mematuhi menebak hukum yang mendukung penjahat liberal imigran gelap,1
Apa yang medis adalah ilmuwan liar shithouse batu bata seorang ayah bajingan besar dari nomor merpati apa yang medis bukan nazi,1
iubb games ketika Im di btown bloomton bagaimana baik itu?! ncaa basket college Indiaa iu hoosiers,0
"negara tahu siapa kita, tapi kita lebih suka menjadi negro nyata amp; jalang buruk.",1
keluar dari neraka sebelum Anda orang menjadi bagian dari kotoran besar!,0
Hmm .. emoji terdekat untuk mencari sekop ...,0
Dia bekerja untuk sebelum ia memecatnya untuk komentarnya pada pemandangan. dia tidak konsisten di seluruh tempat sialan.,1
tergantung di mana kau tinggal. aku kacau sejak aku tinggal di Eropa dan senjata kami diambil lama. orang Amerika masih memiliki kesempatan untuk tidak memenangkan perjalanan gratis ke kamp konsentrasi komunis.,0
semua pelacur mencintaiku,1
kepada dua pelacur palsu yang belum check in w saya sejak kejatuhan saya w bahwa setan putih ingat tersedak pagi ini,0
Wanita konservatif tidak terlihat oleh liberal. membuat kita diam-diam. kita sebenarnya adalah apa yang diinginkan feminis. kita tahu apa yang kita pikirkan. kita tahu apa yang kita harapkan. kita memilih. dan itu adalah kekuatan super kita.,0
biaya-biaya terkait alien ilegal tahunan chicago adalah nomor juta dan defisit tahunan mereka adalah jumlah juta Anda lakukan matematika,0
Aku setuju dia sangat cerdas dan aku suka kebijakan terbaru dari dana kekayaan berdaulat sesuatu yang telah lama didukung. Tapi dia hanya tidak memotong melalui. Seseorang seperti Jo Swinson akan mendapatkan partai lebih banyak waktu udara imo.,1
"mari kita mengubah topik pembicaraan untuk sementara waktu, ini adalah lagu dari salah satu film favoritku dalam beberapa tahun terakhir, apakah kau tahu kau menyukai bourne?",0
"lihat sweden, france, uk, europe berubah. europe akan menjadi benua muslim oleh. silahkan menonton video mutube judul muslim demografis, Anda akan takut mati, kecuali Anda adalah muslim atau cinta Islam.",1
pengguna mempertimbangkan mereka meninggalkan pria kulit putih presenter dari penyelidikan meskipun ia telah disertakan dalam keluhan saya pikir dia layak untuk mengambil bbc ke pengadilan untuk pelecehan dan diskriminasi saya berdiri dengan naga,0
Aku negro pasir dan itu membuatku tertawa,0
tidak di sini ... maga wwgwga,0
Wanita jalang!,1
mendengarkan rumah kebencianmu yang panas mengambil jimat pemerkosaan cosby. Yahudi nya. mereka juga perlu mengontrol dan mempermalukan atau mereka tidak bisa turun.,1
conoc; tus ojos negros y ahora si que no puedo vivir sin ellos,0
Aku ingin melihat ini terjadi pada Amerika membenci muslim mencintai manajer homo pohon dolar di halaman yang adil,1
carson kau jalang bodoh sialan memelukku aku benci kau,0
ur ballsack berbulu gtfo trney prude jalang,1
Kau lupa menggunakan sellotop untuk memperbaiki pita robek... ..hari-hari indah!,0
mereka salah Anda adalah seorang negro selalu causung kerusakan antara orang sendiri,1
Sebuah bangunan penuh dengan vagina kike adalah mimpi nomor nomor menjadi kenyataan bunuh diri laki-laki saya,1
putri michael mengenakan bros negro untuk bertemu harry negro jew tunangan judenpresse mengungkapkan kemarahan dan pelanggaran,1
bagus review pelatihan cqb dengan menempa taktis di ohio.,0
Siapa yang ada di pesawat itu yang ingin mereka bunuh? atau ini bendera palsu lain yang mereka harapkan untuk menabrak gedung lain?,0
pengguna baru saja mendengarkan episode Anda nomor pekerjaan menghantui tidak percaya Anda mengacu pada hidup manusia sebagai alien ilegal atau bahkan alien Anda telah kehilangan pendengar dan mendapat peringkat rendah btw Anda harus membaca atas kekejaman agen patroli perbatasan lakukan untuk anak-anak dan keluarga,0
mereka pelacur bagi saya mereka membunuh bagi saya mereka mencuri untuk saya dan tentu saja itu akan yo uang tunai dan pembunuhan sakit yang pelacur mengirim tubuh kembali ke pantat yo,1
"Mungkin kau berpikir liberal, adalah sebagai perempuan yang sepele dan mereka mengeluh. Anda bertanya-tanya mengapa dr. Ford tidak ingin menyerahkan diri untuk seperti pengalaman mengerikan sebelum Anda semua?",1
di daerah saya ada banyak pilihan berkemah toko senjata. saya sebelumnya hanya pergi ke penis untuk menyebarkan suara dolar saya sekitar. sekarang saya benar-benar tidak punya niat pergi ke sana lagi.,1
dems dan tidak pernah truvers tidak tahan melihat serfs melanggar rantai perbudakan keuangan bahwa mereka bekerja begitu lama dan sulit untuk menempa.,1
oh si kuning ini memalukan,1
"Berita palsu, pecundang menggunakan pertanyaan tertulis untuk menekan diskusi terbuka yang sangat diperlukan tentang kekerasan senjata dan penembakan massal ini menempatkan sekolah dan anak-anak kita terutama beresiko kita harus mencabut lisensi siaran cnn tindakan mereka akan menyebabkan lebih terorisme domestik",0
asains harus mengambil klan wu tang; draft seharusnya untuk setengah berkembang biak seperti saya dan jatuh di udara,0
Jika Paus begitu khawatir maka dia bisa membiarkan semua pengungsi ke Vatikan,0
Kakek bodoh.,0
pengguna mungkin ingin menambahkan bahwa anning adalah nazi literal,1
uk,1
"jawab rekan kerja telepon ada burung mati di luar. saya ingin membagi? cw apa? saya maaf, pencari penjaga, ri;",0
ada yang terkejut?,1
Apa kau masih menyalahkan orang kulit hitam untuk semuanya?,0
dan mungkin semua yang mereka tahu. tolong katakan padaku dia masih di penjara. atau lebih baik lagi mati. kamu wanita yang kuat. aku sangat menyesal yang terjadi padamu.,1
hanya mencoba untuk membuat orang mengerti bahwa Anda tidak harus mencukur kepala Anda untuk menjadi kulit.,0
menjatuhkan kemungkinan kata kerja pinggul lamest dalam leksikon shitlib.,0
Kelompok dukungan moslem gay,0
Jangan katakan apa yang harus kulakukan.,1
kata-kata pengguna adalah af penting dan perubahan dengan waktu kita tidak lagi menggambarkan orang sebagai homo terbelakang atau bahkan Indian disebut kemajuan memaksa orang-orang yang ingin hal-hal dari pemerintah untuk memperlakukan orang lain yang juga membayar pajak dengan hormat tampaknya ok bagi saya,0
forevaaaaaaaaaaa url,0
Hanya menggantung sepotong moslem kotoran oleh kacang dengan kawat berkarat jika tidak bekerja mencoba lehernya,1
Para pengungsi akan selalu merasa terancam di sini di dalam diri kita sampai mereka menolak teroris berubah menjadi monster di komunitas mereka mengadopsi dan mendukung hukum Amerika dan konstitusi kita dengan kata lain berasimilasi sampai saat itu pengungsi akan merasa terancam dan benar sehingga pilihan mereka,1
"Tidak, tidak akan benar-benar bodoh terbelakang yang mengklaim menjadi ayahku hanya bergegas dan memiliki serangan jantung",0
"Orang seperti ini harus dihukum mati, tidak hanya dijebloskan ke penjara bagi kita untuk membayar makanan dan perawatan mereka selama puluhan tahun.",1
Perhatikan bagaimana siswa yang disebutkan dalam artikel ini semua memiliki nama asing di tengah african kemungkinan moslem Timur namun sebagian besar pedesaan uk adalah putih Inggris ini adalah orang-orang yang perlu bolak-balik sering dengan layanan bus rel miskin dengan layanan komuter yang baik penuh imigran,0
Siapapun yang berdiri dengan negro pasir di Amerika adalah bagian dari kotoran bahwa semua,1
"dan dengan ini, sakit berhenti ini fringe menginduksi daftar putar musik.",0
Mengapa itu penting negro mana yang duduk di bus tidak itu membuat mereka bukan negro,1
Para homo di Olymipcs sama saja di militer. Kesalahan besar.,1
"i think i mendengar bahwa sweden dan norway memiliki mtv sekarang, melakukan fiinland atau baltic negara mendapatkan sampah yang belum?",0
Jangan pernah pergi menghambat penuh,0
mobil ditarik keluar dan belakang berakhir bus yang dan marah negro yang di sepeda,1
Tidak semua homo suka Twinks banyak yang ingin diperkosa oleh laki-laki seperti aku,1
hari yang lebih baik dari pertahanan seorang jalang yang buruk adalah seberapa baik vaginanya ?,1
jalang mengatakan cara terbaik untuk mendapatkan lebih dari seorang pria adalah untuk mendapatkan di bawah satu lagi!!! smh dats ah hoe for u,1
on ya sheet rap vagina nya seluruh banyak bros!,1
Teman kulit hitam pergi melakukan beberapa obat lagi dengan teman-teman negro Anda Anda mati otak,1
yee boy saya yung nicca mengatakan kepada saya dat lilin,0
dan kadang-kadang ini anak-anak jalang tegang tidak diam-diam lembut baik trope!! mereka hanya lurus ke atas.... kasar...... ini adalah garis yang sangat tipis untuk berjalan dan dramione tidak berjalan dengan baik,1
cte d ivoire a igth girl was those year was ranve by a grown baby was found by his family bashed in his blood in a bush rape is a reprehensible act the hondid must be done we must be blain these,0
yang merupakan karakter lesbian terbaik sepanjang masa dan mengapa Anda memilih lexa,0
pengguna pengguna pengguna pengguna sehingga ruangan yang penuh dengan orang kulit putih tidak berpikir bahwa orang kulit putih lain melakukan blackface adalah penalaran rasis yang sangat baik,0
"Ayo kita mabuk, di tiup, meludah kotoran percikan tumpul amp; fuck cangkuls! bro putih dudes tidak dingin.",1
Anda pergi mike dan by the way Sarah dia adalah sarang terbaik . url,1
serius Anda melihat video tentang bagaimana Anda dapat membeli niglet Afrika pada ebay Cina Anda mempertanyakan rambut orang-orang,1
Aku tidak mengerti kebutuhan beberapa otopsi. Aku kira mereka akan terus sampai mereka dapat miring terhadap petugas,0
pengguna pengguna pengguna putih zaionist memonopoli modal adalah master dari semua pihak oposisi yang berada di parlemen yang dikecualikan pengguna negara monopoli sillionis putih adalah master dari semua pengguna saunoin yang dikecualikan dan ini wzmc media sa palsu dikecualikan pengguna dan pengguna,0
lol Anda mengubah nama Anda ke yang disebut korban,0
tidak jika tidak diinginkan oleh ibu. kemudian kiri menyiramnya ke toilet dan pergi ke antifa reli untuk merayakan.,1
kemunduran libard untuk larangan pengungsi moslem hanya memberitahu truf apa yang perlu dikoreksi dan yang sialan hal-hal untuk orang Amerika ketika pengganti scalia disebut kembali ke larangan,1
Seseorang harus mengurus sampah putih kami,1
pengguna terakhir kali saya memeriksa ia memiliki nomor karir karung vs elang layne johnson telah membuatnya jalang nya,0
telanjang itu jalang. lihat apa yang saya lakukan di sana,1
Jika hak istimewa kulit putih ada maka mengapa tidak kita harus menggunakan kata w untuk wigger,0
Tutup mulutmu pantat homo knicks ayam pengisap pendapat Anda adalah tidak relevan homo,1
akhirnya! tidak ada lagi mengerikan mengambil dari pemilik nfl rasis,1
dia lmao,0
Kau belum menjawab hukum pengendalian senjata yang realistis akan mencegah tragedi tanpa melanggar proses hukum dan hipaaa...,0
Aku pergi ke kota dan menempatkan kartu perlawanan.com buisness di perpustakaan umum dan memberikan mereka keluar di jalan untuk berbagai orang yang memiliki kulit putih .,0
Ibu datang menjemputku anak laki-laki kulit putih meninju lubang di dinding,0
Prolly mendengar cangkul dari cangkul,0
berharap itu adalah penerbangan singkat dan Anda tidak perlu duduk di dekat negro terlalu lama,1
"mereka negro jijik saya. mereka harus berurusan dengan tahun lalu, kita tidak akan memiliki masalah ini sekarang.",1
pengguna jalang seksi saya,1
Kau tidak tahu apa-apa tentang paman kita kecuali fantasi Yahudi apapun yang ada di luar sana dan jika kau ingin pergi taktik itu kau harus berpihak pada antifa homo karena mereka membenci Nazi juga pergi menjadi kike di tempat lain,1
pengguna apakah Anda seorang menghambat sialan,1
bts berinteraksi dengan seorang pria yang mungkin akan menelepon saya raghead ini begitu,1
Yankee winnn!!!;,0
pengguna wow pantat seksi dan kaki seksi wanita dengan celana hitam dan tumit hitam,0
TATF sudah membela gagasan perang saudara jika direkzulkan siapa pun yang berpikir dia tidak bersalah pada saat ini adalah idiot sialan jika itu tidak cukup meyakinkan maka pergi membaca rumah putih memo memberatkan sendiri,0
atau mendapatkan menyapu di motown lol yankee harimau mlb,0
intinya bukan tahta itu sendiri tapi alasan untuk itu dan apa yang mewakili untuk kera berjuang dan menginjak-injak untuk itu.,1
ISRAEL yay or nay,0
user yeah me and gaby hate you,0
Elizabeth adalah seorang.bodoh cangkul.,1
