text,label,source
"Dasar aturan yang bikin Polri makin bebas ngegas, gak heran kalau makin banyak preman berkedok kepolisian!",1,tiktok
banyak gaya luh rumah sepetak aja ????,1,dataset_research
"""Parah lu bang nama lu udh rusak karna narkoba malah nambah masalah ajh truss""",0,tiktok_v2
karena rakyat indonesia bodoh tidak membedakan yang yang buruk sudah tahu prilaku buruk tidak tahu sopan santun yang dipilih jadi panutan mengidolakan yang murahan dari pada yang berkelas ber etika,0,relabel
perokok berat mas makanya hitam sangatðŸ˜‚,1,tiktok_v2
Semua Relawan harusnya otomatis bubar setelah Pemilu selesai seperti halnya Tim Sukses bukan malah dipelihara. Semua Tim Relawan Capres sudah bubar dengan sendirinya Kecuali Relawannya Jokowi tetap dipertahankan.,0,tiktok
USER siapa bego lu bukan tmn gua najis dah kesel sendiri gue',1,fn_hatespeech_id
Kutukan pidun 2002 msih berlanjut. bagaimana kbar wasit yang memimpinnya 😁🫢🫢,1,
"USER USER Pengen cepat"" pilpres neh, biar tenang negara ini tanpa gaduh.. ; ; #2019GantiPresiden",1,fn_hatespeech_id
ngiri liat orang keren main alat musik dalam sekali nikmatin permainan,0,relabel
kakak gendutan ya,0,dataset_research
"""BUNUH DIRI LAH SONO GOBLOX""",1,tiktok_v2
Otak sapa yg ada gangguan,1,
"USER USER USER USER Lihat fakta dong , brosing peringkat partai korup , juaranya PDIP \nKalo ada oknum muslim korupsi cebong gembira dan koar2 , kalo ada oknum non muslim korupsi cebong mingkem , sebenarnya kalian benc",1,fn_hatespeech_id
@gasendra: kebanyakan bocotcotcot,1,dataset_research
Kedekatan lawyer satu merk yg dipakai pada lampu JPU di DKI dgn Ahok gubernur saat itu dduga menjadi alasan terpilihnya satu merk tersebut,1,fn_hatespeech_id
OBLY 347 LIKES AND 200 REPLIES AND EIGHT HOURS AGO??!!!,1,
Mantan menteri hrsnya jaga wibawa.bknnya turunkan berita HoaX!yg buat ribut itu asli kalian!hbs itu USER yg disalahkan USER oon!,1,fn_hatespeech_id
bikin konten youtube daily activity stanford kak maudyayunda,0,relabel
"""Eh bocah mending Lo mati aja GAK guna juga ada orang kayak lo hahahahaha""",1,tiktok_v2
Semoga bener Aamiin ðŸ˜,1,tiktok_v2
"A:aduh min kok aku kelihatan\ntua ya ?\nB:liat deh kulit becky 30an\nmenjelang 40..\nA:gua nanya keadaan kulit\ngua,bukan becky bego !'",1,fn_hatespeech_id
Sudah kuduga beda kasus ini bukan yg dicilacap woyyyy itu cirebooonnnnnnnnnnn 😂,1,
"#PDIPerjuanganMenang Mereka, kaum sipit mau menguasai tambang Indonesia, kalian ketawa saja. Dasar tidak punya nasionalisme Indonesia. Lebih baik tidak usah ikut Pemilu bagi kalian yang dukung 2 periode. Dan hasilnya Tambang Indonesia dikuasai sipit dan",1,fn_hatespeech_id
sampai kapan bang lu mau jdi cowok yg gak bisa anteng..dapet spek mbak er aj di selingkuhin apalagi lintang,1,tiktok
YO YT,0,
"""Ga ada yang dibawah Meldi, semuanya setara, ada kekurangan ada kelebihan""",0,tiktok_v2
Karena apa dia minta maaf guys 😹,0,tiktok
mandi bang,1,dataset_research
Korea harus belajar ke Federasi tanjung Verde bang 😂😂,1,
apaoun pekerjaannya yang halal u tuk menafkahi keluarga semangat,0,relabel
Besok mau nobar,1,
"""anjing saya suka duduk dekat kipas""",0,manual_augmentation
kaka2NYA cakep kok adeNYA kayak... sudahlah no komen,1,dataset_research
"11 12 lah kek PSSI, mungkin Pemimpin PSSI dan KFA ga mau namanya kalah sama pelatih 😂😂",1,
"Kita Lengserkan Jokowi Dodo yg lebih tepat, Aman dan tentram negri ini.",1,fn_hatespeech_id
Ibu Siti Zuhro memang cerdas tuuuh...... is the best ðŸ‘ðŸ‘,0,tiktok_v2
😢😢😢😢😢 buat para cewe diluar sana termasuk saya semoga selalu dilndungi dan diauhkan dari laki2 anomali kek gini kalau udah main tangan cepat lariiiiii sejauh mugkin,1,
"@AriWira-k2p kalo aku yg jadi ibunya korban, akan aku tendang kepala sipelaku, akan aku injak injak akan aku seret, aku marahnya udah meluap, aku tdk terima anak yg dr kecil disayang di sekolahkan, eh orang lain beraninya mukul, nendang nginjak, setan, ga punya otak, iblis",1,
pickboy??,0,dataset_research
Sampe sekarang saya ga tau ketum federasi brazil wlopun juara pildun berkali kali,0,tiktok
Congratulations 🎉🎉🎉,0,
"Ini orang ga tau Islam, tp belagu dan asbun.; ; Pidato Jokowi udah sesuai ayat Qur'an: Allah tak akan ubah nasib suatu kaum kecuali mrk mengubahnya. ; ; Kalo mau ganti presiden, rakyat sendiri yg harus mengganti. Baru Tuhan mengganti. Kehendak rakyat dulu,",1,fn_hatespeech_id
9:10 mirip ya kayak Indo. Pelatih yang hampir nyaris bawa ke world cup di pecat sepihak. Ternyata sama sama plenger😂😂😂😂,1,
Di kasih princess malah pilih ikan teri,1,tiktok
MaMaH AKu TaKuT????,0,dataset_research
"betul mas ,dituntut saja ,politikus harus santun dan nyata",1,tiktok
Sekarang denger erik pidato telinga tersiksa,1,tiktok
ngejelek-jelekin orang kok dibelakang? didepan dong.. Ga punya nyali yah? Situ banci? hahaha',1,fn_hatespeech_id
"RESIKO SEORANG PELATIH,SIAP DI SANJUNG DAN DI HUJAT",1,
padahal sampe ada korban ternyata dpr emng bukan wakil rakyat ðŸ˜¢,0,tiktok_v2
"""aku terlihat aneh karena salah pilih filter""",0,manual_augmentation
"""tampilan aplikasinya aneh tapi fungsinya bagus""",0,manual_augmentation
USER Iya cocot',1,fn_hatespeech_id
"""youtuber toxic, tutup akunmu sekalian tutup usia""",1,tiktok_v2
15 hours 😂😂😂,0,
aduduuuuuuuhh mas mirip kartun aduduu,1,dataset_research
Yakin Projo dalam bahasa sansakerta negeri & rakyat ? coba cek geh di google translate ðŸ˜‚ðŸ˜‚ðŸ˜‚,0,tiktok_v2
USER USER USER Cebong baru jadi yaaa.\xf0\x9f\x98\x81\xf0\x9f\x98\x81\xf0\x9f\x98\x81\nBau amiss.',1,fn_hatespeech_id
anjing foto ya,1,relabel
definisi pikmi di dunia nyata,1,dataset_research
kulitnya bgus bangettt🥰,0,tiktok
anjing juga kamu ler,0,relabel
Masalah sekolah bagus itu sebenernya sama mas hansol di Indonesia juga ada universitas unggulan dimana SMA yg di pilih bisa menentukan universitas mana yg kemungkinan besar bisa di masuki kelak,0,
Siap tak tonton mas Hansol aku wong Jember,0,
Don dasco satset,0,
bilang aj lu miskin jadinya nggak nonton 😏 atau lu nggak diajarin sopan santun sama orang tua😏,1,
Please just disappear lo itu gak dibutuhin siapa pun,1,codemixed
Kalen Kalen Pada Jahad Ma Aku,0,dataset_research
cantikkkk bangetttttt,0,tiktok
"Sangat sedih dg kondisi negara kita saat ini. Banyak yg sdh tdk sesuai dg aturan yg sehrsnnya. Untuk jabatan penting dipemerintahan diisi oleh orang2 yg tdk jelas kompetensinya, sedangkan untuk di bawah (rakyat) terlalu banyak syaratnya yg tdk masuk akal.",0,
tinggal indonesia barrack obama memelihara monyet bernama tata,0,relabel
Film nya bagusss bgt aku kira jelek pas nonton di bioskop bareng sekolah,0,
USER USER Mulai ga fokus n skrg lari ke hutang...coba cek APBN n alokasi kementerian di kemenkeu..baru kita debat mengenai hutang..jgn jadi anonim bloon...\xf0\x9f\xa4\xa3\xf0\x9f\xa4\xa3',1,fn_hatespeech_id
podcast sana sini eh🤣,1,tiktok
kamu perek pemalan pejuh belaga pakai hijab neraka kamu anjing,1,relabel
40. Jika Jokowi mundur maka akan bergelar negarawan tapi hal itu mustahil pasti akan tetap bertahan dan kita akan melihat berakhir,1,fn_hatespeech_id
anjing peliharaan saya suka main bola,0,manual_augmentation
"Skrg q pahaaam.. Berarti ibarat timnas Konoha gagal total di tangan si anomali, tapi federasi masih aja tunjuk si anomali jadi pelatih lagi.. Hasilnya hancurrrr lagi !! Mana ketumnya juga ga ganti2.. Sekarang q ngerti gimana perasaan warga Korea bang 😮 wajar aja mereka semarah itu",1,
USER USER USER USER USER USER USER USER USER USER USER Dasar kaum onta\nBacot ajj digedein\nIstighfar ngapa?!',1,fn_hatespeech_id
hapus saja ni poto tidak tahu malu sangat kamu bang,0,relabel
Artis tahun kapan?🙏🏻🙏🏻🙏🏻,1,tiktok
hansol kalo ngomong babi fasih banget wkwkwk,1,
eh bangsat ribut yuk saya,1,relabel
astaga ratu edit muka sumpah seren mirip film setan2 begitu,1,relabel
ini pakaian saya depan suami??,0,dataset_research
13. Setelah kita sepakati karakteristik pribadi kita cermati kondisi faktual internal SBY-PD: SBY bukan taipan harta tdk melimpah kayak JK,1,fn_hatespeech_id
anjing loyal pemiliknya,0,relabel
"Tau gk sih , rafi ahmad kan deket dengan kluarga mulyono , dan mulyono sdh kampanye kemana mana untuk siapa ? ya untuk 2029 untuk kluarga dan kroni . Di Indonesia gk butuh orang cerdas yg di butuhkan orang yg bs nempel atau di tempel kluarga penguasa . Era Reformasi KKN semakin menggila . Era mulyono makin gila lagi sampai sekarang .",1,
Dumb banget sih lo everyone thinks youre an idiot,1,codemixed
USER bajingan anda USER',1,fn_hatespeech_id
Meluruskan= membelokan ?ðŸ¤ª #pahamðŸ¤£,0,tiktok_v2
NGANTUK? Nyabu ituðŸ˜¹,1,tiktok_v2
Yang aku kasian dijadiin sound juga itu tu pas di bully juga tuh ada senyuman palsu sama yang aku bingung aku aja umur 9 aja gak ada pacar yurika ada 🗿🙏 tp mamaknya santuy yak yurika punya pacar aku aja langsung di coret dr kaka 🗿💔,0,
Siap,0,dataset_research
"Ayat-ayat yang dingajikan:rampasan halal, perangi, bunuh, penggal kafir, cocok2 penis, semuanya merusak bangsa",1,fn_hatespeech_id
fungsi nya projo itu apa sih,0,tiktok
"Detik detik Presiden Indonesia, eh Gubernur Indonesia ? pak USER bertemu dengan Presiden Turki USER ; ; Tanpa teks, tanpa bingung lgsg nyrocos ngomong nampak sangat Akrab sekali. Beda dengan si itu... Ah sudahlah gak usah dibahas mmg kelia",1,fn_hatespeech_id
lama2 ilfil deh sama ni ertong caption ig story nya membicarakan orang mlu orang jadi ambigu nilai si a si b si c sudah begitu kaya zholimi salahinnya lawan jangan omong status ah nya dewasa,0,relabel
"""Yang penting ada niat.. dan keberanian""",0,tiktok_v2
RT USER Semua fitnah ingin bubarkan KPK. klu bubar KPK rakyat akan demo seluruh indonesia. Untuk bubarkan DPR. yg makan gaji buta,1,fn_hatespeech_id
masyaallah cantikkk banget Pratama Arhan punya Istri😊,0,tiktok
1y ago here,0,
mau mkn jdi kgk ada nafsu,1,dataset_research
Anak sama orang tua sama aja,0,
cantiknya zizah,0,tiktok
USER USER Iri ae lu tolol',1,fn_hatespeech_id
"USER mau bukti ke RADIKAL an HTI dan FPI?!; apa kurang bukti di setiap orasi-orasinya HTI dan FPI selalu memfitnah dan caci maki terhadap pemerintah,POLRI bahkan ULAMA'/KYAI-KYAI!!! ; dasar otak bebek pura-pura buta dan tuli dengan isi otak junj",1,fn_hatespeech_id
100th reply,0,
Viral 48 dt,0,dataset_research
parah kamu bang nama kamu sudah rusak karena narkoba tambah saja truss,0,relabel
Selamat di atas penderitaan orang lain ? Hih. URL,1,fn_hatespeech_id
proyek selesai hasil kerja keras terbayar,0,relabel
pantesan orang indo iqnya rendah2 kelakuannya bgini... langsung terbukti,1,dataset_research
waduuhhh kereeen bangeeet dedek2 emeesh,0,relabel
"Sodara ga tau diri, uda di urusin sm kk nya, mlh ngerasain tai ke muka kk nya! Biar kualat Lu!",1,
Pipi nya cubit pipi kamu emang mau nya di cium dmn,1,dataset_research
"setidaknya gue berharap dia bisa jadi ibu yang baik, meskipun anak2 itu harus ngerasin perpisaan orang tuanya di umur se kecil itu",0,tiktok
Kak aku mau juga diajak pergi belanja sepuasnya sama adikku tapi enggak pernah di samperin,0,
USER USER Yang kuat makan isyu sara justru Gerindra yang tidak sanggup menerima kenyataan. \nWajar kalau isu sara hilang karena Gerindra lah Pencipta sekaligus pemamah isu sara. Politik bejat',1,fn_hatespeech_id
Masalah pinjaman yang lebih ringan meminjam lebih ringan jap ok ringan untuk berdiri dengan satu pompa di sini karena mereka ingin mengatakan,0,dataset_research
y ampun pnyanyi dangdut tenar songong bangt bacotnya ingin cari sensasi kmpungan bangt deh amit amit bool ko di instastory,0,relabel
Mungkin dia mengikuti standar cantik di negara sana,0,tiktok
Sang pemberani 👏,0,tiktok
"pertamina : ""lah anying kan lu yg nyuruh dan bikin aturan njir, ngapain malah lu nyalahin gw"" ðŸ™„",0,tiktok_v2
"USER Pak USER secepatnya Islam dinyatakan sesat dan menyesatkan, tidak perlu lagi ada bank syariah",1,fn_hatespeech_id
dekil tatoan mampus karir kamu hancurr pantek,1,relabel
"orang anaknya Erika mirip Bravy,,,kasian si Panda dituduh",1,tiktok
era kamu lagi wkwkw sekarang kamu penuh cacimaki telen ludah,1,relabel
"Boikot saja Rafi Ahmad, punya presiden tapi dungu, bobrok rezim saat ini",1,
heh kontol jan sok pemes kamu rp muka kek memek orang tua kamu kek monyet agama kamu saja agama kontol,1,relabel
cakap kaga jelek iya hahah,1,relabel
"""Selamat ulang tahun panjang umur sampai ketemu dajjal""",1,tiktok_v2
mood hancur bangsat masi pagi iniiii,1,relabel
"Bener, harus dibikin cacat seumur hidup biar kapok",1,
Artis tahun kapan?ðŸ™ðŸ»ðŸ™ðŸ»ðŸ™ðŸ»,1,tiktok_v2
warna bikin raisa shinning merah hitam putih pink and emerald,0,relabel
USER USER Yalord panjang bgt critanya. Intinya agensinya brengsek emang',1,fn_hatespeech_id
makanya kadang kami malas cerita karena kek gini,0,tiktok
warna mobil itu terlalu mencolok buat selera saya,0,manual_augmentation
"USER USER Hahahaha mana gue ngatain agama selain islam hayoo? Hahaha debat lo model gitu? Idih gak level. Masa debat gara2 salah tangkep kalimat kan bikin malu, malu dong sama cebong yang islam agamanya lo hina2 hahahaha sungguh kaum cebong ka",1,fn_hatespeech_id
Lesti malu maluin,1,dataset_research
"USER USER USER USER USER USER USER eh dongo, klo namannya di tackle terus injured, ga usah ma yg debutan 20 taun, ama yg 17 taun klo maen nya kasar jg cidera.. wkaakakak. heran anda punya otak kan?",1,fn_hatespeech_id
"Hari ini produktif banget, selesai semua kerjaan",0,contrastive_dataset
beda di foto yaa lebar sekali mukanya maaf foto editan ya,1,relabel
"Betul bang hancurkan merka bang, musnahkan china babi dibumi pertiwi indonesia, berkedok reklamasi itu ahok",1,fn_hatespeech_id
"""Mukalu kek aktor bokep bgst mending ngobat aja luu""",1,tiktok_v2
username aurel cantik tahu liat asli nya orang sirik yang menjelek jelekannya muka tente cantik muda aurel aurel difoto nampak putib bilangnya suntik putih hitam dibilang tidak ra,0,relabel
Program anti-bullying di school kita udah improve banyak im glad,0,codemixed
USER Lebih bagus kalau DPR yang di bubarkan,1,fn_hatespeech_id
mengganti logo berharap bisa masuk Gerindra🤣🤣🤣,0,tiktok
"""layout majalah itu kampungan menurut dosen desain""",0,manual_augmentation
"""anjing, ternyata sepedaku bannya kempes""",0,manual_augmentation
"""Unfoll aja daripada kalian dosa ngebully2 terus..""",0,tiktok_v2
"Pertanyaan, kenapa dikorea banyak kali perhimpunan sesat ?",1,
gajadi dijual musangnya udh lepas dri kandang,1,dataset_research
"USER Eh malam monyet jadian betul tau. KL Special Force cerita curi bank kan? Kita malam malam plan baik punya curi air kat cafe. Sorang jaga hujung, sorang jaga depan, sorang tengok cik syakri, hahaha gempak babi!'",1,fn_hatespeech_id
USER Masalah dia i penulis ucapan kad raya cina tu??? ellooo???',1,fn_hatespeech_id
?????????? ???? ????,0,dataset_research
14 modal nomad 15 ribuan dan sekotak popcorn modus mesum dilancarkan pertama tama kamu merasa aneh lama lama kamu izinkan maksiat,1,dataset_research
suka bgtt sama kak cipaa orangnya humble sama orang temannya,0,relabel
demen anjing sampai kaya anjing hehe,0,relabel
"""Lupa di edit ya tu muka melar""",1,tiktok_v2
USER Intinya yang tidak dukung PRABOWO adalah PKI,1,fn_hatespeech_id
senyuma lu mirip logo Arsenal,1,dataset_research
mukanya gak ada enak2nya diliat 😏,1,tiktok
"Kalo anak gw yang di bully sih lapor polisi belakangan deh, gw dulu yang turun tangan. Ini anak2 pembully dikasih makan apa sih sama orangtuanya?",0,
"Sebagai keturunan Tionghoa, lahir, besar dan menua di tanah Air ini.... Koq sekarang banyak melihat dan menyaksikan sendiri keturunan Tionghoa generasi Z ini asli jadi TOLOL dan Gak sadar, gak tau jati diri nya siapa.... Termasuk si S ini... Luar biasa keras kepala tapi TOLOL nya asli luar biasa, termasuk juga para Pembela dan Kuasa Hukum nya juga...",1,
mirip banci deh nenek2 punya cucu mau operasi mua top tetap saja kalau asli nya tidak cantik dalam,0,relabel
kaum 58% gak bakal sadar,1,tiktok
Mamari aku pngen langsing kaya kamu ðŸ¥°,0,tiktok_v2
Krik bertaruh Bang Sumoah,1,dataset_research
ci vilmey aku mimpi ketemu ci vilmey sumpah demi allah nggak bohong,0,
Dia tu kayaknya benci sama abangnya n iri gtu,1,
"Masih jadi TKA aja udah menghina ntar jadi bos mau lah Indonesia ini di jajah,, USER lemah x pemerintahan mu pak...; ; #2019GantiPresiden; #2019GantiPresiden; #2019GantiPresiden",1,fn_hatespeech_id
itu bibir keceduk apa,1,dataset_research
Red flag emang,0,dataset_research
nyakitin nya luar biasa,1,tiktok
Warga korea kalo KFA bentuknya kayak PSSI di demo abiss abisan kali yaa,1,
kamu berhasil suasana hidup terima kasih,0,relabel
"""Heee sampah lu udah gua maafin TAPI BOONG GOBLOK""",1,tiktok_v2
babi pintar mencari makan,0,relabel
"USER USER USER USER USER Kbnyakan kencing onta mahluk satu ini, emosi mulu dari td gua liat, dasar sumbu pendek si tidur kebalik.'",1,fn_hatespeech_id
dikasih bidadari pilih setan,1,relabel
"Jualan sabar, jualan sedih, jualan nangis tapi hatinya buruk apalagi anaknya nggak lindungi malah di biarkan sama orang asing Langsung lecehkan, ibu biarkan anak sedang live sama gio asyik senyum-senyum aja gila otak begoooo, suruh panggil KPAI bakal jemput....",0,
"""Sudah dongggg dan sudah di liked juga.. congratulations""",0,tiktok_v2
maaf ya cuma mau bilang alhamdulilah,0,tiktok
Mukanya aja seperti pembully,1,
densu dan om dedi pasti lagi muak bgt🤣👍🏻,1,tiktok
Padahal jelek ya,1,
Akhirnya 🤣🥶,1,
sabar yah tetap semangat ngejar karirnya dengerin orang ngebacot komen saja,0,relabel
JELEK BGTTT PUBLIC SPEAKINGNYA BENER BENER JELEKKKK PLEASSSS LO TUH DIBAYAR PH BUAT MAIN FILM TAPI KENAPA BLUNDER MULU SEOLAH-OLAH LO GA PERLU PENONTON. BODOH BANGETTT 😭😭😭,1,tiktok
Muka lo ugly parah mending pake paper bag deh,1,codemixed
mending follow unfollow sudah tidak usah ribet,0,relabel
"dia masuk ke lab gue, di lempar labu ukur ama pembimbing gue??",0,dataset_research
Lo itu failure hidup lo tuh meaningless,1,codemixed
anjing ngespill tetapi males,0,relabel
"""maklum anak kurang pendidikan kayak gitu gak punya akhlak""",1,tiktok_v2
Gaji minimal untuk hutang dlu mas,0,dataset_research
Bagi Allah SWT dungu & biadab tak ada kata cukup sebelum semua kafir dihilangkan dari muka bumi & sisa hanya Mukmin,1,fn_hatespeech_id
"Wajahnya mirip banget sama temen SD aku dulu, orangnya tukang bullying juga",1,
sepatu itu jelek bentuknya menurut saya,0,manual_augmentation
"""anjing saya suka mengejar kupu-kupu di taman""",0,manual_augmentation
username nya ngatain orang nyindir netijen goblog banyakan masyako,0,relabel
kamu ko teman depan saya kelihatan saya kamu lugu2 bangsat sih,1,relabel
"""Meldi meskipun kadang mulut ku tak bisa di rem karena kehaluanmu, tapi aku bangga akan berusaha mu, yuhuuu""",0,tiktok_v2
"""senang akhirnya indonesia bisa mempunyai musisi idealis berkualitas tinggi yg masih bisa terus berkarya & diapresiasi oleh banyak orang?""",0,tiktok_v2
balik2 belang wkw jadi itam??,1,dataset_research
kukira aku introvert ternyata juga pedopil,1,dataset_research
Ternyata korea jauh lebih parah dari gonta-ganti pelatih timnas indo.. Tapi yg terpenting adalah Bisnis Erik Tong min-hir,1,
"kalau mau demo jangan tangan kosong ya, belajar dari korban demo Agustus kemarin. Minimal bawa 5 tronton 3 doser satu 5 ekskavator😍 upgrade gaes biar tidak ada korban",0,tiktok
Ketombe kok di muka,1,dataset_research
memutuskan fans isyana gila keren sekali ya otak berdua berfungsi dengan menjalankan perintah tangan kaki bersamaan,0,relabel
10 tahun jadi sahabat tapi punya sedikit selama 7 bulan saya tidak mengatakan apa -apa tadi malam saya robek,0,dataset_research
"USER ketawa smbil buang smpah sarap,\nlu mmg anjing kurap'",1,fn_hatespeech_id
"""buset, besar banget gedung itu""",0,manual_augmentation
tukang parkir ðŸ˜­ðŸ˜­,1,tiktok_v2
"""model sandal itu jelek tapi nyaman dipakai""",0,manual_augmentation
"""Kasian yah sdh stress banyak masalah""",1,tiktok_v2
Harap kembalikan Adul,0,dataset_research
USER USER Bocah pake baju item bangsad sekali tanpa ada rasa bersalah\xf0\x9f\x98\xb6',1,fn_hatespeech_id
"""Mending yang follow pada unfollow Udeh gausah ribet""",0,tiktok_v2
"""atas bawah hitam putih, kek kopi luwak""",1,tiktok_v2
USER USER TAE UCINK SIAPA YG SIRIK\xf0\x9f\x98\xa0\xf0\x9f\x98\xa1\n\nEmang mo gangguin kalean:(\n\nDiem lu coeg',1,fn_hatespeech_id
Nanti ada baju Muslim bertuliskan:; ; #2019GantiPresiden; #2019PrabowoPresiden,1,fn_hatespeech_id
Real aki aki pansos kaga malu dah😂😂,1,tiktok
perlahan karirmu hancur bro kamu kebawan,1,relabel
RT USER ini orang kebiasaan jilat ludah sendiri.. Bik malu USER kami hormat SBY tapi tidak buzzer tolol satu ini,1,fn_hatespeech_id
"""ganteng kaga lu begitu malah keliatan kaya daki kontol""",1,tiktok_v2
"Meeting tadi berjalan lancar, alhamdulillah",0,contrastive_dataset
baru tau dosen dosen sekarang selain mengajar ternyata kurang ajar juga ya terlalu keseringan birahi otaknya agak ngelag,1,tiktok
lucu ganteng parah gede pinternya tidak ketulungan salam hormat bu,0,relabel
"labi labi ,kadang di air kadang di laut",0,tiktok
dsar wanita pelacur pembhong ingkar janji pendusta bajingan,1,relabel
muka buluk kepedean muka sudah tua,1,relabel
unfoll bilang najissss,1,relabel
USER USER kafir loe !',1,fn_hatespeech_id
"""babi hutan itu menyeberang dekat sungai""",0,manual_augmentation
info angkat kaki dari indonesia?,0,tiktok
Kocakk pahlawan kesianganðŸ˜­,1,tiktok_v2
Markas perundungan,1,tiktok
Kmren kan akal akalan dia supaya panda jatoh🤣,1,tiktok
"end end game, pretttttt 😂",1,tiktok
USER lebih baik pilih ahok drpd pilih yg se iman tp koruptor dn munafik !! Bodoh kau,1,fn_hatespeech_id
Dihh Keren Bangedd,0,dataset_research
lagi pada tinggi itu😹,1,tiktok
usss kok bloon banget sih mereka\xf0\x9f\x98\xad',1,fn_hatespeech_id
"Lewat pas ""houuuuuu""",0,dataset_research
"Mau siapapun pelatih lokal Korea misal ngelatih timnas korsel, jika gagal pasti akan di benci juga,itu SDM org2 Korea emang begitu,sty aja di lempar telur,masih beruntung itu pelatih Hong,Rasis di sana itu tinggi jd wajar wajar saja",1,
Yg ngebuly kek tai mukanya,1,
Hanya 2 analisa terkait LBH 1. Sudah disusupi komunis atau 2. Jadi antek para jenderal tua yg sekarang jadi penguasa negara,1,fn_hatespeech_id
Udah hukum aja..gak usah ada yg namanya perlindungan anak..soalnya dia bukan anak manusia lagi..melainkan manusia planet..greget bet gue asu,1,
bangsat kamu penipu anjing tobat kamu ajal menjemput,1,relabel
Ku kira aku introvert ternyata karna nga punya uang aja jadi males ke mana mana,1,dataset_research
puas hasil kerja tim kerja keras terbayar,0,relabel
"""iri kok sama babi hahah najis""",1,tiktok_v2
benci plk tengok bangsat ni fvck,1,relabel
berharap menghadirkan musisi dengan genre dari yang industri biar musik indonesia berwarna,0,relabel
Anj luu sok OKE GAK TAUNYA TAI JUGA!!!,1,tiktok
"Sok ""an lu??",1,dataset_research
keknya lebih tepat pro judol dah😒,1,tiktok
kalau jeromepoline video berdua saja seharian anak hahah lucu gimana riwehnya,0,relabel
mbak rini hamil ya selamat ya mbak semoga kandungannya sehat saja mbak rininya bahagia hamil semoga lancar proses persalinannya,0,relabel
"bg gosah sok tau bikin vt bwt seru""an aj sok serius amat",1,dataset_research
USER USER USER Kalau Cawapresnya HR baru gempar. Bani oposan penamaan baru ya gan? Nggantiin cebong-kampret critanya?',1,fn_hatespeech_id
"Kesini hanya ingin komen, pelatih ini memang layak dihujat.",0,
"ingat yaaa, bravy kan musuhnya beliau, situ berharap apa?",1,tiktok
najiiisss mirip si mba dese tidak begitu ajaaa hahahahaha maling teriak maling ngaca buuuuuk,0,relabel
username oalaahhh saja pelakor laki nya juga kegatelan tetapi namanya laki kucing kasih ikan jaer gratis ya tidak tolak wkwkkwkw,0,relabel
kalau tidak anjing sama bgst itu ky saja ketik grup,0,relabel
KFA - PSSI Plengernya sama,1,
bedak 7 lapis 😭,1,tiktok
receeehh ah kamu,0,dataset_research
"Emak Aku seanak cucu sesaudaraku kalau belanjaan di Affiliate orang biasa bukan ke artis gatau dach kita pikir saling membantu Affiliate pemula artis mah udah kayahrayah,q hny bgitu mikirnya",0,
Kerusakan Nya ..... Gaada,0,dataset_research
pahlawan is over kah 😭,1,tiktok
cantikan berisi kurus sangat kurus auranya,1,relabel
Hahaha 😂😂panen emoji dia sekarang 😂😂ngakak banget liat ekspresi wajahnya 😂,1,
dih mukanya,1,dataset_research
"""kata kampungan pada konteks ini mengacu pada dekorasi acara""",0,manual_augmentation
USER USER USER kamu yg bloon:(',1,fn_hatespeech_id
So true this is like history now,0,
Lo tuh freak nobody wants to be your friend,1,codemixed
For 15 years,0,
belajar bermanfaat,0,relabel
USER Seperti doeloe kaum yahudi bermigrasi ke palestine bang ..apakah mirip di mari kalo iyaa kita musti sabar nunggu #2019GantiPresiden',1,fn_hatespeech_id
mba tidak sih tidak merem melek begitu matanya kaya orang cacingan,1,relabel
"""program konservasi itu meneliti perilaku monyet liar""",0,manual_augmentation
Mengejutkan kue wajahnya ??,1,dataset_research
"""kebanyakan nyabu jadi kurus lu""",1,tiktok_v2
belajaer tuh ya hahahaha bela artis sampai sebegitunya manusah2 begoh,0,relabel
"""Sakit jiwa ini upil gajah? Kasihan""",1,tiktok_v2
RT USER: USER Manggilnya jgn pelan2 mbak cebong budek smua\xf0\x9f\x98\x82\xf0\x9f\x98\x82\xf0\x9f\x98\x82',1,fn_hatespeech_id
USER kaya tai congor jebleh lebar kaya anjing',1,fn_hatespeech_id
Happy 20th birthday YouTube 🥳🥳🥳🥳🥳,0,
Ortunya sibuk ngurusin masalah orang lain sampek anaknya gak keurus,1,tiktok
Komitmen Esscontinent Hilstream Bersama Tetapi Bukan Upaya Untuk Menikah dengan Baik Meninggalkan Buang -buang Waktu,1,dataset_research
Let me know kalau kamu mau hang out weekend ini ya,0,codemixed
gw trauma Ama yg lugu2 alim gara2 s jule🙂,1,tiktok
sini duet sm sy kaa,0,dataset_research
USER Gak aneh. Katakita adminnya si Ade Armando. Jadi gak heran bikin meme tolol macam ini.',1,fn_hatespeech_id
"Bego banget sih, tugas segitu aja nggak bisa",1,fn_fp_reduction
dan bisa jadi dia berbuat (siswi atau orang tua) menyembunyikan kesembunyianya tujuanalasan tertentu (nangis. sakit hati atau menyesal),0,
"ketika hal gak masuk akal di bilang bagus, sedangkan akal sehat di bilang pemalas . . . Bejat, majuo kabeh sak perumahan, LOSSSSS, #RaUsahMundurRaUsahWedi'",1,fn_hatespeech_id
ketiaknya habis amplas mel alus sekali,1,relabel
Si anak kampang muncul di twitter USER',1,fn_hatespeech_id
"USER USER USER USER tengok cara balas, Ni ke cara #KitaOK pertahankan #ASSTAG diorang\ncomeonla\n\nMaki hamun bukan MATLAMAT KEMPEN #KitaOK\n\nSebab tu PAKCIK nak HAPUSKAN #BANGSAANJING Ni!!!\n\nIni adalah ANJING &gt;&gt;&gt; \xf0\x9f\x90\xbc\xf0\x9",1,fn_hatespeech_id
anjing saya belum tidur bangsat pas tidur telepon ayah bangsat,1,relabel
"""Ilang respect gue.. padahal jane udh setia bgt sama lu, tapi lu nya main cewe pas udh keluar dri penjara.. lol""",0,tiktok_v2
Kagettt Jujurr,0,dataset_research
kalo ngga ngeles ya bukan ternak😂,1,tiktok
"Brengsek banget cuacanya hari ini, panas banget",0,fn_fp_reduction
"Bukan kebetulan kalau setelah Reformasi bergulir, hampir semua media di Indonesia dikuasai oleh non-Muslim & moral masyarakat makin hancur.",1,fn_hatespeech_id
udaah woii udahh kamu tidak kasihan capai ngelike komenan,0,relabel
anjing asli goblok sudah saya kasih tahu panggil pakai real name saya saja tolol tidak bisa sangat mencoba belajar hargain orang,0,relabel
"Lo udah berusaha keras, itu yang paling penting",0,contrastive_dataset
"USER Solusi? Hahahahaha\nDana haji diambil buat infrastruktur, Duit bpjs buruh bahkan mau diambil juga.\nRakyat semuanya diperes tapi masih minta solusi juga?\nGoblok lo emang. Penjilat tolol'",1,fn_hatespeech_id
"""gila, dingin banget ruangan ini""",0,manual_augmentation
najisnya dosen kayak gitu otak mesum,1,tiktok
"gw lebih suka standar kecantikan luar sna ya, kalo standar kecantikan indo tu dah kaya mau adu cantik sm bidadari, bikin muak apa2 patoknya ya gitulah. cantik versi diri sendiri itu lebih baik❤️",0,tiktok
subhanallah tergetar hati dengar suara nya,0,relabel
"kok bisa orang-orang kayak Puan Maharani, Kapolri, dan antek-antek mereka masih menjabat setelah demo besar-besaran yang sampai menewaskan banyak nyawa enggak berdosa??? Apakah pejabat-pejabat kita emang semuka tembok gitu??? 😂",0,tiktok
monyet nyolong makanan saya,0,relabel
di kasi diamond malah milih batu bata ðŸ˜‚ðŸ˜‚,1,tiktok_v2
sukaa sangat sama artis tidak neko2 natural bngett,0,relabel
USER budek kamu ya',1,fn_hatespeech_id
bagaimana negara paling rasis memperlakukan pelatih dan tim sepakbola,1,
Model kaya gini kita cukupkan; Lebih baik #2019GantiPresiden,1,fn_hatespeech_id
Paling gasuka sama orang yang seenaknya mentang mentang dia punya kuasa dan duit.,1,
ah manda mah gatal tidak liyat cowok sedikit langsung disosor begok saja yang ama manda kegatelan cewek,0,relabel
USER Atasan nya plonga plongo yaa bawahan nya pada dungu... Rezim ora mikir',1,fn_hatespeech_id
Aku benci betul kalau USER racun \xe2\x80\x9cAda tekannnn kaaaaaa?\xe2\x80\x9d BAAHAHAHAHAHAHAHAHHAHAH FAK YAHUDI!',1,fn_hatespeech_id
"""Look-nya Rafathar emang gak bisa dipungkiri, diborong gen mama gigi semua HAHA.""",0,tiktok_v2
USER USER Ahhh itu kan perasaanmu saja utk menghibur diri.. mana ada cebong tdk bahagia.. presiden cebong punya... tol cebong punya... lha elo? Punya cuma germo \xf0\x9f\x98\x82\xf0\x9f\x98\x82\xf0\x9f\x98\x82',1,fn_hatespeech_id
semoga dilancarkan nikahnya ayahnya lekas ditemukan sehat apapun,0,relabel
15hr ago lol,0,
"Rakyat korsel tidak tau diri emang kwalitas pemain ny sekelas pemain Europa , mikir mau di latih pep Guardiola juga kalo kwalitas ny ampas mah susah malah hujat pelatih ny. Harus ny pemain2 ny jga ikut di hujat emang Rasis aj warga sana",1,
RT USER Rejim yg membuat E KTP itu Rejim SBY.. jangan pura-pura lupa.. Yg dipenjara juga Partainya SBY,1,fn_hatespeech_id
si gaga kek anjing,1,relabel
"kenapa pada bahas tugba terus ya, padahal mau dulu pacaran pun jodoh gak ada yang tauðŸ˜­",0,tiktok_v2
"kemarin pada muji2 si aki2 skrng pasti pada ngehujat habis2an , ga kagetlahðŸ¤£ðŸ¤£",1,tiktok_v2
"""Gak ada bagus2nya suara dan polanya?.""",1,tiktok_v2
Anjirr Tatut Bgt SM Rak Bos dan BU Bus: ((,0,dataset_research
lutfi putus dengan salsa orang stress,1,relabel
Bener cari muka 2,1,
"USER USER Kenyataannya tuannya akan mengimpor bawang putih dr negara komunis.. \nKl yg 58 % konsisten dgn ucapannya,haram hukumnya mengkonsumsi produk aseng/asing'",1,fn_hatespeech_id
"USER USER Iki apik biyat, senng aku nyawang poto iki. Presiden Jancuk dan semoga yang disamping berkenan jadi Wakil Presidennya. Minimal penasihat Presiden Jancukers. Heuheuheu \xf0\x9f\x98\x82'",1,fn_hatespeech_id
PKI hrus d adakan lge krna prabowo nyapres yg ga pilih prabowo d bilang PKI .. Trus klo gue pilih pa Jokowi lu blg apa ? Emx gue pikirin !,1,fn_hatespeech_id
meldi kadang mulut aku rem kehaluanmu bangga berusaha mu yuhuuu,0,relabel
"ini harus dijadikan pelajaran buat smua, sampe saat ini kematian timothy blm jls karna apa. pihak keluarga juga menolak dilakukan penyelidikan dari hp timothy, dan yg tersebar adalah chat para mahasiswa yg minim empati. supaya ga keliru saja tapi kasus ini butuh penyelidikan lbh dalam dan bukti dari hp korban, kita butuh keterbukaan dari pihak keluarga, terutama sdh 3 bln terakhri timothy tinggal ditemani ibunda tidak mungkij ibunya tidak mengetahui apa masalah yg anaknya dapati.",0,tiktok
"""Selamat tahun baru mbak, semoga jadi pribadi yang lebih baik amin""",0,tiktok_v2
"""Lo kira lo bagus tuh begitu anjing wkwkw""",1,tiktok_v2
USER lebih unik bapak lo dari pada jokowi,1,fn_hatespeech_id
bahagia utang,1,relabel
Barusan bgt aku ntn ini di bioskop loh cmn kasitau aj gk pamer🌷💫,0,
Taburkan org daun aj,1,dataset_research
Riya Bgt Dihh,1,dataset_research
Kakak kelas sebocil itukah😂 Kalo lawan gw yang ada si mk knock duluan,1,
Plottwis banget 😂,1,
"kek tetangga whoopp🔥, gua lamar sana sni ga dpt², tetangga gua tinggal blg doang, interview formalitas🔥🔥🔥",1,tiktok
"Mereka itu kayaknya telinganya pakai fitur noise cancelling khusus untuk suara rakyat. Padahal, rakyat sudah teriak soal perampasan aset sampai mirip toa mushalla yang dipakai 15 tahun: suaranya sember, tapi maksudnya jelas. Lah kalian? Santai saja, sibuk sahkan hal-hal yang bahkan rakyat aja tidak tahu kegunaannya apa.",0,tiktok
Percayalah yng tiba tiba ngak suka ini sebenarnya fans aslinya🗿,1,tiktok
13yrs too late 💀,0,
He also didn’t run around or desert us XD (WOW YOUTUBE 3 DAYS AGO!!!),0,
"RT USER: PERSIB BUTUT, SOLER GOBLOG'",1,fn_hatespeech_id
cantikkk ngga haruss putihh,0,tiktok
"Coba hal baru, ternyata menyenangkan sekali",0,cyberbullying_1000
"USER ""Dia mah mukanya udah rusak, gak bisa dibenerin lagi.""\n""Yakin mau ngajak dia? Liat aja bajunya kayak gitu.""\n""Jangan sekelompok sama dia deh, keliatan bukan orang mampu.""\n\nAlah kampang.'",1,fn_hatespeech_id
"""editan sama konsepnya nice banget lahhh""",0,tiktok_v2
"plis gaes untuk asuh jangan sampe dihujat juga, biar itu jadi memori indah buat anak-anaknnya juga, gimaanpun dia tetep ibu trio na",0,tiktok
Dasar stupid gak berguna hidup lo cuma nyusahin orang,1,codemixed
Indeed!!!!!!!!!!!!!!!!!!!!!!!!! never gonna give you up!,0,
dia masih sakit hati dia itu kan anak turunan pki,1,tiktok
semangatt zizeeeeðŸ¥°,0,tiktok_v2
masyaallah rafathar ganteng sangat tidak kuat ngeliat alisny,0,relabel
otak nya di kontol,1,tiktok
"""petani memasang perangkap untuk babi hutan""",0,manual_augmentation
"""Sebelum aku Unfoll, aku mau bilang NAJISSSS""",1,tiktok_v2
"""aku tampak capek sekali di hasil rekaman tadi""",0,manual_augmentation
Demo jilid 2 seperti Nepal kah yg mereka mau??,0,tiktok
cina g punya perikemanusiaan makanya aq g suka cina di indonesia,1,fn_hatespeech_id
babi ngeselin kamu,0,relabel
"aku nonton 3 pertandingan korsel emg ga jelek mainya kok, tapi ya ini sepak bola ada faktor unluck nya... son emg uda tua tapi dia dapet bebrapa pluang dan emg ga luck aja, lawan mexico jg unluck kalah.. menurutku mainnya ga jelek si",0,
Kalo masalah terbesarnya Korea tuu terlalu sering gonta ganti pelatih kalo di bandingkan sang tetangga mereka make Hajime Moriyasu dari tahun 2018 sampe sekarang dan lihat hasilnya,0,
dikasi bidadari pilih babi,1,relabel
"""anjing itu menggigit mainannya sendiri""",0,manual_augmentation
USER USER lu yang munafik ngaku golput tapi panas dingin belain si kuli cina itu kejang2 liat orang kagum sama pemimpin yg karismatik bukan yg plonga plongo\xf0\x9f\x98\x82\xf0\x9f\x98\x82\xf0\x9f\x98\x82',1,fn_hatespeech_id
pdhal timothy baik,0,tiktok
Jadi ceritanya si neira ini di tuduh dorong temennya terus ada yang video in jadinya dia dihujat di sosmed terus adeknya yang ikut grup discord pendekar bocil yang dimana isinya hacker semua terus dia nyoba minta bantuan ke hacker jago di pendekar bocil buat nge take down video kakaknya itu dan berhasil deh terus temennya neira ngejelasin semuanya dan tamat deh,0,
First Rick in Youtube's comment section and and Youtube in Rick's comment section.,0,
"Wow, dana-nya dari mana?!?!; Sungguh terlaluh kau kowi!!!; Balik solo!!!; #2019GantiPresiden",1,fn_hatespeech_id
erick tidak akhlak jelek listy jelek,1,relabel
HAHAHAHAHAH INI END NYA KAH? ATAU MASIH ADA EPISODE NYA?,0,tiktok
lulusan S1 mrka panggil prof -&gt; USER ; Ketum partai mrka panggil presiden -&gt; USER ; Org gk bisa ngaji mrka panggil ustad -&gt; USER ; Sang pemborong kasus tersangka mereka panggil ulama -&gt; USER ; ; Ini namanya Du,1,fn_hatespeech_id
mati saja kamu anjing,0,relabel
capai ah bangsat bikin males pagi2 saja anjing kamu,1,relabel
Saya tidak begitu mengerti pria tidak suka wanita memakai makeup,0,dataset_research
"Oh iya sih, lo memang paling jago gagal",1,fn_fp_reduction
"Dan engaku malah party sana sini, tak berhenti seperti cinta ku kepadamu tak pernah berarti. Bajingan'",1,fn_hatespeech_id
Caitlin sm ariel udh waswas bgtðŸ˜­ðŸ™ðŸ»,0,tiktok_v2
"Dapat pujian atas kerja keras, bangga",0,cyberbullying_1000
Pemecah Belah Bangsa.,1,tiktok
cantik amatðŸ’—,0,tiktok_v2
"""Santuy aja bang ga usah di tanggepin,btw gw suka gaya lo""",0,tiktok_v2
Okaay nggapapaa Aku minta doyoung ajaa Makasih yaa,0,dataset_research
"Affan itu cuma ""ojol"" dan ""korban dalam jumlah angka"" bagi kaum elit bang",0,tiktok
"Olahraga bersama teman, menyehatkan dan seru",0,cyberbullying_1000
bangsat story ig isinya rang orang spoiler endgame,1,relabel
endemik ini habitatnya di got kalo naik pangkat di kantor dpr pake kemeja sama dasi,1,tiktok
Kevin Sanjaya iki emang geblek',1,fn_hatespeech_id
Sebut sama. Kamu. Biar puas streesnya,0,
​ @corshotlovers tunggu azab allah kan tiba bg orang²yg tdk amanah munafik serakah tunggu yaah🙏🏻,0,
holy fart i am pooped,0,
Mirip adegan film G.30S-PKI. perlu di catat bhw rezim ini adlh rezim anti Islam. URL,1,fn_hatespeech_id
hah ngechat hanya bilang bajingan sekali hidup kamu,1,relabel
"""anjing, dompetku jatuh di jalan tadi""",0,manual_augmentation
Itam Bangett Muka Lu,1,dataset_research
"RT USER: Ahok Taik. \MENFITNAH\. Emang lu tukang caci maki perempuannn!! Asuuu #AhokPastiTumbang #DebatFinalPilkadaJKT""""""",1,fn_hatespeech_id
"""loh kok ak liatnya anjing semua yaa""",1,tiktok_v2
cantik pintar bertalenta orangtua yang tidak ingin anak seperti mba maudy,0,relabel
Pukulin Rame2,1,dataset_research
"Bahaya banget ya pembully bisa masuk univ 3 besar, dia akan merasa punya kekuasaan turunan dari bapak nya",0,
USER Kemarin di hujat sekarang mengharap dasar para bani kamprey',1,fn_hatespeech_id
"Bj habibie : prabowo tdk pntas jd presiden krna dia dalang kerusuhan 98 ! "" bner bgt pak skrg jg dalang dr semua kerusuhan sara",1,fn_hatespeech_id
2026 Korsel lebih fokus ke boy band daripada sepak bola. Sepak bola Korsel hanya mampu masuk 16 besar sepanjang sejarah tapi Korsel mampu masuk final diajang Piala dunia Qatar lewat Boy Bandnya meski bukan dari squad Timmasnya.,0,
Ganteng banget sih calon suaminya mba @eri.carl,0,tiktok
"panda selingkuh its ok dia ganteng, lah elu busyett",1,tiktok
semoga sehat dimurahkan rejekinya ya,0,relabel
@chaiza: Yang terbaik dari yang terbaik,0,dataset_research
ngomong aja gak tertib para termul,0,tiktok
"Emang harus dinepalkan, mereka udah benar benar merasa lebih tinggi dari yang mereka wakilkan",0,tiktok
@xvyk: stres,0,dataset_research
USER pergi lo bangkai',1,fn_hatespeech_id
kocak induk bengkok,1,dataset_research
happy birthday mel sehat sukses yah aamiin,0,relabel
Apakah kita menuntut si penista ini diadili krn dia orang kristen? sama sekali tidak!! krn Islam tdk pernah membenci krn beda #TahanPenista',1,fn_hatespeech_id
USER USER Jd ingat congor oknum Nasdem klo si joko kalah di 2019 Indonesia bubar,1,fn_hatespeech_id
KU KIRA MUKA TERNYATA AMPELA,1,dataset_research
USER Stupid question. Kalo mau ngentod gak usah puasa goblog.',1,fn_hatespeech_id
ngbayangin teh astrid pas mudaðŸ˜,0,tiktok_v2
RT USER USER USER Nasib Indonesia menderita setelah dipimpin oleh Jokowi,1,fn_hatespeech_id
"Aku suka payudaramu.\n""DASAR KURANG AJAR KAU!"" Katanya, sambil menamparku.\nLalu, untuk apa dipamerkan, jika tak ingin dipuji? .....\n\nBrengsek!'",1,fn_hatespeech_id
Barusan sampai di 021 iseng2 tanya sopir taxi soal gubernur baru. Menyesal gak pilih ahok katanya. Merasa ditipu,1,fn_hatespeech_id
stop ngatain orang kamu yang ngatain orang ngaca dulu ngatain mirip suci saja hidup kamu,0,relabel
Habis ini siapa yang akan di rusak oleh Mulan ya,1,tiktok
"""Dikasih bidadari malah milih sampah""",1,tiktok_v2
Sunset hari ini beautiful banget wish you were here,0,codemixed
"MantapGaruda Ho ki, semakin Gacorr maxwin 18juta cog😘",1,
"""Buset hate comment ampe postingan paling bawah""",0,tiktok_v2
"USER Berantem lagi nih? Apalah gue yang multifandom, tapi benci sama fans yang terlalu membangga-banggakan idolnya lol. Bahkan gua juga benci sama beberapa carat yang notabenenya selalu pamer, ""eh ini loh seventeen blablabla."" eek kucink.\n\nSo, kalo emang dimute ya",1,fn_hatespeech_id
"ni komen pada kenapa si, padahal manis lo dia nya",1,tiktok
"USER Namanya jg kecebong anaknya kodok, skrg bapak nya jg presiden hadekh... ; Presiden planga plongo",1,fn_hatespeech_id
Ngakakkk Bodoh Bat Behaviorny,1,dataset_research
"""bego banget gue lupa update aplikasi""",0,manual_augmentation
BGT LU,1,dataset_research
Tanya saja aku,0,dataset_research
Mamari aku pngen langsing kaya kamu 🥰,0,tiktok
kenapa liat muka bagi eric kaya enak begitu yang,0,relabel
"USER Banyak bacot lo, ini bahasa sekitar.'",1,fn_hatespeech_id
lelaki yang kamu lelaki yang beruntung,0,relabel
USER USER Ada Cebong dungu marah marah. Biasa ajaran nabi nya. Rendah hati dgn agama dgn umat paulus dan rajin ngaji kitab kuning.',1,fn_hatespeech_id
"Lo tuh cuma bisa ngerepotin, ga ada gunanya sama sekali",1,contrastive_dataset
udah aku share ke grup jual beli ikan piranha kak,0,dataset_research
PSSI wes bosok cak Sol,1,
"Ngaca pak ngaca ampun, kalo mikir begitu dari dulu infrastruktur di pusat terus yg bagus, tapi daerah lain tertinggal, ga mikir kesitu juga kah ? ðŸ˜‚",1,tiktok_v2
"""Salut Mel.. semangat belajar, yg ngetawain juga belum tentu bisa Dan berani..""",0,tiktok_v2
"Nu sok ngabully mah kan sok ker lobaan ,coba pas ker sorangan trus kaleng gegedugna,bakalan ciut geura 🤣🤣🤣 Biasa ari kaum hyena mah ,galakna ker lobaan 😆😆😆",1,
lelah.. tak ada imbas apapun.. semua pendapat pergi ke laut,0,tiktok
Untuk nilai baru yang tidak mencari pekerjaan dapat mencoba berlatih ingatan dan semua doa ini berterima kasih kepada Tuhan setelah berlatih ini saya bisa,0,dataset_research
Kampret. Datang pas butuh aja. Ngerusak mood sumpah.',1,fn_hatespeech_id
ya di buka gak di tutup lagi pas jalan kena trotoar ganti rugi dah????,0,dataset_research
mbak cadel yang bangga cadelnya sih kasihan karena cadel jijik tidak bisu saja,1,relabel
Jadi salah ????,0,dataset_research
"Sarkasme halus: Oh hebat ya lo bisa telat terus, bakatnya emang itu",1,fn_fp_reduction
"Bangsat emang si pelaku buli, saya pernah kesekolahan menemui kepsek dn guru karena waktu itu anak saya ada yg buli terus sya ngomong sama kepsek kalau masih terjadi jgn salahkn sya ,saya akan datangi si pembuli akan sya hajar",1,
"Hari ini penuh syukur, banyak hal baik terjadi",0,cyberbullying_1000
idaman polsek,0,dataset_research
"udah dijelasin kayak gini pun masih banyak yang bilang ekspektasi korea ketinggian. ekspektasi korea itu paling engga lolos fase grup karna di 2022 dengan banyak pemain cidera aja mereka bisa lolos fase grup. di tahun 2026 ini persiapan korea itu udah mantep banget. tc duluan dari pertengahan mei di utah yang kondisinya mirip2 sama guadalajara, nyampe guadalajara juga duluan, pemain sehat juga sehat semua, masuk grup a yang lawannya itu bisa dibilang mudah & peringkat 3 aja bisa lolos ke 32 besar, makanya ekspektasi lolos fase grup itu pasti. jadi, ekspektasi warga korea itu gak ketinggian, justru ekspektasinya wajar karna di 2022 dengan pemain banyak yang cidera & masuk grup susah aja mereka lolos, apalagi kali ini yang serba siap masa lolos grup aja gak bisa. warga korea itu pada semangat di wc kali ini cuma buat pemain & gak ada yang dukung hmb.",0,
anak pki,1,tiktok
benar sekali mba suka gangguin anjing tetangga dikejernya,0,relabel
Siang Happy Friday sholat jum'at nya jangan lupa ya aku habis ada kegiatan terus nanti ada latihan bareng Team J s,0,dataset_research
yang kaya gini di kasih panggung terus buset dah,1,tiktok
"""nikmatnya bisa menghirup oksigen dengan bebas ya :)""",0,tiktok_v2
Kalo muka ga cantik minimal otak kelakuan jangan ikut ga cantik juga dek .. muka” sadis,1,
hi yt,0,
"Soal hujat menghujat emang disana pusatnya rasisme dan sebagainya, bahkan ke sesama satu ras Asian. Tapi ketika dihujat dan dirasisin eropa merasa playing victim",0,
"korea selatan di piala dunia 2002 bisa masuk 4besar karena ""Skandal""😅😅 orang diluar korsel pasti tau betapa menjijikannya mereka saat itu😂",0,
Kang tae mo kenapa jadi black mambaðŸ˜­,1,tiktok_v2
gue gapaham dr dulu fashion style dia kyk gmna wkwkwk,0,dataset_research
CRAZYNESS!!!,1,
Ihh anehhhhhhhh,0,dataset_research
kebiasaan media yaa gini...ngasih panggung...makanya Konoha gak pernah maju..,0,tiktok
Tebak isi pikiran ariel tatum 😭,0,tiktok
Dia mengatakan putra Pak Haji,0,dataset_research
RT USER USER Video lengkap ada di Youtube yak 30 menit sekian dan mejelekkan SBY. Elo cari aja STRATEGI PRABOWO.,1,fn_hatespeech_id
"Mampir kesini karena mbak mei, sekaligus nostalgia masa anak2🤣",0,
Aura Ladies Club nya kuat😂,1,tiktok
anaknya Bram kali (brame-rame)ðŸ˜­,1,tiktok_v2
Siapapun guru yang ada disitu kalo cuma diem asli demi Tuhan gw berantemin gurunya. Biar ngotak dikit,1,
"yang bully timothy beruntung banget, ayah timothy ga nuntut dihukum lo, smoga tenangg kaka timothy😞",0,tiktok
"Lu gila ngga sih, masa lupa ulang tahun sendiri",0,fn_fp_reduction
"""LO YANG DULU BUKANLAH YANG SEKARANG DULU KAYA ANJING SEKARANG KAYA BABI""",1,tiktok_v2
Saran naturalisasi striker2 masa depan 1.jal de pal dengan 16gol 21pertandingan 4asist.liga 4. 2 JAEL PRAWIRODIHARJO.didier Drogba kw3.lebih bagus dari struik.zistra.🇮🇨🛵🇮🇩 SAYA nama JITRONEM RADIO Gaga kenang Lanang Pandanaran STM negeri 1 Surakarta Jawa tengah Indonesia domisili KTP di Jombor Klaten Jawa tengah Indonesia 🇮🇩 let's go to Indonesia 🇮🇩 tropical island country paradise south east Asia.nice tropical beach inn the world.🏝️🌅🌏,0,
mahhhh pertemuan buah ranum buah busuk sudah tahu yang busuk yang manah mentok2nya mah begitu saja kalau pelakor,0,relabel
"tunggu di akherat aja, pasti masuk NERAKA VIP",1,tiktok
KFA uanjeng,0,
USER Yg PBwibowo itu gay ya?',1,fn_hatespeech_id
ngatain orang sok inggris kamu men kalau bilang terima kasih tetap bilang terima kasih bro ah munafik anjing,0,relabel
Keren sukses selalu🤲,0,
Negara gila.dipimpin orang gila.gatau malu lo Raffi.enak bgt lo kel lo semua.pendidikan ga jls,1,
"USER USER Stu lgi nich muncul anjing na yahudi israel d indonesia!!\n\nGilaaa... gila... cma d rezim ini, anjing2 na israel berani muncul terang2an d indonesia!!!'",1,fn_hatespeech_id
Dia lagi hamil ya?(bertanya dengan nadaaa sangat lembuutt),1,tiktok
berobat,0,dataset_research
"Brengsek banget sih sistemnya, bikin orang frustasi",0,fn_fp_reduction
"kebanyakan gini nih,bocah' kampungan yang pengen jadi jagoan",1,
mangap mangap aja sop,1,dataset_research
Blacklist di semua sekolah udah keliatan kan mukanya 😂,1,
bacot banget,0,dataset_research
"""buset, cepat sekali dia sampai""",0,manual_augmentation
Ini sebenarnya dari tahun 1966 udah belok dari timeline yang seharusnya ðŸ˜‚,0,tiktok_v2
Saya ingat habanero yang paling pedas tampaknya 10 kali lebih pedas gila,0,dataset_research
UDAH JELEK GOBLOK LAGI,1,tiktok
wkwkwkwk ya allah ya tuhan aku kenapa orang-orang munafik ni tetapi sok suci mulan jamela ayu ting2 ngikuti jejak a wkwkwk username,0,relabel
seru sangat gemoy tim berkebun plus tim alam sangat niiii,0,relabel
"dia cuman baca teks, bukan minta maaf😏",1,tiktok
"""Udah jelek gak usah d jelek2 in lagi bro""",1,tiktok_v2
ariel tatum sampe nunduk,0,tiktok
kukira bisa jadi cakep ternyata sama ajaa,0,dataset_research
"Nih kalo di Malaysia kayak gini kelar nih anak bisa dituntut hukum dan ortu nya jg BS dituntut ganti rugi bahkan BS mencapai Rp 800juta alias sekitar 250.000 Ringgit..... Malaysia memang negara yg baik dan sehat untuk tumbuh dan berkembang.... Indonesia? Halahh nyungsep, mimpi Indonesia akan selalu tidak sadar dan terus perundungan akan terjadi berikutnya..... Yg bbrp waktu lalu di SMA Strada atau apa gitu ada kan thu yg anak disabilitas kena bully.. Prabowo fokus MBG tapi lupa meningkatkan pembenahan fasilitas, infrastruktur, pola pikir murid, guru dll.. Makanya Indonesia itu negara Toxic bgt untuk hidup... Malaysia (dan Thailand) cukup sehat",1,
Datangin rumah nya. Amukin orang tuanya juga.,1,
sudah gapaham tolong,0,relabel
Ayah tolol kebanyakan kasi anaknya makan duit haram 😂,1,
pantes bandel soalnya anak yteam,1,dataset_research
Jangan pacaran sasih kecil klo pacaran orangtua nya masuk neraka,1,
"Sudah resmi menamatkan Reformasi, sudah waktunya babak baru rasa lama",1,tiktok
mati saja tidak gedeg saya liat kamu anjim,1,relabel
"""fotoku jelek karena pencahayaan dari bawah""",0,manual_augmentation
masi pagi si anjing,0,relabel
RT USER USER USER 7. Era baru pemerintahan Jokowi menjanjikan akan menyelesaikan kasus ini. Namun semua hanya tipuan,1,fn_hatespeech_id
"Yang ngalangin sok imut sok baik, biar aja ibu itu ngata2in Yang ngalangin belum ngerasain anak nya dibuli..tar",1,
ANAK ABI LC,1,tiktok
Saya sangat ingin meminta bantuan Anda untuk menemukan haji loqman bin haji azli ni mugkin Anda tidak tahu selain mugkin,1,dataset_research
aku cuma fokus ke dapur nya??,0,dataset_research
kamu anaknya kick andy yang namanya marlo bang,0,relabel
"​ @nauvalrmdn21 bukan gitu Buambang... maksud dia kl hukum Islam ditegakkan mmng sdh sepatutnya. Anak yg sudah baliqh sdh keluar dr kategori anak2. Dia sdh dianggap dewasa, dan bisa dikenai hukum orang dewasa. Keluarga termasuk penentu hukuman jg, apakah pelaku dimaafkan atau tidak. Kl bgni mo nyakitin orang mikir 1000x",1,
Brooooooooooo kok jd begini mukae,1,dataset_research
Sok jago muka nya residivis,1,
hok cuhh,1,tiktok
@Sabil Karim: shower berpakaian,0,dataset_research
"Ini bukan hari Rabu, ini adalah malam suro??",1,dataset_research
Sakit untuk menjadi,1,dataset_research
Ya bully emang Salah... Tapi selain itu juga mental2 anak sekarang emang lemah2... Jaman dulu mah dipalak diancam2 kakak kelas diospek juga ngga Ada yang namanya mewek2 lapor orang tua... Dipukul guru juga malah buat candaan sehabis pulang sekolah... Bocah jaman sekarang mah dikatain dikit aja udah kayak orang paling teraniaya sedunia,1,
"Sorry cara penyampaiannya kali ini jelek mas sampean, soalnya terlalu berekspektasi tinggi terhadap orang, lebih ke kurang netral cara penyampaiannya sampean, terus cara melatih orang beda beda, simpelnya kebanyakan orang korsel terlalu sering lempar emosi kepada orang jika orang itu salah meskipun sebenarnya bukan salah dia sepenuhnya, meskipun bukan semua orang cuma banyak aja, 🙏 maaf kalo pendapat ini bakal nyinggung perseorangan ada kelompok",0,
Ketombe Lu Noh,1,dataset_research
"goblok, aku salah kirim file lagi",0,manual_augmentation
namanya aja tik tok suka2 mereka aja deh,0,dataset_research
kocak club,0,dataset_research
bra nya kedodoran kak pakai ukuran gede yaa,1,relabel
Sampah masyarakat pantesnya digebukin rame rame satu sekolah,0,
kok gw gak nemu ya yg isinya reaksi orang tua pelaku,0,
Aku baru join club baru di kampus its really fun,0,codemixed
rama gak usah ganggu aku sama karya ya tolong,0,dataset_research
"USER USER USER USER USER USER USER USER USER USER USER USER USER USER emang cebong kalau gak fitnah, gak makan kenyang, dan kalau gak curang ya gak menang..'",1,fn_hatespeech_id
mirip randy pangalila kalau tidak pakai kacamata,0,relabel
USER USER USER USER Ngomong apaan lu sarap.. tiba2 nyela ktawa2 sndiri. Obat lu habis??',1,fn_hatespeech_id
USER USER USER USER USER USER Begitulah kaum bani kampret sumbu pendek hidup di bumi datar',1,fn_hatespeech_id
WKWK Uang Tua,1,dataset_research
semoga tidak putus ya ka bella sudah bahagia sekali tuh tidak malu,0,relabel
diemin aja pasangan okb lagi khilaf,1,dataset_research
"USER jangan kasih kendor....kalau bisa bubarkan sekalian tu ormas, ehh itu pemimpinya beneran umroh apa jadi tki sih......'",1,fn_hatespeech_id
Nurul mallu ga sii ditolak hampir seindonesiaðŸ™ˆðŸ™ˆ,1,tiktok_v2
Prabowo: Jadi Kuli Saja Indonesia Kalah Saing URL,1,fn_hatespeech_id
PUAS BGT BACAIN KOMEN 🤣🙏🏻,0,tiktok
"""Jadi diri sendiri, jangan jadi ular apalagi dugong""",1,tiktok_v2
benci saja ama orang jelek pakai selingkuh,1,relabel
Kl saya menjadi GURU HONORER Sertifikasi sebelum mengajar ILMU IPS saya sempatkan 15 menit utk menayangkan kasus2 ZALIM!!! Shg WARNING utk anak kl mau berbuat ZALIM dan saya beru hadiah utk abak yg SABAR menjadi anak BAIK. Mengapa saya begitu krn saya menginginkan anak2 pinter dan bermanfaat bagi orang lain!!! Anak2 hasil didikan keluarga dan sekolah !!! Pemerintah hrs buat UU sanksi tegas dan denda tinggi utk perbuatan ZALIM shg g ditiru dan diulangi lg,1,
Heran banget masih ada yg bela nurul kenyataannya kelakuannya kyk gitu kenapa tutup mata sih,1,tiktok
projo artinya negri dan rakyatðŸ˜­ðŸ˜‚,0,tiktok_v2
DASAR UDIK....!!!!',1,fn_hatespeech_id
julid meldi tidak nyusahin,0,relabel
"""anjing saya senang bermain di halaman depan""",0,manual_augmentation
serius gini diluar ekpetasiðŸ™‚,1,tiktok_v2
"ciii nonton alice in borderland ajaa udah lebih baguss lebih seruuu ada 2 season, season baru juga baru keluarrr plss dijamin ga nyeselll daripada mikirin season baru squid game:face-purple-crying::face-blue-smiling:",0,
Cba ganti eyesedow nya jangan itu ðŸ™ðŸ»,1,tiktok_v2
"Enak emang jadi Lurah, Camat, Bupati, Walikota bahkan Gubernur. Jalan rusak yg salah Presiden sama Wapres 😅😂🤣",0,tiktok
Wajar kalau org tua korban marah,0,
i can tell my friends i replied to youtube =),0,
"""bentuk lampunya aneh untuk ruang baca""",0,manual_augmentation
Pasti lah Orang tua mana yang g marah liat anak ny d gituin Kalo kena anak saya Tidak ada kata maaf sebelum saya bikin si bang sat sama babak belur,0,
"""Semangatt, kesalahan dalam belajar bahasa asing itu penting. Karena itu pembelajaran utamanya, supaya kesalahannya ga terulang""",0,tiktok_v2
SI paling mirip babi asal jan babi negpet aja ya upss,1,dataset_research
USER Iman cebong penjilat ...gk kaget.',1,fn_hatespeech_id
Syukurlah atas hadiahnya,0,dataset_research
waaahhh sama dokter sigit ya dokter the best sekali sekali humble orgnya recomend sekali yang program kehamilan,0,relabel
lagi masuk musim kawin dosennya,1,tiktok
diam monyet,0,relabel
lagi pada tinggi ituðŸ˜¹,1,tiktok_v2
Mukanya keliatan udah antagonis yg pick me ey!!! Hukum tuh!!?,1,
Aryana tolong buka mata besar untuk memilih syafiq biarkan sofea bahagia dengan adrian tolong laaaaaaaa obrolan saya,0,dataset_research
YAYAYYAAYYAYAYA YOUTUBE,0,
sekali omongan kasar tobat kawan kawan comment kasar nya,0,relabel
mending diam gatau malu,1,tiktok
Happy 20th anniversary youtube. Btw wheres jawed the creator of me at the zoo?,0,
Hang buat event majlis berbuka puasa. Tapi hang tak puasa. Bangkai.',1,fn_hatespeech_id
Bagaimana saya bisa tidur jika Anda masih berpikir orang yang kita cintai tidak apa -apa untuk tidur saat dia membutuhkan saya untuk tidak melakukannya,1,dataset_research
sudah diedit begitu ketiak kamu hitam,1,relabel
sekali2 memang kudu di kasih shock therapy anjing,0,relabel
ternyata suami nya redflag wkwk,1,dataset_research
makanan restoran enak pelayanannya memuaskan,0,relabel
"""monyet liar itu berlari ke arah pohon besar""",0,manual_augmentation
Hehhhh tinandrosee???? Tolongggg😭,0,tiktok
Fotoin buk.. tandain mukanya.. kita selesaikan dluar secara adat,1,
dosen gini tuh banyak banget 😭,1,tiktok
Ajarin pake ht..liat pk ht..gunain nalar sblm mati..,1,fn_hatespeech_id
"Baiklah sy nyerah deh klo hestek #2019GantiPresiden diklaim mukidiers ga kan mampu menggusur petahana,,; Sy ikutin hestek #2019TetapJokowiYangDiganti ajah,,",1,fn_hatespeech_id
luhut muka bajingan tengik perusahaanya banyak sekarang duitny dari mana yaaaa,1,relabel
biarkan ibunya melampiaskan kemarahanya dengan kata-katanya. jangan dihalangi. karena itu bagian dari amarahnya sebagai orang tua yang keluar dari sakit hatinya.,0,
"Sdh tua sadar pak USER nafsu amat menjabat. Dan satu lagi pak, selama 4 thn ini bapak lbh bnyak diam jadi ban serep tdk ada peran, ulama dikriminalisasi jg diam. Polisi tebang pilih diam, ekonomi hancur diam, TKA cina serbu RI diam. URL",1,fn_hatespeech_id
"""anjing pelacak itu mengikuti aroma dengan baik""",0,manual_augmentation
"Boikot,tunggu mama dan mertuax jadi Mentri pemberdayaan perempuan😂",1,
"Ciri khas Muslim Pak USER mungkin termasuk Anda, tidak berani berargumentasi, beraninya bawa2 malaikat",1,fn_hatespeech_id
Ya Allah Gusti...kenapa USER pada diam selain; USER USER USER ; #2019GantiPresiden ; USER USER USER,1,fn_hatespeech_id
guinness book of world records anjing terkecil yang adalah seekor yorkshire terrier yang beratnya 2ons usia 2tahun,0,relabel
"cinta ajak gue ke sana , gue dah muak d indoðŸ˜­ðŸ™",0,tiktok_v2
Miris lihat tingkah laku anak jaman sekarang tidak punya adab sm orang tua maupun teman sebayanya,0,
maniss bangettt pengen sudah senyuman manis mirip ka syifaaa,0,relabel
balikin waktu gue yang berharga,0,dataset_research
"Mental ""asu kabehhhh""\nDukung pemimpin yang tak bermental kompeni \n#JatengMuktiTanpaKorupsi \nUSER \n#DirmanNaikGanjarPanik URL",1,fn_hatespeech_id
"Dasar bodoh, makanya belajar yang bener bukan cuma tidur",1,fn_fp_reduction
"lahh kirian aku bukann cinta anknya uya kuyaa, cantikk bgttt",0,tiktok
USER USER di situlah tidak adilnya kelen.. negra republik cebong dimana yang hoax maaih di kejar',1,fn_hatespeech_id
bagus iniii tidak kaya yang ingin terkenal rambut alus2in dulu muka makeup dulu biar dikamera keren hahaha kalau benar benar kelihatan lagi lelahnya habis pulang sekolah,0,relabel
"""Kenapa cantik banget aku heran dilihat dari samping kanan kiri depan dll tetep aja cantik""",0,tiktok_v2
karena aku kepo 11 13 20,0,dataset_research
"USER USER USER USER USER Sensi amat jd manusia.. Menyatukan semua elemen lintas agama? Gak salah tu.. Bukannya yg kmaren yg demo tandingan 212 berasal dr semua lintas agama, budaya dan adat.. Berarti masih kecil dong ka",1,fn_hatespeech_id
Sorry gue unfol,0,tiktok
"bangsat, file-nya belum ke-save",1,manual_augmentation
LANGSUNG TAMPAR AJA BUK MUKAKNYA PAKEK SANDAL KALO PUNYA,1,
benci player sun kelakuan kaya monyet,0,relabel
"""dekorasi panggungnya kelihatan kampungan menurutku""",0,manual_augmentation
babi bikin kekacauan,0,relabel
Baymax,0,dataset_research
"Dasar miskin, pantesnya ga masuk tongkrongan ini",1,cyberbullying_1000
Taruhan tajem adalah dagu,1,dataset_research
bahasa inggrisnya anjing ya kunyuk kamu,0,relabel
baru tau Rigen ada hubungan darah sama Bahlil 😅,1,tiktok
"USER kroasia itu kapir tauuu,ngapain blajar sm kapir...udh lupa sm kapling sorga??'",1,fn_hatespeech_id
"Apa yang kamu tabur, itu yang kamu tuai. JO pasti pahamlah. Kan kita seiman. Dan ""Hati yang gembira adalah obat"". Jadi janganlah cemberut terus itu muka, walaupun di komen isinya cuma emoji. 😂",0,
"""Kamu emang cocoknya jadi pengusaha kuliner udah fixs. Semoha lancat terusssss""",0,tiktok_v2
kontrak pahlawan nya udah selesai,0,tiktok
MANA NIH YANG MINTA DI SISAIN COWO SPEK BRAVY HAHAHAHAHA,1,tiktok
"Emang negaranya rasis atheis, tidak bisa menerima kekalahan dan mereka kira korea bangsa yang besar padahal banyak takutnya 😂",1,
Gua drinawak tuh alay msuk pemerintahan ??? Wah wah bakal ancur nih negara ! DIAMPUT ! Kaya tp mkn pajak duit rakyat ! Tmpil di tv cm tameng bro!!!!!!! 😂😂😂😂😂😂😂😂👺🤡😡👎🤪,1,
kukira kehadiranmu kebanggaan,0,relabel
"perempuan kaya lo mending mati aja deh, jelek aja, gausa sok jadi make up artist!",1,fn_hatespeech_id
Aku really enjoyed film yang kita nonton tadi malam,0,codemixed
"Dia akan berusaha menghindari perbuatan tercela seperti korupsi, kolusi, nepotisme, kejahatan, dan perbuatan negatif lainnya.\n\nTidak seperti Rezim pengusaha sekarang ini.\n\nHehe...'",1,fn_hatespeech_id
Imagine if Rick Astley dies everyone would be too afraid to click a link to articles announcing his death because it might be a rickroll,0,
"Orang korea byk odgj tukang buli, pantes byk idol bundir, orang²nya tukang hujat, lebay",1,
"aku ga ngehujat plis,tapi keliatan bgt ga nyamannya 😭 kasian kak chacu",0,tiktok
"""HBD meldi? Semoga sukses selalu dan panjang umur dan rejekinya di lancarkan.. Amin""",0,tiktok_v2
bayu menolak mandi,1,dataset_research
@human: merinding,0,dataset_research
Cinta tanah air sama pura pura mau jadi pahlawan ituu beda ga sih pa? (Bertanya dengan penuh keikhlasan) 🤣,1,tiktok
udah botak kotak lagi MAAP YA INI MAH MAAPPPPPP,1,dataset_research
"promotor judi online,....ðŸ˜ðŸ˜",1,tiktok_v2
RT USER Semua udah terang benderang. asal polisi mau usut tuntas sebelum dilantik. Kalau pemilihan kepala daerah terkait asma saracen KaPolri KaPolri,1,fn_hatespeech_id
Ternyata warga Korea sama berisik nya seperti warga indo😂,1,
warbiasah marketing nya,1,
hitam,0,
senang liat n bapak sby menikmati tua brsama cucu tercinta sehat terus ya memo n pepo allah swt melindungi memo n pepo n kelurahan kisss,0,relabel
"yang paling epic itu, Indonesia pernah mengalahkan Korsel saat Timnas Indonesia dibawah kepelatihan Shin tae yong",0,
"USER Pak USER Muslim selalu mengatakan kebenaran datang dari Allah SWT, yg mana? Muhammad bejad nabi?",1,fn_hatespeech_id
"Miris, GP ga belajar dari kasus Ahok.",1,fn_hatespeech_id
tidak ngumpul bareng mami isa gembrot disana,1,relabel
kepo sama nyonyiah kamu jongos username memang tetehlu pas hamil peak sudah dinikahin brojol anak baru sirih memang lonteeeee kelas akun jamahliur junjungan hehe,1,relabel
Nggak ada yang mau dengerin pendapat lo,1,cyberbullying_1000
jangan bilang dosennya masih umur 30 tahun kebawah?,0,tiktok
teman makan teman ðŸ¥±,1,tiktok_v2
"USER USER USER USER USER Yaaelah chat aja loe urusin,, noh yg dah keliatan mesum anggotaDPR pd mingkem,, yg nyata selingkuh 7th kalian pura2 budek,,, #bong200 gk nyampe otaknya...'",1,fn_hatespeech_id
USER Gue doain budek lu \xf0\x9f\x98\x83 /g',1,fn_hatespeech_id
gede sekali barangnya anjing,0,relabel
USER BANI KAMPRET HEWAN YANG KOTOR SEDANGKAN KECEBONG HEWAN YANG HABITATNYA DI SAWAH.',1,fn_hatespeech_id
"hiraukan aja hujatannya kk
yg pentingg ilmuuu nyaaaðŸ‘",0,tiktok_v2
"USER Browh. Anda punya wewenang di DPR utk bentuk pansus ato apalah.. Ambil action donk, cocot aja di twitter..'",1,fn_hatespeech_id
monyet pintar ide kamu,0,relabel
lagi birahi doesennya,1,tiktok
frustasi habis uangnya kasihannn,1,relabel
"botak ngak ada rambut,,dia ngk ad otakðŸ¤£ðŸ¤£",1,tiktok_v2
Saya seorang rapo bagaimana ... untuk ... sebenarnya ... ??,0,dataset_research
"Pndukung Prabowo spt ARB, SDA adl org2 bejad tabiatnya kasar termasuk org ini &gt;&gt; USER'",1,fn_hatespeech_id
"Sama kaya jerman juga, 2 pelatih terakhir rakyatnya juga udah expect bakal ga jauh jerman melaju. Bener aja lgsg di hujat skrg kan",0,
aura mba2 pembaca tarot kuat bangtttðŸ˜­ðŸ™,1,tiktok_v2
"USER USER kalau pakai cara yang baik saya jamin gak ada yang peduli bos, jatohnya cuman kayak first travel. Yang booming cuman pelakunya tapi korbannya di tenggelemin, orang indonesia pada budek, harus diteriakin dulu baru ngerti.'",1,fn_hatespeech_id
"""Jujur aku lebih suka meldi yang sekarang daripada yang dulu suka ngehujat orang""",0,tiktok_v2
'makan nasi padang aja begini badannya' itu dikutip dari komentar warganet,0,manual_augmentation
"Sedih kalau kaya gini,karena ego seglintir orang. ""Merusak"" mimpi pemain dan warga negara nya,sangat di sayangkan",1,
"""salfok sama kaki, tapi cantik banget asli""",0,tiktok_v2
"Sama aja lah dengan pemimpin negeri udah goblok, negara kkn yah di design seperti itu lah kecuali lo semua menshutdown negara ini meneplakan pemerintah ini tanpa terkecuali semuanya ganti yg baru. Jadi ketahuan siapa yg ahli dansiapa yg asal asalan ya kayak gini.",1,
bising banget magrib,1,tiktok
USER Terkutuk engkau.',1,fn_hatespeech_id
pro apa ini?,0,tiktok
USER biar mampus',1,fn_hatespeech_id
cocok memang orang mah orang kalau yang bejat mah memang cocok bejat ehehe,1,relabel
"Saya sampai sekarang tetep berkhuznudzon mereka adalah orang2 baik, selebihnya saya pasrahkan kepada Alllah SWT ðŸ¥²ðŸ™ðŸ¼",0,tiktok_v2
"Denger nama rsj gonjiam jadi keinget jaman pertama nonton detektif reomit episode gonjiam sangat merinding banget pas mas hansol dulu ceritain tetang rsj itu vibesnya beda, Ternyata debut pertama mas hansol di layar lebar tapi kelihatan menarik dan seru deh",0,
"""anjing penjaga rumah itu sangat jinak""",0,manual_augmentation
Oh sangat berprestasi🙌,0,tiktok
pret,1,tiktok
"Playboy sok tobat, kagak bisa njir.. ðŸ˜‚",1,tiktok_v2
gw lega banget erica gak sma aki aki njirrrr,1,tiktok
Gagal keren,0,dataset_research
"Maksudnya opo ini,,, Kalau Baiknya Urus Petani di Desa yg Jauh dari JANGKAUAN JAKARTA😂😂😂😂",1,
Harus berani legowo dan mental ksatria ðŸ™Œ,0,tiktok_v2
"""kata jelek di artikel ini tidak menyerang orang""",0,manual_augmentation
PeduliRohingya Saya melihat rezim USER seperti tidak peduli akan nasib muslim rohingya dari pertama gk ada keluar kecaman dari mulutnya,1,fn_hatespeech_id
dasar generasi bangsa,0,dataset_research
emang gue pikirin,0,tiktok
semua orang berhak apapun yang suka tidak mrugikan ornglain aurel dandan natural hak aurel pintar sekali dandannya kliatan cantiiik sekali,0,relabel
USER USER Karena bayk terdoktrin tagar ide PKS \nWalau pendidikan tinggi malah jadi sontoloyo\nKetololan mengalahkan kewarasan\xf0\x9f\x98\xa1\xf0\x9f\x98\xa1\xf0\x9f\x98\xa1\xf0\x9f\x98\xa1\xf0\x9f\x98\xa4\xf0\x9f\x98\xa4\xf0\x9f\x98\xa4',1,fn_hatespeech_id
RT USER IklanAhokJahat bikin darah mendidih. bangsat penuh dengan propaganda. emang lo kira islam radikal ?Kalau kami mau,1,fn_hatespeech_id
Lets plan a trip bareng next holiday it would be so fun,0,codemixed
#nrp bacot bgt lo pada',1,fn_hatespeech_id
T-tapi warga korea suka musuhin semua orang:( 1:26,1,
USER USER Mulai kepanasan PKI,1,fn_hatespeech_id
babi termasuk mamalia omnivora,0,manual_augmentation
"""Selamat ulang tahun meldi sukses dan sehat terus ya?.""",0,tiktok_v2
cantik senang usahanya membuahkan hasil semangat ya mel semoga pribadi,0,relabel
ariel sampe gelisah😭,0,tiktok
Hati nurani org tua... biadab tuh pelaku. Potong tangan nya,1,
"ANAK JAMAN SEKARANG SUKA BULIYYING , DULU WAKTU KECIL , .AKU JUGA PAS KELAS 1 DIBULI KETUA KELAS SAMPAI GIGI COPOT",1,
dari awal udh gaenak badanðŸ™,0,tiktok_v2
terima kasih tim kontribusimu,0,relabel
didampingi ayah dan ibu sambung daehoon apakah ini tanda-tanda bisa rujuk? soalnya baru sidang pertama masih bisa ubah keputusan,0,tiktok
"Aku dengerin pakai headset, dan suaranya jernih bgtttt respect bgttt buat all team yg berperannnn",0,
"Nonton konser kemarin, amazing banget perform-nya",0,contrastive_dataset
"lapor ke komisi etik kampusnya kak, ini udah masuk dosa besar perguruan tinggi. hukumnya gak main main loh, NIDN dosennya bisa di blacklist sama  DIKTI",0,tiktok
kok gelapnya lain gitu ya si abidzarðŸ˜­,1,tiktok_v2
Your drawing is so good kamu harus share it more often,0,codemixed
"Sebagaimana data di negara-gara komunis, Kenapa dia g sebutin di rezim komunis, nyawa Rakyat Juga gratis??!",1,fn_hatespeech_id
Ayo gaskan 1.5 juta,0,
Inimah kopi sama susu,1,tiktok
"""suara anjing dari rumah sebelah terdengar sejak subuh""",0,manual_augmentation
Bagus sih,0,tiktok
"USER USER Sementara itu ada yg menyebut dirinya partai dakwah, eh pemimpin nya korupsi.......itu tak lbh baik dari PKI'",1,fn_hatespeech_id
SGT red flag dan harus dijauhi,1,dataset_research
loh mulainya jam stengah 7 kek sih anjing sekolahku,0,relabel
paling gk bisa soal salah bantal??????,0,dataset_research
"Kelanjutannya,sicewek kena batunya https://youtu.be/59xLSyTNTqQ?si=r7ueT4A76KGyLDGP",1,
USER Emang Bangke! \xf0\x9f\x98\x82',1,fn_hatespeech_id
Yang melerai tidak ada otak.,1,
memang anjing biadab kali polisi anjing,0,relabel
merinding ??????,0,dataset_research
"tim ahok yg otak wc otak tumpul justru anies itu sdh komit sekali dgn pancasila ,ahok kafir sgt tdk bs berpancasila",1,fn_hatespeech_id
dipotong sendri omongnya😁,1,tiktok
sampai tidak berkata2 isyana sangat2 sempurna orang,0,relabel
USER Tolol lu njink',1,fn_hatespeech_id
"Ingin NKRI tetap eksis n terbebas dr serbuan TKA CHINA???? ; ; Mari ummat Islam Indonesia bersatu, ; GANTI PRESIDEN DI 2019. ; ; #GantiPresidenYuk ; #2019PresidenBaru",1,fn_hatespeech_id
USER Y JGN MAU DOI CUMAN PENCITRAAN AJA APLOT APLOT GITU DIHHH DI PERSONAL NYA SALTY IN JIUN MULU SOMPRET',1,fn_hatespeech_id
YOO THIS PROVES THIS WILL NEVER DIE,1,
udh gayanya met?,1,dataset_research
Mesti di masukin ke barak militer,1,
"USER Pak USER tak mungkin Anda pertahankan Islam di Indonesia, lebih baik ikut bangun bangsa & negara",1,fn_hatespeech_id
sih memang artis ko artis indo nya urus prestasi sosmed nya terus isi nya jadi jatuh nya kampungan,0,relabel
Komuk ariel ama caitlin ga bisa bohongðŸ˜­,1,tiktok_v2
senyumanmu bikin kebutuhan pokok naik bang,0,dataset_research
USER USER perek lu mah',1,fn_hatespeech_id
"""Cocok banget sama2 orang gak bener biar lah dia hancur bersama""",1,tiktok_v2
anak babi bangsat pengen sumpel timah panas congor kamu biar modar,1,relabel
semangat trus yh zahh,0,tiktok
indahnya pemandangan lont lont jual,1,relabel
USER Lol bani lowo',1,fn_hatespeech_id
warga mengeluhkan anjing liar yang berkeliaran di jalan,0,manual_augmentation
kamu cerah terima kasih,0,relabel
USER USER USER USER USER USER USER USER USER USER USER USER USER USER USER USER USER USER jgn gtu eek ayam anget',1,fn_hatespeech_id
RT USER USER Dudukan boleh DPR mantan menkominfo tp posting hoax hadehhh doa pak jokowi endut gagalpaham,1,fn_hatespeech_id
Saya mendapat tanda di awal ampse terlambat. SUMPAAHMHH ENGG,1,dataset_research
"BUAT PELAKU PEMBULIAN DI SELURUH SEKOLAH MANAPUN DIMANAPUN LU BERADA, LU ITU SAMPAH. PANTAS BANGET MUKA LU PADA UNTUK DITENDANG, Cuih",1,
"""istilah jelek dalam ulasan ini merujuk ke desain aplikasi""",0,manual_augmentation
"Knp yaa artis2 hidup nya penuh dramaðŸ˜­ðŸ˜­ awal romastis, ngelamar lah, kepingin jdi garda terdepan , ujung2 nya beginiðŸ˜…ðŸ˜…ðŸ˜…ðŸ˜…",0,tiktok_v2
gw cuman keliatan idungnya woii??????,0,dataset_research
Podcast bisa tapi konferensi pers buat minta maaf gabisa ya pak🙏,1,tiktok
wahhh kerenn tempatnya bagus bernostalgia bersmaa keluarga,0,relabel
"""Klo style ke gini pas gitu bang sma umur lu yg msh muda keliatan lbh fresh aja sesuai sma umur""",0,tiktok_v2
"""Di kasih bidadari malah pilih kotoran""",1,tiktok_v2
USER Ribut lo tai',1,fn_hatespeech_id
topeng monyet tontonan sudah jarang sekali peminatnya,0,relabel
USER Gak cucok antara antara langit dan bumi kampret cebong..tapi lebih adem cebong',1,fn_hatespeech_id
"""Erica endgame gue"" inget tidak lu ngomong gitu brav",0,tiktok
Ini pret nya kecepetan nggasi ðŸ˜­,1,tiktok_v2
"Happy 20, but I miss the early years. You created too many weirdos.",1,
"Lihat noh tampang lu, tampang banci, LGBT! URL",1,fn_hatespeech_id
pelakor plus hamil nikah ya pantas anaknya seperti gini modelannya,1,relabel
OMG!! ikut bangga sekali membersamai mas hansol dari konten kreator di kosan kecil sampai jadi aktor seperti sekarang 🤩🤩 sukses untuk filmnya mas 🥳🥳,0,
"Orang Cina mah bebas selama si mukidi ada; ; KEAHLIAN CEBONG HANYA 1, TUKANG TIPU !!!; cebong mah gitu, goblok nggak ketulungan. Plonga plongo mengakibatkan optimisme berlebihan; ; #2019GantiPresiden #PlongaPlongo #DunningKrugerEffect",1,fn_hatespeech_id
narkoboyy ngeluarin lidahh ajg tes urin,1,relabel
"film horor itu jelek, saya bosan menontonnya",0,manual_augmentation
USER .... bani kampret .... bani kecebong........ pilih bani adam lah...... soale manusia',1,fn_hatespeech_id
Pak gimana tuntutan supporter apa kabar,0,tiktok
ДЕНЬ НАЗАД,0,
peler anjing bacot kamu anjing duel ama saya kamu anjing,0,relabel
"Mirip2 kaya diinduksi sih saya mah kak :') dulu pas masih kerja ga ngerti kenapa sakitnya sesakit itu. Buat duduk aja ga bisa, tiduran guling-guling di kasur sampai tiap pms suka ijin sehari ga masuk kantor. Katanya lagi gladiresik biar kita familiar sama namanya pembukaan pas lahiran 😭",1,
muka plenger nginjek leher,1,
Wajar negara rasis,1,
apasi goblok ngomong yg jelas dek,1,dataset_research
Astaghfirullah ??,0,dataset_research
RT USER: Kata USER bantuan ke Rohingya adalah Pencitraan trus emank bisa penderitaan warga Rohingya dibantu pake Demo??,1,fn_hatespeech_id
Berisikkkkkk ðŸ¤®,1,tiktok_v2
USER USER USER USER USER USER USER USER USER USER USER USER USER USER USER USER USER USER USER USER USER USER,1,fn_hatespeech_id
semoga kelg crew sehat rejeki terus lancar ya kak gigi,0,relabel
IBU INI MGOMONG APA ðŸ¤£,0,tiktok_v2
username tidak sok high class mba liat komenmu artis beda2 mbak yang suka curhat ig yang curhat teman yang curhat tuhan tidak terus mulut situ maju otaknya mikirnya yang curh,0,relabel
semoga cepet sembuh,0,dataset_research
"semoga ada hikmah dari semua kejadian kemarin,,semoga jule bisa cepet dapat hidayah lagi",0,tiktok
"Penjahat jgn di tutup2 Pi foto wajahnya sebarkan ke seluruh media & tempel di jln2 kalau perlu BPK & ibunya foto sekalian , intinya agar anak itu trauma, pasti daerah itu banyak pengikut plat g yg suka persekusi & kekerasan",1,
Neira kanjera. Cyber bullying ❤🎉😊,1,
Jilbaban tapi munafik. He he he he...,1,
go a head via cuekin saja sudah pergaulan dunia kerja masyarakat pergaulan ertong yang gatal bin sirik kalau liat orang sukses anggep saja kuman tidak dibikin status kesenengan bahan ngetawain tidak,0,relabel
Program kdm solusinya..bagi pembuli..masuk barak militer..untuk merubah mental si anak,1,
liat sahroni ingat ( heeeeehaaa' )ðŸ˜‚,1,tiktok_v2
"USER Dia ..orang to? Rumongso ku ke'te alias monyet""",1,fn_hatespeech_id
kasian pak haji faisal,0,dataset_research
"USER USER USER USER USER Oh lo ewek mamak lo.. lahhh elo lahir dari hasil inses lo sama mamak lo.. Ihh banci ini gimana sih ? Sampe ibunya di ewek lo.. kelakuan anak haram kayak lo Serem ya?? Sdh jd hatters pemerintah, ter",1,fn_hatespeech_id
"Semua Sabar Dan Tenang'....; Kita Tunggu Komando' Habibana Habib Rizieq...; Kita Umat Islam Solid Dan Bersatu, Jangan Terkecoh' Diadu Domba Cebong'2...; Kita Akan Memenangkan Keadilan Dan Kemakmuran Pada #2019PresidenBaru Mendatang, Seperti Pilkada Jakarta",1,fn_hatespeech_id
"Asta, mata melek tapi gak sadar. Kalo sadar, paling gak fokus. Bullshit lah gak fokus gara2 kurang minum. Gua minum 3 liter lebih sehari udh kek onta beser tetep aja gagal fokus.'",1,fn_hatespeech_id
"""Benci aja Ama orang jelek pake selingkuh segala""",1,tiktok_v2
ahhh termul ya tetep termul,0,tiktok
amin semoga lancarkan n mudahkan rejeki nya jadi ingat suami saya juga gojek sering nlp nanyain anak istri nya sudah makan belum padahal mungkin sempet makan tidak hujan2an n panas2an tetapi tidak penh mengeluh menyempatkan komunikasi n tetap keep in touch sela2 kesibukannya bangga n tetap berjuang y ms gojek karena anak n istri mendoakan yang terbaik,0,relabel
Jujur saya tidak melihat bedanya,0,dataset_research
"""anjing peliharaan itu suka duduk dekat jendela""",0,manual_augmentation
Setingan aja sih selama ini 😅,0,tiktok
rt USER USER USER Tp kenapa jokowi tidak mau tes dna.?tes Dna lah yg bisa membuktikan nya bukan keturunan PKI,1,fn_hatespeech_id
cowo kalo setia mati kh?,0,tiktok
sumpah mertuanya baik banget masih mau nemuin cucunya sama ibunyaðŸ˜­ðŸ˜­,0,tiktok_v2
"Ayahnya ke mna ccokk? Waahhh... Gua jdi ayahnya sih gk terima gua seret keluar rumah, gantian pukul, injek2 palanya ampe koma, patahin 1 tulangnya, banting dlu sekali baru tinggal Nunggu2 karma kelamaan, sekali2 Mandiri jan dikit2 karma dikit2 karma",1,
Emang plenger kfa jauh banget sama jfa,1,
"Ngaca pak ngaca ampun, kalo mikir begitu dari dulu infrastruktur di pusat terus yg bagus, tapi daerah lain tertinggal, ga mikir kesitu juga kah ? 😂",1,tiktok
ganti nama jadi dewan perwakilan parpol😂,1,tiktok
"""kata kampungan pada review ini menilai desain ruangan""",0,manual_augmentation
"USER USER USER Apa hubungannya dgn munafik, kalian kitabnya dihina, laporkan dia kepolisian. Waspadai cebong kafir yg ngaku-ngaku Islam.",1,fn_hatespeech_id
Beliau athies yang taat 😅,1,
aku bisa melihat dari rawit wajah siswi itu,0,
"Bangunnnnn2 pak Prabowo..anda adalah Presiden Indonesia,masyarakat Pd ribut,kalo pak Prabowo gak dengar dan baca situasi,tolong orang2 dekatnya menyampaikan jd negara ini gak perlu kompetensi dan orang2 pintar ya pak Presiden. ,, bagi dan balas Budi ya pak .",1,
kejahatan biadab mengeroyok membunuh orang berkurang bajingan biadab,1,relabel
mirip babi sih bener awkowwokwowkokwo,1,dataset_research
ngeri ya sekolah Islam malah jadi sarang musang birahi,0,tiktok
Comple adalah ??????????,0,dataset_research
kaya adik kakak kak gigi kelihatan muda sekali,0,relabel
"Buat orang tua korban tungtut si pelaku seberat berat nya,,mau blm cukup umur ke apa,,kalo si pelaku di jatuhkan hukuman 3tahun 6bulan ,,si pelaku harus ngerasain rasa sakit si korban",1,
Di Instagram Facebok Twitter sangat indah di depan bagian depan tidak ada yang indah untuk memberi tahu saya apa yang harus dilakukan,0,dataset_research
wajah nagita kya umur 20an,0,relabel
"USER USER USER cabe2an bisa nya hanya bbm.n facrbook.n!! Masalah politik mana tau doi, tau nya berita2 sampah pencitraan",1,fn_hatespeech_id
"kebiadaban ahok cina kafir rakyat kecil yg jadi PKL & asongan2 digusur2 dan dianiaya spt teroris, ahok kafir biadab",1,fn_hatespeech_id
Coba dicek struktur tim kampanyenya anies sandi yg jelas Asma Dewi ini wakil bendahara aksi 212,1,fn_hatespeech_id
"""artikel kesehatan hewan membahas rabies pada anjing""",0,manual_augmentation
"Anjing banget sifatnya, nggak ada baiknya",1,cyberbullying_1000
"Jadi keinget kata mamahku wanita itu kalau terlalu cinta lelaki jadinya malah bego/bodoh, jadi lebih baik kitanya biasa aja cintanya cowok harus lebih besar! Yaa beginilah contohnya karna cinta nyawa melayang dengan alasan ah mungkin nanti berubah dll😢",0,
"""Dikasih bidadari malah minta lonte""",1,tiktok_v2
@panpan: paling g bisa kalo soal musang,1,dataset_research
"USER USER USER Najis jauh"" lo bikin rejeki seret aja'",1,fn_hatespeech_id
gedabrus ðŸ˜‚,1,tiktok_v2
USER USER USER USER USER USER USER Ulah cebong kafir keparat itu',1,fn_hatespeech_id
ini serius dia?ðŸ˜­kok kokkkkðŸ˜­cantikan kenzieðŸ˜­,1,tiktok_v2
Plenger emang,1,
"regardless from kasus rapist kemaren, JFA itu bisa dibilang totalitas banget ngurus sepakbola jepang. bayangkan aja mereka udah tau harus ngapa2in, punya roadmap yang jelas, dan nargetin untuk juara dunia di tahun 2050",0,
Satu satu nya kegagalan Korea Selatan adalah TIDAK SAMPAINYA KELUHAN RAKYAT PADA PETINGGI BOLA DISANA..!!! PETINGGI TAK TAU RAKYAT KOMPLIN APA DAN TAK ADA YG BISA DISAMPAIKAN KE PELATIH UNTUK MENJADIKAN MASUKAN..!!! KEDUA PELATIH KORSEL harus bisa mencari pelatih medern yg dapat mendengar banyak pendapat rakyat atau pakar ..!! dan memasangkan posisi pemain di posisinya . Hanya taktik serangan saja variatifnya . Juga bertahan nya ..!,1,
saya tidak suka sama ni orang idupnya kebanyakan ribut,0,relabel
Rakyat yang mana... buktinya saya sebagai rakyat masih makan nasi.. dijaman pak harto saya malah mudah cari pekerjaan.. dan diera megawati pembuat outsorsing sabagai rakyat kami merasakan susah dapat pekerjaan dan masadepan pun makin tidak jelas,0,tiktok
"Bagusnya pembulian di skolah2 harus dimusnahkan, klw perlu dikasi keluar siswa yg tukang buli di skolah geram sya baliat anak2 ingusan skarang sok jago 😌",1,
Aku admire dedication kamu you always give your best,0,codemixed
"USER USER Kalau saya melihat kok yang kebangeten itu para pejabat tinggi negara, para Menteri, wiranto, gp ancor, abu janda dll.. Masak presiden dan simbol negara dihina kok pada diam saja?'",1,fn_hatespeech_id
Sengkuni,1,tiktok
"USER Wkwkwk, ke trigger jg bani onta'",1,fn_hatespeech_id
Ga cuma magrib. Ini malah isyak bnget,0,tiktok
jgn salahkan pelatihnya goblok salahkan kfa nya,0,
gendutan?,0,dataset_research
gw cukup heran knp mba nya mau sm si klimis??,0,dataset_research
Semangat mama riii 😍🔥,0,tiktok
kata 'monyet' bisa bermakna literal jika sedang membahas hewan,0,manual_augmentation
Eh anjir gw nyari mana si abidzarnya ko ada suara doang taunya diatas arielðŸ˜­ðŸ˜­ðŸ˜­ðŸ˜­,1,tiktok_v2
boong. basket aku Uda tau,0,dataset_research
emang timothy ronald ada masalah apa ya sama cewe ini?,0,tiktok
di Konoha nglawan pejabat ya emang susah,0,tiktok
Bener tuh artis aktornya pny gagal malah di hujat pdhl masalah sepele biasa di indo aja msh ksh dukungan kalo gagal lah ini disuruh mati di hujat ga di dukung makin depresi,0,
Tpi kok ERICK TOHIR tidak di benci 😂 apakah karna dia pendukung 02 wkwkw 😂😂,1,
baru tau Rigen ada hubungan darah sama Bahlil ðŸ˜…,1,tiktok_v2
"Di indo kek nya banyak yg masih belum viral atau belum terungkap. Kalo beneran ada Komite kek bginian di indo, abis dah. apalagi yg kasus2 di universitas.",1,
Orang kaya begini ga usah di kasih panggung,1,tiktok
Iya baner anjir kata gue dikit lagi stroke nih org😂,1,tiktok
Cukup Laen,0,dataset_research
Kamu ga laku laku unn,1,dataset_research
No way,0,
Ngakak waktu lihat bocil mewing,1,
bisa aja hasil dna nya dipalsuin wkwk jaman skrng kalo punya duit apa aja bisa dipalsuin kan😂,0,tiktok
USER WKWKWKWKWKKWKWKW GEBLEK BGT',1,fn_hatespeech_id
"yaudasi gausah kemana2 toh itu salahnya sendiri kenapa mauuu, dan kalaupun emang anaknya toh juga gabisa dinasabkan ke bapak nyaaa dan juga gaberhak dapat nafkah sesuai hukum agama",0,tiktok
"USER mukamu kaya pantat monyet, beruk, celeng.'",1,fn_hatespeech_id
"@za6789 ok YouTube is late, me and also you. I'm glad we replied to YouTube",0,
dress nya mirip rok mukena anakku??,0,dataset_research
y o u t u b e,0,
PRETTT LU BRAVY MUNGKIN NGELAMAR BUAT BAIK BAIKKN AJA YAA KMRIN,1,tiktok
muka anak nya ko tua sekali yaa tidak ngegemesin tidak lucu2nya,1,relabel
Umat Hindu dipermak Tentara Budha Radikal jadi ''Teroris Muslim Rohingya''!,1,fn_hatespeech_id
gak kaget krna dr awalll udhh tauu pastii kyk gnii berakhrðŸ˜‚,1,tiktok_v2
Musuh-musuh Islam itu otomatis kafir!',1,fn_hatespeech_id
Welcome to orba versi baru guys,0,tiktok
"""Liriknya pendek tp susah di hafal pas awal awal, begitu di puter beberapa kali eh kok candu banget""",0,tiktok_v2
"""Ninggalin berlian demi tai babi dih""",1,tiktok_v2
desain posternya norak menurut saya,0,manual_augmentation
Perwakilan Rakyat tapi gak mewakili apapun yang rakyat serukan sama sekali,1,tiktok
Manyun gak bikin lu ganteng,1,dataset_research
Aku suka mie sedap kalau di tumis ulang Pake bawang merah bawang putih telor daun bawang irisan ca,0,dataset_research
new comment alert,0,
"Baru baca buku ini, isinya bagus banget",0,contrastive_dataset
"Gak ada beda nya sih kak, BAHLIL SAMA DENGAN BAHLUL . Artinya GU0BLOKK",1,tiktok
Berapa jauh lebih banyak dari banyak uang tanpa peta segalanya,1,dataset_research
RT USER USER USER USER USER Iya. Lah kampret kalau engga ada agama indo sudah hancur termasuk lu hancur,1,fn_hatespeech_id
Mukanya plenger gitu lg awkwk,1,
"Udah tayang kah? Udah end? Aku nunggu end dulu, hehe",1,
kepalsuan yg nyata ngurus mahasiswa aja masih tolol,1,tiktok
"""Postingan pertama jg dihujat dong gila netijen""",0,tiktok_v2
Wajib di usut ngomong Seenaknya apalagi di Awal itu kasar sekali ngomong tak pakai Adab Pada Seseorang yang Jasanya cukup besar di akui Banyak orang di Negeri ini,0,tiktok
"semangat Ko Bravy, aku tau maksud dari DRAMA ini, keren Ko Brav",0,tiktok
USER sarap emang:(',1,fn_hatespeech_id
ibnu sok tau????,0,dataset_research
"""Ibu kamu pelakor plus hamil di luar nikah ya? Pantesan anaknya kyk gini modelannya""",1,tiktok_v2
Otak otak politik,1,
"USER USER yang bikin Reklamasi kunjungan anda,yg dapat duit dari para cukong junjungan anda..USER nyetop eh dibilang lanjut..sipit songong!!'",1,fn_hatespeech_id
Dasar idiot lo bikin malu keluarga aja kerjaannya,1,codemixed
"""anjing tetangga memakai lonceng kecil di lehernya""",0,manual_augmentation
USER USER USER USER USER USER USER Terbantahkan mata lo. Dongo banget lo tong. Ngomong ngasal mulu. Tolol',1,fn_hatespeech_id
Mantap,0,
Nurul mallu ga sii ditolak hampir seindonesia🙈🙈,1,tiktok
USER nek ndelok match terkhir celsi sih kudune menang mudah emyu... Tapi yo embuh sih celsi kacrut ki raiso diprediksi \xf0\x9f\x98\x82',1,fn_hatespeech_id
@Din Rahmah: Lelucon,0,dataset_research
Hanya orang bodoh jika beropini bahwa PKI tdk bangkit.presiden cuma pinter akting & pencitraan.Intelijen TNI yg bicara adanya PKI bangkit.,1,fn_hatespeech_id
RT USER: Prabowo akan selalu dimusuhi PKI dan antek-anteknya URL,1,fn_hatespeech_id
Harus diakui bahasa inggrisnya bagus,0,tiktok
"Itu yg halangi ga ngrasain ya klo anak elu yg di buly dianiaya, sok sabar2....semoga aja yg misahin merasakan seperti apa yg ibu itu rasakan, semoga anaknya di buly biar bisa ngrasain kli disuruh sabar gmn rasanya.....!!!!",1,
"Kalau udah akrab mah kata-kata kasar tuh biasa, bukan beneran marah",0,fn_fp_reduction
USER USER Wakil rakyat cocot tok... \nNgomong apa berak',1,fn_hatespeech_id
raisa tidak monoton suka deh sering2 kek gini,0,relabel
"USER fitnah FPI pecah adalah ulah ahoker yg melihat elektabilitas ahok tinggal 10%,mereka kelojotan melihat MUI+NU+Muhammadi",1,fn_hatespeech_id
USER Perusahaan transportasi online paling biadap yg tidak mengikuti UU no 22 th 2009dan menolak permen nomor 108th2017 perusahaan komunis yg didanai komunis cina',1,fn_hatespeech_id
baru kali ini liat tengkorak berjalan hahah makan dong mbak,0,dataset_research
USER USER USER Selamat datang bani kampret',1,fn_hatespeech_id
USER berarti lo cacat',1,fn_hatespeech_id
open donasi buat beli kaca,1,dataset_research
"""Hidup itu jngn keterlaluan boss playboy amat ajg luu""",1,tiktok_v2
Bacot lu member karma',1,fn_hatespeech_id
USER Oohhh... itu kaos yg rencana ditukar pake KTP ya?; #2019GantiPresiden,1,fn_hatespeech_id
kacau anjir,1,
"USER Pak USER walau Anda Muslim, sbagai pejabat negara, wajib mengungkap dampak buruk mengaji & solat",1,fn_hatespeech_id
Saya tidak tahu harus berkata apa sekarang bahwa saya orang yang menyakitkan sehingga orang lain tidak menilai saya,1,dataset_research
weh anjing bangsat bacot kamu kontol,1,relabel
rebecca itu pemain film mermaid ga sii,0,dataset_research
keliatan banget bego nya mpok silvy and agus. #DebatFinalPilkadaJKT,1,fn_hatespeech_id
jule jule inget anak anak kamu sumpah gregetan 😭,0,tiktok
"Sejak si boneka menang pilpres 2014 berkat bantuan besar penguasa saat itu, dia dan dalangnya merajalela menjadi penguasa tanpa batas tanpa pengawasan.; ; Partai, DPR, Tentara, Polisi, Senator, Ormas, Kampus, Mahassiswa, Buruh, Cendikiawan, Media, Ulama, s",1,fn_hatespeech_id
Aku baru mulai learn guitar and its challenging but fun,0,codemixed
dia punya hati ga siðŸ¥º,1,tiktok_v2
Ini sudah lama sekali,1,dataset_research
"Anda orang Indoneisia, Pejabat Tingggi NKRI, mengapa salam dalam bahasa orang Arab, apa Bahasa Indonesia lbh rendah?",1,fn_hatespeech_id
Kemacetan makin menggila. ; Karena pertumbuhan mobilmotor 8X dari pertumbuhan jalan. ; Ganti presidenpun tak akan bisa kurangi kemacetan ini.; Tapi dg ganti presiden minimal bisa mengurangi kemacetan yg lain. ; Jadi? Tetap #2019GantiPresiden,1,fn_hatespeech_id
Tumben kali ini gue gercep bet di podcast om Dady😁,1,
Old money tapi masih pedro sama coach becanda abangnya nih??,0,dataset_research
RT USER USER BADMINTON PUTRI INDONESIA KOK KALAH SAMA JEPANG N CINA ...MEREKA BERMAIN LEPAS TIDAK GAMPANG MENYERAH KOMUNIS SEENAKNYA DI SINI,1,fn_hatespeech_id
kalau pasangan cantik ganteng suka deh liatnya,0,relabel
"Lo itu berharga, percayalah",0,contrastive_dataset
"""komentar tersebut sedang dibahas dalam penelitian bahasa daring""",0,manual_augmentation
PADAHAL KOREA GAK MASUK GRUP SULIT 😂😂,1,
"""guys dr pd comment2 mending unfoll sm unsubscribe aja yaa""",0,tiktok_v2
jelek buntut kuali hahaha,1,relabel
Besok saya nonton ini bioskop seru drama kasihan dia dibulying SM teman2 nya di bioskop living plaza balikpapan cinepolis,0,
memang wajib semua orang tua yg anak nya di bullying harus menghancurkan mental anak2 kurang ajar yg suka membully anak lain. biar jadi pelajaran bagi yg lain,1,
orng jlk udh pasti gagal dalam hal apapun ????,0,dataset_research
USER USER USER Tolong bawa ke rsj secepatnya,1,fn_hatespeech_id
kita lanjutkan saja diam ini hingga kau dan aku mengerti tidak semua kebersamaan harus melibatkan hati,1,dataset_research
menginspirasi pelajari,0,relabel
pagi pagi sudah emosi anjing,0,relabel
USER Ketahuan kan kalo bima+ apk idiot. \xf0\x9f\x98\x81 URL,1,fn_hatespeech_id
anjing bangsat dikenang sampah merindu wes ora peduli,1,relabel
"""Meldi tambah kurusan sekarang ya??? Cantik walaupun tanpa make up?""",0,tiktok_v2
"USER USER USER USER Nih terakhir aku tanya lagi: Itu utang era Jokowi semua, bencong? Pasti mingkem lagi... si gembel warnet.... banci kaleng... \xf0\x9f\x98\x82\xf0\x9f\xa4\xa3\xf0\x9f\x98\x82\xf0\x9f\xa4\xa3'",1,fn_hatespeech_id
ONLY 152 COMMENTS OMG WHENEVER I SEE YOU IM TO LATE I TOOK MY SPOT 😎,0,
@Dhomz: lebih ke rubah,0,dataset_research
Did YouTube just get rickrolled?!?,0,
saya masih di tim zize walaupun yg lain menghujat ... Krn pasti ada alasan berpisah. tak mungkin ada api klau ngak ada asap 🥰... semangat,0,tiktok
Mending lo quit aja lo emang gak capable,1,codemixed
cewenya cantikk the power of tajir,0,relabel
monyet itu mengambil pisang dari tangan penjaga,0,manual_augmentation
RT USER: USER USER Karena partaimu pdip itu bajingan',1,fn_hatespeech_id
"Lagian diluar itu semua, publik korsel juga ekspektasinya ketinggian once ga kegapai nyalahin ini itu. Maaf siapa korsel dipanggung sepakbola dunia, kalo mereka gagal dipiala sekelas aff wajarlah publik mereka ngamuk sampai melempari telur busuk dll. Nah ini world cup, mau ngarep apa, Juara? Aduh duh duh… ok lah 2002 mereka bisa masuk 4 besar, tapi buat yang ngikutin turnamen itu pasti tau korsel byk diuntungkan karena status tuan rumah, italia, spanyol adalah korban2nya.",0,
It's YouTube and They GOT RICK ROLLED. HAHA,0,
"""sumpah aslinya muka lo lebar kayak baskom loh mel @rosameldianti_""",1,tiktok_v2
"""tolol banget aku naruh buku di kulkas""",0,manual_augmentation
Hello youtube!,0,
kacauu bisa salah sasaran nih,0,dataset_research
Terlalu lebih kelebihan itu pemalu ??,1,dataset_research
gayamu reng😭,1,tiktok
Sorry unfollow,0,tiktok
kok mirip opet,1,dataset_research
"pak Harto presiden terbaik, dari semua presiden indonesia.",0,tiktok
"Rafi Ahmad cuma menang uang saja Tapi dia tidak punya otak,karna dia gak ada pendidikan.Ayooooo bgs Indonesia,,,jngan diam saja.Gempur itu si Rafi Ahmad.Jngan biar kan sperti Rafi Ahmad meraja Lela di negri Indonesia tercinta ini.Gempur Rafi Ahmad.",1,
kok jdi kek Lina Mukherjee 😌😌,1,tiktok
RT USER Klu USER di bubarkan trus siapa yg mmberantas korupsi pak USER ? Jelas korupsi merajalela apalagi di DPR.,1,fn_hatespeech_id
Less Bathing Bay,1,dataset_research
Saya sangat ingin makan banyak orang ingin bahagia2,1,dataset_research
"""Apa si hebatnya banci yg badannya penuh koreng kaya lo""",1,tiktok_v2
jedun yang tidak becus perempuan terhormat tidak becus perempuan cerdas tidak becus perempuan yang mencari suami sah suami orang tidak becus perempuan yang menghindari narkoba tidak becus perempuan yang menjaga nama keluarga semoga perempuan yang mirip kamu dunia ya jedun,0,relabel
anjing ya gausa dengar omongan orang bgst,0,relabel
si jule pasti di gosipin sama pegawai2 playtopia dan ibu-ibu di situ 😅,1,tiktok
cowok² begitu ngarepin apasi?😂 ga kaget,1,tiktok
Keren om,0,tiktok
"""Mama gigi cantik banget? look younger than her age.. love mama gigi""",0,tiktok_v2
USER udik udah mendarah daging di kamu',1,fn_hatespeech_id
"""Ragu aja cantiknya udh kek gini, gmn kl yakin yak, cantiknya kek apa, heran""",0,tiktok_v2
intinya tidak suka ajg listy ngrusak suasana,1,relabel
"Itu ada bukti gak,,,,,, klau ada bukti gampang,tinggal buat laporan,ada pasalnya kok. Jangan marah2 gak jelas,,,, itu orang tua sama bodohnya berarti. Gak ada gunanya teriak2,,,, itu mlah memperlihatkan kebodohan dan ketololan kamu.",1,
"si bravy mah numpang eksis doang ke mba er😂, itu udh jdi niat si mnurutku.
ku lihat mba er juga ga trlalu mikirin hal kyk gitu,lebih fokus ke karir apalgi skrg udh ada andrew ,org2 problematic tinggal cut off aja",1,tiktok
RT USER USER Zaman pak SBY antek-antek PKI tdk merajalela mengganas seperti masa sekarang.,1,fn_hatespeech_id
wkwkwk,0,dataset_research
sakit sih tasyi itu ??,1,dataset_research
"""ga bakal diundang jg"" tapi kan kalian ttp butuh penonton woy lah😭😭😭",1,tiktok
Never gonna let u 👇😢❤❤🎉🎉😊,1,
Jule L nya apa Lntee,1,tiktok
miris sekali ultah didoain baik2 bully kasihan god bless u mel,0,relabel
Hidup itu tidak harus tenar tp bagaimana kerja nyata kita itu bisa di lihat baik oleh rakyat....tp sayang kamu cuma ingin mencari ketenaran dari pada kebanggaan,1,tiktok
rigen anaknya bahlil juga kayanya,1,tiktok
satu lagi kak jadi kan tragedi 98 siapa dalang nya dan yang lengserin pak harto siapa🤭 diem nya pak harto selama nih di bayar tunai allah bukain semuanya,0,tiktok
ga inget umur😭,1,tiktok
"USER USER Biar lu bacot wahabrer wahbrot ga ngaruh bong! soal lu KAFIR, KAFIR aja napa sensi....'",1,fn_hatespeech_id
"USER USER ... Kamu PSK tidak usah nyampur, lepas kerudungmu baru ketauan kamu PSK.... Kamu baca twit nya Fahri yg begitu benci Jokowi itu yg saya balas.... Jokowi itu Presiden tdk pantas dimaki2 oleh seorang Fahri... Twit Fahri penuh",1,fn_hatespeech_id
chat gpt rick rolled me and led me to this,0,
gak heran sama cewee,0,dataset_research
"24 8 18 Ulang Tahun Saudaraku, dia memintaku untuk makan aku minus karena dia lambat untuk kembali ke Ot 26 8 18 dia bertanya",1,dataset_research
Setelah menonton film Recall Time bekerja magang dengan kontraktor sebagai kuantitas,1,dataset_research
makan nasi padang saja badannya,0,relabel
Kerjaan suharto dan sby pastik korupsi. Tangkap lahh URL,1,fn_hatespeech_id
Aki aki pansos ..,1,tiktok
"betul, tmn selasku aja dlu cwe suka dugem, ngepil di sekolah, ketahuan sekolah mau di keluarin si orang tua kekeh anaknya ga salah gamau di keluarin, si anak ga di marahin sama orng tuanya malah di bela mati2an smpe kepsek jg di marahin sama orangtuanya😂 tp akhirnya tetep keluar tu bocah, pindah di tmpt lain masih aja buat ulah tp beda kasus tp gatau lah pkoknya di sekolah lain masih buat kasus dia",1,
USER USER Bahtiar mabok fifis onta',1,fn_hatespeech_id
Aamiin ya rabb.. Tolong USER Indonesia ya Alah dgn yg lebiiihhhh baik..,1,fn_hatespeech_id
Mending lo shut up deh mulut lo bau sampah,1,codemixed
"""kelas tadi seperti kebun binatang karena semua bergerak""",0,manual_augmentation
"Cuma bisa nyusahin orang, ga ada kontribusinya",1,contrastive_dataset
"""monyet di kebun binatang itu sedang tidur""",0,manual_augmentation
cung yang tau dia gara2 nikah sama arhannðŸ‘†,1,tiktok_v2
"Berdalih 4 pilar, MPR dungukan & biadabkan bangsa, dakwah Islam menyeru nyembah2 Allah SWT benci kafir, mecah bangsa",1,fn_hatespeech_id
Subuh bukan malem lg😩,1,tiktok
anjing absen saya kosong 2 absen bangsat,1,relabel
"Kamu tuh nggak ada bagusnya, dari dulu sampe sekarang",1,contrastive_dataset
semangat ka jennnnâ¤ï¸ðŸ™Œ,0,tiktok_v2
"abidzar sombong bgt jir bilang gtu,, tu film juga butuh penonton,tanpa penonton gk akan laku tu film😂",1,tiktok
USER Wow. Gila sih bangsat banget calon suami lu ninggalin cuma gara-gara itu? Padahal kalo bener serius sampe nikah sih ya nanti dia juga dapet lah haha. Bersyukur lu dijauhin dari dia. Lo ga pantes dapet laki-laki bejat kaya gitu.',1,fn_hatespeech_id
dipotong sendri omongnyaðŸ˜,1,tiktok_v2
Ini sengaja langsung di sahkan. Karena Jokowi udah terpojok terkait ijazah Palsunya. Menurut syaa ini pengalihan isu,1,tiktok
USER mak lambe monyong .....elo kalo sama bajingan yg begenean mingkem aje yee lambe monyong lo itu ....dasar goblokkkk URL,1,fn_hatespeech_id
lagi main pahlawan pahlawanan bangðŸ˜‚ðŸ˜‚ðŸ˜‚,1,tiktok_v2
Brengsek bgt yg ngirim foto setan.',1,fn_hatespeech_id
USER USER Udah jaman pa anies tapi para cebong masih gini2 aja.. \nMungkin akibat saham bir di hapus\xf0\x9f\x98\x81\xf0\x9f\x98\x82',1,fn_hatespeech_id
"Ya allah istigfar mulu gw kalo liat si abidzar ngomong anjir😭😭😭, pdhl kmrin gak gini 🗿🤣",1,tiktok
"""keknya dia ngeliat masa depan yang hancur deh""",1,tiktok_v2
"Kurang ajar itu anak berani Nerocos mau Mengelak,....Yg ada Bagusnya Lsg Minta maaf, sama orang tua jng krg ajar. Seandainya tidak bersalahpun gak ada salahnya minta maaf buat Mendinginkan. Udah dingin baru dijelaskan pelan-pelan klo punya bukti atau saksi tidak bersalah. Tp jangan Bohong.",1,
"""MashaAllah? udh cantik, pinter, jago nyanyi dn mainin alat musik pula neng @isyanasarasvati ngefans bener ini mah""",0,tiktok_v2
"menyesal karena ketauan..kalau ga ketauan ya lanjut buly..sekarang aja pasti masih ngebully mungkin sama temen"" nya",1,tiktok
tapi rambutnya plisðŸ˜­ mengurangi kecakepannya maap yaðŸ«µðŸ™,1,tiktok_v2
fokus nagita pas minum sempet baca doa keren sangat hasil didikan orang tua nya,0,relabel
"Namanya anak"" Berarti lu gagal sebagai orangtua",1,
nepotisme kali kak 😭 kan titipan golkar,1,tiktok
maghrib banget😂,1,tiktok
senang hasil rapat keputusan diambil,0,relabel
Orang ini akan nyunsep bersama jokowi 2019. URL,1,fn_hatespeech_id
"USER USER Cukup sudah, #2019GantiPresiden aja, pemerintah underestimate dgn intelektualitas rakyat",1,fn_hatespeech_id
memang cocoknya pengusaha kuliner sudah fixs semoha lancat terusssss,0,relabel
pahlawan is over kah ðŸ˜­,1,tiktok_v2
USER kampret complain rag ditanggepi fuck',1,fn_hatespeech_id
"""Artis abal-abal.. Muka putih tangan hitam? ager2 ATM nya udah isi berapa sekarang""",1,tiktok_v2
Anjir gakebayang se trauma apa erika sama percintaannya,0,tiktok
"sebenernya ariel sm caitlin malu bgt dan deg2an parah itu, abidzar lu ko bisa sepede itu si ngomong sumpah",1,tiktok
cewenya manis cakepan yang sekarang dari yang kemarin tidak jadi,0,relabel
"Kalau dulu, anak nakal di ancemnya di masukin ke penjara anak biar di rehab.",1,
"Korea TERALAU Berekspetasi Tinggi, Sadar diri wey, di asia aja Korea selatan itu masih jelek",1,
Untung yg terkenal aloy bukan dia ðŸ¤£,1,tiktok_v2
"jadi kasihan lawannya, sama bapak taekwondo??",0,dataset_research
monyet kamu ngapain sih,0,relabel
bayangkan kalau posisi kamu lg di bwah dan orng lain melihat kita rendah karna materi yang kita punya,1,dataset_research
"""warna sofa ini aneh kalau dipadukan dengan dinding""",0,manual_augmentation
PDIP belum membeberkan ongkos yang harus dirogoh PDIP guna mencarter pesawat Jokowi itu.dasar korupsi URL,1,fn_hatespeech_id
aku jg lebih suka natural gini sehari hari dr pada dempul😂,0,tiktok
"""anjing, jari saya kejepit pintu""",0,manual_augmentation
"""Suka bgtt sm kak cipaa.. orangnya humble sm semua orang dan banyak temannya juga""",0,tiktok_v2
USER Itu cebong baru menetas 7 hari. Mana dia tahu pak RR.',1,fn_hatespeech_id
Aktingx bguss,0,tiktok
nyettt monyet goblog,0,relabel
ngbayangin teh astrid pas muda😍,0,tiktok
Biasanya okb,0,dataset_research
yang bawa2 keenan raisa sudah berbahagia ngedapetin suami super ngemong mature kaya hamish raisa dewasa banding wanita seumurannya memikirkan jadi saya raisa hamish sama2 beruntung sepasang suami istri tidak tuh gagal move on so congratz raisa hamish semoga pernikahannya sakinah mawadah warahmah,0,relabel
"Ga punya teman tuh wajar, sifatnya aja nyebelin minta ampun",1,fn_fp_reduction
Ahhhhhhhh,0,
"Makin banyak aja kasus beginian... Dulu saya waktu sekolah agak pendiam , dan jarang berbaur juga sama anak"".. singkat cerita ada satu Genk dikelas. Mereka pada sok jagoan tapi mereka ga berani ngusik saya. Karena saya sesekali suka mengintimidasi mereka.. si boss juga sering minta dicatetin sama anak buahnya. Setiap dia minta catetin ke saya selalu saya tolak, tapi karena ga mau cari ribut terkadang saya beri mereka contekan. Bahkan salah satu anak buahnya dekat sama saya... Jadi intinya kalo kalian dapet perlakuan bully harus berani lawan supaya mereka ada sedikit segan, jangan didiemin terus yang bikin mereka semakin jadi",0,
USER USER Kristen lesbi emang ya?',1,fn_hatespeech_id
Cie Pak Anies juga pernah berfoto dg Ahok Berarti Dia Penista Agama juga dong URL,1,fn_hatespeech_id
Kucing gw kalau lagi birahi pasti meninggalkan rumah. Dua hari kemudian pasti pulang lagi dalam keadaan lesu dan tidur sepanjang hari,1,
muka kek slangkangan biawak saja banyak blagu kamu,1,relabel
yoo never gonna bro :),0,
lebih seru baca komen drpd liat vidionya??????,0,dataset_research
gojek mayoritas pegangguran tidak kerja terus putus asaa tibatiba lapangan pekerjaan tidak pakai ijasah sungguh lapangan kerja membantu,0,relabel
Lo tuh ugly banget sumpah mending gak usah keluar rumah,1,codemixed
"""kukira dedeknya berdiri itu mau mukul bang jer pake ukulele? ternyata aku salah salah :""""",0,tiktok_v2
katanya IQ rata2 warga sini turun dikit lagi setara gorilla. Jadi masih jauh dari pintar. Lebih dekat ke gorilla ðŸ˜‚,1,tiktok_v2
66. najis minta bgt gua kepruk ya lu gov',1,fn_hatespeech_id
RT USER: #IklanAhokJahat bikin darah mendidih. bangsat penuh dengan propaganda. emang lo kira islam radikal ?Kalau kami mau,1,fn_hatespeech_id
"""Hbd cantik semoga kedepannya tambah sukses""",0,tiktok_v2
Demo kemaren benerÂ² ga ada artinya.,0,tiktok_v2
Gw curiga kalo Ahok kalah pemilihan kepala daerah itu konspirasi biar penduduk Jakarta pada pindah ke Meikarta daripada punya gubernur yg gak kompeten.,1,fn_hatespeech_id
amzing isyanaa jujur amazed sekali skill minat isyana bermusik tidak bernyanyi main alat musik jago sekali,0,relabel
kasihan anjing nya pegang babi,1,relabel
"""berita pagi membahas monyet yang turun ke area sekolah""",0,manual_augmentation
"Youtube is trying to be funny, but like just add back the dislike button 😭😭",0,
"Keberkahan, Keberlimpahan Dan Kemakmuran Selalu Bersama Diri Mu Masee Bravy..ðŸ˜‡ðŸ¤ðŸ”¥ðŸ’ª",0,tiktok_v2
Tak ada persatuan dengan para PKI. Silahkan rekonsiliasi dengan cebong yang dungu sekolam.,1,fn_hatespeech_id
biasa main dikali.. sekalinya main ke kota jadi norak dia,1,dataset_research
Udah iklan muncul iklan nonton iklan dalam iklan,1,
USER Slma pmimpinnya dungu rkyt gk kn mndptkn kbrkhn',1,fn_hatespeech_id
"USER Ahok simulut jamban, tokoh yg punya nilai bahasa indonesia dan norma etika 0, tai kucing'",1,fn_hatespeech_id
RT USER Mending loe beritain mentri joko atau jokowi nya yg mundur krn gagal hadirkan pemerintah yg berkualitas minimal ber IQ,1,fn_hatespeech_id
"gw jg manurung, asli malu & marah bget atas sikap bocah tengil bgini",0,tiktok
"""Kangen nonton konser isyan secara lgsg, meskipun msh bisa virtual, Cuma experience-nya lebih dapat aja gitu""",0,tiktok_v2
Kesalahan terbesar ada pada KFA. Gonta ganti pelatih. Tanpa strategi jangka panjang. Lihat jepang dong,1,
kalau ga karna arhan gatau zize,1,tiktok
namanya jg simpang susun bukan bundaran semanggi. Oom Habib waras? dasar katrok lo Oom.,1,fn_hatespeech_id
"""konsep dekorasinya kampungan tapi tetap meriah""",0,manual_augmentation
"USER Kenapa peta Indonesia di tempatkan di posisi yg bs terbelah? ; Karena mrk-lah kaum pemecah belah persatuan dan keharmonisan yg selama terjalin. ; ; #2019GantiPresiden yg bisa mempersatukan semua, bkn yg merangkul sebelah tangan, memukul dgn",1,fn_hatespeech_id
Seperti biasa muka pembully lebih jelek daripada korbannya,1,
menikmati teman teman seru sekali,0,relabel
"Gede nya mau jd preman perempuan ya nak apa orang tua mu tidak perh didik ya,jng2 orang tua main hp melu2 ya",1,
bunuh sono goblox,1,relabel
paling gak bisa kalau soal musang,1,dataset_research
"emg kmren ada masalah personal sama panda aja itu kesempatan buat dia ngikut, aslinya mah ga beda jauhðŸ¤£",1,tiktok_v2
HOOOOKKKKKKKK CUIHH...,1,tiktok
Happy birthday ya semoga all your dreams come true,0,codemixed
bajingan bolt koneksi kencang mesti restart jam,1,relabel
gigi kamu apanya jigong kondom nya nyangkut,1,relabel
"jujurrlyy jule jugaaa lebihh bersinar dan cantik masyaAllah, sama daehoonðŸ˜­",0,tiktok_v2
USER Untuk mengedukasi manusya2 udik seperti qm misalnya',1,fn_hatespeech_id
tau kan ribka tjiptaning siapa..?,0,tiktok
Jangan lupa sa banyak takehhh healgash,0,dataset_research
semoga kesehatan umur yah nek muda sekali cantik mashaallahhh,0,relabel
foto ini bikin aku kelihatan aneh,0,manual_augmentation
"""Lu bener' ga.kalo sempet nyakitin lora gue santet!!!!!""",1,tiktok_v2
senang pencapaian hasilnya,0,relabel
"USER USER USER Siapa tuh ustad gim gim gitu namanya, lupa aku, yang minta ujaran Cebong dan Kampret dihentikan. Yang semestinya dihentikan adalah ujaran Kafir, Dajjal, dll yang lebih tak pantas. \xf0\x9f\x98\x9b\xf0\x9f\x98\x9b\xf0\x9f\",1,fn_hatespeech_id
artis yang saya kaguminn nikah muda tidak neko2 sayang keluarga sayang suami mengutamakan anak2 tidak puyeng ama dunia hiburan artisann tajirrr mampuss plus tidak alayy tidak aneh2 salutt ama niaa smiga selalu samawa yaa nia and famzz,0,relabel
hp rusak anjing ah,0,relabel
cantik gagah mudahan lancar dampe h,0,relabel
RT USER Jokowi milih yang Cerdas Kali! Bukan anak buatan..,1,fn_hatespeech_id
"Diem-diem bae, Rupiah makin nyungsep atas dolar. sudah tembus Rp. 14.441 aja. Sebenernya gua malah seneng kalo langsung tembus 16 ribu. biar cepet lengser ni rezim kodok!'",1,fn_hatespeech_id
hehee masi aktif kok sudah berpolitik sby aja mundur dulu. Mundur aja pak jenderal gatot. URL,1,fn_hatespeech_id
protes sih protes coba usaha deh usaha pendek ya butuh go international protes kalau pengen ya kaliam go international,0,relabel
saya liat anjing pelacak bantu polisi,0,relabel
kalo bukan karna arahan juga gue ga tau lu Nurul,1,tiktok
kirain org prindapan,1,dataset_research
jefri nikol yg senga aja msh good attitude ðŸ¤£,0,tiktok_v2
giginy keren kek gergaji,1,dataset_research
"Menang di puja, kalah di hujat. Dah mau ngomong itu aja 😅",0,
"""Itu tangan apa paha haha?.""",1,tiktok_v2
"â€œpengen belajar sama karakter iniâ€ TAPI LO GA NONTON SERIAL NYA ABIDZAR, GIMANA LO MAU BELAJAR SAMA KARAKTER INI?!",0,tiktok_v2
Bayu menolak mandi??,1,dataset_research
cantikðŸ¥°,0,tiktok_v2
Saya dulu malas menjemput karena saya malu meminta uang kepada orang -orang,0,dataset_research
Bro was late,0,
eh nyet kalau kamu survey nya kandang monyet monyet yang menang,0,relabel
"Lo itu bau, dekatin aja males",1,cyberbullying_1000
definisi minat ketemu bakat ketemu kerja keras,0,relabel
minimal tidak,1,dataset_research
"""model sepatu itu kelihatan kampungan buat seleraku""",0,manual_augmentation
"""Dia memutuskan menjadi tumbal apartment""",1,tiktok_v2
"""Babi lagi main ma anjing :)""",1,tiktok_v2
ini sih parahh,0,dataset_research
bikin malu anjir si abidzar elah,1,tiktok
agak lain emang??,0,dataset_research
"guys kalian perhatiin polanya ya. mau indonesia ataupun korea.. anak anak yang jadi pelaku itu juga pasti di back up sama orang tua makanya gak ada kapoknya. semoga kita jadi orang tua yang bijaksana dan mawas diri. memang betul saat jadi orang tua.. kita tuh bisa sayang banget sama anak. dunia mau kita kasih. yang miskin aja mengusahakan yang terbaik, apalagi kaya dan punya kuasa. tapi perlu diingat.. karir orang tuanya, nama baik keluarganya akan selalu jadi tumbal dari kurang ajar anaknya. contoh aja, mario dandy. bukan cuma dia, papanya ikut keseret setelah kasusnya disorot. manjain anak itu pasti ada ganjarannya.",0,
HNYA. PRESIDEN SUHARTO YG KAMI RASAKAN KEHIDUPAN BERBANGSA DAN BERNEGARA SESUNGGUHNYA TIDAK ADA PERBEDAAN SUKU RAS AGAMA BHINNEKA TUNGGAL IKA BENAR BENAR DIRASAKAN 🥰 💪🏻,0,tiktok
ahhhh bajingan kontol asu sing asu ki koe sak bojomu sing bosok ki koe sak bojomu,1,relabel
monyet congrats woi,0,relabel
USER Dasar buaya!',1,fn_hatespeech_id
"USER tahun 2019 Rakyat makan ASPAL dan BETON; ini adalah solusi jitu mengurangi kemiskinan; ; KEAHLIAN CEBONG HANYA 1, TUKANG TIPU !!!; cebong mah gitu, goblok nggak ketulungan. Plonga plongo mengakibatkan optimisme berlebihan; ; #2019GantiPresiden #",1,fn_hatespeech_id
Kapan lo sadar kalau lo nggak dibutuhin,1,cyberbullying_1000
karena relawan jaman Jokowi komonis itu menghidopkan komonis,1,tiktok
"""warna dinding itu terasa kampungan di ruangan modern""",0,manual_augmentation
suka sekali rambutnyaa ganteng,0,relabel
USER saya ga habis pikir kenapa fanboy ahok bego bego ya pada ga ngerti sejarah. Gampang kejebak iklan. Maaf ya.,1,fn_hatespeech_id
ariel tatum : harus nyapu gmna lg gue😩,0,tiktok
"Betul. SBY secara objektif lebih mumpuni. Politisi Indonesia terhebat saat ini. Ga kayak jokowi, ga pantes jadi presiden URL",1,fn_hatespeech_id
kamu saja menderitaaa lora anj,1,relabel
USER Betull saya dagang aneh tapi nyata pada masa seharus nya harga 30rb per 1kg itu biasa nya bulan nasional idul fitri lebaran dll lah ini di luar hari trsbt malah 30rb aneh nya beras yang murah ;) rezim aneh',1,fn_hatespeech_id
betul bu relawan itu komplotan atau gerombolan buat apa ada partai politik,0,tiktok
YouTuuuuuuuuuuuuuuuuuuuuuuube! - John RaZeR,0,
"Ngadain diskusi dibilang mau bangkitin PKI ngebelain yg di""pki""-kan paksa dituduh antek komunis.",1,fn_hatespeech_id
1.5jt tayangan 24 jam gass,0,
"""tampilan slide ini aneh karena kebanyakan warna""",0,manual_augmentation
Penting banget to teach kids about respect and empathy from early age,0,codemixed
"Gk nyimak videonya??? Itu orang dulu pernah melatih Korea thn 2014 tapi gagal. Sekarang melatih lagi, gagal lagi. Gimana gk eneg warga Korea. Udah dijelaskan di video masak gk paham????",0,
najis nyooo dosen cabulll,1,tiktok
@ela: Nabi yang serba guna Adam??,0,dataset_research
"yang geli tuh, waktu ada rumor Jens Castrop sengaja gak dimainkan dengan alasan gak masuk akal. dibilang Jens melakukan pelanggaran disiplin, cuma karena dia pakai sendal pas makan malam tim. cuma kayak gitu dicoret dari starting 11. padahal Jens main reguler di Bundesliga.",0,
malah nyalahin Pertamina kocak 😅,0,tiktok
lintang kan udah ada cowooo. ngadi ngadi nih berita,0,tiktok
"Woohoo, lumayan juga ternyata wifi di rumah nih~ \npenolong saat kuota habis sebekum waktunya.. kampret nih tri~ \xf0\x9f\x98\xaa URL",1,fn_hatespeech_id
"Anda didungukan dan diperbudak Islam Bung HNW, Allah SWT bukan Tuhan, sosok dungu & biadab",1,fn_hatespeech_id
sebelm mangap di sikat dulu kale,1,dataset_research
Cakep kek gmn muka kek gibran gitu,1,
"Sebenernya ""teach you A lesson"" itu di adaptasi dari manhwa "" true education"" kalo di Webtoon Indonesia namanya "" the real lesson "" . Emang di ambil dari masalah pendidikan di korsel . Kalau aku udah baca webtoonnya aku blm mau liat filmnya sebelum manhwanya tamat . Tp manhwa ini pernah haitus beberapa waktu bukan untuk season 2 , tp karna ada eps yang menceritakan orang kulit hitam yang kelakuannya di luar Nurul ( di anggap rasis dan eps ini langsung di hapus penulis dan si penulis minta maaf )",1,
ayu janda bodoh punya suami kapan nikah laginya,0,relabel
"aneh bgt blm prnh kesana dan blm berangkat bisa2 nya udh spil ini itu, baru kali ini tau liat org kek gitu",0,dataset_research
apasi anjing terserah saya tidak suka unfoll bebas,0,relabel
"Bisa dilihat dari cara bapaknya menyikapi kasus anaknya yg tkg bully.. alasan kenapa anaknya kek gitu.. tentu salah asuhan. Bapaknya bkn fokus ngedidik anaknya biar tobat, malah menggunakan koneksi dan kekayaannya biar anaknya gak dikeluarin dr sekolah 🙄 No wonder anaknya kek gitu.",1,
petani rugi karena babi hutan merusak tanaman mereka,0,manual_augmentation
kenapa hawanya kayak ngerasa canggung gitu yaa,0,tiktok
Setidaknya kembali meminta maaf oke daripada menghilang dari radar masa tinggal saya tanpa pesan yang Anda ingat mudah untuk bertahan,1,dataset_research
"end end game, pretttttt ðŸ˜‚",1,tiktok_v2
Di antara dia melenturkan/ menipu orang di sana wk,0,dataset_research
"percuma dihujat gabakal di dengerin gess, dia punya uang ðŸ’¸",1,tiktok_v2
abidzar harusnya remake mahabarata,0,tiktok
USER USER USER USER USER USER USER Berarti gk sala cebong pintar2..\nNa klo si KAMPREET gimna..\nDari dulu gk maju2cuma otak udang di pake gede badan doank.. wajarla klo petinggi2 kampret pinda haluan,1,fn_hatespeech_id
"Saya mencoba berlatih kematian saya, tetapi sayangnya saya gagal karena saya agak sedih dan mudah dimaafkan",1,dataset_research
"Gw aja yg bukan siapa siapa ngerasa sakit pada korban buliyying apalagi orangtuannya,",1,
alergi minta maaf,0,dataset_research
"""Bener bener idola, dr musisi yang dipandang sebelah mata sampe buat label musik sendiri, congrats syan""",0,tiktok_v2
"Brengsek jg ya mantan gue. One thing bout her yg gue suka, mulutnya emang ga pernah difilter so gue pasti dpt jawaban jujur dr dia'",1,fn_hatespeech_id
"""Manusia apa bidadari sih herann deh cantik terus ????""",0,tiktok_v2
Fr lol,0,
kiper bajingan,1,relabel
hukumya orang islam pelihara anjing banyak kalangan artis yang plihara,0,relabel
pasangan norakkk,1,dataset_research
USER USER Coba klu bukan petugas partai...sy rasa bisa menjalankan pemerintahan dgn benar dan tdk perlu byk infrastrutur klu sektor yg lain malah nggak jalan kok skrg malah byk hutang dan byk tka yg masuk.pikirkan itu jgn byk pencitraan.',1,fn_hatespeech_id
Aku appreciate feedback kamu it really helped me improve,0,codemixed
"""Bagusan foto pakai masker drpd gak pakai masker""",0,tiktok_v2
skrg orgnya ga nongol apa lagi bikin konten klarifikasi ya?,0,dataset_research
serius pret nyaa secepat inii??!ðŸ˜­ðŸ˜­,1,tiktok_v2
"USER Pemikiran busuk itu membunuh biasa, sekarang ini banyak korban dibunuh ,tentara polisi masarakat juga di bunuh sparatis , picek kah matamu.'",1,fn_hatespeech_id
GEBLEK NGAPA NGETAG ELU YA WKWKWK',1,fn_hatespeech_id
"Ak nek dadi wong tuane korban yo tak kampleng tenan wi pelakune, asli gregetan",1,
orang gila pengen hitz cri tenar rela dipenjara cari sensasi settingan beken sampai hina2 orang astagfirullah sekaya sih orang kaya mulut nya ky sampah tidak sekolah ya,0,relabel
Masukin barak aja ni anak mah..,1,
"Lo itu kayak sampah, ga ada gunanya",1,cyberbullying_1000
"""Mama gigi kalau rambutnya agak pirang tambah cantik dan tampak lebih muda""",0,tiktok_v2
stop munculin ni org gw gedek tai,1,dataset_research
"""@rosameldianti_ kakak foto sebelum ini. kenapa Memeknya Keliatan Tebal???? Memeknya kakak Lagi Bengkak yah???""",1,tiktok_v2
bntr lagi klarifikasi 6 jam durasi,0,dataset_research
udah gw wakilin tenang aja,0,tiktok
bro pikir dia jefri nichol🤣,1,tiktok
Semoga mbk Lisa sehat selalu ya sampai idul Adha ðŸ¤—ðŸ¤—,1,tiktok_v2
sedih ya sekarang ngamen kawinan orang mantan istri mahhhh pesawat jet bhay pelakor n botakbego,0,relabel
"Yakali umur masih muda, bisnis women, suruh ngikutin maunya netizen suruh singel seumur hidup itu lama..jadi pastikan bahagia no 1, kalau dengan punya pasangan buat diri sama anaknya bahagia kenapa nggak , masa lalu tetap ada di tempat khusus di hatinyaâ¤ï¸",0,tiktok_v2
kamu terbaik menghargainya,0,relabel
USER USER USER USER USER USER USER USER USER USER USER USER USER USER Di rezim ini banyak kaum penganut tololisme',1,fn_hatespeech_id
kamu dasar bajingan tidak dipercaya omongannya,1,relabel
Dikit nama juga anak-anak... Kerna dibilang kek gitu.. Makin kurang ajar si anak... Buk.. Ajar anak lo... Jangan sok asik.. Jangan bully anak orang.. Bila di labrak nama juga anak-anak... Semoga anak ibu dibully sama orang lain... Jangan marah ya,1,
"Alhamdulillah dr dlu ga pernah suka ap lg fans sm raffi & keluarga ny, Nepal kan tuh si raffi non skill malah masuk pemerintahan!!!",1,
ni orang jelek tidak obat jj liat ya,1,relabel
USER Apa dia pikir korban yg tewas itu bukan orang??\nManusia sontoloyo kayak gini kok bisa jadi anggota Komnas HAM??\nSaya nggak rela uang pajak saya membayar gaji orang goblok yg tdk memiliki empati ini!',1,fn_hatespeech_id
ngeri kalo ibu-ibu salam interaksi nonton ini ðŸ™,0,tiktok_v2
cokelat racun anjing kucing,0,relabel
yg menolak sweeping pekerja china komunis itu antek komunis bro apalagi yg melegalkan dan membuka pintu untuk mereka bisa masuk,1,fn_hatespeech_id
kereeen nih enak sangat didengernya tidak bosan putar ulang2 yang lipsing2 tidak jelas joget2 begitu,0,relabel
Tidak masalah jika saya seorang pacar karena saya punya teman tetapi jika Anda ingin mengeluh tentang hal itu,0,dataset_research
"yang komen jelek pasti manusia2 yg menuntut dirinya harus sempurna, dituntut pasangan nya harus punya standar cantik indonesia juga. Cinta, congratulations kamu udah aman bgt di luar negeri 🥰",0,tiktok
"Semoga amanah jd pelatih, jangan pernah menyogok ketika sudah jadi pelatih profesional. Jika, pemain tidak layak squadmu terus ada bayaran untuk masuk tim mu. Kamu harus menolak itu.",1,
Спустя 15 лет сам ютуб зарикролили,0,
kakak pintar nyanyi ya syifahadjureal suaranya bagus kak,0,relabel
Gak pemuja gak mulyono nya 11 12 lah,1,tiktok
Biadab banget ini jokowi pasti konspirasi musuh-musuh Islam!,1,fn_hatespeech_id
ayah zize nyindir arhan,0,tiktok
Bubarkan saja sekolah itu yg cuma mikirin duit dan duit saja.sekolah sampah,1,
"minimal ganteng lah, udh aki aki bukannya tobat ga beda jauh kelakuan lu kayak si panda wkwk",1,tiktok
HOLY SHIT,0,
mukanya gak ada enak2nya diliat ðŸ˜,1,tiktok_v2
kasihan yah sudah stress,1,relabel
Sepertinya semua orang dalam foto suamiku dengan fotoku sendiri,0,dataset_research
"Si ibu harus sabar dan tidak perlu emosi ketika menemui anak dajal yg menganiaya anaknya. Datang aja baik2 supaya bisa ngobrol dengan tenang, dan kalau sudah tenang langsung berikan 100 bogem mentah ke muka tu anak dajjall!!",1,
merinding gua??,0,dataset_research
Harus nya sepaket sama tretan muslim diajak juga 😂,1,
😂😂😂😂promosi e keren sihh,0,
Bae ah??,0,dataset_research
"Film terjelek yg pernah sy tonton seumur hidup... Pemainnya amatiran...hanya Roy Martin yg agak bagus... Ceritanya sangat dipaksakan, tak jelas... Alurnya buruk.. Ini seperti proyek video hasil tugas Anak2 SMK....😢 Tapi bisa pula direkom dinas pwndidikan... Nyesal ngeluarin duit untuk nontonnya...",0,
setuju tidak sih si tetap cntik sangat tidak pakai pakai up tidak pakai pakai up pucet sangat seperti tidak makan setahunn,0,relabel
monyet lu songong. URL,1,fn_hatespeech_id
"Judol berhenti setelah budi arie berhenti jdi menteri, logikanya judol itu berhenti karena gak ada lagi Backup dari Budi Arie jangan-janganðŸ˜‚",0,tiktok_v2
USER bajingan presiden',1,fn_hatespeech_id
"""senengnya sekali nyesel nya seumur hidup, miris banget hidup lu tolol meninggalkan berlian yang indah dipandang dan di sayang demi segumpal tai kucing""",1,tiktok_v2
supir di jepang : apaan anjrit kaga semahal itu ege,0,dataset_research
"iya perubahan, contoh nya kayak kemarin kan yahh udah bagus timnas udah naik dirubah biar lebih buruk ga boleh bagus bagud timnas indo yah erik",1,tiktok
dah tau kan makna dari kata-kata beliau?,0,tiktok
ooo diganti lagi libur lebaran; 13 - 21; diubah 11 - 20; sama aja.. pasca lebaran nya dikurangi..; masa hari senin harus balik; tgl 18 + 2 hari dijalan kalo ga macet = tgl 20; sama aja itu bego !! ; H + 2 Bakal menumpuk; presiden bego..,1,fn_hatespeech_id
"""bego banget gue kira itu hari Sabtu""",0,manual_augmentation
Korea bagus cuma pas zaman Park Ji-Sung. Apalagi semua orang tau sebagus apa park Ji-Sung. Ditambah masa itu pelatihnya bener2 luar biasa. Sekarang dengan skuad bagus banget malah 32 aja kagak masuk.,0,
kurus cantik kaya berbie bgt si Tasya,0,dataset_research
membuat masyarakat terpecah belah,0,tiktok
"USER JOKOWI ITU BAIK, NGIBUL NYA ITU YG JELEK, semoga #2019GantiPresiden Amin ya Allah",1,fn_hatespeech_id
Gini aja bu. Anak ibu suruh latihan keras latihan fisik. Sehari minimal 1 jam. Genjot latihan selama 5 tahun. Terus ajak duel tu si pelaku. Saya jamin habis tu pelaku,1,
RT USER pendukung Ahok pada ditangkap semua.. Dijaman jokowi pula lagi...,1,fn_hatespeech_id
username ka bella sholehah penghasilan cantik allah kasih jodoh,0,relabel
cewek gatau nih ngerebut pacar orang sudah abang yang ngedukung sifat jeleknya lagi ckck,0,relabel
Seperti tapir wkwkwkww,1,dataset_research
Dari mukanya aja sudah kelihatan ðŸ¤£,1,tiktok_v2
anjing tetangga suka menggonggong malam malam,0,relabel
USER IYA BENER!!\nNYUAP MAKANAN AJA DI VIDEOIN..\nCONGOR LU KEMANA2 BANGSAD JIJIK\n\nMENDING KALO MAKANANNYA DOANG BISA BIKIN LAPAR LAH MULUTNYA YG DI VIDEOIN EWW.. \xf0\x9f\x98\x91\xf0\x9f\x98\x91',1,fn_hatespeech_id
astagfirullah kang Taemo bukan kang parkir 🙏,1,tiktok
jule ga kasian sm suami ya,0,tiktok
USER USER USER USER Muke lu mirip monyet',1,fn_hatespeech_id
life skang aku simplekan je aku tak suka aku tak layan itu je penat nk jaga hati org je pikir diri sendiri dlu,1,dataset_research
"USER USER USER USER USER si cebong sudah kebanyakan makan tahi jokowi, dia baru sadar kl nanti jokowi sudah mengumumkan INDONESIA dirubah menjadi INDOCHINA,,,'",1,fn_hatespeech_id
suka sekali pasangan semoga gigi raffi keluarga sakinnah mawaddah warrahmah semoga pihak2 memisahkan jodoh maut memisahkan amin,0,relabel
"""antrian tadi bergerak lambat seperti siput""",0,manual_augmentation
"""Mbak cadel yg bangga dengan cadelnya,, Harusnya sih kasihan karna cadel tapi lama"" jadi jijik kenapa gak sekalian bisu aja""",1,tiktok_v2
paling gabisa kl soal badak bercula 1,1,dataset_research
USER USER najis bngt lo berdua kenapasi bully adek atip\xf0\x9f\x98\x9e',1,fn_hatespeech_id
"bro mslh kita bpnya aja jgn bwa""anaknya woyðŸ—¿",0,tiktok_v2
"""Lagu lu ga ada yang laku ya mel??""",1,tiktok_v2
Lo itu snake in disguise gak bisa di-trust,1,codemixed
kakak sudah cantik sii cantikan kalau pakai hijab,0,relabel
"dia klarifikasi karena takut kena bully, gak dapet kerja dan dikeluarkan dari kampus. bukan betulan menyesal",1,tiktok
"""Sumpah si kak, kemeja jeans bikin keliatan seger bgt mantap mantap""",0,tiktok_v2
Innalilahi wa innailaihi rojiun RIP HUKUM di INDONESIA 👎🏻⚰️🥀📴,0,tiktok
kok berasa kayak nadia omara... promo film diceritain di awalnya kayak cerita kisah nyata,0,
"USER Iya kan dia minta klarifikasi, kalo masih di deny, hantam aja dsr terkutuk'",1,fn_hatespeech_id
Lo itu so poor sampai baju aja gak punya yang bagus loser,1,codemixed
dasar bajingan hilang kepercayaan berkat kamu sial,1,relabel
suka sangat sama pidatox dia pembawaanx begitu elegan n brwibawah pntas memang dia mdptkan salut,0,relabel
paling gabisa kalo soal soflens relaxa,1,dataset_research
"pengen deh kayak cinta,keluar negri +kerja disanaðŸ˜­",0,tiktok_v2
pagi pagi sudah babi,0,relabel
"""babi dapat hidup di lingkungan lembap""",0,manual_augmentation
"PROYEK SARACEN UTK GANJAL PELANTIKAN ANIES MSH TERUUS.... Temuan Baru Kasus Saracen, Ada Foto Tokoh partai politik",1,fn_hatespeech_id
semangat ferdian tidak usah dengerin orang hujat manusia luput kesalahan,0,relabel
pens lonte jangan takut listi miskin karena dipecat karena bisa kaya lagi dengan ya nglonte,1,relabel
Kenapa setelah peristiwa 98 Prabowo diberhentikan dari TNI? Dan kabur ke Jordania? Ada yg bisa kasih penjelasan?,1,fn_hatespeech_id
No way Youtube really got rickrolled 😂,1,
udh keliatan sbnrnya bisa diliat dr gaya bicaranya wkw,0,dataset_research
"""kesini cmn mo liat komen aja""",0,tiktok_v2
kontrak selesai dan mission failed ðŸ˜¬ðŸ˜…,0,tiktok_v2
USER USER USER USER USER y anjr bacot amat lo pengantin /tendang gaun nya/ #DAYEZSAH',1,fn_hatespeech_id
Baiknya dilakukan jg di tiap Provinsi.,0,
RT USER: Idk man bila kau baik sgt org pijak kepala but when kau buat kepala org tak puas hati bodo tul',1,fn_hatespeech_id
siapa disini yg ga kaget?ðŸ¤£ðŸ™,0,tiktok_v2
Setuju bgt 😭,0,
Megawati juga.jadi presiden bukan pilihan rakyat.kudeta Gus Dur.indosat d jual aset negara yang d jual berapa banyak itu,1,tiktok
Ku akui kau memang manis\nTapi kau iblis\nKau pikir kaulah segalanya.....',1,fn_hatespeech_id
kenapa ya cwo kalo habis akad suka nangis. suamiku jg begitu. tp aku nya malah cengengesan,0,tiktok
"USER :') u tau dia duduk bareng sama keluarganya aja vibe nya holkay bgt najis""",1,fn_hatespeech_id
"gimana kirim singanya , org singa hewan buas",1,dataset_research
"kaya gini di hujat ? ini cantik bgt woyy kulitnyaaa 🔥 , heran bgt definisi cantik harus putih 😒",0,tiktok
"USER USER wes lemu, ireng, kafir sisan\n\nasu'",1,fn_hatespeech_id
username eh situ kids jaman now ya kebanyakan micin mana yang ngina bodoh dipelihara,0,relabel
"""sepatuku kelihatan aneh dipakai dengan celana ini""",0,manual_augmentation
kget njir liat cinta skrng kek gni😭,1,tiktok
orang kebanyakan makan taik ya gini otaknya sudah penuh taik jadi tidak berfikir positif berbicara saja tidak bermoral dasar kaum2 laknat banci anjing kbanyakan burit sih kamu jadi stres manusia ogah jumpa kamu anjing anjing yang ketemu kamu taik,0,relabel
Coba dehhhhh â€¦â€¦.Ke salon ?? ðŸ˜,1,tiktok_v2
Yg buat sesah kluarkan dari sekolah...perempuan...kok sok an jd preman...,1,
USER USER USER Loe Cebong dongo ya.... wkwkwk',1,fn_hatespeech_id
Mantan itu sampah 🗿,1,
USER Rezim ini emang keliatan anti islam,1,fn_hatespeech_id
ribet mirip sudah saja kamu,0,relabel
"Netizennn Indonesia mah dilawannn, kalau masalah ngotak ngatik mental orang mahh no 1😂😂😂... Abis chek out trus cancel, mampusss gak luhhhh 😂😂😂😂😂",1,
USER anak setan',1,fn_hatespeech_id
3 days ago is crazy,0,
"""Njr melet melet gw kirain hewan""",1,tiktok_v2
tebak isi pikiran mbak aril,0,tiktok
di UIN kalau dosen waras malah ga dikasih jam ngajar. Btw mahasiswa  juga banyak yang eror. emang kampus aneh itu,1,tiktok
can confirm: he never gave us up,0,
"""berita siang ini menyoroti konflik warga dengan monyet liar""",0,manual_augmentation
aku jelek dan aku bangga,0,dataset_research
cantik sekali semoga sehat kakak panutan,0,relabel
masalah,0,dataset_research
"""Alasan setan ama setan, KARNA KALO SETAN SAMA BIDADARI, SAYAPNYA RONTOK, DICEKER, DIGIGIT, DIJAMBAK2""",1,tiktok_v2
"Aku dahulu waktu di SMP thn 73 sering di buly, karna bdn ku kurus tp aku pintar di sekolah maka aku dibuly bagi yg sirik. Kerna tdk thn aku pindah sekolah. Allhamdulillah hidup ku sukses dan dapat kan suami ygh sangat mencintai ku. Dan anak2 ku pun sering dibuly jg disekolah... Alhamdulillah 4anak ku sarjana sampai S 2. Berhasil semua bekerja sesuai dg jurusan nya serta halal. Orang2 yg membuly mereka pun pada putus sekolah jadi susah hidup nya.. Sekarang mereka pada malu ketemu dgh anak2 ku. Jadi aku saran kan anak2 yg kena buly, berdo'a dan berserah diri pada Allah. Biar kan Allah yg bekerja, mereka insya Allah akan menerima karma nya.",0,
"""udah buriq brengsek pula pantes aja dapet lonte""",1,tiktok_v2
"BANG LU GW UNFOL, GW NYESEL BGT DLU DH DUKUNG LU SMAA AJA LU SMA SEBELAH EELAHHHH",1,tiktok
"""kampret, aku terlambat bangun""",0,manual_augmentation
"emg kmren ada masalah personal sama panda aja itu kesempatan buat dia ngikut, aslinya mah ga beda jauh🤣",1,tiktok
Lo itu bau banget smelly kayak sampah please mandi,1,codemixed
kamu idiot tetapi kamu bajingan anjing taik babi nenek kamu kakek kamu ayah kamu nyokap kamu anjing,1,relabel
USER Ente aja ga suksreb bajingan.',1,fn_hatespeech_id
Orang tua mana yg ga sedih dan marah anaknya dibuli apalg sampe dianiaya😢,0,
terima kasih username keluarga memilih plataran darmawangsa acara keluarga staff plataran darmawangsa terkesan menunggu kedatangan keluarga sehat keluarga amin amin ya rabbi,0,relabel
𝐬𝐢𝐥𝐚𝐧𝐚𝐧𝐠 𝐛𝐞𝐝𝐚 𝐛𝐧𝐞𝐫 𝐤𝐞 𝐥𝐚𝐧𝐠𝐢𝐭 𝐝𝐚𝐧 𝐭𝐚𝐧𝐚𝐡 𝐥𝐢𝐚𝐭😏😂,1,tiktok
Bahas Islam merusak nilai USER penguatan karakter melalui revitalisasi pendidikan nilai,1,fn_hatespeech_id
20THN Saya ingin menikah 23 dari Gini 23THN BLI 23THN BLM pada SI 24THN,0,dataset_research
kasus perundungan di UNUD om,0,tiktok
"""aku tampak capek sekali di rekaman tadi""",0,manual_augmentation
sains yang hebat membantu anak2 bahwa usul manusia bukan dari keturunan monyet tetapi keagungan ciptaan tuhan,0,relabel
Viralin bu liatin mukanya,1,
Petition to make this the national anthem of the internet,0,
"""Semangat mel, bahasa asing mah yang penting kita berani pasti entarnya bisa""",0,tiktok_v2
bu username cucu bikin hati gembira ngangeni kadang kangen keceriaan salam kangen cucu2 tercinta,0,relabel
Kelanjutannya ceweknya minta maaf langsung ke rumah fauzan https://youtu.be/RZ40anHeu1E?si=4TjPXohD5hmJ6leK,0,
Doamat lah negara rasis ini,1,
Manusia validasi??,0,dataset_research
"Selama tdk ada proses hukum, selamanya ga akan selesai kasus bulliying",0,
ga keluar sama sekali auranya😭,1,tiktok
Ariel tatum capek banget pastii 😭😭 nyapuuu muluuu,0,tiktok
Makan menjadi enak lagi nih ada podcast cahaya besar lagi,0,
besok untuk merayakan kemerdekaan RI kami ingin menonton film ini stlah perlombaan 💗 jadi tidak sabar deh..,0,
siapa disini yg ga kaget?🤣🙏,0,tiktok
KFA mirip sama federasi di suatu negara ......,0,
prettt bgt dah,1,tiktok
sukses kak ayu semoga senantiasa naungan allah swt sehat amin,0,relabel
USER biar aja biar tai nya kena bapak lo itu ya. Loh tuh kan gak suka sm ahok jadi biar loh sm bpk loh sm ibu loh kena tai nya.,1,fn_hatespeech_id
dikasih bidadari pilih sampah,1,relabel
Jangankan pegawae bantuan ajaklo ga dekat sama RT ga dapet walao pun lasia ga makan ga dapetklo ga dekat SMA rt,1,
"pertamina : ""lah anying kan lu yg nyuruh dan bikin aturan njir, ngapain malah lu nyalahin gw"" 🙄",0,tiktok
"""Aku doakan perempuan baik yg bernama Nagita selalu sehat, bahagia lahir batin, dan banyak yang sayang sm dia..""",0,tiktok_v2
"Kadang orang tua selalu melindungi dzn membela anak nya,mskipun sang anak salah..!!😤",0,
film ini jelek alurnya tapi sinematografinya bagus,0,manual_augmentation
"Saya bukan orang tua korban aja kesal ,,, mudah mudahan di proses hukum jgn pandang usia Krena pelaku terlihat tidak punya perasaan",1,
Mana Pansus DPR Hak Angket Divestasi Freeport?\n\nButakah anda divestasi freeport dgn schema kredit perbankan adalah modus keruk rente rezim untuk logistik pilpres dan perkaya diri oknum penguasa ?!',1,fn_hatespeech_id
Rezim sipil yg mengerikan saat ini bs kita lihat pd kepemimpinan seorg rezim sok rkyt pdhl sesungguhnya anti rakyat dan umat islam,1,fn_hatespeech_id
#MataNajwaDebatJakarta kalau untuk urusan bacot memang anis nya juaranya..memang kita bakal makan bacot di jakarta..haha..paslon yg aneh gede bacot doang.,1,fn_hatespeech_id
downfall era rul? definisi makan ludah sendiri hahahaha,1,tiktok
Aku penggemar mie burung dara Enaknya nyambung terus,0,dataset_research
Narsissssssssssss,0,dataset_research
Kamu emang nggak layak dapet yang terbaik,1,contrastive_dataset
username astagfirullah mbak tolong ucapannya dijaga ya allah menciptakan manusia sempurna mbak ngomongnya mirip begitu aurel cantik wajar manusia kekurangannya mbak ashanti wajar belain anaknya caper ya mbak sia,0,relabel
kdng ke sialan dan kesusahanmu menjadi sumber rejeki untuk orang lain. itulah nmany ujian. ttp berbaik sangka apapun keadaany,0,tiktok
proud of u zah aku tau km kuat â¤,0,tiktok_v2
seharusnya klo belum tau betul jelasnya jangan di bikin konten bang .. mendingan buat konten nya kalo udh dr jepang baru ceritaa kan malu sendiri kan,0,dataset_research
Movie yang kemarin kita watch bareng bagus banget sih,0,codemixed
USER Pak USER tugas Kementerian Agama membongkar penipuan Islam agar Indonesia cepat bebas dari Islam,1,fn_hatespeech_id
"""Udah gila sekarang ini orang wkwk, udah jomblo jadi psikolog ga laku, ya jadilah seperti itu""",1,tiktok_v2
kulitnya idaman para bule☺️,0,tiktok
Wajarlah ibunya begitu.. Orang tua mana yang gak sakit hati setelah tau anaknya diperlakukan begitu. Semoga pihak yang berwajib memberi hukuman yang setimpal buat pelaku. Benar benar rusak moral anak jaman sekarang,1,
hhhh anak kampung,0,dataset_research
RT USER presiden buta tuli makanya memimpin dg tubruk-tabrak dan budek denger rakyat teriak lengserkan jokowi,1,fn_hatespeech_id
mirip ursula di little mermaid,1,dataset_research
Berarti aku bener dong jawab cowok dapet 2jt nggak nih,1,dataset_research
Satu org lagi pengasuh pengasuh anaknya lala..jd pjbt BGN,1,
mukanya kuning sekali kaya kunyit,1,relabel
"Jalan-jalan sore, udaranya segar banget",0,cyberbullying_1000
lari jantung pecah anjing,0,relabel
Kayak nya bloon banget tuh mukanya,1,
"neneknya bego. ""namanya anak2."" coba klu cucunya yg d gituin pasti udah mencak2. laporin aja secara hukum Bu..biar tau rasa",0,
"lawan nek yg bully cucu nya, datangi org tua anak yg bully. sehat trs ya nenek, moga rezekinya lancar. yurika yg sabar ya tetep rajin belajar",0,
true youtube never even!,1,
pilih iblis bidadari haha,1,relabel
dia pikir kita sebodoh pendukungnya!. ðŸ˜©,1,tiktok_v2
USER USER USER USER Maksud gua ngatain USER yg goblo!!! pak jokowi selama ini bayar utang SBY jadi utang itu yg bayar pasti presiden berikutnya.,1,fn_hatespeech_id
Orang tua mn yg terima anknya d bully..jd wajar klo beliau marah,1,
"STOP MENTION KUDA LUMPING, masih tidak nyangka pikiran orang bisa pada sampe ke kuda lumping 😭",0,tiktok
dia sama ricis sama aja,0,dataset_research
hai salam kenal pending dpnya cantik orang pending ngapain nih pending dasar anjing delivered,0,relabel
aneh bgt anjir si bayu,1,dataset_research
hati gua berisik bgt,0,tiktok
"USER Akun Siti Fatimah &amp; yg komen di lamannya, diringkes semua aja...parah &amp; bejat. Memalukan...!!! Bp USER ...semoga sehat selalu, tetap sabar , &amp; semangat terus suarakan kebenaran....'",1,fn_hatespeech_id
USER USER USER USER USER Hadeh USER jujur sama diri sendiri walau bisa bohongi,1,fn_hatespeech_id
kamu sosok menyenangkan senang denganmu,0,relabel
Good luck,0,
vnagstn astaga si isyana keren sekali musisi lokal selera musiknya mirip gini,0,relabel
anjing saya tidak ngerti kamu,0,relabel
happy birthday cantik semoga kedepannya sukses,0,relabel
Itu baru di Sul Teng.. !!!; Ini ekses akibat tersandera hutang china !!!; #2019GantiPresiden; #2019PresidenBaru ; #2019TetapJokowiGanti,1,fn_hatespeech_id
Siap2 kita akan belajar bahasa India. Nehi nehi,0,
Beneran anak seumur gitu sampe nginjak2 leher ? Gilaaaaa gede jd apa itu ?! Psikopat ?!,1,
mengganti logo berharap bisa masuk GerindraðŸ¤£ðŸ¤£ðŸ¤£,0,tiktok_v2
"""monyet itu memegang botol air milik pengunjung""",0,manual_augmentation
"Depok pun hari ini baru selesai nobar,kami dari SDN baktijaya 6 Depok,semoga kasus seperti ini tidak terulang kembali",0,
jangan sampai rakyat yang menyukai pak harto ambil tindakan sama yang suka jelek-jelekin pak harto,1,tiktok
aki-aki bukan sembarang aki-aki ya ges,0,tiktok
USER Setan si lu ya',1,fn_hatespeech_id
bangsat alay tenan asu,1,relabel
AHOK KAFIR DAN BUDAK2NYA ATAU ANJING2 NYA HANYA SEBAGAI SAMPAH AGAMA ISLAM DAN SAMPAH MASYARAKAT,1,fn_hatespeech_id
mantan bangsat,1,relabel
suruh jawab salam pun susah ke anak babi ni eii babi nya jeezzzz',1,fn_hatespeech_id
kerjasama tim solid hasilnya memuaskan,0,relabel
supir bang?,0,dataset_research
JELEK BGTTT PUBLIC SPEAKINGNYA BENER BENER JELEKKKK PLEASSSS LO TUH DIBAYAR PH BUAT MAIN FILM TAPI KENAPA BLUNDER MULU SEOLAH-OLAH LO GA PERLU PENONTON. BODOH BANGETTT ðŸ˜­ðŸ˜­ðŸ˜­,1,tiktok_v2
manis sekali mbak gigi masya allah hamil bersinar,0,relabel
merinding gw ??,0,dataset_research
"""Pakaian apapun yg dipake mama gigi selalu keceee""",0,tiktok_v2
anjing tidak mutu sekali kamu,0,relabel
USER USER USER USER Itu cebong dongok sensi amat mas \xf0\x9f\x98\x82',1,fn_hatespeech_id
"Dasar bego lo, otak lo emang di dengkul",1,cyberbullying_1000
"""Semangat bang, walaupun banyak orang yang ngejudge lu. Jangan peduliin mereka""",0,tiktok_v2
INI KULIT YG AKU MAUUUUUUUUU,0,tiktok
"""aku tampak capek banget di foto tadi""",0,manual_augmentation
aura jokernya mulai keluar nih,1,dataset_research
"""istilah norak pada ulasan ini membahas dekorasi panggung""",0,manual_augmentation
username tai kamu gedein bagus pupuk jangan bacot kamu goblok nih cewek kenapa bawa2 suku,0,relabel
dadddd semoga datang yaaa papa papa diluar semoga sehat saksi anak anaknya menikah aamiin,0,relabel
hijrah tetapi melihat video polisi jadi kaga kaya anjing,0,relabel
Real aki aki pansos kaga malu dahðŸ˜‚ðŸ˜‚,1,tiktok_v2
Sangsinya Pecat aza terus jeblosin ke penjara biar tau rasa tuh si setya novanto,1,fn_hatespeech_id
"terus labrak Bu dan lapor polisi,lihat cara bales sapaan ibu yg labrak tuh masuk berlindung masuk kerumah bilangnya masuk aja sama yg labrak pokoknya labrak terus bu",0,
saya liat monyet kebun binatang lucu sekali,0,relabel
"Ini hanya salahsatu cabang masalah di bidang pendidikan sosial belum masalah yg terjadi di ekonomi, politik, budaya, dll Masalah cabang itu hanya bisa selesai ketika syariat Islam diterapkan secara kaffah dalam kesatuan Negara",0,
"""MATI KAU NAJIS KONTOL BANGSAT MATI KAU""",1,tiktok_v2
Turun untuk memperpanjang delist deCelfity memberi Anda uang,0,dataset_research
"""goblok, aku belum backup file penting""",0,manual_augmentation
pelaku mukanya ky pria 😢,1,
Kampret😂,1,
"""Yang sabar yah,tetep semangat ngejar karirnya jangan dengerin kata orang mereka Cuma bisa ngebacot di komen doank""",0,tiktok_v2
USER ngmg apasi kntl',1,fn_hatespeech_id
judol judol,1,tiktok
"USER Tai bet lu, Dit'",1,fn_hatespeech_id
Kaya ninja hatori,0,dataset_research
ketika anjing lagi milih tuan yg ingin mengadopsi nya,1,tiktok
"""mukaku kelihatan aneh kalau pakai kamera belakang""",0,manual_augmentation
"USER USER mana gua menghina agama lain? Hahah otak model cebong kapir emang ngeles mulu, nyata2 lu yang hina2 islam. Sok mau ngatain agama orang aja bawa2 data, padahal otak gak nyampe dari awal. Goblok lo cebong kapir kebanyakan makan taik ah",1,fn_hatespeech_id
motivasi aku ka maudy cantipp sangat,0,relabel
"even dia ustaz, berserban berjubah putih, tapi kalau drive macam celaka, dia tetap tergolong dalam golongan babi ya anak anak.'",1,fn_hatespeech_id
"trnyta kerja apapunn di korea salah satunya futsal/idol (appun kerjaannya) klu salah dikit di kritik habis habisan gila jg si mnurutku, indonesia ada kek gni tp ga separh korea. Sedih si gmn korea ke depannya ya klu rakyatnya membuat kesalahan, apakah akan ada rakyat mentalnya kuat klu jd pemain bola/idol kedepannya 😢😢 satu sisi idol bnyk bundir itu krna kesalahan fansnya yg hujat, menurutku ini udh prh bgt korea negara maju tp bikin org hidupnya sengsara dgn hujatan walaupun org itu udh KERJA KERAS demi negaranya.",0,
"pak Soeharto lah yang menghidupi rakyat dengan ilmu pengetahuan,,,✅👍",0,tiktok
"""monyet kecil itu mengupas pisang sendiri""",0,manual_augmentation
wednesday ketika gen bapakny dapat semua,0,dataset_research
"buset, kaget",0,dataset_research
"Bener banget, untung aku sudah putus. Mantanku kasar banget, aku gapernah di bentak di keluargaku bahkan main fisik pun gapernah, eh mantanku ini kalau marah ngebentak sambil nunjuk nunjuk terus ngelempar barang padahal karena dia salah yaitu selingkuh tapi marahnya gila, hampir aja aku yang kena lemparan barangnya, bahkan pernah mukul tembok terus kata katanya kasar. Aku putusin eh gaterima malah caci maki aku, terus ngirim video dia bugil pakai hp yang aku kasih pinjam ke dia, gila aku di lecehkan banget sampai trauma. Hpku ngga dikembalikan, masih untung dia ngga dihabisin sama papah ku",0,
"""ERICK GOBLOK,MALAH PACARAN AMA LONTE ANJ,SO BAT""",1,tiktok_v2
jangan lupa kan jejak digital nya. Ruhut juga ini menempati diri pada penguasa. supaya tetap eksis 🤣,1,tiktok
tidak ngerti kenapa sih sekarang jadi musuhan gini padahal sering main sama2 karena beda manusia kamu monyet tetapi salahkah kita berteman,0,relabel
"Lg bagus2 nya tiba2 di ganti, jdi ingt negara mana yah Hahah",1,
cita cita pakboi eh narkoboy nasib nasib,1,relabel
minimal punya otak dek,1,dataset_research
Statement lain: ?Presiden diktator?.; Diulang2 lg oleh kelompok tertentu.; Lo punya smartphone kan? Harusnya lo smart.; Liat ciri2 negara yg dikuasai diktator: Korea Utara.; Googling semua keadaan di sana.; Silakan bandingkan dengan Indonesia.; Masuk akal,1,fn_hatespeech_id
bang lu cakep kok.. kalo diliat dari inti bumi????,1,dataset_research
"USER Halah bacot, mulut lelaki terkadang selalu begitu~~'",1,fn_hatespeech_id
USER Berani bayar brp lu ketek onta',1,fn_hatespeech_id
"Penyesatan ini harus diluruskan, Allah SWT tidak ngajar bangun keluarga, tapi cocok2 penis",1,fn_hatespeech_id
Serius nanya ada yang mau nonton?,0,tiktok
"zize,jule,nisa,luthfi,bikin gc sana",0,tiktok
Kampseupay Loe,1,dataset_research
"USER Prabowo yang memaksakan diri, sama pendukung ultrasnya. DIkirain opsi presiden cuma prabowo doang kali",1,fn_hatespeech_id
Alhamdulillah akhir nya Fiki naki nikah semoga samawa.🥰,0,tiktok
semangad apa yg di katakan hatters itu BENAR,1,dataset_research
USER USER USER USER Kampret tolol!!\nOrang kayak lo tu paling susah... Kagak ngerti2\nLo kalo copas gitu yg lkp... Males gwe bahasnya terlalu sering.. nyodorin kok copas gbr tanpa tau dr mana sumber nya.. payah',1,fn_hatespeech_id
"USER Maaf saya menilai ucapan BAPAK HIDAYAT NUR WAHID yg terhormat itu sebagai gambaran betapa munafik, picik dan kotornya hati anda.'",1,fn_hatespeech_id
"melihat komen"" aku jadi ingat kata Namjoon BTS "" kita tidak jelek,kita hanya terlahir di masyarakat yg pintar menghakimi""
love your self cintaðŸ’œðŸ’Ÿ",0,tiktok_v2
menikmati denganmu kamu menyenangkan,0,relabel
podcast sana sini ehðŸ¤£,1,tiktok_v2
Good job! Hasilnya keren banget bro,0,contrastive_dataset
mentang mentang kamu anak gaul pas dikejar anjing lari bilang saya kabur bilang wow begitu,0,relabel
RT USER USER Istimewanya orang ini dimata Jokowi. Tp publik tdk akan tertipu oleh penyamarannya. dukung perppu ormas,1,fn_hatespeech_id
jelek mah jelek aja... emang tim lain lebih bagus. so iye Korea...,1,
tidak jadi beli takut ketularan lonte nya,1,relabel
Sedikit sedikit lapor apa gak ada habisnya ini rezim jokowi? Aneh. URL,1,fn_hatespeech_id
Budha Yg teroris URL,1,fn_hatespeech_id
Filing q mengatakan knp Jordi berubah membenci Ruben dan lebih condong ke pihak Sarwen mungkin d karnakan Ruben menjadi mu'allaf.,1,
anjjj lah cowonya. gregetan sendiri. cewenya jg denial parah tingkat dewa,1,
mirip ragill,0,dataset_research
"USER USER USER USER Waaah ibu kau si P3R3Q gerwani di g3nkbenkz BABI sipit..??? Bijimane bentuk adikmu nanti ya choong...?? Kau aja udah hancur hasil di3nth0t kuda,,, bijimane sama BABI cipiit??? Ngooaaahahaaa fantas",1,fn_hatespeech_id
"banyak hafalan surah Alqurannya > Termasuk ayat-ayat: Perangi, bunuh, dan penggal kafir dan juga ayat cocok2 penis.",1,fn_hatespeech_id
geli bang buset dah,1,dataset_research
kamu monyet mnusia,0,relabel
ðŸ¤£ðŸ¤£ðŸ¤£ðŸ¤£ cuci muka cuci tangan cuci apa lagi,1,tiktok_v2
kamu berbakat hasil kerjamu,0,relabel
"""Udah ada berlian malah milih batu nisan""",1,tiktok_v2
bajingan wasitnya ckckckck,1,relabel
Padahal dia jelek kerempeng juga. Kenapa nggk dia yg di buly,1,
monyet suka ambil barang orang,0,relabel
dia nangis knp aku juga ikut tidak nangis ðŸ˜‚ apakah aku harus pura2 nangis ðŸ˜‚,0,tiktok_v2
"nah loh, giliran datanya kesebar baru deh buka mata ðŸ—¿",1,tiktok_v2
"Itu bukan anak2 lagi, wajahnya aja udah ke ibu ibuan, jgn kasih kendor Bu, bawa aja k polisi",1,
Info merusak ketakutan,1,dataset_research
USER Hauahahaha muke banci kecoa kafir z\xf0\x9f\x98\x82\xf0\x9f\xa4\xa3',1,fn_hatespeech_id
Emang mantap sih lintang,0,tiktok
sesudah kejadian ??,0,dataset_research
Ariel: geramnye aku,0,tiktok
"Gak Suka sih lihat Mahluk Yang 1 ini, Gak tahu diri gak sadar diri Ruben ½ mati ngidupin dia dri bocil sampai kuliah... mejijikan ni lihat si jordy ini",1,
Lebih baik MUKMIN YANG ADIL daripada musyrik atau kafir yang zhalim.,1,fn_hatespeech_id
Muka nya itu lo kayak ga punya salah apa2 pdhl dia yg salah mlh dia yg di belain,1,
RT USER USER USER Baru 3tahun dah segitu ya bentar lagi lewat utang sby njiiieng,1,fn_hatespeech_id
RT USER: Pe Ka eS lagiiiii...!!! USER gitu lho... Partai Kampret Sejati URL,1,fn_hatespeech_id
"Ga ada yang editin, jadi edit sendiri ðŸ˜­",0,tiktok_v2
"takut sama kekuatan netijen yaa,makanya langsung nongol😁😂",0,tiktok
Laporin polisi bu.. Biar kapok.. Sok jago,1,
abizarrrr foto lu noh di twitter masih adaa 😭😭😭,1,tiktok
ciah dihujat 1 indonesia sampai bunuh ya komtoll belum puas nguat kauuu,1,relabel
"STY: Gw udah carry timnas Korsel sama Indonesia sama sama dibuang, apa sih maunya 🤬 !",1,
"""WADUH MALAH LEBIH GANTENG ANJINGNYA. EH EH BAHKAN LU GA PANTES DISEBUT ANJING. ANJING KAN SETIA PANTESNYA SIH BABI HAHAHAHA""",1,tiktok_v2
USER USER USER USER gak kepilih lagi nich kalau nyapres,1,fn_hatespeech_id
"Pssi selagi exo masih orang lama. Jangan berharap indonesia bisa berprestasi karena mafia ada disitu untuk jual match dengan banyak cara, ada kongkalikong dengan pelatih, suap pemain agar main jelek gak maksimal dll",1,
Ini adalah pemborosan masyarakat,1,dataset_research
USER CAIR LAH KAU YA ANJING SYIAH....?? KENYANG KAU MAKAN UANG REZIM PKI... dasar SYIAH HARAM JADAH KAU ANJING...\xf0\x9f\x98\x82\xf0\x9f\x98\x82\xf0\x9f\x98\x82',1,fn_hatespeech_id
USER Mantap selamat utk #2019GantiPresiden #2019PresidenBaru,1,fn_hatespeech_id
anjing kek tidak ada akhlak sangat,0,relabel
monyet kamu diandalkan,0,relabel
Tidak tahu Malu,1,tiktok
"""meja kerja saya berantakan seperti kapal pecah""",0,manual_augmentation
melet terus setan kaya ular,1,relabel
Yes YouTube he did,0,
bikin gaduh negri ini,1,tiktok
USER USER Emang jadi sampah itu hina banget....apalagi sampahnya orang spt km.....',1,fn_hatespeech_id
mirip petrik,1,dataset_research
eh kek penampakan lonte,1,relabel
Sama banget aku dn Yurika dulu aku di bully pas kelas 1 dn ak murid baru dn tmn tmn ak bilang iii yoshi mirip babi aah Yoshi mirip anjingg aah tasnya bekas ya pasti?! Wkwk Kasiaan habis itu kan krn ak baik jadi di sayang guru mala temen aku bilang bisa GA SIH GA USAH CAPER SAMA GURU! ALAY LU ak diem aja gaberani lawan dan pas aku mau ngumpulin tugas kaki nya tmn aku di lebarin jadi aku jatuh dan dia bilang upss sengaja pas aku bilang ke mamah aku dia kan di suruh minta maaf sama guru aku dan setelah itu dia bilang ke temennya ih yosi aduan padahal cuman bercanda lembek bgt jadi cewek alay,1,
USER Apasi anjing lu lebay geblek',1,fn_hatespeech_id
BESOK AKU NOBAR BARENG 1 SEKOLAH KIRA² GIMANA YA CERITANYA 😊,0,
Belajar memancing... ???; #fishing #rihlah #arisan #2019GantiPresiden @ Pondok Lawu Cisarua,1,fn_hatespeech_id
"Gila, ini bapaknya aja udah gak bener. Pantes aja anaknya kek gini.",1,
"""Hbd mbak mel tambah cantik di panjangkan umurnya dan sehat selalu""",0,tiktok_v2
"mau"" nya lagi si lintang sama aki aki🤣",1,tiktok
Your ads that destroyed ones ability to rick roll someone is a travesty the universe cannot forgive.,1,
kambuh lagi,1,tiktok
berlagak seperti korban?,0,dataset_research
yang nama nya plagiat ya plagiat laku tetapi tetap saja ciptaan dari hasil plagiat wkwkwkwk saya mah ogah dwngerin saja sudah ingin muntah,0,relabel
Ih gila Nirina bego banget.',1,fn_hatespeech_id
Siap-siap antek asing aseng komunis kapitalis liberalis atheis wahyudi,1,fn_hatespeech_id
magrib bgt,1,tiktok
ka nisa ariana grande,0,relabel
anjing kamu hina mama kamu,0,relabel
username main main jawa timur biar tidak begok,0,relabel
layak mendapatkan penghinaan terhadap orang,1,dataset_research
"Ini pasti salah Jokowi, Ahok dan kafir-kafir ateis. URL",1,fn_hatespeech_id
"udah lah maafin aja, calon dokter cantik nih",0,tiktok
RT USER: Kalau cebong pasti memuji prestasi nya Presiden Jokowi. \nKalau kampret pasti nyinyir kalau perlu pakai bumbu fitn\xe2\x80\xa6',1,fn_hatespeech_id
"Dengar lagu favorit, mood langsung naik",0,cyberbullying_1000
"""kok kalian komennya pada kek gini ya""",0,tiktok_v2
"Kita suka roasting-an, tapi ya tetep saudara kok",0,fn_fp_reduction
와 찐이다,1,
bacot busuk eh tolol tidak yang memggunakan bus cok mobilisasi pakai bak terbuka motor,0,relabel
pdhl body chacu bgus bgttt tpi knpa gaunnya harus ituuðŸ˜­ðŸ˜­ðŸ˜­,1,tiktok_v2
"Negara terjerat utang, tapi kebijakan malah boros. ; ; #2019GantiPresiden #2019PresidenBaru; ; .; ; Pemerintah Anggarkan Rp 300 M untuk Gaji Dosen Asing",1,fn_hatespeech_id
kalau cewek cantik tidak bicara kasar berhubung tidak cantik trobos saja anjing,0,relabel
lihatlah Rakyat &amp; NKRI ini mending mundur aja pak Jokowi URL,1,fn_hatespeech_id
Ahok keok Taipan ngancam akan lengserkan USER bila reklamasi gagal. Nih negara diatur oleh jongos dan Meneernya! Hadeuuuh sontoloyo,1,fn_hatespeech_id
"USER Ancaman bom dari mata sipit, juga lucu2an ya... ?\n\n#LUCULUCUAN'",1,fn_hatespeech_id
ga herman namanya aja ica,1,dataset_research
Thanks for the recommendation film-nya really good,0,codemixed
"""anjir, cepat banget waktu berjalannya""",0,manual_augmentation
"""desain brosur itu jelek tapi informasinya lengkap""",0,manual_augmentation
"15. Semua tuduhan KPK tdk terbukti namun LHI dipaksakan diputus bersalah ""percobaan penyuapan"" dan divonis 16 tahun penjara !\n\n16 thn penjara dan nama baiknya serta kehormatan keluarganya hancur krn fitnah KPK dan media2 bajingan kolaborator KPK\n\nKPK benar2 mafia bejat'",1,fn_hatespeech_id
"USER USER Woiii GOBLOG, kalo Produk Kafir Anjing macam lu gak boleh dipake Muslim, ngapain dipromosikan ke negara muslim. TOLOL nih orang. Kebanyakan nelen Sperma Cebong lu ya. Muka tampang copet banyak bacot lu. Amplas dulu gih muka pake parutan, biar gante",1,fn_hatespeech_id
bang nonton kerja jepang bermanfaat sangat kontennya jadi gampang kalau cari jepang,0,relabel
USER USER Jablay emang lo ya',1,fn_hatespeech_id
"Cilacap kotaku hampir 4 lbran ga bisa pulng ga ada ongkos juga bekelnya,,,yah pastinya lah klu saya sendiri anak dibully pa lagi sampai luka waduh pastinya saya kasih jamu pahit yg ngebully yahhhh",0,
"Jika Anda tidak ingin menjaga saya, saya bisa berhenti berpura -pura, saya bisa menjaga diri saya sendiri tanpa memaksa Anda",0,dataset_research
Belajarlah dari timor leste..karena pribumi bukan lagi pemilik kedaulatan timor leste etnis cina pengkhianat perompak ahok,1,fn_hatespeech_id
Weyhh tolong mengerti bahwa saya sakit Anda tidak kembali kepada saya dari klinik,0,dataset_research
baju dinas??????,0,dataset_research
semangat belajar ya uga tidak bahasa inggris,0,relabel
Voice lo annoying banget shut up please,1,codemixed
"""Ka yaya kalo ragu tetep secantik itu yah :"")""",0,tiktok_v2
tatapan ariel ke caitlin udah wanti wanti waktu abidzar ngomong 😭,0,tiktok
@lotuye: repot bat banana boat,1,dataset_research
"sibabi china sangat biadab memperlakukan kaum PRIBUMI, dan para jongon2 spt banser & nu nusantara mendukung ketimpangan ini, biadabnya mrk!",1,fn_hatespeech_id
Bisaan aja kamu naruto padahal emang pengen nyium tp mukaku yg disalahin gt lt,1,dataset_research
Ini mah budek si gendut USER',1,fn_hatespeech_id
YOU LOOK VERY BEAUTIFUL ðŸ˜­ðŸ’—,0,tiktok_v2
Tolong kasih paham pada anak2 nya kususnya para orang tua jngan percaya PDA anak harus nya ortu pantauw anak2 nya jngan Ampe Kya gini Bu itu lgi bukan anak2 orang udah gede bukan anak kecil bu,0,
inimah main alat musik olahraga jari kaki mah,0,relabel
semoga saja nikahannya lancar y mb jangan berlarut sedih kalau tirinya tidak yang kandung sj alasan anak kandung melarang sj sudah balikkan istri pertamanya kalau sibapak berrti cerita yaa,0,relabel
SBY ERA: Kemana duit negara proyek mangkrak semua..,1,fn_hatespeech_id
PANSOS!!!!!!,1,tiktok
Eh kok gt ya .. ytta????,0,dataset_research
"keknya dulu nama aslinya bahlul, cuma waktu penulisan di akta kelahiran si petugasnya typo jadinya ditulis bahlil, nah karna udah males ngurus pembetulan jadinya dibiarin aja deh namanya jadi bahlil",1,tiktok
USER USER Ngomong atau ngigau.,1,fn_hatespeech_id
"Dulu, karena pencitraan semua kelemahan dan kepolosannya diterima oleh kebanyakan dari kalangan rakyat wong cilik, karena saat itu 'KITA' tak sadar jika dikibuli oleh modus kesederhanaan si kaos oblong dan sandal jepit.; ; #AkuMauPresidenBaru #2019GantiPre",1,fn_hatespeech_id
"Gak usah lapor, cukup selesaikan secara kekeluargaan. Hajar para pelaku sampai cacad, sudah selesai.",1,
jelek lecek bantet,0,relabel
USER Tak perlu dibajak. Bacot elu babi. Mending kita gelut saja',1,fn_hatespeech_id
Rabu?? Satu malam suro??,0,dataset_research
wajar guys belum 40 hari pasti emang masih berkeliaran arwahnya,1,tiktok
dikata yg bisa kejepang die doang kali ya jdi warga konoha di boongin iye2 aje wkwk,0,dataset_research
"tapi sumpah, liat squad Korea itu saya berekspektasi lebih, minimal 16 besar. Sempet bingung juga kena mainnya jelek banget, ternyata faktor pelatih.",0,
USER USER biasa mereka itulah para antek antek zionis dan komunis,1,fn_hatespeech_id
halah ngomongin di belakang bisa begitu di samperin ciut HAHAHAHA KAMPANG',1,fn_hatespeech_id
duh anjing nama kamu seperti saya wkwkwkwk bangsat,1,relabel
Pergi ke toko membawa teman saudara perempuan saya untuk menanyakan wajah anak Anda hahaha wajah saya seperti orang yang sudah menikah,0,dataset_research
kelakuan Klinsmann dan Hong Myungbo ada dalam diri Kluivert 😆,1,
ahn hyoseop kuuu kang taemoo kuuu yg shining shimmering splendid ganteng gagah paripurna sempurna itu remakeannya se maghrib ini???? seriuss??ðŸ˜­ðŸ˜­,1,tiktok_v2
semoga kesehatan rezeki yang berlimpaah,0,relabel
"Aamiinn. Ya Allah angakat lah derajat anak2 yg jadi korban bullyan. Dan beri kan petunjuk buat mereka yg suka membuly. Ingat lah bagi yg suka membuly, karma akan anda terima lambat laun nya. Allah tdk pernah tidur, Dia Maha Mengetahui semua perbuatan anda.",1,
ga ada yg lain apa bosen liatnya anj,1,dataset_research
mukanya insya allah jodoh dunia akhirat mbk username amiiii,0,relabel
1.4 jt pengikut nyaa apa yg di liat dari ni orang????,1,tiktok
HUKUM di INDONESIA SUDAH MATI,1,fn_hatespeech_id
Staf tua suka menemukan saya ketika saya ingin menerjemahkan bahasa Jawa hahah ingat saya seorang putra Jawa,0,dataset_research
karma yang sebenarnya,0,dataset_research
paling sempurna dah yg punya akun,0,dataset_research
kok bisa masih punya temen sih? herann ga pada geregetan 😭,1,tiktok
"""laporan warga menyebutkan ada monyet masuk permukiman""",0,manual_augmentation
"""dalam laporan itu kata monyet dipakai secara ilmiah""",0,manual_augmentation
HEY YOUTUBE,0,
"Menurut saya banyak org korea yg marah2 itu tidak benar2 mengerti sepakbola,mereka menganggap ketika korea mampu jadi semifinalis di piala dunia 2002,maka itu adalah standard yg minimal harus bisa dicapai lagi, pdhal kala itu ada faktor tuan rumah dan kontroversi juga makanya korea bisa sampai semifinal,dan kalo yg paham bola harusnya juga paham kalo sepakbola Asia itu memang masih sulit untuk bersaing ditingkat dunia,langganan lolos ke piala dunia saja harusnya sudah patut disyukuri",0,
Dalam 25 Tahun Utang Jokowi Setara 5 Tahun SBY: Rakyat Diperas untuk Membayar Utang ! URL,1,fn_hatespeech_id
"""rambutku kelihatan norak kalau diikat seperti ini""",0,manual_augmentation
Ga apa sih Ahok prnh diblng penista agama tp ga kek politikus koruptor dipanggil urusan hukum ngeles pake sakit hati-hati ntar keterusan mati.,1,fn_hatespeech_id
RT USER: Bodo sial anakk anjinggg maju lu sini syaitonn sweater mansoura',1,fn_hatespeech_id
"pengen deh kayak cinta,keluar negri +kerja disana😭",0,tiktok
Gw benci banged sama kluivert 🫩😾,1,
"""goblok, aku malah kirim draft yang lama""",0,manual_augmentation
mau dipaksain positif vibes juga gabisa rul.,1,tiktok
"Nonton teach you a lesson jujurly gak terlalu kaget sama kasusnya karna terlalu sering liat cerita detektif reomit sama drama lain kayaknya hehe, lebih ke puas karna satset kasih pelajaran ke yang salah 👌",1,
"Mungkin karena mereka termasuk negara terasis di dunia kali bg, jadi merasa negara mereka superior, padahal di sepakbola dunia mereka termasuk negara medioker, jadi mereka gk tau akan kekuatan negara mereka di sepak bola",1,
"""anjing itu sedang tidur di samping kursi""",0,manual_augmentation
RT USER USER betul padahal saracen juga siapa sehingga akun yang kritis dianggap saracen kan aneh jokowi,1,fn_hatespeech_id
Penjara seberat beratnya.. kasian orangtua korban pak.. hatinya hancur.. anak nya di aniyaya seperti itu.,1,
USER Alah bullshit tai kotok',1,fn_hatespeech_id
RT USER USER USER Lagi pada ngeles om Anies Sandi,1,fn_hatespeech_id
"""rambutku berantakan banget habis naik motor""",0,manual_augmentation
iuu pilih iblis daripada bidadarii kwkwkw jyjyq,1,relabel
Menurut research online bullying affects one in three teenagers worldwide,0,codemixed
USER USER USER Emang otak loe bersih cebong dungu\xf0\x9f\x98\x82\xf0\x9f\x98\x82\xf0\x9f\x98\x82\nBau got juga\xf0\x9f\x98\x82\xf0\x9f\x98\x82\xf0\x9f\x98\x82',1,fn_hatespeech_id
Orang kayak gitu emang gak ada otak udah enak disekolahin biar pinter malah bully anak orang semoga anak yang menjadi korban bully cepat sehat,1,
Mon maap jigong nya Ampe sini baunya??,1,dataset_research
Kamu tuh good listener sih makasih ya udah dengerin curhat aku,0,codemixed
gangsinggghh....muter2ðŸ¤£ðŸ˜‚,1,tiktok_v2
username heeehh kamu pelakornya yaaaakkk ngapa kamu emosi situuu kenal saya kalau berani pakai akun asli pantes pakai akun bodong ngerebut laki orang diem2 keceplosan yak pakai bodong terbahak-bahak gueeee lucu kamu,0,relabel
"""Dikasi BIDADARI MALAH PILIH BABI""",1,tiktok_v2
"MAAF,kayaknya budaya bullying,intimidasi dan RASIS di korea msh jdi mayoritas. ketika dianggap tidak berprestasi, gagal,lemah,jelek,miskin maka akan dpt bullying dan intimidasi dari pihak2 yg merasa lebih superior. di dunia olahraga ketika pemain bermain jelek,maka akan dpt hujatan yg luar biasa",0,
"""Dihujat habis""an semua postingan lama ada komen baru wkwk""",0,tiktok_v2
"Lahhh gue kira KFA ga seburuk itu, ternyata sama aja kayak di indo😂",1,
"""warga desa memasang pagar untuk menghalau babi hutan""",0,manual_augmentation
Teman saya untuk tips diet untuk liburan yang baru saja dia makan untuk diet dan ketika dia naik hari itu dia kurus,0,dataset_research
"""Et muka lu aje gitu dih hahaha. Biarin aja sampah ketemu sampah biar busuk bersama""",1,tiktok_v2
raisa cantik yaaa artis tidak menonjolkan kalau nikah tuh mewah sudah cantik sederhana sempurna sangat,0,relabel
Aku appreciate banget your support selama ini thank you,0,codemixed
hadewwwww permpuan lagi sakit jiwa kenapa yang jadi peran utama film hantu jeruk purut ky khabisan stok artis ja,0,relabel
"Gimana anak bisa membedakan yg salah sama yg bener jika setiap melakukan kesalahan selalu dibela dan kasus selalu bisa dibeli orang tua pake uang.. Sehingga jika anak² itu jadi psycopat pun aku tidak akan pernah heran, Jika mereka membunuh orang tua merekapun mau ngomong apa kan mereka tidak tau mana salah mana bener, Menganggap semua kesalahan dan menyakiti orang lain adalah hal biasa saja..",1,
ampunn minimal disikat tuh daki ?? gua beliin sabun dah sini dm alamatna,0,dataset_research
bosen idup bilang aja bro,0,dataset_research
"Baru aja dipajakin langsung phk karyawan. Sebentar lagi Gojek ikutan phk karyawan, mana bisa hidup dg profit dipangkas ugal2an tinggal 8% oleh pemerintah? Sepertinya pemerintah memang gak suka startup swasta bisa cuan. Baru sehari mengumumkan profit quartal pertama kali setelah berdarah2 triliunan rupiah belasan tahun, langsung dihajar habis, ga boleh untung! Sory yee, lu cuan cuman boleh 8% aja. Ga boleh lebih! Respon Manajemen tokopedia mirip dg manajemen goto. Pasti normatif aja, pura2 nurut, tapi hati dongkol abisss. Mana berani melawan pemerintah. Berani melawan, kabur aja loh! begitu kata presiden menantang investor. Kacau. Siap2 startup lokal berikutnya mau diapain lagi sama pemerintah.",1,
"Apa gue doang kali ya , yang gak suka sama ini orang..",1,tiktok
"Kurang aksesoris sama model rambutnya sih menurutku, bajunya terlalu ramai buat dia yg gemoy",1,tiktok
iyaaa Ibnu adalah satu satunya mahluk yang pernah pergi ke jepang??,0,dataset_research
Cape gw liat senyum mu bg,1,dataset_research
Negara TerRasis dibumi .,1,
"SINGKAT, PADAT, DAN KOSONG 😅",1,tiktok
"USER Dulu TKI Wanita di Hongkok dihina2 sm dia dgn sebutan ""Babu"".....emang kok....Congor tdk bertulang.....Manusia Katrok Lu.....'",1,fn_hatespeech_id
"""Idih mak lampir, dibanding uya ma lu, lu bagaikan butiran debu,, lu dikenal karena bacot? rajin2 ngaca deh""",1,tiktok_v2
Jule telah menambahkan inara rusli ke dalam grub,0,tiktok
paling ditipu,0,dataset_research
Bagus..👍,0,tiktok
DJ Panda gua rasa ketawa ngakak cekikikan liat berita ini,0,tiktok
"""Bangkit ya bang jangan lemah buat pelajaran dan ujian buat lu jadi yang lebih baik lagi bang""",0,tiktok_v2
Makasih loh ntar kita bagi hasil aku 99 9 sisanya buat kamu,0,dataset_research
bajingan goblog,1,relabel
hyorin memiliki hewan peliharaan anjing,0,relabel
si tolol bukannya mikir,1,dataset_research
kata siapa masuk perusahaan aja pake orang dalem apalagi masuk partaiðŸ¤£,0,tiktok_v2
pecat aja pk ....gk guna ngabisin anggaran negara aja .....nnti psti ngulangin lg,1,tiktok
"Mulut Jamban, Bani Taplak, Bani Serbet, Cebongers, Taikers, Sumbu Pendek, IQ jongkok dan masih banyak lagi, itu benar-benar familier ditelinga. \n\nLalu, siapa sebenarnya yang memulai?\n\nEntahlah, tapi kalo harus menghentikan istilah ""Cebong dan Kampret",1,fn_hatespeech_id
USER Goblok:(',1,fn_hatespeech_id
Hasil REVOLUSI MENTAL; Anak seumuran SD tak malu pacaran bahkan pakai Materai segala...???; Inilah wajah generasi muda kita sekarang dan wajar saja lah wong kemendikbudnya juga ngajak nonton DILAN; ; #2019GantiPresiden ; ; USER USER USER @,1,fn_hatespeech_id
bangsat kamu,1,relabel
GIVEAWAY Karena hari ini umur aku bertambah jadi aku ingin berbagi rules aja dan ucapkan saya wish dan screenshoo,0,dataset_research
yang anak nya donk kelemahan orang tua tuh anak nya,0,tiktok
Jaga dirimu ... kita tidak pandai padanya ..,0,dataset_research
pasangan dunia akhirat kata fansnya,0,dataset_research
​ @icbm2-w5b bukannnn..kasus penganiayaan terhadap pasangamnya smp cacat nama sama profesi beda coi. Yg satu psikopat yg satu wamenenpora jelass ye😂,1,
Udah tua tapi belum berhenti nakal ðŸ‘ ya emang dasarnya suka main cewe ampe bangkotan juga tetap begitu,1,tiktok_v2
"""babi ternak itu baru dipindahkan pagi ini""",0,manual_augmentation
"Diskusi tadi seru, dapat banyak insight baru",0,cyberbullying_1000
gerombolan yang bergabung di partai sinting indonesia (psi) mayoritas pendukung penista islam AHOK LAKNATULLAH URL,1,fn_hatespeech_id
beliin abangnya samskrin guys,0,dataset_research
USER Cebong mana ngerti ...koplak..koplak',1,fn_hatespeech_id
Ga ngerti lagi ya Allah,0,tiktok
Apa sudah melihat lokasi Muhammad membantai 800 Yahudi sekitar 1400 tahun lalu Bung Lukman?,1,fn_hatespeech_id
"Lu aja semua yang ngomong, gua mau silent treatment dlu",0,tiktok
"""MasyaAllah selalu mempesona baik kaum adam maupun kaum hawa""",0,tiktok_v2
"USER Kukira cuma Prabowo paling lucu ngelawak lwat novel fiksi ""ghost fleet""..\nKamu lbih lucu,Zul...tpi jg palimg bego.\xf0\x9f\x98\x82\xf0\x9f\x98\x82'",1,fn_hatespeech_id
"USER Pasti g dukung, aye diem2 itu mengagumi duet jokowi dan puan untuk jd capres&amp;cawapres loh, suer! #2019GantiPresiden",1,fn_hatespeech_id
suara pick me ?? help sakit telinga gw,1,dataset_research
aku sebut dia burik dan pemberani,1,dataset_research
USER mampus lu. kalah kan lawan gua',1,fn_hatespeech_id
Jordi itu masukan ke kadang macam biar kapok atau masuk kadang buaya😂😂😂😂😂,1,
"#ILCPrabowoMenyerang setelah minggu lalu ilc enggak mutu, kini sangat luar biasa karena dpt menghadirkan orang gila tampa kuping\xf0\x9f\x98\xb5'",1,fn_hatespeech_id
"""poster lama itu jelek tapi informasinya masih jelas""",0,manual_augmentation
orang Korea di push tuk maju.. berhasil tapi efek nya.. mereka kehilangan nurani & rasa peduli.. ada hal yang gagal langsung habis orang itu di bully di benci.. daah kaya robot.. ga punya nurani..,1,
"timnas u17 sangat amat banget super jelekkkk sekali main nya, body balance jelek, umpan jelek, penguasaan bola jelek, dan kontrol bola jelek...... Tolong dong PSSI ini diperhatikan benar agar dirombak evaluasi besar"" an demi timnas Indonesia di masa depan..",0,
"""anjir, ternyata jadwal ujiannya berubah lagi""",0,manual_augmentation
"""babi kecil itu bermain di lumpur""",0,manual_augmentation
"USER USER 08 for presiden, buat para jongos dan antek asing yg menguras bumi pertiwi bersiaplah......#2019GantiPresiden",1,fn_hatespeech_id
Bocil nya nyemangatin kakak nya dengan mewing😅,1,
USER mungut dimana lagi tuh orang..?? Tampang Cebong kok ngaku2 ulama muda...',1,fn_hatespeech_id
tetap penjara saja ajg nyusahin kamu,1,relabel
trus maksudnya ngelamar itu apaan yaa bambangðŸ˜­,1,tiktok_v2
"""erick yang kek gini yang gua kangenin, keep it up bruuh""",0,tiktok_v2
hahahahahahahahaha kena deh hehehehe,0,tiktok
siwon ya lama2 perasaan saya saja,0,relabel
"Adek-adek, inilah alasan kenapa Indonesia gini-gini aja.",1,tiktok
Hidung lo flat banget kayak got surgery aja sono,1,codemixed
USER USER replyan gue ga dibalas mulu dasar onta cebong',1,fn_hatespeech_id
dulu inul goyang ngebor baju ketat dcekal harus nya ni juga dengan sgja goyang dada terus suara tidak sbrpa mrsk moral anak muda yang nonton bawaannya nafsu saja,0,relabel
pasangan gigi korenganwakakakkakakaka,1,dataset_research
gak liat apa kemaren di story nya berderet gitu? jd htrz jangan goblok amat lah.. URL,1,fn_hatespeech_id
hitam putih kek kopi luwak,1,relabel
USER Jd clear islam nusantara bkn agama cm budaya doang ya brooh yg d pengaruhi ajaran islam btw scr kgk langsug bs d blg kafir ya pe nganutnya kl menngacu ucpn ente',1,fn_hatespeech_id
kya liat pertujukan di kebon binatang,1,dataset_research
WOYYYY BANGSULLL PEA GOBLOG ANJIRRRRR NGAPAIN LU BLOCK GUEEEE CUKKKKK USER',1,fn_hatespeech_id
Rambut lo messy banget kayak gak pernah shower,1,codemixed
"""penampilanku kelihatan kampungan di foto lama""",0,manual_augmentation
gamau lihat,0,tiktok
"""Gua kira keluar dari PENJARA bisa berubah""",0,tiktok_v2
USER USER USER Napi ya napi..gak beda ya...jangan tolol sok bela penista agama...statusnya sama dengan napi lain bong..!!hehe',1,fn_hatespeech_id
mbak diet dong,1,dataset_research
USER USER USER cacat bgt ican goblok',1,fn_hatespeech_id
Rezim Laknat si jokodok; #2019GantiPresidenBaru; #2019GantiPresiden; #2019AsalBukanJokowi,1,fn_hatespeech_id
USER USER USER Topiknya anies sandi dn saracen. Bkn Adam dn Yesus. Anda sok tau agama ? 150 follower ternak dl biar seru,1,fn_hatespeech_id
lagu bosan apa yang aku save ni huhuhuhuhuhuhuhuhuhuuuuuuuuuuuuuu,1,dataset_research
puas produk kualitasnya,0,relabel
MALU ANJIR MALUUU banget kalau gue jadi erikaaa😭,1,tiktok
Buatlah cita cita kamu setinggi bintang di langit tetapi jangan lupa untuk membuat anak tangga perencanaannya,0,dataset_research
Banyak yang udah gak peduli omongan mu pak kecuali anak buah mu sendiri ðŸ™Œ,1,tiktok_v2
"klau miturut ku ci korea sudah bagus udah brapa kali masuk pildun,seharusnya menyadari persaingan asia sm erpa atau amerika kn lain,jadibga usah trlalu berlebihan menghujat pelatih,kita sadari saja korea level asia udah beda permainan eropa,seharusnya berpikir positif saja krena ga lolos ssmpe jauh.udah bagus masuk pildun.",0,
bengkel lu rame dompet orang orang yang sepi🗿,0,tiktok
"pak harto ragamu tidak terlihat lagi, tapi pak Harto tetap di hati kami, Bapak pembangunan bapak yang cinta ulama, Bapak yang banyak bangun masjid seluruh nusantara Bapak harto yang merakyat negri aman sembako murah, rindu kala itu. alfatihah buat pk soeharto. 🤲🤲🤲",0,tiktok
USER USER Lebay bener duda ini ya?,1,fn_hatespeech_id
korupsi bangsat,1,relabel
"""...Jadi biang kegaduhannya itu PKS. Saya sih gak percaya. Mosok PKS kayak gitu \xf0\x9f\x98\x8a"" lanjut beliau.\n\nProfesor yang nulis itu, kalian jangan keminter sok kontra sama profesor. Beliau menuntut ilmu keliling dunia bukan untuk jadi orang goblog. Yang goblog ya kalian",1,fn_hatespeech_id
pikmi girl cabang klaten lewat nich,1,dataset_research
"Anak seperti ini lbh tak berguna dibanding sampah. Sampah msh bisa berguna bila didaur ulang tp anak ini sdh gk berguna,,,binasakan aja.",1,
USER INI BUKTI NYATA BUKAN EDITAN.MEREKA TEAM HOAX PEMENANGAN ANIES SANDI. URL,1,fn_hatespeech_id
"""Gak ada cantiknya. Gila yang ada""",1,tiktok_v2
Sebenarnya si pembully sama si korban bully sama sama rugi tapi menurut saya lebih rugi si pembully dimana hukuman ia dapat dan hampir tak orang yg mau membelanya dan ditambah di si pembully bisa saja suatu saat akan menjadi korban bully apalagi nama dia udh jelek pasti orang atau teman gak ada yg mau sama dia selalu akan menjadi omogan orang orang karena keburukannya tapi si korban bully mereka akan banyak dapat dukungan dan semangat dari orang lain tapi saya kali ini si korban pembully kelakuan sudah di luar batas saya sangat akan setuju dengan orang ini di hukum mati atau di musnahkan,0,
Что.. вчера ютуб оставил тут комментарий,0,
hitam diatas putih langsung proses,0,relabel
yesssssss bagus sangat kids jaman now yang yang diksh jempolllll,0,relabel
"Saya juga sudah jadi korban bully udah bingung arus minta bantuan kmn lagi ke guru udah bilgnya coman ""ya minta maaf aja ya"" ke ortu takut khwatir atau nangis,ya jadi saya pendam dan saya pasrah 😢",0,
ke 20 minðŸ—¿,0,tiktok_v2
Jan Gitubwoy,0,dataset_research
anak anak senang bermain taman,0,relabel
Pada biadab semua termasuk lu zize,1,tiktok
"Jgn ada yg percaya dgn akun ini\n\n\xe2\x9e\xa1 USER \n\xe2\x9e\xa1 WA 081381413774\n\nAwal nya dia ga percaya sy buat\nCAMSEX, trus sy buktikan Vc beberapa detik, pas suruh Tf alesan nya neko2\n\n\xe2\xac\x87Ni muka nya kaya monyet \xe2\xac\x87 URL",1,fn_hatespeech_id
Kamu adalah yang ia inginkan untuk menjadi tempat persinggahan terakhir ebesar itu harapannya kepadamu Jangan mengecew,1,dataset_research
Sepak bola Indonesia tidak akan pernah bisa masuk Piala Dunia. Wkwkwk,1,
USER Aku kira park woojin anaknya kalem kalem cool gitu taunya kaya eek',1,fn_hatespeech_id
"kalau bukan karna nikah Ama arhan ga bakalan tau lu siyapa..tapi happy trs yah zize jalan kalain memang udah masing"" tapi mungkin emng ini terbaik buat kaliyan",0,tiktok
"""Berkarya teros meldi walo ga ada yg nuntun kamu.""",0,tiktok_v2
USER USER USER USER USER suruh minum pipis onta dulu nich bangke abu biar tambah bego',1,fn_hatespeech_id
orang kampung otak dusun gaya sosoan hype tetap saja tidak bisa nutupin muka babu kamu,1,relabel
"PEMBANTU2X aja dah kaya apa, tiap saat post , serasa benar benar sultan, Andara tu sll pamer kekayaan... Nah skrg Rafi jadi bahan pembicaraan... Liat endingx saja gmn NANTIX ...komisaris 😂...parah sekali...",1,
"""terminal itu seperti sarang semut karena ramai""",0,manual_augmentation
USER USER USER USER Iya cebong dan Cina komunis yg cinta sama si jamban',1,fn_hatespeech_id
patah semngat kak sukses,0,relabel
seharus nya saling mendengar penjelasan yg baik kalau tentang masalah tidak sopan atau tidak beradab tidak ada buktinya karena sebenarnya dia sudah berusaha sopan dan berlaku jujur atau bohong (belum tentu),0,
"tidak terbayang kalo dia beneran lanjut sama sapri, junho eunho jena yang sekorea itu harus liat kuda lumping terusðŸ˜­ðŸ˜­",1,tiktok_v2
Bodok,0,dataset_research
ini namanya memancing konflik horizontal kalo polisi membiarkan / bagian dari itu sudah waktunya lengserkan Jokowi sebelum indonesia hancur,1,fn_hatespeech_id
Yang menghalangi sok baik,1,
aduuh jng tinggi2 apa klo ngomong..mksdnya apa si ngomongin ginian???perasaan BKN baru dya yg pergi kejepang..noraaakkk??????,1,dataset_research
"USER Tiap berkicau makin keliatan tolol dan gobloknya, lbh tolol lg yg milih dia'",1,fn_hatespeech_id
Bang Lu Knp,0,dataset_research
"Lo itu manusia gagal, dari lahir sampe sekarang",1,contrastive_dataset
USER Sekelas presiden gak paham aturan. Indonesia bisa hancur kalo gini terus. #2019GantiPresiden,1,fn_hatespeech_id
mas mending pake masker aja ??,0,dataset_research
cocok sekali sama2 orang tidak benar biar hancur,1,relabel
nino gmna kabarnya kok ga prnah keliatan,0,tiktok
kak jerome trik biar paham cepat rumus matematika dung,0,relabel
"""Seneng yaa lihat orang sukses meeting. Ya Allah pengen sukses kayak gitu biar ada status di instastory""",0,tiktok_v2
Orang selalu mengatakan saya lelah saat dia benar -benar sedih,0,dataset_research
RT USER Wah ini bener? foto2 Asma Dewi yg kata polisi mentransfer 75jt ke Grup Saracen ya ? Yg main busuk anies sandi di KaPolri,1,fn_hatespeech_id
"""Selamat ulang tahun mel, udah yah jangan banyak tingkah""",0,tiktok_v2
Lo itu creepy banget gak ada yang mau deket sama lo,1,codemixed
"Gw mah biar di siksa aja agar setimpal,minal kayak yng di lakukan ke pelaku,agar di rasakan sakitnya ,atau minal enjak-enjaklah kepalanya juga,gw muak lihat muka itu ank sik jago bnget padahal belum apa apa 😂😂😂😡😡",1,
bersyukur memiliki keluarga mendukung,0,relabel
"saya ortu yg anaknya jg korban bully. sangat merugikan sekali bagi kmi sekeluarga. kl tahu siapa yg mbully pasti saya seperti ibu ini jg. anak saya SMA kelas 1 depresi dan tdk mau sekolah. sudah pernah 3 kali masuk RSJiwa, sblm nya jg sdh pernah bbrp kali ke psikolog dan dirujuk ke psikiater jiwa. sungguh melelahkan dan perlu kesabaran ekstra dlm merawat dan mengobatinya. Alhamdulillah sdh mbaik dan msh lanjut sekolah, walaupun tdk semangat seperti dl dan ini mau ikut ujian masuk kuliah. Mohon doa bagi anak saya, mudahan dimudahkan, dilancarkan dan diberi yg terbaik dlm hidupnya 🤲 utk pelaku bully nya semoga diberi balasan yg setimpal...",0,
Idihhhh cuihhhhhh,1,tiktok
11 HOURS AGO LOLL,0,
Gantiin tugas iblis semua,1,tiktok
liat sahroni ingat ( heeeeehaaa' )😂,1,tiktok
"Katakan pretttt, semua akan pretttt",1,tiktok
"Depe'er sudah mewakili keinginan rakyatnya. Contoh rakyat pengen makan enak, sudah diwakili. Rakyat pengen kendaraan mewah, sdh diwakili mereka, dan sterusnyaðŸ˜‚",1,tiktok_v2
Aku mau nonton besok senin bareng temen,0,
"Klw anak sya, sya sllu bilang jngn merendahkan orang lain, trus dia jwb ada di sekolah yg suka buli temen aku, trus sya jwb, temenin yg suka di buli itu kita sayangi, tpi jngn membenci yg membuli, klw emng dia jahat sama kita lawan tpi jngn membenci",0,
username pemikiran manusia bodoh eehhh tante oma empo otak kamu picik sangat ya juga manusi larangan memang dunia orang larang ngungkapin unek2 stupid human,0,relabel
"""Rafathar nya mantull ni, pulang nggk jd nginep karna nggk ada temen mamany d rmh papany belum pulangg.. jd jagain dan temenin mama dulu ya aa""",0,tiktok_v2
Lo itu faker semua yang lo bilang itu lies,1,codemixed
RT USER: USER Aaaah kemana aja sih politisi Gerindra nih... wong jokowi ngomongnya aja dikit2 yg byk malah bagi2 sepeda ...,1,fn_hatespeech_id
"USER KalauPRIBUMI iseng, aparat berwajah garang.... #Cina yang rasis, aparat jadi alay....'",1,fn_hatespeech_id
Bacot bat si kunyuk USER bikin tambah sayang dah ah URL,1,fn_hatespeech_id
UNDUR UNDUR FC mah culun ngaku nya team hebat tapi lawan PERSIB aja minta di undur hahahahaha FUCK JOKODRI!',1,fn_hatespeech_id
USER Bener prabowo aja yg pergi ke rohingya jgn bisanya hanya mengkritik doang,1,fn_hatespeech_id
"Cantikkk bngtttt🥰please jgn dengerin orang ngomong apa,kmu cantik dengan pilihan kamu sendiri,setiap",0,tiktok
USER Kalo cebong sih pasti senang2 aja sama omongan yg ga berbobot kayaa gini',1,fn_hatespeech_id
Persebaya kemarin gak menang. \nInggris kalah. \nTimnas kalah.\nKalahe karo malaysia sisan. \nAh taek mencret kabeh!',1,fn_hatespeech_id
"Kalau aparat itu dibayar dg uang rakyat dan kerja utk rakyat; kalau KEPARAT dibayar dg uang rakyat, kerjanya NGEBACOT provokasi rakyat.'",1,fn_hatespeech_id
"​ @nurlaela7554 lo yg dongo. Lihat kasusnya juga, tingkat keparahannya juga. Yg di video ini bully nya gak sampe fisik, gak sampe bikin cidera mak rmh sakit. Sedangkan kasus anaknya si Rafael Alun korbannya sampe koma, dan skrg cacat. Hukumannya cuma main2 bahkan harta bapaknya yg ketauan korupsi gila2an gak disita.",1,
syarat sah nikah agama islam 5 cpp cpw saksi wali nikah mas kawin mahar perkara makeup tidak manglingi syarat sah pernikahan tidak makeup syarat yang 5 terpenuhi pernikahannya sah yak emak emak julids,0,relabel
kini Dhani merasakan apa yang dirasakan Maya dulu. terimakasih ari Lasso knp gak dri dulu.. samawa ya mas ari🤣🤣🤣🤣,1,tiktok
ah min saya lama2 tidak suka akun nih berita nya basi kamu liat min si kellen amora datang pakai jingkrak2 kamu saring min biar berita nya tidak blunder kamu posting itu kd sudah posting videon kellen ma amora joget2 ma si arsya arsyi,0,relabel
dia jaga nama baik nya sendiri wkwk,0,dataset_research
OKI Dan Matahari!!! 👍,0,
USER USER USER Cebong aja yg ngada2 bikin meme... Sementara penista agama lu puja2',1,fn_hatespeech_id
Yurika ga cocok jadi yutouber 🤢🤢🤢🤢🤮🤮🤮🤮🤢🤢🤢🤢🤢😠😠😠caper,1,
Hoo asu og,0,
"""Semoga lancar terus usahanya mel""",0,tiktok_v2
salam dirgantara terima kasih mendukung menyebarkan awareness terkait program pesawat r80 semoga momen emas titik kebangkitan industri pesawat terbang indonesia berjaya eyang habibie yuk satukan langkah terbangkan pesawat r80 langsung klik link bio yaaa,0,relabel
kata aku mah mundur aja liiiss..perbaiki diri upgrade diri. masa lalu lupain ajaaa. kebenaran tu akam terungkap seiring berjalannya waktu.,0,tiktok
kalo adek gua berani di bully sama temannya kayak gini. parang panjang gua bawa dari rumah ke sekolah,1,
Hutang elite motor Syulit????????,1,dataset_research
USER KALO ITU GW JUGA TAU + GAK NANYA BOLOT',1,fn_hatespeech_id
"""anjing, listrik mati lagi""",0,manual_augmentation
"Bego abis, masak gitu aja ga bisa",1,contrastive_dataset
foto tirus kalau video wariorr mukanya kek donat tidak bentuknya,1,relabel
gamau tau dan ga peduliðŸ˜­,0,tiktok_v2
mual jujur,0,dataset_research
"Korea itu jepang kw2 😂,bukan cuma di bola,, semuanya 😂, kecuali plastik",1,
badan nya mirip sapi,1,dataset_research
Keren❤️❤️..... Bongkar sampai tuntas,0,tiktok
Kenapa sih ada manusia yang punya MINDSET CACAT begini? Apa pun kronologinya yang DISALAHKAN SELALU KORBAN.,1,
Korsel 2024 ga masuk olympiade di kalahin siapa tuch 😂🎉,1,
Oh sangat berprestasiðŸ™Œ,0,tiktok_v2
mana nih yg kemarin-kemarin minta di sisain cowo kyk bravyðŸ˜­,1,tiktok_v2
USER USER USER USER USER Sy berharap pd Pandji yg tentu sj bkn politikus yg haus kuasa. U anies sandi ? NO.,1,fn_hatespeech_id
Besok aku nonton,0,
jelek saja anaknya ayahnya cakep2,1,relabel
si amanda mukanya tante umur tetapi muka boros sekali dasar cabe jujur saya mah tidak suka ama ni haltis,0,relabel
"Mulutmu bau tai babi,pembela orba ARAB PRIBUMI SPT USER MEMALUKAN!HIH BNYK BACOT DICULIK LOE SM PRESIDEN BUBAR'2030! URL",1,fn_hatespeech_id
wajah2 anak skul sangat yaakk mase alami sangat suka liatnya lagu ma suara keren palg yang pakai bando suaranya mantap,0,relabel
"yg penting mah bulan madu dulu,,nikahnya ntar aja kalo inget??",0,dataset_research
"""Gemesnya isyan kayak tango, berlapis lapis ciaaaa""",0,tiktok_v2
"USER USER Bani kampret mah udah sering pengecut nya, nah klo gagah berani itu Ahok.'",1,fn_hatespeech_id
anjing pantas barang yang dikirim saya rusak,0,relabel
"""dasar orang tua gada akhlak,ngajarin anaknya yang ga bener""",1,tiktok_v2
Mudah banget ya artis2 sekarang menjadi pejabat. D Indonesia Iki seolah2 sdh kekurangan orang pinter berkuwalitas. Sampai2 status artis yang sdh bergelimang harta masih terus berburu menumpuk harta dengan merambah ke dunia politik. Sedangkan kompetensinya blm tentu bagus belum tentu sesuai dengan bidang kepemerintahan. Janji terkenal saja bisa langsung duduk d kursi pemerintahan.,1,
"Di Malaysia sekarang ada Akta anti bully 2026, pembuli di bawah umur bisa dikenanakan denda RM 250.000 sampai hukuman penjara, dan termasuk org tuanya juga bisa dihukum.",1,
"USER Jangan memaksa rakyat berfikir jika para teroris itu bisa di pesan oleh para politisi... \nBikin UU yg berguna utk Rakyat,bukan berguna utk para Keparat. Utk itu anda di gaji...\xf0\x9f\x98\xac'",1,fn_hatespeech_id
pembodohan Publik,1,dataset_research
tidak cantiknya gila,1,relabel
bangga pencapaianmu teruslah berprestasi,0,relabel
Drama cina,0,tiktok
itu kenapa bibir pak eko,1,tiktok
Alquran hanya kitab sampah beraroma darah & air mani Bung Tifatul,1,fn_hatespeech_id
monyet ngeselin sekali,0,relabel
"usut tuntas ucapan saudari ripka, suruh buktikan ucapan mereka, apa jasa mereka, baru jadi kader pdip bicara se enaknya",0,tiktok
"""bangsat, aku belum print dokumennya""",1,manual_augmentation
Selalu menggali lw awokwowkwok,1,dataset_research
iPhone pun gk sanggup merubahnya,1,dataset_research
dari awal udh gaenak badan🙏,0,tiktok
kukira efek ternyata beneran,0,dataset_research
Export aja dul buat sebarkan ahok ke hongkong sapa tau ahok jd gubernur hongkong haha URL,1,fn_hatespeech_id
"Hapus admin, bikin aku bahlilphobia",1,tiktok
nepotisme kali kak ðŸ˜­ kan titipan golkar,1,tiktok_v2
kucing saya takut sama anjing tetangga,0,manual_augmentation
SERU NIH KLO TIMNAS JUNIOR LAWAN TIMNAS PUSAT DI FIFA MATCH DAY 😊👍,0,
Janji jokowi soal 10 juta lapangan kerja ternyata benar adanya .\nBuat TKA china tapi',1,fn_hatespeech_id
artis abal abal muka putih tangan hitam ager2 atm nya sudah isi,1,relabel
USER USER Yg mau menggembosi FPI ternyata kualitas kaum bloon.. \nMemang cebong terlalu dan terlaknat fitnahnya. \nSutradaranya kelas kotoran gembel..',1,fn_hatespeech_id
X de man benar -benar meminjam buku saya,1,dataset_research
"""Si anjing ketika berfoto dengan si anjing""",1,tiktok_v2
Om ruben lbh baik sll berdoa dan simpan sgl ucapan mereka yg sdh mulai mnyerangmu All9h akan mnunjukkn kuasanya kepd org org yg sombong yg mnyekutukn Alloh swt ....lht saja cpt ato lmbt akan nampak mana yg dihancurkn khdpnnya oleh Alloh krn ulahnya lht saja karma itu pasti ada koq,1,
Kuatkan & rapatkan USER USER angin kian bsr mnerpa pemerintahan Jokowi. Lengserkan Pak Jokowi mk naiklah USER AmbisiTercapai,1,fn_hatespeech_id
"ketika suara rakyat dan mahasiswa tak lagi di dengar,semuanya hanya bergantung pada ketokan palu😥RUU tetap di sah kan meski banyak yang menolak",0,tiktok
mandi 3 kali sehari bang biar nambah cakep,0,dataset_research
japok gateeel memang sudah main si mamad sampai si jessica dimusuhin deddy corbuzier saja jijik si japok semenjak nagita diundang hitam putih nagita cerita panggung saja sih saya,0,relabel
paansi martabak kacang,1,dataset_research
"Didikan orang tuanya mungkin seperti itu,,, yah mungkin akan kena karmanya nanti apa lagi anak yatim,,, dia akan merasakan nya nanti ...",0,
"""BANTU BEDAINN WOYY MANA ANJING MANA BABI""",1,tiktok_v2
37detik,0,dataset_research
Kamu juga kan,1,dataset_research
berdua itu tidak mikir bikin kisruh terus klo benar berarti tabur tuai itu nyata,0,tiktok
"""laporan warga mencatat babi hutan masuk area kebun""",0,manual_augmentation
Ga ada yang nggak benci sama lo di sini,1,cyberbullying_1000
"""anjing peliharaan kami baru selesai dimandikan""",0,manual_augmentation
Lo itu so toxic everyone is better off without you,1,codemixed
tidak dikatain monyet kelakuan monyet,0,relabel
Gausahh bacott marah² gituuu buuu ! Tabok akaa langsung!,1,
"Dengan gampangnya dia bilang ""NAMANYA ANAK-ANAK"" oke sy tandai anakmu buk. besok sy suruh anak sy kasi pelajaran ke kamu. dan akan sy bilang juga dengan perkataan yang sama. ""NAMANYA JUGA ANAK-ANAK"" orang tua yang kaya gini juga yang harus diberi pelajaran. gak bisa didik anak..",1,
Percuma berkerudung klo bully anak Gak ada penyesalan sama sekali jdi pengin nabok liat mukanya,1,
"Kalo ga sma arhan,kita ga tau kamu siapa kak😅",1,tiktok
Besok kalau Prabowo nyapres lagi dan teriak-teriak masalah ketimpangan jangan dipercaya. Dia aja ngatain wartawan gaji kecil kok,1,fn_hatespeech_id
ih becus makrum becus ngrebut suami orang hehe,0,relabel
@sawmangames i can gurantee you that no they didnt,0,
ya pandangan tuhan kamu jelek sih saya perebut suami orang tuh mulia dimata tuhan,0,relabel
jemima anak angkat celine eleeya anak hubungan celine dirly terharu tahu jemima anak panti asuhan rawat wajar stefen pilih celine karena hatinya,0,relabel
USER USER Telat lu kunyuk',1,fn_hatespeech_id
Lo itu so mean tapi gak sadar diri ugly inside out,1,codemixed
bentar lagi bakal ada komen nyalahin cewek,0,tiktok
pacar yang tidak seperti sekarang brutal seperti bangsat,1,relabel
"tapi itu butuh kecerdasan,bicara membaca suasa,klk dia GK pinter mna bisa masuk walupun pakai orang dalam itu butuh kecerdasan jg",0,tiktok
si anj bpcah tengil bat kont,1,dataset_research
hahhahaha sesungguhnya allah swt melaknat wanita perebut pezina suami sah oranglain,0,relabel
jerawat lu ajh bang warna'in biar ga ketauan hahah,1,dataset_research
idm hallo ami tolobg bantu ya huhu ini aku masalah album ku yg ga sampe sampe,1,dataset_research
Gua Itsgrar,0,dataset_research
aduhh susah kalau urusan sma jerome rumus matematika bahasannya daya diriku yang suka bahas inggris daripada matematika,0,relabel
anjing tidak pantes bidadari,1,relabel
USER USER Arseto itu monyet ngak tahu adab dan moral',1,fn_hatespeech_id
ingett hidup kamu tidak seenak rikkk hidup kamu susah salam teman smp pas kamu burikkk eh sekarang saja,1,relabel
Singad2 ??????,0,dataset_research
"USER USER Pikiran dongo jgn tll diumbar koh....pagi"" bikin anu aja..\xf0\x9f\x98\x82'",1,fn_hatespeech_id
"asal ngebales bully nya ga senang, ya ttp aja faktanya sama sifat neti nanti kebawa jg ke lingkungan, trs ada masih bnyk tuh nanti pembully kedepannya ga habis""",0,tiktok
"USER Orang tua ini, suka ngibul, pekok, dan sontoloyo !.'",1,fn_hatespeech_id
"HAJARRRRRRRR BU JANGAN BIARKAN TUH ANAK SOK JAGO, INJEK LAGI LEHERNYA BIAR TAU RASA....",1,
idungna miring,1,dataset_research
Keturunan majikan Yaman Loes Boy hahahha,1,dataset_research
Alay emang,1,dataset_research
RT USER Yg mau bntu Muslim Rohingya jgn bilang siapa-siapa ntr dibilang pencitraan.apalagi USER tau USER USER USER,1,fn_hatespeech_id
"""makan nasi padang aja begini badannya""",0,tiktok_v2
Keturunan cina rasis ini apa juga paham sejarah Indonesia ? Paling-paling tidak paham juga? -,1,fn_hatespeech_id
"USER USER USER Iyalah emangnya lu, burik wkwk.g'",1,fn_hatespeech_id
gak menyangka gw,0,dataset_research
pagi panggil anjing saja kamu motornya ugal ugalan,0,relabel
Lo itu so loud and obnoxious shut your mouth,1,codemixed
ini aku toton di bioskop gilakk seru bgt,0,
keren banget jadi bang safnoviart,0,tiktok
wkwkw bocil virtex,0,
meldi perhatikan orang china deh cantik,0,relabel
salut mel semangat belajar yang ngetawain berani,0,relabel
eh anjingnya ci jessica saya lempar kamu,1,relabel
Hebat kok dipenjara dipenjaranya dijaman USER pula URL,1,fn_hatespeech_id
"dah kalo saya jadi orang tuanya, ku jemput jam 3 pagi itu guru macam gitu🗿 siapa yang tega anaknya diperlukan begitu",0,tiktok
"Endingnya PELAKU D BEBASKAN KARENA MASIH D BAWAH UMUR atau mungkin PELAKU BAKAL D HUKUM RINGAN,DENGAN PERTIMBANGAN USIA PELAKU MASIH MUDA N MASA DEPAN MASIH PANJANG",0,
No way Youtube commented! (14 hours ago with 548 likes),0,
Apalah kelian gk di like yang ada dukung ci vilme sadar di ri lah babi kalain artinya kalian yang suka buli yurika,1,
"USER kenapa para kecoa cuma komplain penggunaan bahasa cina di tempat umum?sedangkan di tempat umum banyak yg menggunakan bahasa inggris tidk depermasalahkan?karena para kecoa takut sama org bule,pengecut doang \xf0\x9f\x98\x82\xf0\x9f\x98\x8",1,fn_hatespeech_id
Ada yg liat si jo sama wulan guritno nggak. Gimana marahnya si jo ama wulan guritno. Ampe ketawa liat si jo. Sok ke PD an mah dia😂😂😂,1,
Semuak ini liat mukanya,1,tiktok
ngerecokin negara,1,tiktok
Yurika jujur siapa yang bully adek yurika aku benci banget awas ya jangan padabbully yurika😡😡😤😤🤬😾,0,
jari jari nya gede gede sekali pas ngiklan makan ikan danau hambar jarinya mirip jempol hawak benar,1,relabel
"USER Limbat bloon, ya Allah. :)'",1,fn_hatespeech_id
musang birahi,1,tiktok
Gila emng nih negara,1,
haha karma tidak pernah salah,1,tiktok
ain't no way i missed it two days ago,0,
"jujurrlyy jule jugaaa lebihh bersinar dan cantik masyaAllah, sama daehoon😭",0,tiktok
"warga korsel kurang SADAR DIRI pemain timnas nya bapuk, tapi ketinggian ekspektasi 😂😂",0,
bacot,1,dataset_research
x baca caption mikir pakai kalkulator cuyyy hahaha,0,relabel
gak cocok lu joget mirip kurcaci cabang bojong kulur,1,dataset_research
video dokumenter itu membahas kehidupan monyet di hutan,0,manual_augmentation
gua yang udah muak dengan namanya klarifikasiðŸ˜‚,0,tiktok_v2
yaaa namanya juga nemu ditempat yang sama disitu2 juga brave sama panda wkwkwkk pasti gak beda jauhh dunia gitu samaâ˜ºâ˜º,1,tiktok_v2
KAYAK WOOJIN KESRINGAN BARENGIH DASAR ANAK KEMBAR,1,dataset_research
mendingan gua beli tas no merk drpd ketawan beli branded fake????,0,dataset_research
"""Njir meskipun udh lama nih poto di post tapi masih banyak yg komen baru2""",0,tiktok_v2
"@Bubu ??: iye iyeee, maapin kita yg fakir ilmu ini ye tuan putri Tasyi ??",0,dataset_research
Tasyi ternyata redflag juga ya,1,dataset_research
"Makin terbukti kalau orang Korea rasis,negara lain aja yg gak lolos tidak sampai segitu ke pelatih",1,
USER USER USER Celeng nyebut celeng? :)',1,fn_hatespeech_id
"Hidup miskin banyak tingkah otak dengkul monyet anjing babi hutan,,yang kaya gitu bukan anak² lagi",1,
"Sejak Prabowo orasi bahwa ""Bantuan utk Rohingya hanya pencitraan"" Isu PKI semakin masif saja beredar di media Online dan Sosmed. Kenapa ya?",1,fn_hatespeech_id
polossss keren tidak neko2 kayaknya jossss,0,relabel
kirain chacu dililit ular weling ðŸ¥ºðŸ™,1,tiktok_v2
dh masuk grup blm zah?,0,tiktok
mungkin standar cantik nya disana kyak gini ðŸ˜Œ tapi plis cinta kalo balik ke indo jngan kyak gini ya. takut nanti nggk bisa bedain yang mana Lina Mukherjee ðŸ™ðŸ»,1,tiktok_v2
ini cwo paling ganteng sedunia sampai akhirat??????,0,dataset_research
cerdas ibu Siti Zuhro 👍,0,tiktok
"""INGETT HIDUP LO DULU GA SEENAK INI RIKKK. HIDUP LO SUSAH!!!! SALAM TEMEN SMP PAS LO BURIKKK. EH SKRG SAMA AJA""",1,tiktok_v2
"MasyaaAllah ,mertuanya kaya tpi bnyk sedekahnya,mas Danilnya soleh,laki2 bertanggung jwb",0,
beli baju lonte nanti kena sial,1,relabel
biarin puas puasin mumpung deseu berasa muda nanti kalau sudah tua nyaho karma,0,relabel
"Block aja lah si bencong asu \xf0\x9f\x98\x82\nKalo cuma main upload screenshot mah gue juga bisa bencong tolol! :v\nLaki itu ketemu dan adu jotos,, bukannya malah nyinyir dan upload screenshotan! :v\nDasar bencong kontol! \xf0\x9f\x98\x82\xf0\x9f\x98\x82\xf0\x9f\x98\x82'",1,fn_hatespeech_id
BACOT!! HOMO!! ANEH!! BANGSAT!! GOBLOK!! PEA!! BAJINGAN!! SENGKLEK!! RADA2!!\nTpi gua sayangghh aghh mhh',1,fn_hatespeech_id
"ketika suara rakyat dan mahasiswa tak lagi di dengar,semuanya hanya bergantung pada ketokan paluðŸ˜¥RUU tetap di sah kan meski banyak yang menolak",0,tiktok_v2
Saudara tidak malu pada pria yang sama begitu banyak pria,0,dataset_research
Benarkah leluhur Ratna Sarumpaet dan Prabowo satu pergerakan dimasa hidupnya?,1,fn_hatespeech_id
gw kelangkaan senyumnya njir??,1,dataset_research
untung puasa kalau tidak sudah saya maki kamu anjeeng bangsat,1,relabel
Tapi pengadilan di SK masih mending sih bisa tetep berpihak pd korban pdhl ada bapaknya yg jaksa yg pasti punya pengaruh kuat. Buktinya banding brp kali tetep si korban dimenangin. Klo di Indonesia kasus model gini udh pasti anak jaksa bakal dimenangin. Inget kan kasus anak Rafael Alun yg mukulin sampe koma gara2 cewe? Itu kan dipenjara cuma main2 doang.,1,
Ini pasti salah Jokowi! URL,1,fn_hatespeech_id
ini mirip kasus eps 1 di tyal yakk:’),0,
buset dugem tiap hari pdhl kerja nya babu,1,dataset_research
umur segini si babi,0,relabel
keren yaaa kesederhanaannya terpancar sukak sama keluarga presiden,0,relabel
20 years 🎂,0,
si monyet dimenangkan kecurangan,0,relabel
"""Sumpah sih jahat banget. Bener2 kasian sama kak jessica""",0,tiktok_v2
semangat rick usaha barunya,0,relabel
"Dlm otaknya jauh"" ke korea...g dpt untung",1,
anjing laut hidup di daerah dingin,0,manual_augmentation
"""CONGRATS KAK ISYAN semoga karya nya apa yg dilakukan kakak sukses teruss""",0,tiktok_v2
babi itu. anak orang baik2 di buat susah. jgn di lindungi,0,
aura prindavan,0,tiktok
"Aku dulu juga putus sekolah pas mau naik kelas 2 Mts awal masuk Mts itu semua baik"" aja sampe akhirnya sering di ejek"" awal nya cuman ejek an biasa aku ga nanggepin tapi lama kelamaan tas aku di coret"" terus tas nya di tari Ampe putus tali nya pdhal itu baru di beliin ibuku . Buku aku di coret"" pr yg udh di bikin di sobekin . Puncak nya itu pas perkemahan di Cikupa Garut pas mandi baju ku di ambil jadi aku diem aja di kamar mandi udh beberapa jam nunggu ga ada yg Dateng terpaksa keluar bugil sumpah malu banget yg lain pada ngeliatin banyak yg ngetawain untung ada Kaka pembina yg baik minjemin baju dari habis itu aku ga pernah dtng lgi ke sekolah aku ga bilang ma orang tua kalo aku di bully soal nya ga tega waktu itu kelurga ku BNR"" miskin untuk makan aja kadang ada kadang terpaksa nahan lapar . Sampe saat ini aku masih ingat muka orang dan namanya Siti sa'adah yg jadi ketu pembully nya yg lain cuman ikut"" an aja",0,
anjing-anjing neraka yang menyamar menjadi ustad,1,tiktok
even in 2025 youtube got rickrolled.. maybe there is hope for humanity after all,0,
"Ya, Dongta Donghae, I Sings I Knump",1,dataset_research
WE ALL KNOW U CAME FROM THAT ONE VIDEO LMAO 😂,1,
cocok nih buat yang lagi diet kalo mau makan langsung tonton ini aja 100% nafsu makan hilang,0,dataset_research
Aku dulu lahir di Jogja Jogja dijuluki kota berhati nyaman Pantes aja aku langsung pake hati kalo udah nyaman dikit,1,dataset_research
cantikk bangett semangat kaka 🥰🥰🥰,0,tiktok
bingung kan jawab nya,0,tiktok
"kayak kasus UI, baunya udah gak ada",1,
Kakak brav ganteng sekali🔥🔥,0,tiktok
Demo 299 adalah demo stress frustrasi dan gagal. Tadinya demo itu menjadi demo massal dengan ratusan ribu dan... URL,1,fn_hatespeech_id
mukak kamu buruk anjing kamu,1,relabel
"tapi aku liat selena gomez juga kayak setipe gitu cantiknya kaya gini,paham kan yaðŸ˜­jadi ini ga jelek tapi kalian emang ga nyangka aja kan klo dia cinta kuyaaa",0,tiktok_v2
segenap hati maaf,0,relabel
"""gila, tinggi banget ombaknya""",0,manual_augmentation
"""OOTD mama gigi simple tapi elegan dilihat nya, masyaallah""",0,tiktok_v2
"USER USER USER Matamu picek, itu kinerja lanjutan dari USER alias Ahok.'",1,fn_hatespeech_id
USER haha akun pler. Jangan culun berlindung dibalik akun fans club. \xf0\x9f\x98\x9d',1,fn_hatespeech_id
ganteng anjingnya eh eh kamu tidak pantes anjing anjing setia pantesnya sih babi hahahaha,1,relabel
"""kata monyet di laporan itu jelas merujuk pada satwa liar""",0,manual_augmentation
gak kelar2 kasus ini,0,tiktok
dah ga aneh model bgnian ??????,0,dataset_research
Beberapa gadis adalah sampah durjana,1,dataset_research
RT USER Karena PKI adalah cara Soeharto menyingkirkan Soekarno. Sekarang mau ditiru oleh Prabowo. Mungkin krn msh menantu!,1,fn_hatespeech_id
"""Potret ketika anjing poto dengan setan""",1,tiktok_v2
"""poster konsernya kelihatan kampungan menurut saya""",0,manual_augmentation
"""Ngga alay. Ngga muluk muluk. Natural. Sukaaaa",0,tiktok_v2
Orang Korea aja yg lebay... Kluivert aja ga digituin....,1,
puny cewk selingkuhin tidak ngotak,1,relabel
tinggal nunggu berita banjir etanol di rumah beliau,1,tiktok
"pinter membodohi rakyat?... faktanya dilapangan gd uang sama orang dalem meskipun lu pinter gk bakal guna, orang nilai aja bisa di beli kocak² jgn samakan logika sekolahmu dgn dunia luar bergaul bro dunia luar kejam gk sebagus expetasimu🤣🤣",1,tiktok
idungnya.. ????,1,dataset_research
arap yang udh nangis terharu bilek 🗿,0,tiktok
Perubahanmu menghancurkan mimpi itu,1,tiktok
USER USER USER Yang dongo bego itu loe',1,fn_hatespeech_id
"spill dosennya lah, dipanggil ustad kelakuan kek iblis",1,tiktok
"Nggak ada yang peduli sama lo, makanya curhat di sosmed mulu",1,fn_fp_reduction
USER USER Itulah kampret keparat radikalis pecinta kotoran onta. Beda dgn USER yg selalu berjuang membangun NKRI. Kalo kampret genk si cabul rizieq syihab bisa ngapain? Mrk cuma bisa RIBUT RUSUH RUSAK! Malu oh sungguh memalukan!',1,fn_hatespeech_id
USER WISHNYA KE LU SEMUA TAI.',1,fn_hatespeech_id
Cuaca hari ini nice banget perfect buat jalan-jalan,0,codemixed
Baru baca book yang kamu recommend bagus banget sih,0,codemixed
Andai ahok masih jadi gubernur sudah ditutup itu rumah sakit URL,1,fn_hatespeech_id
"Liburan seru, banyak foto bagus dihasilkan",0,contrastive_dataset
USER USER USER USER USER USER USER USER USER USER USER USER USER USER Ulama dr Importir Timur Tengah\nYg haus dengan kata Kopar Kafir Musyrik Bi'ah,1,fn_hatespeech_id
anjing tolol kamu goblog,0,relabel
"TKA China sdh berani melecehkan bendera Merah Putih...; ; Apakah kita akan diam saja..!!; ; Semakin TKA China banyak yg datang, semakin mrk AROGAN krn merasa kuat..; ; Apalagi didukung oleh Rezim Penguasa, dg kemudahan TKA China masuk ke NKRI.; ; Mau dijaj",1,fn_hatespeech_id
"""Padahal bulug gini ya mukanya.. ehh,, maaf..""",1,tiktok_v2
Kalo Gubernur AHOK masih eksis trus ada kasus Bayi Debora. Hmm...rasakeenn!,1,fn_hatespeech_id
username goblok tidak netizen yang kontra sama postingan si via bakajaer kali mba mas ih goblok dipiara lol,0,relabel
aduh mba mending benerin tuh plafon lu udh rembes,1,dataset_research
"hallo mas hansol mungkim aku sedikit nambahin beberapa detail yang mungkin gak disampein disini ya 1. jurgen klinsmann itu menurut sebagian besar fans k-football jadi pemicu utama kenapa son heung min sama lee kang in sempet berantem pas piala asia 2023 2. sebenernya penunjukkan HMB sama JK ini sempet diinvestigasi sama kemenporanya korea tahun 2024 karena banyak yang gak beres soal hal itu. bahkan HMB ini ditunjuk gak pake jalur resmi kalo baca dari beberapa media korea ketambahan pesangonnya klinsmann itu tergolong tinggi buat pelatih yang bahkan ngelatih timnas dari jarak jauh. dan baru2 ini, jin jong oh (mantan atlet korea yang sekarang jadi anggota dewan) juga udah ngeluarin statement kalo emang penunjukan HMB ini bener2 gak beres samsek dan dia udah ngerasain hal itu sejak 2024 juga 3. sebenernya kemenpora korea udah nyuruh CMG buat mundur sebagai ketua KFA pas investigasi itu. even pemilu KFA itu harusnya diadain januari 2025 (kalo gasalah harusnya beda berapa hari gitu sama pemilu BKA yang notabene juga di periode yang sama sempet kena masalah juga). dan awalnya waktu itu gaada dia di bursa calon ketua KFA. nah entah kenapa gaada hujan gaada angin tiba2 pemilu KFA ini diundur sampe ke februari dan tiba2 ada dia di bursa calon ketua KFA. btw CMG ini kalo gasalah chaebol dan kemungkinan besar jadi donatur utama KFA 4. pemerintah sana lewat KSOC sebenernya bukan gak berani buat ""nindak"" KFA. masalahnya, KFA ini berlindung di balik statuta FIFA yang isinya melarang keras intervensi pihak ketiga dalam pengelolaan KFA. makanya ketua KSOC yang sekarang, yoo seung min sempet ngeluarin statement kalo dia harus sedikit hati2 sama KFA karena posisinya maju kena mundur kena",0,
USER Malu maluin anak medan kau ruhut!\n\n#quiz \n\nSiapa ya yang kalo berkoar suka bawa bawa ras dan menghinan pak JK ampe foto politikus brengsek ini bakar di makasar??',1,fn_hatespeech_id
Mampuuss ! Di tembak dalem banget silvyy .. lo urusin tuh dapurr ! Gak punya program demennya nyerang terus !!! #gue2 #DebatFinalPilkadaJKT,1,fn_hatespeech_id
"dengan pemberian gelar pahlawan kepada pak Harto, akhirnya kita tahu siapa-siapa yang menolak dan itu menunjukkan jika mereka itu keturunan siapa. pada keluar dengan sendirinya kan yaaa... 😂😂",0,tiktok
USER USER USER Gubernur bego dlm sejarah DKI',1,fn_hatespeech_id
pagi jay bangsat lupa sarapan nyet,1,relabel
RT USER Sentul kan kawasannya prabowo... abis jatahan ya... asyik..,1,fn_hatespeech_id
laki laki benar berjuang unt anak istri membahagiakan istri insyaallah dunia rejeki yang tidak disangka sangka akherat surga kelak amin,0,relabel
monyet ya begitu om nya yang culas orang yang dicela bodoh namanya begitu,0,relabel
"""jalanan kota terasa seperti lautan kendaraan""",0,manual_augmentation
"""Dikasih bidadari malah milih dajjal awokawok:v""",1,tiktok_v2
"""monyet ekor panjang sering ditemukan di kawasan tropis""",0,manual_augmentation
pelatih kok disalahkan pada dasarnya orang orang korea selatan goblok main bola wek wek wek,0,
ada yg tegak tapi bukan keadilan??,0,dataset_research
"""Setuju g sih? Si dia tetep cntik bgt meski g pke make up? lah aku g pke make up pucet bgt kyk g makan setahunn""",0,tiktok_v2
"""babi hutan merusak tanaman singkong warga""",0,manual_augmentation
Tragedi 98 ternyata juga salahbsatu upaya komunis oleh prabowo,1,fn_hatespeech_id
lebay si,0,dataset_research
saya liat monyet hutan pintar mencari makan,0,relabel
bot temennya dora monyet ya,0,relabel
eeee si pelacur situ becus jadi brempuan memang becus sampah sih iya edeuuuuuh lonte lonte,1,relabel
Wajah wajahnya kayak wajah profokator setan,1,
I AM HERE BEFORE IT IS IMPOSSIBLE TO COMMENT,0,
pembagian suaranya pas sangat pecah suaranya juga cakap,0,relabel
USER USER USER USER USER wuih.. paham betul Jawa Timur..; kok ndak jadi penasehat gubernur toh mas.. kok malah mburuh pabrik..; eman2 potensimu mas..#eh,1,fn_hatespeech_id
"""logo lama itu menurut saya jelek untuk brand besar""",0,manual_augmentation
Datengin saja rumahnya rame2 sampa Raffi berjanji untuk dibatalkan menempatkan assisten pribadinya di Krakatau steel sebagai komisaris! Tapi ingat jangan sampai kalian menyakiti anak2nya karena mereka tidak bersalah!,0,
cocok ko bajingan,1,relabel
"Puisi kampungan! Sudahlah bodoh ilmu dunia, bodoh pula ilmu agamanya. Innalillahi'",1,fn_hatespeech_id
ketiak hitam buluk kamu edit nutupin daki diketek kamu aka hitam ketiak kamu dasar dugong rosameldianti_,1,relabel
"Udh tua sok ganteng pulaaa 🤣 ceramah soal selingkuh bla bla bla, kelakuan sama aja. Udh slesai main Bapak2annya? ""Will yuu miri mii"" 😂",1,tiktok
"enid ? 
Udin ?",0,dataset_research
USER Maklum namanya uga Bani pinggiran koreng',1,fn_hatespeech_id
mending beli barang..sesuai gaji... kalau gak mampu.. gak usah........... jadi malu sendiri...,1,dataset_research
"""kata jelek di sini digunakan untuk menilai kualitas gambar""",0,manual_augmentation
"""monyet kecil itu makan pisang di kandang""",0,manual_augmentation
lemas ya mulutnya berani ststus sudah begitu tulisannya sengaja biar tidak kebaca takut kali labrak mmmm artis kampungan sih ya wajar ya,0,relabel
malu2in sihh ????,0,dataset_research
LAH KATANYA UNIV KORSEL UDAH NERAPIN PENYELEKSIAN KETAT BUAT PARA PEMBULLY KOK TU ORANG BISA MASUK SNU?!,1,
Makanya USER itu bagian dari Koruptor.sebab dia paling kenceng minta KPK di bubarkan.fahrisetan URL,1,fn_hatespeech_id
"Energi jordy beneran GK bagus.. mau gimana lagi, hukum tabur tuai berlaku selama anda masih hidup di semesta.",0,
"orang bener jodoh nya ya bener, orang gak bener ya jodohnya tidak akan bener rempong ðŸ¤£",1,tiktok_v2
USER SI PEREK RT RT LAGI:)',1,fn_hatespeech_id
USER USER USER Oalahhh si USER DUNGU ini msh jg memamerkan tempurungnya.',1,fn_hatespeech_id
yah admin nya golongan pengonsumsi mecin pil pcc otak kamu rusak min,0,relabel
RT USER: Satu lagi tim sukses Jokowi dapat jatah. Pertamina bakal makin rugi... URL,1,fn_hatespeech_id
"Yang patut ditunggu oleh kita semua \n\nBani Hoax mulai membangun Ahok seperti Nelson Mandela\n\nPertanyaan memalukannya selanjutnya adalah, apakah Ahok ditahan di LP seperti mandela?\n\nMandela itu pahlawan, sementara ahok itu pemimpin yg suka marah2 d",1,fn_hatespeech_id
bajingan bangsat kamu sombong sekali,1,relabel
"""Muka lu keriput kek aki aki""",1,tiktok_v2
Harus berani legowo dan mental ksatria 🙌,0,tiktok
"""berita lokal menyebut anjing liar meresahkan warga""",0,manual_augmentation
"""kata jelek pada ulasan ini merujuk pada kualitas produk""",0,manual_augmentation
ngapa lidah kamu stroke amin deh begitu,1,relabel
"Keluarkan dari sekolah, tolong dong yang bisa bantu viralkan ke kepala sekolahnya, mohon bantuannya",1,
"APA COBA IBUNYA BILANG ""namanya juga anak anak"" ITU GA BOLEH TAU. BULLYING ITU BISA DI MASUKIN KE HATI NANTI SAMA KORBANYA MAU MINTA MAAF PUN GA CUKUP",1,
yang tidak becus tuh loh jedun hidup nya bisanya ngerusak kbhgiaan orang hidup serba mewah tetapi tidak kerja malah morotin laki orang karma pasti akan mnghampirimu,0,relabel
You're such a loser kasian banget hidup lo,1,codemixed
RT USER Ayo jenderal tebarkan pesonamu demi 2019 jangan USER lagi lah calonnya,1,fn_hatespeech_id
kamu kontol tidak ajg anak dakjal,1,relabel
emang kelebihannya Bahlil apa gw tanya? penasaran gw,0,tiktok
"USER USER USER Malah modelnya itu yg munafik, mainin SARA, rakyat Indonesia masih waras jadi hasutanmu ga ngaruh untuk ganti presiden ?????????????",1,fn_hatespeech_id
"USER USER USER USER USER USER USER USER USER USER USER USER bangsad lu nan, marah ni gue'",1,fn_hatespeech_id
"""anjing saya suka duduk dekat pintu depan""",0,manual_augmentation
nyari kerja skrg susah ðŸ˜…ðŸ˜…ðŸ˜…,0,tiktok_v2
rusuh monyet wkwkwk,0,relabel
Un,1,dataset_research
"??? buruk sekali perilaku anda, Djan Faridz sy tak kenal dan tak pernah ketemu selama pilpres. ; ; Sutiyoso sy tau dan sy dukung dulu jd Ka BIN. ; ; Anda ngawur dlm hal ini. Tolong ganti dulu ava mu, kasian Almarhum Lopa km pake wajahnya sementara km tukan",1,fn_hatespeech_id
Disekolahin bukannya pada tambah pinter malah tambah goblok.,1,
ga pernah ngefans??,0,dataset_research
cari sensasi tenar terus banyak folowers nya tidak begitu begitu juga kali darar orang setres bicara saja belepotan tidak begitu kamfungan,0,relabel
"Selesaikan tantangan baru, puas sekali rasanya",0,cyberbullying_1000
"- Mau seleb td kelakuan kayak tai, dan ga disukai orang? Temen tipe pansos ini bakal tetep 'nunggangin'. Foto bareng, ngobrol bareng bahkan klo ga nyambung skalipun.\n\nBerbeda dengan fans ya...\nPansos ini suka sama lo buat nunggangin arus yg dia pikir",1,fn_hatespeech_id
"""babi ternak perlu pakan yang cukup setiap hari""",0,manual_augmentation
"""buset, banyak juga yang datang""",0,manual_augmentation
"USER Iya, aman karena mayoritas Rakyatnya yaitu umat Islam yg hatinya sering bapak sakiti, sukses mengendalikan diri, sukses menjaga emosinya untuk kepentingan persatuan bangsa. Lah bapak sendiri sebagai Presiden malah memelihara cebong yg ke",1,fn_hatespeech_id
Efek TGB Kayaknya bnyk temen2 yg bicaranya mendadak udah kek cebong ya?! \n#OgahJadiCebong',1,fn_hatespeech_id
baru nakal jd norak ni org,1,dataset_research
FINALLY YOU COMMENTED ON THIS,0,
"""Anaknya udh pinter, maknya yang kelempengan.. berasa masih baby, tingginya azka aj melebihi mamanya..""",1,tiktok_v2
demi allah ga boong takut banget,0,dataset_research
Sy pendukung Ahok tp g rela beliau jd gubernur stlh pengkhianatan yg dilakukan sbgn besar warga Jkt... URL,1,fn_hatespeech_id
iklan ini aneh konsepnya tapi lumayan menarik,0,manual_augmentation
USER Aseng teriak aseng kaum munafik',1,fn_hatespeech_id
"Babi teriak babi. Ini tipe bapak gagal banget. Anaknya jd sampah. Dan pasti tipe gini ini pengacara yg ngebelain penjahat. Hanya karena viral aja bisa minta maaf diakhir, cuma dimulut tapi ya. Viralin terus lah gini nih mumpung ketauan. Ga berhak mereka hidup normal setelah hancurin hidup orang lain.",1,
USER Muka lo aja burik bangsat. Gimana mau dapat ewean USER',1,fn_hatespeech_id
Caper Bgt MBA,0,dataset_research
"""Keliatan bgt anjingnya ketakutan foto sama dakjal""",1,tiktok_v2
Soeharto tetap di hati,0,tiktok
cakep bgt sampe mules liat muka mba nya,1,dataset_research
anjing nyeremin sekali,0,relabel
"Agar Muslim moderat tak jadi sasaran tembak, Buang Islam USER MUI: kalau baru terduga sudah ditembak, tak setuju",1,fn_hatespeech_id
baru kali ini liat konter kreator sampe detail bngt di jumlah nya ditulis kaya dia yang baru pernah ke jepang ajaa??,0,dataset_research
tidak jauh jauh dari ajudannya ngibulnya,1,tiktok
Capek bgt Ya Allah.. mau ga peduli tp gabisa..,0,tiktok
"orang bener jodoh nya ya bener, orang gak bener ya jodohnya tidak akan bener rempong 🤣",1,tiktok
paket lengkap deh sudah cantik pintar,0,relabel
gagah kali abang borisq kalau tidak baca nmx bner2 tidak ngeh kalau itu bang boris,0,relabel
"""babi kecil itu berlari mengelilingi kandang""",0,manual_augmentation
ketiaknya.......,1,dataset_research
"tidak terbayang kalo dia beneran lanjut sama sapri, junho eunho jena yang sekorea itu harus liat kuda lumping terus😭😭",1,tiktok
"Laporkan ke Polisi bu, itu sdh termasuk penganiyaan. maafkan nenek nya kalau dia minta maaf.tapi proses hukum harus lanjut.",1,
"parah sih cuacanya, bikin malas keluar",0,manual_augmentation
"Baca berita positif, ada kemajuan di sana-sini",0,cyberbullying_1000
USER USER USER Cebong dongokkkk',1,fn_hatespeech_id
"maju lo semua yang bilang tasyi mirip Buzz, gua kan skrg tiap liat tasyi jadi bayangin Buzz",1,dataset_research
"Kampret, lupa bawa charger lagi",0,fn_fp_reduction
Dalam ekonomi ini anak laki -laki Anda delusional,1,dataset_research
"""Klu @jeromepoline buat video tapi berdua aja seharian sama anak kecil, hahah lucu juga gimana riwehnya""",0,tiktok_v2
"Dapat rezeki hari ini, syukur banget",0,contrastive_dataset
"Pemilihan pelatih KFA dari Paulo Bento ke Klinsmann ini mirip PSSI dari STY ke Kluivert Bisa2nya milih pelatih yg rekam jejaknya sama2 gak jelas, tapi paling plenger PSSI sih bisa2nya ganti pelatih pas lagi menangan. padahal habis menang 2-0 lawan Saudi. Saat itu di Round 3 Kualifikasi kita di peringkat 3 dibawah australia cuma beda 1 poin :face-blue-smiling::face-blue-smiling:",0,
"poster itu terlihat norak, tapi mungkin target pasarnya anak muda",0,manual_augmentation
fans arhan dan fans zz akur ulang yah kalianðŸ˜‚,0,tiktok_v2
"""Cocok kok, emang orang baik mah buat org baik, kalo yg bejat mah emang cocok buat yang bejat juga ehehe""",1,tiktok_v2
up aja. biar jera itu si dosen,0,tiktok
"""ka nisa mirip ariana grande masa""",0,tiktok_v2
gila netizen sempurna ngehina orang,0,relabel
RT USER USER USER USER Ucapan mu bos yg berfoto dgn anis pasti benci ahok jokowi,1,fn_hatespeech_id
Youtube meine Schatz.,1,
apa yg mau diharapkan wkwkwk,1,tiktok
Betul itu kelihatannya JK mau main belakang lengserkan jokowi klo berhasil kan dia yg naik gantikan jd presiden seperti pak Harto diganti habibie,1,fn_hatespeech_id
"Kalau BANGSAT menjadi wakil rakyat, yg keluar dari mulutnya ya BANGSAT.\nKalau MONYET menjadi wakil rakyat, yang keluar dari mulutnya ya MONYET.\nKalau BABI menjadi wakil rakyat, yg keluar dari mulutnya ya BABI.\nKalau ANJING menjadi wakil rakyat, yg keluar dari mulutnya ya ANJ",1,fn_hatespeech_id
sudah saya capai baca komen,0,relabel
miris bgt yg komen padahal sesama perempuan loh.. dimana letak women support women nyaa???.. sehat sehat deh kalianðŸ˜Œ,0,tiktok_v2
kaget tiba2 fiki naki nikahðŸ˜±,0,tiktok_v2
pantas anaknya bertingkah seenaknya... eh bapaknya anj bgt,0,
gampangan bgt,1,tiktok
USER USER USER hebat bener ya bilang munafik. Perlu cermin ga \xf0\x9f\x98\x82\xf0\x9f\x98\x82\xf0\x9f\x98\x82\xf0\x9f\x98\x82',1,fn_hatespeech_id
CC USER USER; WOYYYYYYYYYYYY BANGSAT ASU BADAK MONYET CONGOR LOE KOAR KOAR JOKOWI PRESIDEN NGUTANG WOY MONYET BANGSAT SEMENTARA LOE NUNGGAK GAK BAYAR LISTRIK BENER BENER BANGSAT LOE,1,fn_hatespeech_id
"""Ntar Mati dalam keadaan konyol""",1,tiktok_v2
USER USER USER USER USER Amit amit jabang bayi dopinadoh minggato setan gombel setan banci sko TL',1,fn_hatespeech_id
senyum logo arsenal berkah,1,dataset_research
Nah we got two legends here,0,
Aku main ww deg degan mulu wkwkwk id kamu apaa,0,dataset_research
"Orang Korea gak beradab, seharusnya bersyukur sudah masuk Pildun ini malah membulli, dia pikir sepakbola itu matematika, itu hanya permainan.",1,
Iiiii cantik banget mamariiiiiðŸ˜­,0,tiktok_v2
banyak para pembullyan di sini ya,1,tiktok
Taukan knp undang-undang perampasan aset sampai hari ini ngga di sahkan,0,tiktok
"SEMUA ULAMA, KIYAYI, USTADZ, GURU MENGAJI, IMAM, KHATIB FAN DA'I ITU ADALAH BANGSAT TUKANG TIPU...",1,fn_hatespeech_id
sudah lh nasi sudah jadi bubur tidak dibentuk kek semulaaa,0,relabel
Kalah memang menyakitkan,0,tiktok
Kalo gua orang tua korban ogah damai.,1,
@udaraTerbuka: mon maap sejak kapan bright bibirny maju,1,dataset_research
Ayo Pancing Keluar Antek Komunis yg ada di NKRI dgn Menyelenggarakan Nonton Bareng Film Penghianatan G 30 S PKI,1,fn_hatespeech_id
"Aku juga korban bully masuk univ swasta karena selama belajar nggak fokus di bully terus, sedangkan yang jadi pembully masuk unair, ub dan univ jatim yang lain. Rasa sakit masih kebawa sampai tua",0,
valak versi indo,1,dataset_research
Giliran uu perampasan aset lama amat kajiannya🥀,0,tiktok
Lo tuh short banget kayak anak SD malu gak sih,1,codemixed
dia itu cuma sedih dirinya di hujat bukan sedih. akan timoty dia juga menyesal kerena kerena di hujat bukan. kerena menghujat timoty,0,tiktok
"""erica tuh endgame gw"" PREEEEETTTT",1,tiktok
Kayak nya bohong di aja senyum seyum,1,
RT USER Mana harga diri kalian USER? Lembek kpd antek komunis keras kepada anti. KaPolri Politic_ID,1,fn_hatespeech_id
orang otaknya tidak sekolahin ya resiko sudah upload sosmed ya dapat perbincangan netizen public figure tidak otaknya,0,relabel
"USER USER USER USER USER 1. Heran sama orang2 ini. Ketika kata aulyaa dlm al maidah 51 banyak ulama yang mengatakan itu artinya pemimpin, mereka kekeh bilang bahwa itu tidak diartikan pemimpin. padahal itu adalah kata2",1,fn_hatespeech_id
mau heran turunan arab ??,0,dataset_research
"gimana mau maju,warganya aja permasalin hal yang gak ngerugiin orang lain,dan malahan kena hujat",0,dataset_research
narkoboy kontol main cewek menyakiti saja kamu anjing mati saja kamu bodoh,1,relabel
"betul ih bnyak yg singel mom malah sukses2 aja, padahal dia udah mulai di sukai netizen eh malah berulah lagi",0,tiktok
"Separah itu pejabat negeri Konoha, udah di demo sampai berjatuhan nyawa enggak berdosa, malah enggak ada yang berubah sama sekali, nyesek banget ðŸ˜‚",0,tiktok_v2
si lintang juga ngerespon lgi wkwk pdhl dia kan udh punya cwo😂,1,tiktok
serem bgt jerawat nya,1,dataset_research
anjing ya erick,1,relabel
itu mukanya knpa,1,dataset_research
malah mirip joko kendil,1,dataset_research
mukbang makanan sehat kak salad jepang gituuu,0,relabel
mantap saya suka sangat ama agnes dia artis yang bertalenta kayaan dia tidak dipamer ky artis ygblain saya suka dia tidak pamer keren sangat,0,relabel
"gemukan kakaknya,,",1,dataset_research
;Kebanyakan fitnah nih mpok silvy #DebatFinalPilkadaJKT #Gue2,1,fn_hatespeech_id
itu idungnya belok kanan ya,1,tiktok
jangan sok suci bang belagu amat,1,dataset_research
cantik bajunya keren warnanya bikin pangling,0,relabel
anjing anak tidak tahu ibunya nangis2,1,relabel
kukira dedeknya berdiri mukul bang jer pakai ukulele salah salah,0,relabel
"USER USER Udh nanti kalau dia on gua omelin yell tenang ae udh,org gila gitu yell jadiin org barang taruhan kan org bego dongo sinting sarap bajingan'",1,fn_hatespeech_id
Jd cowo banyak bacot amat si ajg mau gua gampar aja rasanya []',1,fn_hatespeech_id
Amen Ustazah Saya sakit kepala untuk Anda menuliskan apa yang Anda terlambat ketika saya memberi tahu Anda untuk mengirim buku,1,dataset_research
anggap anjing iya anjing asu asu ndhasmu bajingan,1,relabel
GIVE AWAY TIME Untuk merayakan ulang tahun namjoon dan ulang tahun aku aku adain give away photocard dan juga album Lov,1,dataset_research
"""poster itu jelek karena terlalu banyak elemen""",0,manual_augmentation
sudah gila orang wkwk sudah jomblo psikolog tidak laku ya,1,relabel
"USER Hah cuman buat orang kek lu pecun.. Dang , aduh gk bgt orang kaya lu di bacotin dikit aja udah sesek napas'",1,fn_hatespeech_id
gini bersihan kaga kek dekil,1,relabel
Dosen bego...,0,
baru sadar mukanya.. wkwkw,1,dataset_research
"USER USER USER iya , trump memang penista agama atau anti islam emang hubungannya dgn anis apa?",1,fn_hatespeech_id
wkwk ini voice over nya keren banget kata2nya!! ðŸ‘ðŸ‘ðŸ‘ðŸ‘,0,tiktok_v2
Itu bisa menjadi mantel jika saya ingin membuat cerita insta Takyah berteriak bingit di telingaku dan bahkan orang sudah dgr,0,dataset_research
takut dibegal asu,0,relabel
"""diskusi ini berputar seperti komidi putar""",0,manual_augmentation
USER USER USER USER USER iyalah kampang',1,fn_hatespeech_id
Muka si Jordi jadi bete abis. Syukurin kapok.,1,
"""Dulu Bahagia Sekarang Banyak Utang""",1,tiktok_v2
Kocak banyak netizen dan pundit bola yang malah bully warga korsel dan heran knp presiden korsel karena gak menghargai pelatih nya dan mau di periksa tanpa tau akar masalah knp dia di benci,0,
"jadi tak heran kenapa orang Korea sangat rasis kepada bangsa lain kecuali kepada orang Barat berkulit putih, ke sesama Korea saja perlakuannya sangat mengerikan. Anda bro Koreareomit mungkin 1 yang tidak rasis dari 100 ribu orang Korea , kalau di Indonesia sama dengan 1 pejabat yang bersih/tidak korup dari 100 ribu pejabat.",1,
maksudnya nyoret2 apaan dah sok berilmu,1,dataset_research
ga penting bgt,0,tiktok
pngn muntah keinget podcastnya di deny cagur,1,tiktok
males kalau kerja pagi terus tidak yang antar anjing,0,relabel
Tidur untuk tidak membuka kipas atau udara BCS yang takut pada kucing keren akan bangun kira -kira setiap 2 jam hanya karena dia menangis,0,dataset_research
Abidzar gaada aura konglomerat tpi bisa dpet peran kang tae moo tuh gimanaðŸ˜­,1,tiktok_v2
terima kasih membantu menyelesaikan proyek menghargainya,0,relabel
Emang orang2 lu rasis.,1,
benar-benar bajingan bangsattt setan anjing babiiiiii keboo iblisssss duuhhhh pengen gueh kunyaaah anakÂ² setan ituuuu,1,relabel
"""Wah ibarat lebih milih iblis daripada bidadari haha""",1,tiktok_v2
"""Perlahan karirmu ancur bro dan lu akan kembali kebawan""",1,tiktok_v2
"""kata norak di artikel mode itu membahas warna pakaian""",0,manual_augmentation
kok bisa ya muka nya mirip2 petinggi2 nya apa ini suatu kebetulan...???,0,tiktok
buset itu bibirnye jontor,1,dataset_research
Meluruskan= membelokan ?🤪 #paham🤣,0,tiktok
dia melakukan itu biar dilihat orang wahhh sultan bgt itu menurut dia padahal org lain ngelihatnya loe TEGA bgt,0,dataset_research
@ still watching the video,0,
kenapa idungnya manggil manggil minta ditanya si ðŸ˜­,1,tiktok_v2
"Alangkah Rugi dan Nista di ke abadian jika manusia yg tercipta dr SARIPATI TANAH tapi kembalinya di NERAKA""NKRI butuh Koboi HOLISTIK""( IMAN)'",1,fn_hatespeech_id
Aku suka banget sama kakak vilmei soal nya suka bantu orang yg lagi susah nggak suka lagi pamer² kalau dia itu orang kaya semoga rezeki ci vilmei lancar terus amin,0,
"Rencana liburan sudah tersusun, tidak sabar menunggu",0,cyberbullying_1000
pak judi Arie lagi klarifikasiðŸ˜‚,1,tiktok_v2
Apapun buli itu salah. Makanya kita semua yg punyak anak di didik agar prilaku nya bisa orang tua kontrol,1,
"USER lost respect untuk kesekian kalinya buat agency yg lo banggain, buat artis yang lo banggain. \nkelakuan tai kucing di kasih nyawa sih kea gini. \n\nlo di tampol duit sama lee sooman mau? di tampol lamborgini sama GD mau? di tampol sama material",1,fn_hatespeech_id
warna cat rumah itu terlalu mencolok dan terkesan norak,0,manual_augmentation
USER USER Cebong bloon gub Aceh itu partai pengusungnya PDIP',1,fn_hatespeech_id
"kocak bgt komenya anjir, tim baca komen ajah 😭🙋",0,tiktok
ya ampun kak makan sih cantik sekali,0,relabel
"""Gilaaaa.. gila.. gilaaaa Tangan, kaki, ekspresi, n emosi tertuang adi suatu karya yg fantastis""",0,tiktok_v2
sehat sehat zizeâ¤,0,tiktok_v2
USER Bolot siapa ? Anda ? Wah memang',1,fn_hatespeech_id
"semangat kak,kamu sendirianðŸ˜š",1,tiktok_v2
"Mungkin kak org sekitar ngg sadar dan Kadang ada org yg merasa ""aku udah jelek/buruk, dia udah baik mau trima aku, siapa yg mau sama org kyk aku selain dia"" Beda lagi kak kalau org sekitar udah peringati tapi tetep di jalani, ya kapok salah sendiri",0,
"Sama kayak sty taktik gak ada, optimis menang, eh taunya main jahat dan kalah",1,
"Orang tua bego, udh jelas itu pembully nya udh remaja, masa gk bisa berpikir sih? Atau cm cari perlindungan dengan kata 'namanya juga anak anak' anjg",1,
"""kampret, aku salah set alarm""",0,manual_augmentation
Dimana2 persatuan sepakbola pada plenger 😂,0,
Biasa korup matanya kek gitu,1,tiktok
USER USER USER USER USER USER USER USER USER USER USER USER USER USER USER USER USER Hahhaha bego tuh luh pada.. Bani jamban iq se mona,1,fn_hatespeech_id
Lo itu pathetic banget gak punya temen karena lo sampah,1,codemixed
Aku suka banget playlist lo the music taste is amazing,0,codemixed
Kasihan sama Park Jooho yg waktu itu dihujat karena mempertanyakan kejanggalan pemilihan Hong Myungbo.,0,
Coooolllll,0,tiktok
"Lo tuh toksik banget, nggak cocok ada di grup ini",1,contrastive_dataset
ga keluar sama sekali auranyaðŸ˜­,1,tiktok_v2
"""hua seneng bgt kmrn walaupun Cuma 35 menitan tp seneng liat isyan, adaptasi kebiasaan baruku semoga bisa lebih teratur maemnya, ditunggu karya selanjutnya kaka""",0,tiktok_v2
sebel ga sih ges?,0,tiktok
elawan pengen jadi komisaris bu🙏,1,tiktok
"Bener banget, bahkan orang2 yg biasa aja, bukan orang kaya ataupun punya kedudukan bisa menghasilkan anak yg nakal karena selalu dilindungi, kasus terbaru Taufik Hidayat yg nyiksa pacarnya, bahkan untuk contok kecil disekitar kita juga banyak, kaya anak kecil yg nakal ringan tapi terus dibela sama orangtuanya.",1,
Getting rickrolled by a national examination board 🥀🥀 CBSE😭😭,0,
alhamdulillah ganteng babang emran ya username,0,relabel
anjing kamu benar jago,0,relabel
ealah... padahal orang tuanya udah bener suruh pindah kampus masih salah pun,0,tiktok
tolol anjing,0,relabel
11:37 orang Ciledug mana nih? kita ngumpul buat Piramida lagi yuk?,0,
"""goblok, kenapa aku gak cek ulang tadi""",0,manual_augmentation
Congrats You just got Rick rolled,0,
anjing saya tidur di depan pintu,0,manual_augmentation
tidak mba username baca netizen yang menyesal tidak bisa nimpuk telur si mulan saya saja tertawa bacanya karena terwakili ya ngapain buang2 waktu ketemu orang tidak mutu dengan si mulan masih untung nyempet2in bisa nuli biar nyadar tuh pelakor tidak harga mending ketemu orang baik2 seperti bunmai ketularan aura positifnya,0,relabel
"USER USER USER Harus masuk dlu, nikmati penjara. \nAnak alay, modar dah loe.'",1,fn_hatespeech_id
teman mirip anjing yaallah,0,relabel
Bersyukur atas isinya,0,dataset_research
Menurut saya rakyat Korea gengsi nya tinggi .... Merasa lebih tinggi dan lebih hebat ... Jadi kalah itu memalukan Dari hasil tinggal 3 tahun di Korea .,0,
Ini termasuk terseru sih😂😂😂 dari banyaknya episode logika firmawan,0,
Harusnya dibawa ke hukum ini bahwa tindak bully itu gaboleh diremehin apalagi banyak jiwa yang trauma,0,tiktok
wkwkw udik bgt ya dia,1,dataset_research
di media sosial di stasiun TV kapan ribut-ribut pasti relawan jokowi,1,tiktok
RT USER: Setya Novanto sampe level tertentu akan pendendam. Tp ga akan bikin lawannya babak belur sampe mati.,1,fn_hatespeech_id
"USER Tenang ntar lagi dukhan, muslim sehat2 saja hanya kena flu sedikit, kafir &amp; munafik keluar nanah dari telinga &amp; tubuhnya bengkak 40 hari kemudian modar !!!'",1,fn_hatespeech_id
Ibu Siti Zuhro memang cerdas tuuuh...... is the best 👍👍,0,tiktok
"""Ngedit ketiaknya berapa lah dah itu ya ampe ngeblur pisan.. Putihnya kek cat tembok""",1,tiktok_v2
menyukai suasana nyaman menyenangkan,0,relabel
USER Si dongo dah numpang makan ma rakyat kerjanya cuma bisa nyinyir....',1,fn_hatespeech_id
monyet kamu benar pintar,0,relabel
definisi sampah masyarakat beginian masa diposting????,1,dataset_research
"""Tambah gede aja rafathar ya tambah pinter ya Rafathar""",0,tiktok_v2
"Anak gw masih umur 3 tahun di hina gagu karena speech delay,di bilang aneh karena ADHD.. GW SEBAGAI IBUNYA LANGSUNG NGATAIN EMAK2 YG UDH BULLY ANAK GW.SEMOGA SUATU SAAT MEREKA DAPAT KARMA",0,
Jelas dicintai wkwk,1,dataset_research
semangatt zizeeee🥰,0,tiktok
Gua anjirr,1,
Bangke !! USER gue rajin bayar lu ga pernah bener. Tariff naik trs',1,fn_hatespeech_id
Wkwkwkwkwkw tapi betul-betul bajingan orang itu ! URL,1,fn_hatespeech_id
babi pandai berenang,0,relabel
ibu ratu tdk prnh salah gess??,0,dataset_research
"Yang harus di cari itu sebenarnya siapa mertua dari abang ini, Mertuanya pasti Rich Jawa timur",0,
selagi tidak punya power tidak bakal bisa ngapa-ngapainðŸ˜‚,0,tiktok_v2
"Gila bos, project-nya keren abis",0,fn_fp_reduction
Satu satu semua akan tergantikan pada waktunya. Setelah Gubernur Jakarta Tumbang ke Pak Anies dan Bang Sandi.; ; Kini tiba saatnya Presiden juga Insya Allah akan beralih ke Pak Prabowo di 2019 nanti.; ; #2019GantiPresiden,1,fn_hatespeech_id
"""parah, hujan anginnya bikin takut""",0,manual_augmentation
Begal Arab Buta Huruf malah dinabikan USER Begal Sadis Kelompok Lampung yg Rampok dan Bunuh Karyawati Dibekuk,1,fn_hatespeech_id
Banyak yang udah gak peduli omongan mu pak kecuali anak buah mu sendiri 🙌,1,tiktok
angkot jangan dengerin😂,1,tiktok
"Pantesan dibuang, emang ga layak disayangin",1,cyberbullying_1000
dasar fans kampang',1,fn_hatespeech_id
goblog pas sd sih polos sekali pas dibego begoin cinta monyet anj,0,relabel
RT USER: Goblok loe . itu org yg berbeda Cong ! URL,1,fn_hatespeech_id
ih mukanya kek anjing rumah gwa,1,relabel
Orangtua pelaku mana nih..... Ga nongol.... Tuh anak lahir lewat apa woiiii,0,
eh babi terlambat,0,dataset_research
bang muka lu mirip ama mikey,1,dataset_research
"Ini salahnya fifa, benua badut dikasih jatah 9 buat pildun. Liat aja negaranya Ada yang ngelemparin timnasnya sendiri setelah ngalahin jerman Ada yang naturalisasi turis liburan Ada yang ngehujat pemain negara lain karena penalssi Ada yang masuk pildun karena nyogok Ditambah federasi asia yang bobrok (Afc), sampe kiamat juga gini² doang ni asia. Buat sokor sebelum punah, ayo tetep semangat hujat sana sini, semua bidang kalo perlu🥳🥳",0,
"""Intinya gasuka ajg selama ada listy . Ngrusak suasana""",1,tiktok_v2
"""HEH UDH NAPA HATE NYA CAPE GW BACA NYA""",0,tiktok_v2
bocahnya kocak juga,0,dataset_research
"Gak usah nyinyir jd orang, situ jg b aja😂",1,
"""kumat? lama semedinya segini keluarnya""",1,tiktok_v2
kebanyakan ngirul ganja itu 🤭,1,tiktok
anak bajingan ajar kamu mending tidak punya anak,1,relabel
meldi bersinar yaaa pertahanin karir jangan sia siain,0,relabel
Sedih banget anjir.ibunya pasti sakit banget itu anaknya di gebugin sesadis itu,0,
"""GUA MAU LO TERUS BERKARYA , PERBAIKI, TINGGALKAN YG NEGATIF , TIDAK ADA KATA TERLAMBAT , TTP JADI ORANG YG HEBAT DAN SELALU BAHAGIA @xrickolim""",0,tiktok_v2
si jule pasti di gosipin sama pegawai2 playtopia dan ibu-ibu di situ ðŸ˜…,1,tiktok_v2
Muncul sudah antek antek PKI dah berani muncul terang-terangan mudah-mudah pemerintah tidak tinggal diam. URL,1,fn_hatespeech_id
cari mutual twitter ig ena cari twitter sumpa ig sudah follbck unfoll anjing memang,0,relabel
Biasanya wanita itu harus menjaga malaikat wajah dan kadang -kadang temperamen iblis yang tidak pernah saya hindari,1,dataset_research
cokelat berbahaya untuk anjing peliharaan,0,manual_augmentation
kaya anjing beraninya cewek,0,relabel
Gakenal,0,dataset_research
allah suaranya bagus sekali cantik orangnya idaman cowok,0,relabel
Lebay ah cuma dimainin pintu doang. Ga akan ada asap kalo ga ada api. Lu pikir kelakuan lu yg mana yg bisa bikin tu cowo2 jailin lu.,1,
anjir apaan sih musisi asli kakean cocot',1,fn_hatespeech_id
"""Udah ka gausah digubris gausah dipikirin. Bersyukur aja sama nikmat tuhan yang udah dikasih ke kaka. Gausah juga ngatain orang ka, tetep bersyukur atas nikmatnya""",0,tiktok_v2
"satu lagi ini hasil kerja jokowi, menurunkan demokerasi",1,tiktok
USER Cebong pemuja ahok pada meratap di thread ini \xf0\x9f\x98\x86\xf0\x9f\x98\x86\xf0\x9f\x98\x86',1,fn_hatespeech_id
SUASANA STQ TINGKAT KABUPATEN NGADA . NTT . CUKUP DALAM MASDJID TANPA MIMBAR TANPA DANA . SWASEMBADA DARI UMAT ISLAM UNTUK BAWA NAMA PEMDA DALAM MTQ KE TINGKAT PROPINSI . NTT. MENYEDIHKAN .; #2019GantiPresiden,1,fn_hatespeech_id
RT USER Putra Daerah pada kemana? masa Siliwangi mau di ganti Ondel Ondel pak USER serius....,1,fn_hatespeech_id
mbaknya ini orang Jawa kuliah diluar Jawa gitu?,0,tiktok
"""Dilihat sekilas pun tampak jelas kalau cantikkan syifa""",0,tiktok_v2
USER USER ngapain masuk sini setan',1,fn_hatespeech_id
katanya suaminya ngerti agama..????,0,dataset_research
kalian aja deh yg ngomongðŸ˜£,0,tiktok_v2
"Terima kasih om ded sudah undang idola kami, akhirnya kami bisa makan dengan enak",0,
USER cacat lu',1,fn_hatespeech_id
"""Saya kok suka ya sama mereka harmonis""",0,tiktok_v2
tes urin juga tuh orang kaya begitu.... dari gayanya udh kaya yg sedeng jgn2 suka juga tuh make obat2an terlarang...sok jago nantangin kesemuanya juga padahal pukulanya walaupun keras anak yg di pukul masih kuat... dia ga kuat karna udh saking banyaknya tendangan ke arah perut...semoga cepet pulih de... Aamiin,0,
"""Murahh banget lo jijik gue ?. Dikick EVOS mlah open BO""",1,tiktok_v2
USER USER USER Suka2 gw mau di ekspresikan dmn...\nPresiden kita ??????...gw ngga milih dia tuh..\nYa klo nyadar banyak haters harusnya tau diri ...bukan malah makin edan sibuk nipu rakyat',1,fn_hatespeech_id
projo artinya negri dan rakyat😭😂,0,tiktok
Bagi bagi sembako gembar-gembor atas nama Presiden...; Klo ngutang diem diem bae atas nama Rakyat ?; ???????????; ; #2019GantiPresiden ; #2019PresidenBaru ; #2019GantiPresidenBaru,1,fn_hatespeech_id
USER USER Mampus kan luh',1,fn_hatespeech_id
sumpah sih jahat sekali benar-benar kasihan kak jessica,0,relabel
"Itu si ibu jangan ditahan lah goblok, biarin si ibu jedotin kepala pelaku ke tembok. Gemes gw, gw juga pernah dibully semasa sekolah, ngerasain betul gimana sedih dan marah dan sakit hati dan sakitnya dibully. Pelaku perlu mendapat hukuman setimpal, dan jangan ada perlindungan atas dasar dibawah umur padahal kejahatan nya tidak bisa ditolerir,agar tidak ada lagi pembullian diindonesia",1,
koreaable sekali face rafathar cakap ganteng manis sekali,0,relabel
Iya hubungin aku aja ya butuh dosa berapa banyak lagi wkwk,0,dataset_research
GIVEAWAY Pulsa 20K untuk 1 orang pemenang caranya retweet dan follow akun aku aja ya Pemenang aku umumin tangga,0,dataset_research
"PSSI lebih sampah lebih plenger, isinya tikus korup semua, cuman warga Indo gak seberani warga Korsel, menegakkan meritokrasi, yang busuk harusnya dicancel. Kalau pejabat PSSI tau diri dan punya malu, harusnya udah pada mundur semua itu orang orang gak kompeten.",1,
"mepet pasti ada butuhnya.. jangan mau pak Prabowo disusupi org"" beginian",0,tiktok
hargailah hati wanita sudah tulus menemani kamu 0,0,relabel
Kalian yg wakilkan🙏,0,tiktok
binatang anjing gajah pintar memahami gerakan tangan manusia,0,relabel
anjing tolol ikut2an membicarakan kepercayaan orang dasar tolol urus kepercayaan kamu kasihan deh,0,relabel
"Hahaha gila bro, ketawa mulu kita",0,fn_fp_reduction
kenapasih orang orang rumah kek anjing sangat,0,relabel
astaga pagi pay kamu aku anjing,0,relabel
semangat batman username va support karena manusia kesalahan tolong bahas pliis karena sudah 2,0,relabel
Wow 18 hours ago! 🤯,0,
"""Mirip ama aktor korea yg main di film reply 1988 yg jadi kaka nya jung hwan wkwk""",0,tiktok_v2
Si Tasyi Pikmi,1,dataset_research
10 minggu,0,dataset_research
"di nepal bisa kejadian soalnya parcok nya netral, disini mah boro boro😂",1,tiktok
USER USER USER Gubernur koruptor Maksud Lu. RSSW. Reklamasi. Itu kerakusan si Ahok.,1,fn_hatespeech_id
"yang bejat lu, gabisa ngurus keluarga, gausah nyalahin orang. \n\ntolol dipiara.'",1,fn_hatespeech_id
"""parah, koneksinya lambat sekali""",0,manual_augmentation
"tpi btw, buat penilaian sekolah bagus itu setuju sih sama yg d korea. yg artinya bnyk alumni yg berhasil lulus / masuk univ yg bguss jugaa",0,
Udah nahan buat No Comment tapiiiiiiiiiiii ih anjir kesel KAGA BERSYUKUR BANGET!!! Ga beda jauh sama si 🐼 bjiirrrr lah fak kata gue teh,1,tiktok
"USER nti ketauan dong syp yg anaknya pemberontak jaman dulu, ketauan juga dong yg neken kontrak dgn PT Freeport jaman dulu, ketauan juga dong syp yg keturunan tionghoa, ketauan juga dong yg masuk islam karna jadi mantu presiden jaman dulu.",1,fn_hatespeech_id
Diluar negeri da didikan emak2 indonesia anaknya eror pdhl kaya taya bpknya anaknya dimanja sekali akhirnya bunug pacar ya. Kykx emak didika. Diindonesia eror,1,
Akhirnya satu Indonesia sadar ada yang ga beres sama ni orang,1,tiktok
gaplokin aja sekalian sama org tuanya ga bisa didik anak tu org tuanya,1,
Gabisa komitmen ceunah,1,tiktok
RT USER: Politisi Gerindra Minta Jokowi Tak Banyak Omong URL Presiden hrs banyak omong kl gk di kr bisu USER,1,fn_hatespeech_id
kata gua sih emang udah di setting dari awal😆,1,tiktok
"""Anjing gk pantes sama bidadari.""",1,tiktok_v2
Documentary tentang online harassment yang aku watch kemarin sangat menyentuh,0,codemixed
"fans nya akiÂ² tutup mata, kata nya gantle man mengakui kesalahan nya lah iya si cewe sengaja cepuin coba kl kaga pasti diemÂ² bae HAHAHAH",1,tiktok_v2
"lagian siapa juga yang minat nonton, gue kan fanatik🤣🙏",1,tiktok
anak yang cerdas terbentuk dari pola asuh pola didik orangtua yang cerdas sih saranya sesimple,0,relabel
Yg tau info,0,dataset_research
cantik banget ðŸ¥°ðŸ¥° vibes nya sdah kyak Amerika latin ðŸ¥°ðŸ¥°,0,tiktok_v2
username hoy barisan sakit hati jijikk sekali fans billy mah alhamdulillah sangat billy putus manusiaa buluk ituu yang ditunggu lama2 akhiry putus kobil juga jijik ni orang v,0,relabel
pagi awali dikejar anjing,0,relabel
didiemin malah jadi naga,1,dataset_research
suaranya sangat sangat menusuk gendang telingaa,0,dataset_research
Keluarkan dari sekolah aja itu siswi yg terlibat ..muka bajingan,1,
"kata Mak aku , orang itu yg dipegang dipercaya omongan nya....yg keluar dari MULUT nya....🤭🤭🤭",0,tiktok
"""konsep videonya jelek tapi editingnya rapi""",0,manual_augmentation
"""@rosameldianti_ cowokmu wajah nya culun dan cupu kayak om2""",1,tiktok_v2
Sepertinya kentut poh,1,dataset_research
mbak dewi sabar keliahatannya keren semoga langgeng,0,relabel
"""Kan masih anak-anak"", katanya???? BACOT !!!!!!!",1,
"""ruangan itu sesak seperti kandang penuh""",0,manual_augmentation
"PERTANYAAN BODOH, NANYA BOCIL PUNYA PACAR APA NGGAK ??? GK BERBOBOT BGT",0,
gua aneh karna gua gila ??????????????,0,dataset_research
Gak mau kalau kamu mau kasih sponsor gak masalah,1,
41. Bila bijak USER akan memilih opsi mundur dan bila berambisi kekuasaan Jokowi akan pilih opsi bertahan,1,fn_hatespeech_id
Aku harap dia tak jual fhone 8 dia semata nak beli Xs tu,0,dataset_research
monyet mondar mandir kerja dasar presiden sialan,0,relabel
pantas kak jessica bilang bang jerom beruang wkwkwk,0,relabel
berkuasa orang2 keparat bajingan hancuuurrrr,1,relabel
aduh dugong saja gila filter,1,relabel
senang kerja rans mbak gigi tidak ngebossy,0,relabel
bisa aja hasil dna nya dipalsuin wkwk jaman skrng kalo punya duit apa aja bisa dipalsuin kanðŸ˜‚,0,tiktok_v2
anjing saya juga ogah liat muka kamu,1,relabel
ibaratnya kalo dia nabrak pintu pintunya yg hrus minta maaf ??,0,dataset_research
Ahok calonin gubernur *siap-siap demo*,1,fn_hatespeech_id
sejak Jokowi jadi presiden lah ada relawan ada influencer dan piara buzzer ...pemecah belah anak bangsa ðŸ˜‚ðŸ˜‚ðŸ˜‚ðŸ˜‚,1,tiktok_v2
RT USER: malu-maluin Gerindra punya admin spt ini...,1,fn_hatespeech_id
aku merasa penampilanku jelek di foto itu,0,manual_augmentation
Orang tua pelaku adalah orang tua paling tolol ga bisa didik anak,1,
Dhlah mempermalukan gw ini,0,dataset_research
"akan preeetttttttt pada waktunya, tapi doain deng semoga pasangan ini langgeng.Aaminn",0,tiktok
"RT USER: USER \nUSER \nUSER \nkalau kunyuk ini tidak ditindak,pemerintah dan pak JKW pantas disebut lemah?\nUSER\xe2\x80\xa6'",1,fn_hatespeech_id
"GAYA nya selangit,, tp utang nye sono sini ??",1,dataset_research
kalau relawan bubar tar ga di bayar lagi...buuu,0,tiktok
cantik ganteng ganteng sehat bu ani sekeluarga,0,relabel
so true,0,
"""Itu ditengah manusia apa monyet kok kulitnya bercorak batik""",1,tiktok_v2
0:00 Muka anaknya mahu mintak penampar,1,
cocok bang.. maju terus... biar mrk tau etika dan tidak hanya men jelek2 an tokoh bangsa. mereka emang siapa,0,tiktok
Apasi Nek,0,dataset_research
"#Pemimpinkafir kepada ulama saja berani menghardik, apalagi kepada Anda rakyat biasa. #tolakpemimpinkafir #stopkriminalisasiulama",1,fn_hatespeech_id
pasangan hidup ijk salut sih mami depe tidak matre n neko2 yang single n cocok doi diajak merit tidak seperti tetangga sebelah saking matrenya suami orang embat juga,0,relabel
"USER USER sori ya cung gw bukan spt lu yg bani kacung itu .....apa"" ngayal sampe ekonomi meroket juga khayalan ...hahahahaha'",1,fn_hatespeech_id
wah pas nonton berita ada yang dilamar pas wisuda jadi ingin aku tuh tapi yang nak melamar pon siape,1,dataset_research
Apa yg benar syahadat Islam Bang Fahri? Tak Tuhan selain Allah hu Barbar benci kafir ? Bersaksi Muhammad BEJAD nabi?,1,fn_hatespeech_id
"ni anak sekolah udah gk bs di maafin, dia dr ngadepin orgtua melihat mentalnya gk takut,pelajar sperti itu berbahaya, hrs di hukum dr kecil",1,
Idon Ono bu. Ancen raine asu. Anak teko pejuh bosok,1,
"""Aduh dugong masih aja gila filter?.""",1,tiktok_v2
"""warna tas ini aneh kalau dipakai siang hari""",0,manual_augmentation
"Bau banget sih, ga pernah mandi ya?",1,fn_fp_reduction
USER USER Tmbh songong aja di bencong halu...g usah di beritain opo min...',1,fn_hatespeech_id
"""kata babi muncul pada berita tentang satwa liar""",0,manual_augmentation
"percuma dihujat gabakal di dengerin gess, dia punya uang 💸",1,tiktok
monyet bermain main anak anak,0,relabel
"Dimana mana kalau dijepang, kemana mana mah pake kereta api, gada yg pake taxi????",0,dataset_research
"USER USER bang bong bang bong...lupa ya udah hampir 4 tahun presidenmu dari kelompok cebong, udah 4 th nikmati kemajuan pembangunan cebong..kecuali anda keturunan ONTa Wn jasirah sana'",1,fn_hatespeech_id
saya berharap kamu saja si yang sakit laura lol,1,relabel
gak ada otak memang apa g di didik anak nya ya,1,
USER kampang lo anj',1,fn_hatespeech_id
#Boikotindosat ini si kuning taiiii pulsa pagi tadi Rp. 2000 an masih kepotong juga tinggal Rp. 1. padahal gk di ngapain... bener gk menghargai pelanggaan sepertinya. budek... taiiiii',1,fn_hatespeech_id
"Hukum aj biar jera. Ibu mana yg gak sakit hati liat anaknya di zolimi. Parah ni anak, gak ad wajah bersalah Uda zolimi temen segitu ny.",1,
"""bangsat, aku baru sadar ada typo di judul""",1,manual_augmentation
sepertinya ngeliat hancur deh,1,relabel
"""berita malam itu menyoroti gangguan monyet liar di kota""",0,manual_augmentation
memang nya asu malu,0,relabel
Dewan Perwakilan Rezim ðŸ¤ŒðŸ»,1,tiktok_v2
hanya rumus diet yang tidak dipecahka ya bang,0,relabel
USER Namanya jg congor oposisi. Apalagi isi mulut nya klo ga hal negatif pemerintahan yg berkuasa',1,fn_hatespeech_id
USER USER USER yg kaya gini layak di tangkap.,1,fn_hatespeech_id
"Standar kecantikan org , negara, selera itu beda beda jdi stop buat nuntut standar kecantikan seperti di ekspektasi kalean !",0,tiktok
USER Caplang pantat panci lu',1,fn_hatespeech_id
jane respect sekarang benar-benar sudah hilang respect,0,relabel
Xl kunyuk balik ke as lah taikk',1,fn_hatespeech_id
"""Damage nya cewek pinter gada lawann""",0,tiktok_v2
"Ada saatnya kau menyesal bangsad :v \nKarna saya sakit aja ini, saya jadi gak bisa ngapa-ngapain, tunggu aja saya sehat ya lihat apa yang bisa saya lakuin, bangsad kau.'",1,fn_hatespeech_id
Cukup atur di sana??,0,dataset_research
lebih muda mamak dia di banding dia maaf haa cinta tapi emang iya😌,1,tiktok
pecatttt woyyyyy bukan di nonaktifkan astaghfirullah hukum di negara gak dapat di percaya lagi,1,tiktok
"Santai aja ngomong sama teman, nggak usah baper",0,fn_fp_reduction
Lo itu control freak annoying dan bossy banget,1,codemixed
woyyy lahhh bjirrr😂😂😂,0,tiktok
"cabut dari tu kampus jangan lupa buat baliho dari isi chat wa nya terus pajang depan kampus, apakah ini ide bagus?🤔",0,tiktok
tiri terhebat nanti palingan kalau sudah 20an perawatan sekarang masih muda kasihan kalau paksa perawatan cuma ya tutup mata tutup kuping sekarang mah,0,relabel
"USER Lu kira gua udah pake, geblek.'",1,fn_hatespeech_id
You are so disgusting banget deh muka lo itu,1,codemixed
sok bijak bangsat,1,relabel
Gatot antek asing ternyata ...,1,fn_hatespeech_id
"""SAMPAH MASYARAKAT HARUS DI MUSNAHKAN SEGERA""",1,tiktok_v2
"Sebenarnya Korea tu musti sadar diri klo negara mereka tu ga sebagus itu, masih kalah jauh klo dibandingin jepang, jadi menurutku agak lebay aja klo pelatih yg disalahin, pemain kayak son heung min terus hwang hee Chan udah lewat masa prime",0,
"Muka lo jelek banget, pantesnya emang disembunyiin",1,fn_fp_reduction
"""Kok makin dewasa makin imutt aih cipaaaaaa""",0,tiktok_v2
"Udah ada yang nolong belum, Butuh bantuan?",1,
"Para politisi bangsat itu, mereka saling berlomba siasat untuk membuat sesat pikiran rakyat.\nTidak yang ber ""posisi"" dan ""oposisi"" sama-sama bejat!\nYang fanatik makin giat, tapi rakyat mulai penat.\nPolitisi masih sama seperti jerawat di pantat! Bodat!",1,fn_hatespeech_id
"Sunyi, senyap, sah.",0,tiktok
Aamiin YRA.. InsyaAllah #2019gantipresiden ????,1,fn_hatespeech_id
langsung TF aja kebeliu,0,dataset_research
Padahal kalo sty dikasih banyak waktu pasti bisa bersaing sama tim2 eropa. Indonesia aja ditangan sty hampir masuk piala dunia sayang aja pssi isinya orang2 plenger,0,
Congrats mass hansoolll ga sabar pengennn nontonnn❤❤🎉,0,
"Ahhh gilak lo jahat sih, kecewa.",1,tiktok
komuk nya dia udah menunjukkan lagi menghaluuu??????,1,dataset_research
"Muhammad Fahmi kok di friend list antum ada orang goblok &amp; fanatik buta?\nTydack barokah ya akhi, klo ana nemu orang kayak gitu auto removed \xf0\x9f\x90\x97'",1,fn_hatespeech_id
suka suka sih mama bilang cinta monyet,0,relabel
Liat mukanya aja mungkinanda sudah merasa anak ini bukanbamgsa manusia,1,
"USER Heran juga saya, setan iblis pada kabur dan takut kalo mendengar Azhan, tapi ini mahluk Allah yg satu ini anteng saja denger azhan bahkan pura2 budek kupingnya, kalah dong setan iblis.'",1,fn_hatespeech_id
"""Itu yang foto ketiga jablay murahan bukan?""",1,tiktok_v2
Kambuh lagi org ini,1,tiktok
RT USER: USER USER Setuju bgt coba klo Ahok msh jd Gubernur DKI. Tamat nih RS...,1,fn_hatespeech_id
mana nih yg kemarin-kemarin minta di sisain cowo kyk bravy😭,1,tiktok
USER USER USER Abu gosok janda Udh pa dungu lgi yg gini jdi pengingkutnya presiden malu maluiin aja jokowi aja',1,fn_hatespeech_id
MataNajwaDebatJakarta lucu banget jawaban ahok.. gak nyambung. Ditanya apa di jawab apa. Kena skak mat d pertanyaan isu agama tdi. Dasar cina tolol hahaha,1,fn_hatespeech_id
Tendang n gampar aja bu itu si kampret...,1,
woila ga butuh penonton apa yaa😌,1,tiktok
Lo tuh so dumb kayak otak udang,1,codemixed
RT USER: USER Klo lo makin tua makin tai',1,fn_hatespeech_id
"gue pernah ngalamin itu satu tahun lalu, dan berhenti masuk matkul sampe di DO dan sampean sekarang belum berani bilang sama siapapun",0,tiktok
"udah bawa satu sirkel buat sindir sindiri si ono,malah yang ini mirip mirip,jangan jangan itu anaknya bravy bukan panda hmmmðŸ¤”",1,tiktok_v2
Ya Allah pengen ngakak goler2 aku sama trit iniiii,1,dataset_research
yg muangthai ketemu Deny aprisani seimbang kayaknya,0,dataset_research
Sy yakin klo rakyat di suruh mmilih spa harus di bubarkan psti nya DPR yg hrs di bubarkan ! wlo ga ssuai kntitusi URL,1,fn_hatespeech_id
Jelek udah takdir dek..tapi hati adab mu masa ikut jelek...,1,
USER Cebong mana ngerti',1,fn_hatespeech_id
apasih bego,1,dataset_research
bangga ye pacaran sama bekas gw?hahahaha buat gw mantan kaya tai gitu ibarat maenan bekas yg udah ga kepake sama sekali! ckckck',1,fn_hatespeech_id
lakik suka banci banci kawinin banci jijik,0,relabel
Bego sih lo that was so stupid of you,1,codemixed
yang di rusakin siapa. yang di nikahin siapa ðŸ¤£ðŸ¤£ðŸ¤£ðŸ¤£,1,tiktok_v2
"semua beladiri TERGANTUNG ORANGNYA..bukan jurusnya,bukan perguruanya,bukan gurunya,bukan padepokanya..??????",0,dataset_research
Saya berdoa agar pria yang bekerja untuk uang untuk pasangan mereka diberi kesehatan dan diberkati dengan rezeki emo,0,dataset_research
memang aturan pertama dipolitik adalah tidak tau malu.,1,tiktok
Bendera merah bgt si tasii ih :(,1,dataset_research
"Becak Warga Binjai Hendak Disita karena Gunakan Tenda Bertuliskan #2019GantiPresiden, PKS MERADANG; ; Bukti pemerintah panik dan takut?; ;",1,fn_hatespeech_id
ariel : “aduhh pegel banget gendong tim mulu”,0,tiktok
"ngapa yang di salahin presiden dah, kan beda tugas antara legislatif dan eksekutif",0,tiktok
kamu artis papan blenyek saja belagu artis tidak populer sekalu hahaha,0,relabel
USER USER USER USER Titip bogem aja vroh ... Dibiarin ngelunjak tuh kunyuk',1,fn_hatespeech_id
"USER USER USER Lebih sadis gerombolan elo saat SBY berkuasa, sampel bawa kebo segala.. klo rezim kodok bawa babi udh diciduk.. gitu bong.. ingat jangan mendem aja di kolam butek.. otak Lo jadi pindah ke dengkul bong..\xf0",1,fn_hatespeech_id
"Ngeri ya komen"" Org sempurna ðŸ˜µ",0,tiktok_v2
"Banyak Laporan tentang Gafatar, Kami Rekomendasikan Dilarang Yg harus dilarang ISLAM #hikdun",1,fn_hatespeech_id
"18h and 177 answer, omg youtube is on fire",0,
Terlalu juga lah kalo di hujat kaya gto.....timnas sepak bola korea gax perlu se gto y....kecuali jerman belanda baru rakyat y marah....,1,
USER sama halnya dengan cina di indonesia dong .. PO AN TUI malah gabung kompeni buat membunuh pribumi ..,1,fn_hatespeech_id
"""Cuma di postingan ini ya bund netizen sedikit yang menghujat""",0,tiktok_v2
Udh jd seorang ibu aja ga bisa jaga mulut masih bisa menghina org lain.. Skrg puas kan dihinakan kamu sama Allah.. Hrs dibedakan apa itu ujian atau hukuman.. Jd loe pantas dpt karma.. Aslinya dl jelek skrg dioplas songong.. Jungkal loe skrg.. Coba ketawa lagi ngakak.. Seumur hidup loe akan bawa trs aib loe sampai loe mati.. Itulah karma...,1,
bikin ngakak liat model behelnya,1,dataset_research
cantiik senyumnya maudy kusnaedi,0,relabel
"""Kak jessica yg nungguin+setia sm kk loh pas ad masalah kmrn. Tapi kk ga ngehargain malah lbh milih yg d sono""",0,tiktok_v2
suka ya harmonis,0,relabel
"""tolol banget aku kirain hari ini Jumat""",0,manual_augmentation
"sejak kapan perlu pendapat rakyat...? Emang ini republik demokrasi...? Demokrasi hanya cover instansi"" koruptor.",1,tiktok
jogetnya bikin ngakakkk anjirrrr kampungan sekali username username,0,relabel
wahay warga Konoha..!! Klian kira asosiasi kita ja yg plongo..dengarkan baik2 sekelas Korea ja..blunder jg,0,
selama ini hanya menduga duga malah dia blak blakan,0,tiktok
RT USER ..hehh wo.. jika rakyat masih susah nape si ZON malah minta para temen DPR baru ? .. situ masih waras kan wo ? ga makan micin kan ?,1,fn_hatespeech_id
aku tadi nge rt wah wah wah,0,dataset_research
"Udh ga riset, pede lagi. Heran udh dikritik bukannya introspeksi malah sok i dont give a fuck  ewðŸ™„ belum jadi apa apa aja udah se arogan ini gimana nanti",1,tiktok_v2
Kasian hidup lo miserable banget you deserve it though,1,codemixed
username saya memang kador artis benar komen kamu tolol sumpah kenal nilai artis hahaha orang indo juga setuju kalau kador artis tetapi celebgram dari kampung kamu tahu bedanya artis dengan selebgra,0,relabel
Boleh donk..\n\nUMAT ISLAM membuat DAFTAR nama2 MENTERI SONTOLOYO dan MENTERI yg KORUP\n\nBgaimana klo DIMULAI dg nama :\n\nUSER \n\nMenteri paling SONTOLOYO\nMengaku MUSLIM tp tabiatnya menista ISLAM\n\nMenteri yg pro LGBT ini justru membata,1,fn_hatespeech_id
gayamu reng,1,tiktok
"Aku nggak bisa ngebayangin gimana perasaan mbaknya yg udah baik-baik memberitau kalo beliau itu ""disabilitas"" kok malah dibales. ""Mati aja lu"". Bajingan\xf0\x9f\x98\xad\xf0\x9f\x98\xad\xf0\x9f\x98\xad'",1,fn_hatespeech_id
"Ciri2 orang bodo ini, punyak anak itu di ajarin adab, kok bisa gurunya yang mau di tuntut, peran orang tua itu penting, guru hanya pengganti orang tua",1,
Muncul jg pki berbulu monyet URL,1,fn_hatespeech_id
ke jepangnya transit ke eropa dulu sama ke amrik.,0,dataset_research
USER USER Ah cuma pencitraan ya pak USER?,1,fn_hatespeech_id
"USER USER USER USER USER USER USER Kenapa lo emosi? Pe'a. Dasar cebong, \xf0\x9f\x98\x82""",1,fn_hatespeech_id
kalau.perlu penjarakan seumur hidup,1,tiktok
Nah..klo PKI alias Partai Korupsi Indonesia perlu diganyang juga ga?,1,fn_hatespeech_id
"Selagi gedung hijau itu belum di neffalkan, kita akan terus dijadiin mainan mereka. Bahkan janji reformasi Polri dan tuntutan 17+ sampe sekarang tidak ada perkembanganya. Rakyatnya pemaaf dan pelupa, pejabatnya tidak ada urat malu, kombinasi yg sempurna ! hukum???? Mudah diatur.",0,tiktok
ohh dia ga butuh penonton ternyata,1,tiktok
mata aku sepet baca koment fans ubul empang minggir woy bikin rusuh saja nih jaer amis jijik sumpah enji sama cewek tetap saja bala jaer nyampah bikin ribut,0,relabel
ganteng berseragam ganteng panutan keluarganya semoga anak memiliki fisik elok mahluk allah ni,0,relabel
"""goblok, kenapa aku gak cek ukuran dulu""",0,manual_augmentation
Si Budi Judol dompetnya udh tebel 😂,1,tiktok
kangen PINKPANDA 😢,0,
pantesan org Jepang suka jln kaki??,0,dataset_research
"""Kakak udah cantik sii, tapi cantikan lagi kalo pake hijab""",0,tiktok_v2
are you sure,0,
babi merusak tanaman kebun,0,relabel
Muka lo tuh so ugly kayak monster mending mati aja,1,codemixed
Biarin ajaasi orang lagi birahii juga,1,tiktok
"betul, bisa di liat dari anak sekolah jaman pak Harto sama anak sekolah jaman sekarang, dl kelas 6 SD aja sudah hapal ibukota negara-negara, pegangan rpul, rpal, 1 jam berapa menit aja tau, anak skrg? ðŸ˜­ðŸ˜­ðŸ˜­",1,tiktok_v2
"""Cintamu hanya sebatas kertas wkwkw enteng bang""",0,tiktok_v2
kamu pemimpin hebat tim menghargaimu,0,relabel
kamu diam saja cantik mel kalau tidak gaya serius,0,relabel
Bahlil Bahlul beda tipis,1,tiktok
"Kemungkinan itu Ketua KFA takut kalau namanya ketutupan sama nama pelatihnya. Makanya pelatih bagus dipecat, diganti pelatih plenger.",0,
RT USER: USER USER bolot anak alay maxx ini mah biduan kebo parah nyebelin suka bikin marah2 mesum bau pedean \n\ntapi dia mudbus\xe2\x80\xa6',1,fn_hatespeech_id
USER USER USER emng tolol si cal jadi laki',1,fn_hatespeech_id
"""Udaah woii udahh lu gak kasihan apa?. Aku capek ngelike komenan kalian""",0,tiktok_v2
USER USER USER USER Yakin loe sekolah..agama lo merah ya waktu sekolah.. kapar kapir ..barang2 lo emang made in saudi??? ..paling hp china..kasihan gw sm hidup lo..jgn gila ya jokowi 2 periode ahok bebas tahun depan.. TGB dah,1,fn_hatespeech_id
USER EH ANJING G USAH BANYAK BACOD LUH. GUE TANTANG DUEL LUH BANGSAD',1,fn_hatespeech_id
Youtube accidently got rickrolled,0,
"""Cantik banget semoga sehat selalu kakak panutan""",0,tiktok_v2
"""anjing pelacak itu sedang dilatih petugas""",0,manual_augmentation
Besok kita study bareng ya di library jam 3 okay,0,codemixed
"""Dekil tatoan, mampus karir Lo hancurr pantek""",1,tiktok_v2
Muka Lu Gapantes Naek Mobil Bang ??,1,dataset_research
bjir jalannya kek hewan ??,1,dataset_research
"Lihat ajalah kalau gak dihukum setimpal... Makin banyak yg biru nanti... Gerombolan bangsat tuh kalau GK bisa ditindak kasih aja ke warga sekitar... Warga kan udah tahu perbuatannya,,jadi tahu apa yg mau dibuat",1,
hyena terkait anjing terkait erat kucing,0,relabel
"""makin tua makin muda yehh mukanya, mana cantik bngett mo nangiss ampun cantik terus ka yaya""",0,tiktok_v2
saya liat monyet main bola,0,relabel
gilaaaa gila gilaaaa tangan kaki ekspresi n emosi tertuang adi karya yang fantastis,0,relabel
Semakin saya merasa seperti saya akan menjadi lebih baik saya lebih baik berhenti,0,dataset_research
World cup 2002 tuh yg Korea vs Italia yg kontroversi bgt itu kan?,0,
monyet ya proses mah bgst,0,relabel
nurani bukan manusia tetapi binatang anjing,0,relabel
"kita disuruh ngirimin sedih, dia nya sibuk pacaran nyamperin laki2",0,tiktok
USER USER Ini salah satu bangsat pengecut di Indonesia..\nYang didukung bangsat pengecut bani onta dan groupnya yang kabur ke arab sono.\nIngat...Tuhan tidak tidur ...semua yang berbuat spt itu terhadap AHOK dan merasa dirinya pal,1,fn_hatespeech_id
semangatt kesalahan belajar bahasa asing pembelajaran utamanya kesalahannya tidak terulang,0,relabel
Pentingnya peradaban juga sis,0,dataset_research
"abidzar, mending lu mandi dulu dah kata gua mah",1,tiktok
"Berasa banget ariel tatum enegggghh ðŸ˜­ saya juga mau muntah,kenapa cari peran cowok juga yang gelap banget ðŸ˜­",1,tiktok_v2
manyun nya jgn sembarangan mas,1,dataset_research
"Klo kasus kek gini trjadi di indonesia mngkin udh abis dia dikuliti sama netizen indo. Foto dan biodata, aib2nya mungkin udh trsebar dan digoreng dimana mana",0,
anyiennnnggg suaranya hancur sekali merdu tukang gorengan,0,relabel
USER USER USER USER cebong koplak muke lo kyk pantat kodok',1,fn_hatespeech_id
Frfr pluss 1k comment,0,
"USER Perilaku cina dari dulu memang sprt itu....jadi pengkhianat bangsa. Makanya di Jogja, warga Cina jadi kelas terpinggirkan dan tdk diperbolehkan punya SHM. Dasar cina keparat.'",1,fn_hatespeech_id
"Yg paling mirisnya, mereka tuh cowo bertiga anj anj anj anj anj! COWO LOH! Sanggup ya mulutnya ngerumpi terus gbisa diam kaya congor bebek. Sampe film nya habis anjiiirr! Kesal ke ubun ubun dah ketahan dlm hati karena pasti ga enak jg ikutan emosi apalag",1,fn_hatespeech_id
"USER USER masya Allaah dungu nya para pemakan tahi jokowi ini, pernahkan di era sebelumnya negeri ini serusuh ini, rupiah seperti sekarang, hutang LN seperti skrng, aset\xc2\xb2 bangsa di jualin seperti skrng, pmbangunan TOL pada ambruk seper",1,fn_hatespeech_id
"""Gapaham lagi cakeup nya natural Masyaallah""",0,tiktok_v2
"""Nih orang manis bnget sihh ga ngerti lagi""",0,tiktok_v2
"""bisa mati aja ga? gedeg gua liat lu. ANJIM""",1,tiktok_v2
kali lihat anjing babi baikan,1,relabel
hakimnya Menye menye😂,1,tiktok
12 y o niece Bang long dekat U belajar apa Me Islamic accounting 12 y o niece Ohh kira tasbih laa ni Hahahahahan,1,dataset_research
sumpah apapun lengan nya gede sekali,1,relabel
"Tae stop bully😂 balas dgn 3x lipat baru bisa stop,sok bijak u jing",1,
Habisi saja kalo ada pembully Paling gatel lihat pembully gak diekskusi2,0,
"USER Profil manusia yang terlahir dari sperma yang tertukar, jadilah kaum bani ONTA dan bani KAMPRET.'",1,fn_hatespeech_id
ini mah bu cinta lebih ke ketawa ngikngik sih liat lawannya modelan begini😭🙏,1,tiktok
target marketing nya squad berak lancar,1,dataset_research
USER Lebih tidak percaya lagi kpd keislaman presiden fiksi,1,fn_hatespeech_id
Saya ingin melakukannya,0,dataset_research
"Engga usah di ma'af pin,, memang harus di beri pelajaran anak anak yg suka bully, intimidasi,, apa lagi udah main fisik,.. Harus di proses , beri jera, mumpung masih anak anak 🙏",0,
kamu suasana terima kasih,0,relabel
Dunia persilatan korea enang seru buat di ikuti. Para youtuber korea banjir view dan ikut memanas manasi timnas wkwkwk,0,
"RT USER: \xe2\x80\x9cMaju lu sini anjing"" - Fanny\n\nBabi lah, sakit perut aku gelak \xf0\x9f\xa4\xa3 URL",1,fn_hatespeech_id
"""yang aku suka dari dia adalah selalu cukur jembut sebelum manggung""",1,tiktok_v2
Mirip falak,1,dataset_research
"Kalo cuman nonaktif berapa bulan ya gk ada apa2 nya, tabungannya masih banyak",1,tiktok
Bendera merah,0,dataset_research
"""stikernya norak tapi anak-anak suka""",0,manual_augmentation
Aku ngatau nih bang Definisi berhasil apa nga,1,dataset_research
paham sih rasa kecewanya,0,
adiknya kak maudy cantik pintar aura positifnya ramah lemah lembut rajin sholeha,0,relabel
"Anda sama seperti saya, saya lebih suka",0,dataset_research
Kemampuan lo mediocre at best mending gak usah try,1,codemixed
"""Hadehh muka kaya tong sampah .""",1,tiktok_v2
Se7 sy dgn LBP.; KPU perlu tetapkan cukup 1 tema saja.; ; Misalnya :; #2019GantiPresiden; #2019PresidenBaru ; ; .; ; Luhut kepada Prabowo: Jika Maju Tidak Usah Bawa Tema Agama;,1,fn_hatespeech_id
"Makanya sepakbola jangan dibuat Drama. Dan Itu mw dibawa Oleh ESTEYE yg membuang Elkan Baggot, Sekarang Pattinama dan Mouro ke Indonesia. Cuma menciptakan perpecahan tanpa prestasi",1,
eh si pikmi keliatan lg,1,dataset_research
bengkel lu rame dompet orang orang yang sepiðŸ—¿,0,tiktok_v2
Halah paling drama,0,tiktok
Semester ini tough banget but we can get through it together,0,codemixed
​ @PeproPorepo hmm iya juga ya Tapi pas gw liat komentar netizen yg hujat ada rasa kasihannya juga ya😢,0,
"guys plis lah, knpa yg hate comment malah yang sesama perempuan 🙁💔",0,tiktok
pinter ngomong????,0,dataset_research
Dulu katanya jangan pilih pak prabowo beliau diktaktor otoriter. Kenyataan skrng pak jokowi yang diktaktor,1,fn_hatespeech_id
Lo itu so fake kayak plastik sampah banget,1,codemixed
bct,1,dataset_research
NGANTUK? Nyabu itu😹,1,tiktok
"fiki naki adalah laki-laki yang sungguh-sungguh menjaga dirinya dari pergaulan yang buruk, akhirnya dia benar-benar berhasil, itu keren dan sangat sulit untuk seorang laki-laki dengan pekerjaan seperti Fiki, memang terbaik Fiki naki, samawa fiki naki ðŸ”¥",0,tiktok_v2
USER USER menteri sontoloyo!',1,fn_hatespeech_id
"""Udah gk jaman ngebully orang hey netizen mending ngaca dari kekurangan sendiri""",0,tiktok_v2
"sholat paling depan, titid juga langsung ke depan",1,tiktok
USER berarti sekarang lu lagi nyindir dong? bangsad kau',1,fn_hatespeech_id
aswww bangsat,1,relabel
kamu sahabat terbaik butuh,0,relabel
"DO, teman saja di bully apalagi pasien bpjs",1,tiktok
busett itu dagu panjang bener wkwkw,1,dataset_research
"beda kelas broww,,,muangtai lebih terlatih , apalagi bagian kaki"" atlet muangthai kayak besi brow??",0,dataset_research
USER USER USER kalau agama lain anda bilang kafir..pantas kalau kafir korupsi..kalau pemeluk islam korupsi kau bilang itu oknum!!...dasar bau busuk kau punya mulut',1,fn_hatespeech_id
Waduh ada Bocil yang pakai baju Winspector😮😮😮,1,
sebelum dihukum mati pelaku ditelanjangi dulu diarak sekabupaten cilacap,0,
USER Asli bego gak kelar2 nih partai. Kualitas kayak gini disebut partai Allah. Ckckck.. Begonya lagi bani micin masih setia aja mendukung bosnya jadi capres. Dumbception..',1,fn_hatespeech_id
"Orang tua yg terlalu memanjakan anak, anak tdk diajarkan adab, tdk di ajarkan mnta maaf, selalu bela anak dll..SELAMAT ANDA SEDANG MEMBESARKAN SEORANG MONSTER.",1,
#2019GantiPresiden Pengamat: Data Khofifah-Emil Lebih Faktual di Lapangan,1,fn_hatespeech_id
iri babi hahah najis,1,relabel
USER ya trs knp ? kok jdi lo ngatur2 instastory rangorang? bawel amat jadi CEBONG \xf0\x9f\x98\x82\xf0\x9f\x98\x82\xf0\x9f\x98\x82',1,fn_hatespeech_id
"mau setya novanto tersangka atau alien kena.. tetap blokir jokowi , pecat jokowi.. tutup pintu istana buat jokowi",1,fn_hatespeech_id
rumah itu disebut mirip kandang karena desainnya sangat sederhana,0,manual_augmentation
"""Gak ada orang lain yang bangun tidur siang secantik ini selain ka yaya""",0,tiktok_v2
USER Bukan gerakan instant peluk aku untuk menghapus stigma negatif wanita bercadar yang cuma bersifat insidentil bom teroris. Prett\xf0\x9f\x92\xa8',1,fn_hatespeech_id
"fiki naki adalah laki-laki yang sungguh-sungguh menjaga dirinya dari pergaulan yang buruk, akhirnya dia benar-benar berhasil, itu keren dan sangat sulit untuk seorang laki-laki dengan pekerjaan seperti Fiki, memang terbaik Fiki naki, samawa fiki naki 🔥",0,tiktok
Toppel ajaibnya menghilang ... sangat menyedihkan,0,dataset_research
KOREA Taekwondo??????,0,dataset_research
"""iya bang jer terlihat berbeda klo pake style kayak gini lebih terlihat fresh anak gaul""",0,tiktok_v2
USER Budek? Kamu bisa denger aku enggak? \\\\',1,fn_hatespeech_id
s lonte bukan sensasi ngjak ribut orang terus sampah,1,relabel
orang nolong kok disindir,0,tiktok
Canti aih si kaka tetapi tidak memiliki Bothis???,1,dataset_research
hak apa yang melekat ke kamu kok bisa jadi yang ngasih pelajaran?,0,tiktok
muka kamu kaya tai wkwkwk,1,relabel
gemeshh kaya pengen cubit,0,relabel
"Tunggu kede Rafatar ,Rayanja dan anak angkatnys",1,
jijik sekali lihat tingkah si upil mudah2an secepatnya tidur,0,relabel
apa cmn gw yg ngerasa mas nya mirip kerbau sawah?,1,dataset_research
"USER USER USER USER USER USER USER Ini pasti kerjaan bani tembluk yg stres akibat jagonya nyungsep di jabar, jateng, dan jatim.'",1,fn_hatespeech_id
bukan gak laku lagi tp malah kita mau dia bener2 tersungkur karna apa yg mreka sbg komplotan ini sudah masuk tindakan KRIMINAL!!!,1,
Diluar itu emang orang keluar kebanyakan rasis😅,1,
"Tau aja jule beritanya udah di geser inara, makanya nongol dari persembunyiannya.",0,tiktok
USER USER USER Ucapan yang gak penting untuk di dengar... Bikin indonesia gak maju...,1,fn_hatespeech_id
nih orang kalau lomba babi babinya juara 2,1,relabel
"Pelaku akan Berubah raut mukanya jika terasa pedih , dan nafas susah di tarik. Karena itu kejiwaan",0,
politisi PDIP ini sudah seharusnya dilaporkan kepada pihak yang berwajib karena membuat pernyataan yang sangat mencederai keluarga besar almarhum bapak Soeharto,1,tiktok
Harus nya diganti PLONGO,0,tiktok
apasih kontol bertengkar saja ayo bngst lutfiagizal,1,relabel
Alhamdulillah madih ada orang yg pedulu termasukbsk lita,0,
setelah tau ceritanya jd ikut kesel pantesan warga korea pada marah,0,
USER USER \xf0\x9f\x98\x82\xf0\x9f\x98\x82\xf0\x9f\x98\x82 Rezim cebong...gak mau lihat realita rakyat.',1,fn_hatespeech_id
Menang di puji kalah dibenci..orang korea gk beda jauh dg orang indonesia cuma bedanya indonesia masih miskin.,1,
Media sampah msh aja berFraming Tim Anies-Sandi Kaget Indra Piliang Ditangkap Terkait Narkoba URL,1,fn_hatespeech_id
"sampe sekarang masih keinget terus pssi pecat shin taeyong. diberhentikan tanpa sebab yg jelas dan ternyata penggantinya pun si patrick ya begitu deh track record jadi pelatih pun ga bagus, akhirnya si patrick pun berhenti jadi pelatih timnas karena gagal lolos ke pildun. ujung2nya apaaa yang rugi ya masyarakat, pemain2 yang udah berjuang. padahal tinggal selangkah lagiiii😭",0,
kriput,1,tiktok
AAAAAA JASON HUWUW HUWU ????,0,dataset_research
"Bertemu mentor yang menginspirasi, banyak dapat ilmu",0,cyberbullying_1000
USER Pamor RK jadi seakan tak ada artinya jika parpol pengusungnya pendukung penista agama...,1,fn_hatespeech_id
berarti cowo tulus tu gaada yaðŸ¥º,0,tiktok_v2
sumpah mertuanya baik banget masih mau nemuin cucunya sama ibunya😭😭,0,tiktok
Nggak pantas lo dapat sesuatu yang bagus,1,cyberbullying_1000
Aura peramal’nya kuat banget😭,1,tiktok
Perilaku lu di luar pria sehat sehat,1,dataset_research
"subur ya bun makan enak terus, tp karyawannya mkn indomie bae",0,dataset_research
Kayaknya lo tuh emang takdirnya jadi orang gagal,1,contrastive_dataset
cantik ??,0,dataset_research
dosen nya gatal🤮🤮,1,tiktok
anjing ngewe ama lonte bangsat,1,relabel
"dengan pemberian gelar pahlawan kepada pak Harto, akhirnya kita tahu siapa-siapa yang menolak dan itu menunjukkan jika mereka itu keturunan siapa. pada keluar dengan sendirinya kan yaaa... ðŸ˜‚ðŸ˜‚",0,tiktok_v2
kabur,0,dataset_research
"Jika kucing bisa menjadi femes lagi, saya akan melakukannya",0,dataset_research
mukaa kamu passs smaa bulukkk jadi jadiann deh sono anjing babiii,0,relabel
Besok aku liat ini di bioskop😊,0,
"di indo mah udah terjadi 😂😂😂,berkat omongan pundit dan keplengeran pssi chans timnas indo lolos pildun hancur berantakan",0,
asu burung gembrot saya tidak ngapa2in tuduh robot bangsat,1,relabel
komenannya? miris,0,dataset_research
mama gigi rambutnya pirang cantik muda,0,relabel
USER Yg penting jgn org cina. di Indonesia.,1,fn_hatespeech_id
ternyata di atas vadel ada abidzar😭😭,1,tiktok
Kucin datang di bawah meja meminta makanan Anda untuk apa tidak ada skeptis.,1,dataset_research
"Anda hebat bicara cinta masih pegang Quran sbagai pegangan hidup, Quran tak bicara cinta tapi perang, bunuh, penggal",1,fn_hatespeech_id
USER USER myanmar kafir budha teroris,1,fn_hatespeech_id
"""Manusia apa hewan sih kok gak punya hati banget""",1,tiktok_v2
Saya tidak begitu mengerti jenis orang Malaysia yang tidak ingin kembali ke selang yang saya inginkan,1,dataset_research
Kocakk pahlawan kesiangan😭,1,tiktok
norak lo jelek,1,dataset_research
Baru selesai marathon running capek but worth it banget,0,codemixed
"""kata monyet pada kalimat ini merujuk pada hewan liar""",0,manual_augmentation
mukalu kek aktor bokep bgst mending ngobat saja luu,1,relabel
Terlalu banyak kata2 hasil merusakan,1,tiktok
hahahahahahahahahaha bajingan kamu,1,relabel
semua akan tidak sesuai dengan omongan pada masa lalunya ??,0,dataset_research
Jilat ludah sendiri,1,tiktok
"""MUKA KAMPUNG GAYA SOK SOAN KOTA NYET""",1,tiktok_v2
Jika Anda membuat banyak manyun mas mas nyun,1,dataset_research
"""Eh jangan dekat dekat sama anjingnya ci Jessica gua lempar lu""",1,tiktok_v2
USER USER USER Pks jg antek komunis tuh,1,fn_hatespeech_id
"""Ini bukan era lo lagi, mending lo mati aja babi. Kalo baca bales nyet""",1,tiktok_v2
Gua kira ini murni kesalahan strategi pelatih sehingga di benci. Ternyata federasi nya juga begitu. Turut sedih Son ga masuk babak KO padahal ini piala dunia terakhirnya,1,
Udah kebiasaan membuat perundungan giliran didatangin orang tuanya tak terima eh memang tak punya adab Memangnya batang leher manusia itu batang pisang apa Untung aja bukan di Belawan Ini kalau tidak ku hilang kau,1,
Pray for karyawan,0,dataset_research
Si picek sok iye wkwkwk,1,
"""Buat kalian para pens lonte jgn tkut listi Miskin krna dipecat, krna dia bsa kaya lgi, dgn cara ya nglonte""",1,tiktok_v2
"Aku setuju sih, ending ny sore emg mengecewakan. Trll gk msk akal buat film yg gk msk akal",1,
That presentation was really good kamu emang talented,0,codemixed
USER Wisma darulaman. Kerja\xc2\xb2 banci. Lebih politik la\xf0\x9f\x98\x82',1,fn_hatespeech_id
ini tiga aku satu aja gapunya',1,dataset_research
"USER Tulah, kening macam yahudi mesti ramai orang benci u'",1,fn_hatespeech_id
yg tertutup blm tentu baik,0,dataset_research
omongan gak bisa di pegang bahaya,0,tiktok
"USER kacrut , rank 10 tapi mainnya gk cerdas asal gebuk doang'",1,fn_hatespeech_id
Boroknya segede gaban. ??,1,dataset_research
erik sih jelasin saya tidak update maap2,0,relabel
Cinta banyak yang bilang aku mirip kamu ðŸ˜­,0,tiktok_v2
USER Kelakuan batak kafir itu ya seperti si USER. Suka memecah belah umat.,1,fn_hatespeech_id
"d saat org berbindong""utk mnjdi putih,wanita ini dengan bangga nya dengan warna kulitnya..ini lah yg d sebut Bersyukur☺️",0,tiktok
"Najis bgt tipe ortu kaya gini. Biasanya ngaku2 gentle parenting padahal absent parenting, gak tau apa2 soal kelakuan anaknya di luar, mau salah atau bener pokoknya belain terus. Keliatan sih bukanya mendahulukan adab minta maaf malah nenggunakan kemampuannya untuk belain mati2an. menaruh ego di anaknya. Pure 🗑🚮",1,
gatau serasa nonton wtf benar jakarta virtual and thankyouu for the performance kak syan keren pecah mengecewakan,0,relabel
USER Najis anjir. Goblok banget.',1,fn_hatespeech_id
semoga kakak maya lebih bahagia,0,tiktok
Outfitnya mengapa ....... wkwwkwkwk,1,dataset_research
saya rasakan jaman bapak Suharto sangat adem ayem,0,tiktok
paling gabisa kalau soal ac rusak??,1,dataset_research
kasihan ya nagita suami kerjaannya berzinah,1,relabel
"Agama Islam, Kristen, Yahudi agama SEKSIS! Makanya perempuan dlm agama ini perlu kerja extra keras supaya dijadikan manusia yg setara",1,fn_hatespeech_id
Pragos,1,dataset_research
"""Foto no edit edit ya saayy kamera nyaa bening,,, model fotonya pun juga bening gak perlu pakai filter tipu tipu""",0,tiktok_v2
Ajig bahkan diracuni,1,dataset_research
USER USER USER USER USER Cebong emg begitu selalu minta data \xf0\x9f\x98\x86',1,fn_hatespeech_id
USER Jakarta diera Anies Sandi jg nambah pengangguran,1,fn_hatespeech_id
bg lu klo jelek jan full2 bentuk wkkwkwkw,1,dataset_research
kalau disuruh melihara anjing eric saya pilih anjing saja najis najisan erick kontol,1,relabel
Jadi ingat...sama yang gak nemui rakyatnya....; #2019GantiPresiden;,1,fn_hatespeech_id
"kalo liat kak cinta aku percaya cantik itu gak harus putih,tapi gak cocok di kampungku,yg putih itu yg cantikðŸ˜­ðŸ˜­ðŸ˜­ðŸ˜­",0,tiktok_v2
itu alis ngapa anjir ??,0,dataset_research
hewan dianugerahi jin keledai anjing,0,relabel
kebiasaan ngomong tinggi ke tetangga...... kebawa2 ke sosmed.... dikira dia org sosmed ngga ada yg tau Jepang,0,dataset_research
yaampun cantiikk sangat aslii angguunn,0,relabel
"menendang tua """,1,dataset_research
Tubuhnya bulat,1,dataset_research
gaya nya sosialita uang nya gada lol,1,dataset_research
Sebut 'Rakyat Susah Jadi Kuli Saja Tidak Bisa' Pernyataan Prabowo Subianto Dikritik Keras Netizen calon presidenAbadi,1,fn_hatespeech_id
"""rapat tadi seperti pasar karena semua bicara bersamaan""",0,manual_augmentation
Katakan Sirsula,0,dataset_research
cantik manis cewek nya cocok saja,0,relabel
Mending lo transfer school aja nobody wants you here,1,codemixed
Finally somebody rickrolled Youtube lol,0,
Yang Benci Ibnu Impor Kaki,1,dataset_research
ya otak goblok apa2 dikaitin agama tetapi munafik anjing,0,relabel
"""istilah kampungan pada artikel itu dipakai untuk gaya desain""",0,manual_augmentation
kemasukan omongan kamu alias omongan monyet ya,0,relabel
"USER USER pki,itu kan gaya pkiklau ada jambret pasti di pukul sampai mati,di kota padang aja jambret mati di pukul\n.\nUSER pki ini tolol menfitnah nya kok jambret tak di pukul sampai mati, menimal sampai rumah sakit, \n.\nklau menjadi",1,fn_hatespeech_id
saya akan menyimpan videonya sampai gw tua ??,0,dataset_research
tinggl d LN bukny mkin cantik glowing laaa ini beda sndiri ðŸ¤£ agak laen ng,1,tiktok_v2
kamu munafik yah baikin jelek jelekin bangsat,1,relabel
kalau mengharap ikutan kontes miss earth les inggris biar lidahnya tidak keseleo,1,relabel
kocak si kalau masih ada yg bela dia,1,tiktok
selamat ulang kak rosameldianti_ banyaknya sadar pansos yah amin,0,relabel
paan melet melet jilat tai tabi,1,relabel
"USER USER Komentator yg dungu ya ente bro... Lebih tinggi dungu nya dari pada otaknya, hahaha...'",1,fn_hatespeech_id
Yg ada dipikirannya hanya kekuasaan; Ngga peduli rakyatnya kayak apa; #2019GantiPresiden,1,fn_hatespeech_id
"Kita tunggu sonhyung, akankah dimasa yang akan jadi sperti ini..",0,
DJ panda pasti ketawa terbahak-bahak²,0,tiktok
eh pelakor pas sekali frame orang 3,1,relabel
"udah kelar ya main pahlawan pahlawan nya 😂,emang cari sensasi dan biar nama nya naik doang😂",1,tiktok
ini org terlalu banyak karisifikasi 😂😂😂😂,1,tiktok
kesalahan ceroboh,0,dataset_research
"""anjing kecil itu menggonggong ke arah sepeda""",0,manual_augmentation
"""Fix yang komen semua nyela""",0,tiktok_v2
"aura nya ituloh, aur auran ðŸ¥°",1,tiktok_v2
Idihhh,0,dataset_research
"Jangan sok pintar, lo nggak nyampe levelnya",1,cyberbullying_1000
"Congor Lu Ngga Sesuai Isi Hati Lu..\n"" USER Silaturahmi Ke Alumni ""212"" Tujuannya Memperpanjang Umur...""\nHahahaha...\n\n\xf0\x9f\x91\x89 memperpanjang Umur Apa Memperpanjang Kekuasaan..!!!?\n\n\xf0\x9f\x91\x89 Munafik Lu Semua...!!!'",1,fn_hatespeech_id
"dari jawa tuh yang pilih, kalau dari sumatra udah tidak laku banteng",1,tiktok
Anjing! Malah hujan pas mau pergi,0,fn_fp_reduction
"plisss normalisasikann tan skin teman""🙏🏻, semua kulit tuhh cakepp✨",0,tiktok
USER USER USER salah cung gw bukan bani kacung dungu spt lu itu....siapapun yg memerintah klo ngawur kebijakannya spt yg skrg ini bakal gw tentang',1,fn_hatespeech_id
USER USER USER kebanyakan alasan...\nsi banci bloon itu cuma TAKUT MALU... URL,1,fn_hatespeech_id
Raja terakhir..😭😭😭,1,
kucingnya mirip monyet..,1,dataset_research
bajingan ajg haha,1,relabel
anak bajingan,1,relabel
@FIZZLEJIZZLE fr,0,
et muka kamu saja begitu dih hahaha biarin saja sampah ketemu sampah biar busuk,1,relabel
sok cakep lu aslinya mah tulang semua tuh badannya😛😃,1,tiktok
"Ga ada yang suka sama lo, itu faktanya",1,contrastive_dataset
"""kampret, aku lupa bawa flashdisk""",0,manual_augmentation
Setingan aja sih selama ini ðŸ˜…,0,tiktok_v2
@teletabies: PickMe,1,dataset_research
1.3k is crazy,1,
"dosen gaji besar kan yaaa, beli lah paralonte kalo birahi selesai, malah ngakalin murid nya ancaman pake nilai 🗿 kimaak memang",1,tiktok
Hehhhh tinandrosee???? TolonggggðŸ˜­,0,tiktok_v2
Hama Tiktok,1,dataset_research
2 3 tutup botol muka kamu kek kontol wkwk,1,relabel
kalau liat username bergaya apapun tetap kliatan bagus suka lgu nya sukses terus kak,0,relabel
orang kyk gini cocoknya dikurbanin aja guys,1,dataset_research
"USER Pak USER sebelum Anda menjelaskan, Quran hanya kitab sampah berbahaya, kekacauan terus terjadi",1,fn_hatespeech_id
USER Tolol luh.',1,fn_hatespeech_id
YOUTUBE,0,
"""monyet tersebut duduk di dahan paling tinggi""",0,manual_augmentation
"Yakin ni pasti sipenghujat itu trauma liat HP, dimana mana kontennya ngebuliin dia 😂😂😂dia kira video ini cuma viral sesaat ntar tahun depan dimunculin lg dan lagi dan lagi sampe dia stres jd ODGJ",1,
siapa yg cita2 nya gebugin Bayu.,1,dataset_research
mama gigi cantik sekali look younger than her age love mama gigi,0,relabel
lagi dugem,1,tiktok
serius gini diluar ekpetasi🙂,1,tiktok
RT USER USER USER Pilih presiden yg jelas orang tua nya yang bukan pengkhianat negara,1,fn_hatespeech_id
"Lah di indonesia lebih gila malahan nggak cuma anak sekolah, batita (bayi tiga puluh tahunan) aja sampe dibela-belain bapaknya lewat paman sampe ubah undang-undang",0,
"""Narkoboy kontol, Cuma bisa maen cewe sama nyakitin doang lu anjing, mati aja lu bego""",1,tiktok_v2
janda pirang? janda gendats kali??,1,dataset_research
Haruskah aku buat thread jadi TKI dimalaysia dengan jam kerja 16jam? Sebenernya ini kilang memang jahanam betol',1,fn_hatespeech_id
"""Jangan disamain muka @rosameldianti_ sama orang oi. Mintanya disamain sama babi""",1,tiktok_v2
"Indonesia kemaren harusnya masuk, karena si Erik gambling jadi ya gtu",1,
Keluarkan anak goblok yg suka melakukan kekerasan di lihat di muka nya ajah udah nantangin ituh anak udah sok jago,1,
makan stroberi aja dua tangan heh pikmiii pikmiii,1,dataset_research
"""Udaaaahh nontonnnnn.. lagunya bajunya makeup dan hairdo nyaaa sukaakkkk""",0,tiktok_v2
Sedih sih gak sama tugba. udah ngikutin banget dari awal 😭,0,tiktok
"bapak nya daehoon hati nya luas banget ya, harus ngeliat dan ketemu anomali yang udah nyakitin anak laki laki nya dan ke 3 cucu nya 😭🙏🏻",0,tiktok
buang sampah di kali angke dan bersihkan got got yg buntu namanya juga relawan,0,tiktok
Rasanya tuh Si tiang listrik kampret LI JUNHUI mau gue tabrak pake bajaj yg udah dipasangin Bom. Dasar cungkring gak tau diri.',1,fn_hatespeech_id
Emangnya nih partai klo ngeluarin statement ada yang percaya? Lah isinya jongos cina komunis semua.,1,fn_hatespeech_id
keknya lebih tepat pro judol dahðŸ˜’,1,tiktok_v2
Bagus... Orangtua WAJIB BERTINDAK kalo anaknya di bully anak lain. Sekolah tidak bisa berbuat banyak utk mencegah kalau sudah terjadi pembullyan.,1,
lah ini udah jelek t0lol lagi,1,tiktok
"Di bully kalo gak melawan pasti nyesel sampe tua. Untungnya aku GK pernah di bully. Tapi pernah kena palak sama anak kampung baru jakarta barat. Tiap pulang sekolah selalu ketemu sama anak itu minta uang. Mending ku lawan aja lah meskipun kalah. Next akhirnya pindah ke Siantar. 2008 aku balik kejakarta lagi alesan cari kerja. Padahal nyari tu anak mau ku giling. Ok ketemu langsung ku giling dia, puas banget rasanya. Mukul orang paling 1 Bulang doang. Yg penting puas hati",1,
yaampun artis benar benar good attitude layak panutan saja kuliah negeri tetapi karena baktinya suami pilih kuliah wilayah suaminya salut sekali,0,relabel
USER Iya huhu dia tuh orangnya emang rada udik ngeliat sesuatu langsuh WAAH WAAH WAAH \xf0\x9f\x98\x82\xf0\x9f\x98\x82 kayanya peru buat kompilasi dia bilang waaah waah',1,fn_hatespeech_id
USER USER umuh &gt; persib\npersib kunyuk!!!!\n\xf0\x9f\x98\x82\xf0\x9f\x98\x82\xf0\x9f\x98\x82',1,fn_hatespeech_id
"knp pada nanyain tugba sih? apakah nanyain mantan di nikahan itu menjadi salah 1 syarat nikah, kan enggak. ini acara Fiki ama bininya, serta keluarga.",0,tiktok
"mukanya mirip mama nya, kulitnya warna bapak nya🙈🙏",1,tiktok
Rakus bngt horeng kaye mkh kaye sak anak cucucicitnya sekalian sj mertua ibu keponakan jdkan pejabat Biar negara berasa milik klrg bsr Ra..Astofirllohhhhhh..,0,
susah benerrr bangsat,1,relabel
cinta maaf tapi lu kek dukun yg suka ramal pake kartu itu loh🥺,1,tiktok
wah makin seru 🔥🔥🔥,0,tiktok
"mlah cuci tgn njirr,lil lil🤣",0,tiktok
"USER USER USER USER USER USER USER USER Klu jaman pak Harto anak"" berprestasi di perhatikan....\nKlu jaman Rezim skrg yg Lebay yg di panggil ke istana....\nRezim aneh....\n#2019GantiPresiden'",1,fn_hatespeech_id
RT USER tapi kok ya ada orang-orang Islam yg mau tunduk diketiak rezim yg anti Islam ini cc USER,1,fn_hatespeech_id
Hmmm kayanya cewek maupun cowok kalo jatuh cinta ya sama2 jadi bego...,1,
Podo plenger e😅,1,
Ya itu namanya cawgub goblok gak ngerti peraturan debat....kelihatan bego dan liciknya itu sandiaga uno.,1,fn_hatespeech_id
"USER Kntl ye, apus ga'",1,fn_hatespeech_id
yang penting perut kenyang,0,tiktok
anjing diam saja abangnya tolol sudah mending kalau ginian tidak usah nonton biar berhenti abangnya juga cari nafkah dengan saja,0,relabel
kalian aja deh yg ngomong😣,0,tiktok
Cabut fasilitas bantuan subsidi dll blokir pelayanan pemerintah blacklist dari BPJS untuk semua keluarga pelaku. Di penjara 3bulan,1,
merinding wir,0,dataset_research
kak Ariel Tatum selalu smirk,0,tiktok
"""Semangat Rick untuk usaha barunya""",0,tiktok_v2
anjing ni orang mabok stress,0,relabel
Aneh KLO dibenci kyk gtu . Kalah 0-1 tp son (yg katanya pemain terhebat di asia) dlm waktu 45 menit gak ngegolin sebiji pun. Bukankah hrsnya dia malu? Kalah 0-1 dengan timnas negara yg individu biasa' saja bukanlah memalukan jika kt sadar KLO bola ada seni berbagai kemungkinan.. menang kalah punya probabilitas yg hampir sama,1,
Lo itu clumsy dan stupid semuanya salah mulu,1,codemixed
USER itu biar nyambung yu semua geblek:(',1,fn_hatespeech_id
"Aku sih berharap para cebong itu demo dan melaporkan USER atas dugaan penistaan agama mereka, biar dunia meliat gerombolan org2 dungu yg slama ini bersembunyi didumay dan diketiak penguasa. ??? #SuramBray",1,fn_hatespeech_id
Klw bisa laporkan ke polisi Sly yg suka bully itu mamanya ngk terima walau pun anaknya memang salah yah wajar lah orng tua sih anak yg di bully datagin mereka mantap Buu lanjutkan trus,0,
"""aku merasa fotoku jelek karena pencahayaannya buruk""",0,manual_augmentation
culun bet w anjing,0,relabel
ga ada menyesal2 sii dari raut mukanya,1,tiktok
"""Mukak lo kayak tapir kuda asu sok ganteng banget lo""",1,tiktok_v2
saya liat monyet membantu orang tua mengambil buah,0,relabel
Untuk mendapatkan tumpahan pabrik panjang semua air mata,1,dataset_research
"""petugas mengevakuasi anjing liar dari kawasan pasar""",0,manual_augmentation
kadang coment nya bener banget... ko Rigen semua yg lakie,1,tiktok
".barryaje Faktanya Gubernur aheryawan yg menyelesaikan, si mukidi nongol saat peresmian #2019GantiPresiden aja dah",1,fn_hatespeech_id
monyet panda lucu,0,relabel
"So sorry, bru ngeh dia dibelakangðŸ™",0,tiktok_v2
Tidak ada komen deh ??,0,dataset_research
mel kelihatan cakap,0,relabel
"dia cantik banget, dan gak merubah apapun bentuk wajahnya ♡
kalian yg komen negatif ngerti soal cantik natural gak? ini loh yang begini",0,tiktok
Ibnuu ibnuu kebelet validasi,1,dataset_research
Pembicaraan berlanjut ..,0,dataset_research
Belajar lagi dari sejarah ketika Piala dunia 2002 Korea menyogok wasit hingga bisa sampai ke semifinal mengalahkan Italia. Karena hal itu banyak pemain asia berwajah Oriental yang sangat dibenci atau mengalami rasisme di Eropa Ingat ketika ada pemain Asia berwajah Oriental yang menjuarai Liga di klub Eropa pasti akan di lewatkan oleh kamera terutama di Liga Inggris.,1,
"""Kukira kehadiranmu akan menjadi sesuatu kebanggaan, ternyata tidak""",0,tiktok_v2
Semoga mbk Lisa sehat selalu ya sampai idul Adha 🤗🤗,1,tiktok
anjing hebat sekali kamu nyelesain tugas,0,relabel
RT USER lucu ya yg dihina polisi ngehinanya pas ada polisi dan polisinya ada disitu. dimana letak wibawanya polisi? Politic_ID KaPolri,1,fn_hatespeech_id
Et dah ganteng banget dah ko,0,tiktok
Ngga pak saya merasa tidak ikut membayar,0,tiktok
wkwkwkwk memang ngapain anjing orang tidak ngapa2in,0,relabel
"Kalau sudah terbukti di tindak saja GK usah damai Anak "" apa kelakuan iblis ini sudah bentuk kriminal berkelanjutan Kasian korban sakit fisik dan mental",1,
"doa yang baik"" ajah.. smoga Allah jaga anak cucu kita dari hal"" yg tidak baik",0,dataset_research
tidak ada otak anjing,0,relabel
Akhirnya yg tersesat menemui jalan yg salah 🤣🤣🤣,0,
hello!,0,
ganggu sangat anjing pengen saya penggal,0,relabel
"""anjing itu sedang minum dari mangkuk biru""",0,manual_augmentation
"""@ayu.kinantii isyan skrg berubah ya:( baju nya nakal""",1,tiktok_v2
pnyanyi dangdut yang tidak berkelas begini nih y nonjolin suara nonjolin dada,0,relabel
"abidzar sombong bgt jir bilang gtu,, tu film juga butuh penonton,tanpa penonton gk akan laku tu filmðŸ˜‚",1,tiktok_v2
guys sctv teh nct benar indo gimana saya kesal sekali anjing nct perform lagu ngapain diselipin reaction artis indo ah tidak jelas sangat,0,relabel
kalo knetz nonton gmn ya? wkwk,0,tiktok
USER Cebong maennya gak pernah keluar dr kolam pak...makanya gak tau....udah jgn di tanggepin...ntar cebong laen pd nongol dr dasar kolam buteknya..',1,fn_hatespeech_id
Komentar Hakim Akhir Hakim adalah segalanya,0,dataset_research
yang jadi 1 ciuman depan orang banyak yang sih malu kecuali mungkin lagi mabok jadi tidak malu 2 berteman helooow pertemanan tidak melibatkan ciuman bibir coba saja bayangin sanggup tidak ciuman bibir ma teman lebih dari teman dasar kelakuan kids jaman now yang memang bodoh karena kebanyakan micin lho yah,0,relabel
"USER Ayooo serbuuu... persekusii... \n\nHina presiden boleh, hina ulama TGB kyai said quraish shihab boleh, hina rijik persekusi... emang rijik nabi?'",1,fn_hatespeech_id
"""antrian kendaraan itu panjang seperti ular""",0,manual_augmentation
Saya ingin menanyakan apa yang Anda rasakan ketika Anda menyimpan uang di dana dan kemudian makan uang itu,1,dataset_research
"yang birahi doesennya yang disalahin mahasiswi nya, kok lucuðŸ˜‚",0,tiktok_v2
USER USER bukannya dia USER juga tuak..berarti dia BRENGSEK juga ? \xf0\x9f\xa4\x94\xf0\x9f\xa4\x94',1,fn_hatespeech_id
anaknya sudah pintar maknya kelempengan berasa baby tingginya azka saja melebihi mamanya,1,relabel
muka macam anjing,0,relabel
Masi School Well Widows,1,dataset_research
do aja kak🔥,0,tiktok
gue beda karna gue gila,0,dataset_research
​ @RohaetiGayeh BANGET! MUKA TABOKAN,1,
ironi bgt org yg suka bully masuk jurusan filsafat,0,
USER Basi Isunya jangan2 USER ini yg PKI',1,fn_hatespeech_id
"Kamu Jahat bngt sih, jd sedih gw🥺",1,tiktok
"itu 1,4 gara² pintunya di bawa pulang",0,dataset_research
USER USER USER USER USER Yakin deh yg pencitraan cuma jokowi,1,fn_hatespeech_id
mb maaf jigongnya keliatan,0,dataset_research
mbak bela nikahnya berdasarkan dasar agama mbak yang diutamakan ya biar laki2nya dapat yang laki2 yang kaya raya yang nikahin mbak,0,relabel
USER USER USER USER USER USER USER USER USER USER Yg dua ini cocok dikatain SONTOLOYO\xf0\x9f\x98\x81\xf0\x9f\x98\x81 EMANG BOM KAMPUNG GA BISA KASI MATI ORANG.',1,fn_hatespeech_id
Gak ada yang care sama lo di dunia ini worthless banget,1,codemixed
"federasi plenger, ada tuh milih pelatih gara gara cuma dia yg mau interview waktu lagi natal 😂",0,
"""model topi itu kampungan menurut beberapa orang""",0,manual_augmentation
Lots of love RICK ASTLEY,0,
Orang tua mana sih yang nda marah kalo anakya di aniaya,1,
SECARA TIDAK LANGSUNG MENGAKUI KALAU DIRINYA JAHAT DAN GA BECUS KERJAðŸ˜­,1,tiktok_v2
"Mungkin ini contoh titik awal dari PSSI . Semoga setiap cabang pssi daerah daerah provinsi lain harus bisa memberikan edukasi couching clinic agar setiap regenerasi slalu muncul bibit bibit baru dan jangan lupa infrastruktur yg memadai demi regenerasi yg berkelanjutan. JEPANG KUAT SEKARANG ITU BUKAN HASIL INSTAN, MEREKA LEBIH MEMIKIRKAN SAAT MEREKA DI BANTAI HABIS BRAZIL DI PIALA DUNIA KOREA-JEEPANG 2002 . SAYA PRIBADI MENYAKSIKAN LAGA PERTANDINGAN DI LAYAR TV SAAT BRAZIL MEMPORAKPORANDAKAN PASUKAN JEPANG DI BIKIN AYAM AYAMAN 😂😂",0,
ok anjing anak pelacur mak sundal i m coming for u sooner or later,0,relabel
"""Apaan sih gak jelas hidupnya""",1,tiktok_v2
koreng kok di muka,1,dataset_research
"Anda DIDUNGUKAN Islam, Quran mengajarkan AMORAL USER Ansor Sebagai agama, Islam punya posisi moralnya sendiri",1,fn_hatespeech_id
mukanyaðŸ˜‚ðŸ˜‚ðŸ˜‚ðŸ˜‚,1,tiktok_v2
anjing menyenangkan anak anak,0,relabel
"Belajar hal baru hari ini, ilmu bertambah",0,cyberbullying_1000
"bener ibu,,;ketka anak kita di bullyng,,org tua ngak terima",1,
bravy lu se ganteng apa dah busett,1,tiktok
"make hadist nya sesuai mood, sitkon dan kebutuhan mereka",0,dataset_research
USER USER USER USER USER USER USER USER USER USER Hoax Bani cebong',1,fn_hatespeech_id
Tim gak suka pasangan ini si cewek sok manja banget euuhh??,1,dataset_research
"""ga nyadar aja nih sampah HAHA""",1,tiktok_v2
kasihan bapaknya Rebecca,0,dataset_research
USER USER udik emang bego haha',1,fn_hatespeech_id
duit doang banyak tp gaya lu kyk orang kampung,1,dataset_research
"Aku pernah diare sampe pergi ke klinik waktu SMA, parah bgt sampe ga masuk sekolah dan turun berat badan",1,
hahahahhahahahaah bau jigong,1,dataset_research
wahh jngn2 vidio bajunya norak bngtt ayuu murahaan,0,relabel
internet cepat kan,0,tiktok
percaya diri memang penting tapi sadar diri lebih penting.,0,dataset_research
gaga sempet benar lora kamu tinggalin kamu orang jahat tidak kamu tidak bahagia tidak,1,relabel
ustad itu panggilan saja. sama macam guru atau pendeta,0,tiktok
kata almarhum ibuku enak jamanya almarhum bpk soeharto..ðŸ¥ºðŸ¥º,0,tiktok_v2
"aku nemu foto ini, yaallah ngakak banget😭",0,tiktok
Robek imut tidak diapus dengan,0,dataset_research
Bersyukur atas semua yang ada hari ini,0,cyberbullying_1000
"Udh ga riset, pede lagi. Heran udh dikritik bukannya introspeksi malah sok i dont give a fuck  ew🙄 belum jadi apa apa aja udah se arogan ini gimana nanti",1,tiktok
Si tolol udah tau pemerintah rezim komunis ini bobrok koruptor bisa pimpinan sidang DPR paya cebong URL,1,fn_hatespeech_id
Anak sok jago..tabokin aja tu pelakunya,1,
Senang banget bisa kenal sama lo,0,contrastive_dataset
Sebobrok inikah?! Sungguh sangat miris,0,tiktok
"Golkar=Setya Novanto, Setya Novanto=Golkar..sekalipun lolos jerat hukum ato di pecat partai. Tetap,Golkar adlh cerminan orang itu,layaknya suharto",1,fn_hatespeech_id
YOOO 18 HOURS AGO. I CAN GUARANTEE YOUTUBE GOT RICK ROLLED 💀💙,0,
"jangan dulu mulan, dul sama El belum nikah, nanti netizen hujat siapa kalau lu sama Dhani cerai sebelum mreka nikah",1,tiktok
Mana nih yg sempet bandingin lamaran nya erbra sama elsyif😂,0,tiktok
"pinter membodohi rakyat?... faktanya dilapangan gd uang sama orang dalem meskipun lu pinter gk bakal guna, orang nilai aja bisa di beli kocakÂ² jgn samakan logika sekolahmu dgn dunia luar bergaul bro dunia luar kejam gk sebagus expetasimuðŸ¤£ðŸ¤£",1,tiktok_v2
"Lah ngapa ? Lemes betul tuh congor maz ,sini pake rok'",1,fn_hatespeech_id
kaget tiba2 fiki naki nikah😱,0,tiktok
"Kenapa dibenci dan di hujat ??? Karena rkyt Korea sudah gila ingin juara padahal kelasnya masih asia tp mereka pengen di sejajarkan dengan timnas Brazil Portugal Prancis Jerman Spanyol itali.. akhirnya yg slalu disalahkan pelatih nya.. pengen di sejajarkan dgn timnas eropa dan Amerika tp sama Malaysia ditahan imbang😂😂 Berbagai alasan ditunjukan ke pelatih, dasarnya ngampas ya ngampas aja. Contoh dong rkyt jpn... Mskpun levelnya lebih tinggi dr Korea tp mereka legowo",0,
pantes mulainya si ajg berulah,1,relabel
sopy selalu buat gue merinding ??,0,dataset_research
"Jahat banget lu conk, ga ngaca sm mulut lo yg banyak omong di banyaknya media!",1,tiktok
yg di tabur bibit sayur yg dituai padi mas..dani dan mulan masih anggota dewan ngak sempat dia menuai...ha.ha. kocak..😇😇😇😇😇😇😇😇😇😇😇,0,tiktok
brengsek itu orang terbuat dr apa bikin gue berkata kasar mulu',1,fn_hatespeech_id
Chuaksss,0,dataset_research
emang mirip ternyata,0,dataset_research
contoh kelakuan Iblis Kafir..; Ketika tersandung Kasus dia Berpeci seolah olah seorang Muslim Pelakunya..; Padahal Kafir Kristen..; Begitu Cara mereka merusak Islam..sehingga muncul stigma negatif terhadap Islam..di bantu Media yang semakin kurang Ajar..,1,fn_hatespeech_id
"""babi kecil itu bermain di genangan air""",0,manual_augmentation
USER Pembacaan Pancasila dalam setiap upacara tak masalah diganti Syahadat NKRI yang berisi initi dari Pancasila,1,fn_hatespeech_id
Kisah di drakor biasanya menceritakan kehidupan real yg seperti itu….parah yah kasus bully di Korea,0,
BUZZER DIMANA MANA ANJIRRRR,1,
"""warga meminta penanganan anjing liar di permukiman""",0,manual_augmentation
sibego mending lu diem,1,dataset_research
iya kamu monyet mel,1,relabel
"""Kaya tulus ya mukanya klo diliat2""",0,tiktok_v2
tidak so islami kalau kelakuan bangsat saya tidak senang kamu,1,relabel
bulan November emang musim birahi ðŸ˜‚,0,tiktok_v2
buset tangannya cacat bjir,1,dataset_research
"Gara gara indra,, uncle coki pardede bisa make lagi😂😂😂 Satu episode setara 1 tahun beban hidup😂",1,
Orang tua mana yang membiarkan anaknya di hina dibully dan diancam ? Wajar kalau ibunya ngamuk gak terima,1,
kelakuannya tolol bgt anj,1,dataset_research
Of course he wouldn't ☕🤭,1,
"SELAMA PROSES #SidangAhok WASPADAI ULAMA2 KUBU AHOK..YAKNI ULAMA2 ""MUNAFIK"" YANG SESAT DAN MENYESATKAN..!!",1,fn_hatespeech_id
USER Banci kaleng...',1,fn_hatespeech_id
Sok-sokan ngomongin panda padahal sama aja,1,tiktok
Target sudah tercapai dia hanya ingin balas dendam mengebu2 ke panda lewat si er setelah semua hancur kan di tinggal si er nya .,1,tiktok
"bntar LG baju becca seperti ini banyak di live,aku langsung ke keranjang kuning ?? suka bget",0,dataset_research
dikasih bidadari lonte,1,relabel
cwok kaya anjing begitu,0,relabel
"""parah, hujannya bikin jalan macet total""",0,manual_augmentation
sudah menemani tersulit kamu pas sudah selingkuh tidak sangka idola saya sesampah,1,relabel
@putuanggreni5921 terima kasih sudah nonton🙌🏻☺️,0,
Yurika bilek : mantan itu sampah 🗿🗿,1,
dosen sange ngetik sambil ngocok kali,1,tiktok
"ganteng kagak, muka kek aki aki",1,tiktok
"USER Biadab uus, sini keparat saya tunggu dimonas! Jangan cuman koar koar hidup lu anjing!'",1,fn_hatespeech_id
kepruk ndase bu ..bene g tuman pembully sok jago..,1,
"""Jijik astagah sok bat cakep njs""",1,tiktok_v2
anjing kamu benar jago nyelesain,0,relabel
Yeeee...; Indonesia hebat.; Indonesia dibanjiri Tenaga Kerja Asing.; ; Pk Jokowi Kren deh. Top banget. Kalau bisa Presiden Seumur Hidup.???; Ayo dukung Jokowi Balik Ke Solo; #2019GantiPresiden,1,fn_hatespeech_id
ya menikah dengan Lu,0,dataset_research
"iye iyeee, maapin kita yg fakir ilmu ini ye tuan putri Tasyi ??",0,dataset_research
12:55 korsel gak lolos krn kalah adu pinalti vs indonesia asuhan STY,0,
Ikan harus diadakan 17agutus seperti pak presedin jokowe jangan sampai di abaikan ibu kota baru kltm😊,1,
Serius tanya... Orang ini siapa ya?,0,tiktok
Cantikkk 🩷🩷,0,tiktok
bikin skandal ingin tenar,0,relabel
"""Cantik semua congrats kak msuk nominsi tc candler""",0,tiktok_v2
Childish banget sih lo grow up dong stupid,1,codemixed
ka mel tidak usah merendahkan orang bersyukur saja diatas langit langit,0,relabel
HI RAKYAT2 KU KARENA AKHIRNYAUGA POSTELCA AKU MAU GIVE AWAY ALBUM LOVE YOURSELF ANSWEREALED VERSIONNYA PILIHENDIRI E,0,dataset_research
bagus kalau mingkem saja hahahahahaha jahatnya akuuu,0,relabel
"Keberkahan, Keberlimpahan Dan Kemakmuran Selalu Bersama Diri Mu Masee Bravy..😇🤍🔥💪",0,tiktok
Apa yang terkuak semuanya sudah jelas sejak awal memang itu strategi kampanye kami di tim pemenangan anies sandi URL,1,fn_hatespeech_id
What???,0,
cantik alami bedak tebel gaya bak tante2,0,relabel
"Bruh dia seengganya dia bisa kabur dri negara ini, artinya dia win. kalian ini knp dah julid bgt😭",0,tiktok
"""AMZING ISYANAA!! Jujur aku amazed banget dengan skill dan minat Isyana dalam bermusik. Ga Cuma bernyanyi tapi main alat musik pun jago banget""",0,tiktok_v2
kejahatan pak harto 8% kebaikan pak harto untuk negara Indonesia 90.2% saya rakyat jelata tapi sangat merasa nyaman waktu beliau jadi presidenðŸ¥°,0,tiktok_v2
RT USER Mungkin kata USER: yg dilakukan Raja Salman hanya pencitraan,1,fn_hatespeech_id
hah komennya?! padahal cantik bgt njir ðŸ˜­,0,tiktok_v2
adil biar ga seenak jidatnya gomongðŸ‘ðŸ‘,0,tiktok_v2
pak de kan ganteng. diem-diem udah ada simpenan. nya. gaesss,1,tiktok
Ga pernah semuak ini sama cewe,1,tiktok
aduh ga bisa bgt liat gaya nya.. norak,1,dataset_research
"USER Kalau USER diCAPRESkan, banyak kalangan Aseng/Asing dan konco2nya serta media pendukungnya rame2 menolak; Mereka khawatir kejahatan dan main kotornya di negeri ini akan diberangusss seperti Reklamasi di Jakarta! \n\n#2019GantiPresiden",1,fn_hatespeech_id
"Satu kali menang tiga kali kalah itu jelek bro bukan baik, menang satu kali lawan jerman itu bukan patokan bahwa pelatih bagus.",0,
alisnya tinggi sebelah,1,dataset_research
cung yang tau dia gara2 nikah sama arhann👆,1,tiktok
oop 3rd didnt realise youtube was here😄,0,
Dohh gak usah apsen Kali sok baik,1,
berhenti cakap tidak kakk pusingggg ih,0,relabel
karena cari makannya dari situ,0,tiktok
Setuju. Musuh kita adlh teroris Budha Myanmar baik para biksu &amp; militer nya. Tp Borobudur adlh warisan leluhur kita URL,1,fn_hatespeech_id
"Update kasus nya,lanjutan nya gimna ini?",0,
"Prabowo : elite politik kita goblog, bermental maling.\nFadli : Pemimpin planga-plongo\n\nAnak buah dan junjungannya sama saja. Klu ngomong selalu abu2.\nTak mau tunjuk siapa elite itu.\nSemua orang juga bisa ngomong dengan tdk ada arah dan tujuan.'",1,fn_hatespeech_id
sarimin,0,dataset_research
"""Kaku kek kanebo kering hahaha""",1,tiktok_v2
bodoh anak orang sudah tidak perawan noh gara kamu wkwkw,1,relabel
"Tadi aku nonton sama temen² sekolah ku,seruu bangett film nyaa gilaaa,bagusss banget ,tapi kaget jugaa pas waktu magrib itu",0,
"""bajuku terasa kampungan kalau dipakai ke acara resmi""",0,manual_augmentation
"""dekorasi tokonya terkesan kampungan dan terlalu penuh""",0,manual_augmentation
USER Diajak dialog menolak.. ada apa? Wajar bila rakyat menuduh kalian antek komunis,1,fn_hatespeech_id
MEMANG ANAK ANJING KAMPANG',1,fn_hatespeech_id
ih babi jangan megang tuh anjing harga dripada kamu,1,relabel
"""Lama lama mirip dewi persik ya""",0,tiktok_v2
"USER Begitulah pekaes yg doyan dgn pipis onta, ilmu jd nomor 2 yg utama adalah khutbahnya yg menyala-nyala dan berani mencaci Jokowi, yah itulah junjungannya kayak si pelari terlama sono tuh,,, wkwkwkwk.'",1,fn_hatespeech_id
anjir gua kira sultan beneran ??????,0,dataset_research
kini Cina sedang berusaha menguasai politik dan hukum di Indonesia.,1,fn_hatespeech_id
anjing saya suka kamu kerja,0,relabel
Emang korea sehebat apa di piala dunia😂 ampe pelatihnya di hujat... Ini piala dunia bukan piala asia😅,1,
USER USER USER Asu mrk itu',1,fn_hatespeech_id
"Sebetulnya salut salah satu wakil Asean bisa masuk piala dunia, dibandingkan negeri Konoha sebuah federasi sepakbola yang diisi orang2 politik kotor sehingga sampai kapanpun tak akan pernah masuk Piala Dunia.",1,
"""Banyak yg kecewa karena lu begini rik!!!!""",0,tiktok_v2
"USER Ah, congor mu ,zon'",1,fn_hatespeech_id
"""debat itu liar seperti hutan tanpa aturan""",0,manual_augmentation
Karma,0,dataset_research
setidak nya klo ga good looking ya good attitude bang,0,dataset_research
dasar drama kontol,1,dataset_research
arab yg sangat gokil,0,dataset_research
sipat anjing anjing saja ya manusia sipat anjing,1,relabel
kaku kek kanebo kering hahaha,1,relabel
USER USER Emang dasar kecoa goblog! Ngambil uang simpanan dibank dan dikelola bank tanpa seizin yg nabung koq dibilang maling',1,fn_hatespeech_id
tasyi kenapa sih,0,dataset_research
"USER Menyerah sebelum berperang, cupu!'",1,fn_hatespeech_id
bukti nyata NPD yang bisa diliat seluruh warga indonesiaaa ????,1,dataset_research
"""Happy birthday Mel sehat dan Sukses yah, Aamiin""",0,tiktok_v2
Lebayyyyyy dasarrr alay,1,dataset_research
Jujur aku pernah jadi korban tapi sama aja anak² nya dibela sama orang tua malah orang tuanya bilang tergantung anak anda yang bisa bersosialisasi atau ngk nya sekilas gw nahan emosi aku yang ngerasa ngeliat orang kaya gitu jadi pengin ngk terima,0,
Brengsek anjirittt siaaaaallllllll aku benciiiiiiiiiiiiiiiiiiiii jahaaaaaaaaaaatttttttt',1,fn_hatespeech_id
menolak lupa RT USER Tentang peristiwa 98 kami sepakat dg Kivlan Zen. Bukan Prabowo yg harus bertanggung jawab tetapi Wiranto,1,fn_hatespeech_id
USER Bani tanpa sumbu alias taplak alias cebong mulai berkerumun. \xf0\x9f\x98\x82',1,fn_hatespeech_id
ohh,0,dataset_research
kamu orang inspiratif teruslah berkarya,0,relabel
Bang mau kena pukul kah niii Gua udah serius nonton Kampret abang ni,1,
"""Sering blg ke org2 artis cewek yg menurutku paling cantik syifa sama ziu""",0,tiktok_v2
bunda maia cantik semoga selalu sukses sehat terus ya cantik wajahnya secantik hatinya,0,relabel
"""babi ternak itu dipelihara di kandang bersih""",0,manual_augmentation
@MatheusDeOliveira123 indeed,0,
"""Indahnya pemandangan banyak LonT lonT mau di jual""",1,tiktok_v2
kelihatan sangat anjingnya ketakutan foto dakjal,1,relabel
"USER USER USER USER Cebong mah gitu bang acut... Komentar nomor wahid, literasi tak valid... Dungu'",1,fn_hatespeech_id
USER BIASA LAH PROF KAUM KAMBING BENGEK YA BEGITU.. BEDA DIKIT DIBILANG CEBONG... NGAKAK WES...',1,fn_hatespeech_id
kumat semedinya segini keluarnya,1,relabel
ketuanya ae gini ga bakal di degert lengserin ganti ketua DPR yg tegas,1,tiktok
Oleh rezim skrg atas kendali Negara Cina Komunis yg mjd patron tunggal rezim anti islam ( Jokowi ),1,fn_hatespeech_id
"USER USER USER Cie cie bani cebong pura pura gag dibayar, cie cie dasar cebong, disodorin tulang aja cepat apalagi uang wkwkw'",1,fn_hatespeech_id
saya tahu nih,0,relabel
anjing keren sekali kamu,0,relabel
"Saya gedek liat nya,kampang babi anjing itu anak,",1,
"Sukses presentasi tadi, lega banget rasanya",0,cyberbullying_1000
"Orang yang ingin menegakkan khilafah, dituduh radikal. \nKok, orang yang ingin menyebarkan pemahaman komunis kok nggak diapa apain.'",1,fn_hatespeech_id
si anj punya otak kg dipake wkwk,1,dataset_research
19 hours ago???,0,
"""Bikin konten YouTube Student life at standford @maudyayunda seperti waktu S1 at Oxford. Fansmu pada nungguin nih.""",0,tiktok_v2
"Selalu inget, km bukan siapa siapa. Bukan apa apa. Jadi gaada pentingnya juga buat kamu tau.\n\nBut, I need belong to someone. Hahaha. Agony of loneliness huh? Teori nya pak kassin lagi nih? Geblek!'",1,fn_hatespeech_id
proud of u zah aku tau km kuat ❤,0,tiktok
gemulai nya momo bak putri keraton jawa semoga bersatu nya maut yang memisah gbu,0,relabel
jedar memang muka 2 kali di depan di belakang busuk mulutnya kek banci cucoklah 2 banci itu,0,relabel
liat mukanya mau muntah 😂,1,tiktok
siapa ya loe,0,tiktok
"""Gajadi beli, takut ketularan lonte nya""",1,tiktok_v2
"""saya melihat monyet mengambil makanan wisatawan""",0,manual_augmentation
RT USER iya-iya hidup nabi jokowi as,1,fn_hatespeech_id
Kamu tuh so kind sih always helping everyone around you,0,codemixed
Terlalu halaman,1,dataset_research
"Saran gua y ini mah saran doang buat korban bully yang kalo dibully mereka gk mau ngelawan karena ketakutan, buat apa kalian takut ha buat apa anj, hajar lg aja, nanti ujung²nya jg kalian babak belur karena dihajar, mending ada perlawanan dari pada tanpa perlawanan sama sekali",0,
"Ketika prof USER bahas fiksi yg tidak menyinggung agama tertentu tetiba ramai seolah2 penistaan, tp Bu Suk yg jelas2 merendahkan azan, hijab, syariat islam gk berkoar, SITU SEHAT??? #ILCJokowiPrabowoBerbalasPantun",1,fn_hatespeech_id
RELAWAN BERUBAH JADI ORMAS YA CUMA PROJO ðŸ¤£ðŸ¤£ðŸ¤£,1,tiktok_v2
"Beneran mau Singa, nanti saya kirimkan Singa dari Taman Safari.",0,dataset_research
Jangan dekat dengan aku Aku tengah susah Nanti aku senang aku panggil,1,dataset_research
Sosok ibu tersiap akhirnya melahirkan anak yg biadap!,1,
"""NARKOBOYY NGELUARIN LIDAHH, AJG MAU APA, MAU TES URIN""",1,tiktok_v2
"kta nie pn nmpk bagus karena Tuhan harus mengurus aib, cukup untuk tidak menemukan kesalahan lain, fokus pada peningkatan diri ??",0,dataset_research
Kayak mau dangdutan,1,tiktok
"Sudah tau diri dong, jangan maksa masuk circle kita",1,contrastive_dataset
Di sini ada dokter gigi bagus. Kondisikan giginya dulu sebelum nyinyir,1,
"""Ah lu udah dibayarin ke luar negeri masih aja ngeluh dasar nggak bersyukur"" \n\nKntl'",1,fn_hatespeech_id
maaf aku malah salfok hidungnya hee,1,tiktok
USER USER USER cupu loe bawa2 squad',1,fn_hatespeech_id
anjing elo dua rebuan emg URL,1,fn_hatespeech_id
RT USER Cara serang Ahok : Kafir galak,1,fn_hatespeech_id
kalau lomba an sama babi babi nya nomor 2,1,relabel
"Lepaskan pelaku nya biar di masa ,anak sok jago arogan dan merasa puas ketika memukul menendang injak,itu ciri pisikopat,yg gx ada hati nurani,biar di masa aja tuh bocah",1,
itu bukan kelas nya??,0,dataset_research
iya dah yg lain cupu lu doang yg si paling bandel,1,dataset_research
"USER USER USER USER USER USER Loe Bong ga denger jeritan Petani??ga denger jeritan Petani Garam?? Apa jgn loe BOLOT akut??...pemerataan apa yg loe maksud Bong?? Gw mohon dgn sangat,,segeralah Bersihin Kerak Otak Lumpur Loe yg sdh mengera",1,fn_hatespeech_id
haii kaa semangattt yahh akuu disiniii🤍🤍akuu nge fans arhan tapi ga ngebencii kaka and ga nge hujat kaka🖤🖤🤍🤍❤💗💗💓💓💞,0,tiktok
"""Gini dong bersihan kaga kek tahun tahun sebelumnya dekil""",1,tiktok_v2
dgrin sampai bulu kuduk saking bgusnya masyaallah apik sangat suaranya,0,relabel
Si Budi Judol dompetnya udh tebel ðŸ˜‚,1,tiktok_v2
kalau dilanjutkan bakal jadi perang saudara seperto myanmar,0,tiktok
"2002 Korea Pahlawan? Hahahaha justru sejarah Piala Dunia kontroversi, Korea sebagai Tuan Rumah, banyak praktek kotor dan ini Fakta dibahas dimana2, bagaimana Korea Selatan banyak diatur dan dibantu Wasit sampai lolos.. Apa itu yg dijadiin standard warga Korea??!😂 Jadi Tuan Rumah lg makanya bayar wasit. Paling gokil waktu Italy dicurangin😂😂",1,
anjing sih kamu,0,relabel
dunia nyata tokoh liciknya anjing kucing,0,relabel
Lapor kan aja ibu jangan mau damai. Tampang anaknya jg sok jagoan itu .,1,
Pemikiran macam apa ini 🗿,0,tiktok
RT USER: USER USER USER kafir PKI nyamar jd islam dia. yg jelek2in jkw itu kafir PKI smua.,1,fn_hatespeech_id
bangga pencapaianmu kamu,0,relabel
USER Saya NU saya tidak mengakui said aqil sebagai kiai dan saya tidak akan pilih jokowi.,1,fn_hatespeech_id
"buset, tinggi banget gedung itu",0,manual_augmentation
"""Astaga? Ratu edit muka.. Sumpah seren kayak film setan2 gitu?..""",1,tiktok_v2
mulan wanita yg baik🥰 aku yakin,0,tiktok
"kalimat itu hanya contoh linguistik, bukan serangan ke seseorang",0,manual_augmentation
"Kok ceritanya sama kyk Indonesia, mulai dari coach yg dicintai (STY) trus diganti ke Kluivert (sama2 plenger kyk Klinsmann) tapi indo beruntung karena setelah Kluivert indo dapet Herdman yg sejauh ini publik naruh harapan postitif ke dia",0,
"""Kakak sama adek sama sama cantik ya aku suka sama dua duanya""",0,tiktok_v2
"Lagi baca novel baru, seru banget ceritanya",0,cyberbullying_1000
"""Kalo disuruh melihara anjing/eric gw pilih anjing aja meski Najis tapi lebih najisan erick kontol""",1,tiktok_v2
"USER USER Keadilan .. Bilang ke org laen anti aseng, giliran akun medsosnya diblokir, demooooooo... Nyinyiiiiiir... Eh impor barang dr china pula..'",1,fn_hatespeech_id
Awalnya gue suka dia...ehh makin kesini makin kesanah,0,dataset_research
"Aku,seorang ibu aku memg nggak suka sesana murid lagak suruh belajar malah ngebuli orang,atau sesama teman.aduh nak tugas kalian itu cuma suruh belajar ,bukan suruh ngelawan,bukan suruh ngajar teman bukan suruh bolos.cuma belahar.klau sudah kejadian kamu ngejahatin temen di labrak yg ada org tua ama org tua pun jadi berantem kan.ingat orang tua nyekolahi kamu itu bukan sikit duit,untuk byk hal keperluan mu.",0,
6 HOURS AGO NOW YOURE CONNENTING ON A 15 YEAR OLD VIDEO YOUTUBE,0,
"""Jangan ada hitam diatas putih. Langsung proses""",0,tiktok_v2
babi bikin kekacauan rumah,0,relabel
Orangtuanya si pembully sudah gagal mendidik anaknya,1,
cantik saja rosa meldianti,0,relabel
"Dasar pecundang, hidupmu emang ga ada artinya",1,contrastive_dataset
sakit banget dosen nya,1,tiktok
jijik liatnya kaya ulet bulu kluget2 begitu hihihi sampai sgitunya pengen terkenal,0,relabel
"USER USER USER USER Ada kok berita nya pak geogle aja,,, oh ya kan ada peraturan pemerintah yg mempermudah masuk nya tka ke indonesia,,, jdi soal tka ngak perlu di bantah karna ada uu yg mendukung \xf0\x9f\x98\x8",1,fn_hatespeech_id
sampah si anjing,0,relabel
"Iya, TNI AD emang nafsu banget pengen ikutan di pemerintahan, doktrin kekaryaan. Makanya dia dukung Soekarno bubarkan Parlemen dgn Dekrit",1,fn_hatespeech_id
bubarkan relawan,0,tiktok
"USER Iya. Game yg diangkat pilem yg bagus apa cb? Assassin's Creed kacrut jg. Resident Evil mgkn oke.""",1,fn_hatespeech_id
banyak yang maki-maki DPR tapi pas pemilu milih partai itu lagi 😂😂😂,0,tiktok
Jangan lupa mandi,1,dataset_research
"peneliti mengumpulkan kata seperti anjing, babi, dan monyet untuk studi bahasa kasar",0,manual_augmentation
mas hansol tolong bahas juga dong siswa dibawah umur yg naik mobil ugal2an. katanya ituu juga di angkat dari kisah nyata. dan ternyata di kisah nyatanya sampe ada korban meninggal yaitu mahasiswa yg lgi kerja part time jdi delivery😢 dan pelakunya dilindungi hukum karena masih dibawah umur😢 btw itu juga diangkat jadi kasus di drama teach you a lesson dan juvenile justice,0,
abizarrrr foto lu noh di twitter masih adaa ðŸ˜­ðŸ˜­ðŸ˜­,1,tiktok_v2
USER Cupu ih',1,fn_hatespeech_id
Kmrn siapa hayo yg bilang bravi tulus hayo dia blm ketauan aja guys,1,tiktok
ngawur....,0,dataset_research
"kita bisa di tangkap kapan saja, di sadap dengan isilop kapan saja… di 86 khan dimana saja.. sehat2 penduduk Indonesia, solusinya cuman satu”PINTAR”",0,tiktok
@@ D ini saya,0,dataset_research
mau klarifikasi pun harus dandan dlu. tau bgt kayaknya dia biar g di jadiin bahan candaan wkwkk🤣,1,tiktok
12:59 Korsel gagal masuk olympic gara2 kalah sama Indonesia wkwkwkwk sukurin.. Kagak dia bahas wkwkwk,1,
"""Cantik bajunya keren warnanya bikin pangling""",0,tiktok_v2
Itu juga boleh bila perlu lengserkan ni orang pada dasarnya pengecut jokowi,1,fn_hatespeech_id
kalau USER provokasi lengeserkan Jokowi..gue ikut juga mau lengserkan Jusuf Kalla. ..biar adil biar rame.. JK tamak.,1,fn_hatespeech_id
Fix arogansi anaknya Genetik dr orangtuanya. Nah lho gamblang banget bapaknya aja gak mau kalah sampai2 harus naik banding sebanyak itu . Dengan sendirinya dia memberitahu semua orang sifatnya dan keluarga kepada khalayak umum. Padahal cukup pindah ke sekolah lain.. terus fokus perbaiki anaknya supaya berubah lebih baik dan tidak melakukan kejadian berulang.. Hadeuhhhh,1,
"Megawati : Ingat...!!!; Anda Itu Petugas Partai,; .; Santai aja Bu. ga usah marah marah gitu..; 2019 bisa diganti koq Bu; Tenang aja...; #2019GantiPresiden",1,fn_hatespeech_id
menjalankan mobil periksa astikan hewan kucing anjing yang berlindung area ban mobil,0,relabel
Si Om Bule agak geblek ya malem2 begini sepedaan.. Hmm',1,fn_hatespeech_id
folow anjing komen saja,0,relabel
"masih nyalahin baju, orang kalau nafsu sapi tetangga aja lewat",0,tiktok
muka kamu anjing gwe ganteng anjing gwe rik,1,relabel
pen nampollll,1,dataset_research
Kok bs pake buruh Cina? Kan rakyat sendiri bnyak pngangguran.Dasar rejim kodok!,1,fn_hatespeech_id
"abidzar: ""anjay sepek bet gua sepek""",1,tiktok
Sok keren lho padahal dah tua,1,tiktok
"8:17 pantes kochi bilang klo korsel lebih diatas jepang dikit krn mereka emg mainnya nyerang kagak bertahan melulu 😂, dan ya satu lagi pemain hebat belum tentu jadi pelatih hebat contoh jurgen klinsmann dan el bintang laut🗿",0,
dear bapak username cara berpakain bapak mencerminkan kepribadian bapak yang sangat lembut tetapi gagah semoga bapak username kelurahan dalam lindungan allah swt salam hormat dari yang mengagumi bapak,0,relabel
"Kasus bullying ini serius lhoo..gk bisa hanya diselesaikan di hadapan guru/sekolah,bawa kantor polisi supaya ada efek jera...STOP BULLYING!!!",1,
Wow terciduk satu persatu tim sukses anies sandi ada yg jualan fitnah,1,fn_hatespeech_id
"Allah SWT benci kafir, mengajarkan cocok2 penis dengan banyak istri, gemar mengazab, dan menjanjikan rampasan",1,fn_hatespeech_id
males beli saya gara gara lonte,1,relabel
"gagal masuk olimpiade, dan kalahnya sama siapa teman-teman???",0,
Buzz Lightyear Makeup,0,dataset_research
"Kita kan sohib, biasa aja ngomong kasarnya",0,fn_fp_reduction
perwakilan.. ????,0,dataset_research
"semngat cantik.. ayo bangkit zah kmblikan snyummu,ceriamu, kbhgiaan mmanantimu..ðŸ¥°ðŸ¥°",0,tiktok_v2
"kaya sih kaya tapi pamer nya gagitu juga, miss informasi.",0,dataset_research
lagu Ari lasso silit memang',1,fn_hatespeech_id
"Jadi Orang Minang Tidak Salah pilih, walaupun Kalah tapi tidak Ikut memenangkan Rezim penyengsara rakyat dan berpihak pada Komunis.",1,fn_hatespeech_id
username mah lihat yang main prasangka mirip elu elu haters mirip dukun dukun titisan dajjal sok pintar otak kosong sorry ye saya bala nabi muhammad yang percaya kalau sudah ditunjukkin 4 saksi bukti kalau,0,relabel
di lupa rekam jejaknya ðŸ¤£â˜ºï¸ðŸ¤£,1,tiktok_v2
RT USER USER Saya tahu sby genius politik tp apakah sby sebegitu kuat pengaruhnya sampai skrg? Atau guru punya agenda lain,1,fn_hatespeech_id
"""yang kedua dari sebelah kanan itu batik apa orang dah? kok warna nya kek taek babi si?""",1,tiktok_v2
"""Selamat Ulang Tahun kak @rosameldianti_, banyaknya sadar dan jangan pansos lagi yah. Amin""",0,tiktok_v2
merinding,0,dataset_research
username wakakak cerita seperti gituu pembelajaran saja jangan sampai ni swamik swamik pilih pelakor daripada istri hancuuurr bookk tidak bohong deh kere kismin nyungsep memang yang ngatur rezeki itu tuha,0,relabel
Bener2 ya kasian yg punya s1 s2 yg udah banyak ngeluarin duit jg udah banyak yg Pinter2 sedang orang tua ny berharap anak ku bisa kerja eeeee tau ny yg sudah enak malah tambah enak yaaa karna ada orang yg berduit jg muka 2 jadi bisa deee naik 😢😢😢,0,
dasar anak anjing,0,relabel
"""anjing tetangga memakai sweater biru""",0,manual_augmentation
kok ya dia pas bangt pakai outer pinkðŸ˜‚ðŸ˜‚ðŸ˜‚...jadinya setelah gayung pink munculah ember pinkðŸ˜‚,1,tiktok_v2
Saya prihatin sebagai rakyat Indonesia📡,0,tiktok
"Makanya kalau ngomong dipikir dulu, bego",1,cyberbullying_1000
"pemain sekelas son cuma dijadiin false nine tanpa dikasih masuk penetrasi dari sayap , cuma disuruh end pass , padahal kemampuan terbesar son itu sprint dan dribblingnya, ini cuma salah satu yg kelihatan",0,
Rezim tukang klaim..disebarkan media Dan buzzer seolah olah kerja JKW.pd hal cuma tanda tangan. URL,1,fn_hatespeech_id
"Cuma bisa ngangguin doang, nggak ada kontribusinya",1,cyberbullying_1000
omg in b4 this hits the reply limit in like a day,0,
Logo Mirip Dakar,1,dataset_research
"APBN 50 triliyun lebih untuk melanggengkan Solat & Mengaji harus dipangkas, Solat & Mengaji hilang tidak perlu BNPT",1,fn_hatespeech_id
Federasinya ternyata g jauh beda plengernya 😅,1,
sih artis jelek mah iya mukanya iyuhhh,1,relabel
"anak jaman dulu benar-benar pinter pake otak tidak pake google, kalkulator dan lain-lain kayak sekarang",0,tiktok
ga sebanding sm konten klo belanja wahh bayar gaji syulit ??,0,dataset_research
babi hutan berlari cepat,0,relabel
Teori bullshit,1,tiktok
chacu cosplay jadi wanita somalia,1,tiktok
Sudah waktunya aku mulai menjalani hidupku sendiri Mello Death Note,0,dataset_research
lagu kamu tidak laku ya mel,1,relabel
cewe caper berhayal disapa sama kaum halo dek,1,dataset_research
woyyy lahhh bjirrrðŸ˜‚ðŸ˜‚ðŸ˜‚,0,tiktok_v2
RT USER USER Hanya di rezim diktator &amp; otoriter sekarang ini. ibu-ibu ulama mahasiswa dan tokoh-tokoh muslim dijadikan tahanan politik,1,fn_hatespeech_id
Pendrive 16GB RM45. Betul harga yahudi dia bagi. Memang pangkah terus kedai tu.',1,fn_hatespeech_id
Percayalah yng tiba tiba ngak suka ini sebenarnya fans aslinyaðŸ—¿,1,tiktok_v2
Cawapres terduga korupsi e-ktp.. cagub jatengnya pun terduga korupsi e-ktp.. tapi msh blm ditindak? #2019GantiPresiden #2019PresidenBaru,1,fn_hatespeech_id
santuy saja bang tidak tanggepin btw saya suka gaya kamu,0,relabel
Hai :3,0,
"Paling ga suka sama orang kayak lo, munafik banget",1,fn_fp_reduction
minimal gincuan kak biar agak seger gtu diliatnya,1,tiktok
oplas dipermak tetap jelek pokoknya mukanya tegang kek banci sudah sekian,0,relabel
tidak monyet,0,relabel
anjing tai babi monyet manusia goblok kesal guaaa weh pengen saya banting,0,relabel
Tpi ini video lamaaaaaaaaaaaaaayy,0,dataset_research
"Seenggaknya daehoon tidak biarin anaknya benar-benar cuma di temenin jule, tapi ada ayahnya daehoon sama ibu sambungnyaâ€¦ menurutku itu udah hukuman jugasih buat jule karena tidak 100% dipercaya daehoon berarti untuk main sm anak-anaknya padahal dia ibunya",0,tiktok_v2
USER Palestina antek aseng jg tohh....',1,fn_hatespeech_id
terima kasih terbaik menghargainya,0,relabel
Anak sekolah gak punya etika kepada orang yang lebih tua😢,0,
"aura nya ituloh, aur auran 🥰",1,tiktok
"diluar Plenger Pelatih dan KFA nya, Ekspektasi Fans Bola Korsel emang tinggi bgt asli setiap 4 tahun kalo performa gak sesuai ekspektasi habis dah di hujat, karena patokan mereka itu peak performa Pildun 2002(yg agak Kontroversial). walaupun gak Nepotisme sekalipun apa gak bakal di hujat separah itu? jawabannya gak sama sekali, apalagi yg ngikutin bola Internasional, contoh aja STY, ada bekingan? ada Nepotisme? gak kan, tapi segitunya fans Sepak Bola Korsel ke dia, karena memang Ekspektasi Fans Bola nya sendiri yg tinggi banget. bahkan kedepannya kalo Pelatih dan KFA sesuai dengan system tapi performa Timnas Korsel buruk, gak bakal ada yg berubah, bakal tetep keulang terus.",1,
"""Masih jauh kalo ngarep bisa ikutan kontes miss earth , makanya dari kecil les inggris biar lidahnya gak keseleo""",1,tiktok_v2
"Coba restoran baru, makanannya lezat sekali",0,cyberbullying_1000
mencari rejeki untuk keluarganya yang tidak berkenan tolong kekerasan,0,relabel
"ternyata emang ada makhluk seperti ini, kukira cuma mitos",1,dataset_research
"USER USER USER USER Memang para cebong klo ngomong sperti itu. Jauh dr ilmu dan wawasan krn memang rata\xc2\xb2 org bodoh yg mudah untuk dibodoh\xc2\xb2i. Jadi cuma caci maki, ngomong ngelidur tanpa ilmu.'",1,fn_hatespeech_id
mukak kamu mirip tapir kuda asu sok ganteng sekali kamu,1,relabel
menurut saya desain panggungnya terlalu ramai dan terkesan kampungan,0,manual_augmentation
gawat dia sudah beli kuota,0,dataset_research
Generasi milenial sampah,1,
"""Kak Jerome, bagi trik biar bisa paham dan ingat cepat rumus matematika, dung:)""",0,tiktok_v2
"Nggak usah minder, semua orang punya proses masing-masing",0,contrastive_dataset
kalo bukan arhan gw gak tau dia siapa ðŸ™ƒ,1,tiktok_v2
Terima Keputusan Presiden Kalau PKI Muncul GEBUK!!!,1,fn_hatespeech_id
ebih seru baca komen netizen,0,tiktok
minimal cuci muka,1,dataset_research
"""anjing penjaga itu menggonggong saat motor lewat""",0,manual_augmentation
"Lagi belajar skill baru, excited banget",0,contrastive_dataset
"Film tadi bagus, plotnya menarik sekali",0,cyberbullying_1000
cinta monyet suka2 nilai2 fisik yang disukai cinta hewan sesamanya cinta sejati cinta pada anaknya penuh kasih,0,relabel
"Allah SWT dungu & biadab memang bukan Tuhan, kurang kerjaaan, hobi mengurus masalah seputar cocok2 penis",1,fn_hatespeech_id
Marahin doang kurang lah ada balesan fisik juga harus nya,1,
username aslinya cantik ayu loh mbak karena bertemu langsung sesembaknya ramah sombong mantan2 yang hhe maaf nimbrung kalau makeup senatural karena sesembaknya menonjolkan wa,0,relabel
anak tolol aktif ya bund,1,relabel
@Lapscle NEVER GONNA BE SIGMA,1,
muka lu kayak keset welcome bang,1,dataset_research
janji ga di kejar bank??,0,dataset_research
Jatuhnya kayak nahan kedip kak drpd nahan tawa ??,0,dataset_research
"""Raisa sekarang ngak monoton?. Jadi suka deh?. Sering2 kek gini?.""",0,tiktok_v2
"""Di foto tirus.. Kalo di video wariorr kok mukanya kek donat gak ada bentuknya""",1,tiktok_v2
USER ; Polisi sebagai alat kekuasaan rezim ; #2019GantiPresiden,1,fn_hatespeech_id
masyaallah mamah gigi bening bet sudah sehat mamah gigi dan keluarga,0,relabel
bu ameeel sudah tidak bank kangen bu amel yang cantik ramah ama kangen tentengannya hihiii tanya si mba bu amelnya pindah rumah lagi hamil sehat2 yaa bu amel salam annabel,0,relabel
hp doang iphone tp rumah mau ambruk,1,dataset_research
USER PR apa pak??!!! Buktinya lowongan kerja aja dikasih ke Aseng!!!! Anda ini kebanyakan bohong sama rakyat !',1,fn_hatespeech_id
"""Mel disini kamu keliatan cakep""",0,tiktok_v2
USER apel malang ada tp masih impor apel cina dan amrik... gitu yg namax bangga produk indonesia...???,1,fn_hatespeech_id
Ih kaki gerobak,1,dataset_research
lupa edit ya itu muka melar,1,relabel
setan memang melet2 teross jijik asuuu,1,relabel
Wah buka hp langsung dibranda coki pardede auto klik😅,1,
anjing tukang fitnah kamu pendukung yang didukung saja tukang hoax fitnah,0,relabel
kalo belom di pukul ga bakal jera ni orang,1,dataset_research
sudah ka tidak usah digubris tidak usah dipikirin bersyukur saja nikmat tuhan sudah dikasih kaka tidak usah ngatain orang ka tetap bersyukur nikmatnya,0,relabel
"Betapa malangnya negara ini, kasi makan,fasilitas mewah ke orang macam ini..",1,tiktok
dengar 2 yang menyakitkan hati tenang jalanin saja pilihan andah bahagia hatimu maju terus sukses pasangan mu,0,relabel
Rambutnya sangat klinik,0,dataset_research
wkwkw idungnya ngeselin bgt ya,1,dataset_research
"""babi termasuk hewan omnivora""",0,manual_augmentation
Cinn cantik bangettt😭,0,tiktok
AKWKWKW kasian anjer definisi bikin trik marketing tapi malah bablas eh jadi dibuli satu indo dia. Kgak tau org indo tangannya lemes diinet ya??,1,dataset_research
Tahukah Anda apa persamaan antara malin kundang dengan Ahok? mereka berdua sama-sam DURHAKA!!!!!!! #ASBAK #iklanahokjahat #kampanyeahokjahat,1,fn_hatespeech_id
"""warga mengeluhkan suara anjing liar saat malam""",0,manual_augmentation
bikin malu,1,dataset_research
"makanya kalo jerawatan jgn di pencet, malah bopeng anjir",0,dataset_research
eh kk kurusann jadikyak triplek??,1,dataset_research
Jimin: *ngasih link* dasar maho.\nJIN: SUEEEEE LO NGESHARE APAAAN LO KATA GUE MAU SAMA DIA IDIH OGAAAAH\nRM: GUE MASIH DOYAN CEWEK BURUAN APUSSSSSSSSSSSSSS',1,fn_hatespeech_id
RT USER USER Manusia manusia iblis yang minta KPK itu Di bubarkan klu KPK Bubar manusia 2 iblis ini pasti senang Hati .,1,fn_hatespeech_id
katanya IQ rata2 warga sini turun dikit lagi setara gorilla. Jadi masih jauh dari pintar. Lebih dekat ke gorilla 😂,1,tiktok
mamakmu pelacur bajingan kamu buktikan kamu anak pelacur bajingan,1,relabel
jule jule inget anak anak kamu sumpah gregetan ðŸ˜­,0,tiktok_v2
benderang bahwa pemerintah Jokowi diktator,1,fn_hatespeech_id
"USER USER Lbih baik gtu dri pd munafik, sok mlu tapi mau'",1,fn_hatespeech_id
USER cebong emang jagonya bikin dan sebar hoax',1,fn_hatespeech_id
“ga diundang premier” la pikirmu ra butuh penonton a reng? 😭🙏🏻,1,tiktok
"""kemasan makanan itu jelek tapi isinya enak""",0,manual_augmentation
"USER Stupid idiot, coba di luar negeri BBM naik tiap saat tdk ada yg protes.'",1,fn_hatespeech_id
kemarin termewek2 sekarang lengket lagi duhhh labil sangat sih mbak kya abege saja atau yang kemarin cari sensasi biar top markotoppp ertong tidak berkualitas,0,relabel
Ko Cave dari Kingki Dia Ngmpng ????,1,dataset_research
"#ILCBoedionoCentury ketika ini terjadi, saya ikuti kasus ini cukup intens. Meski sekarang agak lupa...; Tapi kuncinya kita cuma butuh 2019 Ganti Presiden! Itu...",1,fn_hatespeech_id
MUKA nya udah kelihatan,1,
Bisa pak asal dpr tekan jokowi kalau jokowi menolak dpr bikin hak angket untuk turunkan jokowi,1,fn_hatespeech_id
OrangTua pelaku selaku Nenenya malah membela anaknya tidak mengajarkan anaknya Sopan santun,1,
KFA dan PSSI sama2 plenger 😂 KFA abis bento dikasih kkismen PSSI abis shin tae yong dikasih patrick ada2 aja memang remahan dunia ini w😅,1,
"USER USER Om ini di tangkep jg g y? Klo dosen usu j di tangkap,klo om ini nggak berarti ""sontoloyo"".\n#2019GantiPresiden'",1,fn_hatespeech_id
Kerenâ¤ï¸â¤ï¸..... Bongkar sampai tuntas,0,tiktok_v2
"""suasana ruang tunggu seperti kapal pecah""",0,manual_augmentation
cintamu sebatas kertas wkwkw enteng bang,0,relabel
Happy 20th birthday,0,
ini gara2 indra. coky bisa make lagi coookkkk WKAKWKWKWAKWKAKWK:face-purple-crying::face-purple-crying::face-blue-smiling::face-blue-smiling::face-blue-smiling:,1,
dari awal juga udah nyangka gabakal nikah sama si hamil,1,tiktok
jefri nikol yg senga aja msh good attitude 🤣,0,tiktok
Kehidupan di ibukota semua publik dan orang -orang pro tahu bahwa dia sudah cukup dan Tuhan tahu kebenarannya??????,0,dataset_research
"RT USER: prabowo subianto ketika menjadi ""aktor"" di TNI ketika 98 pun jabatannya adalah Pangkostrad. hampir saja berhasil ""kudeta""",1,fn_hatespeech_id
Tahun ini masyarakat Korsel lagi bener bener frustrasi. Sepak bolanya gagal masuk 32 besar Pildun dan Tim bola volinya dikalahkan Indonesia di final AVC Cup 2026. Padahal di cabor voli mereka merasa superior lawan Indonesia. Di babak awal menang 3-0 lawan Indonesia. Tapi di final justru kalah 0-3 lawan Indonesia.,0,
"""Muka lu kaya tai wkwkwk""",1,tiktok_v2
USER USER Tenggelam kan kunyuk pengkhianat penghancur bangsa yg satu'a lagi pak URL,1,fn_hatespeech_id
Kenapa polisi di indonesia seperti ini ya ðŸ•,1,tiktok_v2
"Kamu Jahat bngt sih, jd sedih gwðŸ¥º",1,tiktok_v2
maaf saya nyamain kamu dugong memang,1,relabel
bubarkan Bunda.,0,tiktok
"USER USER tak terbantahkan, dialah yg GOBLOG'",1,fn_hatespeech_id
lagu barunya mbak tata kisah rumah tangga mbak tata mbak tata benar-benar sayang get suaminya syukur baikan semoga awet,0,relabel
"Nggak terima aku anak kayak gitu aku ingin pihak sekolah keluarin dari sekolah, dan tidak diizinkan masuk ke perusahaan apapun agar dia nggak dapat kerja dimasa depan",1,
"""Titisan dakjal emg lo nyet""",1,tiktok_v2
hey anak bangsat babi pesek buruk rupa keriting pengen penggal leher kamu sampai putus lumayan makanan buaya,1,relabel
"Sebenernya selama tiap kalah respon masyarakat se horror itu, ya pelatih dan pemainga akan leluasa pasti otaknya kebagi sama banyak pikiran . Mau sebagus apapun pelatihnya ga akan works . 😊😊",1,
ini kalau di korea bakalan gak jdi tayang sih...,0,tiktok
"""Gk salah kalo kak syifa cantik mamahnya aja cantik bgtt!! Jujurr""",0,tiktok_v2
maaf mukanya jelek attitude nya buruk spesialis plagiat ketauan,0,relabel
anang muka nya kaya babiii begitu saja demenin jijikk,0,relabel
Jawabannya. Karena Masyarakat korea RASIS no 1,1,
"Gua lebih setuju komentar ini ketibang Ngelantur.. bener kata gerald kalo mau nonton sisi manusia nonton aja Social Experiment wkwkwk, Namannya aja udah ""Game"" acara TV harus seru lah.. 😂",0,
"""Sepertinya Lutfi setelah putus dgn salsa seperti orang stress""",1,tiktok_v2
woy tony bangsat are you liverpool shit fan do you know liverpool is fuckin bullshit like city hah anjing,1,relabel
Asenmmmmm😂,1,
babi berisik sekali malam,0,relabel
USER Tanya amin rais.. Dulu dia yg bikin kacau dan nyuruh reformasi. Pilkada salah satu hasilnya.,1,fn_hatespeech_id
"Sudah jelek, nggak punya otak pula",1,cyberbullying_1000
"nah loh, giliran datanya kesebar baru deh buka mata 🗿",1,tiktok
"""Ya allah kek anak yg msh batita klo lg ngambek manyunnya begitu, gemes hahaha""",0,tiktok_v2
anjing tetangga saya pintar sekali buka pintu,0,relabel
"RT USER: admin kok dendaman, gausa jd admin tolol'",1,fn_hatespeech_id
"""Kereennnn.. dari bully.an netizen menjadikanmu mau belajar""",0,tiktok_v2
unfoll saja dosa ngebully2,0,relabel
"""anjing, kaki saya kejedot meja""",0,manual_augmentation
bedain bajingan yang nangkap bajingan tidak goblok kamu cok,1,relabel
"botak ngak ada rambut,,dia ngk ad otak🤣🤣",1,tiktok
Doi tuh native speaker ya.\n\nMother language-nya english.\n\nKomen dijaga dong bangsad',1,fn_hatespeech_id
Waduhh revisi KUHAP sementara UU perempasan aset belum di sahkan ðŸ˜®,0,tiktok_v2
selagi tidak punya power tidak bakal bisa ngapa-ngapain😂,0,tiktok
masyaallah bagus sekali,0,relabel
YOOOOOOOO,0,
Aku baru adopt kucing baru so cute banget namanya Milo,0,codemixed
"""2 ekor anjing dan satu buaya makan jambut""",1,tiktok_v2
USER USER USER USER Si roki garong bukan hanya bodoh bahkan dia orangutan paling dongok... dia mmg ga nyebut kitab suci agama tertentu... berarti dia anggap semua kitab suci adalah fiksi... benar2 pemikiran seorang,1,fn_hatespeech_id
Mangkanya jangan songong. Sok2an nggak butuh nitisen. Lah kamu jualan apa nggak nungguin nitisen datang untuk beli jualan mu.😅,1,
"RT USER Mantap bravo pasangan ideal cocok tuk 2019. Tumbangkn kaum antek"" cina.",1,fn_hatespeech_id
Semoga cepet recover ya get well soon kita kangen kamu,0,codemixed
Selalu ingatkan diri Anda untuk tidak selalu menunjukkan kegembiraan orang -orang frustrasi yang selalu saya ingat,0,dataset_research
"Saya pribumi, Kristen dan mendukung Ahok. Tapi saya paling anti dengan manusia2 bodoh dan goblok seperti Steven Hadisurya Sulistyo.",1,fn_hatespeech_id
bencong rombeng menjijikan gay juga,0,relabel
Sprti Tante pikmi,1,dataset_research
Katanya sahabat tapi dibelakang kayak tai',1,fn_hatespeech_id
"What a heeeeeeeeeeeeell, YOUTUBE!!!",0,
"ini bapaknya sama aja malu""in dirinya sendiri. ngebawa kasus kesana kemari gada habisnya. sama aja ngasih tau ke seluruh dunia kalo anaknya ndablek 😭😭😭😭",1,
pria setia pekerja keras tidak malu pilih pilih cari nafkah kebalikan beda sangat kenal mentang2 ganteng pilih nganggur ketimbang jadi ojol sudah begitu istri diselingkuhin kalau maunya,0,relabel
Body shaming itu wrong banget we should respect everyones body,0,codemixed
"Apaaaaaaaaaan.. an tuh ! ?; ; Babeh Jajah ajah kepengenan Presiden Baru kagak muluk2, katanye nyang penting... ; Yg Berakhlak, Beragama, dan Berbudaye.; ; Ane tambain boleh ye beh..?; Jgn nyang kang Bo'ong / Ngibul ; Planga-Plongo kaye Dil'aun ?; ; #2019G",1,fn_hatespeech_id
engga ada tampang sedih dn menyesal. beda sama si logo Dufan. smpe bengkak matanya,1,tiktok
titid monyet kamu,0,relabel
Yang jelas orng korea itu termasuk orang2 paling rasis di dunia..,1,
Untung kawan sekolah aku anak org miskin semua JD gadak yg sok mantap wkwkwk,0,
alisnya beda sebelah jir,1,tiktok
“pengen belajar sama karakter ini” tapi kemarin bilangnya mau bikin karakter versi dia😭,0,tiktok
Baru beli new phone kemarin seneng banget finally,0,codemixed
KEREN BGT PROMOSI FILM NYAA😭😭😭,0,
p5 asu,0,
wow 18hours before,0,
Dah gua langsung unfollowðŸ˜Œ,0,tiktok_v2
Untung udah ada undang undang di Korea yang anak pembully gak bisa masuk univ manapun,1,
benar pepatah yess buah jatuh tidak pohon nya cantik nya dapat mama_nya suara bagus pintar nyanyi darah seni papa nya calon generasi hebat,0,relabel
setan pun tepuk jidat lihat kelakuan ni orang,1,tiktok
Anda jahat dubu lt,1,dataset_research
USER USER Wakil gubernur 1 tingkalakunya dalam berpakaian kaya anak kecil aja padahal seorang pejabat pemerintahan stres kali ni orang. ???,1,fn_hatespeech_id
Pend dari mencicipi,0,dataset_research
mba via sptnya siyok kejamnya dunia artis an mudah2an tetap sabar tetap berkarya dengan,0,relabel
Demokrasi hanya dibutuhkan hanya ketika pemilu setelah itu kembali ke mode pabrik aka komunis🗿,1,tiktok
Subuh bukan malem lgðŸ˜©,1,tiktok_v2
panjangin durasi detektif reomit plis suka bgt liat smbil makan >< 💕,1,
"editan videonya norak sekali, terlalu banyak efek",0,manual_augmentation
semoga sehat bayi kandungan nya ibunya ya,0,relabel
"Ternyata bener adab sama etika ketika berbicara/berkomentar tentang orang tuh udah ga dipake,makin rendah aja jadi manusia ðŸ¤",0,tiktok_v2
"Gak tahu malu ya.. gunakan uang rakyat untuk ""menyuap"" rakyat, demi elektabilitas.; #2019GantiPresiden",1,fn_hatespeech_id
Gw kira anaknya uya kuya,0,tiktok
"""Ganteng kagak berbakat juga kagak kelebihannya dimana cobak?""",1,tiktok_v2
minimal ga jerawatan dek,1,dataset_research
kak jessica yang tunggu setia sama kartu keluarga loh pas ada kemarin kartu keluarga tidak ngehargain lebih pilih yang di sono,0,relabel
saya tidak benci ama kamu bro tetapi saja tingkah kamu melenceng,0,relabel
"Foto Son paling depan ... Bgtu main malah cadangan .. sayang bener . Saya jg termasuk kaget, palage rakyat Korea pasti kecewa bner",1,
hipokrit anjing hahahaha,0,relabel
Buset cantik banget,0,tiktok
Always humble and inspired people Papi nya prince andrewðŸ˜ŽðŸ”¥,0,tiktok_v2
relawan gak jelas cuma cari panggung,1,tiktok
"""Lu sama anjingnya, lebih baik anjingnya""",1,tiktok_v2
USER Itu ank udik yg dibelakang bisa minggir gak',1,fn_hatespeech_id
Masih bocor sudah digunakan di sana -sini,1,dataset_research
1987 : normal song 2026 : national anthem of the universe,0,
Mending lo die aja deh gak ada gunanya hidup lo,1,codemixed
"RT USER Sekumpulan Teman Penista Agama\nTdk ada empati buat korban banjir, hanya koar2 memuji junjunganya URL",1,fn_hatespeech_id
Aku belajar tentang cyberbullying di kelas psikologi very interesting topic,0,codemixed
"Bajingan sekali kok drivernya itu. Sorry nggak pantes disebut driver, karena driver sifatnya universal. Kasihan yg lain yg udah kerja bener nanti kena, kita ganti selanjuttnya jadi bangsat aja'",1,fn_hatespeech_id
yg manggil langsung trauma,0,dataset_research
Lo tuh cuma beban buat semua orang,1,cyberbullying_1000
USER ditindas oleh presiden sendiri???. jika MUI tetap berkeras seperti ini maka MUI sendirilah yg memutuskan hubungan dg ummat.',1,fn_hatespeech_id
baju nya Rebecca Kya sarung mukena aku,0,dataset_research
cocok banget sm istrinya. sama2 halu,1,dataset_research
terus gue harus bilang woooww gitu...putri sanggup biayai kuliahx sendiri....klo udah tenar aja baru deh,0,dataset_research
"""Kan mantan itu sampah"" anjay Keren mantan itu sampah😎",1,
Seandainya KFA Dari awal milih Patrick Kluivert..... Pasti Indonesia juga lolos WC 😂,1,
kebanyakan ngirul ganja itu ðŸ¤­,1,tiktok_v2
"""jule menambah kan bravy ke grup""",0,tiktok
ariel tatum hebat bgt nahan ga nempeleng si abizar jirðŸ˜­ðŸ«µ,1,tiktok_v2
PALING GAK BISA SOAL ADUDU,1,dataset_research
Buat dong AKU kan juga istrinya daniel,0,dataset_research
"""Koreaable banget face rafathar cakep ganteng manis banget""",0,tiktok_v2
"@GhraAgags Korban bully yang d0ng0"" itu lho yang suruh sekolah yang bener. Mereka lho kadang cuma berlagak sok pintar dan sok dingin dengan jadi pendiam.",0,
Harus berani bertanggung jawab atas ucapan juga,0,tiktok
dia ini siapa ? sumpah bru tau gua dia ada konten,0,dataset_research
gak punya hati dah,0,dataset_research
suka heran yang ngehina fisik benar ya pendosa,0,relabel
"""gila, cepat banget hasil cetaknya keluar""",0,manual_augmentation
"Yakali umur masih muda, bisnis women, suruh ngikutin maunya netizen suruh singel seumur hidup itu lama..jadi pastikan bahagia no 1, kalau dengan punya pasangan buat diri sama anaknya bahagia kenapa nggak , masa lalu tetap ada di tempat khusus di hatinya❤️",0,tiktok
Rickroll,0,
"Mentang2 Dekat dgn Penguasa Rafi pake Aji Mumpung, Semua keluarganya dan teman dekat di masuk2in Kerja di pemerintahan, Pantas orang pinter tersingkir... Jiiiing😂😂😂",1,
Ya Tuhan sedang menyembuhkan orang ini,0,dataset_research
"Di dunia ini kayaknya cm Jokowi ya, presiden yg dituding ""liberal"" & ""kapitalis"" sekaligus ""komunis"", jg ""lemah"" sekaligus ""otoriter"".",1,fn_hatespeech_id
2 manusia terlihat panikðŸ˜­ðŸ˜­ðŸ˜­,0,tiktok_v2
"""Pantes disini mulainya si ajg berulah""",1,tiktok_v2
Lo itu skinny banget kayak tengkorak makan yang bener dong,1,codemixed
Suara lo annoying banget kayak nails on chalkboard,1,codemixed
"Masuk mas hansol😂 bully aja mas pemerintah Indonesia, saya suka ❤",0,
"Podcast tadi sangat insightful, banyak yang dipelajari",0,cyberbullying_1000
"USER USER USER kampret dan kecoak yg bikin ribut, becus juga kagak... Apalagi bani cingkrang....'",1,fn_hatespeech_id
ih ko muka jelek sekali siii seram kek setan,1,relabel
modelan kaya gitu dipercaya aja udah ngakak ðŸ˜­,1,tiktok_v2
USER USER JABLAY. pacar gua balikin dulu bangsat. gua mau belajar gak jadi jadi \xf0\x9f\x98\xad',1,fn_hatespeech_id
Tompel sakti .. tertawa gw yaallah netizen ada di sana,0,dataset_research
ibu-ibu yang nungguin anaknya main di playtopia pasti pada ngegibahin jule 😭😂🙏,0,tiktok
se tipis itu anjir badannya 😭😭,1,tiktok
muka nya jadi mirip sapri dah😂,1,tiktok
Kamu creative banget your art project looks stunning,0,codemixed
"emg klihatan si dri tekstur wajah, sikap. tekstur berbicaranya??",0,dataset_research
Coba dehhhhh …….Ke salon ?? 😁,1,tiktok
"bloon ini bapak² ngapain sok²an ngalang²in ibu² nya segala, biarin ibu² nya tabokin itu bocah brengsek.",0,
USER USER USER USER USER USER USER USER USER USER USER USER USER Komunis kok berabtad PKI? Kecoak makan kecoak dong?',1,fn_hatespeech_id
anjing sih kamu pikirin,0,relabel
"Besok aku nonton ini,mau nonton teaser nya dulu",0,
"Aku juga di bully bg karna aku berbeda aku sekolah di SMP yg bisa dibilang sekolah itu sederhana lah dan aku kek bisa di bilang kayak mereka sederhana gua dikira kaya mungkin sombong gitu kan dan aku sering di jauhi kalo mereka butuh bantuan gua tolong gua minta tolong mereka pura pura gk kenal, ya mau gimana lagi di SD di bully di SMP di bully juga kalo aku punya kursi bagus ditukar ama kursi yg mau patah dan nanti pas patah nya kursi itu dibilang gk mau tanggung jawab lu di sorakin nya lah nanti kalo ngadu dibilang bencong 😅 ya sabar aja gua dan pernah gua emosi bgt tuh gua baku hantam ama si pembully si ""r"" dia bawak kawan pula giliran gua ama teman teman gua mau baku hantam aja rame rame di bilang bencong lagi dan plotwist gk ada teman 😢 ya mau gimana lagi ya nasib korban bully itu gituh dan guru agama gua bilang sabar aja di akhirat ada balasan nya 🙏🙏 Kalo ada korban bully berarti kita sama ya bro sabar aja yaa🙏😀",0,
oon bener kurang apa cobak suami lu,1,tiktok
"Lu plenger pa gimane? Doain timnas cuk, bukan menghujat.",1,
saya cewek murahan postingan,1,relabel
"kok bisa orang-orang kayak Puan Maharani, Kapolri, dan antek-antek mereka masih menjabat setelah demo besar-besaran yang sampai menewaskan banyak nyawa enggak berdosa??? Apakah pejabat-pejabat kita emang semuka tembok gitu??? ðŸ˜‚",0,tiktok_v2
tim kontoollll anjeeeeng bajingan memek bangsaaat,1,relabel
seram sekali muka kamu mel mirip ayam potong merah sekali,1,relabel
bacot kamu monyet barbar,0,relabel
lah jadi mirip onyo Sarwendah,1,tiktok
Anak Banteng,0,dataset_research
Emang Arab agak laen,0,dataset_research
"""diskusi tadi seperti putaran tanpa ujung""",0,manual_augmentation
"""Gatau sih, cantik tapi gak ada aura nya sama sekali . Cantik tapi idih gitu lihatnya , kenapa yaa ??""",1,tiktok_v2
sudah jelek tidak di jelek2 in bro,1,relabel
Setuju😭😭,0,
"""program vaksin gratis untuk anjing digelar akhir pekan""",0,manual_augmentation
"Hasil Akhir, Menyatakan USER Melindungi Ahok TERDAKWA PENISTA AGAMA !!!",1,fn_hatespeech_id
Inilah contoh anak yg tidak pernah di didik orang tua... dan orang tuanya yg bodoh.. di saat anak salah bukannya untuk mengakui kesalahannya malah di belain.. ini lah contoh didikan orang tua keliru dan menjadikan anak tambah rusak pikirannya,1,
mau komen takut di laporin polisiðŸ™‚â€â†”,0,tiktok_v2
didn't let us down either,0,
&gt;:V eek... conqueror kapan bgst &gt;:V bantu gw lah Karma Dendi Delio \xf0\x9f\x98\xad\xf0\x9f\x98\xadi need best jungler',1,fn_hatespeech_id
USER brengsek loe lama lama..jd ber politik',1,fn_hatespeech_id
KEREN BANGET 🔥,0,tiktok
"LIAT KOMENANNYAAAA MIRIS BGT, KAK CHACHU TUH LAGI NGADAIN ACARA BAHAGIA, SEMUA PASTI SUDAH DIPERSIAPKAN, MLH ADA YG BANDING²IN, KALIAN TUH SESAMA PEREMPUAN, KLO PAS ACARA SEPERTI INI KALIAN DICEMOOH JUGA KESELKAN, APALAGI INI MOMEN ACARA RESEPSI BELIAU🥺",0,tiktok
sumpah si kak kemeja jeans bikin kelihatan seger sangat mantap mantap,0,relabel
Article tentang cyberbullying prevention itu really informative everyone should read it,0,codemixed
Pantes ujan seharian,0,tiktok
monyet kamu bikin saya kesal,0,relabel
"""kata kampungan dalam artikel itu merujuk pada gaya interior""",0,manual_augmentation
"""Sekarang bukan muka aja yang didempul, tapi ketiak juga""",1,tiktok_v2
Harus berani ngundurkan diri ya pak,0,tiktok
"Mantap mas, sukses slalu buat filmya🎉",0,
paling ga bisa soal Buzz Lightyear??????,1,dataset_research
Beri anak bangsa pendidikan yg baik jangan jadikan robot pe-nyembah2 Allah SWT yg merintahkan perangi & bunuh kafir,1,fn_hatespeech_id
ragu saja cantik kak serius,0,relabel
USER KPK di berhentikan? Yang paling bagus itu DPR yang di bubarkan bosUSER,1,fn_hatespeech_id
dulu waktu kecil aku bercita cita ingin menjadi seorang pengkhianat,0,dataset_research
"""Cantik banget kalo meldi muka natural kek gini""",0,tiktok_v2
"""dahlahh emang cantik luar dalam kmu ini cippp""",0,tiktok_v2
si perfexionis .. ??,0,dataset_research
parah ege,0,dataset_research
artis mah pacaran liburan bareng tapi diijinin ya sama ortunya,0,dataset_research
tp trliat lbh tua dd umurnya😭,1,tiktok
USER kenapa ulama tidak bereaksi terhadap USER &gt; ini lebih gila menghina Islam. Apakah cuma senilai dunia agama kalian.,1,fn_hatespeech_id
Negeri ini tidak kekurangan org pintar.. tapi kurang org jujur.,0,tiktok
"Makanya ajar anak mu, biar kelakuan baik, jangan bully orang, bangsat. Gak pantas kau marah2",1,
"Program seperti ini harusnya bagus kalo teknik dasar pemain udah khatam. Masalahnye banyak coach di akademi² Indo teknik dasar sama tdk bagusnya dgn para pemain. ""Sekolahin dlu gurunya sampe jago.""",0,
jablay anjir mukanya murahan bangetttt najisss,0,relabel
Itu relawan cari cuwan....ðŸ˜‚,0,tiktok_v2
preett,0,tiktok
cantik juga,0,tiktok
Keknya kalo jadi erika lebih ke malu gasi drpd sakit hatiðŸ˜­,1,tiktok_v2
Izinkan aku mengupload ini,1,dataset_research
"""bentuk meja itu aneh tapi cukup kuat""",0,manual_augmentation
"""ini foto apa w masukin museum aja ya ga ada pantas2nya""",1,tiktok_v2
"""Sumpah sekarang aku respect banget sama kamu""",0,tiktok_v2
waaaaoooo sopan bahasami kelasmu heeeehh yang repot ama hidup kamu siapahh elu live nampilin hal2 tidak yang nggilanikk menjijikkan diliat orang ya pantes dikomen kalau tidak mau dikomen videoin pribadi saja nonton kamu ama keluarga kamu rumah tambah niy ertong yang tidak punya attutude kampungan,0,relabel
USER Kartosuwiryo be like : \n\nJangan mau dipimpin oleh presiden yang tunduk pada kepentingan asing dan aseng!! #1955gantipresiden',1,fn_hatespeech_id
ketiduran bangun bangun pengen maki bangsat,1,relabel
"""lagu ini aneh aransemennya tapi liriknya bagus""",0,manual_augmentation
zize anjjjjðŸ˜­,1,tiktok_v2
Projo itu pro Jokowi 😀,1,tiktok
kok gelapnya lain gitu ya si abidzar😭,1,tiktok
Itu udah lama ya... Sekarang gimana ya perkembangan kasusnya?,0,
Hidungnya kek gagal filler bengkak dibawahðŸ˜‚ðŸ˜‚ðŸ˜‚,1,tiktok_v2
"Jangan² kalo tanding dg King Indo asuhan John Herdman, Korea juga bakal kalah😂😂😂😂😂😂😂",1,
Saat itu di sekolah guru semua jenis eh jangan bercinta sekarang di uni lagi tampan tampan yang Anda lihat sekarang,1,dataset_research
Ibu harusnya ngeludah anak anjing gitu harus jadi budak kalau bisa sujud sujud depan kita,1,
USER USER USER USER USER Saya salut dengan anda yang tetap memelihara kebodohan... Ini termasuk kegagalan rejim.. Gagal bikin anda cerdas... \xf0\x9f\x98\x84',1,fn_hatespeech_id
"""Jangan beli baju lonte entar kena sial""",1,tiktok_v2
Banyak kali ceritany,0,dataset_research
"""Nggak ada cantik-cantik nya hahaha""",1,tiktok_v2
RT USER Wah hebatnya pak USER.... Yg lg sibuk pencitraan... USER.. USER.. USER ..USER.... BACA NIH,1,fn_hatespeech_id
USER Anti hindu',1,fn_hatespeech_id
"maaf bgt,pertama liat tak pikir peramal/mbah dukun g nge klo uya kuya",1,tiktok
"Gila sih, soal ujiannya susah banget",0,fn_fp_reduction
cewex cntik cowox mmmmhh hehe,0,relabel
fpi isinya orang bajingan tetapi pengecut,1,relabel
"dia cuman baca teks, bukan minta maafðŸ˜",1,tiktok_v2
eh,0,dataset_research
Ternyata setelah dipikir dan disaring sama sari wangi teh kantong bundar. Kamu kaya ampas teh bisanya cuma nyisain gatel di tenggorokan dan gabisa bikin adem tenggorokan!',1,fn_hatespeech_id
"Kalo anak yg membully itu di bebaskan tidak di hukum seberat2x maka akan banyak melahirkan pembuli2 lainx, makin banyak anak2 yg jd korban, qt sebagai org tua jd kawatir menyekolahkan anak2 qt, gimana negara bisa aman, kalo penbully di lindungi",1,
pemandangan pantai sungguh menakjubkan melupakannya,0,relabel
"USER USER USER USER USER USER USER USER USER USER USER Rezim paling bejat ya Rezimnya USER, negara ancur kebanyakan import,\nRp nyungsep dibilang dollar yg menguat\nHarga sawit ancur",1,fn_hatespeech_id
muka kampung gaya sok soan kota nyet,1,relabel
Bersyukurlah sampai Anda lupa kurangnya,1,dataset_research
"""rambutku jelek banget setelah kehujanan""",0,manual_augmentation
"""Karir turun jadi autis kasian hahah""",1,tiktok_v2
babi hutan sering masuk ke ladang warga,0,manual_augmentation
apasih gajeee jelek,1,dataset_research
Hati orang tua mana yang tega melihat anaknya digitukan?,1,
"Hidup lo nggak ada progresnya, stagnan terus",1,contrastive_dataset
@XDARKX200 not really,0,
suaminya swett keliatannya sayang sangat ma istrinya ganteng haaaaaaa so swett semoga langgeng slluö,0,dataset_clean
"""Sampe ga bisa berkata2 lagi buat isyana, sangat2 sempurna org ini""",0,tiktok_v2
"USER USER Yang milih pasti cebong dan para pemghuni dunia gaib tadz, yg biasa kalo komen jorok.'",1,fn_hatespeech_id
tidak suka ayu ting ting tidak separah ngejudge nya hati otak manusia kekurangan kelebihan perasaan seenak nya menjudge orang kaya sudah sempurna saja kamu username,0,relabel
dengernya kok gw jd ngang ngong ngang ngong sih??,0,dataset_research
beneran geleng kepala sampai hijab nya pun dilepas... sedih banget,0,tiktok
30 lepas ama kandang minus rada sedeng dikit,1,dataset_research
USER USER USER Admin USER ini emang kebangetan tolol kemarin kemarin Dana bantuan dari kemendes diakuin kerja nyata partai gerindra kan guoblog!!!!!!!!!!!!!',1,fn_hatespeech_id
muka nya jadi mirip sapri dahðŸ˜‚,1,tiktok_v2
Emang bangsat semua pejabat pejabat Indonesia,1,
Ga butuh netizen ...live jualan bt siapa???setan ???iblis????..otaknya kmn oiyyy....aneh bnget km jd orang....,1,
Keinget kasus mariodendi,1,
selama transfer nya jalan terus ya hajar terus...ðŸ˜…ðŸ˜‚,0,tiktok_v2
"""lu lebih gak sopan, mukak lu kayak babi!""",1,tiktok_v2
"""TETEP PENJARA AJA AJG NYUSAHIN LO KELUAR""",1,tiktok_v2
Bu silvi anti pns level rendah katanya #DebatFinalPilkadaJKT,1,fn_hatespeech_id
"USER USER Tolong pak dokter bantu periksa, kira-kira penyakit apa yg diderita oleh pak polisi, kenapa kok sama tulisan #2019GantiPresiden alergi... Dimedan juga katanya begitu, mungkin ini wabah khusus yg diderita para polisi kita...please...",1,fn_hatespeech_id
"USER USER Yang ngeles mulu bukanya lo cebong kapir haha otak gak nyampe, salah nangkep kalimat, ngata2in islam. Kebanyakan ngeles nih cebong kapir intoleran, sara, munafik, pemakan taik ahok peminum rendeman kolor oplos kencing onta hahaha'",1,fn_hatespeech_id
"USER manusia2 tolol semua pada takut Ahok keluar, kasian bangat hidup kalian disana, bengitu idiot and stupid.'",1,fn_hatespeech_id
Tenangin diri sekarangðŸ˜­,0,tiktok_v2
kek gerah banget liat nyaðŸ˜­,1,tiktok_v2
Why is this so recent ToT,0,
USER Kan emg idiot gimanasi',1,fn_hatespeech_id
USER ini semua salah cebong!!',1,fn_hatespeech_id
Muka dan kelakuannya sama hahhhh,1,
"Rama biasa bngt ngetweet sendiri bales sendiri, kampang.'",1,fn_hatespeech_id
mau komen takut di laporin polisi🙂‍↔,0,tiktok
keripik kaca maksud saya anjing suuzon terus kamu saya,0,relabel
"""Kasian anjing nya di pegang babi""",1,tiktok_v2
keturunan PKI,1,tiktok
RT USER Wah kemunduran! 6 thn lalu kesimpulannya udah bubarkan KPK URL,1,fn_hatespeech_id
ya kali kejayaan selamanya bang ðŸ˜‚,1,tiktok_v2
jadi kaya tukang bangunan bang,0,dataset_research
Jangan bilang wajar anak anak itu kelainan emang anak umur 5 tahun....KLO orang tua ga bisa didik biar di didik orang lain,1,
"""dekorasi pernikahan itu terlalu norak buat saya""",0,manual_augmentation
busettttt omongan nya dah kayak aktor terkenal satu dunia.,1,tiktok
"Kegagalan total Timnas Korea di Piala Dunia 2026 bukanlah sebuah kebetulan, melainkan akibat langsung dari keserakahan finansial, kebebalan taktik pelatih, dan rusaknya integritas KFA. Menunjuk pelatih yang track record-nya sudah cacat sejak 2014, memberinya gaji selangit, lalu membiarkannya merusak potensi generasi emas sepak bola Korea demi lingkaran politik internal adalah bentuk pengkhianatan nyata terhadap pemain, anggaran negara, dan ekspektasi jutaan fans yang sudah berkorban materi demi mendukung timnas.",1,
anjing berisik sekali malam,0,relabel
Ini udh masuk percobaan pembunuhan masukkan pasal pembunuhan biar jera,1,
@by.Nengshaa: hukum flexing kekayaan se hedon mungkin gimana ya ??,0,dataset_research
"""Congrats kak, kamu memang pantes mendapatkannya""",0,tiktok_v2
RT USER: Besok kalau Prabowo nyapres lagi kalau masih teriak-teriak NKRI harga mati jangan dipercaya ya,1,fn_hatespeech_id
"Orang tua dak usah bela anaknya,harusnya anaknya, dimarahi,dihukum, dan di didik..kalau tak minta ma'ap,atau buat perjanjian,kasuskan saja biar kapok.. .",1,
dari awal sdh gak jelas 🤣,1,tiktok
"""gila, lebar juga jalannya""",0,manual_augmentation
Setuju dengn dr Litha lanjut bu Litha.,0,
ya ampun lakikny ganteng rini nya cantik mungil sekarang,0,relabel
"Mau dikatain anjing ya?:"" URL",1,fn_hatespeech_id
Saya setuju pelacur tidak pernah mengatakan yang sebenarnya mereka hanya menyebutkan mereka terkena saya tidak pernah memukul wanita selain wanita ke wanita kami,0,dataset_research
Halunya ga kelar2,1,tiktok
Semua akan prett pada waktunya 🤣,1,tiktok
"""kemasan lama terlihat jelek di etalase""",0,manual_augmentation
Yesssssss,0,
@RedWarrior-Helios LOL,1,
Kalau kamu need help just let me know aku siap bantu,0,codemixed
aamiin doa meldi,0,relabel
Lama Lama Rafi akhmad alayyyyyy Dia bisa masuk pemerintahan karena Rafi punya duit ajaaaa Coba Rafi ga punya duittt Ga mungkin bisa gabung prabowo,1,
aku juga pengen beli baju kek gitu....????,0,dataset_research
Keluarin dari sekolah.muka sama kelakyan nya sama.,1,
kurusan kakak ni jadi canti,0,dataset_research
editan konsepnya nice sekali lahhh,0,relabel
Dia cantik bgt ??,0,dataset_research
Sedikit dari kakgendutin jelas merupakan cantekkk,1,dataset_research
"""Lu diem aja cantik mel kalo ga banyak gaya serius""",1,tiktok_v2
magrib banget,1,tiktok
"""Setan emg melet2 teross jijik asuuu""",1,tiktok_v2
USER Perut buncit itu bukan karena kebanyakan tidur..cebong mana ngerti',1,fn_hatespeech_id
"""Ini anjing Kok mirip ya sama Erick""",1,tiktok_v2
#JakartaBanjir Pemimpinnya gak punya akhlak yg baik... PENISTA AGAMA.,1,fn_hatespeech_id
hari hari liat orang selingkuh,0,tiktok
RT USER Jgan di suru mundur nanti pk jokowi di bilang menzalimi gatot,1,fn_hatespeech_id
Mau anak mau tua..kalau sipat ny buruk ..bikin bahaya orang lain..,1,
Di luar nurul,0,dataset_research
YOU LOOK VERY BEAUTIFUL 😭💗,0,tiktok
karena sejatinya kamu setan berwujud manusia karena pekerjaan setan ya menggoda manusia,0,relabel
bicara saja belepotan gaya kamu bencong,0,relabel
"USER USER wan bangau keliatan cupu nya,,, keloman sono sama emak \xf0\x9f\x91\x8e\xf0\x9f\x91\x8e'",1,fn_hatespeech_id
Negara ini rasis. Tak menghargai jerih payah orang lain pula. Perfect,1,
"Kelas kamu tuh level bawah, jangan sok setara sama kita",1,fn_fp_reduction
Hukum pelaku sangat bahaya bisa anak yg di bully meninggal kurang ajar nih anak. Ayo buk hajar buk aku paling benci anak yg suka bully anak orang,1,
kacamata nya.. bikin tua,1,tiktok
"Santai aja ngobrol bareng, nggak usah tegang",0,contrastive_dataset
RT USER USER Mungkinkah Sandi dan Anies nyusul sahabat-sahabatnya yg jadi buron dan yg sdh ditangkap itu sebelum dilantik ?,1,fn_hatespeech_id
"Botol fans gapunya otak kali ya, dongo nya kelewatan\xf0\x9f\x98\x8f'",1,fn_hatespeech_id
"Wow,wow youtube is commed this",0,
mang ngape kalau lagi bunting (brondong nanya dengan nada lembut) ðŸ—¿,0,tiktok_v2
abis kerjaaaaa kuliiii leher pada pegel belek,0,dataset_research
anjing bangsat gobloq,1,relabel
"USER Pers harus mencerdaskan bangsa, LGBT bukan virus dan tidak berbahaya tapi Islam adalah virus yang berbahaya",1,fn_hatespeech_id
"Disini juga banyak, dulu kaka kelasku tukang bully bapaknya kapolres dan yah dia masuk PTN top kedokteran dan hidupnya baik-baik saja sedangkan korbannya hidupnya ga baik-baik saja",0,
hallo youtube,0,
Percuma kalo anak anak masih suka mabok2 wkwkwkw,1,
CAHAYA BESAR 🌤️🔥 KETEMU CAHAYA TATA SURYA 🌅,0,
doger monyet es doger,0,relabel
sekilas cantikkan syifa,0,relabel
"kalo dia emg benar seorang ibu, gabakalan selingkuh dan gores luka dihati anaknyaa",1,tiktok
Buset emak gw aja udah 40 th masa neneknya di masih 45 itu masih termasuk ibu ibu sih,1,
"Ya allah istigfar mulu gw kalo liat si abidzar ngomong anjirðŸ˜­ðŸ˜­ðŸ˜­, pdhl kmrin gak gini ðŸ—¿ðŸ¤£",1,tiktok_v2
cewe kaya looks cinta ini di amrik sana emg jatuhnya cewe kece woii. beda ama kita,0,tiktok
"USER Masih lebih terhormat pelacur dari pade lo iblis betina kerjanya hanya nyebarin HOAX, nista amat sih hidup lo'",1,fn_hatespeech_id
muantepp ganteng selamat menempuh hidup mg langgeng rumah tanggax bhagia n selladem ayem,0,relabel
dia yg ngomong dia yg bantah sama kaya junjungannya,1,tiktok
Kita tidak harus lebih baik darinya ... manusia terendah adalah diri kita sendiri.,0,dataset_research
USER USER Bodat KOMUNIS TOLOL',1,fn_hatespeech_id
para penjilat mulai.saling . cakaran.🤣🤣🤣🤣,0,tiktok
"Ini bukan bully ya, kita emang suka becanda kasar",0,fn_fp_reduction
"Sekolahnya di bubarkan aja,,masa guru gak tau sampai 2hari...gilaaaaa",0,
muka kamu sudah kaya berak anjing tong,0,relabel
Sok jago mending duel ama gw aja di ring,1,
USER MAMPUS W MAMPUS YUGI MAMPUS LO ONTA ARAB',1,fn_hatespeech_id
USER hahahah memang banyak yg tertipu ama onta arab :(',1,fn_hatespeech_id
aku nahan takut sop??,0,dataset_research
@JohnCeylan99 its youtube,0,
Bagaimana cara meminta maaf ada 3 1 Saya minta maaf 2 saya akui saya salah 3 apa yang bisa saya lakukan untuk memperbaikinya,0,dataset_research
"""Pantas pada senang kerja di Rans.. mbak gigi nggak ngebossy..""",0,tiktok_v2
Komen nya nggak bngt njir padahal sesama perempuan,0,tiktok
RT USER Zaman sby korupsi aman nggak ada yg kutik-kutik,1,fn_hatespeech_id
cowok jaman tuh bajingan,1,relabel
komennya kek gini ya,0,relabel
idungnya beda sebelah yahðŸ˜Œapa mataku yg rusakðŸ¤”ðŸ¤”,1,tiktok_v2
"Cyber bullying juga termasuk menyebar-nyebarkan suatu info yang bikin si pembaca merasa takut berlebihan seperti trauma dan terror sebagai contohnya: -mengatakan bahwa kota tempat tinggal si orang yang membaca info tersebut ataupun orang tersayangnya berpotensi terancam bencana seperti tsunami, gempa, tanah longsor, puting beliung, angin puyuh, hujan batu, tornado, dsb. -mengatakan kalau ada virus penyakit baru berpotensi jadi pandemi baru. -mengatakan benda sehari-hari yang orang awam tidak bisa lepas atau menghindarinya beresiko memicu penyakit2 mengerikan seperti kanker, jantung, gagal ginjal dsb. Ini termasuk penyebaran hoax roti AOKA mengandung bahan berbahaya juga. -mengarang dan menyebar info tentang mati listrik 7 hari hingga viral dapat termasuk cyber bullying juga",0,
USER USER Terus masalahnya apa jika USER berbicara seperti itu..??? ; Ingat ya....!!! Gelar penista agama hanya berlaku bagi mereka yang satu frame dengan Jokowi.; Di luar itu = BEBAS / HALAL. ; ; #catet !!! ;,1,fn_hatespeech_id
muka mirip penuh tekanan sekali,1,relabel
"bapak nya daehoon hati nya luas banget ya, harus ngeliat dan ketemu anomali yang udah nyakitin anak laki laki nya dan ke 3 cucu nya ðŸ˜­ðŸ™ðŸ»",0,tiktok_v2
"wah pantes dikritik dan dihina se hina apapun ga kena di dia. otaknya ga nyampe mikir jauh, hatinya rusak, dan dia gapunya rasa kemanusiaan",1,tiktok
@cilukbaa: paling gbsa kalo soal lele,1,dataset_research
saya liat babi hutan berlarian kebun,0,relabel
"dari Erica, Bravy, Panda gua cuma suka liat Edward ajaðŸ¤£ðŸ¤£",0,tiktok_v2
USER rezim paling buruk semnjak indonesia merdeka',1,fn_hatespeech_id
kerudungan tp jipon kyk ga diajarin LOLL,0,dataset_research
Gak kaget.di pabrik aja punya paman jadi personalia langsung masuk gaji diatas yg lama.indonesia akan segera kiyamat,0,
bajingan sampeyan,1,relabel
make UP gw aja kalah SM bocil..,1,dataset_research
USER Betul..anak anak PKI mulai muncul mengikuti jejak bapaknya.,1,fn_hatespeech_id
intinya cari makan.. tak ada yg lain....,0,tiktok
cinta sama amel carla awet muda bgt wkwk,0,tiktok
anjing-anjing Orde Baru kayak USER emang tukang NGIBUL.kgk malu mengaku Ustadz?,1,fn_hatespeech_id
Trus jika tidak diviralkan apakah kasus tsb bisa ditindak dengan bijak. ?? Yakin ?????,0,
Kamu cook really well loh makanan kamu always tasty,0,codemixed
mungkin dia di tipu wkwkwk,0,dataset_research
si melet2 sok ganteng,1,relabel
"""Kakinya gedong sayyy kek kaki jantan? Upp kan dia suka berbaur ama warwerwor.. Mahluk astral.. Yg kakinya gedong""",1,tiktok_v2
"""Okay bro kalem aja, tetap semangat dan jangan putus asa""",0,tiktok_v2
"Gile beneer... Apa ini efec ngutang ma cina ? ""USER: BNN: 80 % Sabu yang Masuk Indonesia Produksi China URL",1,fn_hatespeech_id
Bantuan sebelum Anda ingin mengacaukan orang yang saya cintai pertama -tama Anda pikirkan bagaimana perasaan Anda ketika seseorang mengacaukan hati Anda,1,dataset_research
"""Si Meldi jelek aja banyak gaya. Beda banget sm tante n sepupunya yang udah jelas2 cantik""",1,tiktok_v2
USER USER USER Musibah atau berkah DKI punya pimpinan koplak kuadrat ky gini.....tereak2 pribumi....anti aseng.....ujungnya ke aseng lagi aseng lg....pemujanya pd diem krn udh dpt kaplingan surga.....yg ga dukung dia makin hari mkin e,1,fn_hatespeech_id
projo(negri dan rakyat) kocak2 jauh banget ngelak nya🤣🤣🤣,0,tiktok
"""Namanya anak anak"" pikiran ibu ibu kolot 😂😂😂😂😂 anak anak sekarang bisa lebih parah dari org dewasa Contohnya noh baru kejadian di thailand, anak kecil umur 11 ngendarain mobil nabrak hmpir 30 biksu, 13 diantaranya meninggal, sisanya masih dirawat Mau berlindung di balik ""Namanya jg anak²""???? heran gua, kenapa si gamau gamparin anaknya aja depan tu org ato marahin kek setidaknya, jgn lu malah depan org tuany lu ngebelain dengan embel² begitu, aplgi anak ny mau nginjek² leher korban😂 klo gua jdi ibu nya korban sih, gua suruh bales aja, injek balik dtgin rumahnya, depan emak ny si pelaku gtuin balik trs bilangin, namanya jga anak² 😂 pengen liat reaksi ibu ny aja kyk gmna",1,
e jontor amat wkwk,1,dataset_research
njs keteknya item bgt,1,dataset_research
"mulai banyak yang komen kasian,dia seorang ibu.guyss pake akal sehat no baperanðŸ˜„",0,tiktok_v2
"Kalo soal ini,gw dukung kalo Bahlil lebih ganteng dari henry cavill",0,tiktok
anjing hebat ya pakai kacamata,1,relabel
bro pikir dia jefri nicholðŸ¤£,1,tiktok_v2
Peristiwa Mei 98 Refleksi Puncak Kemarahan Rakyat pada rezim MILITERISTIK !!!; Maukah Kita #Presiden Militeristik yg sdh terbukti membuat Indonesia Bangkrut !!!;,1,fn_hatespeech_id
THREADo as promised aku nk citer pengalaman aku ambik teh kurus pil kurus It was 2013 2014 mcm tu ince everyone was s,0,dataset_research
"udah minta, Request lagii:v",0,dataset_research
Berarti bila suatu saat ada perbuatan salah dan tdk menyenangkan trhdp dosen dan rektor(termasuk keluarganya)mereka jgn viralkan ya pak🤣🤣🤣,0,
"""rambutku terasa norak kalau dibelah seperti ini""",0,manual_augmentation
"Boro-boro dicintai, dilihat aja orang males",1,contrastive_dataset
abidzar magrib bgt jir ðŸ˜¹ðŸ˜¹,1,tiktok_v2
Yaa lumayan lah hasil kmrn podcst😂,1,tiktok
"Belajar dari yg sudah-sudah. Lu ngajak temen lu demo atas kebijakan pemerintah, bisa langsung ditahan tanpa ada kejelasan. meskipun dari segi hukum tidak ada yg dilanggar.",0,tiktok
"Anak"" tapi otaknya kriminal,di hukum saja biar gak kurang ajar,kalau anakku di gitukan sudah aku hajar biar kspok",1,
alaaaaa anak d luar Nika ko ngotot banget,1,tiktok
"""paling ngiri liat orang keren maen alat musik dan dalem banget nikmatin permainan sendiri""",0,tiktok_v2
"Makanya belajar, daripada jadi orang bodoh seumur hidup",1,cyberbullying_1000
babi pintar berenang sungai,0,relabel
USER Oh yeke.. macam2 isu negara kapir ni',1,fn_hatespeech_id
berkat Bahlil bengkel gw jadi rame 😁,0,tiktok
"AHOK KAFIR BUKAN HANYA MALING TAPI JUGA GARONG, LAHAN LAUT MILIK NELAYAN DIRAMPOK & DIRAMPAS UNTUK REKLAMASI YG MENGUNTUNGKAN CINA2 KAFIR..",1,fn_hatespeech_id
muka nipu yaa muka polos bajingan hhhh,1,relabel
ni monyet pakai dp kerja nya gibulin orang2,0,relabel
"kalo anda ingin belajar ya belajar, kalo enggak juga gak apa2.",0,
"""babi ternak itu dipindahkan ke kandang baru""",0,manual_augmentation
masa RK mau sm kulkas 2 pintu,1,tiktok
"""Muka anak nya ko tua banget yaa.. GK ngegemesin GK ada lucu2nya""",1,tiktok_v2
Bloon bgt si yg jadi alucard',1,fn_hatespeech_id
RT USER: Kapan USER bikin film bakar2 Sekolahan buat pencitraan pak USER URL,1,fn_hatespeech_id
Abang ipar adam ni pun bangkai dasar penunggang agama!!!!!',1,fn_hatespeech_id
"emang cuma settingan mereka tuh,cuma pengen jatohin si panda😁",1,tiktok
kata 'anjing' sering muncul dalam percakapan informal,0,manual_augmentation
kamu pribadi hangat senang mengenalmu,0,relabel
Batalkan Anies Sandi! URL,1,fn_hatespeech_id
Jepang bisa lolos 16 besar dgn pelatih lokall terbukti loh 3 kali mungkin ini buat warga korsel cemburu yaa mungkin,0,
"sty bisa bawa korsel ngalahin timnas jerman di piala dunia 2018 padahal saat itu sty hanya pelatih caretaker dan hanya punya waktu 1 tahun mempersiapkan tim dan lagi musuh yang dihadapi yaitu jerman adalah tim penuh bintang dengan status saat itu sebagai juara bertahan piala dunia. korsel saat itu sendiri berada di grup maut bersama jerman, swedia dan meksiko yg relatif sangat kuat dan diatas korea. sty yang berhasil menghancurkan jerman dan mengirim mereka sebagai juru kunci malah menerima sambutan tidak baik di bandara karena kabarnya ada fans2 korea selatan yang kalah berjudi sehingga menumpahkan kekesalan pada sty dan timnya karena bisa mengalahkan jerman saat itu dan menimbulkan kerugian besar bagi para penjudi yang menjagokan jerman.. warga korea sebenernya mayoritas relatif puas terhadap pencapaian korea selatan yg dibawa oleh sty di piala dunia 2018 itu karena bisa menghancurkan juara piala dunia jerman, tapi oleh media indo dan fens2 haters pembenci sty fakta itu di goreng goreng dan diputar balikkan dengan berbagai framing seolah sty dibenci oleh penduduk korea. padahal faktanya sty bahkan sampai dibuatkan patung oleh pemerintah provinsi Yeongdeok di Provinsi Gyeongsang Utara, Korea Selatan, untuk mengenang jasa sty dibuatkan patung sty dengan bobot 70 ton dan dibuatkan komplek sepakbola modern bernama shin tae yong soccer park. namanya pun sangat dihormati di korea selatan apalagi saat bisa membawa indonesia menjadi tim yang kuat di asia semakin banyak orang korea yang menghargai sty dan ingin agar sty kembali melatih timnas korea selatan kembali untuk pildun 2026, sayangnya waktu itu yg terpilih adalah pelatih hong myung bo.",0,
Katanya otoriter. Kalau otoriter seperti pemimpin Korut mungkin yg tidur itu udah dihukum mati sama Kim Jong un,1,fn_hatespeech_id
USER USER USER USER Sodakoh tapi ngarap imbalan wakakkakkak otak ganti presiden emang somplak',1,fn_hatespeech_id
relawan hanya cari isi perut ke penguasa,0,tiktok
manusia laknat matinya apakan ya,0,relabel
Yg kaya gini yg harusnya di siram air keras. Mukanya ngajakin di kepret bgt,1,
PUAS BGT BACAIN KOMEN ðŸ¤£ðŸ™ðŸ»,0,tiktok_v2
ambil positifnya saja mbak oma nani menjalankan mbak bilang gimana tidak oma langsung cerai sudah pilihan hidup gimana didoakan semoga langgeng menikah ibadah heheu username,0,relabel
USER USER USER USER USER USER USER wah nih manusia idiot di jawab malah ngomong ngelatur bukan mikir dah belajar dulu sana dasar goblok sok pintar tapi bloon',1,fn_hatespeech_id
jijik sangat bangsat,1,relabel
Lo itu two-faced munafik banget sumpah,1,codemixed
"""Kayak Randy Pangalila klo gk pake kacamata""",0,tiktok_v2
begonya bilang apanya yaaa liriknya saja percintaan begitu lagu benar-benar tolol si ayu tidak punya kuping y orang yang dipermasalahin nadanya,0,relabel
"saya yakin Krn mas Uya Kuya orang baik,saya sbg TKW Taiwan,sering melihat,bolak balik Taiwan Indonesia,Hongkong, Indonesia untuk membantu para TKW",0,tiktok
dua2 nya cantik sekali masya allah,0,relabel
hih dasar kamu bangsat idolamu seprintilan saja sudah songong kamu ya,1,relabel
Mending lo ga lahir dari pada ada,1,cyberbullying_1000
"Di terminal nggak sengaja Nemu emas 100 kilo kali, makanya bisa beli jabatan Ketum Golkar.",1,tiktok
anjing trah basenji satunya anjing menggonggong menyalak dunia,0,relabel
terima kasih sby ani yang menemani beliau kontribusinya yang indonesia 10 memimpin semoga bahagia sehat amin,0,relabel
He's ingrained in our brains at this point. Such a devoted man.,0,
heran netizen kalau tidak suka diliat saja,0,relabel
Ulama Purwakarta Sebut Bupati Dedi Mulyadi Raja Syirik,1,fn_hatespeech_id
"USER Begokkkkkk. Dasar otak onta, pikiran mesummm.. rakyat yg sdh kecekik ekonomi makin dicekik dg pajak semakin tinggi. Tp pemda DKI dan DPRD foya2 dgn duit pajak'",1,fn_hatespeech_id
woi anak anjing ngapain kamu hidup bgst,1,relabel
"""Gw melihat cewek murahan di postingan ini""",1,tiktok_v2
Kenapa polisi di indonesia seperti ini ya 🐕,1,tiktok
Orang miskin aja sok apalagi jd org kaya.... Klo serba kurang minimal attitude jgn kurang....dn ditambah org berkerudung lagi😂😂😂😂,1,
Holy shit it’s youtube,1,
Gue enek sama elo. Semua urusan orang lain lo mau tau! Dasar kepo! Cewek alay!',1,fn_hatespeech_id
"""Gila ni siluman,, di story orang lain keliatan banget tumpukan2 lemaknya, buriknya apalagi""",1,tiktok_v2
caption saja copas cantumin credit dasar iblis,1,relabel
"nggak akun nisa nggak zize, isinya hujatan semuaðŸ˜",0,tiktok_v2
Gak smart enough lo buat masuk university mana pun,1,codemixed
merinding pas ingat dia jadi Wednesday,1,dataset_research
\xe2\x80\x9cMbak gak ikut meeting?\xe2\x80\x9d\n\n\xe2\x80\x9cKatanya gapapa tadi\xe2\x80\x9d\n\nLha berarti tadi diajak meeting? Disuruh? Tapi si bloon diam aja kayak patung.\n\nMiskom. Somplak. \xf0\x9f\x98\x94',1,fn_hatespeech_id
mau komen tp lagi bunting,0,tiktok
USER Mampus',1,fn_hatespeech_id
lain kali di perpanjang vidionya??,0,dataset_research
Pekerja CiNA Proyek Jalan TOL Lempar Bendera Merah Putih CUMA dihukum HORMAT BENDERA &amp; Di DEPORTASI LAHH,1,fn_hatespeech_id
Tidak ada perilaku pada guru yang hebat,1,dataset_research
Better nonton Alice In Borderland sih,0,
USER ahok si kutil babi kembali ke rumah lembang kenapa jakarta jadi banjir bud?,1,fn_hatespeech_id
"ngeri ihh, untung ngga Nemu dosen begini di kampus ku",0,tiktok
jijik bangsat pagi ah,1,relabel
atm tinggal 150 ribu saja gaya kamu dugong,1,relabel
Bang knp timnas korea gagal masuk olimpiade..??😂😂,0,
temenan saya elu pdkt kamu jadian pipi mimi putus anjing goblog,0,relabel
gaya nya selangit tp rumahnya jelek,1,dataset_research
masih berani upload foto dia,1,tiktok
jari jari kaki mirip jarinya tukang panggul,1,relabel
Pencucian,0,dataset_research
kurus bgt badannya udh kyk ga pernah makan enak,1,dataset_research
"Mereka semua memang tidak bisa menghargai pribumi atau minimal berlaku sopan sebagai tamu,mereka itu sejatinya perampas hak pribumi...; #stopTKAChina; #2019GantiPresiden",1,fn_hatespeech_id
udah di bilang kemarin kebanyakan pakai filter kok ngga percaya,1,tiktok
bejat bangsat biadab tuh orang,1,relabel
"Bongkar terus pak USER siapa itu mereka yang berusaha ""membeli"" bapak dan partai bapak ,kami rakyat Indonesia akan mendukung siapapun yang berani melawan kekuatan para penjajah modern itu pak .; #2019gantipresiden ; #jokowiend2019",1,fn_hatespeech_id
"""when i start i never stop"" prettttttttðŸ—¿ðŸ—¿",1,tiktok_v2
Kena prengg😅,1,
tidak salah kalau kak syifa cantik mamahnya saja cantik bgtt jujurr,0,relabel
hari hari ketemu gembel,0,dataset_research
semoga anak nya besok pas bangun langsung jadi dewasa biar jodoh gedenya nanti cakap kek kakaknya fahri,0,relabel
USER papah matamu picek',1,fn_hatespeech_id
"USER Tuh kan dungu, klo km make gelang itu dan ada di TKP ikut intimidasi secara lgsg km terlibat. Gelang itu baru dugaan sbg bentuk konspirasi.'",1,fn_hatespeech_id
saya tidak bisa bedain anjing manusia keliatannya,1,relabel
kocak lu tasyi??,0,dataset_research
Dayum,0,
USER USER Bangke luh...',1,fn_hatespeech_id
"Bukan flexing, NORAK. ????????????",1,dataset_research
"Emang ga tau malu, lu itu bukan siapa2 klo bukan karena abang lu, malu lu itu bukan siapa2 jangan sok ok",1,
Rakyat RI ga sekuat Nepal. Mimin punya axolotl naga air lucu kak. gemas imut mirip pokemon😍😍,0,tiktok
WHATTTTTT ??????? TINANDROSE ????? SIAPA SANGKA ðŸ¥¹ðŸ¥¹ðŸ¥¹ðŸ¥¹ PASTI FIKI SENENG BANGET ðŸ¥¹ðŸ¥¹ðŸ¥¹,0,tiktok_v2
Nama: Patrialis Akbar Status: Terpidana Kasus: Korupsi Mendukung Anies-Sandi,1,fn_hatespeech_id
uda mirip logo persita,1,dataset_research
bangsat bangsat bangsat,1,relabel
"Ekspetasi terlalu tinggi,2002 masuk 4 besar juga kontrofersi kekenangan semua sehabis ngalahin italy habis semua pemain yg berkain di sana😂",0,
"""monyet di taman safari tampak sehat""",0,manual_augmentation
Aku jual,0,dataset_research
wanita cantik suka ah,0,relabel
Kayak gini polisi masih gk di hukum?,0,tiktok
anjing itu hewan yang sangat setia,0,manual_augmentation
liburan kali menyenangkan rencananya berjalan lancar,0,relabel
GANTENG LU BEGITU ?,1,tiktok
"Kampret betul, pas mengarah kesitu udah mbatin “ini mah filmnya mas hansol”😂🤣🤣",1,
salfok kaki cantik sekali asli,0,relabel
Your mom masak enak banget I love her cooking,0,codemixed
YANG APA KAMU MENGABULKAN DOA KU UNTUK KLOSDONECEPATNYA OKEY KALO ITU MAU KAMU,1,dataset_research
"USER USER USER USER USER USER USER USER USER Islam Nusantara produk JIL, dipasarkan dg gencar oleh antek\xc2\xb2 JIL.\n\nSementara JIL anti Arab, tapi pro Aseng!\n\nKata (alm) KH. Hasyim Muzadi,",1,fn_hatespeech_id
semoga kalau sma yang mh kalau bella mh sudah dapat yang pas,0,relabel
KATAKAN PRET KATAKAN PRETTTTTT,1,tiktok
"Pantesan...... semakin berisi harusnya semakin gampang menerima masukan. Eeeeh, ini malah egois",0,
"Psikopat ini anak,jahat wajahnyaaa",1,
USER Wahh pak SBY pencitraan nich.. wkwk,1,fn_hatespeech_id
Kalo seumpama orang cina di usir paksa dari indonesia gimana,1,fn_hatespeech_id
gada yg mau endors skincare kah?😭,1,tiktok
anjing bgt,0,dataset_research
pagi sudah mirip anjing saja hidup,0,relabel
"""kata babi dalam teks itu dipakai dalam konteks peternakan""",0,manual_augmentation
"Wajar seorang ibu cintanya tulus, apa lgi seorang anak do buly jelas orang tua tak terima krna dia yg merawat dari bayi smpai besar tak pernh menghajar smpe sekarat",0,
Kamu dooooooooooo ploles anjayyy,0,dataset_research
"""jari jari kaki kayak jarinya tukang panggul""",1,tiktok_v2
SECARA TIDAK LANGSUNG MENGAKUI KALAU DIRINYA JAHAT DAN GA BECUS KERJA😭,1,tiktok
kamu maenin cewek saya kasih monyet cewek biar puas,0,relabel
"USER emang yang gaji nya 3 juta, kalo prabowo jadi presiden naik jadi 6 juta ,gitu?? mikir , kalo mau maju dan kaya sekolah yg tinggi, kerja yg giat, jangan nyalahin JOKOWI!! dan kalo mau kaya jadi lah USTAD PROVIKATOR",1,fn_hatespeech_id
mba username kamu tidak merasa cinlok babang anthony ketemu di mana sih sinet boy alah ngaku ajaaa mba dumang cinlok sok2 bilang tidak cinlok namanya pembodohan wajar netizen bilang ratu cinlok kenyataan memang ya marah resiko artis hahahhaa pinter2 ya mba cari alasan hahahahaha,0,relabel
weewww bangga kali aku liatnya bang username pakai baju adat karo syip,0,relabel
anjing kamu hahahahah,0,relabel
Lo itu beban buat semua orang di sekitar lo,1,contrastive_dataset
pengambilan fotonya bagus mantap keren tinggal pengambilan arwah nya saja,1,relabel
Laporkan ke polisi ja kasus perundungan...,0,
kamu orang hati terima kasih,0,relabel
"""Pantes banyak utang buat bayar lonte""",1,tiktok_v2
Ini beneran? Kacau banget sistem dan pejabat negeri ini 😩,0,tiktok
USER Anjirr paypal asu bgt ngena fee nya ke aku',1,fn_hatespeech_id
USER TAU AH NGOMONG AJA SAMA ONTA!',1,fn_hatespeech_id
kenapa gak minta aku yg editin video nya zuyy?🤭,0,tiktok
USER USER ga caya sama mulut buaya mu bwang',1,fn_hatespeech_id
senang liat pasangan cewenya hujat 1 indonesia tetap setia menemani,0,relabel
dari muka aja kelihatan,1,tiktok
Kalo gebetan kamu ngga pernah buang ludah di jalan pacarin,1,dataset_research
"""Ih ko melet2 si kaya hewan aja wkwkwkwk""",1,tiktok_v2
dekorasi acara itu kelihatan berlebihan dan agak norak,0,manual_augmentation
Rabu ??Doomsday ??,0,dataset_research
"ludahi tu muka bocah, ngeselin",1,
lgian jg bravy kek numpang tenar gt gksi,1,tiktok
fix anak dan ortu gila sih,0,
"Negara rasis Korea selatan mau baku hantam kek dan lolos dan tidaknya bodoh amat ,,hanya jepang saja yang kami harapkan agar bisa selalu lolos sampai ke final untuk mewakili kami dari asia ..",1,
RT USER USER trus maksudnya Indonesia yg mayoritas muslim suruh pilih pemimpin cina non muslim gitu ya ? Jangan dong,1,fn_hatespeech_id
wey orang goblok bedain vape shisha sama rokok kamu merokok pakai acara tidak ngaku,0,relabel
nunggu lebaran kamu lebaran monyet,0,relabel
produktif pencapaian diraih,0,relabel
"Kacau Betul Negeri ini,, Sampai PHK Internal Karyawan aja Harus Bertemu DPR😂😂😂😂😂.. Mundur ini😂😂😂😂",1,
"""maniss bangettt pengen dah punya senyuman manis kayak ka syifaaa""",0,tiktok_v2
kapan masuk pengadilan Pak budi?ðŸ˜,1,tiktok_v2
Ci aku di Malaysia jauhkan 😅😂❤,1,
"Sudah olahraga pagi, badan segar seharian",0,cyberbullying_1000
"""congrats kak isyan semoga semua impian-impian baiknya segera bisa terwujud aamiin""",0,tiktok_v2
sekeluarga ngefans kagum lihat username nya deh lihat anak nya yang jelek buluk username hermansyah username kutuk yang menimpa bunda kd untung allah swt menggantikan amora adik nya gemezzzzzzz lihat nya cocok sekali anak artis class bunda kd,0,relabel
USER USER Ini orang pasti lupa bayar karyawan nya jangan bacot',1,fn_hatespeech_id
i see beauty in everything mba gigi sehat dede bayi nya,0,relabel
"kenapa mesti diproyekkan ke asing?? katanya nasionalis, pancasilais....koq pilih asing. jangan-jangan antek asing nih.....",1,fn_hatespeech_id
"Aku pernh cek out juga masukin kranjang , off live aku cancel tu barang . Mana udh cek out abis 500 ribu ini .",0,
"Lu tuh nggak ada gunanya, mending pergi aja dari sini",1,fn_fp_reduction
jedun yang tidak becus perempuan terhormat tidak becus perempuan cerdas tidak becus perempuan yang mencari suami sah suami orang tidak becus perempuan yang menghindari narkoba tidak becus perempuan yang menjaga nama keluarga semoga perempuan yang mirip dunia ya jedun,0,relabel
"""istilah babi pada paragraf tersebut merujuk pada hewan liar""",0,manual_augmentation
"""suasana stadion tadi seperti mendidih karena terlalu ramai""",0,manual_augmentation
Kerja di pabrik aj ada test ini itu. Masuk PNS pun pake test ono ini...itupun gk lolos. La ini asal comot jd komisaris.... Yg salah yg ngangkat atow siapa nih.... Aneh negeriku ini,1,
benar-benar bajingan bangsattt setan anjing babiiiiii keboo iblisssss duuhhhh pengen gueh kunyaaah anak² setan ituuuu,1,dataset_clean
relawan itu penjilat,1,tiktok
Kok gitu sama aku,0,dataset_research
tidak mukul kali dasar manusia jenis kamu mbak seandainya keluarga saudara nya gituin goblok kamu bajingan kamu menghargai orang,1,relabel
ga ngerti kenapa pada kaget😭🙏🏻,0,tiktok
"MUKANYA UDAH KAYA PREMAN PASAR,INJEK BALIK BUK TU ANAK",1,
Walid versi perdosenab,1,tiktok
kalau teman anjing gimana,0,relabel
pretttt bgt lo bang,1,tiktok
"""muka lu sensual tapi norak kenapa dah""",1,tiktok_v2
Good sih menurutku kalian aj suka merendahkn org diem,1,tiktok
hdh tolong suka keluh friendless dikacangin dan sebagainya memandang rendah sudah jb tidak diwaro sadar kek anjing caper kamu bangsat hih geli,1,relabel
"gara gara sering liat meme Bahlil,gua setiap liat muka Bahlil ketawa mulu😂😂😭😭",0,tiktok
RT USER BILA DIKTATOR JOKOWI SERIUS MAU DPR YG BERSIH KORUPSI..,1,fn_hatespeech_id
"USER USER USER wew penjilat penghina Habib, gimana loe mau minta syafaat bonggg cucu baginda Nabi loe hina-hina begini'",1,fn_hatespeech_id
yg di tabur bibit sayur yg dituai padi mas..dani dan mulan masih anggota dewan ngak sempat dia menuai...ha.ha. kocak..ðŸ˜‡ðŸ˜‡ðŸ˜‡ðŸ˜‡ðŸ˜‡ðŸ˜‡ðŸ˜‡ðŸ˜‡ðŸ˜‡ðŸ˜‡ðŸ˜‡,0,tiktok_v2
"Belajar resep baru hari ini, hasilnya memuaskan",0,cyberbullying_1000
USER USER USER Bodat KOMUNIS piaraan CINA LOLENG kau',1,fn_hatespeech_id
alay kamu monyet,0,relabel
memiliki cucu2 kebahagian yang ternilai cucu sebagai generasi penerus bangsa,0,relabel
kok bisa masih punya temen sih? herann ga pada geregetan ðŸ˜­,1,tiktok_v2
"""kalo lomba sama""an sm babi, babi nya nmr 2""",1,tiktok_v2
"MNRT saya,, kok yg jahat yg nge-share video ini... Mungkin aja mba nya keceplosan ke temen sendiri... Kan itu hal yg wajar...ke temen sendiri dah biasa kan apa apa diceplosin... Justru yg harusnya dihujat yg nge-share...kalo aku jadi mba nya,,, dan videoku disebar ke seluruh dunia ya aku marah bangett...dan aku memutus hubungan dgn orang yg nge-share... Pokoknya ga mau kenal lagi deh... Tp kalo yg nge-share mba yg lagi dihujat yg pake helm itu... Ya iitu dia anehh.. dah tau manusia suka ngejudge orang ..kecuali dia emang pengen JD populer.. biasanya semakin pengen eksis.. semakin tenggelam",0,
Coki pun tersinggung ketika tuhan disamakan dengan bubur 🗿,1,
selama transfer nya jalan terus ya hajar terus...😅😂,0,tiktok
mending kamu tobat sudah,0,relabel
"""ust"" ah sudahlah",0,tiktok
"""Apasih kontol berantem aja lah ayo bngst @lutfiagizal""",1,tiktok_v2
seminar inspiratif ilmu,0,relabel
Jadi saya pergi ke klinik karena saya meludahkan bagan organisasi yang dia buat ingin saya pergi,0,dataset_research
"USER USER Pertanyaan tolol || buktikan dong, jangan cuma katanya2 aja !'",1,fn_hatespeech_id
"""Maap kalau gua sering nyamain lu sama dugong soalnya emang mirip""",1,tiktok_v2
cantik🥰,0,tiktok
bodoh kamu alam semesta seisinya serentak murka mendengarkan lagumu,1,relabel
"USER Guwe anjing penasaran iya iya lah bisa ngomong, maju lu sini garuda kuping budek'",1,fn_hatespeech_id
"""Kok anaknya kayak udah tua gitu ya mukanya kk tasya""",1,tiktok_v2
Masukin ke Barak,0,
USER Pak USER tujuan hidup Muslim beribadat ke Allah SWT bertentangan dgn kepentingan bangsa & negara,1,fn_hatespeech_id
Ya kali ketemu Bobotoh Viking minta kaos The Jak?? #MIKIR,1,fn_hatespeech_id
KATANYA SEDANG DI POSISI GAYA ELIT EKONOMI SULIT,1,dataset_research
"Perarturan sekarang kan guru ga boleh melakukan kekerasan,apalagi fisik verbal pun ga boleh,aneh nya kok murid murid sekarang bar bar,belajar dari mana,jangankan ke sesama teman ke guru saja berani mukul,bacok,ketapel mata..belajar dari mana mereka tentang kekerasan",0,
"""anjir, lupa kalau hari ini libur nasional""",0,manual_augmentation
Owh pantas mereka berlomba-lomba melakukan kejahatan ternyata bisa naik pangkat,1,tiktok
"Semangat Pak, Netizen dan para FOMO yg bersuara sumbang gak mewakili masyarakat yg mengapresiasi kinerja Bapak! Gak tahu mungkin suruhan orang internal PSSI yg ngebet gantikan BAPAK! tetap tegar dan kita Songsong hari2 baik olahraga dan sepakbola nasional ke depan!",0,tiktok
kata USER rezim ini anti islam.. bolehkah kita berpendapat fadli zon anti NKRI krn mencoba membenturkan umat islam dgn negara &amp; aparat?,1,fn_hatespeech_id
babi malas sekali kamu,0,relabel
ya allah bahagia tidak dengan yang mewah sesederhana saja deh bahagia komunikasi dengan keluarga,0,relabel
USER bacot lu min... sinyal busuk kaga bs di pake ape2',1,fn_hatespeech_id
"USER USER USER sengkuni sekarang sudah jadi tukang ramal lho, dia ramal anies penyelamat bangsa\ncocot e sengkuni kok dipercaya, masuk neraka lo kalau percaya amin rais si tukang ramal'",1,fn_hatespeech_id
USER Pak USER KemenAg harus ungkap ajaran dungu & biadab yg ada di Quran agar masyarakat tak tertipu,1,fn_hatespeech_id
Lebih baik mundur pak USER URL,1,fn_hatespeech_id
"USER USER Kenapa Bani Serbet &amp; kaum kampret 212 gak demo krn sudah menipu umat???? Jawabannya krn dana jamaah abu tour mengalir ke ustad2 yg ada di 212,termasuk beli nasi bungkus mereka'",1,fn_hatespeech_id
"""Jangan cuman bisa ngehina Dong Sadar Kalian Itu Ga sempurna sama kaya kami""",0,tiktok_v2
USER Alaaaah...kyak ente berhasil aja USER ..cma poligamy prestasi ente yg berhasil...lain nya Zonk..nol besar...kakean cocot kowe tu..nis',1,fn_hatespeech_id
rasis lu anj kek udh pada sempurna aja lu padahal tuhan telah menciptakan manusia dengan kekurangan dan kelebihan,0,tiktok
"USER Cashier tuh indon kan hahah mesti dia gelak, padan mula lo makan itu babi brengsek'",1,fn_hatespeech_id
perawatan kek geli liatnya,1,dataset_research
ngaku nya old money pdhl muka nya no money,1,dataset_research
ngab itu muka jerawat bukan? kalo jerawat gua kasih tips buat ngilanginnya??,0,dataset_research
dalam dataset ini ada contoh kata kasar yang tidak selalu berarti bullying,0,manual_augmentation
bajingan munafik memang harus kapok persekusi cikupa tidak terbukti mesum ditelanjangin,1,relabel
"aku juga ikut merasakan pas SD apa yg aku inginkan selalu dituruti sama ibu 🥰 tiap lebaran selalu dibeliin gelang,anting..heee",0,tiktok
sampai ajal menjemput tidak dapat ketenangan....,1,
"Gaya hidup yang harus di rubah pemuda papua,kebanyakan kurang disiplin meskipun punya bakat yang bagus pasti fisik nya jadi masalah, karena buruk gaya hidup",0,
"Pengaturan skor oleh FIFA yang menguntungkan korea selatan sebagai tuan rumah, dari mulai babak grup sampe puncaknya lawan Italia paling parah. Terus salah satu pemain Korsel yg main diklub eropa akhirnya diputus kontraknya, dan pemain Korea pada saat itu ditolak klub² eropa dampak kontroversial piala dunia itu. Terus sekarang mereka ngejadiin itu sebagai prestasi bahwasanya pernah sampe semifinal, padahal kontroversi. Lebih adem liat jepang meskipun kalah penyisihan tapi warganya legowo bahkan nyambut pemain mereka. Lah ini netijen Korea 11-12 smaa indo fanatik bangettt nganggep bahwa timnasnya hebat, bilang lah generasi emas saat ini. Tapi kan ini piala dunia, meskipun hebat dikancah asia belum tentu di internasional juga seperti itu. Liat sendiri Jerman sama Belanda yang materi pemainnya semewah apa tetep kalah sama negara yang peringkatnya dibawah mereka. Jadi meskipun pelatihnya emang kurang, tapi tetep itulah sepakbola apapun bisa terjadi. Liat aja timnas cave perde negara antah berantah pertama kali lolos 32 besar tapi mainnya bagus. Tidak serta Merta pelatihnya bagus juga",0,
kaya grafik pembunuhan yang di brazil gess,1,dataset_research
USER diradio? tapi anda bisa melihat ya.. wah bolot',1,fn_hatespeech_id
ternyata sama plengernya kek pssi😂,1,
"yang lain kaget bang fiki nikah sama kak tinoo, aku lebihh kagett kak tino nikah sama bang fikiðŸ˜­ aku selalu mempertanyakan siapa cowo beruntung yang bisa dapat kak tinaa yang pinter baik slalu menjaga diri ini dan belakangan liat kak tino ada bahas tentang percintaan ternyata mau nikahhhðŸ˜ selamat kak tinoooo dan bang fikiiiiðŸ˜ðŸ’“ semakin bahagia ya kliann",0,tiktok_v2
gemesnya isyan mirip tango berlapis lapis ciaaaa,0,relabel
@??:Tim setia laba-laba sunda,0,dataset_research
"""Mukbang makanan sehat dong kak. Salad jepang gituuu.""",0,tiktok_v2
"setelah menjelajahi beberapa negara, akhirnya kembali ke produk lokal🔥",1,tiktok
kehadiran orang anjing kucing rumah menyebabkan seekor kucing stres,0,relabel
cowokÂ² begitu ngarepin apasi?ðŸ˜‚ ga kaget,1,tiktok_v2
cosplay jadi Kasino warkop hehe,0,dataset_research
Bkn bljr pada sok jago gilir d labrak gk ngaku😂😂😂😂😂😂😂,1,
Kata dosen aku bullying can cause serious mental health issues,0,codemixed
saya doakan semoga anak ibu yg jadi korban bully itu kelak jadi presiden RI yg tegas dan bijaksana...berani berantas semua kejahatan tiada batasan umur di negeri ini termasuk koruptor..amin 🤲,1,
USER USER USER Emang loser sih. WKWKWKW gini nih. Gua bener2 ga suka pacar gua dapet ginian. Apaan. Kalo suka ngomong langsung gausah cupu gitu anjg.',1,fn_hatespeech_id
USER USER USER USER Bodat KOMUNIS kau',1,fn_hatespeech_id
"jangan komentar Bu, nanti dipenjarakan Bu, nanti di pikir lawan penguasa",0,tiktok
Aku merasa seperti aku tidak bisa melakukan apapun tanpa ELFungmin,1,dataset_research
gelap bgt kek abis maghrib,0,dataset_research
"""monyet itu duduk di atas pagar rumah""",0,manual_augmentation
bagus biar tdk seenaknya ngomong pak suharto,0,tiktok
"Kamu emang brengsek ya, ngga ada yang suka sama kamu",1,fn_fp_reduction
kasih bidadari pilih kotoran,1,relabel
babi lucu bermain lumpur,0,relabel
"""Ngapain si pada ngejudge? Mikir dulu lah dia putus juga sebelum kejadian itu tolol""",0,tiktok_v2
"Udah ga ganteng, rakus!",1,tiktok
bagussss dandannya natural tidak permak mirip anak jaman now,0,relabel
Gak sabar banget besok mau nobar satu sekolah,0,
"Coba deh tempat ini, makanannya enak parah",0,contrastive_dataset
woy anjir bolot bat gue aja paham. URL,1,fn_hatespeech_id
Itu muka jordy pucek kbanget tuh guys makan ya lawan netijen nantang sih guys,0,
USER eMANG UDIK BFJGFDG GA NGERTI SAMA BOCAH SATU ITU',1,fn_hatespeech_id
"USER Emang semua yg gak beriman kepada Allah itu kafir, dan semua nabi yg pernah diutus beriman kepda Allah, trus lo maksain referensi orang kafir, pake kaidah orang muslim, lu maksain resep dokter buat bikin rumah namnya, gak nyambung dongoooo'",1,fn_hatespeech_id
kasihan saya anjingnya dipegang dajjal,1,relabel
username solusi terbaik bijaksana,0,relabel
He truly never gave us up lol,0,
Bayangin ada orang jepang buat kebalikan masalah taksi indo juga. Pasti distich kemenparekraf. Tapi orang jepang ga mungkin ngelakuin itu si ??,0,dataset_research
apa yang di harapkan sama cwo club?,1,tiktok
keti na dibersihjn kak sbeelom joget??,1,dataset_research
relawan dibuat kelanggengan kekuasaan,0,tiktok
MUAL BANG CUKUP,0,dataset_research
bang mukanya bisa ditutupin stiker aja ga?,1,dataset_research
eh dia ga punya manager yang ngontrol dia kah?,0,tiktok
internet cepat buat apa,0,tiktok
"USER USER USER Katanya pintar gw tanya gugat nya gimana malah ngataian cebong , ngeles kayak bajaj aza loe kata. Menguggat itu gampang .... Hahahaha'",1,fn_hatespeech_id
"""film itu jelek menurut saya karena endingnya terburu-buru""",0,manual_augmentation
"USER saya suka kalimat seperti ini ustadz,halus tp menghujam ke sanubari ?; #2019GantiPresiden",1,fn_hatespeech_id
semangat batman username va support kamu karena manusia kesalahan tolong bahas pliis karena sudah 2,0,relabel
ibu-ibu yang nungguin anaknya main di playtopia pasti pada ngegibahin jule ðŸ˜­ðŸ˜‚ðŸ™,0,tiktok_v2
Aku barusan nonton seru bgt gila,0,
Datangin org tua nya buk..samperin rmhnya buk..,1,
Percuma di.jelaskan prof termul mana faham yang ada di otaknya cuma bagaimana keluarga mereka bisa makan,0,tiktok
CANCEL JUGAAAALHAA YUKKK EKWKKEKE,1,tiktok
"""Iuu milih iblis drpd bidadarii kwkwkw jyjyq""",1,tiktok_v2
"GAK ADA CERITA ""NAMANYA ANAK ANAK"" PEMBULLY HARUS DIKASIH JERA MESKIPUN DIA ANAK ANAK.. PARA ORANGTUA JAGA. ANAK KITA DARI BULLY. JAGA ANAK KITA AGAR TIDAK JADI PELAKU BULLY..",1,
jelas muaythai lah,0,dataset_research
"""Cuman rumus diet ini yg ga bisa dipecahka ya bang?""",0,tiktok_v2
"""Itu wajah nagita kya masih umur 20an""",0,tiktok_v2
dih sokan sangat jadi cowok pala kamu tidak sama cewek bukan tidak kamu saja yang maruk asu,0,relabel
Karna pintar dia JD komisaris. Dia ad kelebihan JD goblok g ush d protes. Makay JD pintar jangan bodoh klu mau maju. BS y bacot kaya pantat ayam aj muluty. Sp tau saham rapi besar ap salahy Takan kanany JD komisaris yet. Buat ap orang pintar korubsi mendingan orang bodoh tp jujur,1,
"apa sih yang komen, bahas tugba mulu ini tu momen orang plislah, lagian kak Fiki udah lama ga sama tu cewek bahkan tu cewek dah punya cowok baru, pada kaget karna ga sama dia lagi ya namanya ga jodoh mau gimana, dan sekarang Fiki sama kak tinandrose mereka tu ga tiba-tiba nikah, tapi udah lumayan lama tunangan/lamaran ada kok Fiki sebelumnya pamer cincin dilive sama cewek luar gitu trus ngasih tau kalo dia udah punya calon dan mau nikah, jadi plis gausah bahas orang lain lagi dimomen mereka berdua ini, Happy Wedding buat Kak Fiki & Kak Tinandrose🤍",0,tiktok
username m mba saya juga tidak benci nikmir salut ama tidak muna artis maaf image saja depan sok sok teraniaya n jual air mata nikita real sygnya msyarakat cendrung yang yang superfisial,0,relabel
Kalo ini kasus yg lain ngapain lu beritain tolol,1,
"Waktu pertama kali lihat video nya pas di tiktok kek ""apaan sih lebay bgt, kalah aja sampe segitunya.. jahat bgt si, kasian pelatihnya anjir"" Tapi pas mendengar cerita selengkapnya jadi faham kenapa warga korea sangat marah dan bener kata mas hansol bukan berarti tindakan mereka itu benar ya. Betapa kecewanya.. Waktu itu timnas Indonesia juga mengalami hal yg sama dan rasanya behhh sakit bett (makanya relet dan ikut merasakan juga rasanya) Ya semoga Timnas Indonesia dan Timnas Korea kedepannya bisa jadi lebih bersinar lagi❤",0,
Kak tolong bahas kasus pembunuhan di jepang yang diduga udah 15 tahun lalu itu kakk,0,
"kenapa pindah kampus, kenapa tidak pihak dosennya di proses",0,tiktok
Dia siapa sih,0,tiktok
"Nonton pertandingan olahraga, seru banget",0,cyberbullying_1000
ketrigger bangsat rcti kontol,1,relabel
"Ih jorok banget sih orangnya, pantesan dijauhin",1,fn_fp_reduction
USER tapi kenapa kamu malah cari musuh! dasar peranakan cebong kampret!',1,fn_hatespeech_id
USER USER USER Sok kenal lu kunyuk',1,fn_hatespeech_id
Yg salah itu rakyatnya yg dominan emang rasis dan maunya merasa ras paling unggul padahalnkebanyakan tukang bully,1,
"RT USER USER Ntar teriak di zalimi korban ""org ibadah kok dilarang dsr rezim anti islam"" :))",1,fn_hatespeech_id
letoy??,0,dataset_research
Lugu amat lu .. belajar dulu biar gak oon dan tolol 😂😂,1,
"Rasis dan diskriminasi skli para fens"" Korea Selatan ni",1,
"Lo nggak pantas ada di sini, pergi aja",1,contrastive_dataset
"""monyet itu memegang botol plastik""",0,manual_augmentation
dibahas mulu,0,dataset_research
ya allah sempurna sih ciptaanmu yang in,0,relabel
USER USER \xf0\x9f\x98\x82\xf0\x9f\x98\x82\xf0\x9f\x98\x82\xf0\x9f\x98\x82 cukup sekali ditipu pilpres 2014.. buzzer cebong memang nggak dosa klo nipu!!',1,fn_hatespeech_id
Haha lo so clumsy jatuh lagi embarrassing banget,1,codemixed
yang loh bajingan nya sial,1,relabel
pakaian apapun yang dipakai mama gigi keceee,0,relabel
presiden embel gelar bangga,0,relabel
Kita nobatkan menjadi Raja pret.!,1,tiktok
kamu anak kok ajarin pakai baju kaya pelacur gimana si elu bajingan sekali kamu endut,1,relabel
"""anjing, tanganku kepentok meja lagi""",0,manual_augmentation
USER USER Biadab tuh oknum aparat keparat',1,fn_hatespeech_id
RT USER Antek PKI dan simpatisannya juga proxy cina komunis pasti sangat membenci TNI dan Panglimanya. Wajar seekali merek,1,fn_hatespeech_id
Aku baru try yoga for the first time dan suka banget,0,codemixed
kamu berbakat seni lukisanmu indah,0,relabel
ngaku belagak pintar,0,relabel
ini serius dia?😭kok kokkkk😭cantikan kenzie😭,1,tiktok
manusia anjing cari uang begitu kamu kerja saja saya nyebokin saya nanti saya gaji kamu,1,relabel
"""pgn belajar sama karakter ini"" tp mau buat versi sendiri lah begimnaðŸ˜­ðŸ™",0,tiktok_v2
palsu badane diedit itu aslinya dimana2 lemak,1,relabel
"""Demi apa, Kak Yaya gk pernah ngeRAGUin para pendengar lagu2 nya""",0,tiktok_v2
REKTORAT UIN KAYAK KONTOL KORBAN PUN KENAK SURAT PERJANJIAN KALAU TAKUT TURUN AKREDITASI JGN BUAT ULAH GOBLK UIN JAMBI TUTUP AJA DEH MALU MALUIN ASW REKTORAT NYA GAK TAU YANG SALAH DAN YANG BENAR,1,
"""Ngga ada niatan ngadain pengajian gitu bang?""",0,tiktok_v2
kereeeeeeeeeeeeeeennn sampai merinding brrrrr,0,relabel
"""Kasian anjingnya dipeluk sma sampahh""",1,tiktok_v2
Lo tuh trash of society gak ada gunanya,1,codemixed
najis muakk menjijikan pelakor jijik,0,relabel
Terserah lo deh,1,dataset_research
"mau"" nya lagi si lintang sama aki akiðŸ¤£",1,tiktok_v2
"""Udah dapat kontrak dari skincare ttp aja buluk mel""",1,tiktok_v2
RT USER: USER Rezim anti islam ... benar kan ! Gak bs dipungkiri lg ..,1,fn_hatespeech_id
daaaaamn u right tho,0,
"Orang gak tau diri si Wendah akhirnya kena karmanya , ah jangan* cuma boongan siapa tau diperiksa kehamilan wk wk wk 🤣🤣🤣",1,
tuntut ciptaning dan pdip,1,tiktok
"""kata monyet di sini digunakan dalam konteks zoologi""",0,manual_augmentation
Hidungnya kek gagal filler bengkak dibawah😂😂😂,1,tiktok
Dilihat dari wajah nya calon pereman anak itu,0,
"USER Hanya kaum onta &amp; para org"" tolol yg masih mencintai orde babi'",1,fn_hatespeech_id
Laki laki gak malu ikutan nyinyir ...kerja mee,0,
DAM YOUTUBE,0,
emang bole semerinding ini yak,0,dataset_research
Warga korea berharap timnasnya juara pildun😅😅😅 tahun 2002 kalo gak bayar wasit jadi bubur itu korea😅,0,
lo boleh bangga politik Indonesia masuk itungan amrik dan cina... tapi sayang diitung bwt dijajah,1,fn_hatespeech_id
"Waduh ngeri juga ya kalo mirip dgn kejadian nyata di korea..mulai dari perundungan dgn akibat meninggal bundir sampe guru2nya, korupsi yang mengakar juga dri mulai sekolahan sampe ke elit politiknya.. Alhamdullah gw ga pernah menjelek2an negara Indonesia yang dibilang negara korup lah apa lah.. Korea aja negara maju masih pusing dengan permasalahan mendasar ttg masalah hidup manusia, kita yang masih negara berkembang ko ya cuma bisa nyalah2in sana sini ga jelas, bukannya berubah dri masing2..ingat mw pemerintahan model apapun kalo masyarakatnya ga pernah mw berubah ya gitu2 aja.. Ane yakin dah 8 kli punya presiden permasalahannya ya gitu2 aja, bkn presidennya yang salah tapi masyarakatnya yang harus diganti!!!",1,
Itu mah di taksi palsu,1,dataset_research
Perdana mungkin asyik ya pak,0,
disni cinta mirip banget sama mama astrid,0,tiktok
nurul : makasiiyyy ya jul berkat lu berita gw tenggelemðŸ˜‚,0,tiktok_v2
"""Thank you juga, Syan! Seneng banget kemarin haha! Semoga setelah pandemi ini, semua rencana dilancarkan ya, Syan!""",0,tiktok_v2
teman kamu tidak kamu saya tidak rugi kali bangsat,1,relabel
the power of ratu iclik,0,tiktok
Eh sudah terlambat untuk melarang Kempes,1,dataset_research
yea polisinya pintar hahahaha langsung belok sim nembak gatau rambu2 surat perintah yaelah kamu pikir rumah kamu digeledah,0,relabel
"""Biar di edit2 kaya apa juga tetap aja ketiak hitam nya ga bisa di bohongin""",1,tiktok_v2
dahlahh memang cantik kamu cippp,0,relabel
TRUE!!!,0,
model tas itu menurut saya kampungan,0,manual_augmentation
Ada yg mau serius tapi aku nya masih raguuu Gmn donggg Yaudah jangan dikasih harapan dianya kasiaan,0,dataset_research
"""Happy Birthday kak Meldi yang imut n ngegemesin. Tambah sukses selalu""",0,tiktok_v2
Kalau jadi atasan gausah sombong2 deh menindas karyawan Apa kamu langsung jadi milyuner melarang orang ga masuk karena ada,1,dataset_research
Ya contohnya si anak pajak makan uang haram aja jd otaknya gak da dipikir anak org gal berharga jg. Memtang2 kaya raya lagian kaya bpknya korup asli kesel. Contoh nyata diindonersia da lagi amak dpr bunuh pacarnya krn dimannja disnak eror,1,
tidak boleh melet dosaa rik,0,relabel
@Warung queenby: tahik??,0,dataset_research
Pengukuran Luchu,0,dataset_research
"KENAPA GUE NANGIS ANJIR, CUPU LO FIK!'",1,fn_hatespeech_id
"Gua yang pernah dibully, juga benci banget sama pembukky, emang biar apa sih gitu, gak ada manfaatnya😂",1,
rakyat Indonesia dan netizen wajib untuk tidak memaafkan Calista Amore ðŸ¤£ðŸ¤£ðŸ¤£ kawal sampe dia dpt efek jera yg setimpal,1,tiktok_v2
"Coba itu warga Korea kaya warga Konoha, langsung hantam rumah salah satu ketua anbu di Priok secara instan. Pasti😅😅😅",1,
Org Tua yg Membela anak yg sdh Salah Pasti waktu mudanya juga anak anak yg Nakal !,1,
ganteng nyasih anjing kucel gini jadi model,1,relabel
Jangan pake lama utk Lengserkan si Jokowi.,1,fn_hatespeech_id
"Otang tuanya GaK bisa ajar anknya,biar ibu ini aja hajar anknya.itu karena otg tua ank yg buli selalu benarkn anknnya buat sesuka hatinya.",1,
Ekonomi Merosot Utang Bengkak BUMN Mau Dijual. Pak Jokowi Mundur SajaUSER - Chirpstory URL lewatUSER,1,fn_hatespeech_id
"Rasis, diskriminatif, merasa superior dan gak boleh kalah, anehnya warga konoha banyak yg korea wannabe",1,
"Anda dibodohi dan diperbudak Islam Bung Ketum ICMI, Allah SWT bukan Tuhan di balik Gerhana",1,fn_hatespeech_id
Hi semuanya Aku adain GIVE away nih Give away nya album BTS yg Love Yourself Answers Yey Cukup follow dan retwee,0,dataset_research
Bucky Planga Plongangoo,0,dataset_research
anies akan merangkul dua2nya untuk persatuan tidak spt ente dangkal & cekak intelektual hanya jadi budak ahok kafir.,1,fn_hatespeech_id
Mantan sampah ngaktuh,1,
Helehhh,0,dataset_research
bgst orang yang ngutang saya terbawa sampai mimpi tidak bayar asu,0,relabel
dasar babi,0,relabel
"""mba bisa gk sih, kalau gk merem melek gitu matanya kaya orang cacingan""",1,tiktok_v2
manusia hewan sih tidak hati sekali,1,relabel
USER USER USER USER USER USER manis-manis idiot ni orang',1,fn_hatespeech_id
bedehhh damage nya ga ada,1,dataset_research
"""Pantesan kak Jessica bilang bang jerom beruang wkwkwk""",0,tiktok_v2
Nama panjang umur dan bapaknya ❤️💗🖊️📕🇲🇨 aku aku rumahnya di,0,
Kalo gua itu bukan cuman marah anjir bakalan gua bales perlakuannya,0,
saya tidur berharap menang eh anjing tahunya pas bangun kalah tidak kntl,0,relabel
model sengkuni...ðŸ˜„,1,tiktok_v2
anjing laut jalannya pakai perut,0,relabel
why on this specific day,0,
"Gak ada yang benar dan salah, semuanya sedang dalam emosi.",0,tiktok
wkwkq riyaaaa ih si ibu????,1,dataset_research
karir turun autis kasihan hahah,1,relabel
"USER Partai elu plus konco2 lu bisanya cuma bikin MALU Indonesia aja min, mbok ya kalo goblok itu jgn kebangetan to min...'",1,fn_hatespeech_id
muka tutup panci wkwkekek jelek nya sampai ubun ubun,1,relabel
Gampang. Jelek di piala dunia. Terjawab kan? Skip konten,1,
@Inzhagi Potret Anant: stres,0,dataset_research
yaaahh bos Arab ??????????,0,dataset_research
"cover album ini jelek, untung lagunya bagus",0,manual_augmentation
Kerjaan lo tuh useless banget kayak lo sendiri,1,codemixed
saya liat monyet main taman,0,relabel
"Selalu rapihin rambut setiap ketemu warga dan selalu terlihat gugup, sangat keliatan belum siap jadi pemimpin 😂",1,tiktok
Ngaca luh bolot URL,1,fn_hatespeech_id
USER \xf0\x9f\x99\x88\xf0\x9f\x99\x88\xf0\x9f\x99\x88\xf0\x9f\x99\x88\xf0\x9f\x99\x88\xf0\x9f\x99\x88\xf0\x9f\x99\x88udah ketauan HOAX ya Fahri mangkanye klu ambil berite tuyg update jangan dari tong sampah diambil terus di SS taunya berit udah,1,fn_hatespeech_id
dasar cewek kamu lonte tahu kamu,1,relabel
relawan itu toxic,1,tiktok
PLENGER APAAN YA??????,0,
buat tmn2 klo punya jerawat jgn sering dipencetin ya ntar jadi bopeng?? klo udh terlanjur bopeng semuka perawatanya mahal,0,dataset_research
Selamat hari jumat buat kamu yg selalu bikin rindu ini kumat,0,dataset_research
tidak taulah suka sekali gayanya isyan,0,relabel
"sebenarnya banyak oknum dosen kayak gini, cuma YttaðŸ‘€",0,tiktok_v2
RT USER: Pak jokowi semakin ketakutan akan kalah 2019 Projo kumpulan penipu kembali jadi andalan wakwawww,1,fn_hatespeech_id
ya memang bangsat,1,relabel
hilang respect saya jane sudah setia sangat kamu kamu nya main cewek pas sudah dari penjara lol,0,relabel
asli tidak bebet tidur ni anak kasihan,1,relabel
"Kesalahan itu wajar, yang penting belajar dari situ",0,contrastive_dataset
username memalukan buk bicara pelakor memang ibuk sudah pelakor ya tahu ayu pelakor wkwkwkwkwk awas rumah tangga yang dimasukin pelakor anaknya pelakor,0,relabel
Pijak kepala orang tua si pelaku brooo kepala orang tuanya halal untuk ditapaki 🔥🔥🔥,1,
"Moga ini ada tindak lanjutnya!; ; Pelaporan terhadap ?penista agama? Ade Armando akan dilakukan langsung oleh Ketua Umum FPI KH. Shobri Lubis ke Bareskrim Mabes Polri, Gambir, Jakarta Pusat pada Selasa (10/4) pukul 13.00 WIB.; #Perhaps USER;",1,fn_hatespeech_id
"aloy :ntar kalau sampe dia nyakitin erika gua maju paling depan
aloy : Menghilang dari line",1,tiktok
Aku suka how you always stay positive even when things are hard,0,codemixed
"datang ke mukanya bawa linggis, cokotin ke muka tuh si musang",1,tiktok
#2019GantiPresiden scra konstitusional hak setiap rakyat woiii!! . Gini nih kalo planga plongo tapi kelakuan otoriter.,1,fn_hatespeech_id
USER USER jgn bacot mulu masalh tki n tka urusin aj dl loe anggotany Tata kota aja gk ngerti lht tuh DKI SmburDul tats kotany',1,fn_hatespeech_id
ratu pelakor sejagat raya dimana2 lonte ya tidak malu yang merasa lonte tolong malu sedikit,1,relabel
mampir bang,0,dataset_research
anak muda,0,dataset_research
Kok aku jadi kesel sama yang di belakang ya para bocil bocil kayak caper itu,1,
"Kulit oke bgt , tp pakaiannya kya anak punkðŸ˜­",1,tiktok_v2
alhamdulillah username tidak yang engku emran masyaallah ganteng anteng sabar sholeh penyanyang senyumnya cute baper dech,0,relabel
USER halah kntl',1,fn_hatespeech_id
"""Itu muka apa tutup panci wkwkekek jelek nya ampe ke ubun ubun""",1,tiktok_v2
Mas Hansol ada lagi kelanjutan kasus Kim Soo-hyun bahas lagi dong mas,0,
"apa yg harus di percaya SMA bapak ini,kasih video lama,kata beliau waktu dl projo itu apa",0,tiktok
dia enggak hebat. pengikutnya aja yang dungu bin idiot. URL,1,fn_hatespeech_id
iya bang jer berbeda kalau pakai style mirip gini fresh anak gaul,0,relabel
sudah berubah tidak mirip saya lihat,0,relabel
"Tapi kadang korbannya itu gak tau diri juga, gw kadang benci lama-lama kalau emang korbannya sendiri d0ngggooo gak bisa mikir kesalahannya apa. Minimal itu bisa mikir lah apa kesalahannya.",1,
"sok"" an banget kemarin ngebela erica skrg malah sama aja ga ada bedanya ðŸ˜‚ðŸ˜‚ðŸ˜‚ðŸ˜‚ðŸ˜‚",1,tiktok_v2
sikat gigi dlu bgg baru bikin tiktok.. jorok,1,dataset_research
Raffi ni otaknya dimana ya. Kok goblok sih...😮😢,1,
ini mah bu cinta lebih ke ketawa ngikngik sih liat lawannya modelan beginiðŸ˜­ðŸ™,1,tiktok_v2
bagusan pantat panci aing atuh anjir,1,relabel
mau heran tp mrk artis,0,dataset_research
Sempet sempetnya ngalis dulu anj,1,tiktok
bro kamu yang ngehujat erick tetapi masalah sok keras,0,relabel
Isinya apa sih kalo boleh tau?,0,tiktok
kenapa gak minta aku yg editin video nya zuyy?ðŸ¤­,0,tiktok_v2
demi allah merinding anjjir,0,dataset_research
Orang tua jangan bela anak salah,0,
sikap mu najis ludah anjing,1,relabel
elu semoga semakinlebih akhlak etikanya,0,relabel
"vibes koko"" hongkong ðŸ¤•â™¥",0,tiktok_v2
semoga lancar usahanya mel,0,relabel
Kamu memang layak dijauhi oleh semua orang,1,contrastive_dataset
"""anjing penjaga itu menggonggong saat ada tamu""",0,manual_augmentation
"pacarnya mgkin bisa terima, tp mertua nya ?? ??",0,dataset_research
Lengkap di kubu Anies-Sandi semua ada mulai dari tukang cabul,1,fn_hatespeech_id
suka heran warga 62 sukanya ngehujat orang terus pahala tidak dosa mah iya,0,relabel
paling gak bisa klo soal cicak kesetrum,1,dataset_research
:O it's the real guys???? and today???,0,
"USER USER Itu minyak merek kalajengking, bukan racun kalajengking, dungu kok dipelihara'",1,fn_hatespeech_id
waaah hamil cantik cew kali yeee debay nya,0,relabel
yg baru ke jepang vs yg dah hidup tahunan di jepang. Nitizen harap maklum ??????,0,dataset_research
lhaa iyaa mbak... gitu kok masih menjabattt yaa😭😭😭 banyak korban e yg motor rusak habis ratusan ribu sampai jutaan lhoo😭😭😭,1,tiktok
Taekwando??????,0,dataset_research
Gonna flag this for nudity so I can rick roll the YouTube staff,0,
USER USER USER Yg pakai pantat itu loe.. Hahaa pantat teriak pantat.. \nRocky gerung profesor gak laku di indo tong.. Yg mempercayai cuma kaum kampret dan gembel warnet krn otaknya sama di pantat.. Hahaa',1,fn_hatespeech_id
"pengen belajar karakter ini, tapi ga baca Webtoon ataupun nonton drama nya😭 Gimana mau belajar nya?😭 Disekolah atau apa aja kalau namanya belajar pasti butuh buku atau google buat referensi😭",0,tiktok
salfok mukanya sumpah jelek oplas model failed,0,relabel
"Makin hari makin kasian liatnya, ga berkembang-berkembang",1,fn_fp_reduction
20.3 kb/s. Koneksi bangsad-_-',1,fn_hatespeech_id
Lucu,1,dataset_research
kaya mang becak si abidzar😭,1,tiktok
pacar anjing beda ya anjing tidak tahu sabar always tunggu majikannya pulang pacar capai tunggu orang yang disayang,0,relabel
"""meja kerja ini berantakan seperti kapal pecah""",0,manual_augmentation
"Lo itu kuat, pasti bisa melewati ini",0,contrastive_dataset
jaga jamban berak,1,tiktok
"USER USER anda yg Idiot nuduh org bloon. Kenyataannya sih demi membela seseorang rela pakai data bohong, editan &amp; rekayasa.'",1,fn_hatespeech_id
babi kamu tidak,0,relabel
coba liat bibir mu sayang pantat ayam wajah mu bulukan kentut perfectoooo,0,relabel
"Wow, akhirnya ad asosiasi sepak bola dri Akademi Belanda 🇳🇱 dtng jg d Klub Sepakbola akademik d kota Mimika Papua, mncri bakat atau atlet talenta muda anak"" Papua ke kancah internasional mntap ini baru negara kebanggaan ku Belanda Holland KNVB 🇳🇱🇳🇱🇳🇱",0,
ADUHH MBAA,0,dataset_research
semoga kecerdasan mbak maudy bermanfaat agama nusa bangsa aamiin,0,relabel
USER mampus lo inget kenangan hha',1,fn_hatespeech_id
RT USER: twitteran mulu pantesan goblok.',1,fn_hatespeech_id
Cahaya Besar menghadap Raja Terakhir,1,
Yg menang merayakan Si #Plastik menjelaskan🎉,0,
"​ @MardianaSudahada sangat menyedihkan aturan negara kita makin hancur bukannya makin makmur rakyat terus ditindas apa"" kekayaan sekarang mulai diusut, pdhl kita kuras keringat biar bisa hidup sejahtera",0,
"""ih mukanya kek anjing rumah gwa""",1,tiktok_v2
"Kenapa ya suami saya gak nangis pas nikah, malah cecengesan gak jelas pas liat saya ðŸ˜­",0,tiktok_v2
Luar biasa jauh berbeda dg terjdi bom perancis. Dari dua pertiwa tsb bs kita lihat reaksi Rezim Jokowi seolah memperlihatkan Rezim anti islam,1,fn_hatespeech_id
USER USER banyak cocot. diem aja lu. komplotan tkng ngalus ama pelakor aja lu dukung',1,fn_hatespeech_id
babi itu hewan yang hidup di lumpur,0,manual_augmentation
"""Aamiin. Doa baik juga untuk Meldi""",0,tiktok_v2
Tompel keluar dari iyuuuhh,1,dataset_research
norak abisss hahaha,1,dataset_research
"""Jelek macam buntut kuali hahaha""",1,tiktok_v2
ASMA DEWI Untuk Jegal Pelantikan ANIES-SANDI,1,fn_hatespeech_id
MUKA SEIRENGGG itu jadi pemeran ahn hyo seop,1,tiktok
"""Tapi bagus sih erick mutusin Jessica ya karna Erick kelakuan ny begituu coba liat Jessica""",0,tiktok_v2
tanggung jawab apa pun,0,dataset_research
"maaf ya cinta di mata ku jadi kayak peramal,kayak mak2 tarot tu loh",1,tiktok
gapapa ga ganteng yang penting pede ekan,0,dataset_research
USER USER Terus menurut lo kitab suci agAma apa yg di bilang om USER ; ; #Mendadakkalap,1,fn_hatespeech_id
"Ketika ngomong, Sylvi keliatan oke. Tapi begitu didebat Ahok, Sylvi langsung kekuatan goblok.",1,fn_hatespeech_id
USER Sudah nyata rezim anti islam.... Dibilang juga hoax...,1,fn_hatespeech_id
cuci muka deh setidaknya kalo mau hikin VT,1,dataset_research
"Allah SWT halalkan harta rampasan malah janjikan banyak rampasan, Muslim harus Buang Islam sebelum teriak no korupsi",1,fn_hatespeech_id
Arsenal ngono ngono ae. Huuuuuuuu! Cupu',1,fn_hatespeech_id
"Para pembajak agama ini intoleran dan reaktif, mereka terbiasa menggunakan agama sebagai badik untuk menusuk lawan duniawinya. Tapi mendadak toleran ketika keyakinannya dihina oleh kawan duniawinya. ; Ya, mereka memang gunakan agama untuk mengejar tujuan2",1,fn_hatespeech_id
"pak Soeharto lah yang menghidupi rakyat dengan ilmu pengetahuan,,,âœ…ðŸ‘",0,tiktok_v2
ngeliat mukanya aja udah gedeg,1,dataset_research
USER USER USER USER Cocot lu.',1,fn_hatespeech_id
"""Yang ngatain keknya idupnya gapernag bikin kesalahan""",0,tiktok_v2
USER USER Ya..ttp aj waspada..!!Antek komunis itu pintr kamuflase..,1,fn_hatespeech_id
semangat ka jennnn❤️🙌,0,tiktok
Intiny..jgn sampe diancam dibunuh lah .ga masuk piala dunia..ga masuk neraka juga hehe..sampe segituny... Tp lupa ya korsel masalah agama ga percaya...kalah menang takdir...,1,
brengsek bangsat goblok jancuk bacot,1,relabel
Lah sama anjir🗿,1,
"kalo ngetik dibenerin bos, muka sama ketikan sama sama gajelas",1,dataset_research
USER USER Nah kan BACOTNYA CEBONG kok sama semua ya? \xf0\x9f\x98\x82\xf0\x9f\x98\x82 \nMirip PKI..\xf0\x9f\x98\x82\xf0\x9f\x98\x82',1,fn_hatespeech_id
"Kenapa sih yg suka buly wajah"" buruk",1,
waduh hp gue jdi pecah,0,dataset_research
"""udah dong. Lagi ngunyah aja cute banget""",0,tiktok_v2
"kyk si eric plenger tiba"" pecat sty ganti patrick star",1,
ya memang tidak muka muka badak muka beton tidak malu,1,relabel
"""iklan ini norak tapi lumayan gampang diingat""",0,manual_augmentation
"USER Membenci yg membit'ah-kan ego, apakah tendensius ego yg alergi ke-arab2an juga tercover dalam kafir mbah? Lalu siapakah yg tertawa,,""",1,fn_hatespeech_id
waduh,0,dataset_research
"""aku kelihatan jelek di foto karena salah angle""",0,manual_augmentation
USER USER USER USER USER USER USER USER Haha die lagi \xf0\x9f\x91\x89 USER media bloon dasar tempurung dongo!',1,fn_hatespeech_id
"Beli tanaman baru, senang banget lihatnya",0,cyberbullying_1000
Para antek komunis di YLBHI sedang bermain playing victim,1,fn_hatespeech_id
username yang komen via nyinyir terus duh seperti tidak nyinyirin orang saja parah kalau orang sok benar mah begitu padahal media sosial hak instagram instagram yang nyinyir tidak pakai ig s,0,relabel
"""Suka banget sama rambutnyaa tambah ganteng""",0,tiktok_v2
Cinn cantik bangetttðŸ˜­,0,tiktok_v2
yang pikmi aja heran ada yang lebih dari dia,1,dataset_research
hedon banget,0,dataset_research
kurus bangett mau dilirik siapasi,1,dataset_research
"kita bisa di tangkap kapan saja, di sadap dengan isilop kapan sajaâ€¦ di 86 khan dimana saja.. sehat2 penduduk Indonesia, solusinya cuman satuâ€PINTARâ€",0,tiktok_v2
"""masih good vibes walaupun sedang lapar""",0,tiktok_v2
luhut si muka bajingan sekarang perusahaany banyak duit dari mana,1,relabel
"Maaf menurutku kalo mau protes ya ke bupati dan gubernurnya kan setiap daerah ada pemimpinnya jadi itulah gunanya mereka, kalo RI pusat mana tau jalan-jalan yg rusak kalo pemimpin daerahnya diem, kan stiap daerah ada anggarannya jadi tanya dong sama merekaðŸ™ðŸ™jgn bisanya nyalahin presiden begini salah bgitu salah trus yg bener siapa ðŸ˜‡ðŸ˜‡",0,tiktok_v2
dih anjing sangat setannya ruqyah,0,relabel
dipenjara apalo sikat gigi bau ya baubau aroma bangsatttt,1,relabel
"Waaah pintar sekali ya, sampe ngga bisa bedain mana yang bener",1,fn_fp_reduction
RT USER: Hanya pemerintah dan negara komunis tdk mengakui Pancasila tidak bertuhan yang tidak peduli amanat penderitaan rakyat.,1,fn_hatespeech_id
Mana mngkn si sultan agung raffi ahmad punya kasus entah apa itu kasusnya gk akan di tindak krn bekingan orang22 dlm yakni keluarga jokowi n prabowo,1,
bloon anjing,0,relabel
USER Kl komunis sdh tdk laku dimana2. Isu ini cuma jualan antek orba saja dan para pendukung penerapan negara islam/khilafah,1,fn_hatespeech_id
@?????: paling ga bisa tentang ular kawat ??,1,dataset_research
bang lu nyebut shinkansen aj salah bang,0,dataset_research
15 years late buddy,0,
"USER USER Dikasih bukti, terpojok, mlipirnya kemana-mana. Itu namanya cacat logika.'",1,fn_hatespeech_id
streesss,0,dataset_research
"""MasyaAllah Rafathar tambah besar makin tambah ganteng bgt gk kuat ngeliat alisny?""",0,tiktok_v2
"Hari yang produktif, banyak yang bisa diselesaikan",0,cyberbullying_1000
USER asu guwatel sok jual mahal bangettt asuuuuuuuuuuuuu',1,fn_hatespeech_id
Aura peramalâ€™nya kuat bangetðŸ˜­,1,tiktok_v2
You deserve to suffer karena lo emang sampah manusia,1,codemixed
That cafe kita visit kemarin cozy banget pengen balik lagi,0,codemixed
kenapa idungnya manggil manggil minta ditanya si 😭,1,tiktok
"jadi cantik juga serem ya, kadang cowok tuh ada aja obsesi banget sama kecantikan si cewek sampe kayak psikopat kalo ngejar ngejar",0,tiktok
suaranya dibuat2 bgt lol,1,dataset_research
USER Cara apaapun yg dilakukan PSI tak akan laku di Indonesia....\nRakyat tahu PSI itu agen komunis....!!!',1,fn_hatespeech_id
"""Ciah dihujat 1 Indonesia jangan sampe bunuh diri ya komtoll kami blom puas nguat kauuu""",1,tiktok_v2
USER USER Lg belajar ngerayu Pak Jokowi pengen jd menteri....barangkali,1,fn_hatespeech_id
"ayok2 kawan2 wartawan semua kawal kasus ini, dan seterusnya sampai ada keadilan merata",0,
"""Bang, aku nonton kamu setelah aku kerja di Jepang. Bermanfaat bgt kontennya jd gampang kalo mau nyari apa apa di Jepang""",0,tiktok_v2
RT USER: USER USER USER USER Dia mah bukan Ustadz tapi Bajingan',1,fn_hatespeech_id
Masih ke inget nino sekeluarga ngeprank lamar natasya wilona🤣,0,tiktok
"lebih baik seperti ini lah, daripada pemain diaspora yang masih layak main di eropa malamemeilih melanjutkan karir di liga indonesia semangat untuk kalian saudara papua bawa nama indonesia terbang tinggi dari papua untuk indonesia.",0,
isu pahlawan nasional bisa memancing mereka keluar . mantap pak prabowo,0,tiktok
Anjay..di kira dajjal gak tuh 😂😂,1,
tidak usah ngeluh... rebut nih gedung DPR duduki oleh rakyat !!!,1,tiktok
Bagus kok,0,tiktok
"Umur segitu sbnrnya terlambat si😊 harus nya mulai nya di erupa di berbagai akademi di luar Usia 3–5 Tahun (Fase Pengenalan): Anak mulai belajar menendang bola dan bersenang-senang tanpa kompetisi formal Usia 6–8 Tahun (Dasar-Dasar): Waktu ideal untuk mempelajari teknik dasar seperti kontrol bola, koordinasi, dan kerja sama tim dalam lingkungan yang santai . Usia 8–13 Tahun (Masa Emas / Golden Age): Dianggap sebagai waktu paling krusial untuk pengembangan keterampilan teknis yang lebih serius sebelum memasuki tahap kompetitif yang ketat . Usia 12 Tahun ke Atas (Kompetitif): Di banyak negara seperti Inggris, hasil pertandingan dan klasemen liga baru mulai dipublikasikan secara resmi pada kategori usia di bawah 12 tahun (U-12) Tapi oke lah untuk kita untung jg ada PSSI yg peduli ,mau gimana lagi setidaknya udh mulai di terapkan lagi untuk wanita semoga bibit"" ni yg akan bermain di liga wanita krna knp lambat Adain liga wanita ya platih kurang wasit kurang 😊SDM pemain nya kurang untuk wanita untuk yg senior yaa JD hanya ad bbrp tim yg siap mknya kmren di undur",0,
jual makanan anjing dog food happy dog murah harga promo,0,relabel
"USER USER Kelakuan cebonk paling menjijikan, sutradaranya bego bikin setingan'",1,fn_hatespeech_id
"""babi hutan terlihat dekat sungai sore tadi""",0,manual_augmentation
mba pasti cantik kalw tompelnya diilangin percaya deh,0,dataset_research
"""Kok mbak meldi sekarang tambah cantik ya rahasianya apa..""",0,tiktok_v2
TP Riya TP Red Flag ??,0,dataset_research
anjing menggonggong menggigit orang bicara,0,relabel
Damanik emang ga jelas cara ngomongnya serta jalan pikirannya. mungkin itu mulut belum pernah makan bangku sekolah ðŸ¤¦,1,tiktok_v2
"""ruangan itu seperti kandang karena terlalu sempit""",0,manual_augmentation
"Tenang Jo, besok klo Live lagi, Saya akan CO PRODUK yg kmu Jual, Tapi klo udh Sampe Rumah, lgsg RETUR pengembalian Barang dan Dana. wkkkkkk",0,
"Anda percaya Muhammad Nabi atau tidak, tuliskan argumentasi Anda ke Pak USER agar tak ada keraguan lagi",1,fn_hatespeech_id
Wajar ibunya marah kalo aku juga pasti marah orang tua mana yang engga tega,0,
orang tua didik kamu anak bangsat,1,relabel
tuhan kamu bertengkar terus anjing ngapain sih,0,relabel
"USER USER USER Kasusnya SP3, BONG.. Gak terbukti..\n\nCuma Halu para cecungung kodok, alias cebong aja itu..'",1,fn_hatespeech_id
"Ini orang-orang maha benar nan suci maunya apa sih? \n\nPenghina presiden dilepas karena masih di bawah umur ngeluhnya nggak ditahan karena Cina.\n\nKalau misal ditahan, mungkin ngeluhnya pemerintah mau balik ke orba.\n\nNjuk geleme piye, su?'",1,fn_hatespeech_id
"""Trs berkarya walaupun brd di titik sprti ini""",0,tiktok_v2
prabowo jangan bisanya koar2 pencitraan terus,1,fn_hatespeech_id
"Makan siang enak banget, kenyang sampai malam",0,cyberbullying_1000
"""Ketiaknya habis di amplas mel, alus banget""",1,tiktok_v2
bagus mencari ilmu di mana pun suaminya orang berpendidikan,0,relabel
dia siapa?,0,tiktok
maap nih mb pcarnya kok mau sm yang gendats,1,dataset_research
Lo itu jealous karena lo gak bisa se-good orang lain,1,codemixed
itu tahi lalat.. ?kok gede BGT.. hati2 MBA takutnya kanker mendingan di cek deh,0,dataset_research
"kalo liat kak cinta aku percaya cantik itu gak harus putih,tapi gak cocok di kampungku,yg putih itu yg cantik😭😭😭😭",0,tiktok
aku jg lebih suka natural gini sehari hari dr pada dempulðŸ˜‚,0,tiktok_v2
"Korea ternyata bangsa yg ga mature, ga mau menerima kekalahan. Too ambisious, setelah pernah bisa masuk semi final piala dunia. Padahal it is only a game. Bisa menang dan bisa kalah. Yg dihujat pelatihnya. Padahal di beberapa cabor, ada fenomena Korsel sekarang tjd penurunan. Voleynya jg kemarin dibantai Indonesia. Ada yg menganalisis, karena sekarang kwalitas olahragawan Korsel mmg menurun, karena angka kelahiran turun dan jumlah generasi mudanya yg berprestasi jg menurun. Ini, akibat banyak pasangan muda yg pada ga mau punya anak.",0,
USER Kata Cebong Dolar naik ga ngaruh....MATAMU PICEK #gantipresiden2019',1,fn_hatespeech_id
"Apa KASN BERANI LAWAN?KL.IYA\nRAKYAT SALUT..!JGN HNY KY OMBUSMAN..KOAR2 TRS.DIEM.MANA HASILNYA?MALAH NGURUSI TKA DISULUT!APAAN TUH..TANAH ABANG DITUTUP.USER BUNGKAM.PD TAKUT ORMAS ATAU TAKUT G DPT/DISETUJUI BAGIAN APBD?KL NIAT UD\nUSUT ,PASTI B",1,fn_hatespeech_id
sama tuh dalam hati tidak salah terus saya bangsat begitu ya anying terbahak-bahak sangat pda suuzon,1,relabel
selamat natal dan orde baru ya ☺️☺️☺️ 58% seneng nih pasti,1,tiktok
HAYOO LO SEMUA YG MINTA CWO KAYA BRAVY MUNCUL ðŸ¤£ðŸ¤£,1,tiktok_v2
PRESIDEN SOEHARTO ADALAH PAHLAWAN NASIONAL DAN PRESIDEN SOEHARTO ADALAH BAPAK PEMBANGUNAN.,0,tiktok
squid game usa ga tungguin tapi coba buat nonton,0,
amit amit deh orang jahat penjilat pembohong pelakor jijik sekali,0,relabel
gila kamu karena tidak laku youtube,1,relabel
USER Jancuk! Pingin gue tabok itu anak',1,fn_hatespeech_id
bajuku kelihatan kampungan kalau dipakai dengan sandal itu,0,manual_augmentation
affiliate wajib tinggalin jejak,0,tiktok
kok cara rias dan gaya nya seperti pekerja malam ya nih cewek2 nya,1,tiktok
The Real pemecah belah bangsa,1,tiktok
USER USER BANI EGE NAMANYA AH GBLK',1,fn_hatespeech_id
Amazon ??,0,dataset_research
OMG YOUTUBE GOT RICKROLLED,0,
anak yang membully tidak punya adab adalah cerminan orangtuanya nu GE_li_L_e_O,1,
USER USER bener2 bebel nih cebong',1,fn_hatespeech_id
"Daya beli turun, data kemiskinan di olah2, harga2 naik tak terjangkau, kebutuhan hidup rakyat makin sulit, kesenjangan semakin lebar, hutang bengkak tak karuan, bagi2 jabatan terus terjadi, aset negara di jual2. TKA banjir. Dll.",1,fn_hatespeech_id
mba nya ko mau sama cowo burik ya?,1,dataset_research
aura pembantunya kuat bgtt,1,tiktok
@user y: malah jadi abu,0,dataset_research
udaaaahh nontonnnnn lagunya bajunya makeup hairdo nyaaa sukaakkkk,0,relabel
ingat ramalan Hard Gumay 😳,0,tiktok
perut maju tetapi semangat maju,0,relabel
bang stop ngaca kita tau muka abang kotak kok,1,dataset_research
"Agama jalan hidup benar, bukan nyembah2 Allah SWT dikira Tuhan benar, padahal dungu & biadab",1,fn_hatespeech_id
"Teman lama emang bebas ngomong apa aja, udah kenal karakternya",0,fn_fp_reduction
Jangan pernah takut dan bosan utk bicara akn kebenaran klo rezim ini dan pengikutnya adlh antek asing dan aseng. DaruratDemokrasi tipu,1,fn_hatespeech_id
"USER USER Bukti 'on, bukti! Jangan congor doang..""",1,fn_hatespeech_id
"""bego banget gue malah salah buka presentasi""",0,manual_augmentation
"STOP MENTION KUDA LUMPING, masih tidak nyangka pikiran orang bisa pada sampe ke kuda lumping ðŸ˜­",0,tiktok_v2
"Lho kok UIN begitu maaf setahu saya UU ITE hanya kena jika kasus tidak benar atau hoax jika ceritanya benar dan fakta seharusnya tidak ada masalah, kalau tidak viral Kampis tahu drmn dan kampus apakah akan langsung menindaklanjutin PASTI TIDAK krn akan menganggap bully ini hal biasa dan mengangap lalu saja",0,
mb depe langgeng yo karo masny mb ibuku ngefans sangat sama mb depe dari mb sama mas saiful dulu smpe2 bilang jadi pembntuny gapapala katanya ingin sangat ketemu mb depe ibuku dijambi mb,0,relabel
memang tabu ciuman begitu iya memang yang bikin eneg pencitraan nya yang sok alim sok sok bijak sok sok yang lainya seandainya pencitraan sok alim sok suci serius,0,relabel
"""petani mulai memasang pagar karena babi hutan sering datang""",0,manual_augmentation
"""MELET2 UDAH KAYA ANJING, EH KAN EMAH ANJING""",1,tiktok_v2
Luar biasa,0,tiktok
gak boleh gitu bang,0,dataset_research
gosip adalah fakta yang tertunda,0,tiktok
USER Anak PMR cupu.',1,fn_hatespeech_id
"Jelek, bau, bego, tiga-tiganya lo banget",1,contrastive_dataset
keren sangat suaranya tinggal dipermak saja biar tambah cantik viralkann,0,relabel
"""babi kecil itu bermain dengan air lumpur""",0,manual_augmentation
"Maaf menurutku kalo mau protes ya ke bupati dan gubernurnya kan setiap daerah ada pemimpinnya jadi itulah gunanya mereka, kalo RI pusat mana tau jalan-jalan yg rusak kalo pemimpin daerahnya diem, kan stiap daerah ada anggarannya jadi tanya dong sama mereka🙏🙏jgn bisanya nyalahin presiden begini salah bgitu salah trus yg bener siapa 😇😇",0,tiktok
makan dibikin ama jess tetapi ngehianatin gila sih,0,relabel
"Lo itu ga berguna, ngapain ada di sini",1,fn_fp_reduction
Rusak lagi fasilitas negara asyik tender lagi kasih pemborong yg lagi sepi job.,0,tiktok
nampaknya sudah satu paket penyokong cina babi pasti juga sokong LGBT,1,fn_hatespeech_id
senang bertemu teman teman cerita seru,0,relabel
terimakasih yang sudah milih Prabowo🔥,0,tiktok
Ya aku akan menjadi satu satunya bukan nomor satu tetapi satu satunya,0,dataset_research
"""berita itu mengabarkan populasi monyet di area wisata""",0,manual_augmentation
Aku baru umur 8 tahun tapi belum ada pacar aku juga sering dibenci sama teman-teman😢,0,
mau beli barang di shupe harganya sepuluh ribu tp ongkirnya 25ribu KESEL BANGET DEH WHERES THE JUSTICE THO aku jadi kayak be,1,dataset_research
USER USER Surban putih jubah putih ht nya busuk2 se busuk tae onta bro.',1,fn_hatespeech_id
Nungs Bacot Ready,1,dataset_research
loh aku liatnya anjing yaa,1,relabel
gaes glowing gak harus putih. cinta ini kek jenifer. lebih suka kulit tan. jadi bukan dia gak ngerawat diri. justru dia sengaja ngubah warna kulit biar eksotis,0,tiktok
kelihatan ragu kelihatan cantik,0,relabel
"USER USER dasar mentri ke cebong,,, 2019ganti presiden dan ganti mentri agama sontoloyo munafikun'",1,fn_hatespeech_id
mulan wanita yg baikðŸ¥° aku yakin,0,tiktok_v2
coba deh kritik2 bikin karya tahu bagus kritik,0,relabel
secepat ini pretnya bjir,1,tiktok
USER USER USER USER ya kamu kira apa si ketek onta ( \xcd\xa1\xc2\xb0 \xcd\x9c\xca\x96 \xcd\xa1\xc2\xb0)',1,fn_hatespeech_id
suaranya emang gtuh ya,0,dataset_research
beca mancing tuuuu,0,dataset_research
manusia menghargailah kalau tulisan yang ditulis berguna menyakiti hati orang ya tulis pergunakan sosmed smart ya guys,0,relabel
Keren promosi ny sampe ank SD diarahkan gurunya utk nonton di bioskop 50rb sudah termasuk ongkos naik angkot,0,
USER Dia idup di sini pake duit transferan full dari Indonesia apa ya/semacamnya? Ga yakin dia idup macam TKI kek aku :)))))',1,fn_hatespeech_id
Hidup ini adalah pilihan yang harus kamu pilih,1,dataset_research
USER USER USER Yg rakyat sangat perlukan mundur adalah jokowi,1,fn_hatespeech_id
Apakah itu tatap muka jatuhnya Meteor?,1,dataset_research
"""Di foto ini ada 2 anjing dan 1 kontol""",1,tiktok_v2
Asik Anjay Boys😮😍,1,
jelas ga sekarang hukum spt apa dinegeri ini? ketika dgn jelas didepan mata remaja labil bermata sipit menghina Presiden sbg simbol negara ternyata sepi pemberitaan bahkan ada indikasi dianggap kebebasan berekspresi krn dianggap lucu2an..#mikirdaaingmah',1,fn_hatespeech_id
"gak papa, nanti ada pengadilan di akhirat guys",0,tiktok
"Cantik cinta kuya, inilah sebenarnya kulit Indonesia woy, Tan skin banggalah kalian, tapi cinta kurangi baju terbuka nya yaa",0,tiktok
tidak bagus2nya suara polanya,1,relabel
"""tim konservasi meneliti perilaku monyet ekor panjang""",0,manual_augmentation
@Cigsaftereat: senyum terbanyak,0,dataset_research
ih korengan..,1,dataset_research
kak cakep banget aslii,0,tiktok
tidak orang bangun tidur siang secantik ka yaya,0,relabel
Aku ikut donggg,0,dataset_research
nyinyir dasar bajingan,1,relabel
USER gasuka sm org yg playvictim ew najis',1,fn_hatespeech_id
erikontolim manusia babi anak lonte,1,relabel
Mau mandi diceramahin dulu sama nyonya besar intinya sama TOBAT KAMU ABIS INIIAP KOMANDAN,0,dataset_research
"""aku tampak pucat dan gak enak dilihat karena sakit""",0,manual_augmentation
Siapa yg lepasin dari kandang woy,1,tiktok
tompelnya ko di ttpin mlu si,1,dataset_research
"""Anak yg cerdas terbentuk dr pola asuh sekaligus pola didik ortu yg cerdas pula sih pada saranya. Sesimple itu""",0,tiktok_v2
USER Kluarga cebong kuadrat..yg cewek JIL sesat.. Satu Lagi LS hoak',1,fn_hatespeech_id
"""Aduuh.. terlalu halu.. hhahaha lebay editan nyaa lemak kemana lemak? hahhaaa.. mimpi ketinggian..""",1,tiktok_v2
BERANI BGT NONGOL DI FYP GUEEEE NURUUULLL,1,tiktok
Jadikan sekjen Gerindra...,1,tiktok
Alay caper,1,
lelaki bangsat lelaki kardus lelaki anjing kaloo ceweee kamu tidak gosahh dipaksaa anjeng genugg nihh,1,relabel
biasalah kalau pelakor lebih hancur mukanya istri sah barang bagus cepat laku pelakor jelek tidak laku ngembat laki orang ya sudah sama2 gatal cocok wes username,0,relabel
cok mau muntah anjg,0,dataset_research
"What a new interaction. new comment, new pin, new heart. Weird",0,
Settingan ga si,0,tiktok
YouTube commenting is a rare sight,0,
"Calon"" pembunuh otak setan ga peduli umur berapa patut di hajar bocah modelan gini",1,
"Pake jilbab gak tau adap biadap, saya ngerti Memang begitu lah kl dia merasa kuat suka nya menindas yg lemah, guru gak jamin! Ini kl jadi org tua mau jadi apa! Nenek nya gak tau besar in cucu nya",1,
Lupakan USER biarkan karam dg kapal munafiknya. kita bangun jabar dg kapal yg bersih. Delete partai pendukung penista agama dari hati,1,fn_hatespeech_id
"yang gapernah hujatt orang lain, mending urusin hidup sendiri 🙌",0,tiktok
"""kata norak pada review itu membahas warna dekorasi""",0,manual_augmentation
"USER President cebong ""jokowi""'",1,fn_hatespeech_id
"""laporan pertanian menuliskan kerusakan oleh babi hutan""",0,manual_augmentation
Kalian minggir dulu !,0,tiktok
yash we the fest even virtual tetap keren sangat kak syann huaaa energi nya dapat sangat,0,relabel
Lama2.. negara ini pejabatnya seperti sinetron penuh drama.. memalukan.. hedeuuhh..🤮🤮,1,
"""Kok mirip siwon ya lama2, apa perasaan gw aja.""",0,tiktok_v2
RT USER USER USER calon presiden garansi seumur hidup klw rolex sih garansi seumur hidup ketauan kelas nya STS,1,fn_hatespeech_id
"""Muka nya kok gitu, seren bikin mual liatnya""",1,tiktok_v2
"""Jari jari nya gede gede banget, apalagi pas ngiklan makan ikan danau hambar, jarinya kayak jempol semua hawak bener""",1,tiktok_v2
rakyat Indonesia dan netizen wajib untuk tidak memaafkan Calista Amore 🤣🤣🤣 kawal sampe dia dpt efek jera yg setimpal,1,tiktok
ariel sampe gelisahðŸ˜­,0,tiktok_v2
"""kampret, aku salah masuk kelas""",0,manual_augmentation
Diet Dong Tasyi,1,dataset_research
teman makan teman teman aku panggil bangsat,1,relabel
"""anjing, kok bisa kepencet delete""",0,manual_augmentation
kejelekan maszeh,0,dataset_research
Dapat penghargaan atas usaha keras selama ini,0,cyberbullying_1000
"""desain stiker itu norak untuk produk premium""",0,manual_augmentation
Tim gatau zize kalo gasama arhan wkwk,1,tiktok
Contoh hate speech itu misalnya calling someone names based on their appearance,0,codemixed
Klau saya jadi org tua nya sdah saya Bwak senapan ke rmh pelaku . Biar saya tembak langsung,1,
"""Wiii anjay kapan lagi liat babi megang 2 anjing""",1,tiktok_v2
damage nya cewek pintar tidak ada lawann,0,relabel
"""IH ADA BABI JGN MEGANG TUH ANJING HARGA DIRINYA LEBIH TINGGI DRIPADA LO""",1,tiktok_v2
pidanain aja. pelaku bully itu emang anjing,0,
hidung wednesday gak ngembang gitu??,1,dataset_research
dia kenapa sih??,0,dataset_research
"Sy kl jd polisi dsitu.... gmn caranya khilaf pura2 kebelakang sebentar ninggalin pelaku. urusan apa keg.... biarkan ibu/ keluarga melampiaskan kekesalannya. Ikut gak terima saya, kl pelaku wajahnua dibiarkan mulus tanpa hantaman. Biar kapok",1,
Kalau aku mungkin langsung kerasukan lihat si pelakunya pengen bikin dia cium di kaki anak ku,1,
Buset yng komen pada bawa fisik,0,dataset_research
"Ngapain abang sendiri di musuhin , padahal di media abangnya gak jelekin adeknya. Seharusnya Berbaikan aja itu adek ke abang. Jadilah akur saling menyayangi kalian. RO itu penyayang. Orang lain aja besti ama dia , lah adek sendiri sekutu sarden. Sekutu segenk Ke kawi pula, buset. Tobat dek. Kalian bersaudara manusia yg diciptakan berdua di pilih Allah untuk saling bersama di dunia akhirat dan harus bisa akur saling menyayangi saling menolong selama hidup di dunia , lu bayangin daripada dari lahir lu hidup sebatang kara di dunia. Apa gak ngenes sendirian gak punya saudara. Itu kenapa Allah kasih kamu hadiah saudara untuk menemani saling membantu selama di dunia dan selamat di akhirat . Berbaikan ajalah kamu dek . Orang lain aja bisa disayang ama abangnya , kau pikir renungkan. Pastilah sedarah kau lah itu saudara kandung disayang juga ama dia. Padahal Abangnya bawaan jiwa nya lebih Happy dan lebih adem lebih teduh. Malahan dia deket ama orang lain ,krn adeknya beda gini.",1,
jangan lupa asah skill berkelakuan baik dan punya keluarga bang ðŸ™ biasa nya itu COUNTER jerat hukum pidana,0,tiktok_v2
"""Foto di upload nya 20 maret yang comment 1 jam 2 jam 3 jam yg lalu""",0,tiktok_v2
"Cuaca bagus, mood juga ikut bagus",0,cyberbullying_1000
USER pk jokowi bisa menguasai saham pt frefoort 51 persen kaum bani cabul kaum kampret yg kejang yg nyinyir',1,fn_hatespeech_id
kasian drum nya trauma,0,dataset_research
kamu anjing mengatakan org,1,dataset_research
sudah kunyah saja cute sekali,0,relabel
"dia cantik banget, dan gak merubah apapun bentuk wajahnya â™¡
kalian yg komen negatif ngerti soal cantik natural gak? ini loh yang begini",0,tiktok_v2
"ngakak beneran baca komen"" ðŸ˜‚ðŸ˜‚ðŸ˜‚",0,tiktok_v2
Wajah kue kontol Anda,1,dataset_research
"Produktif banget hari ini, semua tugas selesai",0,cyberbullying_1000
pak judi Arie lagi klarifikasi😂,1,tiktok
"Mau tanya sih katanya tahun 2002 di nilai sebagai piala dunia tercurang. Piala dunia di nilai hanya untuk tuan rumah Korea lah. Karena banyak keputusan wasit. Seperti pas lawan Portugal 2 pemain Portugal di kartu merah lah. Atau gol ke gawang Korea yang di batalkan (tidak sah) wasit karena alasan tidak masuk akal. Tanya aja, gua gak nonton waktu itu dan belum lahir juga😅 Cuma ada beberapa vidio yang membahas hal ini.",0,
USER Minta maap ga ada tampang2 nyesel tuh org..bangke..',1,fn_hatespeech_id
USER USER USER USER USER si zonk banyak bacot',1,fn_hatespeech_id
Kedua,0,
Nama yang layak nama ICA,1,dataset_research
"Playboy sok tobat, kagak bisa njir.. 😂",1,tiktok
"""Heran gua mah kalau gasuka gausah di follow dah tau ni akun private kalo lu tetap follow dan ngebuli tanda nya lu sirik. Gasuka ya gausah diliat, kaya dirinya sempurna aja""",0,tiktok_v2
Gue trkdg bingung ma yg nntn di bioskop. Udh cape2 ngantri &amp; bayar tix pun mahal eh begitu dlm bioskop bukannya nntn malah main hp. GOBLOG!!',1,fn_hatespeech_id
kalau cinta adalah fuji pasti di bilang magrib...,1,tiktok
USER USER USER USER USER yg mingkem itu siapa ya kodok atau bani kampret...?? Bkn kah PDI sdh tdk ada... Yg ada itu PDI-P Perjuangan... \xf0\x9f\x98\x81\xf0\x9f\x98\x81\xf0\x9f\x98\x81\xf0\x9f\x98\x81',1,fn_hatespeech_id
"izin berpendapat 🙏🏻, ruu kuhap ini salah satunya di bentuk tujuannya untuk menyelaraskan dengan ruu perampasan aset secara prosedural, kenapa? karena basis dari RUU perampasan aset ini ""non-conviction based forfeiture"" dimana tindakan perampasan ""asset forfeiture"" harapannya bisa dilakukan tanpa menunggu pembuktian atau hasil putusan sidang. ini sebenernya bagus karena banyak dari kasus tindak pidana memanfaatkan waktu prosesi sidang yang berberlit dan lama untuk menyembunyikan asetnya sebelum putusan akhir. nah secara esensial RUU perampasan aset itu hadir untuk itu.",0,tiktok
Rafi itu cuma kaya doang cerdas mah kagak😂 kagak ada otak,1,
username euum setuju sekaliii memang cantikan wow terbaik terpelihara hehe,0,relabel
Jokowi jgn ngutang mulu. Gua udah ngasih tau dr jaman SBY. Jauhi mereka bilang suruh gua!,1,fn_hatespeech_id
muka se kusem itu di kasih untuk jadi ahn hye seopðŸ˜­,1,tiktok_v2
Selalu puas tiap kasus di teach you a lesson diselesaikan tapi ada rasa sedih krn ngerasa kasus2 di dunia nyata jarang yg berakhir happy ending kya di drama 😢,0,
Reza Arab jg dlu nangis ðŸ˜­ðŸ˜­ðŸ˜­lebih sesegukan lagi ðŸ˜‚,1,tiktok_v2
"""Kalau pas penempatannya, sebenernya kamu imut banget loh mel.""",0,tiktok_v2
Hahaa aku juga ga ngerti tadi tp asal jwb aja,0,dataset_research
RT USER: Provider brengsek',1,fn_hatespeech_id
"untuk apa pakai hijab lagi, fefek nya udah gratis buat safri ramadhan",1,tiktok
USER USER USER berarti beneran Cebong dong yak... Wkwkwkakak... Dasar iq200sekolem..!',1,fn_hatespeech_id
Pacar kamu sibuk ya kok tumben komen wassap story aku,1,dataset_research
kak masyaallah nggak cape apa cantik terus,0,tiktok
Cuih najis pembuly kaya gitu udah jelek fisik jelek pula hatinya mana mukanya dempul pura¹ kaya orang oon belagak gatau apa apa cuih amit amit gatau perasaan seorang ibu kaya apa sakitnya ketika liat anaknya di sakiti sama pembuly yg gatau diri kaya gini diri sendiri gamau di interogasi atau di hakimi sama ibu itu sampe mampus tapi dia sendiri ga punya hati merundung anak orang tanpa rasa bersalah ku harap sih di keluarin dia itu dari sekolahan jijik banget liat remaja yg kurang etika kaya gini ga patut untuk di contoh generasi anak muda seharusnya kita itu memperbanyak teman bukan menormalisasi kan pembuly an kaya gini jujur saja aku dulu di SMP jga sama ngerasain pembuly an kaya gitu dan aku gada orang tua yg bisa lindungi aku untuk cari ke Adilan seperti ibu tangguh yg ada di vidio ini tapi aku bersyukur semakin aku di tindas waktu aku dulu di bully justru aku makin kuat ngelawan orang¹ yg seperti ini bagiku kalo ketemu pembuly kaya gini dia mau jahat ke siapapun pasti aku ga terima atau biarin anak orang di bully sama orang yg kaya gini mau temen mau orang asing kalo ada yg nyakitin sesama manusia jika aku melihat nya aku takan tinggal diam selagi bisa ku tolong pasti aku tolong dan aku basmi hama yg ga punya otak kaya pembuly ini dasar cewe dempull suka bully anak orang semoga Rizki mu seret mbak semoga lulus sekolah ga di terima kerja karma pasti datang menghampirimu😡😡,0,
idihhhhh pantas saja foto nya keluarin lidah seperti begitu ternyata tukang jilat,1,relabel
Jika saya ratu Anda sehingga,1,dataset_research
"Muka buruk, hati buruk, kelakuan pun buruk. Ga ada bagus nya sama sekali ini bocil",1,
Gemoy-gemoy mematikan😢😂,1,tiktok
ini org terlalu banyak karisifikasi ðŸ˜‚ðŸ˜‚ðŸ˜‚ðŸ˜‚,1,tiktok_v2
USER Shia kafir. \xf0\x9f\x98\x82',1,fn_hatespeech_id
"""Ya emang ga ada yang sama soalnya muka kamu sama dengan muka badak, muka beton, ga ada malu,,,""",1,tiktok_v2
siapa si yang pertama bilang abidzar ganteng? lu liat ni😭,1,tiktok
salut banting tulang menghidupi keluarga yang duduk bangku empuk pakai ac merampok yang pilih rakyat jelata,0,relabel
USER Zon zon cocot kok miring terus',1,fn_hatespeech_id
Brother Bald meminta kotorannya,1,dataset_research
Aku adalah salah satu korban kesedihan tasyi waktu itu wkwk,0,dataset_research
"hajar aja muka pas "" aja songong",1,
MataNajwaDebatJakarta kalau untuk urusan bacot memang anis nya juaranya..memang kita bakal makan bacot di jakarta..haha..paslon yg aneh gede bacot doang.,1,fn_hatespeech_id
SBY Yg ada korupsi berjemaah,1,fn_hatespeech_id
"sorry to say, tapi emang warga Korea nya juga kebangetan. merasa timnas nya jago banget setelah pencapaian WC 2002, padahal itu diraih dengan banyak kecurangan",0,
cwenya yang bodoh cwonya yang pintar ya memang lakinya kaya macho begitu plus nya kayaknya jago gombal maennya gesit ulala ngakakabis,0,relabel
IBU INI MGOMONG APA 🤣,0,tiktok
"USER USER Mantap bang...lanjutkan,biar para kampret,Bani kencing onta kejang semua\xf0\x9f\x98\x80\xf0\x9f\x98\x80\xf0\x9f\x98\x80\xf0\x9f\x98\x80'",1,fn_hatespeech_id
Gak talented lo sih just give up aja,1,codemixed
Dan baberapa hari yg lalu viral bapak2 kekerangan fisik bunuh bocil yg suka Hina suka bully bapak2 itu hati2 dengan Lisanmu jgn anggap sepele bercandaan prank Dan lain lain kalau gak mau mati konyol,0,
Gak ada yang love lo di dunia ini karena lo ugly,1,codemixed
"Anak badung jaman sekarang ga cukup dibacotin, jaman gw dibacotin langsung nyesal dan minta maaf Kalo jaman sekarang cocoknya di bacok kepalanya biar nyesel dan baru minta maaf",1,
"""desain undangan lama itu jelek dan kurang elegan""",0,manual_augmentation
Iyaiya Buzzzz,1,dataset_research
SBNR adalah aksi kue Anda ?????,1,dataset_research
"pak Soeharto bapak pembangunan,kalo tanpa beliau kita tidak seperti sekarang",0,tiktok
Jgankan korea disininjuga dibenci sayang pelatih orang asking mulu wkwk,0,
CANTIK BANGETTTT❤️,0,tiktok
"andi azwan kocak,,justru karna jaman budi ari,judol dilindungi,makanya pas dia berhenti jadi mentri,banyak yang berhati hati,karna backinganya udah gak ada",0,tiktok
ITU PRAJA BUKAN PROJO,0,tiktok
saya liat monyet melompat pohon pohon,0,relabel
"USER Saya tiba2 langsung stroke, wekekkeke ini mah cuma orang picek aja yg gak tau'",1,fn_hatespeech_id
"""2 3 tutup botol muka lu kek kontol wkwk""",1,tiktok_v2
jangan mau damai Bu sampai tua anak kayak gitu nggak bakalan bener kelakuanya,1,
ini bukan relawan lagi melainkan TERMUL namanya ðŸ˜ðŸ˜,1,tiktok_v2
USER USER Manusia bangsad -.-',1,fn_hatespeech_id
LU BACA YA ANJIR😭 soalnya gue pernah di tes hapalan gue bikin contekan belakang kamera kek gini hasilnya😭🙏,1,tiktok
pengen ketawa liatnya wkwk setidak nya menghibur lah,0,dataset_research
lihat calon menantu Bu haji hem,0,dataset_research
Rujak terus sampai sampai otaknya mendidih,1,
"@Aa_Raph karena ini sudah budaya, setiap 4 tahun performa korsel kalo gak sesuai ekspektasi selalu di hujat habis lu kira kek STY itu Nepotisme? karena Eks[ektasi Fans Korsel juga yg ketinggian",1,
muka se kusem itu di kasih untuk jadi ahn hye seop😭,1,tiktok
penganten baru ??,0,dataset_research
amin bajingan bajigur dasar biji,1,relabel
"""mukaku aneh banget kalau pakai filter ini""",0,manual_augmentation
"itulah indonesia ..krj cm duduk ,teken ,plng gaji +tunjangan besar ya moh kla mengundurkan diri",0,tiktok
username yutub ya mba aplikasi ya saya tahunya youtube mba tidak tahu ya seseorg bisa dapat penghasilan salah satunya dari youtube loh mereka juga bayar kalau banyak yang nonton video mereka sekolah yang benar deh mba biar pintar generasi muda,0,relabel
"Tidak salah rakyat sepenuhnya jika proksi Asing - Aseng menjadi penguasa Jakarta dan Negara. Kesalahan terbesar ada pada Presiden USER yg gelap mata karena ambisi politik, memungkinkan proksi Asing Aseng itu menjadi penguasa\n\n#ShameOnYouSBY'",1,fn_hatespeech_id
kalau termul diskusi selalu memaksakan diri.,1,tiktok
Dia siapa,0,dataset_research
Q kalau jadi orang tua nya juga marah kalau anak di bully apa lagi lihat video nya mungkin kalau q yang jadi ibunya lihat pelaku yang bully anaknya sudah habis itu tidak perlu banyak omong apa yang anaknya rasakan pelaku juga harus ikut merasakan juga biar setara dan tidak ada bullying lagi,0,
USER USER USER USER USER USER USER USER USER USER USER USER USER USER USER USER USER USER USER USER @,1,fn_hatespeech_id
Makan tido makan tido hari ini aku hancur di rumah di depannya,1,dataset_research
anjing sekali ya pagi2 saya care teman sangka jelek kalau tidak kuat minum tidak usah minum sudah mabok mah berabe njing,0,relabel
aku masih butuh selang waktu untuk mengerjakan visualnya biar mampus kalian menunggu sampai 3 kali rasain p,0,dataset_research
"Yg mau diangkat jadi PRINCES ANDARA SIAPA...😂😂..YG HITAM JUGA GA APA...NTI KAN SLL DI FILTER CANTIK,😂DGN OUFIT MAHAL😂...KAYA LILI NA😂",1,
"Enak emang jadi Lurah, Camat, Bupati, Walikota bahkan Gubernur. Jalan rusak yg salah Presiden sama Wapres ðŸ˜…ðŸ˜‚ðŸ¤£",0,tiktok_v2
RT USER: Banyak penipu tai !!! Gw sumpahin gk bakal berkah hidup lo anjing',1,fn_hatespeech_id
"USER USER Klo menganggapnya gak enak/haram, brarti dia kafir. Fix!'",1,fn_hatespeech_id
"Kak mohon maaf nih ,, dulu di SMA pelajaran PPKN ada materi soal kode etik . Termasuk ini 🙏🏻 Jadi buka hanya di indonesia tapi disemua negara",0,
RT USER USER kata rakyat kecil makin lama kalian makin tidak jelas..,1,fn_hatespeech_id
ORANG INDONESIA BEGO.....,1,fn_hatespeech_id
"Masa SD gua tahun 90an sering d bully karena masuk sekolah negeri, mungkin karena gua keturunan tionghoa, tp setiap d bully gua ngelawan kadang babak belur jg sih, tp kebetulan tahun 2010 gua bangun rumah dan ketemu anak yg suka bully gua jadi kuli bangunan yg bangun rumah gua dan gua sapa tp terlihat dia malu banget liat gua, gua sukses tp anak itu jadi kuli karena memang kelakuan waktu SD dulu 😊 tp waktu setelah lulus SD gua sih uda ga dendam, tp Tuhan kasih kenyataan pahit untuk anak yg suka bully 🙏🏻",0,
USER Benerin sinyal dulu cuk !! Udah 2 minggu sinyalmu kaya bangke. BUSUK',1,fn_hatespeech_id
udah jangan di hujat dia udah minta maaf kok,0,dataset_research
username saja kan y mba kaya agnes mau banyak penghargaan nya tetapi tidak kampungan beda am yang,0,relabel
ayu kinantii isyan sekarang berubah ya baju nya nakal,1,relabel
ketemu mba artika sari disesemall jakarta ampunnn ayunee semampai murah senyummm cakap pisan,0,relabel
"Kalau Yurika mungkin dia di ejek wajar. Aku nya juga sama.. Tapi kalau aku agak tingkat dewa.. Selain di ejek kayak Yurika aku juga pernah di tarik kursi saat pelajaran terus di tendang kak sampe lembab gitu kalau gak salah... Aku juga sendiri. Semenjak vidio Yurika viral tiba-tiba mereka juga ngejek aku kak vilmei. Aku di ejek kayak Yurika kayak bilangnya tuh *aKu JuGa DisEkOlAh SuKa DiBeNci DaN DiBuLlY. AkU LaGi DiAm TeRuS TeMaN TeMaN BiLaNg CiNTYA BaU T*i.kayak aku tuh diejek hampir temen 1 kelas. Bahkan crush ku juga ngejek.. Guru ku malah nyuruh aku ke toilet padahal aslinya aku gak kebelet atau gak B*rak.. Kalau masalah kursi ditarik waktu kelas 1.kalau ditendang kelas 3.nah aku juga sama temen ku cowok pernah narik rok ku.. Itu waktu kelas 1 juga.. Tapi nanti kelas 4 aku mau pindah sekolah.. Juga kan aku pindah rumah jadi sekalian aja.. Terus aku juga sering dibully. Aku nya juga nangis kak vilmei.. Walaupun aku udah SD tapi gimana mau gak sakit juga😢😢😢😢😢😢❤❤. Aku sebenarnya punya bestie kak tapi dia kalau hari Kamis jarang masuk.. Kamis aku juga piket. Terus kadang-kadang ada yang ke kelas kayak gangguin gitu padahal kan di Indonesia sudah tertulis ""STOP BULLYING! "".. Tapi kok aku tetep ya kak vilmei😢😢😢❤",1,
cina itu rasis makanya jgn biarkan cina kuasai&dominasi RI.lihat cina sgpore usir melayu dri kampungnya USER,1,fn_hatespeech_id
asyik bgts dancenya lagi lagunya mancappppp,0,relabel
USER USER USER USER Bhuakakakaka...\nTernyata pendukungnya kumpulan bani ONTA (Sumbu Pendek)..\xf0\x9f\x98\x82\xf0\x9f\x98\x82\xf0\x9f\x98\x82\n\nSelamat menikmati kepemimpinan presiden USER\n\nMantapkan untuk #2019PilihJokowi\n,1,fn_hatespeech_id
Asma dewi tercyduk. Alumni 212 sekaligus pendukung anies sandi dan juga loyalis prabowo,1,fn_hatespeech_id
USER Mumpung gua lagi kagak puasa.\n\nGAJELAS LU NGENTOD',1,fn_hatespeech_id
Senang mengenal kalian guys,0,tiktok
hadeh??????,0,dataset_research
kamu berhasil suasana terima kasih,0,relabel
"Mending diam aja, daripada makin kelihatan bodohnya",1,cyberbullying_1000
modelan kaya gitu dipercaya aja udah ngakak 😭,1,tiktok
muka nyajembut+bruk iq nya setra kera klo di lecehin jga gada yg mau bla dia kwkwk😂,1,
"gini nih curhat sama orang tua yang gak mau rugi dah bayar mahal, disuruh kita diem aja dan jaga diri baik-baik, pas anaknya bundir baru merengek",1,tiktok
Research shows bahwa positive words can really change someones day,0,codemixed
"jebule ming podo wae koyo bal2an indonesia. kokean intrik internal, hess jaan",1,
wait... YOUTUBE?! 18 HOURS AGO?! ON A 15-YEAR-OLD VIDEO?! THIS IS LEGENDARY!,0,
cocok abidzar ganti Jefry nicol,1,tiktok
si hebatnya banci yang badannya penuh koreng kaya kamu,1,relabel
dibesarin terima kasih kamu tidak hadir hidup bangsat anjg,1,relabel
"USER Yg makar omonganmu zon suka adu domba dan bawa nama islam ,agama pegangan hidup seseorang jgn sok suci kamu zon lambemu ndoweh banyak bacot'",1,fn_hatespeech_id
Emang banyak anak anak anjing yg suka bully anak lain di sekolah. Dan seringnya guru atau wali kelas itu ga bs berbuat apa apa malah cenderung membela,0,
wkwkwkwk sudah tidak laku jadi nyanyi dhajatan si lonte pelakor,1,relabel
"info akun dosennya, pengen silahturahmi",0,tiktok
RTUSER Wah2 bisa ada also demo massa akbar lg kalo ampe pelantikan anies-sandi dibatalkan ! wkwk,1,fn_hatespeech_id
@Canc3rr_ ????: sebagian besar teori ilupnye ??????,0,dataset_research
ngakak ????,0,dataset_research
USER USER Hayo nyok bajingan \xf0\x9f\x98\x82\xf0\x9f\x98\x82\xf0\x9f\x98\x82',1,fn_hatespeech_id
Saya sadar bahwa saya akan pergi ke pernikahan dan kemudian banyak orang khawatir tidak bisa duduk kemudian htt,0,dataset_research
astaga pagi dibikin terbahak-bahak ama komenan netijen yang berbicara suka benar,0,relabel
suhu ????????,0,dataset_research
memang suci nghina segitu nya,0,relabel
"""babi liar itu terlihat dari kejauhan""",0,manual_augmentation
Oki menghadapi raja terakhir...,1,
beliau mengira dirinya tampan dan pemberani,1,tiktok
"RT USER: Bajingan Homo!!!\nHati2 terhadap anak2 kita terutama di kamar mandi laki2, jgn biarkan sendiri! URL",1,fn_hatespeech_id
Always humble and inspired people Papi nya prince andrew😎🔥,0,tiktok
"yang relawan Mulyono ,bayaran nya tetap berlanjut makanya mereka gak bubar",1,tiktok
RT USER USER kebesaran jiwa anies?? yang ada kebesaran ego dan ambisi. liat cara kampanyenya yang brutal 11 12 ama sandi,1,fn_hatespeech_id
"""SESAMA ANJING FOTO DULU YA KAN""",1,tiktok_v2
"ini mark yg milih sireena,matanya lagi picek sebelah apa?'",1,fn_hatespeech_id
flaws on your face looks beautiful with a nice camera camera phone baling anjing hmmm,0,relabel
Gigi lo yellow banget disgusting brush your teeth,1,codemixed
udah jelas-jelas merusak masih aja dibela.. heran liat pemerintahan sekarang,1,fn_hatespeech_id
"""Muka Pas""an sok sok an mau sm lonte lo anjing""",1,tiktok_v2
43. Contoh lain: meski banyak tudingan dugaan korupsi tapi SBY tdk pernah dorong kejaksaan usut. Apalagi himbau KPK usut dugaan korupsi Jokowi,1,fn_hatespeech_id
Jangan lah.. kalo masa turun tangan emosi memuncak bisa2 tu anak meninggal. Kalo meninggal malah masa yang kena kasus,1,
@Ariigatoo: Mandi minimal !!!,1,dataset_research
doakan perempuan yang bernama nagita sehat bahagia lahir batin sayang sama,0,relabel
Congratulations on your new job well deserved banget sih,0,codemixed
si BUNTUNG bwa motor ??,1,dataset_research
"gue berprinsip kalo kita nemuin pasangan di tempat ga bener, bakal ga bener juga endingnya😔",1,tiktok
"Jokowi dibilang diktator. Lalu pendukungnya melaporkan orang"" yg mengkritik Jokowi ke polisi. Ini sih udah goblok keterlaluan.",1,fn_hatespeech_id
kok marah sehhh dasar wanita kampungan,0,relabel
USER Ternyata hanya REKAYASA kacung Aseng USER cs!\nBIKIN maluuuuu! \n#2019GantiPresiden',1,fn_hatespeech_id
Kebrutalan Knetz ini yg patut ditiru ma rakyat Indo😂 kalo ada yg Plenger dan menyimpang langsung dibabat habis ampe kena mental dan terusir. Patut ditiru utk lengserkan koruptor dan penjahat2 yg bertaburan di Indo,1,
RT USER USER USER sby lebih byk utangnya tp gak menghasilkan apa-apa. Kalo jokowi utang..kan karna mertua dan presiden 10 thn,1,fn_hatespeech_id
USER USER si Staguf memang yahudi tulen yg benci sama arab.',1,fn_hatespeech_id
Prancis vs Belgia di babak pertama masih 0 - 0.\n\nAda sedikit persamaan dg bani cebong..\n\nApaan tuh?\n\nBani cebong/kacung otaknya juga 0 (kosong)!\n\n^_^\n\n# WorldCup2018 \n#GantiPresiden2019',1,fn_hatespeech_id
tmn tmnnya pasti udah sangat amat tertekan,0,dataset_research
"belum juga kesana tp pemikiran sama lingkup negara nya gtt, norak bet blm jga berangkat bgg",1,dataset_research
"Unfollow lah, muak bgt ðŸ˜’ enakan liat @mister.aloy ama @karenoct_",1,tiktok_v2
elawan pengen jadi komisaris buðŸ™,1,tiktok_v2
"""dekorasinya terlalu ramai dan terlihat norak""",0,manual_augmentation
Pansos nya berhasil👏,1,tiktok
Ternyata yang downfall siapa gesssss??? Beliau?,0,tiktok
"""Ga Taulah aku juga suka banget sama gayanya isyan""",0,tiktok_v2
"""heran sama netizen klo gk suka jangan diliat aja""",0,tiktok_v2
Kamu itu selalu jadi bahan lelucon semua orang,1,cyberbullying_1000
Semua orang hate you dan lo gak sadar thats so sad,1,codemixed
Kalo dari kalimat2nya mah emng songong tuh anak.pake ngatur2 orng tua.jngm di maafin bu,1,
mba acha cantik sekali sekali sekali calon yang belum di kasih momongan sama allah semoga segerakan ya,0,relabel
"guys plis lah, knpa yg hate comment malah yang sesama perempuan ðŸ™ðŸ’”",0,tiktok_v2
Pembulian termasuk kejahatan harus kena pidana,1,
USER lo tau ga artinya bacot apa berisik lo',1,fn_hatespeech_id
USER USER USER USER hehe typical bani pekok. ga bs bantah trs danga dungu dah.',1,fn_hatespeech_id
USER USER USER KAMPUNGAN!',1,fn_hatespeech_id
Temen temen yg ada di Jatinangor dan sekitarnya bisa tolong dibeli ya jualan Bapak ini Beliau jual kain lap keset dsb,0,dataset_research
Korea Selatan Negara Rasis . Tidak ada kebaikan yang didapat disana . Kerja sama KF21 merugikan Indonesia.,1,
Prabowo: Jangan Suka Pakai Kopiah Orang Lain Nanti Disangka Tak Punya Uang URL,1,fn_hatespeech_id
sangat setuju kalo ciptaning di laporkan ke polis,1,tiktok
Makanya semua akan prettt pada waktunya ðŸ¤£,1,tiktok_v2
😂ealah nduk nduk...muka lu Uda jelek ati elu jelek juga...,1,
mba nya gapapa kah...? jangan2 otewe operasi tompel??,1,dataset_research
Aku lagi baca buku tentang how to deal with toxic people,0,codemixed
Perjaka kq di jual... \nSok sok an mau booking.. Tante idiot njir..',1,fn_hatespeech_id
@Zonatoko: Miss Nrocos Tasyi,1,dataset_research
"keliatan dari muka anaknya gada reaksi dan emosi seolah dia ga merasa bersalah, kalo adek w digituin w gabakal terima dia harus ngerasain hal yang sama kalo ga dihukum atau denda seadil-adil nya",1,
ngatain sepertinya idupnya gapernag bikin kesalahan,0,relabel
dosen bangsat,1,relabel
cantik sekali yak anak cewek puyeng kali yak jagain nya,0,relabel
RT USER USER Sebetulnya USER itu hebat hanya curut sebelahnya Machiaveli,1,fn_hatespeech_id
rangga_kanahaya kenapa tidak truck sampah kek mukanya sampah,1,relabel
"USER USER USER Anda yg""DUNGU""(minjem kta2 andalan ""profesor"" junjunganmu) cba sbutkan slah satu kritik dr rocky gerung? Kritik lho ya bukan nyinyir,sindiran,dan sbutan2 yg GAK BERMUTU lainnya cba sy tnya,klo yg jadi presiden si wowo kira2 sikapny sm gk",1,fn_hatespeech_id
model sengkuni...😄,1,tiktok
Dari mukanya nampak tempramen anak itu,1,
monyet terbang angkasa albert ii terbang 83 mil ruang angkasa 14 juni 1949,0,relabel
tebak isi pikiran ariel tatumðŸ¤£,0,tiktok_v2
hayo tebak mana lebih keras jidat budi ari apa batu bacan?,0,tiktok
baru tau arti yakult dikasih nyawa😭,1,tiktok
"USER USER Emang dia mah gitu, sudah terkutuk bry'",1,fn_hatespeech_id
aurel perempuan hebat sangat kejadian zaman pipi mimi nya di depan mata tidak anak bisa strong seperti yang nyinyir iri karena aurel bisa keluarga bahagia seperti sekarang yang bilang bundanya ash lebay belum anak hati2 sayang kamu juga perempuan jadi bayangin anakmu yang jadi korban bully,0,relabel
Saya juga memiliki kue 2x untuk hasil gratis,0,dataset_research
@pasyi: B A C O T,1,dataset_research
"Si Rafi Ahmad bukan orang intelektual dia cuma punya duit,ko bisa jadi pejabat,keluarganya di borong jadi pegawai semua aneh Indonesia tercinta ini",1,
"Semoga anak yg suka mbuly ...ktemu karmanya....Aamiin.dan yg dibully,semoga diberi ksabaran.....",0,
"USER USER USER USER USER Eh toilet fifis onta melipir lagi. Ini di indonesia lho, gerombolan lu mabok budaya arab jd nya kayak gitu \xf0\x9f\x98\x82'",1,fn_hatespeech_id
gua lagi nangis aja reflek ngakak jirrrðŸ˜­ðŸ˜­ðŸ¤£ðŸ¤£ðŸ¤£,0,tiktok_v2
"Tauh tuh :v Orang itu lebih besar dari gw.. gw cuman bocil, tapi bocil mana yang mau menghormati kakel (kk kelas) kaya gitu??!!",1,
Tenangin diri sekarang😭,0,tiktok
"Anjir, ketinggalan film ini ternyata bagus banget",0,fn_fp_reduction
"Anak sy jg pernah di-bully seperti itu,,sy org tuanya jg ga terima dan perbuatan yg membuli sy balas.",1,
iri motivasi,0,relabel
"Al-Quran dan Sunah merintahkan perangi kafir, berakibat memecah belah bangsa",1,fn_hatespeech_id
"DPR yang bukan DPR, gada merasa diwakilkan",0,tiktok
Tau Tai gak pak tua ?,1,tiktok
USER Tu bibir ky congor bebek',1,fn_hatespeech_id
susah kalau artis kampung,0,relabel
_ asu bajingan celeng,1,relabel
Ya Tuhan kirimkan kiamat di Indonesia,0,tiktok
HAPPY 20TH ANNIVERSARY YouTube!!!,0,
berharap kak isyanasarasvati umur inspirasi musisi indonesia suka musik indonesia kak isyana,0,relabel
username alycia iya sist jijik sekali saya liatnya sok suci ngatain orang kalau saya sih malulah artis papan otak tidak fikir kalau bicara ketauan sangat tidak ada wibawanya kalau memang nyadar tahu berkomentar manusia tidak ada yang,0,relabel
dasar cowok bangsat,1,relabel
Ютуб🎉,0,
acara malam menyenangkan kamu tuan rumah hebat,0,relabel
"brand-brand jangan sampai luluh gegara video ini, biar jadi pelajaran dia",0,tiktok
"""Gua berharap lu aja si yg sakit bukan laura lol""",1,tiktok_v2
USER USER Ceramah ustad tae onta.',1,fn_hatespeech_id
okay bro kalem saja semangat putus asa,0,relabel
"Bantu teman yang kesulitan, senang bisa berguna",0,cyberbullying_1000
USER USER Amit amit.. Udah doer burik kriput diposting.. Anjing juga ogah ngliatnya jijik',1,fn_hatespeech_id
bjir ya orang kek begitu tolol asu maju,0,relabel
"ini apa, ketinggalan berita gua😭😭",0,tiktok
bangga pastinya,0,relabel
"""Kasian masih muda udah stresss""",1,tiktok_v2
"buat apa ganteng kalau gak bertanggung jawab😅
anjayy ga tuh skrg netizan yg dulu mengagung²kan superhero satu ini😁",1,tiktok
jelek banyak tingkah,1,tiktok
"Masuknya kekerasan seksual sih ini. Dan iya, cewenya denial mungkin merasa cowonya bisa berubah setelah nikah. Tapi bukan salah cewenya ya anjir cowonya bisa aja manipulatif. Saran aja sih, kalo bisa “pelajaran yang bisa diambil”-nya ya JANGAN MEMBUNUH anjir. Ini malah ada yang nyalahin cewenya dari sesama cewe lagi..",1,
"Pengendalian diri. Namun sudah muak, orang lain terlalu menyepelekan. Aku takut dan cukup lelah. Egoism. Membuatku ingin menjadi sepenuhnya si jahat. Bajingan.'",1,fn_hatespeech_id
tekstur muka nya kek tembok nya ga si?? eh maap,1,dataset_research
USER Bacot x si aseng ini kan ki',1,fn_hatespeech_id
KORSEL bola nya hebat lah ...tapi yg kita sedih nya masih ga terimah kalau di kalah kasihan pelatih nya koq di hujat,0,
Di antara ayat curang terbesar 1 mid -midfield 2 otw 3 tidak belajar 4 tidak ada kredit 5 untuk menghasilkan uang,0,dataset_research
"mas dan oppa itu panggilan yang sama, singkat aja panggil mas hansol",0,
sudah kontrak skincare tetap saja buluk mel,1,relabel
"Gak bisa menilai dari satu sisi secara langsung, kt gak tau apakah ini asli penbulian atau karena ucapan yg mungkin bikin si anak jadi tersinggung, intinya keterangan kedua sisi harus didengarkan dulu , baru bisa vonis tingkat kesalahan nya Note ya , jika benar anaknya di injek leher si anak sekolah salah pastinya , verbal ketemu fisik yg fisik yg lebih salah",0,
muka kek kontol mending penjara,1,relabel
Dia hidup di dunia imajiner ya,1,dataset_research
"Betul banget Bu, relawan itu hanya bikin gaduh",1,tiktok
maaf habis bikin ulah hina ulama mas bodoh bajingan bangsat kamu,1,relabel
ariel tatum : harus nyapu gmna lg gueðŸ˜©,0,tiktok_v2
komuk suaminya ajir lah??,1,dataset_research
"SINGKAT, PADAT, DAN KOSONG ðŸ˜…",1,tiktok_v2
"Ayo netizen, siap serang gak nih, masa yang ngeledek outfit kampungan bisa di bikin trauma, ini sampe nginjek leher loh",0,
gua lama lama trauma beli pulsa kalo kesedot mulu. bangsad ga tri ga indosat sama aja kayaknya \xf0\x9f\x98\xad',1,fn_hatespeech_id
PADA GATAU TAN SKIN APA JIRR CAKEP GINI DI BILANG APALAHH,0,tiktok
bodoh BGT bg gemes liatnya sok ngarti,1,dataset_research
"Dulu USER dizalimi kroni-kroninya megawati keluar jd pemenang,sekarang dizalimi kroni-kroninya USER daur ulang sejarah USER",1,fn_hatespeech_id
kamu benar tidak kalau sempet menyakiti lora saya santet,1,relabel
otw jadi ustadzah trus klarifikasi,0,dataset_research
monyet sering dijadikan objek penelitian perilaku primata,0,manual_augmentation
"Bodoh banget sih, bisa bisa nggak bisa yang gampang",1,cyberbullying_1000
bajingan asu pantek benci sekali cowok,1,relabel
USER Ini lo mau sarkas apa emang bego si?',1,fn_hatespeech_id
mu gemes banget adminnya Aku ga jadi marah,0,dataset_research
rahasia umum,0,tiktok
semoga adeknya rafathar anak tangguh kuat cerdas,0,relabel
janji anjing babi bangsat,1,relabel
akar kejahatan adalah nafsu,0,tiktok
Anjirr ??,0,dataset_research
benar benar idola dari musisi dipandang sebelah mata sampai label musik congrats syan,0,relabel
maaf ini nular ga ya? soalnya ada adek yg masih kecil dirumah????,0,dataset_research
Lo itu embarrassment buat keluarga lo you know that right,1,codemixed
Bagaimana mungkin Kementerian Agama menghapus Teroris Islam di Indonesia? USER Lukman Hakim S. tidak paham Islam,1,fn_hatespeech_id
eh zize bapak lu noh lg bersih2 nama elu,1,tiktok
USER Anjing2 kelaparan yg rakus duit skrg pesta pora.... curut2 maling duit rakyat makan kenyang skrg... tereak2 kopar kapir aseng asing cuma kedok buat goblokin pemujanya',1,fn_hatespeech_id
mba nya berharap dilirik isilop,0,dataset_research
"USER najis lo ngedm gajelas dm gue ga dibales bodo amat , gue doain nanti pentas.lo ga menang'",1,fn_hatespeech_id
"Kenapa timnas korea gk pernah maju seperti jepang , ya karena pemain korea manja2 dan orang dalamnya gk mau ambil solusi untuk memperbaiki sepak bolanya mungkin ya , Ya 11 12 kek PSSI lah gk mau kalah sama pelatih atau pemain yg lebih menonjol di depan publik , Makanya kemaren son di cadangin padahal lagi genting2nya",0,
"kakak aku pingin banget dari dulu iphon tapi orang tua aku gak punya uang buat beli aku memang udah punya HP tapi HP aku jelek, aku sedih di bully terus karna HP aku jelek kak 😭😭",0,
motor elite rumah sulit cuaksss,0,dataset_research
bang vidio bareng sutan kayaknya senang ama bang jerom,0,relabel
Bgt??????,0,dataset_research
USER USER USER Saya rasa kalo beliau bebas jadi bahan gorengan buat sahabatnya.. taulah kaum cebong kerjaannya gimana?',1,fn_hatespeech_id
"""Lo sintingnya udah tingkat dewa""",1,tiktok_v2
"USER indiehome ini kacrut emang. pernah saking kesel, teknisi dateng beberapa kali cuma cek, pergi, ga solve juga.\n\nsampe 7 hari, akhirnya kudu pake ketebelece dari seorang Dirjen + bakal nulis di Koran Kompas. Gada 1 jam langsung beres. Ngehe~",1,fn_hatespeech_id
Aku di rumah aja' adalah anagram dari 'Besok malam minggu',0,dataset_research
RT USER USER USER Dulu ada yg bilang... presiden Suharto Lengser negeri ini akan kacau.. ternyata jokowi yang merusak Indonesia,1,fn_hatespeech_id
"""Emang kalian se suci apa sampai nghina dia segitu nya""",0,tiktok_v2
kasian sm tembok nya tahan napas wkwk????,1,dataset_research
"USER USER USER USER Emang perlu pak kyai staquf nyebut suku ras biar mudah dipahami nalar ente yg bahlul, ane tanya ente soal arab yg mana yg ente sembah aja gk bisa jawab, ane sodorin arab bani saud yg pro israel eh ente pura2",1,fn_hatespeech_id
"""babi peliharaan itu sedang tidur di kandang""",0,manual_augmentation
kak mungkin di video selanjut nya audio nya makin bagus dan gak ada ganguan yaa 😊,0,
pantas tinggalin laki ya lakinya mikir kali perempuannya kayagni urus saja tidak becus gimana urus anak mending anak bapake nya saja benar didiknya,0,relabel
"keren amat pembawaan lu bang bang, kegocek gw😂 tp gapapa nanti gw nonton bang😂",0,
"Anak2 setau saya hatinya baik lho...nah ini bukan anak2 lagi...jahat kok disebut anak2 Makanya nggak kapok2..dilindungi mlulu . Revisi tuh UU perlindungan anak ! Segera!! Miris, anak2 jahat yg berlindung dibawah UU tsb...semakin berani mereka berbuat krn mereka tau bahwa mereka dilindungi oleh UU tsb. Mereka gede, punya otak, bisa mengelak, bisa mikir...",1,
USER Mampus lo diserang nanti.',1,fn_hatespeech_id
astaghfirullah seram ya bun ular jelmaan makhluk halus ya bun,1,relabel
bagaikan langit dan bumi,0,tiktok
ini uda termasuk cyber bullying loh bro *ketawa dikit,1,dataset_research
Lapor ke polisi aj..biar orgtuanya jg kebuka otaknya...,1,
"Memalukan pemerintah negara ini ...!!! Lihat saja video itu ... Dan ini ... 10 + 2 = 13. Kata orang angka 13 sial ya? Sial memang, bisa2nya 10 + 2 = 13. Oh ya... Tak beri bonus ... 2 + 8 = 11. Oooalahhh... Sayang ya, dulu gak ada MBG, sehingga murid2 bisa jadi kurang gizi otak Sial banget mendengarnya. 😡😡 6:10",1,
"""bego banget gue baru sadar file-nya corrupt""",0,manual_augmentation
kamu orang terima kasih,0,relabel
jatohnya norak kak beli barang branded tapi kaya murahan,1,dataset_research
"""Cantik banget kalau pakai baju kayak gitu""",0,tiktok_v2
sayang sekali lagi itu menyakitkan jadi saya harus selalu memiliki sayangku,1,dataset_research
"""anjing penjaga itu tidur dekat gerbang""",0,manual_augmentation
GPP gaes doi kan paling beda DR YG lain,1,dataset_research
"""Anehnya"" ? Kata gua teh ""Tololnya"" 🥲",1,
"Gue sangat benci sama yg namanya pembullyan, karna dulu pas sma gue juga jadi korban bullyan, 1 kelas anjir😢 selama 3 tahun, gue dikucilkan, gak dianggap teman, dihina trus, cuma dimanfaatkan, gue duduknya aja paling belakang, walaupun ngak main fisik tapi udah berhasil membuat mental gue terganggu😢🤣🤦🏻‍♂",1,
USER WOI BOLOT',1,fn_hatespeech_id
Wajar sih warga korea ngamuk pemain full bintang hasil malah ampas belum lagi gaya bermainnya ga enak ditonton,0,
Ini sebenarnya dari tahun 1966 udah belok dari timeline yang seharusnya 😂,0,tiktok
hidup jangan boss playboy ajg luu,1,relabel
"yang bahas seorang profesor,yang menghadiri mahasiswa. yang di bahas relawan projo relawan jokowi jokowi nya,,orang yg tidak berijazah/ijazah nya palsu.",1,tiktok
hanya jual goyangan yak suara taik,0,relabel
Aku excited for your wedding next month its gonna be beautiful,0,codemixed
"""Jualan jualan knp ngga jadi yutuber lagi bro takut ngga ada yg nntn yah""",1,tiktok_v2
babi tidak pantes nyentuh anjingnya bidadari kotor,1,relabel
Good YouTube,0,
eh iya pangling lihat k2nya,0,dataset_research
ga inget umurðŸ˜­,1,tiktok_v2
duit banyak tp perawatan sulit,1,dataset_research
meldi cantik loh tinggal dibenerin akhlak adabnya sip,0,relabel
Orgil,1,tiktok
Hueekkkkk cuihh,1,tiktok
"""Dikasih bidadari malah milih setan""",1,tiktok_v2
SUPP YOUTUBEE,0,
kok ga malu ya?,0,dataset_research
relawan tapi gak rela ðŸ¥µ,1,tiktok_v2
Caitlin sm ariel udh waswas bgt😭🙏🏻,0,tiktok
"""konsep spanduk ini terlalu ramai dan terasa norak""",0,manual_augmentation
tidak cantik cantik nya hahaha,1,relabel
Weekend ini mau hiking gak guys the weather looks great,0,codemixed
Ribka itu bangga jadi anak PKI....!!! pahamkan,0,tiktok
efek bergaul anjing kelakuan si nong jadi,0,relabel
"USER #PakcikDahTUA nak apalah kudrat pakcik ni boleh buat setakat pakai kopiah, minta sedekah jual kismis\n\n#PakcikMudaLagi bila pakcik warna rambut kuning bawak duit banyak2 \n\n#KitaOK kan \n\nIni adalah ANJING &gt;&gt;&gt; \xf0\x9f\x90\xbc\xf0\x9f\x90\xbc\xf0\x9f\x90\",1,fn_hatespeech_id
Video diduga perang Teroris Budha yang kocar kacir melawan Pertahanan pemuda muslim minoritas Rohingya.,1,fn_hatespeech_id
ngapain nginap rumah cowok tidak ada keluarga lagi kamu,1,relabel
RT USER USER Kartu kredit gak punya tpi Utangan Negara Banyak,1,fn_hatespeech_id
"Tandai muka nya,kl ketemu bully juga dia,keluarga nya juga,eh nenek tua diem lo,bales bu,kasi salam olahraga",1,
tidak nyangka sama tinandrose😩 gue kira bakalan sama cewek luar negeri🤣,0,tiktok
motor elit bank sulit??,0,dataset_research
"""warna interiornya aneh dan terlalu ramai""",0,manual_augmentation
"Gua dah kabor nak bagi gua specific task jangan masuk campur, bajingan'",1,fn_hatespeech_id
"Ngga ada masalah kok...jelas , mudah difahami dan berhati hati..",0,tiktok
"Anak""dari Papua kalau masalah skill ga usah di ragukan.. cuman masalah mereka disiplin,,sering ke club malam,,jika masalah disiplin bisa di terapkan pada anak""Papua saya yakin di masa depan mereka akan memenuhi timnas senior",0,
USER haduh tolol yh pendukung rezim ini yah kaya gini....',1,fn_hatespeech_id
ada doa merinding gak sih????,0,dataset_research
Kalian bubarkan KPK kami bubarkan wakil rakyat!! URL,1,fn_hatespeech_id
suaranya bengekk??,1,dataset_research
Emang bangsat lu ya...... tukang bully,1,
"USER USER USER USER USER USER Udah TOLOL, bencong lagi.... bencoooooooonnnnnnggggg...... \xf0\x9f\xa4\xa3\xf0\x9f\xa4\xa3\xf0\x9f\xa4\xaa'",1,fn_hatespeech_id
Bnr banget klihatan Segar Dan Gemukkk,1,
@NatyaShina tapi aku cuma kangen PINKPANDA ka nat titik 😭,1,
USER USER USER USER Muke lo mirip kontol monyet',1,fn_hatespeech_id
Lah cepat betul orgtuanya damai,0,
"USER KUNYUK NYA MASIH GAK BERANI PULANG... CECUNGUK2NYA PUN SETIA MENUNGGU... HAHAHAHA, ASLI NGAKAK'",1,fn_hatespeech_id
"USER EH PEREK... GUE BALIK LU HIATUS, TAIK'",1,fn_hatespeech_id
youtuber toxic tutup akunmu tutup usia,1,relabel
foto babi memeluk anjing yang pemilik nya bidadari,1,relabel
"Skrg sdh banyak anak² songgong, apalagi perempuan, bisa² besok sdh berkeluarga laki²nya bisa ko,id.",1,
dia kalo gaa cerdas gaa bakal masuk partai dek dek,0,tiktok
RT USER: USER USER Lo rabun apa budek?\nGue nulis gak ngomong!!\n\xf0\x9f\x98\x81\xf0\x9f\x98\x80',1,fn_hatespeech_id
Dear makhluk hidup disekitarku Kalo mau tau tanyain lgsung ke aku aja Gausah lewat orang lain Lumayan kan gak,0,dataset_research
Pilih salah satu Yang paling kamu nyaman,0,dataset_research
Anjj Face Nya Kaya Mo ... ??,1,dataset_research
"Wajar lah orang tua nya Bgitu Marah,melihat anak nya Di Siksa teman nya",1,
PakDhe USER Berani Tidak Untuk Test DNA..?Agar Kami2 Yg Anti Pemerintah Percaya Klo PakDhe Bukan Keturunan Komunis..,1,fn_hatespeech_id
"""cantikan waktu berisi dulu? sekarang kurus bgt, kurus begini auranya kurang""",1,tiktok_v2
"betul, jangan bawa'yang ga bersangkutan",0,tiktok
Karena apa dia minta maaf guys ðŸ˜¹,0,tiktok_v2
kondisi di mana khawatirin si senang senang babi namanya,0,relabel
sakit,0,tiktok
"""jaket ini bikin aku terlihat aneh di cermin""",0,manual_augmentation
kok kasus paulo bento diganti jurgen klinsman rada mirip kasus di indo yg STY diganti patrick kluivert🤣 ET berguru ke KFA kh?🤣🤣🤣🤣 oh iya ada sedikit persamaan nih pelatih timnas korea ama indo : hong myungbo = indra sjafri (sama2 disukai federasi dan sering dijadikan opsi pelatih) paulo bento = shin tae young (sama2 pelatih bagus dan membawa progress baik bagi timnas tapi federasi tak suka) jurgen klinsman = patrick kluivert (sama2 pelatih buruk dipilih secara kontroversial dan akhirnya menghancurkan masing2 timnas),0,
Kang melet,0,dataset_research
tebak isi pikiran ariel tatum🤣,0,tiktok
bopengny urusin napa,1,dataset_research
makannya segentong buset,1,dataset_research
Inilah yang ingin saya coba,1,dataset_research
@nurlaela7554 kak yang kamu liat kan cuma beberapa konten. ada juga kok kasus yang kena penjara. bukan berarti bebas semua. di indonesia juga kalo gak viral ya gak ada tindakan.,0,
"""gila, pemandangannya keren banget""",0,manual_augmentation
"Susah ngomong sama termul, seolah-olah mereka pada paling bener, padahal semua orang berhak punya pemikiran! Gemes bgt gw liat mereka!",0,tiktok
keren suaranya super merdu coba audisi nyanyi bakatnya bisa tersalurkan,0,relabel
"Mengapa mereka gigih memperjuangkan 2 periode? Teringat cerita relawan ya, karena setiap proyek yg masuk mereka merasakan nama ya fee. Jd tdk dipungkiri lagi andai rezim ini runtuh maka penjilat2 itu akan miskin mungkin juha di bui. #2019GantiPresiden'",1,fn_hatespeech_id
"yang birahi doesennya yang disalahin mahasiswi nya, kok lucu😂",0,tiktok
Ah prabowo PERCITRAAN,1,fn_hatespeech_id
Salfok sama bocil di belakang🗿🗿,1,
HAHAHAHHA MALU BANGET,0,dataset_research
Duuhhh duhh... sarung mukena itu yaa,1,dataset_research
Papua pasti lebih maju jika Belanda yang kuasai,0,
Bacooot,1,tiktok
"Allah SWT yg dungu & baidab tak melayani Pak Lukman, melainkan minta di-sembah2, tak dituruti MARAH, ancam mengazab",1,fn_hatespeech_id
dasar bajingan lemah,1,relabel
Emang udah biasa di negara rasisme kayak Korea ini dulu sty juga di gituin nih terulang lagi menang kalah dalam sepakbola udah hal biasa mau juara liat noh lawanya,1,
kamu jenius ide idemu brilian,0,relabel
waah waah para nitizen yg sempurnna????????,0,dataset_research
"udah ada temennya tuh zah, Jule sama nisa😭",0,tiktok
cabul bangsat anjing pepek kontol,1,relabel
"Seandainya Prabowo Presiden Konflik Rohingya Jadi Apa? Jadi ga jelas, semuanya ditipu oleh prabowo",1,fn_hatespeech_id
shio baekhyun monyet,0,relabel
relawan tapi gak rela 🥵,1,tiktok
username pintar sekali tugas selesai,0,relabel
"Hukum tabur tuai tuh beneran terjadi ya di Korea, hal yg sangat patut di apresiasi, kalo kejadian di Indonesia bisa dipastikan itu kasus bakal menguap, kecuali kasusnya parah banget sampe bikin orang cacat kayak anak orang pajak kemarin, kalo bully an yang ga sampe mengarah ke cacat fisik gak akan di ungkap, kalo pun diungkap bakal cepet banget damainya",0,
"USER Ente klo berani jgn Gk ada fotonya,jgn jd pecundang dan jadi antek2 kompeni? Nonton tuh bokep mulu ditwitter lo,pantes ancur indonesia.dasar otak mesum USER USER USER USER USER USER USER",1,fn_hatespeech_id
masyaallah cantik banget kaka,0,tiktok
angkot jangan dengerinðŸ˜‚,1,tiktok_v2
Allah SWT yang mengeluarkan perintah ini dungu & biadab: Perangilah orang2 yang tidak beriman kepada Allah (9:29),1,fn_hatespeech_id
@aowkaowk5369 kalo udah bawa celurit itu udah masuk kriminalitas bukan level bully lagi,1,
USER Yg pilih cebong otak IQ 200 sekolam',1,fn_hatespeech_id
ini bukan dosen tapi Walid nak Dewi boleh??,1,tiktok
"bikin aturan yang merugikan perusahaan terus sudah rugi dilarang phk. kalau perusahaan gak boleh phk efeknya juga buruk, gak bakal ada perusahaan yang berani rekrut karyawan di masa kayak gini, karena ke depannya peraturan berubah2 pendapatan menurun tapi gak boleh phk",0,
apasi anjing,0,relabel
sih sayang sayangan sudah putus eh anjing anjingan,0,relabel
"bodoh banget saya tadi, salah belok",0,manual_augmentation
woah crezy,0,
hafal semua bhasa tapi dapet nya warga lokal juga,0,tiktok
vibes nya istri idaman bgt yaa,0,tiktok
RT USER ntar kalau udah menjabat bikin lagi aja kampung Anies-Sandi yg lain.. USER rusuhin kerja orang aja..,1,fn_hatespeech_id
Hi youtube,0,
begitu saja deh kek anjg kamu kang,1,relabel
"""Buah nangka buah kemanggi gak ada akhlak lu babi""",1,tiktok_v2
fotolu pede anjrit muka kamu itu anjrit,1,relabel
lu punya uang berapa? kok berani mau proses dosennya?,0,tiktok
"Ka nat , BLACKPINK comeback ka ayyoo kalian juga comeback dong PINKPANDA pleaseee ditunggu yaa ka nat MV cover nya (JUMP)",0,
"""desain website lama itu jelek dan sulit dibaca""",0,manual_augmentation
ð¬ð¢ð¥ðšð§ðšð§ð  ð›ðžððš ð›ð§ðžð« ð¤ðž ð¥ðšð§ð ð¢ð­ ððšð§ ð­ðšð§ðšð¡ ð¥ð¢ðšð­ðŸ˜ðŸ˜‚,1,tiktok_v2
Langian ngapain percaya aki2🤣,1,tiktok
Kalian cocok ko :) sama sama bajingan !!',1,fn_hatespeech_id
Tidak ada anak nakal. Yang dimana2 kita jumpai adalah anak salah asuhan.,1,
alhamdulillahhh ngepost ayangnya ibel biarin deh damai seisi dunia masing2 sudah pasangan tidak lagi bilang ibel pho happy b day ibel,0,relabel
suka sekali sekali nih ni artis tidak neko neko lahiran 1996,0,relabel
"""Gua gabisa bedain mana anjing mana manusia, keliatannya sama""",1,tiktok_v2
"Mbaknya ga tau gaya si Fauzan itu Harajuku Style ala anak2 muda Jepang di Harajuku, gaya bebas yang mencampurkan berbagai elemen fashion. Mbaknya yg kampungan ga ngerti fashion anak muda.",0,
yg selama ini nunggun video dari aku nih retweet yg mau full,0,dataset_research
yang komen si mbak tidak sedih ketawa2 ya iyalah kalau sudah disakiti sama pasangan sampai berlarut2 ngapain sih sedih sampai depresi serahin sama allah saja bawa happy saja mski sakit si mba senyum2 wajahnya tetapi hatinya tahu senyumannya bisa jadi menetralisir kondisi hatinya yang lagi terpuruk pepatah bilang kalau bahagia jangan trllu bahagia kalau sedih jangan trllu sedih diimbangi saja biar tidak gila,0,relabel
"Hebatnya kekuatan warga korea itu hebat bisa menggulingkan instansi , sedangkan di konoha warga protes keras = di tangkap",0,
yg di grup wa ya,0,dataset_research
Syap paling nakallll bos,0,dataset_research
tahun itu dia ngomong Projo pro Jokowi. knpa gak ditunjukin aja video nya biar dia kemakan fakta yg pernah di omongin. ?,0,tiktok
BISA AJA GOOGLE DRIVE,0,dataset_research
Masih ingat betapa kami mulai mengenal awal saya tertawa dan akhirnya saya menangis,0,dataset_research
"di India kalau birahi pada salto, kalau di sini pada ngambek ya",0,tiktok
agak laen memang si tasyi ini,1,dataset_research
kisah jevin radhini rini saya jadi belajar 1 jodohmu jalannya saya ikuti dari saya nonton pas live the remix jevin bicara pacar nonton nunjuk radhini saya juga nonton pas jevin meluk radhini erat sangat backstage setelah lolos final kelihatan jevin anaknya gentle tulus penyayang allah maha pembolak hati mei 15 jevin radhini pacaran sept 15 jevin rini dipasangin the remix des 15 final the remix jan 16 jevin radhini putus feb 16 jevin rini pacaran april 16 jevin ngelamar rini feb 17 jevin rini tunangan mei 17 jevin rini nikah allah works in many ways allah s plan is better than our plan jevin yang dulunya berfikiran nikah umur 30 sangka umur 25 dalam pacaran 2 sudah ngajakin anak orang nikah ah happy wedding soundwave bahagia,0,relabel
USER Heleh paling komplotan banci lu juga',1,fn_hatespeech_id
"18:55 yang lebih buruk dari ini sudah terjadi di Indonesia, cak",0,
Hair lo greasy banget kayak gak pernah keramas disgusting,1,codemixed
USER USER USER USER Roslan saari tu yg murtad dn kapir\xf0\x9f\x91\x8dmenyokong ton.mamak melalak dgn ct kasim sbelom pru14 req lesen lgbt\xf0\x9f\x98\x94terang\xc2\xb2 bahalol tu menolak Allah.!',1,fn_hatespeech_id
"Lihat foto lama, banyak kenangan indah",0,cyberbullying_1000
suka dekorasi ruangan nyaman indah,0,relabel
RT USER: USER Burma dan Budha memang teroris sebenarnya,1,fn_hatespeech_id
"Sang matahari Butuh percikan 1,5jt cahaya kecil dari kita kawan semangat 💪💪💪",0,
"""Cowoknya ga ada cakep cakepnya""",1,tiktok_v2
"""desain brosur lama itu kampungan dan terlalu penuh""",0,manual_augmentation
"""Masyaallah mamany cantik anakny ganteng, perfect""",0,tiktok_v2
Teman -teman hari ini saya ingin merekomendasikan film terbaik2 beberapa dari Anda mungkin tidak pernah menonton film itu lagi,0,dataset_research
Nunggu yg di belakang tiba2 nyanyi “fiesta chicken nugget”,0,dataset_research
anjing okay,0,relabel
reza rahadian : TAU KAN KENAPA GUE MULU,0,tiktok
"Wahh penting banget nih berita, bisa ngasih makan gua dan keluarga. Makasih yah",0,tiktok
"""pada julid padahal kan meldi gak nyusahin kalian""",0,tiktok_v2
USER Brisek lu mkn autis ntr',1,fn_hatespeech_id
Ini salah satu bukti lagi kalau striker/pemain bola terbaik di masanya gk menjamin kalau dia itu pelatih yg bagus sama kek Patrick Star yg jadi pelatih timnas Indonesia kmren wkwk,1,
kalau pasangan terus menerus selingkuh...asli saya sih yakin...tidak bakal ada kata off...itu pasti akan terulang lagi...karena itu merupakan penyakit hati...,1,tiktok
setiap liat mukanya saya esmosi kenapa ya heran,1,dataset_research
Teeth lo crooked banget mending pake braces deh,1,codemixed
RT USER Semoga dimasa depan etnis cina di Indonesia tetap tdk menduduki pemerintahan.. bisa jadi kayak Singapur :),1,fn_hatespeech_id
aura mba2 pembaca tarot kuat bangttt😭🙏,1,tiktok
iya percaya ko 😌😌 🗿,0,tiktok
Iya baner anjir kata gue dikit lagi stroke nih orgðŸ˜‚,1,tiktok_v2
kampungan artis yang numpang tenar gara2 mukanya katy perry doangö,1,dataset_clean
Lu Face Cake Copet of Brother,1,dataset_research
"aku sampe skip2 mulu tiap bule-nya ngomong, gara2 gak kuat cringe bgt anjir denger dialognya 🤕",0,
"Bentuk liga usia dini yang kompetitif tapi liga panjang bukan liga kaya kompetisi,,mungkin dari u17 n u 20 ,,",0,
munkin pintu nya di copot [smile][happy],0,dataset_research
â€œga diundang premierâ€ la pikirmu ra butuh penonton a reng? ðŸ˜­ðŸ™ðŸ»,1,tiktok_v2
jijik liatnya suer deh minceeee,0,relabel
"Udah tau ga bisa, kenapa maksain? Malu-maluin aja",1,fn_fp_reduction
sumpah ya tuh sudah ganteng pakai item2 kameranya tidak gaya eh si anjing nyorot audience,0,relabel
USER Kacrut nih orang.',1,fn_hatespeech_id
foto upload nya 20 maret comment 1 jam 2 jam 3 jam yang,0,relabel
"""Slide kedua mukanya mau gaya apa aja tetep cantikk""",0,tiktok_v2
bekerja,0,dataset_research
@Honeymoon??: anj??,0,dataset_research
benar kata orang penyelesaian ada di akhir,0,tiktok
USER USER luhut bajingan',1,fn_hatespeech_id
"kenapa orang korea suka rasis? padahal sesama warga asia. apalagi rasis terhadap agama , itu paling sering.",1,
Anda ini berbahaya sekali,1,tiktok
senang suasananya mendukung,0,relabel
gosong amat mukanyaðŸ˜­,1,tiktok_v2
kamu membuatku tersenyum terima kasih,0,relabel
Pogba lagi dugem,1,tiktok
ni anak lahir karena kondom bocor tidak syukur muka seperti selangkangan gorilla dapat cewek cntik seperti jessica setia dan lain lain sia2in bgsad,1,relabel
Gym session tadi intense banget tapi feel good sekarang,0,codemixed
"""bangsat, kenapa aku lupa simpan revisinya""",1,manual_augmentation
Aki aki,1,tiktok
"USER USER BABI KAU INI YHA\nMUNGKIN LAHIR DARI BANI BABI KAU INI ,\nANJING LAH KAU INI ,\n\nKau Ngomong Mentei selangkangan\nTapi MAJIKAN KAU BINI NYE SELINGKUH 7 Tahun \nItu Yg cocok Mentri selangkangan\n7 tahun Coy ,\n\nHRS kau Tuduh begitu",1,fn_hatespeech_id
kartu merah yang tidak penting bangsat,1,relabel
USER USER USER USER Udah jadi rahasia umum bong.!!\nKoruptor.\nRampok.\nPelaku maksiat.\nPelaku bisnis maksiat.\nKaum LGBT.\nPenjilat.\nDukun sesat.\nDukun cabul.\nBla bla bla..\nTergabung dlm bani cebong.,1,fn_hatespeech_id
Lo tuh psycho nobody feels safe around you,1,codemixed
Kalau diklaim pemerintahnya gagal tangani banjir dan warga miskin meningkat. Eksekutif dan Legislatif itu sama2 BEGO.',1,fn_hatespeech_id
USER USER USER USER Masio aku ISLAM NUSANTARA koen kate lapo ...jancik matane picek kok sugik iki',1,fn_hatespeech_id
Jangan percaya berita dari sumber si sakit hati. mereka inginkan kekacauan makanya bikin berita yg belum valid lagi.,1,tiktok
Ytim Krikil,0,dataset_research
"""berdiri di kaki sendiri lebih baik""",0,tiktok_v2
"""font pada poster ini jelek untuk dibaca""",0,manual_augmentation
Sebentar lagi ibunya dan ibu mertuanya bakal jadi pejabat,0,
memang dasar si anak nya saja yang lebay urusan pribadi umbar biar blow up hadehh gunanya whatsapp sms or telp suka aneh,0,relabel
USER USER USER USER USER USER USER USER USER Mampus lu a dia juga sama kek gua wkwk',1,fn_hatespeech_id
sakit banget!!,0,dataset_research
"padahal dia ustad bukan dosen biasa, tapi chatnya dan ajakan nya sangat sangat tidak mencerminkan sebab mana ustad itu",0,tiktok
Latihan piano tadi berjalan dengan baik,0,cyberbullying_1000
As salamualaikum Selamat sore semoga sehat sll sukses panjang murah rejeki ya amin ya rabbal alamin,0,
"USER USER USER Statistik lu gembel. PKS itu partai gurem, kursinya cuma secuil di pemerintahan, pantes sedikit koruptornya.\n\nTapi kalo di persentasikan, ya jumlahnya sama aja.'",1,fn_hatespeech_id
"""Padahal sejak dia sama Jane aku lebih respect :( skrg bener2 udah hilang respect :(""",0,tiktok_v2
aduuh halu hhahaha lebay editan nyaa lemak ke mana lemak hahhaaa mimpi ketinggian,1,relabel
Beli alat gym aja kak,1,dataset_research
Ribka Tjiptaning wajar ngomong begitu krn...(telusuri riwayatnya),1,tiktok
kok mukanya aneh?,1,dataset_research
USER Mulut Banci.ngurus diri sendiri aja.belum tentu benar. DasaDasar iblis benar berujud manusia. Muncul jelang pilkada.syaraf USER',1,fn_hatespeech_id
Kakak brav ganteng sekaliðŸ”¥ðŸ”¥,0,tiktok_v2
Jangan ingin terlihat pintar ataupun bijak kalau dengan cara menjatuhkan orang lain,0,tiktok
Prabowo wajar bicara rohinya karna dia kan bukan presiden jadi seenaknya saja dong.,1,fn_hatespeech_id
meski banyak tudingan dugaan korupsi tapi SBY tdk pernah dorong kejaksaan usut. Apalagi himbau KPK usut dugaan korupsi Jkwi disolo raya,1,fn_hatespeech_id
"""tempat ini sempit seperti kotak""",0,manual_augmentation
padahal dia bnyak duit.,1,tiktok
"nggak akun nisa nggak zize, isinya hujatan semua😁",0,tiktok
"""kata kampungan dalam ulasan itu membahas gaya dekorasi""",0,manual_augmentation
ariel tatum : anj anjjj kelompok gua ga ada yang bener,0,tiktok
"""babi hutan itu muncul dekat kebun singkong""",0,manual_augmentation
terima kasih mengajari kamu mentor hebat,0,relabel
"RT USER: Sekumpulan Teman Penista Agama\nTdk ada empati buat korban banjir, hanya koar2 memuji junjunganya https:\/\/t.co\/XQFktDG74x",1,fn_hatespeech_id
dikejar anjing pagi pagi nuhun,0,relabel
gua liat ada sosok hitam pekat dibelakang ariel tatumðŸ˜­,1,tiktok_v2
Sisi gelap??🤔🤔.. Kayanya gak bola aja deh. Kalo gak masuk di ekspektasi masyarakatnya maka akan otomatis jd sisi gelap😂.. di dirujaknya scr bar2.. Ngeriiiii ngeriii kek drakor2 crime,1,
"""anjing itu duduk diam di bawah meja""",0,manual_augmentation
Lo tuh ga ada temen karna emang ga ada yang bisa tahan sama lo,1,fn_fp_reduction
tidak tau apa² ygy Armor nya pergi mna,0,dataset_research
m3m3g,0,dataset_research
"aloy "" ntar kalo vconk nyakitin erika ,gw maju paling depan buat erika "" keadaan aloy sekarang =",1,tiktok
Jadi Valak??,1,dataset_research
"USER USER Asli ane ngakak smpe skt perut dan mau pipis ???????....ane paham maksud dan yg di definisikan oleh Rocky Gerung, kok org ini malah sok-sok an lapor2....?????? ceritanya sih mau bikin gebrakan supaya dibilang membela agama...tapi",1,fn_hatespeech_id
Kelakuan lo immature banget kayak bocah stupid,1,codemixed
berkarya terus meldi walo tidak yang nuntun,0,relabel
Yang menciptakan bubur siapa? bukankah adanya bubur adalah bukti bahwa adanya sang pencipta.,0,
Manusia haus validasi wakakakkaa??,1,dataset_research
Aku team emak emo. Jangan bagi muka pada pembuli. Serang abis2,1,
"Ih serem, muka creep banget. Jangan deket-deket deh",1,fn_fp_reduction
selamat mbak semoga pribadi amin,0,relabel
mana sama lagi marga nya sama gueeðŸ™ðŸ»ðŸ˜­,0,tiktok_v2
masa iyaa papa emil mau sama modelan bgini ngakak guaaa 😭,1,tiktok
"sial, aku keteledoran lagi",0,manual_augmentation
Pingin blajar karakter ini tapi gak mau nonton drama nya Terus karakter yang mana yang mau lu coba,0,tiktok
jgn sok kecakepan mba banyak yg jauh lebih cakepgk sok cakep kyk situ xixixix????,1,dataset_research
it's rare to see youtube got rickrolled:),0,
Cinta banyak yang bilang aku mirip kamu 😭,0,tiktok
"Kenapa orang"" yg di atas pada bungkam semua....bener"" gila negara di jadikan mainan para makhluk"" yg serakah...",1,
"Kenapa Pak RK Memilih Harta, Tahta, & Sapi Idul AdhaðŸ¤£",1,tiktok_v2
"​@frankie1098-v4r Woi jangan lupa waktu itu timnas u23 Indonesia lagi on fire salah satu generasi emas terkuat bos😂 gaya main + taktik bagus karena rata rata pemain nya itu udh main bareng dari lama dan masuk timnas senior😂 Tapi timnas Korea gaya main nya gak buruk banget kok Setelah sty dipecat, lalu u23 dipegang pelatih lain, justru taktik + gaya main u23 indo malah Menurun jadi jelek",0,
mirip monyet ragunan kak,0,dataset_research
Seasa Ling vs Paquito,0,dataset_research
"Mau dia jahatnya seperti mana pun dia tetap ibunya trio Na, yang mengandung, melahirkan mereka .. aku tidak membela jule, cuma mau sampe kiamat pun dia tetap ibunya, mereka tetap butuh sosok ibu di hidup mereka.. Semoga setelah ini trio Na tetap mendapat kasih sayang dan perhatian yg banyak dari jule, walaupun orang tuanya sudah gak bisa bersama lagi ðŸ’” daehoon emang best sih, masih mengesampingkan egonya demi anak-anaknya bisa quality time sama ibunya ðŸ¥º",0,tiktok_v2
"Mending lo ga usah exist, ganggu orang aja",1,contrastive_dataset
"Mau dia jahatnya seperti mana pun dia tetap ibunya trio Na, yang mengandung, melahirkan mereka .. aku tidak membela jule, cuma mau sampe kiamat pun dia tetap ibunya, mereka tetap butuh sosok ibu di hidup mereka.. Semoga setelah ini trio Na tetap mendapat kasih sayang dan perhatian yg banyak dari jule, walaupun orang tuanya sudah gak bisa bersama lagi 💔 daehoon emang best sih, masih mengesampingkan egonya demi anak-anaknya bisa quality time sama ibunya 🥺",0,tiktok
"""Motivasi ku ka Maudy cantipp bngt""",0,tiktok_v2
Paling tukang bully dan rasis.,1,
"Oh good, sampai jumpa di akhirat ðŸ‘‹",0,tiktok_v2
pesanan coba belagak monyet,0,relabel
Rada gila juga bapaknya...,0,
itu si ariel tatum udah nahan tantrum😭🙏,0,tiktok
monyet membuka kaleng,0,relabel
"Oh tidak ada urusan ya, kasian juga ya pemimpin kita tidak dianggap ðŸ˜¢ðŸ˜‚",0,tiktok_v2
lamalama kasian tau ih,0,dataset_research
plisss carilah pekerjaan dengan cara bermartabat!!!🙏🙏🙏🙏,0,tiktok
2025 full cowoâ€ ketahuan selingkuhðŸ˜­ðŸ˜­,0,tiktok_v2
"""judul videonya aneh banget tapi isinya informatif""",0,manual_augmentation
geblek kamu tata cowok sangat dibela2in balikkan hadeww nanti ditinggal lagi nyalahin tuh cowok kitenya yang oon,0,relabel
Memang wajarlah kalau kena boikot dsr termul.( dia Khan pengasuh dan pelayan anak2nya Mulyono ).,1,
Ah yes we meet once again,0,
Kmu g salah sayang kamu benar kalo ga virl cowok caper itu akan terus begitu,1,
"""astaga masih pagi dibikin ngakak ama komenan netijen yg ngmng suka bener""",0,tiktok_v2
nyawa kaca anjing,0,relabel
keluarga ter humble ter sempurna ter sederhana tidak sok kaya tidak pnah manja pakai pesawat jet pribadi mirip yang,0,relabel
"anjing, kaget banget gue tadi",0,manual_augmentation
USER USER USER Mereka kira yg dibantai budha teroris Rohingya itu bukan manusia,1,fn_hatespeech_id
"Makanya gendutan, makanya dijauhin, makanya sendirian",1,contrastive_dataset
"simpel aja, dia butuh pengakuan",0,dataset_research
bangsat cuti sudah habis,1,relabel
nurul : makasiiyyy ya jul berkat lu berita gw tenggelem😂,0,tiktok
pasang behel mba jd ga jigongan...,1,dataset_research
shio mu babi monyet,0,relabel
sukses yah ka rosameldianti_ semangat,0,relabel
MINI GIVEAWAY berhubung aku ultah aku mau bagi rezeki pulsa 10k like aja mau mutualan boleh bgt Doain aku yaa Diundi j,0,dataset_research
tunggu klarifikasi dlu deh tapi klau bener sakit sih🥺,0,tiktok
saya gatau kamu habis ketiban anak monyet terhura nih saya thankyou so much looooo njir,0,relabel
kamu inspirasi orang teruslah berkarya,0,relabel
"Pndukung USER spt ARB, SDA adl org2 BEJAD tabiatnya kasar termasuk org ini &gt;&gt; USER &lt;&lt; DASAR Anjing!!'",1,fn_hatespeech_id
apasih ngentot kontol asu babi memek ginian saja kamu share base anjay,1,relabel
USER Situ juga sarap berarti anjer',1,fn_hatespeech_id
USER Pak USER penyesatan yg dilakukan PBNU tampaknya demi kebaikan padahal menyembunyikan JAHAT Islam,1,fn_hatespeech_id
"""udah nemenin dari masa tersulit lo pas udah keluar malah selingkuh, ga nyangka idola gua sesampah itu.""",1,tiktok_v2
edan nih orang sudah makan uang rakyat tidur,0,relabel
erick kek gini saya kangenin keep itu up bruuh,0,relabel
Sangat banyak horor anjr,0,dataset_research
"Nggak usah sok keren, liat aja tampang lo",1,cyberbullying_1000
yang satu mirip arsenal satu lagi adudu.. ragam kali yak??,1,dataset_research
Btw si ratu tiru afi hinayah yang udah diundang jokowi ke istana posting tiru lagi yes. Ntar mengancam mau bunuh diri. Ya Alloh.,1,fn_hatespeech_id
suaminya swett keliatannya sayang sangat ma istrinya ganteng haaaaaaa so swett semoga langgeng slluÃ¶,0,relabel
username sudah nunjukin karyanya situ punya karya karya nyinyir hidupnya via tolol,0,relabel
"Biasanya karena didikan orang tuanya slah, kebiasaan salah di bela..,; Coba kalo anakmu gantian di gituin.., ga bener ""NAMANYA ANAK ANAK"" terus di biarin..",1,
Anak sekolah pada begok....gayanya sok tu,1,
"""anjir, ternyata aku salah baca tanggal""",0,manual_augmentation
bang hansol bahas kisah aslinya dari drama the kings warden dong,0,
"""monyet di video itu terlihat sangat aktif""",0,manual_augmentation
"Kasus kdrt, manipulatif kebanyakan ya si wanita yang kecintaan. Padahal seseorang melakukan kekerasan bukan yg tiba tiba, seperti emosional, tempramen dll. Makanya kalau sudah seperti ini jangan pernah Denial, apalagi kalau masih pacaran sudah banyak tanda tanda, karena kalau sampai menikah sudah pasti akan Jd lebih parah. Karena it memang karakter. Seperti kasus di Indonesia yg terjadi di bandung,di sekap selama 3thn, bukan tidak empati, faktanya korban seperti ini kebanyakan ya kecintaan, endingnya pasrah berharap akan berubah",1,
"Ni cara bicara org msh ingusan,, bicara ny sdh sngt ngawur dan keterlaluan,, dan akhir ny gue di block,, banci lo URL",1,fn_hatespeech_id
"USER Lah takut mati ternyata...\xf0\x9f\x98\x86\xf0\x9f\x98\x86\xf0\x9f\x98\x86\nKalian lihat ini para terroris,pemimpin kalian aja takut mati,tpi klian mau aja disuruh dia mati(bom bunuh diri),kan goblok...\nAl bangsatdi itu juga takut mati,d",1,fn_hatespeech_id
Indonesia dalam cerita; ada anggota DPR yang nunggak bayar listrik.; ada Anggota DPR yg jualan kaos.; Ada anggota DPR yg ingin ganti presiden dg kaos.; ; yg lebih parah lagi Rakyat yg Goblog ingin ganti presidenya dg tagar doang.; sangat lucu dan pantas di,1,fn_hatespeech_id
Klu di lihat kejadianya seperti itu mending ibu2 itu hanya marah.... Klu itu anak saya di gituan hemm mau lo ibarat bisa terbang saya tungguin sampai dia turun.,1,
"""Cita cita ingin jadi pakboi , eh tapi malah jadi narkoboy nasib-nasib""",1,tiktok_v2
babi saya males sekali ngurusin kamu,0,relabel
Pergi lo sana go away nobody needs you here,1,codemixed
@linganguliguliwatcha hi,0,
mirip nana mirdad,0,dataset_research
Kontrak nya sudah habis jadi cerita nya dibuat selingkuh dan putus 😂😂😂😂,1,tiktok
So wholesome..😭,1,
YouTubers elit gaji sulit??????,1,dataset_research
"Baru selesai project, bangga sama hasilnya",0,cyberbullying_1000
kaka tidur yaa sudah pagi tidak boleh capek2,0,relabel
"sok"" an banget kemarin ngebela erica skrg malah sama aja ga ada bedanya 😂😂😂😂😂",1,tiktok
Tergantung siapa yg kasih makan,0,tiktok
Bener kata aloy kalo bravy gabakal nikah😂,1,tiktok
menikmati luang menyenangkan,0,relabel
@panggil aja pesuk: paling ga bisa kalo soal biawak batam ??,1,dataset_research
RT USER: Lawan Politik Mulai Tebar Fitnah Ada Upaya Jegal Prabowo Maju di pemilihan presiden 2019 URL,1,fn_hatespeech_id
"""berita pagi membahas serangan babi hutan ke ladang""",0,manual_augmentation
USER Selamat berenang di kolam cebong.',1,fn_hatespeech_id
RT USER USER September perang PKI Desember perang topi santa gitu aja terus sampai prabowo jd mentri peranan wanita.,1,fn_hatespeech_id
Mukanya cewe itu kek cewek mauan banget 😂,1,
"USER USER USER USER USER USER Pantes kaum kalian slalu bikin rusuh, sll doyan ngomong kotor, mudah dbodohi oleh pejabat kotor, karena cara menilai seseorang aja trnyata cuma dilihat dari gelarnya,",1,fn_hatespeech_id
Pake bekas barangnya sijule awas ketularan kayak sijule buðŸ˜…,1,tiktok_v2
YEUHHHHH😒😒😒,1,
kasihan ih cari uang sampai segitunya,0,relabel
tukang parkir 😭😭,1,tiktok
RT USER: nih ya baca tai. udah dong jangan spam minta kado!!! USER URL,1,fn_hatespeech_id
"""Yang merasa peliharaannya lepas, tolong diangkut""",1,tiktok_v2
Kampungan ya pendukung AHY URL,1,fn_hatespeech_id
24 jam belajar taekwondo,0,dataset_research
nah ini nih yg beneran harus dishare ke grup jual beli musang,1,dataset_research
"""bajuku kelihatan kampungan saat dipakai dengan topi itu""",0,manual_augmentation
kasih saya pencerahan nikmatnya lari pagi dihari minggu melihat cewek bening bawa anjing,0,relabel
USER rezim tukang nipu. hoax . anti kritik',1,fn_hatespeech_id
Rejim Jokowi otoriter ini maksa banget harus pake non tuney.,1,fn_hatespeech_id
"biar in ya ges, tidak membenarkan prilakunya jule, tapi 3 anak nya butuh kasih sayang ibu nya ðŸ˜­",0,tiktok_v2
congrats kak pantes mendapatkannya,0,relabel
PROSES HUKUM BERLANJUT,0,
"Lo itu lemah, makanya sering diremehkan orang",1,cyberbullying_1000
Keadilan sosial bagi seluruh rakyat Indonesia ðŸ˜‡,0,tiktok_v2
behel murahan,1,dataset_research
para penjilat mulai.saling . cakaran.ðŸ¤£ðŸ¤£ðŸ¤£ðŸ¤£,0,tiktok_v2
ustad sangee,1,tiktok
buset suaranya kek knalpot rusak bjir ????,1,dataset_research
"""rambutku kelihatan kampungan dengan model begini""",0,manual_augmentation
Larii ada gajah montox,1,dataset_research
USER USER USER USER USER kenyataan bos. Kita mah nga suka bikin hoax seperti bani nya nabi ngAhok \xf0\x9f\x98\x8a',1,fn_hatespeech_id
dosen nya birahi banget Nder?,1,tiktok
"""Inget yg di potong itu masalah nya bukan hubungan nya, tapi kalo udah gini sembeleh aja orang nya :) udah terlanjur kecewa""",1,tiktok_v2
bacol tidak apa-apa kalau dijual ya kamu memang bangsat anjing,1,relabel
EMNG EEK EMNG,0,dataset_research
USER USER USER Masih ada j nih cebong bangsad. Cepet modar luh bong cuma jadi hama j luh bangsad',1,fn_hatespeech_id
"Shame on you silvy !! Ga malu fitnah?? Tuh rasain pak ahok panas, skak mat #DebatFinalPilkadaJKT",1,fn_hatespeech_id
belum tentu keluarga kak Timothy Anugerah memaafkan muu..,0,tiktok
username saya currr ya bunmai sudah nikah tetapi janda janda suami nya rampas mulan jameela menjijikkan sekali ya mulan jameela sebelum rumah tangga bunmai hancur sudah berani bilang dani suami aduha sudah wanita be,0,relabel
Anak bocil pacaran??😅😂😂. Konoha emg hebtt😂😂,1,
satu lagi kak jadi kan tragedi 98 siapa dalang nya dan yang lengserin pak harto siapaðŸ¤­ diem nya pak harto selama nih di bayar tunai allah bukain semuanya,0,tiktok_v2
"Ada yg bilang alexis ditutup cukup dengan surat... hehe ketawain aja.. dah baca belum pers rilis dr manajemen alexis.. tp ga apa2 para kampret mah gampang dibegoin, dulu jg pernah bilang ditutup eh msh exis tuh alexis...'",1,fn_hatespeech_id
True😊,0,
Rasain,1,tiktok
"logo bukan sembarang logo, mantap meriam london",1,dataset_research
bangga suami yang istri disela apapun profesimu kaulah juaranya sehat gojek semoga lacar rejekimu amiiin,0,relabel
Hanya Emak dan Mertuanya yg blm dapat jabatan.. mungkin masih malu² soalnya kliataaan banget,1,
itu dosen apa predator mengerikan,0,tiktok
ya ampun ketiak lemaknya editan parah wkwk,1,relabel
"dari semua komen, ini doang yg bikin gua ngakak 😂",0,tiktok
kurus banget coyy aneh ups,1,dataset_research
sama aja bukti nya bapak nya juga di seret ke penjara ..di Indonesia pelaku di hukum lah itu pelaku bebas. pake otak lo biar ga dongo..😡..apa nya berpihak pada korban ..berpihak sama korban cuma main2..kasus ga pernah selesai sampe anak nya kuliah ..mending di Indonesia lah ..di rujak nitizen seindonesia..dari bapak nya sampe anak nya semua di buka..😡,1,
Oh good to see you commenting on a popular video.,0,
Kamu jangan lupa sholat dzuhurnya,0,dataset_research
Klo anak saya dibuly akan ku kejar biarpun kelliang lahat..😡kalau mau sekalian orang tuanya diajak duel.,1,
RT USER: Ahoax penista agama kembali mengolok olok surat AL-MAIDAH 51. Cc USER,1,fn_hatespeech_id
murahh sekali kamu jijik saya dikick evos malah open bo,1,relabel
ok mari kita unfoll,0,tiktok
USER USER USER USER USER Si bani kampret USER nyecerrnya cuma berani ke gue.. Klo ke eloe mah... Dia kederrrr... \xf0\x9f\x98\x82\xf0\x9f\x98\x82\xf0\x9f\x98\x82\xf0\x9f\x98\x82\xf0\x9f\x98\x82\x,1,fn_hatespeech_id
"kocak bgt komenya anjir, tim baca komen ajah ðŸ˜­ðŸ™‹",0,tiktok_v2
"""Astaga ngehujat sampe postingan paling bawah""",0,tiktok_v2
Hari ini sekarang salah diizinkan,0,dataset_research
Her itu lho miss Kevin sama Keven rebutan gimbot Ya wis aku beli 2 ae sambil nunjuk the twins yg asik main iPad masin,0,dataset_research
USER spt ahok dulu .. nasdem disusul dg cs nya .. yg mendukung paslon penista agama dan tukang caci maki tai tai ..,1,fn_hatespeech_id
USER USER USER USER Cebong DUNGU... Apakah ada aturan di USER tentang larangan tulisan berita ??',1,fn_hatespeech_id
bopengnya parah bgt,1,dataset_research
Allhamdulillah...Akhirnya Makan Siangku Jadi Enak❤ makasi om dedy Sdh Mendatang Cahaya Besar,0,
senang kampung halaman suasananya rindu,0,relabel
"""NIH ORANG KALO LOMBA MIRIP BABI,BABINYA JUARA 2""",1,tiktok_v2
"""Semoga sehat selalu bayi dalam kandungan nya sama ibunya ya.""",0,tiktok_v2
"""Ini diedit biar langsing padahal mah klo live bomber badannya""",1,tiktok_v2
saya bingung jujur media rebutan ngeliput orang kayaknya hanya net saja media informasi waras,0,relabel
"""anjing saya suka berlari di halaman belakang""",0,manual_augmentation
USER PINTER YA OTAKNYA ONTA GUE\xf0\x9f\x98\x83',1,fn_hatespeech_id
kamu solusi terbaik menghargainya,0,relabel
komen yang support ketutup yang hate bgst memang ig,0,relabel
Kata aku sih ya Yang ngebullynya udh digedein Dengan kasih sayang dimanja malah ngebully Kyknya hati ibunya sakit banget deh... Tpi aku lebih kasian sama yang yang di injek lehernya .. KATA AKU SIH DISIDANG AJA GITUU.. AKU JUGA PERNAH DIBULLY SAMA BESTIE AKU TPI NGGAK SAMPE KAYAKGITU ...,0,
kasihan muda sudah stresss,1,relabel
"Saya pun bila ada di ibu itu, saya caci maki dan harus tatap muka dg orang tuanya utk dikasusin skalian.",1,
monyet di kebun binatang itu lucu sekali,0,manual_augmentation
jadi kaya umur 35 an gini🙂🙂🙂,1,tiktok
kristen sdh di tapir2in diharam-haramin !!,1,fn_hatespeech_id
alah dulu pas msih jdi istri boro2 😂,1,tiktok
"""Hai kak Isyana aku ngefans banget sama kak Isyana.aku paling suka lagu kak Isyana itu lagu tetap didalam jiwa""",0,tiktok_v2
"""BISA BERHENTI CAKEP GA KAKK? PUSINGGGG IH""",0,tiktok_v2
Kelakuannya tasyi bener bener ke spill semua anjrit,0,dataset_research
laika seekor anjing astronot angkasa dunia diluncurkan satelit bumi buatan 1957 pemerintah rusia,0,relabel
"LW keluarga saya yg dibuli ,, saya balas 10 kalilipat nya , LW org tua nya ikut2 org tua nya saya sikat",1,
"MCK = micin, cebong, kampret.'",1,fn_hatespeech_id
RT USER Bukti apa?dengan masuknya investor cina dan buruh cina ke indonesia apa itu kurg bukti?,1,fn_hatespeech_id
habis kesambet kamu sok bijak dasar tai nama kamu bagus tetapi sifat kamu bajingan,1,relabel
udh mau sore msh blm ada klarifikasi:(,0,tiktok
"Kalau ada luka fisik langsung aja visum. Si pelaku bisa langsung terusut,masuk gaknya dia ke penjara, sekolah bakal mengeluarkannya,karena gak mau terlibat skandal. Klau dri awal minta diselesaikan pihak sekolah,sekolah bakal abai/meminta k dua pelaku brdamai. Jika diusut malah brakhir buruk bagi sekolah. Ingat guys, jangan beri ruang maaf pada pelaku bully. Dimana tempat mereka pasti mengulangi, itu sudah jdi bagian hiburannya.",1,
RT USER: Sudah kebuka satu demi satu kebusukab kubu anies sandi yg menang dengan tanpa berkah URL dan Prabowo berusaha cuci tangan,1,fn_hatespeech_id
idola cewekkkk vs botak terkuat di bumi.. all in botak,1,dataset_research
Aku nk walk in ajelah senang,1,dataset_research
ga bisa kalo soal curut,1,dataset_research
GAPERNAH MENDALAMI AL-QURAN YA BANG??? PANTESAN MULUTNYA KAYA ORANG KAFIR BEJAT HINA farhatabbaslaw',1,fn_hatespeech_id
"Mana para babi ahok yg ngejek onta, biar di injek2 ama onta",1,fn_hatespeech_id
Walid modus bimbingan ini mah,1,tiktok
"sejelek-jelek nya dia, dia tetap ibu yg bertaruh nyawa untuk melahirkan anak anak nya.",0,tiktok
"gakheran Konoha,semua kacau,lain kali jangan hina Malaysia,Malaysia gak gitu Malaysia bagus ,konohak konohak ada ajar gebrakanya",1,
eh iya baru inget film itu. dulu abis nonton squid game 1 aku nonton alice in borderland soalnya pengen nonton film tema bertahan hidup,0,
"Sudah lihatt.. bagus banget. Intinya peran orang tua, guru, teman itu penting banget dalam kasus Cyberbullying",0,
anjing bangsat tai saja,1,relabel
ngga ada wajah menyesal sedikitpun pelakunya..gemes..mana ada ibu yg terima anaknya di bully..,0,
USER jancok. terkutuk kalian yang ngatain gue tsundere.',1,fn_hatespeech_id
bangsat bas kimak,1,relabel
USER kalau boleh saya ngomong ingin saya katakan ahmad dhani monyet babi anjing. tapi itu tidak boleh,1,fn_hatespeech_id
KLO NGK BNR KN MALU BNG .... KLO NGK |,0,dataset_research
kesabaran ariel tatum diuji bangetðŸ˜‚ðŸ˜‚ðŸ˜‚,1,tiktok_v2
emng kalau org lagi selingkuh itu buta segala2 nya percaya dah,1,tiktok
"Hi YouTube, happy belated birthday 🎉 🎂 ❤",0,
"Orang-orang kayak gini pantes dilaknat tangisan rakyat dari masa prakemerdekaan sampe kiamat nanti dan digentayangin arwah pejuang yang kegelisahannya masih lebih militan daripada mereka yang kerjaannya cuma ngawang, kosong, bolot.'",1,fn_hatespeech_id
Pantes anak syh daptar p3k sajah g masuk trnyata dh k habisa tempat Sama keluarga Rafi ahmad😂😂,1,
USER USER APA-APAAN BAPAKNYA SI KA COCOT SITOHANG',1,fn_hatespeech_id
"""Semua dah pada ngembang? habis di berapa cowo meldi?... enak ya di otak atik""",1,tiktok_v2
dia siapa si?,0,dataset_research
"Pihak kampus edan seedan edanya, gobl*k, kok bisa yg di bully yg di salahkn, dasar otak dungu, apa ruginya keluarkan ke 5 pelaku pmbully itu, dari pada nama baik kampus tercoreng hanya karna kelakuan ke 5 pelaku, jika tdk di viralkan, apakah pihak kampus akan brlaku adil?? sedangkan yg viral saja msih tidak brlaku adil, apalagi tidak di viralkan? punya pikiran dn akal kan? gunakanlah sebaik mungkin wahai pihak kampus yg berkuasa",1,
Ga setuju. Tugas utama mendidik anak adalah org tua dirumah. Itu namanya org tua lepas tanggung jawab ga boleh gtu,1,
lah rafi sok jadi palawan penjilat pemrintah,1,
Saya ingin membalas email yang terlambat bagi saya untuk menyelesaikan bulan ini,1,dataset_research
Redflag Bgt,0,dataset_research
"kata 'babi' dalam konteks ini merujuk pada hewan, bukan hinaan",0,manual_augmentation
mrinding bagus poll di jaga ya dek kepolosannya jangan smpek seperti si aw2 dkk,0,relabel
tandain muka2 tukang bulying?,1,
orang govlok yang prcya ayu slgkuh sma rafi buktinya rafi sma gigi sekarang baek2 saja ktamu ayu pelakor suami yang di rebut woyy sekarang ayu suami fikir pakai otak makanya jangan kbanyakan micin jadi govlok,0,relabel
"""ruang kelas tadi seperti oven karena panas sekali""",0,manual_augmentation
Setidaknya RM100 jika anak malang Anda memberitahu Anda untuk meminta amal jika Anda tidak punya cukup,1,dataset_research
cowo ko pake crop top dunia makin aneh,1,dataset_research
"itu kayaknya poto lama deh..soalnya mukanya masih unyu² bulet cabi,,sementara sekarang tu lebih tirus dan keliatan dewasa gitu auranya...",0,tiktok
"""artikel itu menjelaskan perawatan anjing pasca vaksin""",0,manual_augmentation
"Disini jg sama pak, stasiun tv n koran2 sama2 mewakili setiap ""warna"" partai n politiknya 😅😅",1,
sumpah lupa kemarin ngapain saja anjing,0,relabel
doktrin darwin iman buktikan monyet yang sekarang berbicara,0,relabel
gobloknya aku gak cek dulu sebelum submit,0,manual_augmentation
Yanto dan Fig,0,dataset_research
sudah dikasih hati baikin nusuk bangsat memang ya,1,relabel
ingat doa org2 yg teraniaya cpt terkabul,0,tiktok
asu terbahak-bahak,0,relabel
Apasih cakep amatðŸ”¥,0,tiktok_v2
"USER USER USER USER Ganti nama aja, biar cocok dng yg sering keluar dr mulut sampaen tuh onta, kencing juga blh'",1,fn_hatespeech_id
kue anj ??,0,dataset_research
kebiasaan balajaer nyampah di ig artis suka2 yang ig bikin caption balajaer yang heboh asyik ceramahin yang ig tar lama2 di bikinin lagu sama teh melly loh balajaer yang berjudul balajaer bersabda seonggak koin laknat nya balajaer ngamuk mengiyakan sekali koin laknat nya jadi penggoda di rt nya gigi duh elah balajaer semua tahu kale kelakuan biduan kamu kek minus segala2nya di bela mati2an pada sakit jiwa,0,relabel
"​ @dwiwariyaniwee iya lagi, bener bgt",0,
gedabrus 😂,1,tiktok
lebih lucu anjingnya ya ktimbang orangnya,1,relabel
Terus kasusnya gimana ini 5 bulan lalu? Nyesek banget dengar ibunya nahan emosi kalau aku dah kugampar tuh,0,
Bang review kasus Yuvita dan Taufik Hidayat,0,
"Jgn suka belain kalo anak bersalah Apalagi SDH mmbully dan mlakukan kekerasan Ngeri..kelak Dewasa merasa diatas angin Dan hidupnya sllu merasa benar dgn kekerasan Pihak sklh , kalau ada murid sperti PECAAAAAATTTTT jgn ragu GK perlu org tuanya Pejabat Atau org GK punya ( berarti anaknya GK tau diri )",0,
"""Etdah ninggalin yang baik demi lonte, situ waras mas wkwk""",1,tiktok_v2
"USER USER USER USER Lo yg bngsat, mna ad gw bilang buya yahya,, yg gw sebut yahya alias yahya staquf bin yahudi!! \n\nArah gw k yahya staquf &amp; si aqil, krn gw tw klo lo trmsuk gerombolan pngikut setia na yg mnyimpang",1,fn_hatespeech_id
Kak cover blackpink jump dong,0,
"""Mending masuk penjara lagi aja dah seumur hidup""",1,tiktok_v2
asal jangan preet pada masanya ya... mudah-mudahan bisa Istiqomah dalam kebaikan dan menjaga diri selamanya. Aamiin,0,tiktok
USER USER USER eh cina setan numpang makan di indonesia jg seenak nya,1,fn_hatespeech_id
USER Plagiat lagu USER \xf0\x9f\x98\x82\xf0\x9f\x98\x82\xf0\x9f\x98\x82\xf0\x9f\x98\x82\xf0\x9f\x98\x82\xf0\x9f\x98\x82\xf0\x9f\x98\x82 kaum kntl!!!',1,fn_hatespeech_id
cantik polos kelihatan berbakat semoga sudah tenar gek selebgram tidak kaya2 si mba novilda ya dek yang kehilangan arah tetaplah cepat tumbuh dewasa asahlah bakat allah bless you both,0,relabel
saya tidak melihara tetapi banyak anjing koceng online saja pas ngeliat senang sangat kalau dibolehin melihara benar ya,0,relabel
kalo suka bilang bang ??,0,dataset_research
Layanan Lengkap ??????,0,dataset_research
Mantan suami dulu sempet kerja di kapal dan kaptennya org korea dia dan 4temennya dibully dan hampir di cekoki daging babi. Tiap hari dihina dengan kata2 binatang. Jadi jujur nggak kaget denger di korea banyak pembullyan dari masa muda sampek tua ternyata pembully,1,
anjing membantu pekerjaan polisi,0,relabel
TAI SOMBONG BANGET GA NGAJAK USER URL,1,fn_hatespeech_id
"Indons : Alhamdulillah ya Allah udah nyelamatin anak2 Thailand \n\nThai : ??? yg nyelamatin kita manusia2 kapir. Bukan Tuhan lu, kontol!'",1,fn_hatespeech_id
berita hari ini membahas populasi monyet liar di permukiman,0,manual_augmentation
respect istri n anak2 nya yang menunggu sabar dirumah insya allah allah swt menjaga nya,0,relabel
rambutku norak banget kalau kena angin,0,manual_augmentation
Tempat sampah aneh ini adalah keajaiban seseorang,0,dataset_research
"USER USER USER USER USER USER USER USER USER USER USER \xf0\x9f\x99\x8f\xf0\x9f\x99\x8f\xf0\x9f\x99\x8fbukan ""KAMPRET TAPI KECOA """" yg hidupnya makan TAI semakin besar bikin penyakit , \xf0\x9f\x98\x8",1,fn_hatespeech_id
keren dari penyanyi aslinya,0,relabel
singkat padat menutupi kemokondoannya wartawannya mantap wkwkw,0,
terima kasih dukunganmu sulit mudah,0,relabel
Caper Lu Tong,1,dataset_research
dia bukan tekwondo to tapi taiwondo????????,0,dataset_research
baru liat cew bertompel 3d,0,dataset_research
binatang itu fitnah paling keji,0,tiktok
"""Saya segenap hati minta maap""",0,tiktok_v2
"""suasana terminal tadi seperti pasar malam""",0,manual_augmentation
"​ @Sweetpeach858 emang dengan ngehujat KFA, Korea Selatan bisa juara dunia gitu? Realistis laa bro kalo mikir😴",0,
"Saya bukan siswa yang cerdas dan pintar di dekat Anda, tetapi saya pikir 7 keterampilan bertahan hidup penting bagi Anda untuk menghadapi dunia",1,dataset_research
"""i see beauty in everything mba gigi sehat selalu sama dede bayi nya""",0,tiktok_v2
anjing ah ketawaaa,0,relabel
"Bangsat, signalnya lemot banget",1,fn_fp_reduction
iya percaya ko ðŸ˜ŒðŸ˜Œ ðŸ—¿,0,tiktok_v2
Songong banget muka nya,1,dataset_research
"Kak maaf, udah lama ga bikin tutorial makeup 😢",0,
tiap hari mabok tuh.. bapak lu masih genjot becak,1,dataset_research
"Komentar dipenuhi dengan orang yang sempurna, dan tidak memalukan,",0,dataset_research
"""desain bajunya norak tapi bahan kainnya nyaman""",0,manual_augmentation
"kenapa pada bahas tugba terus ya, padahal mau dulu pacaran pun jodoh gak ada yang tau😭",0,tiktok
gentong berjalan tu wkw,1,dataset_research
manusia satunya makhluk hidup tertawa hewan anjing kucing tertawa,0,relabel
mkanya aloy bilang nikahNya nggu bravy nikah krn dy tau bravy seperti apa,1,tiktok
"""gaboleh punya org"" wkwk udahtau tp masi direspon heran deh",0,tiktok
"Paling benci dengan kalimat ""namanya juga anak-anak"" heh anak2 juga harus di kasih tau kalo dia berbuat salah jangan di maklumi terus kelakuan gak baiknya, bisa berdampak sama masa depannya woy",0,
projo(negri dan rakyat) kocak2 jauh banget ngelak nyaðŸ¤£ðŸ¤£ðŸ¤£,0,tiktok_v2
caption kali membaca captionnya langsung belajar bahasa inggris terima kasih personal tidak mengenal anie tetapi betapa bangganya anak cucumu didik generasi bangsa mandiri unggul sehat semoga cinta kasih keluarga engkau tebarkan,0,relabel
bersyukur,0,relabel
Selalu manipulatif,0,dataset_research
Gw aja umur 13 jomblo masa gw kalah sama bocil umur 7 tahun 😭🗿,1,
"Baru masak, hasilnya enak banget hari ini",0,cyberbullying_1000
"jan deket""tuh jigong bau nya kek ta*",1,dataset_research
"KFA (Korea) = CFA (China) = PSSI (Indonesia) = FAM (Malaysia) plenger semua wkwkkwkw, yg lagi bener mah JFA (jepang)",0,
padahal sampe ada korban ternyata dpr emng bukan wakil rakyat 😢,0,tiktok
ya begitulah kalo kita bekerja sama orang arab atau keturunan timur tengah,0,dataset_research
USER USER USER Mau debat sama anak yg dikuliahin tapi bisa dibegoin?\nBajingan emang orang kayak elu ya bikin indon sengsara URL,1,fn_hatespeech_id
woila ga butuh penonton apa yaaðŸ˜Œ,1,tiktok_v2
"USER Pak USER membawahi Dirjen agama2, Anda dapat mbuat perbandingan posisi Tuhan dalam ajaran agama",1,fn_hatespeech_id
angelkmgi cute sih ganteng parah masih juga,0,relabel
"""bajuku terlihat kampungan kalau dipadukan dengan jaket ini""",0,manual_augmentation
tak pikir cuma disini yang manajemennya plenger,0,
"Lu yg goblok, lu nnton gak acara ny semalam? Gak ad beliau mengatakan islam fiksi, mana ad bukti video ny? Lu islam atau kafir ? kalau islam kebangetan lu fitnah sesama muslim kalau kafir gue gak heran",1,fn_hatespeech_id
"""Gua kalai jadi tuhan gaakan gua jadiin dia ini manusia, lebih pante ga hidup ini orang di dunia, akhlaknya gaada tolol bangsat""",1,tiktok_v2
"USER USER setan itu semoga mencret 3 minggu berturut2, terus terlindas truk suhu'",1,fn_hatespeech_id
Presence lo itu unwanted get lost dari sini,1,codemixed
YOOOO,0,
sapa monyet,0,relabel
Memang ya tim pendekar bocil kuat bahkan kayaknya bisa ngehack PLN🗿🗿🗿,1,
maju berkelas rik tidak jamannya lagi toxic tidak beraturan build sistem you will be big,0,relabel
sayang anaknya ya serahkan saja polisi biar didik,0,relabel
"itu cewek2nya langsung eye contact gtu wkwkw, sekali lirik tukar pikiran saking gumohnya merekaðŸ˜­ðŸ˜­ðŸ˜­",0,tiktok_v2
eh kocak mending lu pulang dcariin mak noh,1,dataset_research
tempat para gembel cari pakan,1,tiktok
cantik amat💗,0,tiktok
"Bu ini kampus IAIN Ternate ada kasus dosen seperti ini Bu. berantas Bu yang menyimpang. dosen tenaga pendidik, masa menyimpang ke mahasiswa",0,tiktok
anjing keren sekali kamu nyelesain,0,relabel
"USER Dimaklumin aja, namanya juga KAMPRET, semua serba terbalik, hidupnya juga terbalik, menggelantung. Wajar kalau segala pemikirannya juga terbalik, kepalapun bau pesing karena kencingpun harus terbalik pula membasahi kepalanya. Pesing tak selalu",1,fn_hatespeech_id
anjing menggonggong kafilah,0,relabel
layout presentasinya jelek dan tidak rapi,0,manual_augmentation
"Ayo gelorakan #2019GantiPresiden, insya Allah kesejahteraan merata. Komunis lenyap.",1,fn_hatespeech_id
Kak vilmei bilang ke Yurika orangtua nya mau masuk surga gak aku gak punya pacar,0,
Si Mae mental wor nya keren di teel... Lama kelamaan minggat n nyungseb layani gw... Apalagi cebong baru netes... Wkwkwkwk bisa modar mendadak.... \xf0\x9f\x98\x9d\xf0\x9f\x98\x9d\xf0\x9f\x98\x9d\xf0\x9f\x98\x9d',1,fn_hatespeech_id
Lagi belajar cooking Italian food hasilnya lumayan enak loh,0,codemixed
RT USER USER Satu hal USER sama kader-kader sama gobloknya.,1,fn_hatespeech_id
"Kumpulan KIH Adalah Sekumpulan Manusia-manusia Kafir&amp;Munafik Sejati"" URL",1,fn_hatespeech_id
motor hilang di tagih bank ??,0,dataset_research
"orangtua bodoh, anak nya pembully ga diperbaiki malah dimanja",1,
RT USER USER Hari ini ngaku nggak kenal bsk mungkin bilang asma adalah ahoker yg menyusup di kubu anies sandi!!,1,fn_hatespeech_id
mending masuk penjara saja sudah seumur hidup,1,relabel
kepala kamu hahahahaha anjing,0,relabel
"""pgn belajar sama karakter ini"" tp mau buat versi sendiri lah begimna😭🙏",0,tiktok
"""cewe cakep, setia kok disia sia in sahabat""",0,tiktok_v2
"Ternyata salah satu penyebab Korea Selatan selalu ""struggle"" di edisi turnamen besar (Piala Dunia & Piala Asia) adalah sering gonta-ganti pelatih. Hal ini jelas berbeda dengan Jepang (JFA) dimana mereka masih memberi kepercayaan kepada Hajime Moriyasu sejak 2018 (artinya sudah 8 tahun) padahal secara prestasi Jepang minim trofi mayor. Mungkin argumen inilah yang membuat materi skuad, gaya permainan, dan konsistensi timnas Jepang jauh lebih stabil daripada Korsel yang rawan tergelincir karena umur kepelatihan cenderung singkat. Jepang fokus membangun jangka panjang, sedangkan Korsel mementingkan jangka pendek dan hasil instan.",0,
"yang bully timothy beruntung banget, ayah timothy ga nuntut dihukum lo, smoga tenangg kaka timothyðŸ˜ž",0,tiktok_v2
"USER Kau pernah di tolak sama kader pks ya bro? Segitunya bacot lu nyinyir? Woles bro,, broken heart bkn berarti broken hope kan? Ntr tunggu #2019GantiPresiden baru lu bole PATAH HATI MASSAL barengan cebong sekolam'",1,fn_hatespeech_id
Udah gak penasaran lagii ??,0,dataset_research
norak benar kegaet penjahat,0,relabel
"pasti dosennya jelek, coba ganteng",0,tiktok
"Anda didungukan & diperbudak Islam, Tiada Tuhan merintahkan solat melainkan Allah SWT biadab",1,fn_hatespeech_id
"""istilah aneh dipakai untuk menggambarkan desain bangunan""",0,manual_augmentation
"Bukan komunis kali yg coba dibangkitkan kembali, tapi rezim Orba sudah haus lagi",1,fn_hatespeech_id
"""suasana kelas tadi seperti kebun binatang karena terlalu ramai""",0,manual_augmentation
"""tolol banget saya lupa bawa kartu identitas""",0,manual_augmentation
mudah mudahan kamu jelek amin ya allah,1,relabel
kaget ternyata seireng itu😭,1,tiktok
Hi YouTube 😂,1,
ular dugong,1,relabel
projo artinya negri dan rakyat....apa hubungannya sattt😭😭,1,tiktok
ANGGOTA DPR INI SDH TUDAK MALU BANYAK KORUPSI TP TDK MAU DIGANGGU,1,fn_hatespeech_id
USER USER Bacot lu',1,fn_hatespeech_id
@Orang Susah:senyam senyum lu kira Iklan pepsoden,0,dataset_research
Tua,1,tiktok
kita berdoa sj smoga anak cucu dan keluarga kita dijauhkn dr hal2 yg tdk baik,0,dataset_research
"nih yang pada ngatain dia ati"" loh kena karma kaya temen gua ngatain gua jerawatan eh malah dia yang jerawatan trs akunya yg sembuh wkwk",0,dataset_research
"""bego anak orang udah ga perawan noh gara"" lu wkwkw""",1,tiktok_v2
Masuk keranjang belanja blm tentu di check out alias di PHP 😂😂😂... Jordi oh jordiiii....,0,
gila yah ini rezim jongos Cina,1,fn_hatespeech_id
Siapaa yg bikin korea ga masuk olimpic. Kenapa ga di elaborasi mas hansol? STY Indonesia 🎉,0,
"""Jujur ya kamu kalo anteng ga buat masalah cantik mel""",0,tiktok_v2
minimal sikat dulu tuh JIGONG ????,1,dataset_research
username kamu yang bodoh ngapain keluarga depok komen orang yang tidak saja yang hidupnya tidak bahagia yang suka menghujat orang hidup artis ayu berpengaruh kamu memang dasar kamu benci ayu kalau,0,relabel
USER Kasar bacot lo nying',1,fn_hatespeech_id
"JGN SEBUT YG BAIK SAJA SEBUT YG BUSUK JUGA KALAU FER.,.,.,",0,
wah ada triplek bergoyang,1,dataset_research
lah ini tuh anak sekolah toh? ko mukanya kaya babu tua,1,
"Serbuan TKA China, lalu Polisi bersama, lalu penyelundupan senpi... Hmmm \xf0\x9f\x98\x96 ada apa yaaa?... URL",1,fn_hatespeech_id
Jordy sdh kerasukan setan!,1,
kang ojek kali belang tangannya,1,relabel
I dont know why But these zikir sangat membantu Aku pon dapat hasil dari orang retweet ambil usaha sambil doa Insha Alla,0,dataset_research
Youtube😂,1,
"""Mama gigi gapernah ga cantik sih kalo menurut aku.""",0,tiktok_v2
"Urus endog saja ga pecus gmn dgn urusan yg lain ,\n\nDasar cungkring dah pea ,minta 2 x'",1,fn_hatespeech_id
sudah buriq brengsek pantes saja dapat lonte,1,relabel
pak USER perlu melanjutkan rencana USER untuk menyeret USER ke pengadilan HAM PBB ! URL,1,fn_hatespeech_id
yang lebih cantik sih hebat juga ni lakik ciwik nya cakep2 lho,0,relabel
USER gaya bgt lo kampang mau gue tendang gak',1,fn_hatespeech_id
RT USER: Masih mau memilih Agus-Sylvi???\nAnaknya SBY dan Keluarga Koruptor\n#BlusukanAhok\n#BerjamaahCoblosPecinya\u2026,1,fn_hatespeech_id
Mantan kamu yang brengsek itu jangan dilupain justru dijadikan pengingat bahwa kamu pernah salah pilih dan dibego bego,0,dataset_research
USER USER Palsunya keliatan banget...dasar cebong noraaa',1,fn_hatespeech_id
"""warna jaket itu agak kampungan menurutku""",0,manual_augmentation
"Orang tua si korban juga gak bisa ngajar anaknya dengan baik. Lebih gagal orang tua korban daripada orang tua pelaku dalam mendidik anak. Korban gak didik orang tuanya dengan mental kuat, korban cuma cupu, korban gak bisa apa-apa. Salah siapa coba? Pembully? Ya nggaklah, salah orang tuanya gak bisa didik anak",1,
kebanyakan olahraga muka ampe jadi logo arsenal,1,dataset_research
Udahan ya maen bapak-bapakannya,1,tiktok
cewek cantik putih mulus sexy sayang dulunya laki haha kaga lucu anjing,0,relabel
dasar termul,0,tiktok
baru tau arti yakult dikasih nyawaðŸ˜­,1,tiktok_v2
Pake bekas barangnya sijule awas ketularan kayak sijule bu😅,1,tiktok
"USER Justru Itu sebutan yg paling terhormat, saya malah kasihan sm cebong benerannya, di samain dgn kaum dungu.'",1,fn_hatespeech_id
itu MUKA ap aspal?? dekil amat ??,1,dataset_research
cieee mas aktor cieeeee😊😊😊,1,
Semua orang jijik lihat lo,1,cyberbullying_1000
kasian pegawainya,0,dataset_research
Saya dukung ibu yang bela anaknya. Banyak anak yang takut masuk sekolah karena dibully teman2nya anak tersebut tskut dan menjadi depressed kadang2 sampai binuh diri.,0,
USER USER Kok PAN punya kader beginian... waduhh ini sih udah Partai bejat namanya... MEMALUKAN',1,fn_hatespeech_id
bayu menolak sadar,1,dataset_research
"Lo itu nggak ada level, jangan coba-coba masuk circle kita",1,cyberbullying_1000
cinta maaf tapi lu kek dukun yg suka ramal pake kartu itu lohðŸ¥º,1,tiktok_v2
Mahasiswa sekarang hanya ada 2 : Kalo gk demo ya kasus..,1,
Lbh baik pelaku nya di buat kyk divideo kartel² luar negri.. Tngan nya dipotong dlm keadaan pelaku hidup klo ngk gtu wajahnya dikuliti hidup².. tp cuma orng sikopat yg brani lakuin itu.,1,
"""Tiap mau makan dibikin ama jess tpi malah ngehianatin gila sih""",0,tiktok_v2
"Lo itu selalu gagal, udah biasa",1,cyberbullying_1000
"""Wah ngehina fisik ni orang,ga bener ya wkwkwkwk""",0,tiktok_v2
"Dear Dik USER, selamat ya atas pencapaian ini, semoga bisa dipertahankan terus. Jangan kasih kendor Dik #2019GantiPresiden ?; ;",1,fn_hatespeech_id
USER Mls. Lu bau bandot',1,fn_hatespeech_id
RT USER: USER ada PKI kali nyusup diacara ente min ... massa pada teriak ganyang PKI ..,1,fn_hatespeech_id
Bro merasa dirinya Ariel tatum 😭,1,tiktok
gak pernah mandi dari kecil,1,dataset_research
Diem Pak Diem...,1,tiktok
caur wkwkw,0,dataset_research
Harusnya para pelaku di bu*uh untuk peringatan supaya tdak ada lagi kasus bully,0,
cowok anjing cuihhh orang kaya berkoar saya orang ping kaya sedunia orang tahu kalau orang kaya orang kaya malahn berperilaku orang sederhana memamerkan kekayaan dunia akhirat mampus kamu harta tidak bawa mati pants buang laut kamu orang anehhh,0,relabel
"""laporan pertanian menyebutkan serangan babi hutan meningkat""",0,manual_augmentation
jelek bgt..,1,
masker nya di pasang kaka biar cakep hehe,1,dataset_research
kontrol,0,dataset_research
USER USER USER Bkn keren lgi namanya saja gubernur indonesia. Presiden karang ja ga da yg bilang presiden indonesia... presiden cebong baru banyak yg bilang wkwkwkk',1,fn_hatespeech_id
Cantik dapat diakui untuk menghancurkan kesempatan untuk menolaknya sel epidermis bawang tipis jika saya mengaku hmm,0,dataset_research
cover bukunya jelek tapi isi tulisannya bagus,0,manual_augmentation
"paling JIJIKKKK sama ortu yang uda tau anak nya salah masi bilang ""namanya anak anak harus dimengerti "" lu gagal kocak jadi orang tua, gausa punya anak sekalian kalo uda tau anak nya salah masi dibela",1,
idungnya beda sebelah yah😌apa mataku yg rusak🤔🤔,1,tiktok
Penghina Keluarga Jokowi Langsung Diciduk Giliran Penghina Prabowo SBY dibiarin aja,1,fn_hatespeech_id
"USER Ternyata manusia satu ini orang paling busuk,lebih busuk dari bangkai,,zonk zonk'",1,fn_hatespeech_id
Imagine a YouTube employee commenting on this video with everyone else getting rickrolled in the office. 💀🗿,0,
Idih malu-malu nih mas hansol 😂😂 Wah.. Selamat ya mas Hansol debut filmnya sebagai aktor🎉🎉 Sukses selalu mas Hansol 😊😊,0,
USER LO TUH BABI ANJING. Mampus kalah jatuh miskin deh #bekasisah,1,fn_hatespeech_id
"""Tuhan yesus baik semangat rick""",0,tiktok_v2
emang sih ga akan diundang tapi kan mereka yang nonton ðŸ˜­ðŸ«µðŸ»,1,tiktok_v2
terima kasih untukku kamu teman sejati,0,relabel
"Kampus gak ada otak, klo gak viral emang kampus bakalan bisa ngasih sanksi?? Pihak kampus cuma mikirin nama baik kampus!!? Kenapa kalian takut kampus kalian kedepan nya sepi peminat gara2 kasus ini!!! Otak sama hati di pake dong sebagai pendidik",1,
manusia kocak ini nih,0,dataset_research
liriknya pendek tetapi susah hafal pas putar kali eh candu sekali,0,relabel
"Setan banget sih filmnya, bikin takut banget",0,fn_fp_reduction
@Soskqjqoekf not their first time,1,
"USER USER Rak harusnya lo tau kalau temen temen lo itu pinter, ga kayak lo bloon. Jadi jangan bego begoin kita, ga mempan :)'",1,fn_hatespeech_id
USER USER Aseng yg bajingan spt ahok beserta kroni\xc2\xb2 nya perlu di anti kan',1,fn_hatespeech_id
Itulah Indonesia. Yg dibully org yg bener.Yg salah dan binatang2 seperti nomor tiga dibiarin berkeliaran #matanajwadebatjakarta pak an URL,1,fn_hatespeech_id
yaela muljem seperti stu benar saja gag ingat sudah ngrusak kbhagian klwrga orang bodoh di prtahanin y gini,0,relabel
dibayar berapa sampe nangis gitu,1,tiktok
Tomorrow I Will Date With Yesterday's You movie Aku download sebab katanya sedih K start movie sampai ending duk fikir t,0,dataset_research
lucunya berasa mirip kaka adik,0,relabel
USER USER x relevant. Muslim tapi buat kerja kafir yg terkutuk',1,fn_hatespeech_id
Lo itu so arrogant padahal nothing special about you,1,codemixed
kalo gakbisa beli ori gausah beli yang KW mbak yang mampu22 aja ........ info ajaniwkeeke,0,dataset_research
Hitam banget njir,1,
"tapi aku liat selena gomez juga kayak setipe gitu cantiknya kaya gini,paham kan ya😭jadi ini ga jelek tapi kalian emang ga nyangka aja kan klo dia cinta kuyaaa",0,tiktok
"kemarin rabu udahh nontonn bareng temen sekolah,btw inget gkk kak sdn tanjung sari 2",0,
lagian cewe nya mau respon dah tau dua pasangan itu lagi gempar2nya 🤣,1,tiktok
"Saya juga termasuk korban bullying, saya perempuan dan pelaku adalah laki-laki. Dari ejek nama bapak sampai pernah di masukan ke mulut empeng bekas anak anak dari tanah. Apakah saya diam....oh tidak saya lempar mereka dgn batu ke kepala mereka 3 jahitan didapat. Emaknya datang ke rumah marah marah. Emak ku bilang coba kamu bilang sama tante itu, apakah yg anaknya lakukan ke kamu. Cerita ke emaknya pelaku dan diam saja. Setelah selesai cerita , sdh dengar bu cerita lengkapnya. Kalau ibu mau di ganti biaya jahit saya ganti. Bilang ke anak ibu, kalau mau tambah lagi jahitan dikepala, ejek lagi anak saya dan jahitan berikutnya ke mulut anak kamu. I love emak ku.",0,
Muka lo punchable banget pengen gue tonjok,1,codemixed
kagett jodohnya fiki naki 😭😭😭,0,tiktok
USER Dari awal sebelum filmnya tayang juga udah gak boleh spoiler!!!!!\n\nBACOT ANJENG',1,fn_hatespeech_id
"""mba isyana foto gelap2an gini aja aesthetic bgt ya""",0,tiktok_v2
USER USER Pengagum dan pengidola bajingan penista agama msh menjadi ancaman buat demokrasi!\nMereka menghalalkan segala cara utk membalas sakit hati nya !!\nDasar pengecut tu jongos2 mulut jamban !\nKlw ini terus menerus terjadi malah gak sampe 2030 sept yg disam,1,fn_hatespeech_id
"USER setuju habiisssss, bu puan wapres pak jkw, dan #2019GantiPresiden",1,fn_hatespeech_id
lucu suaranya kak abbey cantik mirip orang nya terharu,0,relabel
cantik tapi bertompel kek nenek gua wkwk,0,dataset_research
"""kata babi dalam konteks ini bukan sebuah hinaan""",0,manual_augmentation
tiap hari ada aja gebrakannya si abidzar 🤣,0,tiktok
"Cuaca enak, cocok buat jalan-jalan",0,contrastive_dataset
"Makasih udah bantu, lo emang selalu bisa diandalin",0,contrastive_dataset
"@shiva-t5g gk semua rasa sakit pas haid itu karena ada masalah rahim . Saya udah cek dan semua okay gk ada masalah, dokternya menjelaskan lebih ke hormonal dan kondisi otot rahim saat haid itu berbeda, cuma mmg benar kalau sakit berkepanjangan biasanya ada masalah.",0,
Barusan liat tulisan di belakang truk rela injek kopling demi kamu bisa shopping,0,dataset_research
"""jaket ini bikin gayaku terasa norak""",0,manual_augmentation
USER USER Cocot rusak',1,fn_hatespeech_id
USER USER USER USER USER dulu sahabat sekarang jadi bangsad',1,fn_hatespeech_id
kelak jika aku menjadi orangtua yang akan kulakukan adalah meyakinkan anakku nak percaya sama ayah tidur siang itu men,0,dataset_research
sejelek image owner ya artis ups artis hallo langsung orang tahu image kamu jelek gentong,1,relabel
"USER USER USER ngoahahaha, kliatan klo blum lair; ; KEAHLIAN CEBONG HANYA 1, TUKANG TIPU !!!; cebong mah gitu, goblok nggak ketulungan. Plonga plongo mengakibatkan optimisme berlebihan; ; #2019GantiPresiden #PlongaPlongo #Dunning",1,fn_hatespeech_id
kerusakan nya coyyy .... gada,1,dataset_research
"""Beda sama d foto yaa.. Disini lebar banget mukanya maaf itu kalau foto editan ya""",1,tiktok_v2
"Kepada suami saya, saya menyarankan untuk tidak meneruskan foto ini kepada istri saya hanya",0,dataset_research
ngelesnya bisa bgt tolong ??,0,dataset_research
Lanjut bongkar bu Lita 👍👍👍👍👍👍,1,
Thanks ya udah help aku buat PR tadi you are the best,0,codemixed
Pak Erick Ketum PSSI TERBAIK,0,
Skill lo zero gak ada talent sama sekali pathetic,1,codemixed
"Insyaallah tgk, sudah kita lihat pengalaman saat ini, kepentingan umat disepelekan. #2019GantiPresiden",1,fn_hatespeech_id
Lo itu nobody cares about you pergi aja sana,1,codemixed
PANSOSNYA SUKSES WKAKAKA,1,tiktok
"""Meninggalkan berlian demi Tai Sapi""",1,tiktok_v2
"""babi ternak itu baru dipindah ke kandang besar""",0,manual_augmentation
tidak usa pakai anjing babi kalau saya balas begitu wkwk,0,relabel
sekarang jule itu status istri safri.takutnya jule dengan alasan mau ketemuan dengan anaknya tanoa seizin Safri .lalu Safri menuduh jule selingkuh dengan mantan suaminya. saran saya jule kalau mau ketemuan bareng dengan Safri atau terang terangan .,0,tiktok
"Jika Anda berisik tidak ada yang salah begitu Anda diam semuanya salah, dia sudah memiliki seseorang",1,dataset_research
@muhammad hanif: lucu juga ni mascot dufan,1,dataset_research
Geli Pikmi,1,dataset_research
oh kemarin menghargai karya orang bilang jelek sekali aduh penganten perempuan nya kekenyangan yah sampai kembung begitu perut nya pepuralugu,0,relabel
"""Bego lu. Alam semesta dan seisinya pun serentak murka mendengarkan lagumu""",1,tiktok_v2
Kenapa awalnya gue harus kenal lo kalo\nakhirnya kita sama2 kayak saling gak kenal? Dasar BANCI',1,fn_hatespeech_id
"""Sukaa bnget sm artis ini? nggak neko2.. dan natural bngett""",0,tiktok_v2
Ada yg bisa menjelaskan kronologiny seperti apa ? Harus melihat dari kedua belah pihak mungkin yg di bully dan yg membulily ada kontak non fisik atau fisik sebelumny,0,
"Turunan arab rata"" gtu????",0,dataset_research
foto nomor edit edit ya saayy kamera nyaa bening model fotonya bening tidak pakai filter tipu tipu,0,relabel
"Saat ada tagar #2019GantiPresiden semua lantang menentang tapi ketika sang presiden dikatakan kacung terdiam semua....ada apa?justru yg membela presiden mereka yg meneriakkan #2019GantiPresiden ..apa yg kmrin2 berteriak itu membenarkan ucapan anak itu,?",1,fn_hatespeech_id
??????gudu juara karate Iki .tapi juara karambol,0,dataset_research
"""Nagita masa kaya anak muda coba cantikk bangeett""",0,tiktok_v2
Dia sendiri giginya berantakan abis... kampungan pula...,1,
RT USER: Banyak tulisan yang lebih parah dari dandhy laksono masih keliaran dan masuk tivi pulak malah membakar sekolah segala...mikir,1,fn_hatespeech_id
kakinya kek hamil tua ya bun kaki gajah ayuugsia,1,relabel
lu ngapain cok,1,dataset_research
"Emg kenapa si, org juga butuh pendamping hidup lagi, netizen gatau apa2 mending diem, mau gimn pun juga mamari berhak bahagia, gausah urusin hidup org lainðŸ˜’",0,tiktok_v2
USER Gak jelas lo kampang',1,fn_hatespeech_id
USER USER Diam kau kampang',1,fn_hatespeech_id
1 DAY AGO edit: 7 months later love youtube I watch it everyday Edit 2: crazy 9 months ago youtube made this comment remember yt is crazy sometimes,0,
kakaknya murid2ku masih ajar sekolah internasional mihil anaknya cantik2 si bapak ramah sangat sepupunya sekolah yang yang uang masuknya saja 70 jtan lebih siswa tidak tahu sekarang berapa,0,relabel
masakan kamu enak sekali makan rumahmu,0,relabel
hahaha kasihan ya tidak becus perem ngerebut laki orang biar dikata perempuan dasar perempuan sadar anda cuy,0,relabel
"Sblum BENSU terkenal, mna bs si Jordy jg dkenal org ??? Ini namanya Durhaka sma kk !!! Contoh sdikit cerita Mahabharata, bgaimana tunduk & patuhnya adik2nya Yudhistira kpd sang kk, even kk nya salah tpi adik2nya ga brani ada yg nentang, apa pahala nya ?? Akhirnya smua adik2nya masuk Surga.. 🙏🙏🙏",1,
"tadi nya pas liat wah kok segitu nya, tapi pas liat di bandara masih nyorakin dan semangatin pemaen, tapi ngehujat si pelatihnya doang sih, wah apakah apakah wkwkk",0,
Pemutusan,0,dataset_research
desain logonya terlalu norak untuk brand premium,0,manual_augmentation
penyakit anjing gila rabies penyakit menyerang anjing kucing kera dan lain lain,0,relabel
Miskin jelek tukang bullying 😂,1,
Lah Widow APH,0,dataset_research
USER ITULAH si ahok kutil babi,1,fn_hatespeech_id
babi main ma anjing,1,relabel
USER Asal jgn prabowo,1,fn_hatespeech_id
si bangsat lagi mancing memang bajingan itu orang,1,relabel
MUKA ARIEL TATUM 😭🫵🏻,0,tiktok
terus berkarya brd titik seperti,0,relabel
"USER Dunia kan penuh munafiqun sok suci seperti ente.\nKalo semisal itu Ahok, pasti lo bilang KALAU GAK SALAH KENAPA KABUR?\nTapi karena itu si cabul adalah si jijik, ente jilat memek sendiri... ente bohongi diri sendiri.. ente gak nanya kenapa kabur kalau gak salah.\nMEME",1,fn_hatespeech_id
masyaallah cantikkk banget Pratama Arhan punya IstriðŸ˜Š,0,tiktok_v2
"emang cuma settingan mereka tuh,cuma pengen jatohin si pandaðŸ˜",1,tiktok_v2
percaya gimik raffi gigi dan att att peserta keluarga hujad dan anak nya hujad kesini penonton bodohin publik yang kasihan penghujad tidak ayu tidak pesbukers biar ngeluarkn album single artis halan nengri gimik yoo,0,relabel
"""selama dipenjara apalo sikat gigi? KOK BAU YA, BAUBAU AROMA BANGSATTTT""",1,tiktok_v2
beli anjing teman sudah teman kaya anjing,0,relabel
dasar artis abal abal enggk laku layar kaca sudah enggk duit kere miskin main ke dukun elmu pelet perebut suami orang yang kaya,0,relabel
Sebenernya banyak negara rasis gua ga belain korsel tapi jujur aja nih indo aja rasis parah cok ke sesama warga papua 😂 sampai dikatain ireng lah,1,
"Diam, Anda sendirian di Kok",1,dataset_research
raisa mah tipe cantik sopan santun pakaiannya,0,relabel
"di nepal bisa kejadian soalnya parcok nya netral, disini mah boro boroðŸ˜‚",1,tiktok_v2
malah kayak tamu undangan bukan pengantinðŸ˜­,1,tiktok_v2
merinding liat mukanyaaaa,1,dataset_research
adeknya gg anjayyyyy,1,
USER Cuman tokoh Gusdur presiden yg mrngakui warga cina jadi WNI dan ahir nya indonesia sampek bener2 mw d kuasai oleh cina.....,1,fn_hatespeech_id
RT USER USER USER Klop pemberontak sekaligus koruptor.,1,fn_hatespeech_id
anjingnya guys saya liat babi hitam,1,relabel
Ibu mana tidak sakit hatinya anak nya dibuli sampai takut ke sekolah..boleh bayangkan sampai takut..kamu boleh bayangkan..lagipun tidak nampak muka menyesal.kalau saya ada disitu pasti bapak nya aku tampar,1,
suara anjing tadi malam keras sekali,0,manual_augmentation
seru banget plisss ❤❤❤,0,
"Yeu kunyuk mt gue kaga di bales, sok suci cuihWoosoeokJung'",1,fn_hatespeech_id
Banyak artis indonesia kulitnya exsotis mulus ðŸ˜Š muka pun mulus,0,tiktok_v2
"""Mending lu pada tobat dah""",0,tiktok_v2
username bilang saya fansnya via duh nantangin saya nih orang anak tolol anak alay jablay,0,relabel
Anak yg suka bully ini emang harus di kasih jera Biar paham Tapi memang kedua belah pihak harus dipertemukan di sekolah,0,
"RT USER: USER lost respect untuk kesekian kalinya buat agency yg lo banggain, buat artis yang lo banggain. \nkelakuan tai kucin\xe2\x80\xa6'",1,fn_hatespeech_id
Sungguh Rezim (Jokowi) lebih sadis dri kekuasaan Soeharto berpuluhan tahun lamanya.,1,fn_hatespeech_id
Makin biadap makin berprestasi,1,tiktok
jgn minta maaf jika km minta maaf karna ketahuan 😏,1,tiktok
lagi main pahlawan pahlawanan bang😂😂😂,1,tiktok
Budiiii Budi,1,tiktok
si wanita jahiliyah lesbi sekarang sudah py pacar lagi kasihan anaknya kemarin kasih bencana slnya tega misahin anak dari nya ktakutan anak nya masuk islam padahal bp nya tidak pernah nuntut anaknya memeluk islam sudah kasih nikmat anak 3 orang masih saja begajulan,0,relabel
kotak banget TUH muka,1,dataset_research
Yang buly kurs kering jelek,1,
"Kenapa ga satu lawan satu, kasihan yg ngeroyok",0,tiktok
ternyata KFA sama FAM itu lebih kurang juga tolol nya,1,
USER USER USER tolol! Die gaada sangku pautnya! Ngapain lu blg pengecut?dasar tolol',1,fn_hatespeech_id
Langian ngapain percaya aki2ðŸ¤£,1,tiktok_v2
saya liat babi melompat lompat lumpur,0,relabel
pantesan yg kena kasus bully pas sekolah bisa lgsg blacklist namanya dari pendaftaran univ top korea,0,
Sakit jiwa,1,tiktok
ternyata KFA plenger juga kayak PSSI,1,
USER USER USER USER USER USER USER USER hihihihi ciri khasnya cebong kacung klo udh dongok ya gini neh \xf0\x9f\x91\x86\xf0\x9f\x91\x86',1,fn_hatespeech_id
"dulu gara2 aku di bully. ayahku masukin aku ke sanggar bela diri dan ayah selalu bilang ""kalo kau di pukul, pukul balek. kalo ada masalah nanti itu urusan ayah. jangan takut membela dirimu sendiri asalkan bukan kau yang mulai.""",0,
kalian yg ngomen kaya uda sempurna aja😌,0,tiktok
"melihat komen"" aku jadi ingat kata Namjoon BTS "" kita tidak jelek,kita hanya terlahir di masyarakat yg pintar menghakimi""
love your self cinta💜💟",0,tiktok
Sesungguhnya ketika harga daging pernah tembus di angka 200 ribu per kilo pemerintah Jokowi tlh gagal kelola negara URL,1,fn_hatespeech_id
kata gua sih emang udah di setting dari awalðŸ˜†,1,tiktok_v2
Jarang2 neh aku di 17menit udah nongol wk wk wk ..... siapa yang samaaa ????,0,
anak itu senang melihat monyet di taman safari,0,manual_augmentation
Abidzar gaada aura konglomerat tpi bisa dpet peran kang tae moo tuh gimana😭,1,tiktok
USER USER USER Cocot cocot cocot. 2019 bubarin grindra',1,fn_hatespeech_id
bocilll jaman skrg ga punya adab yhh kok bisa',0,dataset_research
MUKA ARIEL TATUM ðŸ˜­ðŸ«µðŸ»,0,tiktok_v2
aku malah kasihan SM anaknya klo lihat berita² ini nanti,0,tiktok
RT USER: USER prabowo tuh.. Anaknya pembrontak..,1,fn_hatespeech_id
Sekarang malah ke klub plenger 😂,1,
mata ngantuk semua,1,tiktok
NEVER GONNA YOUTUBE YOU UP,0,
muka nya muka kolot wkwk muka bayi2 lucu begitu,1,relabel
serius pret nyaa secepat inii??!😭😭,1,tiktok
USER si ahok pantasnya dinobatkan sbgai Babi ngepret,1,fn_hatespeech_id
mba isyana foto gelap2an gini saja aesthetic sangat ya,0,relabel
Yg kaos hijau Sok bener,1,
"Dia menangis bukan kerana empati, tapi takut di blaklist dari dunia kedokteran",1,tiktok
"""Mukanya kalau gak dibantu kamera dekil dan kumel""",1,tiktok_v2
otak siapa yang eror orang lain malah kena,0,tiktok
langsung bilang yang maksud kalau gini namanya munafik,0,relabel
berarti cowo tulus tu gaada ya🥺,0,tiktok
"""Bikin skandal karena kepengen tenar?""",0,tiktok_v2
"itu kayaknya poto lama deh..soalnya mukanya masih unyuÂ² bulet cabi,,sementara sekarang tu lebih tirus dan keliatan dewasa gitu auranya...",0,tiktok_v2
Saking susahnya cari kerjaan,0,tiktok
"Emang gk cocok sm Erika, Erika kecantikan buat kamu ðŸ˜›",1,tiktok_v2
"""gaya poster ini aneh untuk acara ilmiah""",0,manual_augmentation
Eh diem lui tidak melakukannya USA iKt ikuti woo,1,dataset_research
malu bgt pernah dukung bravy😭😭,1,tiktok
"kalo netizen di sini, sebenci-bencinya sama kluivert mah kalo ketemu pasti ngajak foto juga 😂😂😂",1,
cuman di video ini gw nge like cuman di video ini gw ga skip durasi cuman divideo ini gw nonton sampe habis cuman divideo ini gw komen sumpah gokill banget aslii 🤣🤣,0,
"ngapain hi hi , org ga kenalðŸ˜­",1,tiktok_v2
njr melet melet saya kirain hewan,1,relabel
hari ini mukaku jelek banget karena kurang tidur,0,manual_augmentation
Duta klarifikasi ??,0,dataset_research
Salam Flks Kak,0,dataset_research
dia cuma mau balas dendam sama dj pandaðŸ˜…,1,tiktok_v2
Berita Goblok udah tau berita lama masih aja dishare gua lagi sedih sedih nya malah akhir akhir nya hoax gua kira itu ibunya beneran,0,
dasar miskin,1,dataset_research
"USER USER Kenapa kekuatan USER Digembosi oleh rejim? Karena mereka takut #2019GantiPresiden Tidak bs merampok kekayaan RI dan takut akan kebangkitan bangsa ini menjadi bangsa yg berdaulat, makmur &amp; kuat di bawah kepemimpinan",1,fn_hatespeech_id
"NGAKAK! Rupiah Melemah, Warganet: Gak Ada Berita Begini di Metro TV",1,fn_hatespeech_id
era kamu mending kamu mati saja babi kalau baca balas nyet,1,relabel
"""suasana rapat seperti gelombang karena naik turun terus""",0,manual_augmentation
"USER Ini adalah salah satu contoh, iblis berwajah manusia'",1,fn_hatespeech_id
"""Meldi udah dapat kontrak endorse skincare ya tapi kok mukanya tetap jelek si?""",1,tiktok_v2
"""Muka kek slangkangan biawak aje bnyk blagu lu""",1,tiktok_v2
mengirim:??,0,dataset_research
MUNDUR dari sekarang pak Gatot &amp; bersaing sehat dgn Pk Jokowi,1,fn_hatespeech_id
tidak jelas kalau jadi monyet,0,relabel
cnta kmu ke aku tuh kyk fto albm tau g dbalk2 ttp aj g brbh sma ky km yg g prnh brbh untk mnjdi yg trbaik untk aku,0,dataset_research
"""Kakak pinter nyanyi ya @syifahadjureal, suaranya bagus kak""",0,tiktok_v2
"Guys its just youtube, your on it everyday 😂",1,
KORSEL KARMA ITU SAMA KELAKUANNYA DI PILDUN 2002 JUARA 4 BAYAR WASIT COK. NAJIS MAMPUSSS ANCUR MAMPUSSS,1,
USER tolong si ini onta nyanyi mulu minta disemprot baygon',1,fn_hatespeech_id
"Dari 26, 48, 65, dan 98; Komunis baru berhasil berkuasa penuh di rezim USER ini.",1,fn_hatespeech_id
USER USER kok aing lagi sih.. kampang kalyaaann.....',1,fn_hatespeech_id
"Korea sama indo mirip mirip, tp Korea lebih gila reaksinya, tp emang pildun ini Korea mainnya jelek",1,
KFA sama 11 12 sama PSSI.. Coba belajar dr jepang minimal... Hasil itu panjaaasang hasilnya.. Korea Indonesia mau instan langsung menang,0,
kebanyakan makan duit haram,1,tiktok
"Parpol Koalisi Pendukung Gaduh, Jokowi akan Sulit Menangkan Pilpres 2019; #2019GantiPresiden ;",1,fn_hatespeech_id
"Sesuai prediksi, warganya emang toxic. Plus u guys not that good in world football. Known your Place mate",1,
kalo dibubarkan dapurnya gak berasap bang,1,tiktok
"""Congrats ka @isyanasarasvati, terus berkarya, makin sukses? dan terus mnjd inpirasi kita semua?""",0,tiktok_v2
USER Dasar brengsek',1,fn_hatespeech_id
Emang problematik punya bos ....... Isi sendiri,0,dataset_research
OMG HIIII,1,
"""Ya ampun kak makan apa sih kok bisa cantik banget""",0,tiktok_v2
so sweet pemain gendong anjing pengganggu laga,0,relabel
buat projo....terus lh menjilat...karna itu jalan usaha menapkahi keluarga nyaðŸ˜ðŸ˜ðŸ˜ðŸ˜,1,tiktok_v2
Ngapain masih hidup kalau ga ada gunanya,1,cyberbullying_1000
"USER USER Bicara komentar gampang menggunakan bahasa seolah anda tahu sok pintar menilai, Anis bisa jadi gubernur klo gak isu sara susah menang ,orang bijak TDK meng olok olok",1,fn_hatespeech_id
"""Kasihan ular dibawa bawa kamu gak pantas jadi ular pantasnya jadi bunglon atau buaya..""",1,tiktok_v2
"USER USER USER USER USER 1000 macam cebong yg sudah saya ladenin seperti anda,saya jawab jg percuma krn anda sndr nyinyir (istilah cebong) hahaha ,Kan saya sdh bilang tanya saja ama pak USER bagaimana kejadian sbnrny",1,fn_hatespeech_id
"""Kok meldi di foto aku gendut beda""",1,tiktok_v2
Iya rep gatau aku masih kelas 4 sd ehh di block,0,dataset_research
RT USER USER 70 jt pendukung jokowi siap menangkan pemilihan presiden 2019...biar kaum sumbu pendek makin kejang kejang,1,fn_hatespeech_id
"Sama aja dong kek pssi , sama sama plenger 😂",1,
apa kabar fans Bravy 😁,1,tiktok
"Lo itu lemah, makanya selalu gagal",1,fn_fp_reduction
"""kakak cantik bgt bismillah cerdasnya nular""",0,tiktok_v2
sikat abiss lahh orng2 sialan kaya gini pemimpin negara tidak hormatin jangan mentang2 president sembarangin marah tidak hina pemimpin harap tindak hukum orang iniÃ¶,0,relabel
"USER USER Cara berpikir bayi tabung perpaduan sperma KAMPRET dan ONTA.., jangan pernah diragukan lagi.'",1,fn_hatespeech_id
PROYEK KORUPSI REZIM SBY URL,1,fn_hatespeech_id
kamu sekali,0,relabel
"padahal kalo pertandingan biasa seperti antar kota disana, keknya warga korsel nggak sebegitu antusias seperi nonton bisbol",0,
nikah baguass deh semoga kelak jadi keluarga yang samawa,0,relabel
Aki aki bangkotan,1,tiktok
bwa ke polsek,0,dataset_research
"""woi anak anjing ngapain lu hidup bgst""",1,tiktok_v2
fredy ni orang indo apa bukan si,1,tiktok
kasihan sekali jane sudah nunggu penjara eh tahunya waw sakit siih,0,relabel
"Inikah hasil ""pencitraan"" USER ? Tanya sama beliau USER URL",1,fn_hatespeech_id
"jahat jahat bgt ketikan kalian plis ya allahhhh:(. aku bacanya aja istighfar berkali"":((",0,tiktok
"Setelah rakyat dibunuh & dipenjara saat demo lalu, kini RKUHAP sah lewat perumusan super kebut. Iya, rakyat kalah lagi. Otoritarianisme makin nyata. Semua akan dibungkam.",1,tiktok
"Sial banget hidup lo, nggak ada yang kasian",1,cyberbullying_1000
muka cantik pakai up hini bahagia sangat kali ya yang suaminya liat bidadari harinya,0,relabel
kesihan saya orang otak dangkal kek gini,1,relabel
jelek dapat selingkuhan jelek keren yaa imbang wkkw,1,relabel
"udah kelar ya main pahlawan pahlawan nya ðŸ˜‚,emang cari sensasi dan biar nama nya naik doangðŸ˜‚",1,tiktok_v2
"""Sumpah demi allah bagus bangett kereennn merinding ak nya.. dengerin sampe abis tiba2 aja ampe netesin air mata""",0,tiktok_v2
"""Gajadi beli Model murahan barang pasti murahan""",1,tiktok_v2
"""Dah lah. Gw capek baca komen kalian""",0,tiktok_v2
Baby face begini dibilang aki akiðŸ˜­,0,tiktok_v2
Kayak STY tiba tiba diganti Patrick Kluivert KFA kok bisa kayak PSSI Plenger,1,
"""GAGA SEMPET BENERAN LORA LO TINGGALIN, LO ORANG PALING JAHAT GA!!!! LO GAK BAKAL BAHAGIA GA""",1,tiktok_v2
MANIS BGTT KAA MASYA ALLAH,0,tiktok
erick masuk neraka jalur selingkuh bos,1,relabel
USER USER Waakaakaak.... Ni orang pasti pendukung Yahudi... Jangan jangan dipikiran dia yg ada negara Israel... waakaakaak',1,fn_hatespeech_id
"""Raisa mah tipe cantik tapi sopan santun pakaiannya""",0,tiktok_v2
"Bapak bangsa Indonesia adalah Sukano, bukan ulama, kiai, atau pejuang muslim. Pejuang muslim mendirikan Negara Islam",1,fn_hatespeech_id
mantap anjing,0,relabel
"""kata anjing di kalimat ini bukan ditujukan ke seseorang""",0,manual_augmentation
bayu aneh bgt anjir,1,dataset_research
apanya dibaca anjing kalah kalah saja alasan bacot,0,relabel
urut berduka atas matinya ketidak adilan dan kedzholiman rezim ini.,1,fn_hatespeech_id
USER USER Cebong makin kepanasan jadi makin ngawur. \xf0\x9f\x98\x95\xf0\x9f\x98\x95',1,fn_hatespeech_id
sumpah aslinya muka kamu lebar mirip baskom loh mel rosameldianti_,1,relabel
Bukan relawan tp team pemenang anies sandi si asma dewi penyebar kebencian,1,fn_hatespeech_id
"USER Emangnya lo siapa, sontoloyo si pengecut'",1,fn_hatespeech_id
"Maaf, dari gesturnya kayak bingung ya",0,tiktok
"Kerjaan sudah selesai, lega banget rasanya",0,cyberbullying_1000
"""Iya lo kamu mirip monyet mel""",1,tiktok_v2
"""Meldi aku perhatikan kamu seperti orang china deh.. cantik""",0,tiktok_v2
Buset,0,dataset_research
koq nyanya ke saya..🤣🤣🤣,1,tiktok
"""artikel itu menjelaskan cara merawat anjing yang sakit""",0,manual_augmentation
Noway 😮,1,
"RT USER: Kaum Homo, Lesbian, Banci kalian bela atas nama HAM, tapi seorang wanita yang memakai cadar kalian cerca atas nama tol\xe2\x80\xa6'",1,fn_hatespeech_id
makanya jangan rekam di otak kakðŸ˜­ðŸ™,1,tiktok_v2
before and after pasca oplas tidak ngefek ya tetap jelek n seram mukanya ahahahhaha,0,relabel
kerjaannya banyak bacot,1,dataset_research
"Astaghfirullah Hal'adzim..; Benar2 terjadi PEMBODOHAN ..; ; Bagi yg pernah nonton , mungkin bisa tau berapa persen EDUKASI yg didapat dlm film2 ini ..; ; #2019GantiPresiden; ; USER; USER; USER; USER; USER; ;",1,fn_hatespeech_id
mungkin standar cantik nya disana kyak gini 😌 tapi plis cinta kalo balik ke indo jngan kyak gini ya. takut nanti nggk bisa bedain yang mana Lina Mukherjee 🙏🏻,1,tiktok
Paling gabisa kalo soal opet,1,dataset_research
"unfoll ah, udah ga menarik wkwk",1,tiktok
Nonton kelanjutan series nya di mana???,0,
"Hari ini cerah, cocok buat olahraga pagi",0,cyberbullying_1000
Ini jaman edan siapepun yg gak dukung wowo di Cap PKI/Komunis/anti Islam/antek cina. Dan klo yg gak mau nonton film G30S PKI juga di Cap PKI,1,fn_hatespeech_id
memiliki kakak perempuan seekor anak anjing,0,relabel
@TheStupidSergeant poo,1,
tuhan yesus semangat rick,0,relabel
"""bego banget aku baru sadar sekarang""",0,manual_augmentation
bangga tinggal nyebutin aneh nih otak babi,0,relabel
"""Apaan si melet2 sok ganteng""",1,tiktok_v2
jangan lupa asah skill berkelakuan baik dan punya keluarga bang 🙏 biasa nya itu COUNTER jerat hukum pidana,0,tiktok
nikmatnya menghirup oksigen bebas ya,0,relabel
kita sudah,0,dataset_research
USER dasar setan',1,fn_hatespeech_id
Di tempat saya cina di usir karna waktu zaman belanda jadi tukang pengkhianat,1,fn_hatespeech_id
RT USER: Janji Jokowi Janji ala Kompeni - Konser Iwan Fals Untukmu Indonesia URL lewat USER,1,fn_hatespeech_id
Tahun depan diprediksi akan jatuh orang2 yg mendatangkan warga China tsb. #2019GantiPresiden,1,fn_hatespeech_id
"""goblok, aku salah pilih file lagi""",0,manual_augmentation
yaaaa yaaa kalau liat muka nya sumpah ngeselin sekali sudah operasi sono biar gantengan sedikit kalau jalan mall tidak kenal orang,1,relabel
USER muncul nih penyakit nya. Ini malah dari jam 7 malem. Kacrut. Mau nelpon 147 telpon mati juga. Kacrut banget dah.',1,fn_hatespeech_id
"NGERTI HUKUM TAPI HANYA MENJADI TAMENG UNTUK DIRI SENDIRI,TANPA MAU MENYADARI BAHWA DIA BERSALAH,ORTU GILA...",1,
he never gave,0,
"""aku kelihatan aneh di video call karena sudut kameranya""",0,manual_augmentation
USER Diemlu bangke',1,fn_hatespeech_id
pengendara bangsat bajingan,1,relabel
di jaman sekarang anak SD udah seperti kyak preman ntar gede lgy masuk stm perang bawa Sajam gimana bangsa ini mau maju orang penerus bangsa nya kyak preman,1,
"Bacalah, Muhammad mencatut nama Tuhan untuk perbuatan Setan, Bung Fahri",1,fn_hatespeech_id
anjing sumpahw tadu yang reply mba tara ganti dp om2 buru,0,relabel
Aku kok bingung ya,0,dataset_research
Lo itu laughing stock semua orang ketawa di belakang lo,1,codemixed
"gak usah dengerin netizen indo, standar kecantikan di indo emang beda sama di luar",0,tiktok
USER Ternyate nyang Nulis Twit ne.. Cebong kelas kakap folower 35ribu tapi sayang bloon dongo sialan haram jadah!! men fitneh dasar bangsat!! \xf0\x9f\x91\x8e',1,fn_hatespeech_id
"Pildun 2002 aku SD. Kayaknya aku nonton yg Korsel Italy. Goal scorernya Ahn Jung Hwan yg saat itu main di klub Italy, Perugia. Sejak saat itu dia dibenci publik itali.",0,
"Gak usah pada ribut, kunci untama santai dan tetap tenang, pelaku sepulang penjara ditabrak mobil aja paling kasusnya kecelakaan, beres kan, yang setuju like",0,
aaaa bangsat ketauan bohong,1,relabel
"""aku memutuskan untuk menjadi fans isyana. gila keren banget ya, otak mereka berdua bisa berfungsi dg menjalankan perintah ke tangan dan kaki, di waktu bersamaan""",0,tiktok_v2
USER USER USER USER USER USER USER USER USER USER USER Congornya persis congor onta.\xf0\x9f\x90\xab\xf0\x9f\x98\x82\xf0\x9f\x98\x82\xf0\x9f\x98\x82',1,fn_hatespeech_id
kaya ya kasian si putih,0,dataset_research
Lapor pihak berwajib biar d tangkap sdah kasus penganiayaan itu,1,
konten putus foto tabi jessica tidak dihapus,0,relabel
"USER USER Ogah presuden kacung... Siapapun orgnya, yg penting jg presiden kacung'",1,fn_hatespeech_id
USER USER USER cebong kan otak nya cuma sak upil',1,fn_hatespeech_id
info,0,dataset_research
"gila, cepat banget larinya",0,manual_augmentation
USER USER USER USER USER USER USER USER USER Yang ga setuju pasti pendukung anti rejim skrg.. \nDan yang lo sebutin itu yg lo lakuin',1,fn_hatespeech_id
USER Nate bocah kontol goblok sontoloyo kepala getel sial asu brengset',1,fn_hatespeech_id
Lo tuh cringe banget deh malu-maluin aja,1,codemixed
kok bisa ya..,0,dataset_research
"Kalau wajahnya jelek gak cantik mbok ya perilakunya dijaga agar tetap baik, sudah jelek jahat lagi, apa yg diharapkan dari dirimu😢",1,
"""layout websitenya aneh tapi tetap bisa dipakai""",0,manual_augmentation
ABIDZAR lo remake film JODHA AKBAR aja pemeran cewe nya lina mukherjee,1,tiktok
minimal kl lo kurang fisik tutupilah dengan kebaikan prilakumu...mikir otak.jangan ditambahin tai doang,1,
ingat ramalan Hard Gumay ðŸ˜³,0,tiktok_v2
"Bang gimana komentarnya warga korsel, saat skandal suap piala dunia 2002 ? Marah atau seneng ? 😂 Kalok gak nyuap gak mungkin korsel lolos semi final 😂😂😂😂😂😂",0,
WOe tandaiin mukanya mau cewek cowok jangan anggap remeh tuh nyawa org bangke bangke kasian korbannya,1,
tai wkwkwkwkw,0,dataset_research
Kasusnya nyata. . Na hwa jinnya yg ga nyata 😢,1,
Lanjutkan saja perkara ini sampai ke ranah hukum .supaya tidak terulang..pelakunya bisa jera,0,
Tapi kayaknya ini udah parah bgt bopengnya,1,dataset_research
"Goblok banget sih rules-nya, ribet amat",0,fn_fp_reduction
ya allah ni orang peri cantik amatt,0,relabel
Citra kebaikan dlm semua hal ditonjolkan oleh Rezim diktator JOKOWI skg luar biasa dibela media umum terus menerus membangun opini,1,fn_hatespeech_id
"""kampret, aku salah naik lift lagi""",0,manual_augmentation
si monyet bangsat saya coba memang situ saja yang keganjenan sok polos babiiii,1,relabel
kardiograf anjing,0,relabel
Bukti nyata Cina Indonesia antek penjajah,1,fn_hatespeech_id
"""Udah cantik, rada gesrek tapi ya ini banyak kelebihannya, semangat tetap produktif""",0,tiktok_v2
PapaMintaKetuaFraksi rakyat mau nya setya novanto keluar dari dpr bukan di pecat dari ketua dpr percuma saya di pecat dan masih ada di dpr,1,fn_hatespeech_id
abidzar a nya apa,0,tiktok
"""bego banget gue kirain itu ruang dosen""",0,manual_augmentation
KAMPUNGAN,1,dataset_research
dasar plagiat tidak kreatip memalukab sangat,0,relabel
video ini jelek kualitas audionya,0,manual_augmentation
dari dulu aja hobi selingkuh yaa sekarang masih doyan,0,tiktok
muka nya begitu seren bikin mual liatnya,1,relabel
Lo itu crybaby weak banget dikit-dikit nangis,1,codemixed
kereeeennnnnn suaranyaaahh okkeehh ketjeeehh badaaiik ughllaaaallaa,0,relabel
semangat apapun dalah dimata pembenci,0,relabel
"""monyet itu mengambil buah dari ranting rendah""",0,manual_augmentation
2:19 bocilnya pada nongol,1,
"Ini kantor apa tempat pembuangan sih?\nAnjirr bau bangke bgt,,,, bgstt!'",1,fn_hatespeech_id
Si gembrod Wendy kurusan juga gak😂😂😂,1,
alhamdulillah maju berkah indonesia sabang merauke,0,
hallo td aku berselancar di twt ttg belanja di gmarket gitu trs nemu km pernah beli album di gmarket,0,dataset_research
"""warga desa memasang pagar untuk mencegah babi hutan masuk""",0,manual_augmentation
"""anjing saya tidur sambil memeluk boneka""",0,manual_augmentation
"Haahahaa.....bener bgt, gw benci bgt tuh kalo ngeliat ortu modelan begitu Soalnya gw tipikal yg kalo anak gw salah ya anak gw yg gw marahin, gw tegur, gw sidang",1,
J manusia sombong dan takaburrr...pasti ga lama tuh kena Karmanya...,1,
"""Matanya kayak katarak anjir AHAHAH""",1,tiktok_v2
cuma mau bilang 1 kata aja bang MANDI!,1,dataset_research
"USER Giliran disodorin fakta yg ada,cebong pd mingkem...ttep aja bgi cebong mau die sengsara jg dkung Dilan.otaknya udh terkontaminasi...gc bisa mikir waras'",1,fn_hatespeech_id
Ekspresi kaget pakai kata kasar itu lumrah di tongkrongan,0,fn_fp_reduction
"""kata kampungan di sini dipakai untuk desain rumah""",0,manual_augmentation
"girl support girl, tapi yg ini gk dulu",1,tiktok
"hello ka zize semangat untuk hari-harinya. jadilah dirimu di versi tebaikmu ka, tanpa harus memikirkan ucapan seseorang yg Tidak tahu dengan isi hatimu. ðŸ˜‡",0,tiktok_v2
sekarang yg dikerudungin mulutnya bukan rambutnya 😭,1,tiktok
malah keliatan lbh mudaan emaknya😳,1,tiktok
kamu cantik tanpa perlu validasi dari orang2 rese... 🥰,0,tiktok
SDM tinggi tp kayak SDM rendah plenger bgt..ikhh ampe boikot2 gtu..kasian bgt,1,
Not even A DAY AGO! HOLY SH-,0,
Real YouTube lol,0,
USER USER USER Udah Kodrat: PECUN-dang emg paling pinter cari alasan\xf0\x9f\x98\x82',1,fn_hatespeech_id
relawan yang sering bikin gaduh hingga demokrasi kita melorot,0,tiktok
selayaknya tkw pada umumnyaðŸ˜­ðŸ™,1,tiktok_v2
ci vilmei kalo sih yurika di bully bilang aja masuk karate aja biar gak ada gangguin yurika aku pernah di bully pas aku karate gak ada lagi yang gangguin aku,0,
zize anjjjj😭,1,tiktok
Inilah orang tua yang paling tolol giliran anaknya membully orang dia pura pura tidak tau saat orang tua si korban datang malah berkata namanya juga anak-anak,0,
ya allah kek anak yang masih batita kalau lagi marah manyunnya gemes hahaha,0,relabel
sudah tahu bangsat sudah tahu brengsek sudah tahu bajingan tetap saja,1,relabel
"""definisi minat ketemu bakat ketemu kerja keras""",0,tiktok_v2
saya sih pengennya naburin badan emak kamu babi kontol bacot kamu setan iblis kamu bangsat,1,relabel
"""Idihhhhh pantesan aja foto nya keluarin lidah kyk gtu. Trnyata tukang jilat?""",1,tiktok_v2
si tolol ada aja kelakuannya,1,dataset_research
ngedit ketiaknya sudah ya sampai ngeblur pisan putihnya kek cat tembok,1,relabel
"Akhirnya kena cahaya tata surya 😂😂ketemu bpknya podcast,tahta tertinggi nih ketemu om'dedi",0,
"""bajuku kelihatan norak kalau dipadukan dengan tas ini""",0,manual_augmentation
"Lebih sadis postingan Victor bodoh, JASMEV dan kecebong2 istana. JONGOS CINA MENJAMUR DI KEPOLISIAN",1,fn_hatespeech_id
YOUTUBE 1 HOUR AGO IN NEVER GONNA GIVE YOU UP COMMENTS?!?!?!?,0,
wkwkwkwk muka pikmi emang keliatan,1,dataset_research
MALU ANJIR MALUUU banget kalau gue jadi erikaaaðŸ˜­,1,tiktok_v2
"Ehh TAIK, Bangsat lo, Omongan elo kayak IwAn bopeng, yg MO potong leher TNI, Bangsat lo IwAn bopeng, baek2in TNI. TAIK LO,",1,fn_hatespeech_id
Yg buly yg kampungan,1,
"Jika kau tak bisa menghargai perempuan, setidaknya belajarlah menghargai dirimu sendiri.",0,tiktok
"Apesnya STY, keluar dari KFA, masuk ke PSSI, podo dene",1,
salah colok anjing,0,relabel
"Allah SWT tidak bisa diajak gaul Pak Lukman, sukanya dengar orang ngaji terutama ayat penggal kafir dan cocok2 penis",1,fn_hatespeech_id
USER USER Cebong banyak yg emosi....\xf0\x9f\x98\x82\xf0\x9f\xa4\xa3\xf0\x9f\x98\x85\xf0\x9f\x98\x85',1,fn_hatespeech_id
"Jangan hanya Sekolah yang diminta bertanggung jawab terkait Bullyingd sekolah, ini menunjukkan MORALITAS ANAK2 yang tidak baik. Pendidikan Karakter, Etika, Adab, berawal dari ORANG TUA DI RUMAH !!!!!",1,
jule ga pake hijab malah jadi mirip kayak susternya trio na yg duduk di belakang ituu,1,tiktok
USER Jangan jangan otak makelar penjual asset negara apa maling asset negara ? \xf0\x9f\x91\x89USER pertamina di jual mau di isi TKA dari Tiongkok \xe2\x9d\x93#2019GantiPresiden \nURL,1,fn_hatespeech_id
Cuakszz,0,dataset_research
USER Kemenangan Anies Sandi seharusnya batal demi hukum,1,fn_hatespeech_id
Aku excited banget for the trip next month cant wait,0,codemixed
Money laundry ada di korea juga 😂,1,
monyet kecil itu digendong induknya,0,manual_augmentation
buka masker langsung zonk,1,dataset_research
"USER geng messi kntl. tapi rapopo deng, biar #Icardi &amp; #Lautaro cepet nyetel.'",1,fn_hatespeech_id
ga bagus tapi bisa di nikmati buat nonton 🙏🏻,1,
USER USER USER USER USER USER USER USER USER USER USER Sudahlah.. Loe Emang Bego.. krn Junjungan loe ngak sanggup lawan PT. FI.. krn sdh terlanjur jadi Babu,1,fn_hatespeech_id
"""Yaaaa yaaa kalo liat muka nya sumpah ngeselin banget dah?.oprasi dulu sono..biar gantengan dikit.. Dan kalo jln ke mall gk di kenal orng.""",1,tiktok_v2
menyesal saya ngestalk anjing bangsat,1,relabel
"mlah cuci tgn njirr,lil lilðŸ¤£",0,tiktok_v2
Seandainya Jend. Suharto tidak ada di tahun 1965 nasib bangsa indonesia bisa menjadi negara komunis ateis USER USER USER,1,fn_hatespeech_id
"USER USER USER USER Cebong emang tolol, klimaks dgn berita hoax'",1,fn_hatespeech_id
ABSOLUTE CINEMA,0,
"""Kasian kebelet artis tapi gak punya bakat""",1,tiktok_v2
KEREN BANGET ðŸ”¥,0,tiktok_v2
"""Miris banget? ultah bukan didoain yang baik2 tapi tetap di bully kasian !! God bless u mel""",0,tiktok_v2
username wawan zzzzz memang artis tidak teman sedikit sedikit att hahaha curhat sosmed kampungan,0,relabel
"""tim peneliti mengamati monyet di kawasan hutan kota""",0,manual_augmentation
Basically kasus kriminal yang udh sering kita dengar😅 Dengan variasi cerita mereka sendiri,1,
Kamu tuh memang tidak ada artinya di sini,1,cyberbullying_1000
"Rambutnya sangat rambut, janda? ??",1,dataset_research
There's a reason this has over 600M views...,0,
Rela menjadi MUNAFIK hanya demi sejumput kenikmatan dunia apalagi membela PENGUASA ZALIM...!!!',1,fn_hatespeech_id
yang kecewa kamu rik,0,relabel
"bener ibu ini, yg namanya relawan, jurkam, tim pemenangan, timses, itu biasanya adanya di musim pemilu, ini pemilu sdh lewat masih aja ada projo. nanti dibilang cari panggung malah tersinggung, malah gak trima. ingat Kontestasi dan rivalitas sudah selesai !!! mari bersatu bangun negeri ini, jangan sibuk sendiri dengan organisasimu !!.",0,tiktok
USER USER Melayu hidang daging lembu pada tetamu Hindu pula? Di mana sensitiviti mereka?',1,fn_hatespeech_id
"Masak untuk teman-teman, senang bisa berbagi",0,cyberbullying_1000
cinta monyet anak anak lucu konyol perasaan cintanya tulus pakai modus,0,relabel
USER USER USER USER USER USER USER USER Klo kodok sma macan asia ya ga level laaah ....beda kelasss jauuuh....cma org2 dongoook dan dungu yg mengelu2kan kodok si munafik',1,fn_hatespeech_id
"""Gemeshh rasanya kaya aku pengen cubit""",0,tiktok_v2
alesha arti namanya dilindungi allah aamiin yra ya nak,0,relabel
Lo itu slow banget kayak snail otak lemot,1,codemixed
ini karena kamera atau apaa kok dark banget,1,tiktok
hai kak isyana ngefans sekali kak isyana suka lagu kak isyana lagu didalam jiwa,0,relabel
anak ini ngga ada wajah menyesal..insyaa Allah anak cucu keturunanku diberi akhlak yg baik adab yg baik dan penyayang kpd sesama..aamiin,0,
seharusnya di jelaskan juga kalau Guus Hiddink adalah pelatih KorSel pada saat Piala Dunia 2002,0,
USER USER jd mentri suharto homo kan?',1,fn_hatespeech_id
"“pengen belajar sama karakter ini” TAPI LO GA NONTON SERIAL NYA ABIDZAR, GIMANA LO MAU BELAJAR SAMA KARAKTER INI?!",0,tiktok
Score kamu di exam kemarin great banget keep it up,0,codemixed
sifat monyet yang gesit pintar monyet api penuh keceriaan optimisme semangat bareng bear brand,0,relabel
"komenn nya kenapa sii yaampunn, kulit orang indo ma emang ginii ih, ngapa pada ngebet putih sii, yg putih aja ada yg pengen tan skin",0,tiktok
"Ga cuma KFA nya yg plenger, yg Korean Badminton Association nya juga plenger sampe juara dunia An Se Young speak up kannnn. Intinya problematikkkkk, mirip2 lah kek Konoha.",0,
USER Najis sok banget jutek iyuuuh. Gua mau nyanyk aja..',1,fn_hatespeech_id
kau dah tak streak dengan aku pun,0,dataset_research
"""istilah kampungan dalam tulisan ini tidak diarahkan ke orang""",0,manual_augmentation
heran cowokpun ngebully sabar meldi,0,relabel
duda singgel tidak yang laki jaman setia menemani dunia akhirat amin good luck dewi persil sehat selalu dalam berkarya,0,relabel
"""monyet itu bergelantungan dengan ekornya""",0,manual_augmentation
Walid nak ela boleh?,1,tiktok
"masalahnya dia sudah diciptakan kekurangan, malah sifatnya kek binatang ngak membantu masyarakat",1,tiktok
Rasakan akibatnya skr.. Teriak pak Ahok Kafir dan penista agama ternyata Asma Dewi terlibat Korup dan Sarachen ... URL,1,fn_hatespeech_id
"Faktanya, banyak pendekatan properti saya adalah untuk bergabung dengan kelas investasi dll",0,dataset_research
"Ngobrol sama kakak, dapat nasihat yang bagus",0,cyberbullying_1000
"Kejar setorang memang cukup bangsad, mana rupiah turun \xf0\x9f\x98\xa5'",1,fn_hatespeech_id
"""3 anjing 1 anjing berwujud manusia, 2 anjing asli tak ada perwujudan aowkwkw""",1,tiktok_v2
GIRING GANESHA PENGAGUM DIKTATOR JOKOWI,1,fn_hatespeech_id
ashanti bunda the best selalu belain support anaknya mskipun bukan anak kndung,0,relabel
"""Gtu aj dh kek anjg lo kang""",1,tiktok_v2
Tak usah menghujat orang jika dirimu belum sempurna. Lebih baik ngurusin rumah tangga sendiri ntar istri selingkuh anak berhamburan 😂dunia ini berputar,0,
Jgn kasih ampun...masukin penjara,1,
foto ketiga jablay murahan,1,relabel
"MataNajwaDebatJakarta Pak Anies sudah meninggalkan ketenangan dan ketulusannya dalam debat malam ini, mjd agitatif dan licik. semoga kalah kau anjing",1,fn_hatespeech_id
"kemarin pada muji2 si aki2 skrng pasti pada ngehujat habis2an , ga kagetlah🤣🤣",1,tiktok
sudah ngembang habis cowok meldi enak ya otak atik,1,relabel
"Gampangan banget sih jadi orang, baru dipuji dikit aja udah kaya mau ngasih kehormatannya aja haha TOLOL'",1,fn_hatespeech_id
USER Aamin mungkin bisa diawali dengan pilkada 2018 jangan pilih calon dari partai-partai pengusungnya. Puncaknya di #2019GantiPresiden,1,fn_hatespeech_id
itu menakutkan,0,dataset_research
"""Kak jerome kayak boneka tau hahah""",0,tiktok_v2
Sama aja kayak Indonesia suka menghujat kalau kalah😂,1,
kamu tahu tidak sih,0,relabel
NGAPAIN DIPENJARAKAN Ngotak lah!! Mereka salah apa coba sampai dipenjarakan,1,
Berarti 17+8 itu cuma angin lalu ya😢,0,tiktok
Ho Myung bo goblok juga kaya patrik,1,
cantik sih tapi BERTOMPEL kan agak2 gimana yah,0,dataset_research
"USER USER Soalnya dia budek kaya bolot Om... \nTuuh, kuping nya kotor seperti hatinya....'",1,fn_hatespeech_id
"USER haha memaki untuk melawan mah harus, drpd ditindas pemimpin munafik melindungi penista agama, dll. Agama no 1 (islam), taubat rot",1,fn_hatespeech_id
Saya menonton drama cinta bukanlah kristal dan percakapan anak -anak dengan ayah saya sekarang semua gadis n,0,dataset_research
"Natya bilang sesi 1 sedih yg pas kakek, sama saya juga..tp ternyata si kakek impostor kesel juga seh wkwkkw 😅",1,
Lo itu ungrateful brat mending dibuang aja,1,codemixed
"Melindungi pelaku bully sama aja mendukung pembullyan, karena logika ny nga ada efek jera. 😅 pasti kalo nga ada konsekuensi pelaku santai. Semoga yg ngatain sabar ke orang tua korban gw doain anakny di bully. Amin..... Sekarang gw tanya pake logika sama seluruh orang tua, seandainya hukuman pelaku bully cuma di maaf in aja hukuman ny.... Pertanyaan nya mending mana, anakny jadi korban bully atau jadi pelaku bully..? Jawab masing 2 ya..... kenapa gw bilang orang yg nahan2 ibu korban terus bilang sabar2 itu munafik. 😅",0,
"""monyet liar itu berlari ke arah pepohonan""",0,manual_augmentation
USER Heh poop onta ga boleh songong yaa',1,fn_hatespeech_id
USER USER USER USER USER USER USER USER USER USER USER Lebih tepat bani bangsat kali yak?\nOrg berbuat demi kebaikan dan ada alasannya di maki2.\nOrg goblok y,1,fn_hatespeech_id
"Amakny mukanya ny aj blagu bgt, laporin aj",1,
"GUE PERNAH KETEMU ASLINYA ZIZE, CAKEPAN GUEEEE JAUHHH😂😂😂😂 ASLINYA EMH LBH CKEP DRI VIDEO TP STANDARRRRR AJAAA",1,tiktok
bagus sih erick mutusin jessica ya karena erick kelakuan nya begituu coba liat jessica,0,relabel
"Semudah itu memberikan penghargaan,penghargaan di indonesia ga bergengsi sama sekali",0,
terserah lo dah mo ngomong apah??,0,dataset_research
Apakah ibunya terlihat seperti perilaku putranya?,0,dataset_research
bajingan subuh dapat chat orang lagi ngedumel gara tanda nya tidak ketik,1,relabel
"GUE PERNAH KETEMU ASLINYA ZIZE, CAKEPAN GUEEEE JAUHHHðŸ˜‚ðŸ˜‚ðŸ˜‚ðŸ˜‚ ASLINYA EMH LBH CKEP DRI VIDEO TP STANDARRRRR AJAAA",1,tiktok_v2
Males banget wajahnya......,1,
Gerceeeep bangeet slm dr Malaysia Akhirnya K Igun di Brownis,1,
"RT USER: gmw liat dm dr lu ah! udh tau gua nanya tentang apa, bolot\xf0\x9f\x98\xa9 USER'",1,fn_hatespeech_id
"mau komen, tp takut ??",0,dataset_research
udah tahun 2023 tuh muka blom diberesin juga,1,dataset_research
ingat kita gaboleh menghina ya teman teman,0,dataset_research
Sekarang seseorang adalah pelacur jika mereka memposting gambar toilet apa yang terjadi pada negara ini,0,dataset_research
mana pinter lagi??,0,dataset_research
"Hancur negara ini, hrsnya kalau mjd komisaris hrs benar2 mumpuni betul, untuk masuk mjd pegawai BUMN aja tes kemampuannya sangat berat sekali. Kok yg jadi pejabat setingkat Komisaris dari ordal yg tdk punya kemampuan, seluruh keluarga atau orang dekat Raffi Ahmad tdk ada kemampuan apa2 kok bisa, bisa membahayakan dan merugikan negara",1,
USER USER Banci Kaleng...\nKaleng kosong nyaring suaranya',1,fn_hatespeech_id
"""dekorasi aula terlihat kampungan dan terlalu ramai""",0,manual_augmentation
rambutnya kak modd bagussss hitam berkilauu,0,relabel
Hanya tertawa ??,0,dataset_research
heran saya mak username kenapa saja pakai ma an v pesbu r nya bederet skandal bertubi2 tidak malu nya muka tembok tidak faedah nya nonton acara yang si manusia kardus,0,relabel
"Gegara ini hubungan aku hancur anjir,film apaan sih lol😂",0,
Koréa itu RASIS manusia tidak punya adap,1,
USER USER USER Bedebah..teror psikologis agar pilih Jokowi,1,fn_hatespeech_id
Wkkwkwkw savage balesan2 komen2 kamu kakðŸ˜‚ðŸ˜‚ðŸ˜‚,0,tiktok_v2
RT USER Oh ini to cara memenangkan anies sandi kemarin pake saracen ya,1,fn_hatespeech_id
Kalo sy ttp sy kejar...tak perlu damai...kasusin..,1,
menikmati keluarga momen indah,0,relabel
Tasyi Kocaaak????,0,dataset_research
"Semua orang ngomongin lo di belakang, tau ga?",1,contrastive_dataset
orang yang tertawa untuk dosa,0,dataset_research
terbahak-bahak saya serius lucu sekali monyet,0,relabel
aura bumil nya kuat bgt ðŸ˜‚ pengalaman tmnku nikah dressnya rame bagian depan bgini karna udh hamil besar.,1,tiktok_v2
"harus nonton Alice in Borderland siih, gamenya lebih seru dan mematikan. Nggak ketebak gamenya apaan. Ada yg strategi, fisik, mental sama team. Jadi nggak bisa cuma keberuntungan!! Cepet nonton!!!",0,
Promosi toh 😑 udah dengerin serius ehhh malah promosi ☺️,0,
Saya berada di kampus untuk bertemu orang -orang yang setiap saat mereka takak Kono Sismei a,0,dataset_research
Alesan mereka apa ya bully timoty? Pdhl beda fakultas loh,0,tiktok
Jadilah seperti aku,0,dataset_research
"""warna cat itu terlalu mencolok dan terasa norak""",0,manual_augmentation
"""bego banget gue gak cek baterai dari tadi""",0,manual_augmentation
USER USER USER USER USER USER Bambang muka kontol!!! Loe hina ulama gue hajar!!! Dasar antek komunis...',1,fn_hatespeech_id
ada yang kotak tapi bukan adu2,1,dataset_research
?? Pintunya dibawa pulang,0,dataset_research
Cooooookkkkkkkk jiji kelelawar sesuatu nah terbuka malem2 godaan2,1,dataset_research
maaf ye muka kamu sudah jelek kaga sok selingkuh cakepan anjing saya noh,1,relabel
ai mirip banget sm gala,1,dataset_research
"""anjing golden retriever dikenal ramah pada manusia""",0,manual_augmentation
Temukan Redflag,0,dataset_research
@YouTube God dam YouTube manager trolling hard af rn . I am here before 100k likes . Tf bro also got a heart,0,
munafik sangat yang bicara curhat sosmed kampungan saya elu kitu keleusss wkkwkww mending mba via artis cantik bisa nyanyi la elu lebih kampungan wkwkwkwkw,0,relabel
saya kasih makan anjing saya pagi tadi,0,manual_augmentation
"Barusan dongo dongoin pemotor yg klakson bertubi2 padahal jelas lampu merah. ""Woy dongo! Brisik norak!"" \n\nPas nengok taunya temen SMP (--!)\n\nDia : Chaink?\n\n*aku nangis nganti metu eluh getih puteeeh~'",1,fn_hatespeech_id
"""Ka mel gausah merendahkan orang lain. Bersyukur aja diatas langit juga masih ada langit lagi""",0,tiktok_v2
"perasaan dulu dia putih bening gitu deh, inget banget pas dulu dia sekeluarga di undang ke brownis pas dia disuruh dance karna di kpo-pers, sumpah cantik banget,putih bersih bening juga",1,tiktok
USER USER USER USER USER USER USER USER Yg gubernur lama kebanyakan direcokin di demo demo orang Bodoh yg pake surban!!!!lah gubernur yg sekarang 8 bulan ngapain aja????cuma ongkang2 di kantor ka,1,fn_hatespeech_id
Goblok tenan \nMatane picek!!',1,fn_hatespeech_id
cantik kak becca,0,dataset_research
pantesan....orang luar seneng banget jadi pelatih di indonesia...biasa aj... klo kalah benci biasa aj...ga sampe kayak orang korea.....klo menang/seneng jadi raja luh cing...,1,
terima kasih inspirasi kamu,0,relabel
"Dari video ini bisa disimpulkan bahwa sebetulnya yang gak beres adalah KFA itu sendiri. Sudah gonta-ganti pelatih tapi permainan masih tidak bagus, karna tidak ada support dari KFA untuk memajukan pasukan Korsel ini. Malah pelatihnya yang menjadi kambing hitam..",1,
ini beneran? foto mama papa nya kok pas foto?,0,tiktok
ursulan yang satu ini emang beda,1,dataset_research
ilmuwan as mempelajari otak seekor monyet mengontrol tubuh monyet,0,relabel
buset anak ngen,1,dataset_research
Iiiii cantik banget mamariiiii😭,0,tiktok
Kita melarang ajaran komunisme namun disisi lain pemerintah membukakan pintu masuk nya wisatawan komunis besar-besaran ke negeri ini,1,fn_hatespeech_id
Jelek muka jelek akhlaq pula.,1,
USER Oi brengsek lo~ URL,1,fn_hatespeech_id
"USER USER \xf0\x9f\x98\x82\xf0\x9f\x98\x82\xf0\x9f\x98\x82....dr kmrn sdh terbagak liat kebodohan km kok panas gmn. Sdh di blg klo berkata keadaan sendiri itu pd org lain. Di ulang"" . Dungu btl cebong ini. \xf0\x9f\x98\x82\xf0\x9f\x98\x82\xf0\x9f\x98\x82\xf0\x",1,fn_hatespeech_id
duh ngapain sih nnya KAMU PUNYA PACAR GAK!! mbak dia itu masih bocil please deh ga mendidik bgt pertanyaannya,1,
yaallah bagus btw salpok seprei monyet samaan kitaaaa,0,relabel
"""Nah ini cantik seneng. Usahanya membuahkan hasil. Semangat ya mel semoga menjadi pribadi yang lebih baik lagi""",0,tiktok_v2
"Ya gimana, maen nya lambat ga ke tim Korea sebenarnya...son juga posisi nya jelek jarang pegang bola,..pantes ngamuk 😂",1,
Keinget Wednesday ? malam satu suro ?,0,dataset_research
"""aku merasa wajahku jelek karena belum tidur cukup""",0,manual_augmentation
USER serius ini rezim anti Islam?! Ga suka jokowi boleh tapi jangan ngajak2 umat Islam membenci jokowi! URL,1,fn_hatespeech_id
Hadir 12 Jam,0,
"Air wudhu lebih bagus ,alami. Aura muka lebih asli .cerah ,",0,
Semoga program ini 20 tahun. Kedepan dan menjangko seluruh indonesia,0,
Aku aja pas hyunju mati langsung ga lanjut nonton karena emg se freak itu,1,
Gw kira pssi doang yg plenger😭,1,
YouTube got Rick Rolled?!?!?!??!??!?!!?!?!?!??,0,
"kalau penyidiknya kompeten berarti seharusnya gaada masalah kan? jadi ini semua bukan masalah besar kecil wewenangnya, tapi kompeten atau tidak aparatnya?",1,tiktok
merinding liat mukanya,1,dataset_research
minimal kalo cowo u jelek liat dompetnya mba.. ini udh burik trs miskin awokwokw,1,dataset_research
"Bocah tolol kaya gitu mah gampar²in aja kaga punyak otak kek orang tua nya kaga di ajarin Adek atau sodara gua di gituin, gua tandain pelaku nya",1,
Tolol sia mah di halangan jenteing eta indung na,1,
Anak yang ga pernah dapet bimbingan akhlak dari orang tuanya. . Mang biadaaaab,1,
dia yg nyanyi gw yg malu ??,1,dataset_research
"udah ada temennya tuh zah, Jule sama nisaðŸ˜­",0,tiktok_v2
"""Ancur hidup lu kalau sama dia? Sumpah..""",1,tiktok_v2
Orang punya saksi anjing dikasus babi.. Tolol URL,1,fn_hatespeech_id
Film seri Teach you lesson mirip sama Film seri Thailand Girl From Nowhere the reset hanya bedanya Nano di panggil korban untuk membalas dendam sama murid yang suka bully atau sok berkuasa. Silahkan nonton Film seri Thailand Girl From Nowhere The reset.,0,
USER iya anjir dah bolot budeg lagi',1,fn_hatespeech_id
hujatan klean kasihan si listy kontrak nya di copot hujat dunia sangat kejam,0,relabel
bocil,0,
RT USER: Teriakin Ombusmin dan Ombusman Banci Kaleng....\n#OmbusdmanBanciKaleng URL,1,fn_hatespeech_id
RT USER USER USER USER USER USER USER Lebih baik mundur klo sdh ga sanggup makmurkan rakyat,1,fn_hatespeech_id
KEMBALIKAN SHELL DAN PERMUDAH SHELL BUKA CABANG DI SELURUH INDONESIA!!!!!!,0,tiktok
itu giginya pake kawat pager ya mba?,1,dataset_research
USER USER Wong kafir mana bisa baca ayat itu. Sotooooy lu fir.',1,fn_hatespeech_id
"USER USER USER USER \n\nCebong2 pekok. Mantap, om Tofa. Kita kerjain aja cebong2 dungu ini \xf0\x9f\x91\x8d\xf0\x9f\x98\x82'",1,fn_hatespeech_id
Aku Malah merasa engap denger yg lg ngomong ðŸ˜­ðŸ˜­ðŸ˜­ðŸ˜­,1,tiktok_v2
Uda terlihat dari wajahnya,0,dataset_research
U also got Rick rolled hehe,1,
"indikator nya semua ada di Jogja bang,kalau di Jogja masih adem ayem tidak bakalan pengaruh bagi mereka",0,tiktok
USER Gerombolan bani kampret',1,fn_hatespeech_id
"And whoever is seeing this, you didn't give up scrolling :) Great job!",0,
sutan lucu menggemaskan,0,relabel
"""ORANG INI TERLIHAT SANGAT SANGAT STRES DAN GILA""",1,tiktok_v2
ibu2 bapak2 nenek2 bawa kereta bayi diintip isinya anjing,0,relabel
Project kita finally done good teamwork everyone,0,codemixed
Sejauh saya berjalan sampai Dahlia baru saja memperhatikan labcoat dalam isak dinamis,0,dataset_research
gada yg mau endors skincare kah?ðŸ˜­,1,tiktok_v2
cantikk bangett semangat kaka ðŸ¥°ðŸ¥°ðŸ¥°,0,tiktok_v2
padahal arhan yang bantu sampe kaya gini,0,tiktok
lebih rendah untuk tolol gratis gratis,1,dataset_research
​ @uSamah63 statement paling gila,0,
cerdas ibu Siti Zuhro ðŸ‘,0,tiktok_v2
"Melakukan perbuatan baik hari ini, hati senang",0,cyberbullying_1000
Macanny yang sama,0,dataset_research
"panggilan ustad kelakuan kek bangsat, tapi udah ngga heran sih yang modelan begitu emang birahinya tinggi",1,tiktok
Bapak Infrastruktor... #2019GantiPresiden #2019GantiPresiden USER,1,fn_hatespeech_id
"Dulu waktu sy mts sy d bully, tas d coret2, d omongin ini itu, sy diem ga pernah ngadu k siapa2... Akhirnya sy masuk SMK org yg bully udah kerja jd ART d luar kota,. Pembalasan dr Allah ada aja,. Skrg klo bully jgn diem aja ya nak anak....",1,
Besok2 mbak Lala pengasuh Rafatar juga akan diajukan jadi direktur BUMN,0,
"""Gatau lagi, serasa nonton wtf beneran di jkt meski virtual and thankyouu for the performance kak syan! Selalu keren dan pecah! Tak pernah sekalipun mengecewakan""",0,tiktok_v2
Saya baru saja mengubah ban depan myvi sepasang RM 450 per malam,0,dataset_research
Wkwkwkwkw,0,dataset_research
gua liat ada sosok hitam pekat dibelakang ariel tatum😭,1,tiktok
gmn dgn etnis cina yg ada di indonesia? Imigran gelap jg kan?,1,fn_hatespeech_id
senengnya nembus layar banget mas Hansol awkwkwk. Sukses buat filmnyaa 🎉🎉🎉🎉,0,
USER USER USER Orang kristen sok tau islam amat lu...\n\nKlo ga tau tentang islam ga usah komen lu.... sunat dulu sono baru komen',1,fn_hatespeech_id
😂😂😂 senang nya minta ampun lihat anak cucu nya skrg jilat ludah nenek moyang mereka yang kata nya gagah berani melawan BELANDA skrg malah jilat ludah nenek moyang mereka sendiri 😂... SALAM DARI WEST PAPUA 😂,0,
"Bocil 7 tahun punya pacar😭,tau mantan💀 Beneran gak sih itu😭🙏,apa cuma bohongan:v",1,
"kata Mak aku , orang itu yg dipegang dipercaya omongan nya....yg keluar dari MULUT nya....ðŸ¤­ðŸ¤­ðŸ¤­",0,tiktok_v2
kali jogging pas jalan sadar anjing berkeliaran,0,relabel
"Allah SWT yang di-sembah2 Muslim berkoar sombong: paling kuasa, paling besar, paling sakti, nyatanya dungu & biadab",1,fn_hatespeech_id
USER lu JUGA SIPIT bri!',1,fn_hatespeech_id
assalamualaikum terhormat salam sekeluarga banda aceh membanggakan keluarga membahagiakan nya sikap etika perilaku keluarga sungguh bijaksana mas agus suami mencalonkan presiden beliau bangga salam hangat perkenalan keluarga ya bu darmanto rapi photo studio,0,relabel
Penasaran apa sih yg akan di tonton anak anak sd kelas 2 kok pada antusias banget. Trnyata ini toh..mdh2an anak anak mndpt pelajarn dri film ini biar ongkos org tua siswa gak sia sia.😊😊,0,
Mengayomi kaya gini,0,tiktok
bagus la saya otak tidak mirip kamu malu maluin mak kamu saja tong akun asli pakai itu yang namanya bodoh username,0,relabel
capek bgt pasti tu ariel ðŸ¤£ðŸ¤£ðŸ¤£,0,tiktok_v2
"""Meldi, emaknya buka klinik totok aura kayaknya anaknya gak pernah ditotok ya? auranya gak keliatan yg ada malah butek""",1,tiktok_v2
karena gabisa dapetin mahasiswa nya emosi dah si dosen,0,tiktok
tinggl d LN bukny mkin cantik glowing laaa ini beda sndiri 🤣 agak laen ng,1,tiktok
USER Modal cebong cuma COPAS. Bukti kapasitas otak minimalis...\xf0\x9f\x98\x82\xf0\x9f\x98\x82\xf0\x9f\x98\x82',1,fn_hatespeech_id
jujur emg ke bude bude,1,tiktok
"gaakan ada artinya, toh yang kemarin di nonaktifkan udah bisa ngejabat lagi kan? dibilang warga kita itu coward, masih cuek sama ginian, mereka mana takut.😮‍💨",0,tiktok
RT USER USER USER Ijazah mu apa sih yg pling tinggi cek dan bedakan antara permesta dgn semesta,1,fn_hatespeech_id
cina jawa di kuncir anting kpop 🗿,1,tiktok
"kampret, charger-ku ketinggalan",0,manual_augmentation
"mas hansol, tlg bahas di shorts video aja boleh, yg konflik timnas korea vs wartawan korea dong (suara bocor pas lg nge julid)",0,
Taboookkkk Bu.... Gemes gw... Di video sok jagoan.... Masih bau kencur aja belagu ... Penjarain... Jangan bawa bawa Komnas lah gemesss gw... Penyakit itu mahh,1,
Setan aja hormat sama kelakuan kaya gini mah,1,tiktok
"Karakter pemimpin juga perlu dibentuk. Misal jangan egois, tidak anti-kritik, dan mengakui kesalahan.",0,tiktok
"STY itu pelatih yg bisa membuat rakyat indo berani bermimpi untuk bermain di piala asia bahkan piala dunia, tapi malah diganti sebelum mimpi itu terwujud.",0,
"apa sih yang komen, bahas tugba mulu ini tu momen orang plislah, lagian kak Fiki udah lama ga sama tu cewek bahkan tu cewek dah punya cowok baru, pada kaget karna ga sama dia lagi ya namanya ga jodoh mau gimana, dan sekarang Fiki sama kak tinandrose mereka tu ga tiba-tiba nikah, tapi udah lumayan lama tunangan/lamaran ada kok Fiki sebelumnya pamer cincin dilive sama cewek luar gitu trus ngasih tau kalo dia udah punya calon dan mau nikah, jadi plis gausah bahas orang lain lagi dimomen mereka berdua ini, Happy Wedding buat Kak Fiki & Kak TinandroseðŸ¤",0,tiktok_v2
Emang kebangetan si rafi gak ada otak,1,
USER Biasa Prof.... rombongan cebong IQ dangkal asal nguap aja',1,fn_hatespeech_id
salut sm yg cepuin isi chat ke mediaðŸ¥°,0,tiktok_v2
saya kalai tuhan gaakan saya jadi manusia pante tidak hidup orang dunia akhlaknya tidak ada tolol bangsat,1,relabel
Tuhan itu iBlis . Iblis itu Tuhan . Agama onta',1,fn_hatespeech_id
"Muka bingung,,, kapok lho Jordi trllu sombong",1,
"""Lo itu kontol gak guna ajg anak dakjal""",1,tiktok_v2
"Pak USER angkat pak USER jadi wapres, lengserkan pak JK. Ini baru keadilan",1,fn_hatespeech_id
Kita semua harus be kind to each other no matter what,0,codemixed
norak sih mirip tidak malunya kalau bilang terserah ya sudah simpan fotonya tidak dibagi kesemua orang dipamer ke mana resikolah dinyinyiri orang insecure sekali kudu ya pamer2 begitu biar orang ngerti kalau si mbaknya sudah py pacar yang dipamer2 pantatnya kampung sangat,0,relabel
openfollow for rp sekalian follow nih rp sok kecantikan USER USER padahal rlnya kek tai URL,1,fn_hatespeech_id
"Tapi kalo sudah masuk pentas world cup menurutku sudah cukup bagus walaupun orang Korea Selatan berharap lebih dari itu Bukannya aku membenarkan bahwa pelatih Korsel world cup kemarin bagus tapi lebih ke naik turun nya perkembangan sepakbola suatu negara, anggap yaa kayak China pernah masuk pildun dulu, sekarang g masuk pildun atau sulit masuk pildun, itu menandakan timnas sepakbola tidak selamanya pasti masuk pentas pildun, kayak Maroko sekarang adalah timnas underdog terkuat tapi tahun depan belum tentu, masa kejayaan timnas sepakbola itu naik turun dari waktu ke waktu",0,
dasar gilaaa,1,dataset_research
bapak Presiden Ke 2 Soeharto adalah Presiden terbaik dia peduli rakyat mensejahtrakan masyarakat negara aman aman memakmutkan petani meningkatkan pendidikan,0,tiktok
kerdus mulutnya busuk sampah makanannya,0,relabel
Lo tuh nggak ada baktinya buat siapapun,1,cyberbullying_1000
anjing bajingan bangsat seri we goblog tai,1,relabel
USER USER USER USER Top nya lg bs yg biasa bela penista agama skrg belagak bela agama; Wkwkkwkwkw; Mabok,1,fn_hatespeech_id
Sayang,0,dataset_research
MUKA GA SEBERAPA NYAKITIN NYA GA KIRA KIRA NURUL NURUL,1,tiktok
Tolong...mulaila anak dari orang tua sendiri..utk mnjaga akhlak atau prilaku yg baik,0,
sudah jelek semangattt pulak wkwk,1,relabel
USER USER Marah tah Bang aku bilang Etnis Cina jgn kasi kesempatan memimpin Indonesia??? Cz mereka watak aslinya Menjajah?,1,fn_hatespeech_id
selengekan,0,dataset_research
"""antrian di loket seperti tidak ada ujungnya""",0,manual_augmentation
USER USER USER USER Kampungan adrian nptl',1,fn_hatespeech_id
trus maksudnya ngelamar itu apaan yaa bambang😭,1,tiktok
najis,1,tiktok
muka kamu pasaran mel pasar sapi noh,1,relabel
cantikkkk bgt dua dua nyaa,0,tiktok
Itu Krn Knetz tololl😂 dan rasiz,1,
USER USER Cebong g sunat nih..pergi loe ke septictank ahok.',1,fn_hatespeech_id
"""Disini pada kenapa dah? Aku gapaham tolong""",0,tiktok_v2
USER ITU SUKUN BANGSAD!',1,fn_hatespeech_id
teakowndo lawan muaythai ??????,0,dataset_research
"""Ketiak hitam buluk mau lu edit nutupin daki diketek lu tetap aka hitam ketiak lu, dasar Dugong @rosameldianti_""",1,tiktok_v2
biadab kalau anak kamu bully saya mampusin ya,0,relabel
banyak yang maki-maki DPR tapi pas pemilu milih partai itu lagi ðŸ˜‚ðŸ˜‚ðŸ˜‚,0,tiktok_v2
"3 hari lalu, pagi menjelang siang suamiku tiba-tiba diare di kantor. aku suruh minum obat, udah mendingan. terus maghrib dia sampe rumah, hembusin nafas dari mulut di depanku sambil tanya, ""bau ga?"", aku jawab, ""engga, bau apa?"", terus dia cerita sorenya abis makan durian sama atasannya. aku kesel tuh, aku marahin, udah tau lagi diare malah makan durian. mana dia pake pamer makan duriannya mahal, jadi aku suruh dia diem soalnya masih kesel banget kan. abis itu diarenya kambuh lagi sampe tengah malem, perutnya kembung, setiap sendawa bau banget durian, diajak ke RS ga mau, akhirnya konsul sama dokter online. aku ga bisa tidur sampe jam 4 pagi. dan ternyataa, dia malemnya baru cerita kalo dia patungan buat beli durian itu, tambah ngamuklah aku. makan enak sama orang lain, aku yg repot sampe subuh",0,
"tanpa kita sadari, skrg kita yg menjadi pembully",0,tiktok
"""Lututnya masih hitam gosok maning biar tambah cling dan cantik""",1,tiktok_v2
"USER USER USER USER USER USER ape gw di ajarin dan ditanggapin sama guru trus ,.. guru gw bego gitu ,... doniiii luh ma anak TK samaaaa pinteran juga kali anak TK ,.. luh cuma jadi anjing2 yg di suruh melolong di time li",1,fn_hatespeech_id
Tidak ada seorang pun ??????,0,dataset_research
fans arhan dan fans zz akur ulang yah kalian😂,0,tiktok
"USER Jangan gaduh lahh,, kami yg kau panggil cebong udah gak butuh manusia munafikun,,'",1,fn_hatespeech_id
"I didn't get rickrolled today, I just really enjoy this song",0,
Member aku ade cite kat aku yang dibreak up dgn gf die Time dia cerita suddenly dia menangis weyh 5 tahun bersama kot,0,dataset_research
7 00 p m itu pagi apa malam ya Pagiudah pernah coba trik pancing memancing kayak gitu B,1,dataset_research
USER USER Yeee siapa juga yg bercita2 jd gadun kak Ben sompret \xf0\x9f\x98\x91\n\nYa minimal bawa alat v***l lah rank mosok gitu aja nanya...',1,fn_hatespeech_id
USER USER Jgn salah itu janji jokowi yg di tuntut. Lu ajh yg gx paham cebong',1,fn_hatespeech_id
"Kalo dibilang director hwang jenius sih menurutku berlebihan dan biased sih ya. Dari aspek perfilman pun ga yang kayak gimana gimana, cerita pun di season 1 emg seru tapi ga se-WAH itu. Dari komentar orang-orang juga dulu pas s1 ya emg cuma sebatas seru aja dan lumayan buat ngisi waktu luang pada saat covid. Dari s1 pun banyak yg bilang kalo alice in the borderland lebih seru 😂 gua sih blom nonton itu dan cuma nonton squid game s1, tapi kalo banyak orang yang bilang gitu mah udh bukan sekedar preferensi lagi",0,
USER USER Era SBY ada pembangunan di papua? Ada juga hambalang tuh... pembangunan pln mangkrak brp banyak?,1,fn_hatespeech_id
"""Udah mau autis iya bg awokawkk""",1,tiktok_v2
grup kamu so asyik najis isinya cabe hahaha bajingan,1,relabel
warna tembok ini jelek kalau dipadukan dengan lampu kuning,0,manual_augmentation
USER matanya picek kebanyakkan eyeliner',1,fn_hatespeech_id
Bahas kasus psikopat lgi oppa,0,
cantikk bgtt ni oranggðŸ¥°ðŸ¥°,0,tiktok_v2
erick goblok pacaran ama lonte anj so bat,1,relabel
Keciduk juga ni Kunyuk...\nProses hukum aja....kagak usah pake Matre... URL,1,fn_hatespeech_id
"""tuk tuk tuk permisi tagihan hutang bank anda""??",0,dataset_research
fredy salah yg penting ngeyel,1,tiktok
"""Di atm tinggal 150 ribu aja banyak gaya lu dugong""",1,tiktok_v2
hyukjae bgst otak saya traveling ke mana ye kunyuk dikasih emot begituan,0,relabel
Ternyata bner tu pak USER alasan pembakaran 7 SD di Palangkaraya cm utk diperhatikan &amp; segra pengadaan proyek URL,1,fn_hatespeech_id
sudah autis iya bagi awokawkk,1,relabel
USER USER Yg di perbuat cuma ngomong aja,1,fn_hatespeech_id
"itu cewek2nya langsung eye contact gtu wkwkw, sekali lirik tukar pikiran saking gumohnya mereka😭😭😭",0,tiktok
"yapp, semua akan pret pada waktunya",1,tiktok
sehat sehat zize❤,0,tiktok
BLACKLIST KAMPUS UDAYANA,1,tiktok
idihhh musang birahi,1,tiktok
"Malu daah ni gua tiap hari mikirin Jokowi, mikirin cebong kampret dll. Sementara idup gua masih gini2 aja. Ke tetangga cuek, ke orang jarang nyapa. Tapi cuma ngtweet doang udh ngerasa paling tau ttg negara. Duh ajig'",1,fn_hatespeech_id
USER USER Goblok sia kunyuk',1,fn_hatespeech_id
Klw sy TDK banyak bicara' langsung sy tempeleng itu anak orangtuanya keberatan orang tuanya sy marah karna orangtuanya TDK mendidik anaknya dgn baik..,0,
"""Sabar semua komentar ini ujian""",0,tiktok_v2
"Mskanya jordi jd orang jgn sombong , sok pake belain sarkawi segala luuu,, uda kena pelet sm sarkawi jordi kena karms deeeh😂😂😂😂😂",1,
dikasi bening pilih dakian,1,relabel
Kebanyakaan mabok ngisep bensin itu 😂,1,tiktok
"Pergi sana, kita nggak butuh orang kayak lo",1,cyberbullying_1000
Doa Restenance bukanlah untuk memecahkan haa zaa larizquna maa lahu min na fad sebenarnya ini adalah hadiah kami untuk Anda,0,dataset_research
"""kata monyet di paragraf ini menjelaskan spesies primata""",0,manual_augmentation
"USER mbok kalo tau bego jangan ngebegoin orang lain gitu loh, nanya dulu ke yang ahli'",1,fn_hatespeech_id
I got rickrolled by a link saying it got taken down.,0,
Sejak piala Dunia di gelar time2 dari benua Asia dan Afrika hanya jadi pelengkap Buktinya yg masuk semi-final dan final hanya benua Eropa dan Amerika Latin Juara piala Dunia Uruguay 2 x Brazil 5x Italia 4 x Argentina 3x France 2x England 1x Belanda 1x Spayol 2 x Benua Eropa dan Amerika Latin langganan juara,0,
Median: Mayoritas Rakyat Tak Ingin Jokowi Jadi Presiden Lagi; #2019GantiPresiden,1,fn_hatespeech_id
Ga salah memang USER &amp; USER bilang antek Aseng tapi adiknya Prabowo bilang Prabowo pro Amerika. URL,1,fn_hatespeech_id
49. Prabowo dan gerombolannya tidak mampu menandingi USER dgn isu... URL,1,fn_hatespeech_id
tapi kalo ini kekurangan semua ga ada kelebihan,1,tiktok
USER USER Tolol jijik',1,fn_hatespeech_id
Let's goo today is 25/04/25 :),0,
UIN ANJINGG,1,
"""Sumpah demi apapun.. Lengan nya gede banget""",1,tiktok_v2
"""Maafin Aja Bro Semua Orang Pasti Ada Kesalahan Dia Juga Pasti Ada Kesalahan Nasehatin Aja Siapa Tau Dia Berubah""",0,tiktok_v2
"korea sama orangnya sendiri aja rasis minta ampun....makanya kita sering jumpa org korea dimana mana rasis,ga di medsos ga di game rasis banget",1,
jujur saja ya ni orang bagusan kaga oplas itu foto sebelum dan oplas dioplas mukanya aneh kyknya gagal oplasnya,0,relabel
"""makin cantik mel, semangat dietnyaa""",0,tiktok_v2
RT USER USER USER Komunis itu sadah BANKRUT bro seiring perestroika Cecep Gorbachev,1,fn_hatespeech_id
"USER USER Media pura2 bego dan ajak2 bego orang lain, namanya pembodohan. Parah!!!'",1,fn_hatespeech_id
"akhirannya ""isin aku rek"" 🤣🤣",1,
sudah berlian pilih batu nisan,1,relabel
Korsel negara rasis,0,
Bro is 15 years late,0,
buzzernya disuruh komen kalem,0,dataset_research
"Kalau jalur hukum ngga bisa di pake jalur keluarga an, ga usah pulang bu tunggu in disana, tunggu sampe buat perjanjian hitam di atas putih ada rt rw, perjanjian sampe lulus.... Kalau kalau ngga, biar enak sekolahnya",0,
"baca komen aktif, ngeriset males",1,tiktok
mandi lu tong dih,1,dataset_research
Good luck and congrats mas Hansol dkk🎉🎉,0,
alah dulu pas msih jdi istri boro2 ðŸ˜‚,1,tiktok_v2
"Emg kenapa si, org juga butuh pendamping hidup lagi, netizen gatau apa2 mending diem, mau gimn pun juga mamari berhak bahagia, gausah urusin hidup org lain😒",0,tiktok
"semngat cantik.. ayo bangkit zah kmblikan snyummu,ceriamu, kbhgiaan mmanantimu..🥰🥰",0,tiktok
"cuek blh dgn cara pacaran anak , tapi tetp hrz d jalur yg benar ...",0,dataset_research
Kejamnya jejak digital politikus USER USER tentang narkoba. URL,1,fn_hatespeech_id
senang yaa lihat orang sukses meeting ya allah pengen sukses mirip begitu biar status instastory,0,relabel
gigi behelin dulu cok,1,dataset_research
"Yg gw paling sebel adalah kasus cewek wkwkwk , sampe im han rim pengen ngebanting 😂",1,
kampungan artis yang numpang tenar gara2 mukanya katy perry doangÃ¶,0,relabel
slide mukanya gaya saja tetap cantikk,0,relabel
"biasanya klo berita2 bgini banyak yg komen “tebak agama”, kok kosong ya skrg ?",1,tiktok
"Nah, He Probably Gave Us Up Sometimes",0,
Memalukan sekali jadi orang kayak lo,1,cyberbullying_1000
"jangan bilang anak anak, itu anak sudah besar bisa bedakan salah dan benar,kasus bulling seperti ini harus di selesai kan disekolah, minta sekolah untuk mengeluarkan anak itu dari sekolah😮",0,
"Ketemu teman lama, ngobrol seru banget",0,cyberbullying_1000
"takut sama kekuatan netijen yaa,makanya langsung nongolðŸ˜ðŸ˜‚",0,tiktok_v2
malu ga si bang @Ibnu Wardani si paling tau jepang ?????????? baru mau kejepang udah bikin malu wkwkwkwkw,1,dataset_research
artikel itu menjelaskan cara merawat anjing peliharaan,0,manual_augmentation
mati kamu najis kontol bangsat mati kamu,1,relabel
takut anjing cynophobia,0,relabel
Nafa Urbach gk bersalah dia cuma ngasih tau informasi tunjangan rumah TDK ada merendahkan rakyat kayak yg lainnya,0,tiktok
malah couspley jadi valak,1,dataset_research
"""Santai rick yg ngehujat lo belom tau perjalanan hidup lo aja! Mereka hanya sok suci!""",0,tiktok_v2
Damanik emang ga jelas cara ngomongnya serta jalan pikirannya. mungkin itu mulut belum pernah makan bangku sekolah 🤦,1,tiktok
Anjai mewing,0,
alah laki laki jaman sekarang sama saja bejat ustad kek kek gila sangat sama perempuan yang istrinya stju sangat sama yang bilang ustazah username msuk surga bukan karena poligami masih banyak yang bisa jadi akhlak bisa masuk surga yaa semoga saja sih perempuan perempuan pelakor diluar sna azab yang tidak diampuni hidupnya tidak selamat dunia akhirat,0,relabel
mantab bu dosen,0,tiktok
ngapain si ngejudge mikir putus kejadian tolol,0,relabel
"kesabaran saya yang 0% sangat diuji, bisa"" seisi kebun gue absen",0,dataset_research
"""Cowo foto liatin lidah nya jam ah jijik gue. Apa lagi minus akhlak kek gini""",1,tiktok_v2
HE SAID DENGAN LANTANG : TIDAK BACA WEBTOON AND TIDAK NONTON DRAMANYAA,0,tiktok
"Percaya diri dong, lo punya potensi besar",0,contrastive_dataset
"""Gila Netizen pada sempurna ngehina orang terus""",0,tiktok_v2
USER USER USER Guoplok... Baca beritanya dulu cebong terkutuk... Bukan asal melarang...... Dongok jnhan di besarin',1,fn_hatespeech_id
USER USER USER Pemikiran TOLOL!!,1,fn_hatespeech_id
"Emang ya kalau udah jelek, ya jelek aja. Ga bisa diupgrade",1,fn_fp_reduction
Aku aja capek sama diriku sendiri apalagi kamu Maaf ya ',1,dataset_research
Aku perempuan gk pernah beli barang make up apapun ，gk telaten makenya ，，paling beli sabun pencuci muka di warung deket rumah ，klo muka rasa gk nyaman solusi nya pake masker putih telur ayam kampung ，，body lotion untuk tangan pke aloe vera dari nature republik ，，😅,0,
Jika orang tua nya yg buly membela.. Wajib di polisikan Jangan jangan anak hasil berzinah.. Atau dulu mamanya sempat melonte terus punya anak maka nya anak nya seperti IBLIS,1,
KOSONG yg konsisten👏,1,tiktok
"Aku lho wis liat iklane, tapi gak ngeh itu dirimu. Mungkin gara2 aku gak tertarik nonton horor kali ya...moga sukses filmnya. Keliatan kalo udah bisa masuk nominasi gitu, dijamin bagus sih. Tapi horor...Yo pokok e sukses lah ya.",0,
"""MELET MULU SETAN KAYA ULAR""",1,tiktok_v2
"""potret seorjing memegang anjing kwkw""",1,tiktok_v2
"""ngapain juga nginap di rumah cowo, gaada keluarga lg lo?""",1,tiktok_v2
lonte bajingan,1,relabel
"gue berprinsip kalo kita nemuin pasangan di tempat ga bener, bakal ga bener juga endingnyaðŸ˜”",1,tiktok_v2
Sama kek kelakuan toxic buzzer drakor dkonoha yg suka menghina dan menghujat aplg setelah si tayong pelatih korea bapuknya kena pecat😂😂😂,0,
Anak2 sdh berbakat jadi penjahat Boleh perlindungan thd anak tp jk sdh ada bibit hati hitam spt itu wajib diobati,1,
yes yes yes kirain lypsinc habisnya sih suaranya eh pas dua2nya nyanyi bareng ngeh asli kereennn,0,relabel
"Saya org kampung tp gk norak di lift. itu sepertinya baru2 coba naik lift, karena dikampusnya baru ada lift kyknya.",0,
Youtube!,0,
Berarti 17+8 itu cuma angin lalu yaðŸ˜¢,0,tiktok_v2
orang karena orang jahat,0,relabel
USER org kaya gitu emg maunya bayinya dibunuh aja. polisi moral keparat',1,fn_hatespeech_id
Benerin Dulu tu muka lu Anj Kesel gua,1,dataset_research
gamau maapin semua salah lo:(,1,tiktok
"""fotoku jadi jelek karena blur""",0,manual_augmentation
heran saya mah tidak suka tidak usah follow sudah tahu ni akun private kalau kamu follow ngebuli tanda nya kamu sirik tidak suka ya tidak usah diliat kaya sempurna saja,0,relabel
"cinta ajak gue ke sana , gue dah muak d indo😭🙏",0,tiktok
Memang sehebat apa sepakbola korea? Memang lebay aja...gagal kok ngamuk kelewatan.,1,
"TERUS DAN SELALU TERUS ADA. KRN HUKUM MURAH, RINGAN DAN TUMPUL.... ITU SISWI YG DIDUGA TERLIBAT, MUKANYA BENGIS...",1,
gitulah kalau merasa paling berkuasa,1,tiktok
"Yeu kunyuk mt gue kaga di bales, sok suci cuih'",1,fn_hatespeech_id
Kentut Poh Kah?,1,dataset_research
bang ntr pas idul adha jgn keluar ye takut ketuker sama sapi wkwk,1,dataset_research
Hisab adalah saudara perempuannya,0,dataset_research
capek bgt pasti tu ariel 🤣🤣🤣,0,tiktok
"Mantaap biar kader PDIP, gak sewenang-wenang, meniru niru gaya bicara ketua umumnya si Nenek, Bpk Suharto itu tulus..Di akui atau tdk di hatiku Bpk Suharto tetaplah Pahlawan 👍❤️",0,tiktok
USER USER trus mau loe apa antek-antek wowo? \xf0\x9f\x98\x86\xf0\x9f\x98\x86',1,fn_hatespeech_id
berarti bener dong kalo LO JAHAT???,1,tiktok
"""Keren banget!!! walaupun sebentar tapi mantap abis! Ditunggu karya selanjutnya ya kak! Stay safe and healthy isyana ku""",0,tiktok_v2
CANTIK BANGETTTTâ¤ï¸,0,tiktok_v2
"""Hapus ajh ni poto ngk tau malu bgt lu bang""",0,tiktok_v2
jan bawa fisik dong,0,dataset_research
pasangan serasi,0,dataset_research
"""cantik sih, tapi sayang kurus ya. padahl udh nikah lo, kurang bahagia sama pernikahannya?""",1,tiktok_v2
Gila bagus banget filmnya dari awal sampai akhir bener bener ngajarin kita agar menolong teman yg di bully dan jangan membully teman semangat terus DL entertainment.btw pin dong,0,
terima kasih teman mendukung kamu bagiku,0,relabel
"""ruangan rapat itu seperti pasar karena sangat bising""",0,manual_augmentation
"Kalau lain kali kena lagi, makan pisang yang masih mentah mayan manjur.",0,
postingan ya bund netizen menghujat,0,relabel
kirain chacu dililit ular weling 🥺🙏,1,tiktok
astaga ngehujat sampai postingan,0,relabel
nih orang manis sangat sihh tidak ngerti,0,relabel
dari awal sdh gak jelas ðŸ¤£,1,tiktok_v2
"Tasyi emang ga bayar buzzer ,tapi suaminya yg bayar mwehehe??",0,dataset_research
USER Bersyukur atuh jangan malah pamer di Twitter goblog',1,fn_hatespeech_id
nagita kaya anak muda coba cantikk bangeett,0,relabel
USER Ha ha kocak ...kalabong emang dungu',1,fn_hatespeech_id
USER gausah sok cool gitu ngetik jutek. ga cocok udik bgt',1,fn_hatespeech_id
anjing kampung itu sering ikut lari pagi,0,manual_augmentation
Gimana lae USER ? tapi ah bentar lagi aja kok kan #2019GantiPresiden,1,fn_hatespeech_id
"Nonton konten favorit, santai banget hari ini",0,cyberbullying_1000
Nih ya gue jelasin. \n\nCowo. Burungnya gaada. Jadi cewe. Cewenya bernada2. \n\nSIAPA LAGI TRANSGENDER DI INDONESIA YG NYANYI? URL,1,fn_hatespeech_id
beda 1000 anjing,0,relabel
Maap bgt unfoll,0,tiktok
bayu terlihat tidak di urus,1,dataset_research
USER USER Tolong di jwb dl pertanyaan gw ya..temen gw bilang...debat or ksh pengertian sm cebong kacung itu percuma..krn dungunya sm ketulang rusuk..bener apa betul itu???',1,fn_hatespeech_id
Semoga bener Aamiin 😁,1,tiktok
username y sudah salam kenal y mbk senang kenal sama mbk sebagai manusia ingatkan y sebagai manusia harus tahu jangan sombong yang digedein mentang2 sudah jadi artis haha y sudah mbk cabut ja y dari komen di foto ni nnt jadi korban dia sel,0,relabel
emang dia cerdas?🗿,1,tiktok
Lo itu backstabber traitor gak ada yang trust lo,1,codemixed
raisa pakai baju merah sumpahh cantik bgttt,0,relabel
sombong nih orang anjing,0,relabel
"kalo emg pernikahan mereka karna perjodohan, sebaik apapun pasangan kalo emng masih mau bebas ya ttp mau bebas guysðŸ™‚ ga semua nya bisa di samakanðŸ™‚ðŸ™",1,tiktok_v2
muka pas an sok sok an sama lonte kamu anjing,1,relabel
"USER Itu islam sontoloyo...anna. puasa bln syawal lebaranya bln suro perayaannya di tempat setan seperti laut selatan, gunung kawi.'",1,fn_hatespeech_id
Jadi bangsa yang pecundang kalo begitu. Pantes saja kalo jadi cukong dan antek asing.,1,fn_hatespeech_id
"Bento > Klinsman STY > PK Ternyata kita udah setara sama Korsel, woy. KFA n PSSI sama plengernya🤣",1,
anjing kamu biadal bangsat kamu ulama dirimu,1,relabel
"Klo mau ningkatkan kualitas liga rekomendasikan pemain Eredivisi main di liga 1 indonesia, atau setidaknya menjadi pemain piniaman 1 tahun",0,
"kenapa sih anjir kalau warna kulitanya gtu, semua nya tetap cantik njir, nggak usah obses sama kulit putih",0,tiktok
tas chanell KW tuh xixixixiixixixix,1,dataset_research
relawan itu bantu orang banyak bantu orang2 susah bukan bantu perorang,0,tiktok
@Nabilatisyaa: Kibinyikin Bicit,1,dataset_research
"""frasa jelek di sini merujuk pada kualitas gambar""",0,manual_augmentation
"gak dosen, gak guru, gak isolop banyak birahinya, contoh nya istrinya gue dulu SMK juga di modusin begini",1,tiktok
ragu saja cantiknya sudah kek gini bagaimana kalau yak cantiknya kek heran,0,relabel
"kek tetangga whooppðŸ”¥, gua lamar sana sni ga dptÂ², tetangga gua tinggal blg doang, interview formalitasðŸ”¥ðŸ”¥ðŸ”¥",1,tiktok_v2
Pasti mrk yg punya target turunkan presiden isunya sih pak wakil yg gantikan..intinya jokowi naik konglomerat hitam tiarap sambil tgg peluang,1,fn_hatespeech_id
"""Pengen gw pacul mulut lo!! woii anjeng busuk""",1,tiktok_v2
mulai sekarang aku akan memuji pak jokowi dan bu mega. aku takut dipenjara.,1,fn_hatespeech_id
USER USER USER USER USER Kmrn galak2 klo ngomong. Skrg sibuk klarifikasi. Dasar bajingan',1,fn_hatespeech_id
USER Asw emang sesat lo.',1,fn_hatespeech_id
"USER USER Ketua Cebong kirain pinter, gataunya cuma modal link, kik kik kik (padahal katanya S3 lowh)'",1,fn_hatespeech_id
USER USER Dasar bencong.....!!!',1,fn_hatespeech_id
rlt mutualan yu yang gamasalah aku suka rt in ga sama twt receh Rt ya dn aku ada tapi follback kalo ngga maapin ak,0,dataset_research
"""Karena muka lo pasaran mel, di pasar sapi juga ada yang mirip noh""",1,tiktok_v2
username yaa ampun upil naruto kata2nya mencerminkan kalau yang pecun pengalaman sekali kamu yaa kasihan saya prihatin mati saja deh kamu ngotorin dunia manusia kamu,0,relabel
"3. Kelompok di balik rezim ini merekayasa berbagai terorisme islam utk merusak citra islam dan indonesia; ; 4. Menuduh umat islam Indonesia militan, radikal, garis keras; 5. Menyudutkan islam melalui berbagai isu seperti LGBT dll; 6. Menuduh, mencurigai, i",1,fn_hatespeech_id
@garef1 yes,0,
namanya juga orang kaya,0,dataset_research
dasar bodoh kamu saya jijik kamu bro mirip tidak otak sekali,1,relabel
kamu sintingnya sudah tingkat dewa,1,relabel
cuihhh,1,tiktok
babi lucu bermain air,0,relabel
Kalau kamu see someone being bullied speak up dont just watch,0,codemixed
kamu sosok menginspirasi belajar darimu,0,relabel
yang membenci Ibn,0,dataset_research
"Jgn kan presiden dateng ke kampung di sambut meriah, Tukul aja dateng ke kampung pasti di sambut dgn meriah, jd jgn GR kalo USER sll di sambut rakyat, itu bkn krn mereka bangga, tp krn rakyat itu indah dlm berbudaya, Jgn GR ngapa; USER #GantiPresi",1,fn_hatespeech_id
bukan netizen atau media yang bilang anda gak loyal ... tapi anda sendiri .. jejak digital itu pahit,0,tiktok
"Yaampunn sayy, topik yg dibahas apa komennya apa 😅 yuk sama2 cari tau dan belajar ttg isu2 yg lagi rame 😊❤",0,
Udah masukin lapas,1,
Ayo jujur.. Kalian lebih suka pemimpin duduk bareng Ulama atau pemimpin naik chopper??; ; Jangan lupa nyalakan hastagnya #2019GantiPesinden,1,fn_hatespeech_id
boleh nih buat nakutin anak kalo gamau bangun saur,0,dataset_research
It’ll never be a let-down,0,
"USER USER USER kalo KH Ma'ruf ngomong pada belaga budek , pada belaga pilon, masih nyundul \xf0\x9f\x91\x89#gantipresiden2019 ?? goblok kok kebangetan?\n#T3tapJokowi #T3tapJokowi""",1,fn_hatespeech_id
kyak kcebong awokwoaoa,1,dataset_research
hello youtube.😂,1,
biar edit2 kaya saja ketiak hitam nya tidak bohongin,1,relabel
Ini sebuah serangan balik twitwor kubu USER yg menelan seorang kader golkar yg dikenal juga sebagai konsultan politiknya Anies -Sandi,1,fn_hatespeech_id
"USER Tai kucing, cina mulai intervensi wilayah kalimantan, hati Hati gara gara ahok simulut jamban'",1,fn_hatespeech_id
susah kalau bicara ama jembut monyet mulut kaya bol yang tai tidak ingat ama janji kamu yang kemarin dasar munafik kamu peler kuda ucapan tidak dipegang,0,relabel
gigi kuning mata kuning ?? mabok tai ni org,1,dataset_research
anjing tetangga menjaga rumah,0,relabel
Happy 20th birthday YouTube!!! 🥳🥳🥳😏,0,
mba behelnya yang kw yah,1,dataset_research
Adi prayitno pengamat politik grade D . Dari jejak digital analisa politik nya meleset semua,1,
keren yang bakat nanti juga kalau sudah jadi artis duit mukanya cemerlang,0,relabel
saja makhluk tolol mirip kamu heran pekara hoax nya tidak kamu nyadar tidak sih bodoh gambarnya seram,0,relabel
2025 full cowo” ketahuan selingkuh😭😭,0,tiktok
"Injek lg Buu batang lehernya dpn nneknya tuhhh abis tuuh seret keluar bawa ke polisi,,,geretan ane liat mukanya yg nyolotin iih najisss🤬",1,
"""Lebih najis elu daripada anjing!""",1,tiktok_v2
finally dari zaman dayana,0,tiktok
HIDUP PENUH DENGAN SETTINGAN,1,tiktok
"gen bapak terlalu kuat rek, jadi maghrib😹",1,tiktok
"""Ya Allah ni orang apa peri, cantik amatt""",0,tiktok_v2
apa ini,0,dataset_research
"""iklan banner itu terlihat murahan dan norak""",0,manual_augmentation
"""Banyak komen yg support malah ketutup yg hate bgst emang IG""",0,tiktok_v2
"Namanya juga negara rasis, si paling pengen juara,, padahal kalau orang korea di eropa malah nggak ada harganya sama sekali wkwkwkwk",1,
mukanya kotak ngakak dikit maaf bg,1,dataset_research
Kamu sudah shalat jum'at belum,0,dataset_research
"""Fokus ke nagita pas mau minum masih sempet baca doa. keren bgt hasil dari didikan orang tua nya""",0,tiktok_v2
"USER Mana datanya,banyak bacot sj'",1,fn_hatespeech_id
ini bukan relawan lagi melainkan TERMUL namanya 😁😁,1,tiktok
"""BARU KALI INI LIHAT ANJING SAMA BABI BAIKAN?""",1,tiktok_v2
"@suhermandoank202 gaada hubungannya cok🤦🏻‍♂ biasanya tergsntung anaknya aja, orang tua dari kota bodoh mana yg ngajarin anaknya bully orang?🤦🏻‍♂",1,
USER Cih najis',1,fn_hatespeech_id
"parah, hujannya deras banget hari ini",0,manual_augmentation
sok cakep lu aslinya mah tulang semua tuh badannyaðŸ˜›ðŸ˜ƒ,1,tiktok_v2
ngapain sih monyet,0,relabel
Ya sok cantik loh jdi cewek,1,
kalo kedapatan dosen kayak gitu hukum rajam depan kampus,0,tiktok
"tolong bahas updatean kasus new jeans, mas hansol🙏",0,
"Untung si adek durhaka ini Uda sempet oplas, klo gak kan bisa setengh jadi mukanya jadi peot² karna gak ada pemasukan buat oplas.",1,
"BUKBER.\n\nEkspetasi gw ya flasback ngebahas ngegoblogan yg pernah dilakukan pas sekola, biar have fun.\n\nRealitanya cuma nngebah kerjaan, menyombongkan diri, menganggap tempat kerjanya sekarang yg terbaik. Kan kntl bgst \xf0\x9f\x98\x92 \n\nDasar Adit,Fajar,Ilmah lu pada !'",1,fn_hatespeech_id
"""artikel itu membahas vaksinasi untuk anjing peliharaan""",0,manual_augmentation
"ini masuknya kekerasan seksual, harusnya korban kekerasan seksual tidak ditampilkan wajahnya. cmiiw",1,
RT USER mmg otoriter! Buktinya USER selalu OTT? Pdhal dri partai politiknya sendiri byk ya? USER & USER Ditangkap smua?,1,fn_hatespeech_id
lancau anjing stressnya,0,relabel
barang branded pun terlihat lurang value nya ini mah,0,dataset_research
"Bergelar Profesor Doktor ditololkan atau menampakkan diri jadi orang tolol karena mengutip Quran, sangat disayangkan",1,fn_hatespeech_id
Pak Lukman mau menjelaskan Indonesia Baru Tanpa Islam masih perlu bicara move on terlebih dulu,1,fn_hatespeech_id
"hello ka zize semangat untuk hari-harinya. jadilah dirimu di versi tebaikmu ka, tanpa harus memikirkan ucapan seseorang yg Tidak tahu dengan isi hatimu. 😇",0,tiktok
sudah tidak jaman ngebully orang hey netizen mending ngaca kekurangan,0,relabel
"Main game bareng teman online, seru banget",0,cyberbullying_1000
Wapres Gibran plonga plongo !!😂😂😂,1,
"komennya pd knp si, emng dia harus begimane, idup idup dia ngapa pd ngatur dahðŸ˜­",0,tiktok_v2
Takut mata -yang menyatu ? Takut hidung ?,1,dataset_research
gabisa klo soal leak,1,dataset_research
Mas Hansol kadang itu perempuan kalo lagi cinta sama laki kebangetan begonya. Jadi kalo yang nasibnya sial ya kaya gini sampe dia harus mati di tangan orang yang dari awal cuma manfaatin dia sebagai pemuas nafsunya tapi si cewe berfikir kami saling cinta. Aslinya cinta itu tidak menyakitkan. Jadi kalo dalam hubungan ada rasa sakit yang dirasakan berarti itu bukan cinta tapi salah satunya adalah korban!? 🙄,1,
relawan itu baiknya kalo gak bubar dipidanakan saja karna bikin fitnah kisruh dengan buzer2nya,0,tiktok
"""muka kek banci dih najis""",1,tiktok_v2
"""warna tas ini terlalu norak kalau dipakai malam hari""",0,manual_augmentation
Makeup zaman emak gw sih ini cin🥺,1,tiktok
"gw lebih suka standar kecantikan luar sna ya, kalo standar kecantikan indo tu dah kaya mau adu cantik sm bidadari, bikin muak apa2 patoknya ya gitulah. cantik versi diri sendiri itu lebih baikâ¤ï¸",0,tiktok_v2
"""Setan ma setan mahh emg cocokk udee""",1,tiktok_v2
Seperti datok siti nurhaliza beb,0,dataset_research
oh itu jule? kirain baby sister barunya trio Na,1,tiktok
cowoknya tidak cakap cakepnya,1,relabel
"Bruh dia seengganya dia bisa kabur dri negara ini, artinya dia win. kalian ini knp dah julid bgtðŸ˜­",0,tiktok_v2
"""Rick lu tuh jadi manusia kek gk ada gunanya lu dilahirin kedunia untuk berbuat baik, sayang nya lu ngecewain org lain gimana mo masuk surga""",1,tiktok_v2
Yg benci muslim biasanya antek komunis. Puluhan tahun mrk bantai Muslim.,1,fn_hatespeech_id
"""kultur kerja kaya gini menurut gw bagus si ga kapitalis banget, petingginya juga ikut kerja misal ngevlog atau endors, semoga gaji juga ga senjang si haha""",0,tiktok_v2
memang dasar bajingan tahu malu loo,1,relabel
nitip dong mbak tas nya beli dimana ahahahahahah,0,dataset_research
pinter semua bahasa eh jodohnya g jauh2 indo jg 😂,1,tiktok
"""mama gigi ketemu gajah. gajahnya seneng sampai ketawa gitu ahhaha.""",0,tiktok_v2
"RT USER: Sudah la BABI , perangai pun BABI\xf0\x9f\x98\x82\xf0\x9f\x98\x82 URL",1,fn_hatespeech_id
SARACEN kejahatan besar Yang Direncanakan Mendagri harus membatalkan kemenangan Pasangan Anies Sandi karena menggunakan Jasa SARACEN,1,fn_hatespeech_id
RT USER Ente lupa SBY 10 tahun kowi 3 tahun ? Buat prosntasi baru jelas kawan !! Sembako garam saja Import ( gila kan ),1,fn_hatespeech_id
Bully efeknya jangka panjang bisa bikin mental anak down dan ga percaya diri bully wajib dihukum berat,1,
"Bayinya baru lahir, udah tajir🤑",1,
berita tergapenting :),0,tiktok
"""suasana kelas ramai sekali seperti kebun binatang""",0,manual_augmentation
Saya mencoba melupakan hal itu tetapi akhirnya itu membuat saya sedih sehingga Tuhan akan kehilangan kekecewaan,1,dataset_research
anak perempuan lho contohin jelek anaknya becus perempuan amit amit,0,relabel
username bilang itu kuin kamu gesek grepe ama lakik orang tidak malu sudah hamil nikah kegatelan janda,0,relabel
"Ini biasanya, anak melakukan sedikit kesalahan langsung di lindungi org tua, di belain. Maka nya ank gede tingkah kayak gt, ga tau kesalahan",1,
"mmg kalo gak pernah turun langsung ke lapangan.., maka tdk pernah tahu masalah yg sesungguhnya... panteslah kalo jadi jongos Cina... huft",1,fn_hatespeech_id
Muka anak itu perludi gampar muka kurang ajar mlwn nenekny jg melindungi cucu y yg kurang ajar gampar aja tu mukanya biar kapok,1,
"USER USER USER USER Hanya org bodoh yg masih percaya bahwa prabowo benar2 dalang 98,pdahal dalang2nya disekitar org jokowi,makanya saat ditanya masalah ham 98 jokowi cma jawab ""lagi diproses"" you know lah pasti bohong lg. jd o",1,fn_hatespeech_id
anak tetap harus dihukum klu dibiarkan gakan jera dan berkelanjutan anaknya juga kliatan gd adabnya,1,
USER USER Anda pengguna twitter yg mendukung hak2 LGBT juga USER \nKaca mana kaca!! Congor harap dijaga',1,fn_hatespeech_id
Muka lo tuh mau diapain juga tetep jelek,1,cyberbullying_1000
semoga khusnul khotimah,0,dataset_research
enakk musik nyaa lagii lhatt ka agnes nyaa dance kaya nyaa nyamaann enakk sangat tuh kayaa nyaa,0,relabel
pendapat otak mu monyet babi anjing kamu,0,relabel
jujur ya kalau anteng tidak cantik mel,0,relabel
Aku support the movement against body shaming everyone is beautiful,0,codemixed
happy birthday mbak mel cantik panjangkan umurnya sehat,0,relabel
monyet ngapain kamu,0,relabel
USER USER Etnis cina memang ada yg ikut berjuang tapi lebih sangat banyak yg jadi penghianat jd antek belanda..,1,fn_hatespeech_id
Never ran out of comments or not?,0,
alhamdulillah kidz zaman niw yang berkarya sewajar seumurannya yang sok gede,0,relabel
kak yaya tidak ngeraguin pendengar lagu2 nya,0,relabel
bahagianya anak cantik berbakat bersyukur benar titipan indah,0,relabel
"USER USER USER menghormati kinerja pemerintah yg gimana??!!! negara hampir hancur lo bilang hrs menghargai kinerja pemerintah! bego boleh, DONGO JGN!!'",1,fn_hatespeech_id
muncungnya,1,tiktok
tidak nyadar saja nih sampah haha,1,relabel
anjing tidak main twitter kak,0,relabel
USER USER USER USER USER USER USER USER USER Gak hidup cebong klo gak produksi dan makan hoaks.',1,fn_hatespeech_id
Semua orang tua akan lakukan hal yang SMA klo anak nya d perlakukan seperti itu,0,
DOAKU SEMAKIN SALING SAYANG YA MAS DANI DAN MBAK MULAN MEREKA YANG BENCI IRI SIRIK SAMA KALIAN BERDUA TAMBAH STRES DAN PANAS...TUHAN MENJAGA DANI DAN MULAN SERTA KELUARGA....AMIN🙏🙏🙏,0,tiktok
ORGNYA AMIEN SIH TUE.BELAH AGAMA ITU HAK ANDA.....TAPI SAYANGNYA OTAK MALING TERIAK MALING DAN RESMI DITAHAN KPK,1,fn_hatespeech_id
"Para pemuja keluarga si raffi kok gak ada yang nongol ngebela???😂😂sungguh miris yang kalian puja2 ternyata keluarga gila harta&jabatan,dasar para sdm jongkok,miris sumpah!",0,
"barang siapa takut pada Allah & bertakwa padaNya, mereka yg dapat kemenangan (24:52) SALAH, takutlah pada Densus 88",1,fn_hatespeech_id
semangat gaga liat kebelakang fokus saja kedepan muda yang,0,relabel
disini mau sombong langsung ciut 🤣😭😭 semangat terus bang oki!,1,
gimana mau bubar cari cuan nya dengan begitu,0,tiktok
"USER USER USER USER USER USER USER Alaaaahhhhh, omongan cebong mah udah ketauan kemana arahnya... Mau pakek tol kelok 1000 pun tetep... Ga usah sok2 Islam lu bong!!!'",1,fn_hatespeech_id
"USER Rezim skrang bobrok pak kyai, dlu pdip demo bbm naik trus ngeluarin buku merah, eh skrang bbm naik kesannya diam diam, kebanyakan planga plongo presidennya. Presiden bgtu pake dibilang sama kayak umar bin khattan lagi...Nauzubillah.",1,fn_hatespeech_id
Yg anaknya di bully orang tuanya harus kaya gini.....Ojo diam ajaa....bagus Bu lanjutkan injek gantian aj lehernya...mukanya nyebelin bgt,1,
fungsinya bikin gaduh dan untuk menutupi bobroknya rezim 10 th yg lalu,0,tiktok
"So sorry, bru ngeh dia dibelakang🙏",0,tiktok
mending liat dek molen biarpun cowok tetapi cuantik tidak kaya cewek tetapi mirip bencong wkwkwk,0,relabel
"BOIKOT influerser Korea!!! Jangan Di tonton dan jangan di subs, mereka aja rasis ke bangsa kita dan negara tetangga kita",1,
keren sekali sebentar mantap habis ditunggu karya ya kak stay safe and healthy isyana aku,0,relabel
"Oh good, sampai jumpa di akhirat 👋",0,tiktok
"Kulit oke bgt , tp pakaiannya kya anak punk😭",1,tiktok
"Setiap lo ngomong, orang pasti males dengerin",1,contrastive_dataset
yg Mudik bisa puluhan - ratusan juta...; Jokowi kalo main2 soal libur lebaran..; baru ada dia membuat kebijakan; ganti presiden 2019..; harus nya 11 - 22 ( 23 &amp; 24 sabtuminggu kan libur ); arus balik lebih aman..; arus balik beban psikis nya tinggi..;,1,fn_hatespeech_id
"Kita ada buat lo, apapun yang lo butuhin",0,contrastive_dataset
Admin tolol di partai tolol\nPartai Tolol untuk orang Tolol',1,fn_hatespeech_id
USER Pengungsi asing bukan penfungsi aseng dodol',1,fn_hatespeech_id
Kalau sudah begini rame - rame saling cuci tangan. Cari aman masing - masing..... Dasar gubernur curang,1,fn_hatespeech_id
udah sok tau salah pula @Ibnu Wardani ????,1,dataset_research
kesimpulan warga korea tidak bisa menerima kekalahan rasis pokoknya,1,
artis kampungan wkwk,0,relabel
"Bersiap usir sepasang= ASING-CINA,, USER USER USER USER USER USER USER SelamatkenHutan",1,fn_hatespeech_id
kesal deh pagi2 anjing aku gigit perban kakiku,0,relabel
Bagus..ðŸ‘,0,tiktok_v2
HAL TERSIAL ARHAN ADALAH MENIKAH SAMA KAMU!,1,tiktok
"WOI!! Yang korbannya juga harus ngotak dikit lah!! Ngotak lah dia itu salah apa!! Jangan dikit-dikit pelaku bully aja yang disalahin. Mereka juga manusia, mereka berhak memberi pelajaran ke korban.",1,
jatohnya kek ajg sih rikkk,1,relabel
DAH LAHH SUMPAH CAPEK BANGET NGELIKE SEMUA KOMEN2 NETIZEN 😂. SAYA MEMUTUSKAN UNTUK STOP NGEHUJAT DAN LANGSUNG GASS KE PETISI AJA,1,
"Apa setelah kunjungan ini, MenAg mampu membantah, Islam mendungukan & membiadabkan umatnya?",1,fn_hatespeech_id
Pak de USER akan lebih elegan klo sampean undang para penulis ke istana daripada ngundang busar buser kae..suwon,1,fn_hatespeech_id
bangsat saja tidak memperhatikan sampai situ cuk,1,relabel
maluuuuuu2IN ih kemaren aja sombong sok kaya??????,1,dataset_research
artinya Projo itu artinya Projo 😂,0,tiktok
"Begitulah kalo orang jauh dr agama, gak kenal yg namanya ikhlas, sabar, syukur, takdir, ada yang ngatur..gitu dehh..jatuhnya gengsi..egois..perfeksionis..sok",1,
Yaalha parahh sii,0,dataset_research
di kampus gue ada dosen yang selalu manfaatin mahasiswa nya dan pilih kasih. salah satu dosen tiba-tiba kena speakup dari angkatan gue. lu tau ga imbas laporan satu orang jadi ancaman nilai C satu angkatan? nasib dosen cuma di omongin fakultas dan dosen lain. lu tau karena apa? karena dia punya power,0,tiktok
"Klopun iya aki aki, aki aki mana yg cakeup begini gue tanyaðŸ˜­",0,tiktok_v2
"""Adiknya Kak Maudy, cantik, pinter, aura positifnya keluar, ramah, lemah lembut, rajin, sholeha""",0,tiktok_v2
bandit tua bajingan tengik cahaya kian meredup kuasa menahan beban hidupnya,1,relabel
username iya sih jujur fans nia saja pas tenar sekali sinteronnya saja urusan keluarga salut ama muda ya itungannya beda 2 3 t,0,relabel
"Kak sangking lucu nya aku gak bisa ngakak, malah ngikngikkk😅😅😅",0,tiktok
"Dulu, tanpa sosmed pun Presiden Soeharto bisa di lengserkan. Apalagi Bapak Jokowi",1,fn_hatespeech_id
"USER USER USER Umat islam siapa yg ente mksd??\nFPI? HTI? Mrk bkn muslim. Tp penista islam. Bajingan mrk itu. Muslim tdk mgkn berbuat onar. Pengecut lari dr tgg jwb stlh mesum.\nApa2 islam, apa2 islam. Giliran mesum apa itu islam? Berbuat onar itu islam?",1,fn_hatespeech_id
anjing terbahak-bahak,0,relabel
Cape sangat,0,dataset_research
bilang enji ganteng bebas slingkuh bodoh kali ganteng pala kamu bau menyan tidak ada ganteng ganteng nya kebanyakan gaya kek mantan bini depok nya,0,relabel
Jangan pernah bully someone karena their weight itu bisa destroy self-esteem mereka,0,codemixed
Oh youtube,0,
DOAKU SEMAKIN SALING SAYANG YA MAS DANI DAN MBAK MULAN MEREKA YANG BENCI IRI SIRIK SAMA KALIAN BERDUA TAMBAH STRES DAN PANAS...TUHAN MENJAGA DANI DAN MULAN SERTA KELUARGA....AMINðŸ™ðŸ™ðŸ™,0,tiktok_v2
bully an ig ngeri facebook ajg saya ngerii ajgg,0,relabel
USER Kenapa pemain cacat dimasukin.?\xf0\x9f\x98\xb2\xf0\x9f\x98\xb2\xf0\x9f\x98\xb2.\nTeco tolol',1,fn_hatespeech_id
USER Saya berharap bukan PKS yg bubar tpi PKI dan PDIP yg bubar',1,fn_hatespeech_id
sepanjang dengar cerita ini kebayang ngiluunyaaa😭😭😭,0,
aku ikuti heart series monyet cantik saja yang ggs cjr nontonnya kadang saja,0,relabel
"Kalo ga sma arhan,kita ga tau kamu siapa kakðŸ˜…",1,tiktok_v2
"waktu piala dunia 2002 , hampir semua orang di tempatku kaget ternyata korsel bisa ngalahin italia , padahal saat itu prediksi skor dan secara statistik permainan italia jauh lebih unggul , apalagi jaman itu sebelum era son heung min ada anh jung hwan yang mana kehadirannya kayak benar benar diwaspadai tim lawan , bahkan tim kuat seperti brazil , jerman , dan italia saat itu sebenarya juga gelisah kalau berhadapan dengan dia . Tapi ya setelah 2002 , bisa dibilang era keemasan korsel sebagai satu satunya raja asia di piala dunia , sebelum Jepang untuk pertama kalinya lolos pada 1998 , udah mulai meredup . Bisa dibilang Korsel memang sedang krisis regenerasi pemain , mirip dengan italia yang dulu sebagai the king of world cup , malah gagal lolos 3 kali piala dunia terakhir berturut turut karena krisis pemain unggul.",0,
Innalilahi wa innailaihi rojiun RIP HUKUM di INDONESIA ðŸ‘ŽðŸ»âš°ï¸ðŸ¥€ðŸ“´,0,tiktok_v2
"Jgn salahin si anak, anak masih dalam tanggung jawab orang tua. Minta tanggung jawab orang tuanya…",0,
Semangat mama riii ðŸ˜ðŸ”¥,0,tiktok_v2
sekarang yg dikerudungin mulutnya bukan rambutnya ðŸ˜­,1,tiktok_v2
bagus sekali baju pengantinya happy weding,0,relabel
Style lo tuh ugly banget gak ada fashion sense sama sekali,1,codemixed
"Warga Korea masih blm sadar, kalo sepak bola Korea banyak drama, dan tidak se sangar jepang..",0,
USER USER USER USER USER La trus yg di salahin siapa dodol.... Wkwkwkwk kalo telur murah banyak yg beli kan sama2 untung... Ini sdah mahal ga bisa beli masih aja di belain dasar cebong terkutuk',1,fn_hatespeech_id
"nyari duitnya emang begitu Bu,,klo ga jadi relawan ntar pengangguran kan ijasahnya palsu",1,tiktok
Penjara ke kantor polisi gitu aja kok repot itu sama aja kasus penganiayaan,1,
KASIH IBU SEPANJANG MASA,0,
lariii ada pikmi?? jheysen uwuw,1,dataset_research
monyet mencuri pisang,0,relabel
"Kalo anakku dibully sampai disakiti fisik, gua balas tuh anak. Depan emaknya, depan gurunya",0,
"Sumpah deh temen gue lucu banget, dikata-katain malah ketawa",0,fn_fp_reduction
RT USER: Tinggalkan bicara tentang PKI mari kita fokus ke 2019 ganti Presiden jadikan USER sebagai the next Presiden,1,fn_hatespeech_id
cantik sih sayang kurus ya padahl sudah nikah kamu bahagia pernikahannya,1,relabel
USER USER USER USER Pepatah itu cocoknya buat jongos yg nyaring ngibulnya\nSangking sibuk kerja(pencitraan) dolar ngeroket..si tablo planga dongo',1,fn_hatespeech_id
USER USER USER USER USER USER USER Merawat kebangsaan dg masker CAP SARA alas anies sandi.,1,fn_hatespeech_id
Habis nurunin penumpang ojol gas nonton OKI DM. Gak terasa kalau potongan aplikator masih tetap seperti dulu ( 20% up ),0,
@Tokyo_: kibinyikin bicit,1,dataset_research
anjing itu menggonggong semalaman,0,manual_augmentation
"Oh ternyata federasinya plenger jga, pantesan di ""sekya sekya in""😂😂",1,
"USER Brahahahaaa, Cebong nya NgAhok ! \xf0\x9f\xa4\xa3\xf0\x9f\xa4\xa3 USER ((( cebong blm cebok ))) \xf0\x9f\x98\x85 USER'",1,fn_hatespeech_id
"​ @karsiyemkarsiyem4301 Nglawakpun ga lucu masih lucuan anwar,sinetron biasa' sja, presenter biasa' sja,usaha biasa' saja bhkn bnyk yng gulung tikar, tapi tenang' say.ung' ngalir sepanjang masa dri berbagi sumber mata' aliran 😂,.",0,
ntah lah ga respect.,1,tiktok
hatinya terbuat ya mbaa gigi berhati luarbiasanya saja sampai benci cobaa sebutin heternya mbaa kesalahan mba gigi lakukan duhh saja sukak sifatnyaaaaaaaaaaa,0,relabel
"Kenapa Pak RK Memilih Harta, Tahta, & Sapi Idul Adha🤣",1,tiktok
lu ngapain bang?,0,dataset_research
behel nya warna warni ges bikin salfok,0,dataset_research
"Ada yg berprinsip, BODOH AMAT, BIAR ANJING MENGGONGGONG, KAFILAH BERLALU JALAN TERUS ❤👍💪😂",1,
Mampos tuh buzzer yang bacot tin STY 😂😂,1,
"#iklanahokjahat Terorist nyata di Indonesia... Bukan wahabi, bukan Onta Tapi Babi Babi milik Cina Penebar Teror sesungguhnya....",1,fn_hatespeech_id
kukira kamu rumah kandang babi,0,relabel
aura bumil nya kuat bgt 😂 pengalaman tmnku nikah dressnya rame bagian depan bgini karna udh hamil besar.,1,tiktok
USER USER USER Ijinkan saya ketawa... Hahahaha... Bong...bong...pinter dikit napa...dungu kok dipiara...',1,fn_hatespeech_id
"Amit ""Hahahaa",0,dataset_research
Ria,0,dataset_research
manusia bidadari sih herann deh cantik,0,relabel
potret anjing poto setan,1,relabel
tan skin disana cantik loh guys di indo mah beda lagi,0,tiktok
RT USER: gangerti lagi sama TNI yg mau maunya ngewe Banci :(\nMnding buat tania aja itu TNI nya:* tania ksh memek URL,1,fn_hatespeech_id
Kalau bukan karena aksi turun ke jalan gimana bisa tau kalau uang pajak dipakai ugal-ugalan. ðŸ˜¥,0,tiktok_v2
Aloy mana om,0,tiktok
paling ga bisa soal GEMBROT,1,dataset_research
anaknya mirip sudah tua begitu ya mukanya kartu keluarga tasya,1,relabel
"buat apa ganteng kalau gak bertanggung jawabðŸ˜…
anjayy ga tuh skrg netizan yg dulu mengagungÂ²kan superhero satu iniðŸ˜",1,tiktok_v2
Warga Moskow demo turunkan Jokowi di negara nya.. SaveUstadAlfian,1,fn_hatespeech_id
"Sudah tdk ada lagi NILAI² ETIKA, KESADARAN BERNEGARA JUGA TUJUAN BERNEGARA. YANG ADA BGMN MERAMPOK SDA NKRI JUGA UANG RAKYAT NKRI UTK DIBAGI-BAGI SECARA *KEKELUARGAAN DAN BERJAMAAH*😂😂😂😂😢😢😢😢😢 TUNGGULAH KEHAN CURAN SUATU NEGARA DENGAN PENEMPATAN MANUSIA² YG TIDAK KOMPETEN JUGA MUKA² BADAK YG BEGITU TAKABUR DAN SOMBONG DGN MENGANGKANGI SELURUH SUMBER DAYA DAN DANA NKRI UNTUK MANUSIA² YG DZALIM DAN TDK PUNYA TENGGANG RASA PADA RAKYAT INDONESIA SECARA MAYORITAS YG MENGAIS² REZEKI SEKADAR PENYUMPAL PERUT BUKAN UTK NAIK HAJI DAN UMRAH BERKALI-KALI JUGA BAGI² REZEKI RUMAH MEWAH + EMAS JUGA GAYA HEDONIS LAINNYA TANPA RASA SUNGKAN 😅😅😅😅😅😅😅😢😢😢😢😢😢😢r",1,
mukanya mirip ngeden pas boker,1,relabel
"kata gue ape, yg tulus cuma penyanyi 😭",1,tiktok
Lhaa kaann saya adalah jalan yang rendah dari waktu jahat saya banyak dan mengatakan tidak ada yang tahu cinta keberuntungan,1,dataset_research
ini Bocah kebanyakan Nonton DRAMA BULLYING KOREA .. Haajarrr aja Bu.. VIRALin Bu .. biar kena Hujat & Depresi dikehidupannya ..,1,
kasihan orang tuanya puya anak cewe tapi hatinya gak punya . .,1,
si anjing jualan obat wkwk,0,relabel
wooy monyet kamu tidak tahu kasih pisang sambal,0,relabel
"Ya Tuhan, Tuhanku, kamu melindungi kedua orang tuaku ketika aku menjauh dari mereka",0,dataset_research
"""bajuku terasa norak saat dipadukan dengan celana ini""",0,manual_augmentation
Presiden yang anda tuduh Rezim anti Islam sudah banyak berbuat untuk Negeri ini sudah bnyak berbuat untuk umat... URL,1,fn_hatespeech_id
Tinggal Sebulan Lagi Anies Dipastikan Dicopot Dari Jabatannya Sebagai Gubernur DKI Lantaran Tidak Kunjung...,1,fn_hatespeech_id
Kisah nyata malin kundang : 100% daftar nama yang mengucapkan kalimat (JANGAN NGEWE DENGAN WANITA) itu tuh yaitu :; 1. KEMENTERIAN AGAMA; 2. CIPUTAT; 3. CIPUTAT RAYA; 4. BENDI NEGARA; 5. BENDI KEPOLISIAN; 6. BENDI TAHANAN; 7. SKCK; 8. DARI SABANG SAMPAI MA,1,fn_hatespeech_id
"gayanya udah kaya aktor chungmuro,Ryu Jun Yeol juga kalah gaya nyaðŸ˜­ðŸ¤£ðŸ¤£ðŸ‘ŠðŸ»",0,tiktok_v2
babi ngepet,0,relabel
"Plenger plenger gitu tetep masuk pildun. Msh salah satu jagoan asia.. gak kayak sebuah negara dgn penduduknya 280juta org, tp nyari dan buat 11 org yg OP aja gak bs",1,
kamu tidak sopan mukak kamu mirip babi,1,relabel
USER USER USER USER Ga penting ngpain lu komen. Kan tolol \xf0\x9f\x98\x82\xf0\x9f\x98\x82\xf0\x9f\x98\x82',1,fn_hatespeech_id
anjir dark bgt abidzar,1,tiktok
naksir ama ceweknya sepertinya lembut sekali kya bolu,0,relabel
"""Walaupun ga pernah lihat ka isyana live beneran di panggung. Tp aku terpesona bgt ama live virtual asli keren""",0,tiktok_v2
YOUTUBEEEE😊,0,
"""desain undangan ini terlalu norak untuk acara resmi""",0,manual_augmentation
cewek cakap setia disia sia in sahabat,0,relabel
"orang yang berfikir sehat, beda dengan projo",1,tiktok
beruntung sekali deh mba username dapat mas username ganteng sholeh sayang keluarga suami idaman sekali semoga keluarga samawa,0,relabel
Anak PKI yang pro Syiah dan antek asing juga diktator komunis dengan kebijakan neoliberal. Wadaw,1,fn_hatespeech_id
USER berisik tai gajedot. diemin jempol lo bisa gak.',1,fn_hatespeech_id
SBY+PRABOWO; #2019GantiPresiden menang mutlak ? Chopper balik ke solo; USER Om USER,1,fn_hatespeech_id
"""Dan yang paling saya heran cowokpun ikut ngebully, sabar meldi.""",0,tiktok_v2
"USER Kotor ga masalah yang penting bahagia warganya, cebong mana ngerti'",1,fn_hatespeech_id
Gw unfollow ya asuuuuu.,1,tiktok
Specheslah dengan Hasil pemilihan kepala daerah DKI 2017 Benarkah Anies-Sandi Menang Karena Sara..,1,fn_hatespeech_id
Raja Singa??,0,dataset_research
"kami org awam aja tau kasus Itu rekayasa, tempo antek nya asing,saatnya pimpinan pks skrg sadar, u,dukung pansus bongkar tipu-tipu nya kpk",1,fn_hatespeech_id
geger??,0,dataset_research
"Mana ada orang tua ga marah melihat anaknya di siksa seperti itu,,,,,",1,
"nah ini nih, Bru aj mo bilang wkwkwk",0,tiktok
Lah bupati gubernurnya ngapain aja itu,0,tiktok
USER Anjing menggonggong anies jalan terus,1,fn_hatespeech_id
"Kan orang tua the onsu berpulang pas jordi masih remaja gk sih, Dan ruben yg bareng olga Mati2an buat adik2 Terus dibawa jg main sinetron tapi apa daya gak laku Sekolah tinggi2 biar masa depan bagus Terus dimodalin usaha si ade ky ceo lh Tpiiiii mlah kmna2 blng si adelh yh beliin abngnya ini itu trmasuk rumah sengketa itu😂😂😂😂 Ya الله",1,
terlalu berlebihan juga tidak baik kan?,0,dataset_research
USER USER USER USER USER USER cebong dongok...dah kalah malah gila :))',1,fn_hatespeech_id
Gak ada future lo sih just a dead end loser,1,codemixed
iyah benar merubah pandangan tuhan elu setan mikirrrr suami majikan diembat,0,relabel
anjj.. mata ngantuk sahroni,1,tiktok
USER USER USER USER Kaum otak cingkrang demen hoax maklum junjunganya prof abal2 dan ulama yg belajar di sekolahan kafir; ; G?k ada sejarahnya nu dukung khilafah. Knp merasa minoritas ya m?u nyari simpatisan dr nu... ; Dasar wa,1,fn_hatespeech_id
Inilah Tujuan Mereka Mengkriminalisasi Ulama !!; ; #KamiBersamaUlama; #2019GantiPresiden ; #2019PresidenBaru,1,fn_hatespeech_id
"""babi hutan menjadi ancaman bagi tanaman jagung petani""",0,manual_augmentation
"bego banget gue, salah jadwal",0,manual_augmentation
orang modelan gini beban negara,1,dataset_research
Saya suka wanita yang sulit ditemukan tetapi sulit ditemukan,0,dataset_research
ini Projo ngomong apa si,1,tiktok
karena mereka sudah merasa dilindungi oleh parcok dan parjo,1,tiktok
"yang gapernah hujatt orang lain, mending urusin hidup sendiri ðŸ™Œ",0,tiktok_v2
eneg bangsat,1,relabel
Harusnya bpk2 jgn di pisahin biar gantian dibully sma org tua korban,1,
mana yang pernah bilang sisakan satu laki laki seperti bravyðŸ—¿,1,tiktok_v2
Dagu'a Thin Kyk Needle,1,dataset_research
Apa tindakan selanjutnya,0,
"""Perut makin maju tpi semangat jangan tak maju""",0,tiktok_v2
username ahhh jaga ucapan lahh ucapan tidak dijaga dasar munafik dasar betina zaman now ellu kali yangg kelebihan micin kamu otak kamu selangkangan paham semoga tuhan ampunin kemunafikan kamu cun,0,relabel
kan lu yang salah ngasib aturan etanol 10% njir.. ini motor gw habis servis gegera brebet abis 145 njir,1,tiktok
jangan begadang jangan minum2an soda jangan kau pilih dia pilihlah aku yang mampu mencintamu lebih dari dia,0,dataset_research
babi kotor bau,0,relabel
Ya enak banget teman sekolah aku besok nobar deh mereka aku juga mau ikut nobar tapi ortu ku yg gak ada duit,0,
Sepertinya bukan di pelatih sih tapi sistem sepakbola yg brok brok sih akuin aja bre + orang Korea tuh kya suka komplen komplen mulu kaya bukan komplen yg membangun tapi ngerusak + media yg kaya kemaren ngegorengnya ampun dah .. Gua aja klau jadi warga sana jujur aga takut tekanan kaga ngotak jir padahal sistem sepakbola nya aja masih amburadul.,0,
Gak sabar nanti nobar nonton inii besok malahan,0,
ky ema emakkkk😏,1,tiktok
Mending pindah negara karena Indonesia ini udah penuh dengan budaya korupsi sehingga banyak kasus seperti ini.,1,
Saracen teraflisiasi dng geng anies Sandi tak terbantahkan,1,fn_hatespeech_id
Di cari... Orang se goblok2nya untuk menjadi Komisaris maupun dirut BUMN... Segera,1,
taekwondo saat latihan:??saat praktek:??,0,dataset_research
Tenang aja bu ...biar pelaku di penjara....ibu ga usaha khawarir anak itu keluar dari penjara masyarakat yg ndukung ibu bnyak ko yg nungguin dia kleuar....pasti ntr jadi remuk lebih parah dari anak ibu yg di aniaya.....biar dia tau kalo sok jago sok kuat menindas yg lemah masyakat bu yg bisa ngasih hukum sebenar nya.,1,
kaya majikan sm pembantunya wkwkwk,1,tiktok
meninggalkan berlian tai sapi,1,relabel
terimakasih yang sudah milih PrabowoðŸ”¥,0,tiktok_v2
eh tompelny 3d kocak juga WKWK,1,dataset_research
GT Tuhan Yesus berkata 'Aku bisa menggantikan frustrasi di hatimu dengan damai,0,dataset_research
"Selamat hari kartini untuk seluruh wanita di indonesia, dan #2019GantiPresiden",1,fn_hatespeech_id
"""Artis remaja di Indonesia yg manis bgt kalo senyum Cuma dia deh perasaan yg nempel di hati""",0,tiktok_v2
aku kira kuliah itu menjamin moral dan etika.. ternyata ada ya yang begini.. calon dokter lagi.. 😭,0,tiktok
USER USER adian gaya lu kaya beruk. Gini klo supir tembak metromini masuk dpr.\nKampungan lu.',1,fn_hatespeech_id
beneran sinting itu orang huf',1,fn_hatespeech_id
senang indonesia musisi idealis berkualitas yang berkarya diapresiasi orang,0,relabel
USER USER Apan jir?dahak?KWKWKW TOLOL',1,fn_hatespeech_id
"Bullshit plot, Shitty acting, max level CRINGE, Overall 0-100 this Scheiße is an Absolute Trash",1,
"""goblok, aku salah kirim pesan ke grup""",0,manual_augmentation
"""rambutku kelihatan kampungan kalau pakai jepit ini""",0,manual_augmentation
"Uudeh.. kurus Krempeng Jelek.,jahat Laknat lgi",1,
Jan Deket2 Anj,1,dataset_research
I HASIL MAKMAK KALIAN JUAL PUKINYA. BAGI KSLIAN YG BERPIHAK KEPADA PKI DAN SI AHOK ANAK CHINA ANJING KAFIR INI. SERTA NKRI BUKAN DIDAPAT,1,fn_hatespeech_id
"""Ada 3 Ajg Dan Yg Punya Tato Bener2 Ajg""",1,tiktok_v2
Selamat ya sam.. keren eeehh,0,
"Klo ada bukti viralkan saja trus laporkan saja ke pihak berwajib & komisi perlindungan anak, selanjutnya keluarga dan netizen kawal bersama kasusnya. Btw itu ibu si pelaku kayak koq malah nge normalisasi kejahatan anaknya pantes aja kelakuannya akhirnya kayak gitu dibela trs",0,
Hadir 1 Jam,0,
"Blm jadi dokter aja udh gini,gimana udh jadi dokter,gimana nasib pasiennya coba🗿",1,tiktok
Cakep woe ðŸ˜ŽðŸ”¥,0,tiktok_v2
Her Never Gave Us Up indeed,0,
musang bigahiy,1,tiktok
USER trus jualannya di FKL gitu. ngamfrak... hahha bani kamfret logikanya kacau.',1,fn_hatespeech_id
cabul banget najis,1,tiktok
"""kata anjing dalam konteks ini merujuk pada hewan peliharaan""",0,manual_augmentation
"RT USER ""Prabowo Subianto tetaplah Prabowo Subianto yang merupakan anak biologis Soemitro Djojohadikoesoemo"" pengkhianat bangsa URL",1,fn_hatespeech_id
manusia kek gini nya kebiri bangsat bejat,1,relabel
"""babi hutan meninggalkan jejak di kebun belakang""",0,manual_augmentation
"""monyet liar itu turun ke atap rumah warga""",0,manual_augmentation
logo arsenal versi hijab,1,dataset_research
Bahlil emang dongo yahhðŸ¥°,1,tiktok_v2
"""dikasih hati yg malaikat milih yg berhati iblis greget:(""",1,tiktok_v2
"""poster seminar ini jelek karena terlalu padat tulisan""",0,manual_augmentation
gak bakal ngerti Bu mreka di jelasin juga,1,tiktok
Hyung kamu kanibal kan ' ',1,dataset_research
negara yurisdiksi memberlakukan sengaja melukai membunuh anjing polisi kejahatan,0,relabel
nanti mati konyol,1,relabel
Bang telah malu dengan lingkungan itu,1,dataset_research
"Jualan kesedihan jualan nangis di live, apalagi anak butuh di lindungi begooo",0,
USER USER Apa mentang2 didanai kafir?\nApa mentang2 aparat pro?',1,fn_hatespeech_id
tunggu klarifikasi dlu deh tapi klau bener sakit sihðŸ¥º,0,tiktok_v2
Ibu yurika:😁😁(sepanjang yurika cerita waktu direstorAn),1,
phobia bayu,1,dataset_research
USER USER USER USER USER Bhahahaha ru kacamat dr cina bikinan kapir brooh mereknya ahoq hoook',1,fn_hatespeech_id
Tidak ada solusi lain selain #2019GantiPresiden,1,fn_hatespeech_id
"Kaga kenal, pentingkah berita ini?",0,dataset_research
hargai wanitamu didekati pria memilihmu,0,relabel
USER Babi betul lah dia ni haihhh',1,fn_hatespeech_id
"""Berharap bisa menghadirkan musisi dgn genre yang lain dr yg sudah ada di industri? biar musik Indonesia lebih berwarna""",0,tiktok_v2
"""Ya ampun ketiak dan lemaknya editan parah wkwk""",1,tiktok_v2
"""model sandal ini kampungan menurut selera saya""",0,manual_augmentation
tiap hari ada aja gebrakannya si abidzar ðŸ¤£,0,tiktok_v2
"""ni anak lahir krna kondom bocor.. ga ada rasa syukur muka kyk selangkangan gorilla dpt cewe cntik kyk jessica setia dll malah di sia2in bgsad""",1,tiktok_v2
Mungkin saja blok Cina Rusia mensyaratkan berdirinya KGB di Indonesia agar kerjasama makin yahut URL,1,fn_hatespeech_id
"Paling nggak Korea kalahnya di arena pildun..... Nggak seperti kita yg mau aja di ayam2in si kumpeni hitam, Patrick Kampret, cuma di kualifikasi round 4 pildun 2026.......",1,
makaseh jugaa kakaaa inyeeuuuu semoga pantang menyerah kakak teman musisi yaaa,0,relabel
Berisik,1,tiktok
"""jalan ini macet seperti parkiran raksasa""",0,manual_augmentation
dasar bangsat sialan,1,relabel
Saya pikir ini adalah viviana ketika saya berbicara tentang konten saya tidak pernah berpikir y komunitas ki,1,dataset_research
USER USER Dan Indonesia harus menghormati AS!!\n\nNtu sape nyang kemaren ngomong begitu??\nWahhh dr roman2nye pasti antek ASING tuh',1,fn_hatespeech_id
Lets meet up nanti after class di kantin ya,0,codemixed
otak otak pdf emang kelainan bang,0,tiktok
agak laen emng dia,0,dataset_research
Apa layak mempercayai kepengurusan negara kepada pemerintah yg bahkan tak mampu menemukan dokumen penting negara? URL,1,fn_hatespeech_id
YG TERAKHIR MIRIP URSULA ??????,1,dataset_research
senyum logo arsenal wk,1,dataset_research
"mukanya mirip mama nya, kulitnya warna bapak nyaðŸ™ˆðŸ™",1,tiktok_v2
USER Semoga aparat2 keparat berkarat itu belangsak disisa hidupnya.',1,fn_hatespeech_id
si duta klarifikasi lewat ??,0,dataset_research
eh kamu nyadar tidak sudah dekil tatoan nya kaya daki haha,1,relabel
"izin berpendapat ðŸ™ðŸ», ruu kuhap ini salah satunya di bentuk tujuannya untuk menyelaraskan dengan ruu perampasan aset secara prosedural, kenapa? karena basis dari RUU perampasan aset ini ""non-conviction based forfeiture"" dimana tindakan perampasan ""asset forfeiture"" harapannya bisa dilakukan tanpa menunggu pembuktian atau hasil putusan sidang. ini sebenernya bagus karena banyak dari kasus tindak pidana memanfaatkan waktu prosesi sidang yang berberlit dan lama untuk menyembunyikan asetnya sebelum putusan akhir. nah secara esensial RUU perampasan aset itu hadir untuk itu.",0,tiktok_v2
Ci vilmei coba tunjukin muka pacar nya sih Yurika aliyas sih al yg setuju like👇 Dan yg gak setuju bilang hmmmm,0,
kamu kaya anjing kaya babi,1,relabel
"""babi rusa merupakan satwa unik Indonesia""",0,manual_augmentation
senang berkumpul keluarga momen terlupakan,0,relabel
USER USER lu kan yg modar',1,fn_hatespeech_id
anak baru bandel gini nih.. NORAK,1,dataset_research
bener kata orang-orang emang mirip logo arsenal,1,dataset_research
"USER jing ccd org2 kek gitu disuruh pegang gangang badminton aja paling dijadiin maenan gitar, belagak bgt elah'",1,fn_hatespeech_id
anjing bangsat memang,1,relabel
tobat damprat aja.. anak anak kurang ajar suka.. buly seret ksh masuk kepenjara…,1,
Jangan jatuh cinta anjing cinta anjing,0,dataset_research
Bualan ke berapa nih pak jokowi? Ngomong mulu URL,1,fn_hatespeech_id
USER USER Tujuan dibikin kaca tuh biar nyadar pas kemaren lu ngehina ismed belom lagi dulu2 bepe sm diego michel (pbfc) tolol lu',1,fn_hatespeech_id
pertunjukan menghibur menikmatinya,0,relabel
"Dapat feedback positif dari klien, semangat terus",0,cyberbullying_1000
pelayanan rumah sakit diperhatikan,0,relabel
Putra Tuan Haji adalah ziarah ... ??,0,dataset_research
cantik bgt warna kulitnyaðŸ¥°,0,tiktok_v2
@ggibr4n_: tupai sumatra,0,dataset_research
"""hanya bisa melihat hujatan klean kasian si listy kontrak nya d copot , di hujat memang dunia sgt kejam""",0,tiktok_v2
USER Iya sih kek komunis banget wkwkwk',1,fn_hatespeech_id
maudy enak bet sudah cantik iya pintar iya,0,relabel
"""Jadi gila kau rupanya karna gak laku lagi di YouTube""",1,tiktok_v2
"""when i start i never stop"" pretttttttt🗿🗿",1,tiktok
"Ayo gas 1,5 jt",0,
"USER Apaansi tai baru gt doang belagunya udah selangit. Ga inget ada karma? Ntar bbrp taun lagi kalo idol lu flop, gua ketawa paling keras.'",1,fn_hatespeech_id
"USER Iya, USER kalah lawan bani taplak. Lol.'",1,fn_hatespeech_id
Selamat dan sukses yaa buat filmnya mas Hansol🙏🏻⭐️,0,
Hari ini berhasil keluar dari zona nyaman,0,cyberbullying_1000
"Prabowo:"" Kita akn berantas penindas muslim! Kelihatan bgt gak adil. Kl pemimpin yg baik tuh blg ""Kita akn berantas semua penindas agama""",1,fn_hatespeech_id
Bang kasihan bang pelatihnya di hujat dan di musuhin,0,
tempat itu bau sekali seperti kandang hewan,0,manual_augmentation
musim hujan jadi mudah birahi,1,tiktok
RT USER USER USER USER USER USER Bangga jadi anak PKI GebukPKI wakwaww,1,fn_hatespeech_id
lucu yang bilang stefan menghabiskn muda wkwk umurnya mah tidak muda mukanya saja yang baby face bersyukur bonus celinenya dulu mantannya begimane dibawah umur ude pacran mcam laki bini hiks selepas itu deh susah mengambil keputusan kaya stefan tipical cowok yang tnggung jwabnya,0,relabel
Lo itu selfish nobody likes a selfish person like you,1,codemixed
Makin hancur ekonomi..,1,
suka via orang nya jujur kaga gimmick2an hidupnya hitam ya hitam putih ya putih kalau bicara blak2an kalau tidak suka dia bicara jadi tidak pura2 saya sekali sih tidak munafik seperti ajaran orangtua saya suka senyum kepalsuan tidak kaya artis yang onoh noh yang mulutnya lebar kya gorong2 tukang ngibul munfik sangat kalau wartawan juga perilaku ama omongan tidak balance,0,relabel
"""buset, cepat banget respon sistemnya""",0,manual_augmentation
ka yayaaa why are you always stunning pretty girl,0,relabel
jadi kaya umur 35 an giniðŸ™‚ðŸ™‚ðŸ™‚,1,tiktok_v2
RT USER: Jangan Lupa USER Adalah Pendukung Penista Agama (ahok) URL,1,fn_hatespeech_id
"""kata anjing di paragraf ini hanyalah nama hewan""",0,manual_augmentation
"""kampret, aku salah kirim lampiran""",0,manual_augmentation
cocok di gebukin warga,0,dataset_research
"""Yaudah jd pengusaha kuliner aja gausah artis, makanannya emang bikin ngiler sih wkwkw""",0,tiktok_v2
USER USER USER USER USER USER atok silap tu atok hehehe yg macai tu atok ler....macai PH bodoh bangang...sy nie cuma rakyat biasa yg akn terus tanya apa yg x tau ke x jelas ke utk dpt penjelasan...opsss atok,1,fn_hatespeech_id
jule anj...,1,tiktok
"Lo tuh cuma bisa ngomong, pas dikasih tugas ga bisa ngapa-ngapain",1,fn_fp_reduction
"biasa dimanja neneknya,kalo ngambek dituruti terus biarpun marah2...",0,
hahaha orang dirumah ninggal aing sakit pergi liburan jogja hahaha anjing,0,relabel
Neva!!! ❤❤❤ for the world!!,0,
"perkenalkan nama saya said hidayat_SMK BAKTINUSA_Tindakan Bullying adalah Pelanggaran HAM Kasus bullying sampai sekarang memang menjadi momok bagi beberapa orang. Bahkan, tindakan bullying masuk kedalam pelanggaran HAM, yang ditulis dalam UU Pasal 1 Ayat 6 No. 39 Tahun 1999.",1,
dia itu cantik di negara bule sana,0,tiktok
"""buset, tinggi sekali tangganya""",0,manual_augmentation
"""Semangat untuk belajar ya? saya uga gak bisa bahasa inggris""",0,tiktok_v2
sikat abiss lahh orng2 sialan kaya gini pemimpin negara tidak hormatin jangan mentang2 president sembarangin marah tidak hina pemimpin harap tindak hukum orang iniö,1,dataset_clean
lengah dikit tamat.,0,tiktok
halah kontol jembut asu bajingan,1,relabel
are we strangers to love?,0,
USER USER USER USER USER USER USER USER Ngaku indonesia pqdahal cina,1,fn_hatespeech_id
berasa kaya manggung kartu keluarga username semoga lancar cepat momongan biar princess momo tidak prince,0,relabel
"Pemikiran yang kelihatan benar tapi menyesatkan. Jalan Tol hanya dinikmati orang2 yang punya mobil, yang tidak, tidak bisa menikamati. Suramadu hanya untuk orang surabaya dan madura, KAI hanya orang jawa. Semua proyek nasional di kerjakan step by step. Wah hati2 dengan sengkuni.",0,tiktok
Mama kamari cantik banget,0,tiktok
Yakin Projo dalam bahasa sansakerta negeri & rakyat ? coba cek geh di google translate 😂😂😂,0,tiktok
USER Jonru ini di lindungi sama kelompok prabowo subianto cs polisi aja gk berani menghukum orang ini dan bebas pergi kmna mna,1,fn_hatespeech_id
"""babi hutan turun saat malam hari""",0,manual_augmentation
USER USER Orang2 bego kebanyakan minum &amp; makan kotoran onta ...otak nya somplak',1,fn_hatespeech_id
USER NGAKAK NGAPAIN NANYA SAMA GW TAE MINTA DIGAMPAR',1,fn_hatespeech_id
ternyata di atas vadel ada abidzarðŸ˜­ðŸ˜­,1,tiktok_v2
se tipis itu anjir badannya ðŸ˜­ðŸ˜­,1,tiktok_v2
babi jorok sekali,0,relabel
hamil selamat ya mbak sandra semoga kehamilannya sehat fit semoga lancar prosesi persalinannya sudah calon nih,0,relabel
"""koridor itu penuh seperti pasar pagi""",0,manual_augmentation
mirip nonton bokep munafik kamu anjing,0,relabel
RT USER: Yg bilang pencitraan itu justru sedang melakukan pencitraan itu sendiri. Tepat kayak prabowo,1,fn_hatespeech_id
"Yang terbaik adalah melihat ikan datang, saya dulu berada di dekat pulau untuk makan roti tetapi salah ikan di sini",0,dataset_research
"positif vibes bgt,sumpah boong🙏🏻😭",1,tiktok
"""Tangannya hitam? beda ama muka""",1,tiktok_v2
ini emg gelap? apa krna gk kena lighting?,1,tiktok
gapapa gaes.. yg penting abg nya pede dulu punya otak atau engga belakangan,1,dataset_research
"""yash we the fest even virtual tapi tetep keren bgt kak syann huaaa energi nya dpt bgt""",0,tiktok_v2
pacar monyet ko hobinya nge gantungin kamu terus sudah putusin saja makan hati,0,relabel
cantik sekali heran samping kanan kiri dan lain lain tetap saja cantik,0,relabel
Subhan?Allah Kenangan yg Tidak akan Terlupakan Saat Umat Islam Bersatu Melaksakan Shalat Jum?at pd Aksi 212 4 bln terlewat pdhl sblmnya bnyk yg menjegal &amp; menggap Spele..&amp; tdk takut dg suara Umat Islam kita buktikan nnti Insha Allah..#2019GantiPres,1,fn_hatespeech_id
info kampus dan akun ig dosen sange nya dong,0,tiktok
mashaallah sudah cantik pintar jago nyanyi dan mainin alat musik neng isyanasarasvati ngefans benar mah,0,relabel
"itu sesuai gaya di negara sana, memang kulit kaya gitu sesuai standar kecantikan negara sana, beda lagi kalo dia tinggal di Korea atau cina pasti gayanya sesuai negara situ juga, kayak nya dia fashionable",0,tiktok
"""Anak gblk dikasi berlian malah milih kerikil""",1,tiktok_v2
"""Lidah banyak kuman and virus nih""",1,tiktok_v2
stop buli abngnya.. bercanda hahahah,1,dataset_research
karma mu sedang beejalan ahmad dani,1,tiktok
mei 2007 mourinho ditangkap diduga menghalangi polisi mengkarantina anjing peliharaannya,0,relabel
"Sudah pasang badan siap di buli, di hujat. Yang penting cuan Boss.",1,
Ngeless Teroooo,1,dataset_research
thank you syan senang sekali kemarin haha semoga pandemi rencana dilancarkan ya syan,0,relabel
"""diskusi itu melebar seperti tidak ada ujung""",0,manual_augmentation
"""Maudy cantik na natural bnr2 cantik bgt, cantik luar dlm""",0,tiktok_v2
dasar aki aki,1,tiktok
masy sudah tidak membutuhkan DPR bahkan justru tersa membebani rakyat dan negara URL,1,fn_hatespeech_id
emosi nih kucing tetangga hobinya mengendap2 masuk balkon rumah nyolong makanan anjing,0,relabel
Bro imak video ini Ribka Tjiptaning penulis buku Aku Bangga Jadi Anak PKI Dia setuju PKI harus tetap ada yang pasti d,1,dataset_research
monyet memang terus nyerang nu banser ulama nu ajar memang,0,relabel
jesica lepas kambing hitam,1,relabel
"Sangat"" bisa memahami perasaan ibu itu,mau itu kasusu yg d Cirebon atw yg cilacap smua ortu pst bereaksi ky gt,sy aja kl dgr bullying anak"" lsg mendidih darah rasanya,,,",0,
"Emang dasar ga tau diri, untung ada yang mau kenal sama lo",1,fn_fp_reduction
USER USER USER USER USER USER USER USER USER USER USER USER USER USER USER Eh serius pen muntah beneran tai lo hyung',1,fn_hatespeech_id
Arab emang agak lain.. tanya aja TKI arab saudi ?? udah tabiat,0,dataset_research
aku kira kuliah itu menjamin moral dan etika.. ternyata ada ya yang begini.. calon dokter lagi.. ðŸ˜­,0,tiktok_v2
Lanjutkan ke pengadilan. Gak cukup permintaan maaf.,1,
"""anjing itu mengejar bola merah""",0,manual_augmentation
ngehina fisik ni orang tidak benar ya wkwkwkwk,0,relabel
"""Kok jatohnya malah kek ajg sih rikkk""",1,tiktok_v2
idih mak lampir dibanding uya ma kamu kamu butiran debu kamu dikenal bacot rajin2 ngaca deh,1,relabel
"USER USER USER USER Duhhh banci medsos muridnya napi 2 kali di bui ini ya, rumpi Bgtxx kayak junjungannya.. jelas jelas itu elo cong.. jd bencong mbok ya beradab dikit jangan kayak residivis gitu. Mentang2 punya guru mantan residivis 2 kali di b",1,fn_hatespeech_id
lidah kuman and virus nih,1,relabel
"Kalau saran saya jika ibu punya videonya viralkan saja, biar kena hukuman anak yg melakukan pembulyan, bawa ke ranah hukum, untuk semua perguruan tinggi dan perusahaan tolong di tandai wajah pembuly ini jangan di terima kalau mau kuliah atau mau melamar kerja",1,
anak gblk dikasi berlian pilih kerikil,1,relabel
anjing kzl,0,relabel
kalau bajingan mesum pengecut,1,relabel
jan dekat2 bang geli,1,dataset_research
"""kampret, tiketnya habis duluan""",0,manual_augmentation
​ @linganguliguliwatcha 😊,0,
bajingan u pagi2 teriak pengen saya tabokin itu mulut2 tidak sanggup hidup dengan manusia2 aneh seperti,1,relabel
kesal bacanya anjing kaya baca puisi,0,relabel
eh lu klw mw ngebuli minimal spek nabi dulu bos muka kayak spombob aja belagu KOCAK,1,dataset_research
yo youtube,0,
monyet nakal macem kamu,0,relabel
Terkadang Tuhan senang mengetahui bahwa sesuatu bukan untuk Anda dengan cara yang menyakitkan,0,dataset_research
JD DK KEKOT SYMONE MB KITO @ ???? @KataBANGBAJYang,0,dataset_research
"""makeup-ku jadi terlalu norak di lampu terang""",0,manual_augmentation
"""Jelek aja tukang selingkuh lo buriq !""",1,tiktok_v2
emang kalo ke photo studio boleh bawa hewan ya?,1,tiktok
Saya menemukan ayat yang berguna untuk menggunakan waktu ketika Anda berada di tengah menyerah dengan sabar dibagi menjadi dua yaitu kesabaran da,1,dataset_research
Anak kmarin sore.. Masih sekolah aja belagu.. Kl mau marah jangan lkukan kekerasan fisik.. Apalagi perempuan.. Yg spt itu harus dhukum.. Beri sanksi tegas.. Keluarkan dr sekolah..,1,
USER Emang cem bangsat ya temen terkutuk macam tuh untung bulan puasa nehehe',1,fn_hatespeech_id
keknya dia ini lagi hamill,1,tiktok
maudy cantik na natural bnr2 cantik sangat cantik dalam,0,relabel
bilang orang-orang artis cewek yang menurutku cantik syifa ziu,0,relabel
Tiap salam buat suami aku exo di korea paaak,0,dataset_research
tipuan,0,dataset_research
"USER Dasar cebong!! semua digoreng akui aja pemerintah gak becus. mengelola ekonomi selesai ,jgn tagar #2019GantiPresiden dijadikan kambing hitam.'",1,fn_hatespeech_id
USER Padahal dulu amien yg menuduh prabowo dalang sebuah kerusuhan,1,fn_hatespeech_id
sotoy amat bang,1,dataset_research
Karma nanti ke istrimu,0,
"Hajar Bu, kalau dia minta damai jangan mau Bu biar kapok dia. Ini kalau Ade aku udh aku kurung dia di gudang dan ga aku izinin keluarga buat belain dia. Malu maluin keluarga aja kalau punya keluarga tukang bullying. Wajahnya ga ada rasa bersalah ini kayaknya akan kera kalau di keluarin dari sekolah dan di kurung di penjara biar di penjara di bully tahanan lain.🙏🙏🙏",1,
Gabisa kalo soal cabe cabean??,1,dataset_research
pingkan ni suaranya enak sekali bindeng2 gimana begitu berciri khas saya merem dengar suaranya saya sudah langsung tauk,0,relabel
Kontloo,0,dataset_research
ngeliat mukanya keinget setan momo yg dulu viral,1,dataset_research
Idih idih idih pakaian nya kurang bahan mbak.,1,tiktok
Sebagai umat Islam rasa kecewa marah thdp rezim ini manusiawi krn ulama dikriminalisasi makin anti sampe kpnpun...sikap gue SaveUstadAlfian,1,fn_hatespeech_id
itu konsep bajunya gimane sih,0,dataset_research
"Bro USER, ente sebut 'Kitab Suci' fiksi berarti semua agama bkn dari wahyu. Pernyataan spt ini mutlak scr harfiah dan filosofis melanggar keyakinan umat beragama, konstitusi dan norma agama, ente ini penista semua agama yg paling kotor! #AtheisDete",1,fn_hatespeech_id
idiot lu,1,dataset_research
"Beda dgn Muhammad Arab Buta Huruf Mengaku Nabi, dipercaya sempurna padahal nebarkan kebiadaban: bunuh & cocok2 Penis",1,fn_hatespeech_id
Td mikirnya gtu Pngn ngegas jg tp apalah aku ini hanya orng kecil tidak pnya pengaruh Jd ngegasnya sia2 kwkwkwk,1,dataset_research
Aku barusan nonton dibisokop tadi greget banget tapi seruuu,0,
Banyak tingkah,1,tiktok
"""Sutan kamu sangat lucu dan menggemaskan""",0,tiktok_v2
mama gigi ketemu gajah gajahnya senang tertawa begitu ahhaha,0,relabel
"RT USER yg nebar kebencian itu ahok mbak,masa mbak gak tau sih sampai dia jadi terdakwa loh USER",1,fn_hatespeech_id
"semangat kak,kamu sendirian😚",1,tiktok
"main tipis""di garudagacor langsung wd 20 jt full senyum derr",0,tiktok
hi youtube!,0,
chacu kayak abang abangan keker bgt,1,tiktok
ariel : ga pernah se muak ini,1,tiktok
USER Iyaa komunitas muslim &amp; budha bareng2 sediain makanan buat rescuers nya jg. Di saat disini hal apapun dijadiin panggung politik.',1,fn_hatespeech_id
"sebenarnya banyak oknum dosen kayak gini, cuma Ytta👀",0,tiktok
kalo dia bilang A berarti yg benar B,0,tiktok
"""tolol banget aku naruh kacamata sendiri terus lupa""",0,manual_augmentation
Belanja di king bukan sih,0,
RT USER: WASPADA!!! Letjen (Purn) Suryo Prabowo: Situasi Sekarang Mirip dengan Situasi Jelang G30S/PKI URL,1,fn_hatespeech_id
selamat ulang umur ketemu dajjal,1,relabel
Wajah Bang Kok adalah sama,1,dataset_research
Njiiirr STY kena 2x di 2 negara yg sama plengernya....bisa gituh yaaa...🤣,1,
"""warna sepeda ini jelek tapi rangkanya kuat""",0,manual_augmentation
"""Tetap semangat?. sebaik apapun kamu akan dalah Dimata pembenci?..""",0,tiktok_v2
kek plesteran dpn rmh gua,1,dataset_research
"""kampret, aku salah simpan file revisi""",0,manual_augmentation
Lihat balasan video Shorts,0,
alis nya ko bisa bagus bgt gt anjirrrr,0,tiktok
mas hansol berani main film horor aslinya lampu saat ngonten mati aja wes panik😅🎉,0,
"""spanduk ini norak tapi pesannya jelas""",0,manual_augmentation
"USER Bu guru cebong ternyata, gitu'",1,fn_hatespeech_id
"USER USER Mulut berbusa lalu muncrat kemana mana,..\n..karena haus kekuasaan,...kasak kusuk cari kesalahan seolah olah dirinya mampu,...padahal congor doang yang bekerja'",1,fn_hatespeech_id
"""petugas kehutanan memantau pergerakan monyet di lereng""",0,manual_augmentation
Baju becca kaya bawah mukena gw,1,dataset_research
kamu mirip anjing kucing setia gampang manja saja,0,relabel
USER USER USER Congor nya Dedemit.',1,fn_hatespeech_id
Kaget co,0,dataset_research
aku terhibur HAHAHAHAHAHAHAHAHAHAHAHA,0,dataset_research
"Separah itu pejabat negeri Konoha, udah di demo sampai berjatuhan nyawa enggak berdosa, malah enggak ada yang berubah sama sekali, nyesek banget 😂",0,tiktok
kok mukanya mirip kakak kelas aku,1,
"ahok bebas, ulama akan beri komando revolusi lengserkan jokowi _ berita islam Jokowi Memerintahkan Kapolri... URL",1,fn_hatespeech_id
"Anda keliru nyebut KEMANUSIAAN, yg benar KETUHANAN, TUHAN datang melayani, bukan pamer kekuasaan spt diajarkan Quran",1,fn_hatespeech_id
lagian cewe nya mau respon dah tau dua pasangan itu lagi gempar2nya ðŸ¤£,1,tiktok_v2
"Oh, inilah tanahnya di langit?",0,dataset_research
jidat lu lebar bego,1,tiktok
laki2 ya sis suka pecun2 murahan prempuan baik2 berjilbab atau pintar enji2 downgrade sih pedangdut kelas prempuan berjilbab ehh pilih pecun jeleknya seleramu,0,relabel
Cba ganti eyesedow nya jangan itu 🙏🏻,1,tiktok
siapa yang cita' nya mau ngebacok bayu?,1,dataset_research
"Najiss nanan lihat mukanya, ya anaknya...ya emaknya sama² muka garong",1,
narsis bgt haha geli dikit??????,1,dataset_research
mana dipanggil ustad lagi,0,tiktok
bagusan foto pakai masker daripada tidak pakai masker,0,relabel
Jadi Pak Tarno????,0,dataset_research
Jaileen Huwuwww ????????????,0,dataset_research
Parah,0,dataset_research
elu yang ga nyambung goblokkkkkk,1,dataset_research
kardashian family cabang indo,0,dataset_research
Jule bener bener hilang arah,0,tiktok
Cerdas SBY. UU Pemilu sdh disahkan. Artinya dari skrg bakal calon presiden/calon wakil presiden sdh bisa curi start kampanye. Hnya AHY manfaatkan USER,1,fn_hatespeech_id
@ore baka: mirip gambar gua yg sapu lidi bay,0,dataset_research
RT USER HAL yang BIASA dan gak jadi masalah di zaman SBY sekarang semuanya dibesar-besarkan. Dasar jokowi otoriter URL,1,fn_hatespeech_id
Langsng di injek langsng lehernya di dpn orng tuanya,1,
bulan November emang musim birahi 😂,0,tiktok
kini Dhani merasakan apa yang dirasakan Maya dulu. terimakasih ari Lasso knp gak dri dulu.. samawa ya mas ariðŸ¤£ðŸ¤£ðŸ¤£ðŸ¤£,1,tiktok_v2
"ini kenapa, diinjek lehernya kah, itu bocil pelakunya kok kek gaterima gitu mukanya sebel bgt",1,
USER USER USER Hubahahaha. Goblok emang kecebong.\nLu ngetawain dia? Dia tawain rekening lu bege \xf0\x9f\x98\x82',1,fn_hatespeech_id
RT USER: DONATUR 212 JADI KORBAN? \n(iya sih dia jadi korban) \nTETAPI korban dari KEBIADABANNYA menipu 86.720 orang yang mau umroh.\nC\xe2\x80\xa6',1,fn_hatespeech_id
INGAT GAIIS....!!! JANGAN PERNAH MEMILIH PARTAI PDI DLM PEMILIHAN UMUM BERIKUT NYA..,0,tiktok
"Ga pernah sekolah ya lo? Pantes\nmulutnya ga di jaga.. Kotorr, kaya\nsampah.'",1,fn_hatespeech_id
USER USER USER antek komunis teriak komunis,1,fn_hatespeech_id
"Berasa banget ariel tatum enegggghh 😭 saya juga mau muntah,kenapa cari peran cowok juga yang gelap banget 😭",1,tiktok
"USER Sontoloyo, emang islam nggak punya tmpt ibadah untuk berdoa'",1,fn_hatespeech_id
"di amerika dia wanita paling cantik🥰
setidaknya kamu benar hidup disana cin..
dari pada disini yang slalu memprioritaskan wanita cantik hanya yg berkulit putih 🥰🙏",0,tiktok
"mau marah tp kok kasian sm yg udh kerja keras tnpa bacot. tp kalo didiemin, yg kerja keras banyak bacot mlh tmbh bau mulutnya.'",1,fn_hatespeech_id
USER Klo NU CABANG KRISTEN GIMN?',1,fn_hatespeech_id
Jangan lupa baca webtoonnya juga . Lebih seru dan Mash lanjut ceritanya,0,
diam nyet have a nice day nyet dasar monyet,0,relabel
semangat bg lu sendirian kok,0,dataset_research
"""Jelek aja tukang selingkuh lo buriq !!!!""",1,tiktok_v2
"USER Pak USER jalan menuju Indonesia Baru Tanpa Islam akan jadi indah, jika Muslim dpt diajak diskusi",1,fn_hatespeech_id
Raja Singa????,0,dataset_research
anjay,0,dataset_research
"​ @bersemi4318 gpp bang buat hiburan aja,biar kita ada temennya,kasusnya mirip banget kan?😂😂😂",0,
ga bisa bayangin kalo trio na besar nanti lihat jejak digital ibu mereka🥺,0,tiktok
wkwk pahlawan pahlawanannya udah selesai,1,tiktok
"jangan mo, jadi pelatih di korea selatan, selain rasis, mereka juga ga pernah bersyukur atas semua yang di berikan tuhan .baik kalah ataupun menang...kalah menang biasa...permainanan jelek atau bagus...biasa...Indonesia sudah mengalami itu semua...jadi biasa aj bro...",1,
Weiip for'un njirrr,1,dataset_research
"USER USER USER USER Emng bego, pake tag gw.'",1,fn_hatespeech_id
Lo itu so basic nothing interesting about you sama sekali,1,codemixed
Ko coba ganti model Rambut donk😎,0,tiktok
Ini pret nya kecepetan nggasi 😭,1,tiktok
"""Suka heran sama warga +62 sukanya ngehujat orang mulu, dapat pahala kagak dosa mah iya""",0,tiktok_v2
"Yg perlu dituntut adalah Pengasuh, Pengawas n Guru disekolah... Semua org tua telah menyerahkan kpd mereka.. kedua pelaku klw dibawah umur org tuannya .dia harus bertanggungjawab .. hal ini perlu dikodifikasikan kpd aturan hukum .. bgt..",0,
anak kmpng,1,dataset_research
sampek tak puter bolak balik asli mukanya mas hansol g mencurigakan blas :face-green-smiling::face-green-smiling:,1,
Nama: Andi Taufan Tiro Status: Terpidana Kasus: Korupsi Mendukung Anies-Sandi,1,fn_hatespeech_id
Ibu ini lrbih cerdas daripada para relawan,1,tiktok
"projo, JOnya apa?",1,tiktok
"Para pemimpin Indonesia itu pada sibuk mengurusi mencari aman KOROPSI nya masing-masing, besok -besok tukang sapu nya Rafi Ahmad bisa jadi direktur pemerintah masa bodoh.",1,
anaknya Bram kali (brame-rame)😭,1,tiktok
Yang ngomong dalam hati dicatat juga yaa 😭🙏,0,tiktok
mawar pun ga akan kasih apalagi singa bang??,0,dataset_research
"Kalau anak gw jd korban bullying, si pembully udh gue giling terus kasih makan anjing liar",0,
yang di rusakin siapa. yang di nikahin siapa 🤣🤣🤣🤣,1,tiktok
Alhamdulillah akhir nya Fiki naki nikah semoga samawa.ðŸ¥°,0,tiktok_v2
info link gacor dong bos,0,tiktok
"Anak2 yg di manjakan sama orgtua akan berperilaku kaya gitu. Salah tp dibela. Akhirnya semena-mena sama org lain. Nol empati. Pdhl bapanya punya jabatan, malah semena-mena jg",1,
Itu mungkin dianggap prestasi,0,tiktok
Wajar jika USER n kivlan zein benci dgn PKI. Wajar jg PKI benci dgn mrk jg para simpatisannya. daruratPKI URL,1,fn_hatespeech_id
"""monyet itu mengambil daun lalu memakannya""",0,manual_augmentation
Hi im Japanese,0,
mau bantu aku nabung,0,dataset_research
"Hijrah katanya, tapi hijrahnya kearah yg lebih parah lagi, karna ada sarananya DUIT, jadilah dia ahlikul MABOK dan penikmat selangkangan PECUN, sudah dasarnya isi otak cuma SEMPAK susah di robah,'",1,fn_hatespeech_id
cinta lu knpeee cin? knape jadi begini,1,tiktok
Kerennnn👏,0,tiktok
mba isyana sudah cantik suaranya bagus kompeten ah sukaaaa,0,relabel
cakep kok guys.. tp boong,1,dataset_research
Mirip puantat,1,tiktok
"USER Udah dmcin ae zon, bilang kampang gitu. kok jadi kesel bgst lah'",1,fn_hatespeech_id
aku juga korban pembulian gays di kuliah nyampe aku kena anxiety. aku berharap tuhan yg adili semua,0,tiktok
artinya Projo itu artinya Projo ðŸ˜‚,0,tiktok_v2
"""mukaku kelihatan aneh kalau difoto dari bawah""",0,manual_augmentation
Ngeri banget tasyi?????? kaget banget,0,dataset_research
Makanya jangan sok pinter kalau otaknya ga nyampe,1,contrastive_dataset
"apalagi temen gue yg onoh, yang gw chat panjang balesnya ok doang. susu kntl manis lu.'",1,fn_hatespeech_id
ganteng,0,dataset_research
Ni kalau suami aku panggil sayang macam ni we're gonna make babies right after,0,dataset_research
"Belajar bahasa baru, menarik sekali prosesnya",0,cyberbullying_1000
"""Yang datang buat hiburan, pulangnya malah dapat PR buat mikir. 😅""",1,
"idiiiiiihhhhh hueegggg, muka aal mewakili banget ðŸ˜­ðŸ˜­ðŸ˜­",0,tiktok_v2
USER USER Dasar bajingan tengik \xf0\x9f\x98\xa1',1,fn_hatespeech_id
Mukanya bodoh menjijikan ini manusia,1,
Kmren kan akal akalan dia supaya panda jatohðŸ¤£,1,tiktok_v2
Kok papa nya kok masih manjabat? Gak dpecat? Hhhhhh gak adil,1,
INTINYA HIDUP LO HARUS NGERTI BERSYUKUR NENGG,1,tiktok
oh elu anjing pantas so nice hap nya kenalin sama saya,0,relabel
dongo maka nya dengerin dongo..itu pelaku bully sampe kuliah ..bapak nya tetap menjabat ..emang pelaku langsung di penjara dongo lo..😡..di Indonesia bapak nya juga terseret ke penjara ..pelaku di hukum ga bebas sampai selesai sekolah dan bisa kuliah . dongo maka nya perhatiin kasus nya ..😡,1,
Reza Arab jg dlu nangis 😭😭😭lebih sesegukan lagi 😂,1,tiktok
"""kata aneh dipakai untuk menjelaskan bentuk furnitur""",0,manual_augmentation
karena orang syudah cantik tidak dandan heboh untuk membuatnya cantik makeup simple begitu saja mempesona bikin hamish klepek2,0,relabel
"""judul film itu jelek tapi jalan ceritanya menarik""",0,manual_augmentation
waktu masih gubernur DKI pertarungan soal kasus Sumber Waras yg terang benderang ada audit investigasi KPK begitu susahnya periksa ahok.,1,fn_hatespeech_id
"""parah, pekerjaan rumahnya numpuk""",0,manual_augmentation
"dan aku baca netizen korea, yg liat negara mereka kalah sama indonesia di U23. ada yg bilang orang orang ini keluar negeri cuma buat ngabisin pajak kita. dalam hati ku, gilaa netijen korea kalo ngomong wkwkkwwk",0,
Malu gasih 😭,1,tiktok
"RT USER: Edan ""USER: Kapolri: Isu Rohingya ""Digoreng"" untuk Menyerang Pemerintahan Jokowi URL",1,fn_hatespeech_id
"di ILC, USER ngaku Islam, sok debat pak USER tapi dia dari partai yg dukung penista agama. Nurani anda dimana ?; #2019GantiPresiden; USER USER USER USER USER USER USER USER",1,fn_hatespeech_id
"USER USER USER USER USER USER Logikanya arab saudi invest ke china 800 T, sementara china invest ke indonesia malah pada protes.. kan tolol itu namanya..\xf0\x9f\x98\xa3'",1,fn_hatespeech_id
GWS TASYI,0,dataset_research
"""babi hutan sering muncul saat musim panen""",0,manual_augmentation
cantikan jessica ke mana,0,relabel
Sapa sih ??,0,dataset_research
caption kali membaca captionnya langsung belajar bahasa inggris terima kasih personal tidak mengenal anie tetapi betapa bangganya anak cucumu kamu didik generasi bangsa mandiri unggul sehat semoga cinta kasih keluarga engkau tebarkan,0,relabel
username didik ortunya nagita bagus heran dengan balajaer nagita yah yang dirugikan sama junjunganny kenapa yang dibenci bodoh sangat asli,0,relabel
anjing kamu hebat,0,relabel
USER USER Selaw maz...kualitas gubernur&amp;wagub modal SARAcaen ya kyk gtu.sampah,1,fn_hatespeech_id
Yang Mulia Qatuuu??,0,dataset_research
"Laporkan saja ke jalur hukum selama RO dan Anak Sulung nya punya bukti. Soal anak kalau bisa sih RO lakukan Hak Asuh ke tangan RO Dan soal Rumah, jika SW dan CEO mau rumah RO, suruh lunasi hutang di Bank Semua nya laporkan ke Jalur Hukum selama ada barang bukti Maaf sih maaf tapi hukum harus berjalan SW dan grombolan nya kalau emang bersalah, cepat laporkan ke jalur hukum Semua perbuatan ada konsekwensi nya",1,
Dulu pas smp persis dulu pernah seperti ini di bully sampe ribut begini tapi waktu itu saya masih melawan dan alhasil saya dan pembuly tersebut mengalami patah tangan tapi Alhamdulillah masalah selesai dengan secara kekeluargaan dan pada saat itu saya di palak ketika saya menolak dia langsung memukul saya dan membuly saya syukur saat itu saya berani melawan mungkin kalau tidak bisa mungkin saya akan bonyok juga seperti di video tapi dari kejadian itu yg membuat saya malas adalah itu orang orang yg menonton mempertawakan saya ketika di bully sumpah dulu pernah seling di bully tapi saya selalu kesal dengan orang yg melihat orang lain menderita mereka diam diam saja menurut saya dialah orang yg paling bajingan menurut saya dan menurut saya si TS ini bukan lelaki sejati saya tahu kalau perkelahian itu terjadi karena cewe memang dalam cewe boleh bersaing tapi jangan seperti ini kalau memang nya mau ribut ribut lah dengan adil ketika ada pihak yg menyerah seharusnya si ts berhenti saja toh percuma juga dia bonyokin juga pasti dia bakal kena batu ibarat kata si ts tak pernah memikirkan hal panjang kedepan tapi wajar sih namanya juga esempe apalagi kalau masalah cewe pastinya pemikiran bomat setelah bonyokin orang yg penting dendam sudah terbalaskan Untuk orang yg seperti ini sering di bully lawan aja mereka tak peduli mau kalah atau menang yg penting kita sudah berusaha kalau kalian di berani melawan cobalah cari bantuan dari orang lain untuk pembelaan seperti contoh minta bantuan ke teman yg lebih kuat atau nggak ke kakak kalian mereka membully kita karena kita terlihat lemah tapi kalau kita menunjukkan siapa sebenarnya diri kita saya jamin orang lain pasti mikir untuk mencari problem sama kalian 😊,1,
orang monyet revolusi manusia monyet manusia berjalan tegak,0,relabel
USER Cisol lu kapan modar?',1,fn_hatespeech_id
"Al Quran, Alkitab termasuk kitab suci, sdah saatnya pendukung siapa pun anda, membela kitab suci masing2 melawan orang ateis seperti Rocky ("",)",1,fn_hatespeech_id
yg namanya ica emang wallahu alam semua deh(:,0,dataset_research
pak harto bukan pembunuh rakyat justru pak harto sangat sayang dengan rakyat,0,tiktok
Cina Smlehoy,1,dataset_research
debat tadi liar banget sampai seperti hutan belantara,0,manual_augmentation
HAHAHAA,0,
ONE DAY AGO?!,0,
USER YAAAELAAAAAA manusia babi dasar',1,fn_hatespeech_id
"""buset, lampunya silau banget""",0,manual_augmentation
jijik astagah sok bat cakap njs,1,relabel
idihhhh,1,tiktok
USER Ada amin rasis.\nAda amat dani\nAda ratna si paiiit.\nAda si onta.\nAda si lobang anus.\nJdi jngan takut wo wo..\nKehabisan obat penenang yh.',1,fn_hatespeech_id
"dia nyuruh buat 2027,makanya dengar sampe akhir, skarang ethanol blum di campur tu sama pertalite nya",0,tiktok
Arhan sebaik itu loh kaa….,0,tiktok
orang NORAK tuh.. dr awal gw ga pernah follow nih org,1,dataset_research
"""warga melaporkan monyet memasuki dapur rumah""",0,manual_augmentation
hey dosen idiot siapa ini dosen lokal aja belagu setengah mati. gue cocol congor lu pake ijazah Mulyono baru tau rasa lu!!,1,tiktok
"mulai banyak yang komen kasian,dia seorang ibu.guyss pake akal sehat no baperan😄",0,tiktok
Kita dukung apapun keputusan lo,0,contrastive_dataset
Makanya jangan banyak omong kalau emang ga ada isinya,1,fn_fp_reduction
"""tolol banget aku kirain ruangannya di lantai satu""",0,manual_augmentation
USER Cebong sana sini cari simpatisan.dan popularitas',1,fn_hatespeech_id
RT USER USER USER Prabowo udah kadaluarsa,1,fn_hatespeech_id
"Nabi Adam itu Fiksi; Nabi Ibrahim itu Fiksi; Nabi Musa itu Fiksi; Nabi Nuh itu Fiksi; Nabi Isa itu Fiksi; ; Dan para ulama jadi kelihatan dungu utk memperingati Nuzul Quran tiap tahun, jk mengikuti logika USER",1,fn_hatespeech_id
Pro,0,dataset_research
Kampungan ya pendukung AHY https:\/\/t.co\/GmezpOYLsY,1,fn_hatespeech_id
monyet kamu bikin ribet,0,relabel
Cinta tanah air sama pura pura mau jadi pahlawan ituu beda ga sih pa? (Bertanya dengan penuh keikhlasan) ðŸ¤£,1,tiktok_v2
bahas 2 kasus di pakistan yg td kamu sebutin jg dong ci nattt,1,
"""gabakal gue undang juga""
GAKAN GUE TONTON JUGA😭🫵",1,tiktok
"ini harus di usut ,ini sudah termasuk KKN. di negara ini. !!!!!! 🇮🇩🇮🇩🇮🇩",1,
"Dapat kiriman dari orang tua, terharu",0,cyberbullying_1000
"""babi hutan terlihat melintas di pinggir sawah""",0,manual_augmentation
"kenapa harus di halangi, tolol buat yg ngehalangin bayangin kalo itu anak u tolol",1,
amazing sangat miss national costume kereenn bangga ama budaya indonesia,0,relabel
hati hati mody jaga jaga serangan brutal rasisme wajahmu sekilas onnie2 korea waspada,0,relabel
tai mirip member kamu bangsat,1,relabel
OMG Anda tidak membuatkan saya kfc ppagi cmni,1,dataset_research
Pemberitaan saracen diframing katak seakan tim prabowo dan anies-sandi. Seberulnya itu media menumpahkan sakit hati katak dan cebong. *Ehe,1,fn_hatespeech_id
timnas u17 sekarang sangat amat jelek buruk skali,0,
YOUTUUUBBBEEE!,0,
dekkk dekkk belajar dlu sono ky tante2,0,dataset_research
"""siapapun tolong kasih tau aku ini masalah nya apaa gais""",0,tiktok_v2
prihatin lihat badan nya pasti setreslihat koemntar,1,dataset_research
USER Emang mereka yg pengen nikah muntah depan congor lu? Pake acara Jijay jijay.\n\nMampus disalty-in',1,fn_hatespeech_id
terima kasih pendengar kamu memahami,0,relabel
Penjarakan,1,tiktok
Yay thousandth like,0,
"Kenapa ya suami saya gak nangis pas nikah, malah cecengesan gak jelas pas liat saya 😭",0,tiktok
pak Harto lebih pantas jadi pahlawan nasional,0,tiktok
"plisss normalisasikann tan skin teman""ðŸ™ðŸ», semua kulit tuhh cakeppâœ¨",0,tiktok_v2
"USER Percaya Muhammad nabi silahkan, asal tak rugikan yg lain, karena ada bom, Negara Wajib ungkap siapa Muhammad",1,fn_hatespeech_id
cuma relawan jokowi yang gak mau bubar,0,tiktok
sejak Jokowi jadi presiden lah ada relawan ada influencer dan piara buzzer ...pemecah belah anak bangsa 😂😂😂😂,1,tiktok
"Kalau butuh bantuan, bilang aja ya",0,contrastive_dataset
spill ustad nya mbak kita mau bimbingan skripsi,1,tiktok
Matapun juling sok menghina.pulak😅,1,
"fans nya aki² tutup mata, kata nya gantle man mengakui kesalahan nya lah iya si cewe sengaja cepuin coba kl kaga pasti diem² bae HAHAHAH",1,tiktok
suhu,0,dataset_research
Emang Gaya Norak..dulu Tampilan bgitu dianggap Org StrezZ..Eeh Anak Skrg gx Tau Sejarah masa LaLu..Paraah Loh..Lama2 Pakaian Compang-Camping dianggap Fashion lagi..Dasar Dunia Terbalik,1,
"You deserve to be happy, Jen ðŸ¥º",0,tiktok_v2
komat kamit mulut mbah sopy,1,dataset_research
Guys Saya menemukan ayat yang berguna untuk menggunakan waktu ketika Anda putus asa untuk dibagi menjadi dua yaitu kesabaran,0,dataset_research
menuju indonesia gelap bersama rezim omon-omon,1,tiktok
terlibat cinta monyet abg pacaran pohon mencari kutu kepala,0,relabel
sakit otak hatinya mah sudah tidak nurani urat malunya pajak loh ngegaji orang2 gila hormat,0,relabel
Acara kemarin fun banget hope we can do it again soon,0,codemixed
ini baru ibu pejabat yg cerdas dn bijak.,0,tiktok
Cantik sangat 😍🔥🔥,0,tiktok
paling gabisa soal jentik nyamuk,1,dataset_research
proud of you indonesia god bless indonesia,0,relabel
anjing akun tolol,0,relabel
USER Ganti cocot luh ma eek kuda',1,fn_hatespeech_id
"USER USER Tak baca brita nya..sy kira ni aki"" mngkin dah punya gangguan jiwa.seandai nya nnti 2019 amin kalah.bisa"" nanti malaikat di bilang kafir dan pro aseng.kasian malaikat,gk ngerti urusan capres tp di bawa"" ma aki"" gila.'",1,fn_hatespeech_id
Cantikkk ðŸ©·ðŸ©·,0,tiktok_v2
Pekerjaan kerja mmk,0,dataset_research
PSI mesra dengan DIKTATOR JOKOWI yg tak peduli kejahatan yg menimpa Munir,1,fn_hatespeech_id
RT USER: Suciwati: Revolusi Mental Jokowi Omong Kosong/Bualan. Jika Setuju RT &amp; Comment URL,1,fn_hatespeech_id
bersemangat olahraga pagi,0,relabel
Tangkap segera,1,tiktok
cantikcok kaksnya,0,dataset_research
"USER Bocah geblek, penjara tempatnya!'",1,fn_hatespeech_id
ya memang kalau tidak brengsek ya bajingan tidak ada bedanya berseragam swasta saja anjeeeng,1,relabel
masya allah cantik&mandiriðŸ˜,0,tiktok_v2
"USER woiii kampret!!! gelik gue liat lu,belagu amat jd orang.songong!!! minta di penci jidat lu hah?!!'",1,fn_hatespeech_id
ni orang pas pembagian otak kayanya absen,1,dataset_research
Saya bersaksi bahwa bapak soeharto sangat teramat pantas dan negara harus wajib memberikan gelar pahlawan nasional kepada beliau. jasa-jasa beliau selama memimpin tidak bisa tergantikan.sesungguhnya Para kader PDIP itu sendirilah yang antek dan sarang palu arit,1,tiktok
Pernah dan abis itu aku ga berani bawa motor selama beberapa hari Dan pas mau bawa motor lagi gemeteran gitu,0,dataset_research
Lo tuh irrelevant nobody gives a damn about you,1,codemixed
cantik,0,dataset_research
"""warna kaos ini terlalu norak untuk acara kantor""",0,manual_augmentation
"Ga ada yang editin, jadi edit sendiri 😭",0,tiktok
Insya Allah #2019GantiPresiden,1,fn_hatespeech_id
"""Bully an di ig lebih ngeri daripada di fb ajg gua jadi ngerii! Ajgg",0,tiktok_v2
keteknya itam tu,1,dataset_research
USER USER USER Kyanya ijin pemerinth setempat yg goblog kasih ijin',1,fn_hatespeech_id
"Gak nyangka KFA ternyata sama Plengernya sama PSSI 😂 Gue juga kalo jd fans Timnas Korea pasti marah bgt sih, bukan cuma sama Pelatih tapi sama Federasinya juga 😌",1,
"dari lingkungannya aja kelihatan semua modelan kyak apa wkwk, ga terkejut klo ada berita2 negative diborong sama circle lingkungannya",1,tiktok
"Gila ya orang udah pada sok tahu tentang takdir STY 😂😂😂 Padahal STY sendiri bersyukur diganti.. Kalo nggak, kegagalannya membawa Indonesia masuk babak 4 kualifikasi bisa2 dihujat seumur hidup.. bahkan nggak ada cerita sekarang dipilih oleh klub di Indonesia dgn gaji fantastik..",1,
RT USER: Sebar Hoax Pembangunan Era Jokowi,1,fn_hatespeech_id
orang tua nya udah haji ni kan.,1,dataset_research
juunkcokkkkkkkkkkkkkkkkkkkkkkkkkkkkkkkkkkkkkkkkkkkkkkkkkkkkkkkkk,0,dataset_research
Halo! Maaf untuk saat ini belum ada tapi doain dan nantikan info selanjutnya yaa,0,
gajah kok pede pos video joget,1,dataset_research
belom pernah digebukin bang,0,dataset_research
USER USER USER USER USER USER USER USER USER USER USER Bikin resah TL saja si monyet kafir USER',1,fn_hatespeech_id
saya liat babi berkubang lumpur,0,relabel
Hebat banget lo bisa tetap semangat,0,contrastive_dataset
"USER gak akan masuk ke otak BONG, mereka dungu permanen. \xf0\x9f\x98\x82\xf0\x9f\xa4\xa3\xf0\x9f\x98\x82\xf0\x9f\xa4\xa3'",1,fn_hatespeech_id
ya kali kejayaan selamanya bang 😂,1,tiktok
Pemikiran macam apa ini ðŸ—¿,0,tiktok_v2
RT USER Unch ena nya jadi bapak sby korupsi teruss,1,fn_hatespeech_id
Agus silvy Tukang Fitnah #DebatFinalPilkadaJKT,1,fn_hatespeech_id
Harus nya cek daftar pengunjung mom siapa aja langganan nyaðŸ«¢,1,tiktok_v2
aura orang pintar memang shining ya bun hy_dindut,0,relabel
Mana nih yg sempet bandingin lamaran nya erbra sama elsyifðŸ˜‚,0,tiktok_v2
napasnya pasti bau ta*,1,dataset_research
"""Anjirlah muka lo kek kuntilanak malah sok cantik""",1,tiktok_v2
"1h, Hi from Brazil, YouTube",0,
USER USER Dan dia kek milih milihh nge-replay-nyeee.. Ke gue doang..\xf0\x9f\x99\x86 Klo ama kaum adam mah... Melipiirrrr doi.. Tp ntar lg jg akan gue blok ajah daghh.. Sama sekali GA ADA MNFAATNYA mbaca komen dr kaum bani kampret tsb.,1,fn_hatespeech_id
dang happy birthday youtube. 🥳,0,
Vibesnya napa kaya suketi sih anjir ??,0,dataset_research
"Reflec berikutnya ""ih""",0,dataset_research
Bukan basa basi .. itu keluar dari hati.; ; #2019GantiPresiden;,1,fn_hatespeech_id
bulug gini ya mukanya ehh maaf,1,relabel
Seharusnya pembuli kl sudah maen fisik tolong di hukum p.polisi...gak usah mandang anak di bawah umur....kl di hukum di bawah umur gak akan ada jerahnya pak,1,
"dari semua komen, ini doang yg bikin gua ngakak ðŸ˜‚",0,tiktok_v2
"Belajar tidak nyinyir ke orang lain ataupun TIMNAS dll, belajar Menghargai, tunjukkan PRESTASIMU",0,tiktok
mulai,0,dataset_research
"​ @fizlaz397 gpp lah, sampah kayak gitu kok dibiarin",1,
"pemerintah ga akan mempermudah pesaingnya bg,kalau shell atau yg lain makin banyak,otomatis pertamanya akan kalah saing",0,tiktok
Produk kendal apa produk gagal,1,tiktok
Udh serius banget dengerinnya 😅 oke sampe ktm ma Daehon ya 😄,0,
ganteng kaga kamu kelihatan kaya daki kontol,1,relabel
@FANS JENNIE KIM: lucu sekali beruang inj,1,dataset_research
fredy fredy dah lah pusing rakyat,0,tiktok
"""ANJING SINI LO BAKU HANTAM AYO""",1,tiktok_v2
Jangan di halangi woy . Biarkan ibu itu membabi buta . Biar jambak ajjah tuhh pelaku bully . Aku klo jadi ibu itu udah di jambak muka nya sekalian . Nafsu bgt gw sama yg namanya pembullyan,1,
aduhh kerennnn suaranya enak nge jazz2 gimanaa begitu muka mah saja nanti kalau sudah tenar muka mengikuti hahahahahaha skill dulu nomor 1 batu abege jaman now,0,relabel
"Sudah miskin, masih sombong. Lucu banget",1,fn_fp_reduction
"udah tidak kaget kalo di kalangan universitas, ya sekelas SMA aja banyak wkwkwk, intinya tiap lembaga pendidikan pasti ada aja yang kayak ginj",0,tiktok
Dulu saya pilih Jokowi bahkan bersusah susah meyakinkan teman agar orang percaya Jokowi lebih baik.. Ternyata tidak lebih baik dr sby,1,fn_hatespeech_id
sumpah saya suka sangat lagu yang asyik sangat dengernyaa,0,relabel
ANGGOTANYA TERNYATA CINA YANG MANUSIA KAMPRET SEMUA. BAGAIMANA TIDAK KAMPRET MEREKA TERORIS KEJI. INDONESIA MEMILIH THE G.,1,fn_hatespeech_id
"Liat orang lagi sulit bisa bisanya gamau bantu, liat ntar pas lu susah gaada yang bantu mampus lu tai.'",1,fn_hatespeech_id
USER ya pantaslah disebut Rezim Anti Islam,1,fn_hatespeech_id
Nasi sisa dia di kasih ke anak buahnya,0,dataset_research
keren juga foto mama papa nya latar merah kek mau daftar kerja ðŸ˜‚,0,tiktok_v2
Nomor 1 sok tau lagi lansung di skak wkwkwk #DebatFinalPilkadaJKT,1,fn_hatespeech_id
Priski bolot banget',1,fn_hatespeech_id
kalo bilang suka bang,0,dataset_research
"#GelangKode mereka anggap operasi intelejen. Dasar manusia fiksi dungu, sana belajar dulu ilmu intelejen.'",1,fn_hatespeech_id
"""anjing saya suka mengejar bayangannya sendiri""",0,manual_augmentation
gileee suaraaanyaa kereen parah sukak,0,relabel
YouTube bro 🫵🖕,1,
"12:55 Tebak timnas mana yg menjatuhkan Korea dari kans masuk Olimpiade waktu itu, gak lain Timnas Indonesia dibawah Shin Tae-yong. Hasil dari penalti sih tapi, ya....",0,
fans fomo pahlawan pada kaget pasti padahal Meraka aja yg fomo yg ngira dia org bener ðŸ¤£ðŸ¤£,1,tiktok_v2
masyaallah cantik sopan anggun,0,relabel
"Kepala sekolah, guru, sampai pak lurah ,babinkantibnas harus turun tangan ini....",0,
Self-love itu penting banget dont let anyone make you feel less,0,codemixed
"""Puny cewk baik di selingkuhin g ngotak""",1,tiktok_v2
Riyaaaaaaaaaacy,0,dataset_research
APASIH LO TASYIIII GAJELAS BGT HAHAHAHAHAH,1,dataset_research
"""Penyihir secantik ini gue rela dikutuk jadi tokek laut""",0,tiktok_v2
maap yaaa malah kayak Lina Mukherjee ngga siiðŸ˜­ðŸ™,1,tiktok_v2
saja supir angkot w bilang kiri tetapi sangat tidak berenti2 terus wey anjing tidak waras sangat sudah,0,relabel
"ini apa, ketinggalan berita guaðŸ˜­ðŸ˜­",0,tiktok_v2
"Semua. Yg di angkat. Komisaris. Dan susunan amburadul itu. Untuk. Menutupi. Agenda misi besar rekayasa. Dokumen palsu. Ini sudah di seting semua. Dengan kejahatan rahasia bdokumennpalsu maka di negrinini. Yg dinpilih orang orang yg tidak kompetensi. Sopir pribadi bisa jadi komisaris. Jangan jangan. Haya untuk titipan. Gudang. Pencucian uang. Negara yg dibtutipannke. Orang orangnnya Jokowi. Dan ini dinkendalikan oleh . Adannya. Agenda. Misi besar. Rekayasa dokumen palsu. Yg tujuannya. Untuk. Mengaburkan kasus kasus. Yg. Mega koruptor. Yg di lakukan. Elite politik dsn oligarki dan mafia mafia biar kabur kasusnnya msks di buatlah agenda besar breksyasa. Yg di ulur ulur dari. 2005 yg melibatkan time time geng solo dan merupakan penghianatan. Ke 2 sesudah. Penghianatan G. ,30 S. PKI . INI dengan alat dokumen palsu yg mainkan dan Negri bangsa rakyat ini .sedang di jajah dengan. Sekenerio agenda. MISI. Yg BESAR REKAYASA DATA PALSU. RAHASIA NEGARA. IJAZAH PALSU. yg telah di siapkan dalam MISI BESARNNYA yg di siapkan. Maka yg di KUP dan di gegam oleh. MISI BESAR INI. adalah 1.di siapkan. di 2005 IJAZAH palsu( rekayasa menuju RI 1 yg di. Pegang dsn di dsnsi. Dengan. Dana haram adalah. KPU KPK MK. Semua di lemahkan oleh agenda besar misinya 2.YG DI KUP 3 Lembaga tertinggi kekuasaan. YUDIKATIP( MK KEJKSAAN hakim jaksa angung MA MK 3.SEKENERIO REKAYASA PENGALIHAN. ISU dan mengalihkan suasana. Ini taktik pki mengekup( mengekrut par. buZer .para pemuja. Yg sesuai. Misi besar nya . 4.yg di kup LEBAGA LEGISLATIP DPR. MPR nya.karena. Apapun akan lewat UU di legislatip. Yg. Bisa di kendalikan MISI BESAR NYA 5.YG DI KUP EXSEKUTIP.INI YG HARUS DI PEGANG OLEH MISI BESARNNYA OLEH RENCANA AGENDANNYA 6.MISI BESAR YG SUDAH DI TEKEN SUDAH ADA PERJANJIAN NYA .MAKA TETJADILAH. HUKUM TAK ADIL .UU DI UBAH UBAH KEBIJAKAN. Di ubah ubah dan di utak utik UNTUK kepentingan PARA OLIGATKI dan mafia. Mitra nya oligarkiKAPITALIS. YG Mendorong.dan para pefitnah para memecah belah adau damba dan bikin GANDUH. Umat beragama. Pembuat narasi agama yg di. Ucapkan ADE. ARMANDO DAN SILFITER SEBAGAI PEFITNAH DAN LSI. SEBAGAI PENGGERAK OPINI. Yg di rekrut. Qodari yg dapat hadiyah di bebaskan ilegal koruptor dll tambang komisaris dan Ade Armando dan DI PIARA. BIAR MISI BESARNNYA REKAYASA. BERJLAN SAMPAI 2045 INI TARGETNNYA. DAN. OLIGARKI.mafia Para. Piaraan yg di rekrut MEMAKSAKAN. FUFUFAFA TETAP Harus MENJADI PENERUS. MISI dokumen palsu BESARNNYA reksyasanya WALAU Dengam memainkan KPU KPK mk DENGAN CARA APAPUN.dengan jalan haram dengan menjjah UU KPU menjjah UU konstitusi. Menjjah UU KPK menjjah UU ASN akademisi di hapus. menggakat orangborang yg tidak. Berkooetensi. Sesuai ahlinya karena. Haya. Untuk sebagai. Gudang oeniyiyian pencucian uang negara dari hasil korupsi Bancakan makan mengambil para artis pilihan dan. Sopir pribadi. .pemilihan yg amburadul ini sudah si seting oleh .agenda misi besar rahasia negara. Dokumen palsu",1,
Makasih udah mau jujur sama kita semua,0,contrastive_dataset
Nafa urbach brrt bulan depan sdah mulai aktif lg jd dewan.. Untuk Eko awal tahun dn sahroni hbs lebaran...,0,tiktok
"Jangan nyerah dulu, pasti ada jalan keluarnya",0,contrastive_dataset
kara mengumpat anjing tai babi,0,relabel
RT USER USER USER USER ya karena zaman sby korupsi berjemaah asal bpk senang jawaban,1,fn_hatespeech_id
cakep nya pas make masker doang wkwkw,1,dataset_research
Knpsih ni dosen tiap adzan gapernah break dulu gitu?! Nyerocos mulu kunyuk',1,fn_hatespeech_id
RT USER USER USER maju mencebur mundur menjengkang itulah yang akan dialami mukidi,1,fn_hatespeech_id
kasihan editornya sih nanggung dosa sekali kayaknya ngeditnya offside gini,1,relabel
"Anda harus hapus sendiri setelah, Islam ajaran sesat yg mendungukan & membiadabkan umatnya",1,fn_hatespeech_id
Coba loe larang Atheist Republic menista menodai melecekan memperkosa ajaran agama loe ? Hahaha mana loe \nsanggup adu\nargumen dgn generasi sains canggi dunia ? TUHAN AJA mereka tdk akui . Dasar melayu goblok',1,fn_hatespeech_id
mandi minimal,1,dataset_research
"You deserve to be happy, Jen 🥺",0,tiktok
Usai Dibebaskan Pengadilan Ust. Alfian Tanjung Langsung Ditangkap Lagi. Dimana keadilan? URL URL,1,fn_hatespeech_id
Gak heran NEGARA TER RASIS DI DUNIA,1,
Mental health awareness should be prioritized di semua sekolah dan kampus,0,codemixed
Did you know bahwa kata stupid bisa hurt people badly,0,codemixed
gayamu rengðŸ˜­,1,tiktok_v2
"""layout pamfletnya jelek dan kurang nyaman dibaca""",0,manual_augmentation
"USER kamu gak salah. Masa mau belajar hal baru atau mau melihat sesuatu dari kacamata lain melalui tvshow ini salah? Nggak, kamu udh baik adanya. Lanjutin aja apa yg kamu lakukan itu positif bgt utk diri kamu. Mereka mah emg udh pada dasarnya tolol dan gamau berkembang jadi",1,fn_hatespeech_id
Sahabat selalu dikenal karena saya bahkan tidak bisa menceritakan kisah bahwa saya sedih mengirim lagu ini,1,dataset_research
Ngeseliiiiin mukanyaaaa,1,
"USER Yg anti cina komunis antek aseng kapitalis rakus zionis mana suaranya, lg enak2 ngentod ya'",1,fn_hatespeech_id
username bodoh kamu ya,0,relabel
pp nya mirip rendot,0,dataset_research
USER KRISTUS ANJING ASU JIAMPUT KEPARAT PICEK TELEK PEJUH SIWUK KOTANG SIWUK IDIOT KEPARAT PICEK TELEK PEJUH SIWUK KOTANG SIWUK IDIOT KEPARAT PICEK TELEK PEJUH SIWUK KOTANG SIWUK IDIOT KEPARAT PICEK TELEK PEJUH SIWUK KOTANG SIWUK IDIOT KEPARAT PICEK TELEK PEJUH SIWUK K,1,fn_hatespeech_id
dia tu kaya kusemm gt ga si bukan tan skin..,0,tiktok
"Klo aq yg jd org tua korban ku bls lsg s bocah pelaku itu,",1,
USER kaya TAI',1,fn_hatespeech_id
😢E mas Jordi kl udah dak laku jangan lave LG karena udah dak ada yg beli karma bungkus kamu,1,
"anak anjing itu anak,, bukan anak manusia,,",0,
kalo Timothy jadi dokter pasti lembut tulus bgtt..,0,tiktok
"USER USER USER USER Kn bukan ulama, jd ya wajar, kl ulama tersangka cabul dan kbur g brani plng baru luar biasa, eh bkn ulama, cm ktanya ulama",1,fn_hatespeech_id
USER Najis om lu sama om ingguk sama aja ternyata',1,fn_hatespeech_id
USER ada baiknya beliau diminta mundur saja pak USER jika memang mau berpolitik,1,fn_hatespeech_id
"""Perasaan kemarin lengannya kekar banget kek petinju, udah gitu ketiaknya juga hitam. Kok difoto ini lengannya jadi kecil, ketiaknya putih kek dibedakin""",1,tiktok_v2
sumpah bangsat,1,relabel
USER Kan hebat Ahok bisa memaafkan bini slm 7 thn bukan spt yg ono kabur krn ketauan menalukan ngaku ulama kok kelakuan bejad',1,fn_hatespeech_id
Salpok sama Yurika ❌ Salpok sama bocil yang di belakang lagi ngelirik ✅ 1:48 sampai 4:12,1,
"""parah, tugasnya banyak banget minggu ini""",0,manual_augmentation
kasihan kebelet artis tidak bakat,1,relabel
"""mukaku aneh karena kameranya terlalu dekat""",0,manual_augmentation
@saya ultraman: paling ga bisa soal ulet keket,1,dataset_research
RT USER: USER USER USER anak pemberontak jg ya??,1,fn_hatespeech_id
Gua takutnya tasyi punya penyakit npd itu loh ..,1,dataset_research
golden retriever anjing jaga rumah saja dengan maling gonggong sebentar buntutnya menari2,0,relabel
"""kursi itu bentuknya jelek tapi lumayan nyaman""",0,manual_augmentation
wajar aja jodoh itu emng cerminan diri gw fikir pendiem inget waktu istrinya dihujat karena gamau disamasamain kya att. maunya kya gigi?? diserang dah,0,dataset_research
username noh urus itu kuin kamu biar tidak gatal nempel2 ama laki orang masyarakat sudah tahu kali japok gundik janda gatal sudah kenyataan nya begtu anak sholehah agama nya kuat mata kuliah agama cuma dapat 1 agama nya kuat tetapi hamil,0,relabel
Putra Pak Haji,0,dataset_research
modelny saja murahan barangnya,1,relabel
"Negara maju tapi Federasi olahraga nya banyak yang plenger, ratu bulu tangkis korsel juga sampe speak up. Belum ini sepak bola yang lagi anget. Btw pelatihnya emang plenger si bro, itu pas lawan AFSEL bisa bisanya son di cadangin. ga jelas asli,. Ada juga teori kalo pelatihnya ga mau rekor menit bermain di timnas di pecahin sama SON",1,
sampah masyarakat musnahkan,1,relabel
hancur hidup kamu sumpah,1,relabel
RT USER Klo gk kasih aja gelar doktor sama juragan mu prabowo sebianto calon presiden seumur hidup,1,fn_hatespeech_id
"""Lengannya gempal banget sih HAHA""",1,tiktok_v2
"LIAT KOMENANNYAAAA MIRIS BGT, KAK CHACHU TUH LAGI NGADAIN ACARA BAHAGIA, SEMUA PASTI SUDAH DIPERSIAPKAN, MLH ADA YG BANDINGÂ²IN, KALIAN TUH SESAMA PEREMPUAN, KLO PAS ACARA SEPERTI INI KALIAN DICEMOOH JUGA KESELKAN, APALAGI INI MOMEN ACARA RESEPSI BELIAUðŸ¥º",0,tiktok_v2
@RE IPPO:Sigit rendang: pengendali makhluk gaib,0,dataset_research
terakhir mandi kapan bang?,1,dataset_research
"USER Pabrik sj mrk sweeping krn tdk mengikuti peraturan mrk ,emangnya negara ini milik nenek mrk?sontoloyo mrk'",1,fn_hatespeech_id
USER USER Sungguh cerdas dan brillian congor ni menteri',1,fn_hatespeech_id
fix komen nyela,0,relabel
open bo tidak bang si listy om om yang cari cewek yang sudah pengalaman,1,relabel
emang dia cerdas?ðŸ—¿,1,tiktok_v2
Lu kayanya ga pernah mandi yaa itu ketombe banyak bet,1,dataset_research
barakallah cucu2 yang cantik ganteng semoga anak yang sholeh sholeha kebanggaan kelg,0,relabel
Te fuiste rickrolleado😂😂,1,
Sumpah bego bgt sih kesel gue. Kenapa ada org yg vote makhluk kayak Sandiaga Uno coba. Oh agama,1,fn_hatespeech_id
Dia adalah cara saya hanya knir,0,dataset_research
perasaan dulu ga sedekil ini deh? abis ngapain dia,1,tiktok
Time to report this so that the youtube staff get rickrolled for the hundredth time in their career,0,
kok ya dia pas bangt pakai outer pink😂😂😂...jadinya setelah gayung pink munculah ember pink😂,1,tiktok
RT USER lengkap sudah tim anies sandi Ada kasus pencabulan ada kasus makar,1,fn_hatespeech_id
Kalau bisa adain persatuan pemburu pelaku bullying biar jadi predatornya semua anak² nakal,1,
btp tidak kelebihan kecuali pemimpin yang suka kotor tai bajingan keparat anjink dan lain lain memalukan,1,relabel
tong kosong nyaring bunyinya.. alias lu tolol bgt sih,1,dataset_research
"Sehabis WC2002 itu berhasil banget gus hiddink, banyak pemain top lahir, banyak pelatih bagus korea bermunculan,Masih kebawa mimpi semi final WC2002, jadi maunya sampe semi final atau juara tiap masuk WC, bagus ada target sebenarnya, tapi sehabis WC2002 cuman korsel di Asia yg banyak dan sukses pemain diliga eropanya",0,
"USER USER Kan udah biasa ?\nKecuali kl dr kontra Jokowi, jgnkan baliho yg MEMBUNUH...\nKentutnya aja kl kecium&amp;nyenggol idung cebong bs PIRAL sebulan penuh \xf0\x9f\x98\x82\xf0\x9f\x98\x82\xf0\x9f\x98\x82'",1,fn_hatespeech_id
"umurny berapa sih,maap keliatan tua",1,tiktok
spngetahuan saya sih kalau anjing di dalam di rumah malaikat juga tidak msuk,0,relabel
terus kepsek sama gurunya diam aja..atau cuma dikeluarkan dari sekolah yang bully..gak main lah....klo anak q di bully yang pasti q kubur masa depan anak yang bully itu di sel..termasuk pengajarnya di sekolah..tuntut ke pengadilan..klo gak bisa pakai hukum rimba..beres urusan,1,
fuck ustad bajingan sialan,1,relabel
USER cocot mu zon gakl bisa buat apa2 juga ngoceh gak karusn',1,fn_hatespeech_id
USER \xf0\x9f\x98\x82\xf0\x9f\x98\x82\xf0\x9f\x98\x82\xf0\x9f\x98\x82\xf0\x9f\x98\x82\xf0\x9f\x98\x82lu Banci\nku cwek lu cemen nyerang cwek dan sembunyikan wajah mu.',1,fn_hatespeech_id
permukaan kasar di bagian kasar,1,dataset_research
efek miskin kali pengen kaya tapi bukan pengusaha jadi ngga bisa biayain ani ani,1,tiktok
"Baca artikel inspiratif, dapat motivasi baru",0,cyberbullying_1000
mukanya tidak dibantu kamera dekil kumel,1,relabel
Keknya kalo jadi erika lebih ke malu gasi drpd sakit hati😭,1,tiktok
sabar komentar ujian,0,relabel
"""cover bukunya jelek tapi isi penelitiannya bagus""",0,manual_augmentation
kopi kafe mantap bikin semangat,0,relabel
"ngapain hi hi , org ga kenal😭",1,tiktok
bocil nya meeting cik,0,
YG aku butuh interaksi dari 95l 99l yuk yg line segitu kuy mutualan nanti ku follow tapi auto followback ok rt aja,0,dataset_research
gosong amat mukanya😭,1,tiktok
USER Bank kena virus cebong..!! \nBlangsak...!!!',1,fn_hatespeech_id
jumat kliwon ini mah,0,dataset_research
Yaa lumayan lah hasil kmrn podcstðŸ˜‚,1,tiktok_v2
"kampret, aku lupa bawa dompet",0,manual_augmentation
"""Gpp Mel semangat buat belajar trusssss jangan gampang nyerah pokoknya @rosameldianti_""",0,tiktok_v2
Lagi main artis²an ya??,0,dataset_research
RT USER Arab saudi komunis hanya antek PKI yg mengkriminalisasi ulama,1,fn_hatespeech_id
"Tolol dan goblok sih pemain teriak gituh,ga mikir dampak nya fans masing2 jadi makin panas dan pemain nya sendiri yang rugi saat away takut nya terjadi apa2...harus cepat2 di atasi sebelum panas pisan'",1,fn_hatespeech_id
Anies Sandi bentar lagi kebukti menang karena saracen,1,fn_hatespeech_id
Hey yt!!!!!,0,
di kira nya cm dia yg bisa ke Jepang ????,0,dataset_research
Hadeh si cebong ga ada empati-empatinya nih sama temen.',1,fn_hatespeech_id
USER USER ANJING KOMUNIS TOLOL kau',1,fn_hatespeech_id
pasangan suami istri yang normal romantisme istri yang tahu tidak diumbar tetapi dijaga yang suka umbar kemesraan iti kebanyakan menutupi kenyataan yang,0,relabel
gblk matanya juling jlk BAT ANJ,1,dataset_research
Mantulllllll 😊😊😊,0,
username iya norak kampyuung coba liat artis adem ayem liat isyana liat agnezmo liat mba liaaat diliat saja coba telaah deh dikasih tahu contoh artis better eh jawabannya ya cocok la,0,relabel
boneka monyet yang selalu menemani hari2ku,0,relabel
NO WAY RICK ASTLEY LIKED THE YOUTUBE CHANNEL I LOVE YOU ASTLEY,0,
"USER USER Pejabat Era Jaman Now.. nunggu viral dulu, nunggu respon 'kejam' netijen, lalu pura2 terkejut.. baru merespon. \n\n1. Klo netijen puja-puji, pasti digelontor..\n2. Klo netijen caci maki, ya di usahakan sekedarnya biar terl",1,fn_hatespeech_id
Auto unfollðŸ™ðŸ»,1,tiktok_v2
Yang katanya bangga jadi anak pki… makanya benar kata pak harto pki 7 turunan jangan di kasih panggung pemerintahan.. dan ini lah kenyataanya paling pinter maling teriak maling ingat kan tahun 65,1,tiktok
CINA ASU URL,1,fn_hatespeech_id
"GG, semoga program nya lancar",0,
Luar Biasa hingga kebijakan Indonesia tdk boleh bertentangan dgn kepentingan Cina,1,fn_hatespeech_id
"""monyet liar itu mengambil roti dari meja""",0,manual_augmentation
ngisng aja,1,tiktok
"malesin lamak2 ya liat @Ibnu Wardani mcam doi aja yg punya uang, org kagak!...gw biasa liburan k Eropa aja B aja...kalau mau bbagi info yg positif aja",1,dataset_research
"​ @aowkaowk5369 welcome Indonesia zaman sekarang, anak di bawah umur udah pada pegang celurit dan pasti tu anak hasil hubungan gelap orng tua nya dan dah masuk kategori kriminalitas",1,
omong kosong,0,dataset_research
"Mending tutup mulut, daripada bikin malu terus",1,contrastive_dataset
anjing setia pemiliknya,0,relabel
Wkkwkwkw savage balesan2 komen2 kamu kak😂😂😂,0,tiktok
yang goodlooking tetapi sok2 an insecure biar si anjing,0,relabel
"Gaya doang tulus,tapi selingkuh",1,tiktok
ga aneh sih,0,dataset_research
Cowo paling alay lebay se antero selebgram WKWKW NGAKAK,1,dataset_research
Makanya tadi aku kaget lihat teman kabar nya udah menikah Dalam hati kamu kapan taarufnya kok sampai ga tercium kabarnya,1,dataset_research
"USER Ini poltak bener2 manusia berwatak babi, jaman USER gencar bela sampai cocotnx itu monyong klo ngomong, skr USER di sanjung2 bak dewa. Skr sy tanya sm kau poltak babi, saat BBM naik tanpa penjelasan bahan pokok naik, TKI di pancung, kemana cocotmu'",1,fn_hatespeech_id
"USER USER Yaa elaj cebong gak kreatif bgt..ikut2 bahasa di pake,Cebong anak kodok nabi lu kan Si kodok makanya lu di panggil cebong laknat ??; #2019gantipresiden; #2019presidenbaru; #AsalbukanJokowi",1,fn_hatespeech_id
"""siapa bang agus bangs***t"" WAKAKAKAKAKKAAKKA:face-purple-crying::face-purple-crying::face-purple-crying: full marah2",1,
laporkan dan penjarakanðŸ‘ðŸ‘ðŸ‘ðŸ‘,1,tiktok_v2
"""Manusia anjing. Nyari uang gitu amat. Lo kerja aja sama gue nyebokin gue ntar gue gaji lo.""",1,tiktok_v2
Sekolahnya jg gk becus mengajari murid dan terutama orang tuanya yg gk tau mengajari anak tentang perilaku yang baik. Klo sy di posisi keluarga korban maka saya akan mendatangi bapaknya dan menghajarnya karena tidak becus mendidik anak,0,
potong saja k9ntolnya tuh bangsat nih orang,1,relabel
"""Ketiaknya hitam dikasih bedak jadi nya abu"" monyet""",1,tiktok_v2
Kalau saya sebagai orang tua anak tersebut saya tetap menempuh jalur hukum. Tak mau saya hanya dengan minta maaf dan berakhir damai. Enak banget,0,
"""anjir, kok mendadak hujan deras""",0,manual_augmentation
jangan lupa kan jejak digital nya. Ruhut juga ini menempati diri pada penguasa. supaya tetap eksis ðŸ¤£,1,tiktok_v2
"""goblok, harusnya aku baca dulu petunjuknya""",0,manual_augmentation
"Korea selatan jangan harap ada sosok hajime moriayasu, oscar tabarez, joachim löw lagi ya",0,
"""Hargai wanitamu dia didekati banyak pria tetapi tetap memilihmu""",0,tiktok_v2
"""Si gaga kok kek anjing""",1,tiktok_v2
"Ntar Dia kyak Shin Tae Young lg, Pas ngelatih Indonesia, Indonesia jd naik lg Performanya, Tiba2 Masuk Piala Dunia aja tuh Timnas Indonesia Di Periode Berikutnya....😅😅😅😅",1,
monyet prabowo ini memang lucu,1,fn_hatespeech_id
lucu ya si yang bikin kata2 bawa2 tuhan sudah kepepet tidak tahu orang yang merusak rumah tangga orang merobohkan bangunan masjid mbak nya bayangin saja nya dosa mu nasi sudah jadi bubur mba nya semoga bahagia dunia,0,relabel
spill kampus nya dong,0,tiktok
Jokowi jongos cina!!,1,fn_hatespeech_id
username iya kamu bening kelewat bening buluk ya mbak mbaknya telan apasih komen kaya gini kesurupan,0,relabel
"""Setidaknya dia ngaku. bukan belagak pintar""",0,tiktok_v2
Benar banget.Bunda.. Otaknya penuh virus.,1,
"Klo ank gw bkal gw kumpulin tuh anak² pembuly gw gampar²in tuh semua ya,,pda sok jagoan berani ya keroyokan,,bila perlu gw sandera trus disiksa tuk anak biar sma² trauma jd adil,,enak aj lo bsa bebas main sementara ank gw trauma ketakutan,,oh tidak yaa",1,
stylenya dia tuh gmn sik??,1,dataset_research
"""Aura org pinter emg shining ya bun @hy_dindut""",0,tiktok_v2
"Udah jelek mukanya. Suka bully pula. Dek minimal kalau jelek, hatinya baik. Jangan semua diborong.",1,
"hiraukan aja hujatannya kk
yg pentingg ilmuuu nyaaa👍",0,tiktok
"Ketauan jelas kan bedanya, yang satu ikhlas yang satu bayaran...; #2019GantiPresiden",1,fn_hatespeech_id
"""ga bakal diundang jg"" tapi kan kalian ttp butuh penonton woy lahðŸ˜­ðŸ˜­ðŸ˜­",1,tiktok_v2
"""buset, terang banget lampunya""",0,manual_augmentation
sok geulis anjing,0,relabel
"""Ya allah ga tau knp ak suka setiap lihat nagita pake dress modelnya cakep cakep""",0,tiktok_v2
Jangan hanya menyalahkan guru di sekolah dan tidak serta merta menyerahkan sepenuhnya ke guru.Orangtua juga punya andil peran penting dalam pendidikan.Parenting terhadap orangtua itu penting.kenapa anak jadi pelaku pembulyian.Intinya semua harus berperanserta dalam pendidikan anak.Madrasah yang pertama adalah dirumah.,0,
"Eh sumpah ya brav, aku padahal udah suka dari lo pertama kali muncul di podcast2,, kek orang yang bijaksana , lemah lembut, tanpa ada alasan mencintai,,, tp lo inget yaa ,, ini udah bawa2 baby andrew , kasian dia gatau2 apa2 liat mamanya disakitin orang kek elo yang berpura2 jd pahlawan. :) sabar yaa baby andrew @eri.carl",1,tiktok
"Gak usah nyoba jadi keren, lo emang ga akan bisa",1,fn_fp_reduction
"duh dikit bet yang nonton, pantengin guys kasus kasus yang begini tuu biar kasus bullying di indo cpet pusnah",0,
TNI menyerukan nonton 30S karena pemerintah sekarang pro komunis pki,1,fn_hatespeech_id
Emg kntl ini indihome -_-',1,fn_hatespeech_id
Kenapa hutang banyak diatas empat ribu trilliun!&amp; sepertinya disengaja tuk menambah utang baru! Rezim jokowi gak punya rasa nasionalis! Gak pancasilais! Dan prediksi ana emang di sengaja tuk hancurkan nkri! Biar tergadai ne ibu pertiwi!terjual ama as,1,fn_hatespeech_id
gini pengen tenar ya ampuuun malu kalau anaknya yah kasihan,0,relabel
"""Biasa nya aq nangis kalo lagu nya seiihh, kalo sekarang nangis karna saking bagus nya lagu nya""",0,tiktok_v2
Saya benci pertanyaan tentang alan dengan amelia dh la tidak ada uang untuk meminjam danau cb tul pasta saya harus mendapatkan saya,1,dataset_research
maklum anak pendidikan mirip begitu tidak akhlak,1,relabel
"minta maaf yg tulus utama kpd orangtua dn kluarga timothy...bukn krna tkut dihujat netizen, situ enak ga dibully bnyk orang??",0,tiktok
"""layout feed ini terasa norak dan berlebihan""",0,manual_augmentation
"""anjing, ternyata dompetku ada di tas lain""",0,manual_augmentation
Gerakan komunis yang sedang berlangsung di persembunyiannya apakabar kah ? #AntiJIL #AntiSyiah #AntiKomunis :) #KembalikanMediaIslam',1,fn_hatespeech_id
kirain ada cabe nyangkut di giginya taunyaa wkwkw,1,dataset_research
Definisi Narcisistic Personality Disorder??,0,dataset_research
Abu Jahal,0,dataset_research
Jangan terlalu keras sama diri sendiri,0,contrastive_dataset
"USER In anak sama bapak sama"" tukang KIBUL,disekolahin tinggi"" biar pintet.ini yg ad malah tambah GOBLOK bin TOLOL!!!!'",1,fn_hatespeech_id
cinta knpa malah kaya gini 😔,1,tiktok
USER betul dan semua pihak yg menentang si cina kafir ahok akan di kriminalisasi oleh polisi dgn smua rekayasa hukum nya,1,fn_hatespeech_id
"Hmm, keknya bahaya kalo sampe pilihan cawapres ke dia juga, bisa kejadian lagi nurunin presiden paksa kek ahok dulu, yg maju akhirnya cawapresnya? Mungkin ?; Menang kalah tetep menang, jago juga strateginya, kek ga ada cawapres lain aja yg bener ?",1,fn_hatespeech_id
"""dikasi yang bening malah milih yang dakian""",1,tiktok_v2
"Pijat ini adalah yang paling lega dari pinggang saya, saya mendengar suara RM 60 Jeans A Hakim 60 12 terbaik",1,dataset_research
"""Lonte kurus pucet kek mayat hidup""",1,tiktok_v2
Ambik course graphic design tapi bergaya semacam pergi class macam budak fashion\n\nYaa setan budek takkan aku nak pakai baju tidur pergi class hanat.\nYe tahu designer takda masa tapi aku ada masa untuk appearance aku noted that\n\nMaju lu sini anjing',1,fn_hatespeech_id
USER APA SIH KOK KAPITALISME HAHAHA. dasar antek antek komunis.,1,fn_hatespeech_id
Beneran berasa tinggal di negara yang dikutuk,1,tiktok
baru kali ini liat behel yang modelnya jelek bgt,1,dataset_research
happy birthday meldi semoga sukses umur rejekinya lancarkan amin,0,relabel
Yt was here lol,0,
anjing hebat sekali kamu nyelesain,0,relabel
respect banget gaada yang ngeludahin,1,tiktok
Jadi cowo itu harus Gantle kalo ga Gantle itu namanya BANCI !',1,fn_hatespeech_id
"USER Namanya juga standar janda, teriak2 benci kapir aseng tapi oshinya kapir aseng semua \xf0\x9f\x98\x82'",1,fn_hatespeech_id
😂😂😂 menyusah kan diri saja tolol ego tingi bapa nya pun sama ego tingi,1,
apa aku yang kurang paham maksdnya 😏,0,tiktok
mama gigi tidak pernah tidak cantik sih kalau,0,relabel
gakenal dan ga mau tau,1,dataset_research
USER pendusta itu pemimpin agama kristen gitu ya teh?,1,fn_hatespeech_id
"lepasin ibunya, biarin aja terserah dia mau apakan tuh anak bangsat",1,
Rickrolled,0,
emaknya malu punya anak kayak dia,1,dataset_research
"Layak mendapat predikat ""negara ter rasis di bumi""",1,
YouTube just got Rickrolled,0,
Cakep Manis loh .. please lahh nggak semua orang harus putih ya kulitnya .. tiap orang punya style nya masing2 ..,0,tiktok
dongggg liked congratulations,0,relabel
aura negatif nya kuat bngt,1,tiktok
kamu anjingnya anjingnya,1,relabel
Ruben gk pakek ppa mukanya bersih bersinar sehat selalu ruben,0,
Saracen dan narkoba. Jakarta jadi apa kalo dipimpin anies URL,1,fn_hatespeech_id
USER USER DPR DPRD jancok asu aanjing babi kontol jembut bajingan bangsat tempek gendeng taeeekkk banci',1,fn_hatespeech_id
USER USER USER Hanya kaum bani cabul yg bisa di bohongi.\n\nBahkan utk makan pun dia berbohong katakan mau pulang agar ada donatur. \xf0\x9f\x98\x82\xf0\x9f\x98\x82\xf0\x9f\x98\x82\n\nRasakaah Azab Allah. \xf0\x9f\xa4\xa3\xf0\x9f,1,fn_hatespeech_id
Berasa korban banget,1,tiktok
Rasanya seperti Pengen di Anjim,1,dataset_research
"USER udah lu jgn panik gitu. ahok si kutil babi bakal tumbang kok di putaran kedua. teruskan cuapcuap mu di sosmed, gak ngaruh.",1,fn_hatespeech_id
Merindzink bingung,1,dataset_research
"Filmnya seru banget sih, reccomend banget deh",0,contrastive_dataset
gilingan mulan jalang lagi kasih ceramah hahahaha dasar cireng tidak tahu tidak ngaca si cireng lagi ceramah sok2 seperti pahlawan kesiangan biar berteman ama sekuter seperti selpii,0,relabel
tolol dah ditungguin juga bgst',1,fn_hatespeech_id
Lo itu hopeless case mending give up aja,1,codemixed
Saya percaya kpk. Saya ga percaya sby dan demokrat. Demokrat katakan tidak pada(hal) korupsi. URL,1,fn_hatespeech_id
USER Ada cebong bang dia merasa paling benar',1,fn_hatespeech_id
kamu cantik tanpa perlu validasi dari orang2 rese... ðŸ¥°,0,tiktok_v2
dikasih bidadari maunya boneka santet,1,relabel
USER USER Gak sudi rakyat punya presiden jongos kacung Cina. Itu cuma presidennya cebong2 cina aja.',1,fn_hatespeech_id
pria china tewas selfie anjing laut,0,relabel
bangga amat beli tas KW woi.. jangan2 bajunya juga LG harus di cek ini,1,dataset_research
"""Baru x ini baca caption harus mikir dan pakai kalkulator cuyyy hahaha""",0,tiktok_v2
Bahas timnas korsel yg gagal pildun dan pelatih nya sampe pemainnya dihujat knetz bahkan sampai dilarang masuk toko bener gak mas?,0,
"amit-amit masuk ke univ ini,takut dibully",1,tiktok
mukanya😂😂😂😂,1,tiktok
dia kan emg orkay dari dulu jdi ga ada rasa2 pernah jdi org bawah atau kekurangan keknya,0,dataset_research
"""mau bilang jelek nya ga enak hehe ?""",1,tiktok_v2
monyet termasuk hewan primata,0,manual_augmentation
mantan anjing eh kebalik anjing mantan,1,relabel
"jauh anjir, ibarat yg 1 udh nyampe mars, yg satu lagi masih ngarit",1,dataset_research
Jealorely,1,dataset_research
Jagan bantu yurika jelekkarna dia miskin,1,
"USER Jawab nya gampang itu Presiden mu dihina china bangsat kamu kok diam, apa si munafik lagi bisu ?! \n\n#2019GantiPresiden'",1,fn_hatespeech_id
Lu datengin klop pegang timnas indo emang bisa juara..ya enggak.....gak masuk akal orang korea lu berharap keajabian apa...son uda tua ..siapa lg yang bsa gendong korea....liat jepang...dr ujung ke ujung oemain tim eropa smua...tp aja kesingkir.....,1,
Waw beliin buat aku dong,1,dataset_research
"RT USER: USER Preman kampungan monyong putih kok dikasih panggung merusak acara, enek liatnya'",1,fn_hatespeech_id
babi rumah kotor,0,relabel
kasihan anjingnya dipeluk sma sampahh,1,relabel
Saya juga milik saya sendiri,0,dataset_research
mana sama lagi marga nya sama guee🙏🏻😭,0,tiktok
bangsat kntl orang kamu,1,relabel
dua wanita sedang tertekan oleh perkataan kang blunderðŸ—¿ðŸ˜­,1,tiktok_v2
Aku beria sekalipun bukannya kau nak appreciate,1,dataset_research
"​ @ibnubahrowi1988 Penjilat pntat mafia bola. Di latih sty : vs Arab menang 2-0 Di latih sty : indonesia memiliki progress yg meningkat. Indonesia bahkan memiliki peluang lolos QWC. Tidak dilatih sty (dilatih pelatih yg katanya si paling eropa, si paling mengerti pemain dr belanda): Kalah 2-3 dari Arab Saudi. Tidak lolos.",1,
"""Setengah iri setengah jadi motivasi ini""",0,tiktok_v2
"RT USER Prestasi Ahok, \nSelain mjadi mafia koruptor n penista agama, dirinya bhasil tenggelamkan JKT MELALUI congoran CEBON",1,fn_hatespeech_id
"""serem banget muka lo mel kayak ayam potong merah banget""",1,tiktok_v2
"""Pengambilan fotonya sudah bagus mantap dan keren.. tinggal pengambilan ARWAH nya aja yang belum""",1,tiktok_v2
"Apakah berkat solat dan mengaji atau berkat belajar ilmu yang dikembangkan para kafir, Pak Lukman?",1,fn_hatespeech_id
serusak apapun yg ngejalanin negara ini kita cmn bs berdoa semoga Indonesia bs jd lbih baik,0,tiktok
USER Kangen dg kediktatorannya & kebodohannya jd antek USA membohongi rakyat demi kepentingan asing rampas SDA & perkaya diri,1,fn_hatespeech_id
"""NAMANYA ANAK ANAK"" masii gelindung diri pake kata kata gituan jelas jelas ada bukti?, Injek balik aja injek biar m*t* sekalian",1,
"Korean ama Indo mirip... Yang jago cuma 1-2 ( segelintir) pemain tapi ngira nya 11 pemain jago semuaaa... 😂 , dimana kelas 1 nya kita, kalo di bandingkan dengan negara veteran bola paling kita masuk kelas 3 na mereka... jadi secara kualitas juga uda beda.. over confident lahhh 😂😂😅",1,
dewasa imutt aih cipaaaaaa,0,relabel
"""Muka buluk kepedean lagi.. muka udah tua""",1,tiktok_v2
"USER Udah culun nih serigala margonda, payah!'",1,fn_hatespeech_id
bagi orang cerdas dan jujur dan paham sejarah yang sebenar nya sejak tahun 65 pasti cinta ke pak suharto,0,tiktok
"USER Jokowi gak pernah salah, bahkan harga telur naikpun ayamnya yg salah..\n\nUdah geleh sama rejim beginian..\nPengen cepet2 #2019GantiPresiden'",1,fn_hatespeech_id
"Negara paling bangsat,dijabat oleh sebagian orang orang bangsat,rakyat jadi korban para para sebagian pejabat pejabat paling bangsat.",1,
Yuk netweetjen dibantu,0,dataset_research
Yang ngomong dalam hati dicatat juga yaa ðŸ˜­ðŸ™,0,tiktok_v2
"Diduga Bawa Kabur Uang Calon Jemaah, Dirut Travel Umroh Dipolisikan >Jika Allah SWT Tuhan sdh kena azab paling pedih",1,fn_hatespeech_id
USER USER pea kesayangan kecintaan bolot sok pinter pdhl lbh lemot dr gua',1,fn_hatespeech_id
"indra harusnya pas bangku kosong di akhir bisa call back ke gym tu, biar si rudi badannya jadi",1,
Lo itu so needy and clingy annoying banget,1,codemixed
Lo itu desperate banget looking for attention kasian,1,codemixed
monyet kamu,0,relabel
wkwk ngakak liat video nya,0,dataset_research
babi rusa adalah hewan endemik Indonesia,0,manual_augmentation
gprnh gagal bikin bingung,0,dataset_research
bahaya org ini,1,tiktok
Beda bet klo orang cerdas berbicara,0,tiktok
USER ccd itu ceced ? ceced kan lo gmn si',1,fn_hatespeech_id
username yang bodoh ngapain keluarga depok komen orang yang tidak saja yang hidupnya tidak bahagia yang suka menghujat orang hidup artis ayu berpengaruh memang dasar benci ayu kalau,0,relabel
Pidato gwe cok,0,dataset_research
"biasanya klo berita2 bgini banyak yg komen â€œtebak agamaâ€, kok kosong ya skrg ?",1,tiktok_v2
kakak adik cantik ya suka duanya,0,relabel
gilaaaaa pelakor sangat laki2 gatal alasan berpoligami woiii mikir pakai otak haduh pikir orang pintar tahu agama buruk allah menguji kesetiaan nafsunya eh kaya begitu menyakiti istri saja menutup pintu rejekimu anak istri kamu korbankan sebagai seorg imam keluarga gagal mmpertahankan rumah tangganya mencoreng nama nya sendiri semua orang suka sekarang benci m,0,relabel
"USER Mulut Allah SWT di quran memang BUSUK, kafir, laknat dll",1,fn_hatespeech_id
USER PARTAI KORUPSI SAPI......goblog...',1,fn_hatespeech_id
Masuk akal juga...,0,tiktok
"""smga semua kelg dan crew sehat semua.. dan rejeki trs lancar ya kak gigi..""",0,tiktok_v2
UIUYHJLMGR YANG PALING BANYAK DIGUNAKAN UNTUK KEPERLUAN EVALUASI DAN LAPORAN YANG MASUK KE KAMAR TIDUR KZJFNFBWVVBZ0 YANG PALING 😂BANYAK DIGUNAKAN 😂😂😂🎉🎉YANG PALING BANYAK DIGUNAKAN UNTUK 😂KEPERLUAN EVALUASI DAN LAPORAN YANG MASUK,0,
cantik bgt warna kulitnya🥰,0,tiktok
SDM rendah nyusahin rakyatðŸ˜‚ kalau pinter ngomong doang adek gw juga bisaðŸ˜‚,1,tiktok_v2
"Kalo dia butuh, baek nya kayak malaikat yg nempel kayak ulat jambu. Sekalinya gw yg butuh minggat kayak ga punya dosa... Brengsek banget kan?'",1,fn_hatespeech_id
Cowo brengsek semua ya',1,fn_hatespeech_id
laporkan dan penjarakan👍👍👍👍,1,tiktok
USER cebong norak memang',1,fn_hatespeech_id
"Komennya jahat2 amat para ahli neraka, sibuk amat urusin hidup orng.",0,tiktok
enak sekali mak lagu2 dialbumnya suka yang inih sama beautiful mistake,0,relabel
USER USER Cebong mana punya otak yg ada hina ulama kami hanya di Indonesia non muslim pd kurang ajar.',1,fn_hatespeech_id
yatuhan suaranyaaaaaaa bagus bangetttttttt,0,relabel
Yeyy tadi ketemu Neira nya karna ketemuu di bioskopp yeyyyyyyy apa paswetr naira yaitu 🤫🤔 anjai mewing,0,
"Kurangnya pendidikan dan kasih sayang orang tua pada anak, jangan salahkan 100% kepada anak, orang tua ikut andil dalam mengasuh anak, buruk dan baiknya anak tergantng pola asuh orang tua.. salah anak gagallah orang tua, baik anak baguslah orang tua mengasuhnya",0,
"Benci bgt sama kata""namanya jga anak-anak""payudara udh gede gitu anak² kata lo!!!!!????",1,
muka Eko bengek bgt🤣🤣🤣🤣🤣,1,tiktok
"""anjing penjaga itu berada di pos depan""",0,manual_augmentation
YouTube rickrolled.,0,
bangsat homo kirain yang komen cewek cowok anjeng cewek tidak respon asu,1,relabel
USER Sirik aja nih onta.',1,fn_hatespeech_id
namanya ternak iya peliharaan kenapa dipelihara iya karena menguntungkan,0,tiktok
bangsat polisi anjing ya allah tolonglah yang teraniaya,1,relabel
menyukai suasana kantor mendukung produktivitas,0,relabel
Lah ngapain minta maaf? kan dia gak salah ðŸ˜‚ðŸ˜‚,0,tiktok_v2
sebelum nganggur harus gaya dulu,0,dataset_research
"""Kasihan ya kamu @rosameldianti_ Hidup sekali cuman buat bahan hujatan masyarakat? Mubadzir banget deh hidup lo? Napa gak bunuh diri aja?""",1,tiktok_v2
Yang make masker sok asik,0,
interior ruangan ini terlihat norak karena terlalu ramai,0,manual_augmentation
tidak alay tidak muluk muluk natural sukaaaa,0,relabel
tua bukannya ingat umur malah betingkah,1,tiktok
aura jablai nya kuat bgt,1,tiktok
ya allah tidak tahu kenapa aku suka lihat nagita pakai dress modelnya cakap cakap,0,relabel
"""DIKASIH BIDADARI MAUNYA BONEKA SANTET""",1,tiktok_v2
yah pdhl sicowo udah dibangga2in,1,tiktok
Malu gasih ðŸ˜­,1,tiktok_v2
"""Baik buruk nya kamu akan tetap terlihat buruk di mata mereka yang ga menyukai mu..""",0,tiktok_v2
"Wkwkwk ga heran, org dunia malam mana bs dipercaya",1,tiktok
Di aku anak 1sd punya pacar semua anjir🗿💢,1,
That song is stuck in my head lagunya catchy banget,0,codemixed
"""banner promonya terlalu ramai dan terkesan norak""",0,manual_augmentation
"#persijatakutkalahdijakarta\nDasar pLersija, dengkul laler. Banyak alesan lo jakAnjing! Olo olo sia banyak bacot!!!'",1,fn_hatespeech_id
RT USER USER Kalau saya sih ga heran antek-antek pki sdh mulai muncul kalau sdh ada rintik-rintik hujan,1,fn_hatespeech_id
"""layout katalog ini terasa norak""",0,manual_augmentation
foto 2 anjing 1 kontol,1,relabel
USER USER Sama skali ga malu yg malu tuh udh so jd OKB tpi nihil prestasi malah kena denda lagi malu bgd dasr CINA bloon ky gtu tuh ....',1,fn_hatespeech_id
Yurika Lo nama nya gak usah sok ke jepangan Lo aja tinggal di kampung yang 😂😂,1,
Dengan tuduhan Cina membawa Flakka ke Indonesia utk merusak generasi muda Indonesia.,1,fn_hatespeech_id
"Ngapain dilerai biarin aja ibunya yg bales ,gw aja yg lihat vidionya sampe gk tega ,sok jagoan udah santri lagi bikin malu para santri aja ,blok",1,
bagusss suaranya penampilannya sesuai anak sekolahan natural sesuai usia nya,0,relabel
"""Ni org jelek ga ada obat.kok jj mau liat apa ya..""",1,tiktok_v2
"""Elu juga semoga semakinlebih baik dalam segala hal, terutama akhlak dan etikanya""",0,tiktok_v2
"Semakin hari makin parah Fans Korsel disana, dulu Sty pas pulang dilepar telur busuk. skrng malah dihina-hina, dihujat-hujat juga. apalagi lihat streamer asli sono gilanya ngalahin orng indo.",1,
??ocket,0,dataset_research
lgbt lgbt tai anjing kaga ngedukung dibilang tidak berperikemanusiaan tai,0,relabel
RT USER: Membantu Rohingya kata Prabowo cuma pencitraan klau cuma ngomong thok kayak Prabowo disebut apa ya?,1,fn_hatespeech_id
kelak anak mereka akan dijadikan seperti ini,1,tiktok
USER USER USER USER USER USER USER Picek a matamu',1,fn_hatespeech_id
bajingan berasa bajingan,1,relabel
Banyak kok series yg season 2 dan selanjutnya lebih bagus. Squid game ini menurut gua pribadi season 1 masterpiece tapi 2 apalagi 3 keliatan bgt milkingnya. Kebalikannya dari series terbaik sepanjang masa yaitu Game of Thrones. GOT season 1 ngantuk hahaha tpi 2-6 eskalasinya gokil makin bagus. Ini problemnya netflix sih karena sebenernya keliatan skrg mereka lebih ngejar kuantitas dibanding kualitas. Mentang mentang series asal korea banyak yg hit mereka banyakin tuh series korea. Tapi sayangnya kalo jatuhnya ada yg kayak squid game ini ya mau gamau harus di milking biar pendapatan nya bisa terus diputer danain series lain yg belum tentu balik modal. Tapi sekalinya hit kayak squid game lagi ya diputerin lagi. Mungkin ini bisnis yg cocok buat mereka karena konsumen bisa merasa worth dpt film atau series sebanyak itu padahal yg bagus gak banyak 😂,0,
USER Emang ada cebong yg nggak dungu??? URL,1,fn_hatespeech_id
@apaya: ratu kesalahan,1,dataset_research
"""artikel tersebut membahas vaksin rabies untuk anjing""",0,manual_augmentation
you gave us up,0,
USER USER Penyakit panik yg di alami kaum begundal kampret bongkrek adalah selama pak prabowo blm jadi presiden. Dan kepanikan itu akan trs berlanjut karna sprtinya pak jokowi akan dua periode.',1,fn_hatespeech_id
"USER \xe2\x9c\x85 heh mata kau lah, ko kira aku ini apa. ku colokkan mata kau mampus kau'",1,fn_hatespeech_id
"Masih sepenggal2 gitu bacanya, kaku.",0,tiktok
film malam tonton menghibur suka sekali,0,relabel
koq nyanya ke saya..ðŸ¤£ðŸ¤£ðŸ¤£,1,tiktok_v2
USER USER USER USER USER USER USER USER USER USER USER USER Itu bukan akun ketum Andre. Lu cebong penyusup Homo USER kampret !!',1,fn_hatespeech_id
"anak yang kuran ajar palagi sok suci pakai asotis agama palagi irang bela2 annin ga atas nama anak anak sikat saja laporin ke polisi biar dinproses hukum, .orang geblek dan nloon kalo masih belain anaknya yg salah!!!!",0,
tp kalo main ma sirkelnya pulangnya ampe subuh gimana tuch? ??,0,dataset_research
"dosen gaji besar kan yaaa, beli lah paralonte kalo birahi selesai, malah ngakalin murid nya ancaman pake nilai ðŸ—¿ kimaak memang",1,tiktok_v2
w lina2706 username lucu saja ya sist lonte bela2 mati2an guoblok pelihara bayar begitu muljamban sampai bikin account username maia nikah belum nikah urusan situ nyinyirnya sirik nya,1,relabel
sih tidak hidupnya,1,relabel
USER USER USER Baru namanya timnya baja bajingan JA',1,fn_hatespeech_id
"kejadian ama anakku sblm lulusan SMA kmrn,udh main tangan,aku visum tp anakku blng jgn dl lapor,akhirnya guru dl yg bertindak,aku udh ngebacot jg di grop ortu tp tuh org tua anak itu gak ada minta maafnya. sampe acara pelepasanpun aku cari org tua anak itu tp gk ada,ktnya org kaya. bodo amat",0,
Cinta singa,0,dataset_research
"""jalanan kota pagi ini seperti lautan manusia""",0,manual_augmentation
Mari Berdoalah untuk Penyembuhan Cepat ??,0,dataset_research
kamu saya gendong anjing,0,relabel
Genosida Muslim Rohingya oleh Teroris Budha Myanmar! URL +80 desa Muslim Rohingya tlh dibakar Teroris Budha!'',1,fn_hatespeech_id
USER USER bani kacung kafir malah ketawa liat twit ini ya cung',1,fn_hatespeech_id
lucu?,0,dataset_research
"Nikita Mirzani udah pake hijab, yg masih ngomong cebang cebong udah pernah fantasiin doi belom? Uh ah!! #cokoRers'",1,fn_hatespeech_id
bunglon...🤔🤔🤔,1,tiktok
"ya iyalah di profesor ko,termul otaknya zonk",1,tiktok
USER SIAPA YANG COCOT \xf0\x9f\x98\xa4',1,fn_hatespeech_id
"😁 tdk di pecat, cuma di non aktifkan selama 6 BLN trs bisa ngantor lagi, ini lah hukum Indonesia 😂😏",0,tiktok
Ahh ngeless mulu,0,tiktok
mau kek manapun dia tuh bahagia dengan dirinya sendiri tau.... kalian punya tenaga bgt ngurusin hidup orang.. lah gw mau mandi aja magernya minta maap 🤣,0,tiktok
Aduk ????,0,dataset_research
"USER USER USER USER Ngomong apaan sih? Udah suruh si cabul pulang dulu, jangan jadi banci'",1,fn_hatespeech_id
cewek yang begini yang hrsnya gosong jadi abu saja kebakaran pabrik yang lagi viral kemarin itu bnr2 slain tidak brguna gda otak cuma modal ngangkang terus gebet laki orang terus bangga btw kalau memang instastory nya nyindir sesebini tua mah ehhh at least biar tidak becus jadi prewi tetapi becus cuii jadi emak buktinya anak nya bejibun terus semua pro emaknya daripada bapaknya,0,relabel
Cakep woe 😎🔥,0,tiktok
Isu ini kok langsung tenggelam sama lagu MBG dan Bahlil?,1,
Penguins On The Moon 🐧,0,
kalau style gini pas begitu bang sma umur kamu yang masih muda kelihatan lebih fresh saja sesuai sma umur,0,relabel
USER Tae. Isinya banci semwa yak?',1,fn_hatespeech_id
Si paling klarifkasi,0,dataset_research
"""babi ternak itu sedang diberi makan jagung""",0,manual_augmentation
ketikan orang jahat banget kakaknya cantik baget padhal,0,dataset_research
tidak apa-apa mel semangat belajar trusssss gampang nyerah pokoknya rosameldianti_,0,relabel
"di amerika dia wanita paling cantikðŸ¥°
setidaknya kamu benar hidup disana cin..
dari pada disini yang slalu memprioritaskan wanita cantik hanya yg berkulit putih ðŸ¥°ðŸ™",0,tiktok_v2
USER Bajingan. Inter itu tim top dan hebat. Lazio itu yg sampah',1,fn_hatespeech_id
anaknya mirip rigen semua,1,tiktok
"USER USER USER Golongan kaum bani kampret seperti katak dalam tempurung, teriak tong kosong, kampanye ganti presiden tapi tak tau nama pengganti nya siapa, menjual rongsokan tak bernilai, congor kampret nya yg gede'",1,fn_hatespeech_id
keren suaranya dasarnya cantik tinggal poles sedikit bersinar,0,relabel
niat keberanian,0,relabel
video resesi,0,dataset_research
"Slogan tipu : Teriak Saya pancasila, saya Indonesia.. ( didalam hati, SAYA KOMUNIS)",1,fn_hatespeech_id
menyukai desain ruangan modern elegan,0,relabel
USER Keterlaluan kalo ada manusia yang doyan sama Sontoloyo model ginian',1,fn_hatespeech_id
Pertama,0,
nurani anjingmu kebanyakan makan anjing babi tingka lakumu tidak bedah bangsat,1,relabel
"Giliran butuh, sok ngebaik-baikin. Giliran gak butuh, diem-diem ngejelekin. setan -_-'",1,fn_hatespeech_id
mbak mbak.. cantik sih tp bulunya lebat kek cowo??,1,dataset_research
Congratulations on youtube 20th anniversary,0,
"""Tambah cantik aja rosa meldianti""",0,tiktok_v2
username iya mba ariel tidak ganteng ariel kharisma yang menarik sudah tua sekarang keriput wajahnya tetap saja kharisma nya lelaki kelihatan terpancar buktinya mama tante tergila2 ariel sa,0,relabel
Bantal Guling ??,0,dataset_research
"dari Erica, Bravy, Panda gua cuma suka liat Edward aja🤣🤣",0,tiktok
kenapa hostnya tidak langsung memutar video lawasnya? jangan terlalu menjaga perasaan tamu yang di undang,0,tiktok
Kenapa si di indonesia gak ada hukum darah bales darah jadi kan kalo di penjaran kalo orang tua kotban tinggal minta mau bacok apa maaf kan puas,1,
haduuh orang tidak akhlak bangeg perasaan kerjaan bertengkar terus musuhnya,0,relabel
"Gw lihat emang si Anies ini ada kurangnya ya. Tapi gw ngebandingin sama Ahok tahun lalu yg mudah aja bilang; mampus, badjingan, brengsek, taik, pemahaman nenek Lo ke orang lain dihadapan publik maupun rapat internal. Menurut gw sih mending si Anies yak.",1,fn_hatespeech_id
nitip anjing fotonya temu reddit,0,relabel
"""desain papan nama lama itu kampungan sekali""",0,manual_augmentation
"""Muka kek kontol mending di penjara""",1,tiktok_v2
USER lu emang udah maho kan njir',1,fn_hatespeech_id
Bukan untuk menikah saat gatal retak tetapi lelah ketika saya kembali kepada saya bahwa saya masih lajang dan tidak bekerja,0,dataset_research
"yang lain kaget bang fiki nikah sama kak tinoo, aku lebihh kagett kak tino nikah sama bang fiki😭 aku selalu mempertanyakan siapa cowo beruntung yang bisa dapat kak tinaa yang pinter baik slalu menjaga diri ini dan belakangan liat kak tino ada bahas tentang percintaan ternyata mau nikahhh😍 selamat kak tinoooo dan bang fikiiii😍💓 semakin bahagia ya kliann",0,tiktok
"Makanya jangan sok eksis, nggak ada yang peduli",1,cyberbullying_1000
"""Maju trus ya sayang.. abaikan orang2 yg comment menyakitkan""",0,tiktok_v2
hokkk cuh,1,tiktok
disamain muka rosameldianti_ orang oi mintanya disamain babi,1,relabel
"""anjing kecil itu menggigit sandal saya""",0,manual_augmentation
Nih beneran admin akun resmi? ?? Coba donk pak USER kasih training dulu ttg ekonomi biar gak asal tweet. Admin goblok mempengaruhi citra partai loh ??,1,fn_hatespeech_id
"USER USER Sama gincu aja ga berani, dasar banci'",1,fn_hatespeech_id
malu anjing pakai ojek tuh bayarnya pakai gopay,0,relabel
disaat serius nya main main disaat main main nya serius dasar cinta monyet,0,relabel
USER USER Yang perek kan ibu lo.. gimana sih.. pasti sdh dool ya',1,fn_hatespeech_id
"Lo nggak bisa apa-apa, emang udah takdirnya",1,cyberbullying_1000
"""Manis banget mbak gigi.. Masya Allah.. hamil semakin bersinar..""",0,tiktok_v2
Biar Allah turunkan balasan pada orang-orang partai pendukung jokowi yang suka zalimi orang lain yang tidak bersalah,1,fn_hatespeech_id
sekian foto diposting cantik,0,relabel
"Hands Ko Buntung ,, Hey Maid",1,dataset_research
Sma indo jg bang...klo ortu y berkuasa....gengsi mengakui bhwa ank y berslh....dn seorng ank yg ortu y menjbt...berasa pling ats!!!! Tp klo ortu yg bs menundukkn kpla dn blng maaf tu bkn pngecut tp satria yg hrs mengakui sya mendidk y kurng tegs bgtu....tp tu jrang bgi yg beruang!!!!! Krna mrk gila hormat!!!!!!,1,
"Dilihat dari mukanya aja udah keliatan muka muka ngeselin , tapok pakai sendal wes jangan mau damai",1,
IT'S 2025 AND YOUTUBE COMMENTED I WAS HERE!!!!!,0,
kultur kerja kaya gini saya bagus si tidak kapitalis sekali petingginya kerja ngevlog endors semoga gaji tidak senjang si haha,0,relabel
"buset, rame banget jalanan pagi ini",0,manual_augmentation
RT USER USER Baik baik jokowi dia anti Islam,1,fn_hatespeech_id
"wkwk bukannya makin bagus malah makin keliatan tololnya cuy kalo ditutup-tutupin begini, masa yang bener harus minta maaf kocak 😂",0,
udah bang ????????,0,dataset_research
So ganteng lu bravy!!!,1,tiktok
gak usah di masukin berita yang ke gini mahh sombong nya ke lebihan so banget sih jadi orang??,1,dataset_research
USER Cewe gila. Sinting. Freak',1,fn_hatespeech_id
Kurang lebih sama dengan Indonesia,1,
saya lihat babi hutan berlari di kebun,0,manual_augmentation
"""aku tampak pucat dan aneh di video tadi""",0,manual_augmentation
dia pikir kita sebodoh pendukungnya!. 😩,1,tiktok
dalam tubuh frank ocean apaansih anjing suaranya bagus sekali nangis 7 malam,0,relabel
emng rebecca siapa si?,0,dataset_research
"""mukaku tampak capek sekali habis perjalanan""",0,manual_augmentation
ustad cabul anjing,1,tiktok
"Pantesan pada marah warga sana, kerjaan begitu",0,
"""gila, luas banget lapangannya""",0,manual_augmentation
Baju elit gaji sulit,0,dataset_research
"bedanya BKA sekarang udah mulai2 berbenah kak semenjak kim dong moon (mantan pemain korea) naik gantiin kim taek gyu (ketua BKA yang bermasalah sama ASY) sejak januari 2025. selama dia megang BKA, beberapa tuntutan yang disuarain sama ASY mulai dikabulin salah satunya soal sponsor pribadi. sekarang pemain korea kan gak semuanya pake raket yonex. ada yang stay pake yonex, ada yang pake victor, ada yang pake lining, dsb. ya meskipun masih banyak yang kurang2, at least udah mulai bergerak ke arah yang lebih baik lagi. harus diakui bahkan kim dong moon-nya sendiri ngomong dia butuh waktu buat benerin bobrok BKA karena apa yang disuarain sama ASY itu hasil kebobrokan di kepengurusan2 sebelumnya. trus sama mereka udah berani bawa pulang park joo bong yang egonya setinggi itu trus sempet ngeluarin statement kalo dia merasa dikecewain sama BKA, makanya dia bisa sukses besar di malaysia sama jepang. dan skala keribetan problem BKA pas itu gak sekompleks problem KFA karena petinggi2nya BKA yang lama adalah orang2 yang cuma mau cari untung aja tanpa mau denger sisi atlet nah KFA ini tuh gimana ya. masalah mereka tuh udah kelewat kompleks. korupsi, nepotisme, belom lagi pake kartu sakti FIFA meskipun udah sempet diselidikin sama kemenpora sana tahun 2024. belom lagi ketuanya itu konglomerat yang kalo sampe berurusan sama dia ribet urusannya. bahkan saking saktinya chung mong gyu, ketua KSOC (ryu seung min) sampe hati2 banget kalo udah ngomong soal KFA. jadinya ya performance mereka di pildun ini emang jadi impact bobroknya KFA ini terlepas mereka pas kualifikasi pun emang gak meyakinkan",0,
"""babi ternak itu sedang diperiksa dokter hewan""",0,manual_augmentation
"""Woy Lutfi asu , sok asik Lo ANJING !""",1,tiktok_v2
orang kyk gini cocoknya jadi umpan buaya,1,dataset_research
USER Woi kecoa lu bisa baca dari atas? Jangan terlalu dungu ya dasar kecoa..\xf0\x9f\x98\x85',1,fn_hatespeech_id
Bener kata orang orang masyarakat korea itu rasis mereka bisa berperan baik d depan layar dan tiba tiba jahat d stuasi yg berbeda bnr dah intinya kebanyakan drakor doang😂,1,
ngancengan,1,tiktok
USER selamat datang setan',1,fn_hatespeech_id
bandingin lagu go internasional ngena saya seru enak didengar tidak biasa agnes tidak bumbu indonesianya kaya batik begitu,0,relabel
"gaakan ada artinya, toh yang kemarin di nonaktifkan udah bisa ngejabat lagi kan? dibilang warga kita itu coward, masih cuek sama ginian, mereka mana takut.ðŸ˜®â€ðŸ’¨",0,tiktok_v2
"Namanya sepak bola, pelatih jg manusia biasa, suruh sempurna yaa gk bisa, masa mau menang terus, Korea🇰🇷 mau main sepak bola sehebat apapun tetep aja ada kelemahan, diatas langit masih ada langit",0,
USER NJING NAJIS BGT MINO JELE',1,fn_hatespeech_id
"patut dipertanyakan ke dosen nya, selain attitude, tanda baca, penulisan nyaa pun acakkadul",0,tiktok
Percuma ke bioskop tapi ada yang mewing anjir🗿,1,
"Efek bullying itu sangat memprihatinkan terutama pada korban dan keluarga baik mental dan psikologis, mungkin pelaku perundungan bisa dihukum berat minimal disuntik mati atau dimasukan penangkaran buaya.",0,
USER USER Bego ah budek \xf0\x9f\x98\x91',1,fn_hatespeech_id
#wargapribumiasli ternyata tenaga ilegal TKA sdh merambah keseluruh pelosok nusantara. Termasuk di NTB\n\nWASPADALAH!!!!!!!!!!! WASPADALAH!!!!!!!!!!!\n\n#GERGAJI \n#2019GantiPresiden URL,1,fn_hatespeech_id
Udah nahan buat No Comment tapiiiiiiiiiiii ih anjir kesel KAGA BERSYUKUR BANGET!!! Ga beda jauh sama si ðŸ¼ bjiirrrr lah fak kata gue teh,1,tiktok_v2
"USER Tetap aja SALAH dimata bani kampret.. katanya tinggal tunggu kontrak abis, jadi msh ada peluang nyolong klo JKW ga 2 periode, diperpanjang lg kontraknya, makin tebellah kantong2 tikus berdasi'",1,fn_hatespeech_id
Rabu kliwon mba haha ??maap,1,dataset_research
PAS naik untuk meminta pengampunan,1,dataset_research
suu kyi antek komunis?USER: Sindir Suu Kyi Duterte: Menang Nobel Perdamaian,1,fn_hatespeech_id
Injek mukanya bu,1,
Ingat gak dengan demo teroris botak Myanmar arah nya mau turunkan jokowi,1,fn_hatespeech_id
"dosen babi, pengen liat gue mukanya",1,tiktok
bagus buk.. baru tau rasa ya kamu.. saya dari malaysia.. pembuli tidak harus dibagi muka.. anak kecil atau org tua perlu diberi pelajaran supaya tidak diulangi.. saya sangat benci pembuli!!!,1,
udah kasian bjirrr pen ikut buli tp komenny bgni semua ??,0,dataset_research
ngerusak sabtu pagi ku,0,dataset_research
habis beli monyet mukanya mantan kamu,0,relabel
mntap pak ambil aja negeri ini buat pak projo,0,tiktok
Anyone else just get Rick Rolled in 2026?,0,
RT USER USER USER kalau prabowo yg presiden tanpa istri bisa-bisa Indonesia hancur,1,fn_hatespeech_id
cari amannn....,0,tiktok
USER USER Sontoloyo\nCebong mendem aja sono',1,fn_hatespeech_id
"semua federasi pasti ada buruknya, yang taukan cuma warganya, masak warga luar tau keburukan federasi lain",0,
USER USER USER Hebat ya.\n Jokowi idola mentri termuda di Malaysia ini.. kampret &amp;onta mlh disini mencibir prestasi Presiden.',1,fn_hatespeech_id
"""monyet kecil itu memanjat pagar taman""",0,manual_augmentation
raut mukanya saja sudah orang kalah judi makan enak,1,relabel
aku kelihatan berantakan banget habis kehujanan,0,manual_augmentation
RT USER: USER Puisi Sukmawati puisi sang iblis',1,fn_hatespeech_id
"mas joko br 3 th kelakuan sdh mulai otoriter,gmn 32 th, bs hbs rakyat sperti rezim sadam, khadafi atau as sisi,mk nya hrs selalu diingatin bro",1,fn_hatespeech_id
WHATTTTTT ??????? TINANDROSE ????? SIAPA SANGKA 🥹🥹🥹🥹 PASTI FIKI SENENG BANGET 🥹🥹🥹,0,tiktok
"Jngn kan org tua nya,gw aja yg bkn siapa2 nya dia ikut kesel klo ktmu org2 kyak gt",1,
"""Cantik, pintar bertalenta, ortu mana yg gak kepengen punya anak kyk mba maudy""",0,tiktok_v2
"USER Elu,omong apa culun??'",1,fn_hatespeech_id
"USER woy sat, budek ya lo'",1,fn_hatespeech_id
Penista Agama menjadi Santri Kehormatan.Yang kasih ini ke ahok otaknya perlu direparasi.Demi Pulkada nama Santri yg baik kailan jual belikan,1,fn_hatespeech_id
"sy sarankan u/ orang tua...ajarkan anak"" kita cewe apa cowo untuk berlatih ilmu beladiri...baik untuk olah raga..melatih mental...❤",0,
Jokowi super busuk serta licik tidak ada malu sama sekali,1,fn_hatespeech_id
USER Klu rezim sdh berganti saja pulang. anti islam gak bisa dipercaya.,1,fn_hatespeech_id
"Muka: *saya salah apa?* Hati: yes, saya dibela",1,
"Sama Seperti di konoha banyak banget kasus seperti itu,",1,
"Nak..kamu lihat ""ISTANA"" di sebrang sana..?; BerDoa'lah bersama Ayah dan rakyat semuanya Nak....; Semoga Tahun Depan Pemimpin yg sekarang tinggal di sana....; Pulang ke kampung halamanya tidak lagi tinggal di sana..; #2019GantiPresiden",1,fn_hatespeech_id
"USER Giliran berita yg kayak gini para cebonk bermunculan dr kolam, tp kemarin saat presiden kita dihina kalian para cebonk pura2 tuli dan bisu,,, ternyata cinta kalian palsu..'",1,fn_hatespeech_id
"""oi babi gue bunuh lu kalau sampai kelihatan sumpah""",1,tiktok_v2
Auto unfoll so cakep biasa aja padahal banyak gaya selingkuh,1,tiktok
"tidak bela inara tapi inara langsung klarifikasi dan tidak ada bukti apapun, cuma asumsi bininya aja. beda dengan jule yang sudah  terbukti vidio sudah kesebar kemana mana.",0,tiktok
udah ah gak percaya ama tasyi??,0,dataset_research
umat agama islam dijakarta sangat haram dan sangat najis sekali dengan ahok kafir kristen...,1,fn_hatespeech_id
"""SIKAP MU LEBIH NAJIS DARIPADA LUDAH ANJING!""",1,tiktok_v2
di lupa rekam jejaknya 🤣☺️🤣,1,tiktok
Relawan apa kelompok penjilat?,1,tiktok
Remove ads from this video so we can rickroll,0,
USER mata gue picek sama dia yg pake koma koma',1,fn_hatespeech_id
Lo tuh weak gak bisa apa-apa useless banget,1,codemixed
Unnellah,0,dataset_research
"Ini yng melerai ampe 3 org,si ibu korban&cuma seorang diri,woyy dimana otak kalian korban ga boleh membela diri,protes gitu!!!",1,
ini wednesday versi rabu pahing??,1,dataset_research
Si numpang tenar,1,tiktok
muka saja didempul ketiak,1,relabel
Ngakankkk,0,dataset_research
relawan itu pundi nya cari uang aja,0,tiktok
Mereka tidak tertarik melihat KORUPTOR BLBI yg pelaku2nya Taipan binaan KOMUNIS CHINA dan mitra nya MEGAWATI SP,1,fn_hatespeech_id
USER USER USER USER USER BACOT APA SIH LUH CEBONG BANGSAD.',1,fn_hatespeech_id
Apa gunanya dpr kok tega banget ðŸ’”,0,tiktok_v2
"semua wanita cantik dengan warna kulitnya masing-masing,so beautiful ka namira",0,tiktok
USER Klo manusia kapir twit nya spt ini \xf0\x9f\x91\x86',1,fn_hatespeech_id
agak laen ni org mw ngalahin cepmek,0,dataset_research
Congore adalah masalahnya,1,dataset_research
"Ternyata di semua sepakbola pasti ada mafia nya.. kita tau bgt rasanya kecewa,sama seperti warga Indonesia yg kecewa ketika pssi memilih patrick kluivert yg bnr” 0 strategi.",1,
Percuma kalian sekolah tinggi-tinggi orang tua yang ekonominya menegah kebawah banting tulang berjuang banyak biaya hanya untuk anak nya bisa sukses. sedangkan masuk kerja hanya butuh ORDAL (orang dalam) doang 😢😢😢,0,
lu gnteng klo gak senyum,1,dataset_research
username malu tuh kerudung sayang ibadah nya sholat saja daripada nyinyirin orang dandanan sudah sok suci mulut nya kaya sampah,0,relabel
"""Hati-hati mody jangan keluar sendirian jaga-jaga serangan brutal rasisme, wajahmu sekilas mirip onnie2 korea. Tetap waspada""",0,tiktok_v2
Negara paling rasis dalam hal apapun adalah 🇰🇷,1,
"banyak yg cari makan bu, disitu ada lumbung makanan disitu semut berdatangan",0,tiktok
"""Anjing sekarang hebat ya, bisa pake kacamata""",1,tiktok_v2
Jgn pernah memilih pemimpin penuh kecurangan seperti ini; #BalikinKeSolo; #BalikinKeSolo,1,fn_hatespeech_id
beli monyet seperti george di mana ya asyik kali ya monyet,0,relabel
Berita Fit,0,dataset_research
"kalo emg pernikahan mereka karna perjodohan, sebaik apapun pasangan kalo emng masih mau bebas ya ttp mau bebas guys🙂 ga semua nya bisa di samakan🙂🙏",1,tiktok
Aku. Hari. Sabtu. Kemarenya. Lagi kebioskop. Sama. Temen temen. Nonton video Neira kanjera ❤🎉😊,0,
"Kesalahan terbesarmu adalah kini yg kamu hujat sdh tak bernyawa nak, dan entah bagaimana dgn hati orang tua, keluarga yg telah kamu buat hancur utk seumur hidup.",0,tiktok
Fauzan semangat ya...di tunggu kabar/berita selanjutnya dari c mbak yg menghina...pantasnya diapakan ni perempuan...,1,
USER LEBIH SATRIA ANIES SANDI MUNDUR,1,fn_hatespeech_id
"""Ka cipa tu uda cantik, baik, manis bgt pula, manisnya tu nglebihin gula""",0,tiktok_v2
RT USER seperti wkt sby naikin bbm.pada demo tuh makhluk..tp skrg mana pendemo ya pake jargon wong licik itu gak ada yg danain ya gada.,1,fn_hatespeech_id
anjing memang ganggu ya gonggong huf,0,relabel
sudah cantik agak gesrek ya kelebihannya semangat produktif,0,relabel
USER Oh kamu dasar bajingan',1,fn_hatespeech_id
Kenapa begitu populer aku blur x mengerti mksd hg,0,dataset_research
_dy1412 buset cantik diedit saja mba coba sudah aslinya sudah mirip buntelan kentut,1,relabel
nyari kerja skrg susah 😅😅😅,0,tiktok
USER USER USER USER USER USER USER USER USER USER USER USER USER USER USER USER USER USER USER USER USER USER USER,1,fn_hatespeech_id
"""Muka cantik tanpa make up hini, bahagia bgt kali ya yg jadi suaminya, bisa liat bidadari setiap harinya.""",0,tiktok_v2
"jelek,tolol,bego,hidup lagiðŸ˜‚",1,tiktok_v2
Orang Korea kalau hujat ga main2 langsung di depan orangnya kalau orang Indonesia masih di medsos,0,
"""Mukanya kayak lagi ngeden pas boker""",1,tiktok_v2
"""Maap ye?muke lu udh jelek kaga usah sok selingkuh,cakepan anjing gua noh""",1,tiktok_v2
"Si janda kembali nyebar hoax dgn gagahnya, tapi culunnya tep muncul melebihi gaya gagahnya. Kesimpulannya, janda culun\xf0\x9f\x98\x81\xf0\x9f\x98\x81\xf0\x9f\x91\x8d'",1,fn_hatespeech_id
cape syi cape,1,dataset_research
cantik banget ciii😍,0,tiktok
"❤🇲🇨 YA ALLAH LINDUNGILAH BANGSA INI DARI KEJAHATAN DOSA/KEBODOHAN, Sdr RH YANG TIDAK DISADARINYA.! LENYAPKANLAH SEGERA ""KEZALIMAN sdr RH INI""..AMIIN..! ❤🇲🇨🤲",1,
Npd gk sih klw gt,1,dataset_research
lu ga di ajak,1,dataset_research
Proses hukum.....biar Dia tau rasa,1,tiktok
YouTube?! You here too??,0,
USER Sesama bani bahlul mrmang ngumpulnya sama\xf0\x9f\x98\x82 #pekok',1,fn_hatespeech_id
Auto unfoll🙏🏻,1,tiktok
"😂😂😂mang PD bego para FANSX...diliatx baik, sumbang sana sini...kita liat aja endingx",1,
PKS Khawatir jika Jokowi Mulai Tancap Gas Buat pemilihan presiden PKSkhawatir URL cuma bisa ngomong doang. mamam.,1,fn_hatespeech_id
Lho anak ini muka jelek begitu kog bisa2nya membully teman sekolahnya,0,
astaga mba malu diliat tetangga auratnya dijaga!!!!!,0,dataset_research
"Ga aman dipegang kacung babu asing ,mawoooot semuanya'",1,fn_hatespeech_id
Apapun tema yg menjadi debat dan saling berlawanan adalah kelompok FPI bumi datar kelompok pro Prabowo,1,fn_hatespeech_id
eh tahu ni anjing kamu,0,relabel
pdhl body chacu bgus bgttt tpi knpa gaunnya harus ituu😭😭😭,1,tiktok
saya liat monyet membantu orang tua mengambil barang,0,relabel
"cakepan bridesmaid nya, maaf aku mewakilin kalian semua",1,tiktok
"USER Tabayyun sebelum ngomyang..cocot busuk lol dipelihara, memaikan isu SARA kok bangga'",1,fn_hatespeech_id
"Mantap Bu,laporkan ke Polisi biar si masukkan sel",1,
RT USER Pribumi harus tolak etnis cina jadi pemimpin di indonesia jgn di adu dgn pancasila atau bhineka..,1,fn_hatespeech_id
Udah jelek sifatpun sifat binatang,1,
USER budha kafir teroris,1,fn_hatespeech_id
orang kaya mah gitu??,0,dataset_research
Harus nya cek daftar pengunjung mom siapa aja langganan nya🫢,1,tiktok
USER USER USER USER USER USER USER USER Yang teriak susah pasti gak dapet jawabannya..dan lo gak bisa jawab kan?\nSimpel kok..\nDungu sok pinter mah kebaca bong!\xf0\x9f\x98\x82\xf0\x9f\x98\x82\nK,1,fn_hatespeech_id
"""Napa lu balik dari penjara sih?""",1,tiktok_v2
"""sepatu ini bikin penampilanku terlihat aneh""",0,manual_augmentation
lobang idung ngga sinkron itu,1,dataset_research
USER USER USER USER USER USER USER USER matalu picek',1,fn_hatespeech_id
"""Jangan patah semngat kak sukses terus""",0,tiktok_v2
"Kerjakan hobi, menyegarkan pikiran yang penat",0,cyberbullying_1000
kontrak selesai dan mission failed 😬😅,0,tiktok
hua senang sangat kemarin 35 menitan tetapi senang liat isyan adaptasi kebiasaan baruku semoga teratur maemnya ditunggu karya kaka,0,relabel
USER USER KAMU LAH HOMO YG PALING SIAL BAJINGAN GOBLOK...KALAU TERLALU GIAN KAMU AMPUT ANJING DITEPI JALAN TU.....SEMOGA KAMU TERIMA BALASAN NYA NANTI...',1,fn_hatespeech_id
anjir bangsat kamu,1,relabel
"Bercanda doang bos, jangan baper",0,fn_fp_reduction
biar miskin tp ga jd antek asing dan aseng,1,fn_hatespeech_id
ikutan happy sukakkk sangat sama nih couple salah pasangan sempurna saya,0,relabel
Sama aku kapan,0,dataset_research
semakin dihujat isu miring perceraian cinta mereka makin kuat. dan semakin kokoh,0,tiktok
Saya menerima pernikahannya dengan mas kawin pembacaan al fatihah calon istri kami akan menikah dengan saya untuk memberi al gemuk,1,dataset_research
"""Sekilas yg abu mirip ariana grande haha""",0,tiktok_v2
"Gedek banget SMA ibu2 yg ngoceh "" ad guru disanan , damaikan saja, namanya anak2 "" Gila apa ini nyawa GK mikir pantes anaknya bis abullying gtu.",0,
malah kayak tamu undangan bukan pengantin😭,1,tiktok
"""petani kehilangan panen akibat babi hutan""",0,manual_augmentation
Relawan itu pabrik yg memproduksi hoaks dan digaji dg bansos. Sumber dananya berasal hasil kumpulan para koruptor yg dikelola oleh Mulyono.,1,tiktok
"Selama Mukidi berkuasa, orang spt FA, Kodat, Bopeng, Nathan, dkk dijamin aman.; #2019GantiPresiden",1,fn_hatespeech_id
Memang babi tu pelakunya,1,
"Judol berhenti setelah budi arie berhenti jdi menteri, logikanya judol itu berhenti karena gak ada lagi Backup dari Budi Arie jangan-jangan😂",0,tiktok
Saya Lagi Menunggu ADEGAN PELEMPARAN TELUR BUSUK Terulang Kembali Bang 🤣🤣🤣 Jadi Ingat Kisah Nya COACH SHIN TAE YONG Di Piala Dunia 2018 Rusia Setelah Kalah 2 Pertandingan Awal Dan Hanya Menang Melawan Jerman Di Match Ke 3 Grub Tsb 🙏🙏🙏 ALHASIL SHIN TAE YONG Di Lempari Telur BUSUK Dari SUPPORTER TAEGUK WARRIOR 🤣🤣🤣,1,
"USER Sungguh""rezim KOPLAK..indonesia sedang sekarat..umat muslim sdg di pilah""oleh Allah SWT..antara golongan muslimin dan munafiqun.",1,fn_hatespeech_id
kaya nya gajahnya merasakan aura positif nya mb gigi sumringah juga gajahnya loo,0,relabel
"Nah iki lho promo film,e dewe😂😂",1,
projudol,1,tiktok
mang ngape kalau lagi bunting (brondong nanya dengan nada lembut) 🗿,0,tiktok
babi ternak perlu kandang yang bersih,0,manual_augmentation
"""mukak lu lebih buruk daripada anjing lu""",1,tiktok_v2
bayu rada rada,1,dataset_research
karma is real ..pesona netijen dilawan makanya jangan sok keras lo,1,
"pantesan negara ini terus terusan BODOH, GOUBLOG dan DUNGU, ternyata bos bos PEJABAT PEJABAT negara isi nya manusia manusia seperti ini, ujung ujungnya KORUPSI. !!!!!!! 🇮🇩🇮🇩🇮🇩",1,
ibu ini pinter cerdas..dr pada mulyono mulyonoðŸ¤£ðŸ¤£,0,tiktok_v2
kok jdi kek Lina Mukherjee ðŸ˜ŒðŸ˜Œ,1,tiktok_v2
ih ko melet2 si kaya hewan saja wkwkwkwk,1,relabel
plisss carilah pekerjaan dengan cara bermartabat!!!ðŸ™ðŸ™ðŸ™ðŸ™,0,tiktok_v2
"Pak USER sbg Muslim Anda harus diintrogasi, mengatakan Tuhan menciptakan segala sesuatunya berpasangan",1,fn_hatespeech_id
USER mampus lu kunyuk',1,fn_hatespeech_id
USER USER USER Lo bilang otak gue belatung bersarang?? Ahhh! Ehhh banci!! Bukannya itu isi otak dan hati lo.. isinya belatung bangke karena kebencian akut lo!! \xf0\x9f\xa4\xae\xf0\x9f\xa4\xae\xf0\x9f\xa4\xae\xf0\x9f\xa4\xae',1,fn_hatespeech_id
Kalo aku bacanya sih emang kamu yang ngetik ga jelas wkwkwk,0,dataset_research
Baru pernah liat orang resepsi seleranya kureng bgt maap😭🙏🏻,1,tiktok
@Milan X6 Absen 1: paling ga bisa klo soal babi,1,dataset_research
"""kata babi pada paragraf itu konteksnya peternakan""",0,manual_augmentation
Takut,0,dataset_research
kamu berhasil membuatku tersenyum terima kasih,0,relabel
tidak lihat ka isyana live benar panggung tetapi terpesona sangat ama live virtual asli keren,0,relabel
RT USER Teruslah Nuduh USER PKI Jkw anti Islam rkyt gk Ada yg percaya.Kl mau kampanye contohlah USERUSER USER,1,fn_hatespeech_id
semangat ya eyang habibie sehat dalam lindungan allah ambisinya kuat dalam kereeeennnnn semoga banyak penurus2 bangsa seperti eyang habibie,0,relabel
kek gerah banget liat nya😭,1,tiktok
sehat2 Neng 😇🩵,0,tiktok
bela jokowi lah bos,0,tiktok
pling ga bs klo soal kambing,1,dataset_research
banyakan komennya,0,dataset_research
mba drpd dugem trs mending duitnya dipake perawatan dah,0,dataset_research
"""G bole melet dosaa rik""",0,tiktok_v2
"""aku kelihatan jelek di foto karena lampunya redup""",0,manual_augmentation
Tampang lo bikin sick mau muntah liat muka lo,1,codemixed
"Nyalinya Gubernur Indonesia teruji kembali,Beliau berani melawan konglomerat2 hitam, sdgkan Gubernur sblmnya hanya berani pada rakyat kecil yg tdk berdaya #2019GantiPresiden;",1,fn_hatespeech_id
"USER JAUH BANGET ANJER. morgan mukanya soft (IYAAAAA), june mukanya brengsek'",1,fn_hatespeech_id
woyy anjing tolol terus kontolku,1,relabel
miris bgt yg komen padahal sesama perempuan loh.. dimana letak women support women nyaa???.. sehat sehat deh kalian😌,0,tiktok
"Mereka aja ke org barat rasis juga kak, mereka cuma sukanya yg kulit putih + muka sesuai tipe korsel yg innocent cute2 gitu, klo dikasih yg kayak kendal jenner juga kurang suka",1,
lebih muda mamak dia di banding dia maaf haa cinta tapi emang iyaðŸ˜Œ,1,tiktok_v2
Ngabalin jilid 2ðŸ—¿,0,tiktok_v2
circle problemmatic,1,tiktok
Proses masukin kepenjara,1,
USER USER USER Penjilat pantat aseng.',1,fn_hatespeech_id
kereennnn bully an netizen menjadikanmu belajar,0,relabel
"Kata USER nggak ngaruh. Begitu nggak lolos PT baru nyesal, mengapa jadi Partai semangka ?; #IniBaruWow; #2019GantiPresiden",1,fn_hatespeech_id
"USER USER Matamu picek, cukk..\nOra delok prestasli pak jokowi..\n\nGuoblokkk..!!\nTolol....!!'",1,fn_hatespeech_id
Quel belle histoire d'amour 💖,0,
"Pertemukan dgn orang tua nya juga, biar di tempeleng aja mulut busuknya para banci itu",1,
Ada penjual yang memberitahu Anda untuk memegang lubang kecil dan bertahan selama 30 hari saya dh nk selama 3 bulan x hb,0,dataset_research
Ashik host host Bronis dahnlengkap 4 org seru banget pa LG kak igun skrg tambah kurus cakep ganteng keren kak igun,0,
hahahahhaha itu bukan kayak kulit Erika kalau kulit Erika hitam tapi bagus kalau ini sedikit ya tau lah ya😂😂😂😂,1,tiktok
saya sebagai rayat biasa sakit hati dengan ucapan si ciptaning sudah menebar fitnah pada suharto yang saya hormati,0,tiktok
"Semangattt bang ngonten nya, aku selalu menunggu",0,
"15:30 jujur mas hansol waktu pertandingan ini aku lagi nobar sama suami, memang sayang banget son heung min malah ngga masuk starting 11 korea, dimasukkan di menit akhir bener-bener suruh ngejar point dan yang paling kerasa waktu son masuk permainan korea lebih menyerang dan menekan sayang banget kenapa ngga dari awal saja begini, soalnya bener-bener butuh point kalau ngga salah korea saat itu karena sudah kalah lawan meksiko sebelumya 😢",0,
jago bgt aktingnyaðŸ¤£,1,tiktok_v2
"""bangsat, aku malah lupa password sendiri""",1,manual_augmentation
Mereka bukan relawan tapi ketua dan dan wakil serta jajaran nya pengemis jabatan lalu pengikut nya pencari nasi bungkus,1,tiktok
Jangan memposting VT sebelum mandi,1,dataset_research
"Ustadz dan Ulama Bicara Politik Dibully Diminta Berhenti.; Anggota Parlemen Kritik, Dimaki2 Dibilang Group Sakit Hati.; Tokoh Nasional Kritik, Dibunuh Karakternya.; Pejabat Aktif Rajin Kritik Dipecat.; Terus ""Penjilat"" Saja yg Boleh Bicara Politik MENYANJU",1,fn_hatespeech_id
iya bang keren tapi janji ya ini video terakhir,0,dataset_research
pdhl cantikan dulu,1,tiktok
username hahahaaaa terus saya kamu tolol pakai tanya kador bencong tidak belum kenal wkwkwkwkw eh orang juga nilai si kador bencong benar dari gerak gerik melambay suara ngondek pakai baju cewek nyaman cowok itu,0,relabel
xrickolim smngat terus bro tiada manusia yang sempurna kamu bangkit n gbu keepstrong,0,relabel
"Algoritma nya sama dengan pemberhentian STY , kemungkinan petinggi KFA ada yang satu circle sama mafia sepakbola Asia dan Indonesia. Fix di pastikan, no debat.",1,
semangat mel bahasa asing mah berani entarnya,0,relabel
ketipu beneran…,1,
new jersey department of corrections melatih anjing mengendus ponsel tersembunyi,0,relabel
bayangin dulu kalau aku yang begitu belum nikah .. kayaknya mulut tetanggaku sekarang udah muter 180 derajat,0,dataset_research
Ya Alllah,0,dataset_research
"""Mbak mell sehat dan sukses ya""",0,tiktok_v2
jalanan kota ini seperti hutan karena terlalu ramai dan semrawut,0,manual_augmentation
mbak mell sehat sukses ya,0,relabel
Baguslah sudah pada bangga dengan sebutan cebong.',1,fn_hatespeech_id
bangsat si tai wkwk,1,relabel
saya kamu berkarya perbaiki tinggalkan yang negatif terlambat tetap orang yang hebat bahagia xrickolim,0,relabel
Sangat kejam sebagai mantra 7,1,dataset_research
USER USER Iya pake kendaraan umum aja jablay',1,fn_hatespeech_id
"Masalah federasi setiap negara hampir sama cuman ada yang ketara dan ada yang tertutupi , masalahnya publik korea selalu menghujat dan membuang orang yang mengecewakan mereka cenderung tidak menghargai tanpa melihat kerja keras dan kontribusi orang tersebut contoh Sty dia di buang di cemooh samoai dilempari telur busuk beda halnya saat di indo walaupun juga di buang tapi bukan sama publik tapi sama pihak tertentu saja makanya dia tidak sepenuhnya putus dengan sepak bola indo.",0,
"Penjarakan, kalo gak bisa.. orang tua pelaku penjarakan",1,
Korsel negara yg cukup Rasis Dan cukup kuat sistem ordal nya,1,
USER Apapun dibentuk utk mendukung REZIM PANIK... jangan lupa yaa #2019GantiPresiden',1,fn_hatespeech_id
Saya pernah patah hati pas pelatih shin di pecat. Bahkan sampai sekarang. Ternyata di Korea hampir sama yah kasusnya. Btw Korea gagal ke olimpiade gegara kalah sama Indonesia kan mas Hansol.,0,
"dia gak mau putih guys pilihan dia sendri kok ,tanskin di luar negri kan mahal 🥰",0,tiktok
anjing bgst omongan cowok cowok kumpul ehh tidak kebanyakan teman begitu si iya,0,relabel
@VedantJJ correct,1,
congrats kak isyan semoga impian impian baiknya terwujud aamiin,0,relabel
"Mas bahas yang kasus di jepang, bunbun di freezer 15 tahun",0,
Jumat malam bersama 2 kawan di dalam mobil menuju sebwah apartemen diurabaya barat B gaes sorry ya Aku dan A k,0,dataset_research
"""Dari sekian banyak foto yang diposting, ini yang paling cantik""",0,tiktok_v2
PLIS merusak ara,0,dataset_research
3 ajg yang tato benar-benar ajg,1,relabel
saya liat monyet bermain hutan lincah,0,relabel
"Edan, harga makanan sekarang mahal banget",0,fn_fp_reduction
"BARU BUKA UDAH ADA MUKA DIA, GAJADI DAH UNMOOD",1,dataset_research
USER USER USER Ustad ini melihatnya pake pantat',1,fn_hatespeech_id
kejahatan pak harto 8% kebaikan pak harto untuk negara Indonesia 90.2% saya rakyat jelata tapi sangat merasa nyaman waktu beliau jadi presiden🥰,0,tiktok
"""warna jaket itu aneh kalau dipakai malam hari""",0,manual_augmentation
"""Gw kesini pengen liat babang ini.. Sumpah feeling gw bener.. Mirip banget ama Reynhard Sinaga""",0,tiktok_v2
"Brijing mu aluss massss, lanjooottttt, sukses terus mas hansol",1,
"USER Ade ustad yg otaknye nangkring di dengkul sampai susah jalan kalau gak dibantu amplop, tetep dibiarin NgOCEh ngalor kidul.\nAde ustad miara jenggot bandot, doyannya jd provokator, nyantai2 aja die, gak diapa-apain.\nAde ustad perutnye bun",1,fn_hatespeech_id
matanya mirip katarak anjir ahahah,1,relabel
"si kunyuk makin gak jelas lama lama twitnya menggenapka generalisasi kaumnya , bacot tanpa mutu seperti yg sudah terlihat 2th terakhir disini.... sarap'",1,fn_hatespeech_id
Baby face begini dibilang aki aki😭,0,tiktok
"secantik inii masih aja di hujat, heran ya. dia juga manusia, pantas bahagia ga harus selalu terpuruk dari kesedihan",0,tiktok
Ina saja masih WDTV,0,dataset_research
RT USER: USER USER USER gimana dengan junjungan lu .. jam 1 bilang gebuk .. jam 1.15 jangan ada sweping PKI...,1,fn_hatespeech_id
EANJINK AWAS AJA SAMPE SI BIRU2 ITU BAWA ORANG KE BACKSTAGE GUA SLEPET PAKE AHGABONG BODO',1,fn_hatespeech_id
cantik sekali kalau meldi muka natural kek gini,0,relabel
USER USER Bong dungu.. Cuma video 31 detik langsung ambil kesimpulan.. Kagak heran dah klo lu d sbut dungu sekolam..',1,fn_hatespeech_id
maafin saja bro orang kesalahan kesalahan nasehatin saja tahu berubah,0,relabel
"""Semakin glowing say? natural kayak gini bagus tambahin prestasi nya ya say""",0,tiktok_v2
"""Entah knp liat muka BG Eric sekarang kaya enak gitu .. dari pada yg dulu""",0,tiktok_v2
"maaf kayaknya hamil ya, aura bumil",1,tiktok
"Gini aku dulu pernah di bully dan itu pas tk sampai sd aku lapor ke guru percuma nanti kalok ketahuan bilang ke guru di pukulin lagi bilang ke orang tua juga gak berani, dan ini solusi aja fikiran ku waktu itu aku di pukul aku juga harus pukul dan jika di fikir² kalok diem aja pembully pasti akan makin seneng kalok kita dem jadi harus berani sih kalok mau bebas dari bully kita harus bebas dari belenggu diri kita sendiri maksudnya bebas dari rasa takut yang berlebihan 😊",0,
"Kasian tim korea mereka sudah berjuang mati2an tspi ingat musuh yg mereka hadapi juga bukan tim sembarangan mereka juga ikut kwalifikasi dengan tim2 kuat jadi todak bisa disamakan dengan pemain antar kampung jadi harus sadar kasian pemaon korea yg sudah bermain mati2an mereka sampai lelah berlari jadi kalau lalah iti hal biasa namanya sepakbola pasti ada yg menang dan kalah tali jangan dicaci maki karena mereka sudah berusaha semaksimal mungkin bukan tiduran jadi kita harap jangan dihujat dan dicemooh semua tim korea pelatih dsn ofesialnya kasian mereka sudah herjuang mati2an jadi untuk masarakat korea harus maklum coba kalau main sendiri pasti belum apa2 sudah ngos ngosan kecapaian dan tidak bisa nendang jadi janganlah salahkan semua pemain korea dan pelatih ya namanya pertandingan kalah menang wajar,jika ingin menang sudah main sendiri dan bawa tropi piala dunia tinggal pesan saja ngga usah bertanding",0,
tan skin engga masalah sama sekali tp ada yg bersih ada yg kurang bersih,1,tiktok
OF COURSE WE CAN CONFIRM THAT HE NEVER EVER GONNA GIVE US UP..... AND WE WILL NEVER GONNA GIVE HIM UP~,0,
"""Dari raut mukanya aja udh terlihat seperti org kalah judi dan tidak pernah makan enak""",1,tiktok_v2
"""Cakep kaga jelek iya HAHAH""",1,tiktok_v2
Yang katanya bangga jadi anak pkiâ€¦ makanya benar kata pak harto pki 7 turunan jangan di kasih panggung pemerintahan.. dan ini lah kenyataanya paling pinter maling teriak maling ingat kan tahun 65,1,tiktok_v2
"""Ini buat konten.. masa putus foto tabi sama jessica engga dihapus ?""",0,tiktok_v2
"Kenapa di lerai, kemana aja guru ,sampe murid di aniaya kok diem ,orang tua mana yg gak ngamuk... Waktu anaknya di bully dan di aniaya juga gak ada yg melerai apalagi ngasih sangsi...mana keadilan",1,
tinggal tunggu vidio klarifikasinya yg berpart² dan penuh dg hadis²nya wkwk,0,dataset_research
semangat bang orang ngejudge kamu peduliin,0,relabel
perasaan kemarin lengannya kekar sekali kek petinju sudah begitu ketiaknya hitam difoto lengannya ketiaknya putih kek dibedakin,1,relabel
salut ma bunda username mskipun sambung tetapi sellu jadi orang yang plingbdpan mmbela aurel n azriel dari pra hatters,0,relabel
prestasi pas ????,1,dataset_research
"anjir, ternyata jadwalnya diubah",0,manual_augmentation
saya liat anjing menggonggong pagi,0,relabel
APASIH LO TASYIIII??,0,dataset_research
RT USER: Sebisa mungkin pembangunan Pulau C dan D dilanjutkan Djarot sebelum Oktober nanti Anies-Sandi kuasai Balai Kota.,1,fn_hatespeech_id
yah dah bobo si mark :(((( LAH TRUS KNP CHER ANJIR LO NAJIS',1,fn_hatespeech_id
Full senyum habis wd 55jt bilekk😇😍,0,tiktok
RT USER Yg cinta orba pasti mengidolakan prabowo &amp; hary tanoe :D,1,fn_hatespeech_id
Only took 15 years for YouTube to get rickrolled I guess,0,
Kibinyikin Bicit,1,dataset_research
"""dalam contoh ini kata anjing hanyalah interjeksi""",0,manual_augmentation
setan ma setan mahh memang cocokk udee,1,relabel
Tebak isi pikiran ariel tatum ðŸ˜­,0,tiktok_v2
agak norak kyknya baru pertama kali ke jepang wkwk,1,dataset_research
"minimal ganteng sama tinggi dulu baru nyakitin orang, muka pas pasan nyakitin ga kira kira ,ih di selingkuhin orang jelek sakitnya double sakit hati dan mata anj",1,tiktok
sudah kudugong wkwkw,1,
"Resiko jadi pelatih kalah kalah dihujat, kalau menang disanjung sanjung kasihan donk",0,
selamat ulang mel sudah yah tingkah,0,relabel
MEWASPADAI CINA KOMUNIS YANG ADA DI INDONESIA!,1,fn_hatespeech_id
username please kamu bela pelakor hukuman si muljem karena sudah tega recut suami sahabat menjalani sanksi sosialnya valakor mesti dibenci karena biar tidak valakor indonesia biar musnah sem,0,relabel
"Halah Korea sudah tidak keren, masih lebih keren Tanjung Verde yang bisa hampir mengalahkan juara bertahan Argentina, tidak seperti Korea kalau ketemu tim Amerika latin seperti Brasil dan Argentina yang ada hanya kebantai memang prestasi stagnan gitu-gitu aja, bahkan federasi Korea tidak jauh beda juga 😂😂",0,
"Heran sama xl, lancar terus sinyalnya sklinya buka ml lgsg lag bajingan :( &lt;&gt;'",1,fn_hatespeech_id
Si Wonyong Parat WKWKKWKWKWKWK,1,dataset_research
Berakhirnya masa jabatan Djarot menandai berakhirnya pemerintahan DKI yang bersih transparan profesional. siap-siap... Dibohongin anies sandi URL,1,fn_hatespeech_id
After 5 years of this trend it's still alive ❤❤,0,
puas layanan toko pelayanannya cepat ramah,0,relabel
"gen bapak terlalu kuat rek, jadi maghribðŸ˜¹",1,tiktok_v2
gw trauma Ama yg lugu2 alim gara2 s juleðŸ™‚,1,tiktok_v2
rafathar nya mantull ni pulang tidak jadi menginap karena tidak teman mamany di rumah papany pulangg jadi jagain temani mama ya aa,0,relabel
mampus kamu perek duri2x dunia bajingan eneg habis,1,relabel
Pdhl lebih cantik jdi diri sendiri,0,tiktok
Pasti dia masih babi yang sepertinya tidak ingin aku menikahi kita.,1,dataset_research
USER USER Ngrebut saham? Utang lagi...utang lagi...tukang tipu. Duit utangan trus dipakai utk pencitraan. Soplak bener rezim ini',1,fn_hatespeech_id
Yang suka jahat pas agak tua sedikit kebanyakan jadi gembel/ IRT miskin. Keluarga mereka berantakan dan kebanyakan punya anak cacat penyakitan 😂,1,
CIE Pilih aku kaka nya,1,dataset_research
username suami seumuran mba tuaan alhamdulillah suami tidak kekanak kanakan hehe,0,relabel
USER USER Apa arti pertanyaanmu itu? Jelaskan.. saya tunggu 2 menit ya... ga ada jawaban berati benar lo itu BENCONG gembel warnet.. hahahah....',1,fn_hatespeech_id
Kenapa ya gue punya kakak laki mulutnya lemes banget kek banci yg lagi marah.\n\nMentolo tak guak cangkem e.',1,fn_hatespeech_id
"Jangan ngata ngatain, doain aja yg terbaik buat Jen.",0,tiktok
"Kak sangking lucu nya aku gak bisa ngakak, malah ngikngikkkðŸ˜…ðŸ˜…ðŸ˜…",0,tiktok_v2
lc ketutup sama orang tua nya yang dpr itu,1,tiktok
tai lu semua yg bikin meme kayak gitu. lo tau gak rasanya exhausted kayak gitu karena kecapean? iya gua pernah rasain kayak orang mau mati. Bego dipelihara sampah',1,fn_hatespeech_id
ustad? wow,0,tiktok
"x : Yg dimaksud RG bukan Al Quran; y : yakin? emang Al Quran bukan kitab suci?; x : yakinlah, dia ga maksud gitu; y : ahok juga ga bermaksud menista agama lho; x : WOY GA BISA LAH, BOHONG DIA, DASAR KAPIR...",1,fn_hatespeech_id
Punggung miskin dengan pria dan gadis lain pergi seperti dia tidak boleh memberi perhatian sampai GF -nya membuat pria tidak,1,dataset_research
kalau tahu malu gaakan nge bangsat,1,relabel
suka cukur jembut manggung,1,relabel
"""buset, mahal juga harga tiketnya""",0,manual_augmentation
anjing putih bertengkar,0,relabel
USER Biasa si somad sebenernya pingin ngopi di strabuck..tp ngk bisa..mad somad USER yo ngopi yuuuk....trus entr gw tamparin cocot lu biar tambah monyong...',1,fn_hatespeech_id
Kabinet terbanyak dan tergoblok semua Sepanjang sejarah khonoha atau soul of sosaity,1,
USER USER Umat apaan itu? Umat onta ya? Ustad apa nabi bawa2 umat?? Ustad cangkeman',1,fn_hatespeech_id
username tolol tidak hubungan nya keguguran dengan pakai hijab syar i yang kamu bilang bayi nya kepanasan didalem tidak hubungan nya woyyyy otak jempol kamu tidak singkron sih ya nulis komentar,0,relabel
Aku barusan saja udah nonton di bioskop planet cinema sumpah ada yang bagian bikin kaget yang waktu tantenya Naira pake masker wajah sumpah dedekan aku kasih retin 10/10 bagusssss banget semangat terus❤❤❤❤❤,0,
masuk akal orang bodo di kasi kursi komisaris,1,
"""ANJING gue jg ogah liat muke lu""",1,tiktok_v2
Kakak saya yang berusia 5 tahun pergi ke kamar pasta untuk roti adalah roti adalah kematian yang lebih baik,0,dataset_research
Bahagianya... jakarta sudah kembali seperti yg dulu... Ahok memang tidak layak jadi Gubernur jakarta karena... URL,1,fn_hatespeech_id
KOSONG yg konsistenðŸ‘,1,tiktok_v2
Semoga Allah segera menghancurleburkan kafir Budha teroris yang telah menzalimi kaum Muslim Rohingya.,1,fn_hatespeech_id
rosameldianti_ kakak foto memeknya kelihatan tebal memeknya kakak bengkak yah,1,relabel
Arhan sebaik itu loh kaaâ€¦.,0,tiktok_v2
USER jahudi bangke minta sama jerman sana tempat ibadah',1,fn_hatespeech_id
Banyak artis indonesia kulitnya exsotis mulus 😊 muka pun mulus,0,tiktok
pls lah minimal mikir jadi orang,1,dataset_research
USER Cocot mu....................siapa yg baik harus belajar',1,fn_hatespeech_id
kesal sekali anjing tidak ingat ingat kemarin memikirkan huhhhhhhhhhh gedek sekali,0,relabel
kebanyakan nyabu kurus kamu,1,relabel
"USER Goblog, makanya ilmu itu dipelihara. Otakmu udh usang beneran din?'",1,fn_hatespeech_id
Berisikkkkkk 🤮,1,tiktok
"""kata norak dalam tulisan itu dipakai untuk gaya busana""",0,manual_augmentation
"Wajar seorang ibu cintanya tulus kepada anaknya,apa lagi anak nya di bully pasti orang tua tak terima Karna orang tua merawat dari bayi sampai besar dan buat orang tua korban tuntut si pelaku seberat beratnya.",0,
"Banser kan hobi juga maunya bela kafir.... Makanya si abu janda, apakah bener muslim atau bukan?'",1,fn_hatespeech_id
USER USER Dulu zaman sby gampang korupsi bisa beli mobil dan tanah,1,fn_hatespeech_id
"""gila, panjang banget antreannya""",0,manual_augmentation
Mas update terbaru kasus Jang Yoon gi dong mas,0,
"""Lelaki yg mendapatkan km. Adalah lelaki yg beruntung.""",0,tiktok_v2
"emang minta untuk di nepalkan dpr itu , apalagi si puan",1,tiktok
"pantes badan nya gede, makan uang orang",1,dataset_research
ganti nama jadi dewan perwakilan parpolðŸ˜‚,1,tiktok_v2
Rusak,0,tiktok
HNYA. PRESIDEN SUHARTO YG KAMI RASAKAN KEHIDUPAN BERBANGSA DAN BERNEGARA SESUNGGUHNYA TIDAK ADA PERBEDAAN SUKU RAS AGAMA BHINNEKA TUNGGAL IKA BENAR BENAR DIRASAKAN ðŸ¥° ðŸ’ªðŸ»,0,tiktok_v2
"""sukses selalu yah ka @rosameldianti_ semangat""",0,tiktok_v2
USER balik cepat la setan',1,fn_hatespeech_id
udah tabiatnya orang arab kea gitu wkwkkwkw,0,dataset_research
AYO INDONESIA harus memiliki Jersey/Seragam/Kaos/Polo/Singlet/Baju/Tshirt/Kemeja/Sandhangan id kaos/Heyground kaos/Kemeja batik/Topi/Bucket hat/Beanie hat/Jaket/Sweater/Hoodie/Puffer jacket/Varsity jacket/Waterproof jacket/Celana/Pants/Celana trainning panjang/Sweatpants/Celana sport/Tas/Celana gombrong/Jeans/Celana kantor formal slimfit/Celana Jogger fleece/Celana cargo/Celana chinos/Koper/Sticker/Lamyard/Keychain/Hiasan dinding kamar/Tumbler/Cangkir kopi/Tas serut/Travel bag/Tas slempang/Totebag/Tas ransel/Card holder/Tas sekolah anak/Jam dinding/Dompet/Jam tangan/Kaca mata polarized/Tas slempang bahu/Photocard pemain/Custom notebook spiral logo timnas/Gelang logo timnas/Payung/sepatu/sneaker/sandal/Syal motto resmi timnas/Scarf/Aksesoris/Fashion/Outfit/Life style Paling Terbaik/menarik/Terkeren/Terikonik/Tergagah/modis/stylish/Terkece/Mengangkat Budaya/kearifan lokal INDONESIA. :),0,
"Gerakan hari ini sekadar mengingatkan, kita pernah menentang sistem otoriter.. Jgn sampe nanti gak bsa mengkritik lagi bru menyesal.. USER OTORITER",1,fn_hatespeech_id
Kalian yg wakilkanðŸ™,0,tiktok_v2
"""Namanya juga anak-anak."" Coba kalo dibalik? Pelaku jadi korban, korban jadi pelaku. Sama-sama ga terima, kan? Teruntuk orang tua yang masih bisa berpikir kritis, jangan membela anak yang BERKELAKUAN THOLOL dengan sesamanya. Banyak anak-anak tak mau lagi pergi ke sekolah karna mental yang rusak. Tolong ubah mindsetnya.",1,
kerennnn suaranya bagus,0,relabel
boleh bang mereka binatang liar bg,1,tiktok
anjirlah muka kamu kek kuntilanak sok cantik,1,relabel
Tunggu apa lagi?? Batalkan pelantikan Anies Sandi,1,fn_hatespeech_id
Badan lo tuh obese banget malu-maluin aja,1,codemixed
Akulah si princes gendut,1,dataset_research
"USER USER Briziek lu,.. Salah tempat lu pada tokai onta bani cabul..'",1,fn_hatespeech_id
SDM rendah nyusahin rakyat😂 kalau pinter ngomong doang adek gw juga bisa😂,1,tiktok
"USER USER Saya bukan bani cebong dan bani serbet, masnya ngajak ribut?!'",1,fn_hatespeech_id
masnya butuh pengakuan kalo dia kaya ??,1,dataset_research
"Let’s put the meme aside, this is actually a banging song.",0,
"""Paket lengkap deh.. udh cantik pintar lagi""",0,tiktok_v2
Kasihan banget yu.... Yu jelas gw ditusuk koma 1 tahun hampir mau bundir jadi tulang punggung eh yang bilang dia masih kecil umur segitu di bully HEH gw umur 7 tahun ditusuk sattttttt gw aja gak dibela sama sekali sama siapapun hanya orang tua dan hanya ibu yang dukung ayah gw pemabok berat jadi jangan sok yaaaaaaaaasa su,0,
"""warna furniturnya terlihat aneh di ruangan kecil""",0,manual_augmentation
dia sudah berani keluar lagi karna posisi dia sudah di gantiin sama inara,1,tiktok
RT USER USER Donatur pak jokowi mulai hijrah ke prabowo. Dana pensiunan terancam dipakai nyapres. wakwawww dukung perppu ormas,1,fn_hatespeech_id
kereenn sumpaah kebangetan bagusnya,0,relabel
artis berkualitas wajahnya itulohhh berkualitas sangat hihi cantik bangetsss top deh tidak pakai drama gimick idupnya hihi tajir tetapi sederhana,0,relabel
si lintang juga ngerespon lgi wkwk pdhl dia kan udh punya cwoðŸ˜‚,1,tiktok_v2
Sebagai orang tua pasti bakal ngamuk udah susah cari duit buat biaya sekolah dan kebutuhan anak malah di bully karna pelaku bully mencari korban dari anak orang susah yg susah mencari keadilan di negara bangsat ini.,1,
"""anjing, ternyata file yang benar ada di folder lain""",0,manual_augmentation
Nanti malam ada undangan opening di hungerbelt spazio Temani aku laaaahhh siiisssss,0,dataset_research
pacarnya anggel pietrs kali cowok bocah username yaelah jes terxta kelakuan mu saja seperti ayuting2 hidupmu penuh drama murahan,0,relabel
Ngangong ngagong ternyata sama ajaaa wkwk,1,tiktok
cantik banget loh kulitnya 😭 walaupun ga putih tpi bersih mulus🥰,0,tiktok
How the hell,1,
"Beli trus dibatalin khan Mlah lebih merugikan.itu brand dr Korea belum tau kasusnya mungkin ya,kasihan bentar lagi wargamet menunjukan kreativitas nya disono.warganet udah kehabisan tempat nongkrong,banyak brand yg batalin kontrak",0,
Wajah Arab ???????????????,0,dataset_research
"2011, saya dulunya korban bullying waktu SMP, saya ingat betul mau kesekolah takut dan GK bersemangat,, sampai akhirnya saya minta pindah ke sekolah lain dan dari situ saya lebih semangat pergi kesekolah, untuk orang tua jangan ragu ragu tanyain ke anaknya ya gmn keadaan di sekolah, terutama kalau anak terlihat murung pulang sekolah.",0,
Aura Ladies Club nya kuatðŸ˜‚,1,tiktok_v2
buset gaji magang gue dijepang aja 13 jt an keatas.. klo gtu gue ngumpulin bwt beli motor sendiri aja sekalian..,0,dataset_research
motor elit rumah sulit,0,dataset_research
"Gimana gak kesel coba tipe pelaku nya kek tai kelakuan nya miris apa lagi masuk pesantren sering bolos udah pindah sekolah juga sama ehh tau tau nya buat kriminal,lu pikir keren gitu nendang orang sampai seadis itu? Coba gua tendang penis lu biar lu saat nikah kagak punya anak",1,
2 hours is crazy,0,
congrats ka isyanasarasvati berkarya sukses mnjd inpirasi,0,relabel
Bagus Bu ...biar kapok .. kebiasaan ngebully sesama pelajar ...apa sih manfaat nya ..bukan nya pertemanan itu di pupuk untuk kebaikan bukan saling bully atau m nghujat ...budaya ga bagus jangan di pupuk di buang harus nya .. Kasih efek jera jangan cuma minta maaf ..berubah punya adab sesama teman ..,0,
anjing pagi emosi saya bacanya balas nder kontol kamu najis anjing amit amit,1,relabel
Mau alasan apapun juga.. memang udh tabiat lu orang rasis + mencari kambing hitam buat d bully karna pemainnya gak sanggup(blm kelas lu) terpaksa cari pelampiasan… Semua dunia juga tau gimana tabiat negara lu. IZIN..🙏🏿,1,
Mending cakep lu begitu muka pas pas an bego,1,tiktok
"Kejar setoran ke cina sebelum pak Djarot lengser. Rezim jongos cina sangat membahayakan bangsa & negara, hukum, UU dan Konstitusi dilabrak",1,fn_hatespeech_id
USER USER Hati2 sama bani onta ntar dinyinyirin bilangnya ahok si kafir pencitraan wkwkwkwkw hati2 bani onta lagi cari taktik buat nyinyir lagi \xf0\x9f\x98\x82\xf0\x9f\x98\x82\xf0\x9f\x98\x82\xf0\x9f\x98\x82',1,fn_hatespeech_id
"saya baru lihat sedikit diawal, langsung nggak mau melanjutkan...karna emosi berlebih, sakit hati...campur aduk...pengen tak hajar balek tu MK",0,
Menarik! Jadi paham,0,
"USER USER truskan kedunguanmu bong, sampe bangsa ini tercabik2...tinggal saya pungutin saja sampah kaya' elo satu2...dasar mata sipit!""",1,fn_hatespeech_id
Emang siapa sih dia,0,dataset_research
KASUS SARACEN : Pengacara Sebut Asma Dewi Relawan Anies-Sandi,1,fn_hatespeech_id
"Ya ampun, masih aja salah. Kapan cerdasnya coba?",1,fn_fp_reduction
sekilas yang abu ariana grande haha,0,relabel
ahn hyoseop kuuu kang taemoo kuuu yg shining shimmering splendid ganteng gagah paripurna sempurna itu remakeannya se maghrib ini???? seriuss??😭😭,1,tiktok
"""Lagian juga Erick gak ada akhlak jelek lagi Listy juga jelek""",1,tiktok_v2
"USER USER Siapa yang bilang jadi kapir emang susah?? Hahaha tuh kan sel2 otak lo blom nyambung juga ya. Susah emang jadi kapir, cebong pula. Orang ngomong kemana dia ngomong kemana, ngatain agama islam aja pake rujukan internasional. Hahaha ma",1,fn_hatespeech_id
congrats kak isyan semoga karya nya yang kakak sukses teruss,0,relabel
kaloga cocok paksain,0,relabel
cinta monyet cie wkwk,0,relabel
meldi foto gendut beda,1,relabel
"Rasain sendiri Banyak yg muak, eneg, benci sama si JORDI HATINYA IRI, BUSUK,",1,
hati hati emang sekarang di kampus banyak yang melakukan penyalahgunaan kekuasaan entah rektor ataupun dosen apalagi hati hati untuk mahasiswi mahasiswi karena banyak kasus kek gituðŸ¥²,0,tiktok_v2
buli dong masak ngak??,1,dataset_research
Lebih 700 rumah &amp; Masjid Rohingya dibakar Teroris Budha di Baggona (14/9).,1,fn_hatespeech_id
"""Semangat gaga, jangan liat kebelakang fokus aja kedepan, masih muda masih banyak yg lebih baik juga.""",0,tiktok_v2
Tampang sudah jelek judes.masih ada yang bela.,1,
kecewa sctv scene tidak ngotaknya anjing dipikir dih,0,relabel
BRENGSEK BAJINGAN GIMANA SIH GAK WARAS GUE ASTAGHFIRULLAH!!! URL,1,fn_hatespeech_id
USER Ya jelas lah om mereka cm gede cocot doank\xf0\x9f\x98\x8c\nYa begitulah kualitas mereka\xf0\x9f\x98\xaa',1,fn_hatespeech_id
pertemuan produktif ide ide muncul,0,relabel
vibe nya udh beda mau sepositif apapun itu,0,tiktok
heee sampah kamu sudah saya maafin bohong goblok,1,relabel
"""ANAK TOLOL INI MULAI AKTIF YA BUND""",1,tiktok_v2
babi kamu lucu sekali,0,relabel
?AYO KITA VIRALKAN?; ; Sangat memalukan USER membuat pernyataan FITNAH!! ; terhadap USER !!; ; Warga Kampung Akuarium membantah pernyataan Gubernur DKI JKT Anies Baswedan yg menyebut 24 warga meninggal dunia krn tinggal di bekas penggusur,1,fn_hatespeech_id
kamu hariku ceria terima kasih,0,relabel
"""Kaya ny gajahnya merasakan aura positif nya mb gigi itu? kelihatan sumringah jg gajahnya loo..""",0,tiktok_v2
"admin kok dendaman, gausa jd admin tolol'",1,fn_hatespeech_id
pukimak india babi ni,0,relabel
curi perhatian siapa?,0,tiktok
bagus daripada artis yang modal tampang saja padahal suara jelek lebih baik mas yang nyanyi memang dasar nasib orang yak tidak yang tahu semoga masnya sukses,0,relabel
"""monyet liar itu naik ke pohon mangga""",0,manual_augmentation
Banyak Betarrrr,0,dataset_research
intinya kamu kaya bajingan,1,relabel
"USER USER yo jual seh koh, matamu ii picek ta ga isa liak tas njlentrek sak taek ndayak ndek tokoku.\ntas kulit lumpia sek kosong, ga pengen tas kulit kadal koh? cocok sama ilatmu.'",1,fn_hatespeech_id
Kodamnya tumben kalem,1,dataset_research
projo artinya negri dan rakyat....apa hubungannya satttðŸ˜­ðŸ˜­,1,tiktok_v2
lanjut masih anak sudah ga baik,1,
lcb cantikk lcb beruntung dapat duren duren beuntung dapat neng lcb sakina mawaddah warahmah amin,0,relabel
🤣🤣🤣🤣 cuci muka cuci tangan cuci apa lagi,1,tiktok
hati hati emang sekarang di kampus banyak yang melakukan penyalahgunaan kekuasaan entah rektor ataupun dosen apalagi hati hati untuk mahasiswi mahasiswi karena banyak kasus kek gitu🥲,0,tiktok
bajingan,1,relabel
RT USER USER Kalau ngajak orang pinter setidaknya dia harus sudah pintar lah ini jokowi masih goblok kok,1,fn_hatespeech_id
Duh dek jeksen sama temennya ini sama2 brengsek ya URL,1,fn_hatespeech_id
"iya, jadi gitu ya monyet, anjing! gua gampar lu lama-lama. kesel jadinya astaghfirullah hal'adzim, gaboleh ngomong kasar, maapin 3x, NGENTOT URL",1,fn_hatespeech_id
"lagian siapa juga yang minat nonton, gue kan fanatikðŸ¤£ðŸ™",1,tiktok_v2
Mirip cinta anak nya uya kuya,0,tiktok
