No,komentar,label,link vid,Unnamed: 4,Unnamed: 5,Unnamed: 6
1,Jule L nya apa Lntee,0,https://vt.tiktok.com/ZSyftmuPr/,keterangan label,label,total
2,disuruh milib oppa malh milih opet,0,,0,cyber bullying ,733
3,jule anj...,0,,1,non cyber bullying ,726
4,hancur banget hatiku ketika merasakan hatinya daehoon ia merawat anak sendirian tanpa seorang istri🥺😩😢,1,,total data,,1459
5,oon bener kurang apa cobak suami lu,0,,,,
6,𝐬𝐢𝐥𝐚𝐧𝐚𝐧𝐠 𝐛𝐞𝐝𝐚 𝐛𝐧𝐞𝐫 𝐤𝐞 𝐥𝐚𝐧𝐠𝐢𝐭 𝐝𝐚𝐧 𝐭𝐚𝐧𝐚𝐡 𝐥𝐢𝐚𝐭😏😂,0,,,,
7,dari dulu aja hobi selingkuh yaa sekarang masih doyan,1,,,,
8,emng kalau org lagi selingkuh itu buta segala2 nya percaya dah,0,,,,
9,di kasi diamond malah milih batu bata 😂😂,0,,,,
10,jule ga kasian sm suami ya,1,,,,
11,yang dulu mungkin ahh masa udah buka hijab ajah,1,,,,
12,"itu kayaknya poto lama deh..soalnya mukanya masih unyu² bulet cabi,,sementara sekarang tu lebih tirus dan keliatan dewasa gitu auranya...",1,,,,
13,jule jule inget anak anak kamu sumpah gregetan 😭,1,,,,
14,udh mau sore msh blm ada klarifikasi:(,1,,,,
15,tunggu klarifikasi dlu deh tapi klau bener sakit sih🥺,1,,,,
16,"jujurrlyy jule jugaaa lebihh bersinar dan cantik masyaAllah, sama daehoon😭",1,,,,
17,anaknya mirip rigen semua,0,https://vt.tiktok.com/ZSyf76CPR/,,,
18,"dari semua komen, ini doang yg bikin gua ngakak 😂",1,,,,
19,kadang coment nya bener banget... ko Rigen semua yg lakie,0,,,,
20,rigen anaknya bahlil juga kayanya,0,,,,
21,baru tau Rigen ada hubungan darah sama Bahlil 😅,0,,,,
22,emang kalo ke photo studio boleh bawa hewan ya?,0,,,,
23,ini hewan di lindungi bang,0,,,,
24,endemik ini habitatnya di got kalo naik pangkat di kantor dpr pake kemeja sama dasi,0,,,,
25,woyyy lahhh bjirrr😂😂😂,1,,,,
26,boleh bang mereka binatang liar bg,0,,,,
27,"gen bapak terlalu kuat rek, jadi maghrib😹",0,,,,
28,Subuh bukan malem lg😩,0,,,,
29,gen goblin🤣,0,,,,
30,mau komen tp lagi bunting,1,,,,
31,udah gw wakilin tenang aja,1,,,,
32,mang ngape kalau lagi bunting (brondong nanya dengan nada lembut) 🗿,1,,,,
33,ingat doa org2 yg teraniaya cpt terkabul,1,,,,
34,mata ngantuk semua,0,,,,
35,Kebanyakaan mabok ngisep bensin itu 😂,0,,,,
36,kebanyakan makan duit haram,0,,,,
37,kebanyakan ngirul ganja itu 🤭,0,,,,
38,lagi pada tinggi itu😹,0,,,,
39,"bro mslh kita bpnya aja jgn bwa""anaknya woy🗿",1,,,,
40,Biasa korup matanya kek gitu,0,,,,
41,NGANTUK? Nyabu itu😹,0,,,,
42,PECAT BAHLIL,1,,,,
43,gak bakal bisa sembarangan mecat orang b 90 ini,1,,,,
44,itu titipan raja Jawa dek mana berani Wowo mecat,0,,,,
45,tandain muka anak anak nya,0,,,,
46,"bapaknya lah, anaknya gak salah apa apa",1,,,,
47,"betul, jangan bawa'yang ga bersangkutan",1,,,,
48,yang anak nya donk kelemahan orang tua tuh anak nya,1,,,,
49,"Kenapa Pak RK Memilih Harta, Tahta, & Sapi Idul Adha🤣",0,https://vt.tiktok.com/ZSyP65dVU/,,,
50,kok ya dia pas bangt pakai outer pink😂😂😂...jadinya setelah gayung pink munculah ember pink😂,0,,,,
51,idungnya beda sebelah yah😌apa mataku yg rusak🤔🤔,0,,,,
52,"ga salah pilih selera rk bukan kaleng, kaleng tapinya drum😂😂",0,,,,
53,Semoga mbk Lisa sehat selalu ya sampai idul Adha 🤗🤗,0,,,,
54,masa RK mau sm kulkas 2 pintu,0,,,,
55,ini mah bu cinta lebih ke ketawa ngikngik sih liat lawannya modelan begini😭🙏,0,,,,
56,"ngakak beneran baca komen"" 😂😂😂",1,,,,
57,ebih seru baca komen netizen,1,,,,
58,"pertamina : ""lah anying kan lu yg nyuruh dan bikin aturan njir, ngapain malah lu nyalahin gw"" 🙄",1,https://vt.tiktok.com/ZSyfcsJbF/,,,
59,"kenapa bisa jadi menteri ya tu orang, heran gua",0,,,,
60,"Di terminal nggak sengaja Nemu emas 100 kilo kali, makanya bisa beli jabatan Ketum Golkar.",0,,,,
61,nepotisme kali kak 😭 kan titipan golkar,0,,,,
62,"mlah cuci tgn njirr,lil lil🤣",1,,,,
63,lagi main pahlawan pahlawanan bang😂😂😂,0,,,,
64,"namanya juga boss. ngasih perintah, dilaksanakan, ktika ada jeleknya bawahn yg disalahkn.",0,,,,
65,"dia nyuruh buat 2027,makanya dengar sampe akhir, skarang ethanol blum di campur tu sama pertalite nya",1,,,,
66,KEMBALIKAN SHELL DAN PERMUDAH SHELL BUKA CABANG DI SELURUH INDONESIA!!!!!!,1,,,,
67,"pemerintah ga akan mempermudah pesaingnya bg,kalau shell atau yg lain makin banyak,otomatis pertamanya akan kalah saing",1,,,,
68,berkat Bahlil bengkel gw jadi rame 😁,1,,,,
69,bengkel lu rame dompet orang orang yang sepi🗿,1,,,,
70,kdng ke sialan dan kesusahanmu menjadi sumber rejeki untuk orang lain. itulah nmany ujian. ttp berbaik sangka apapun keadaany,1,,,,
71,kan lu yang salah ngasib aturan etanol 10% njir.. ini motor gw habis servis gegera brebet abis 145 njir,0,,,,
72,lhaa iyaa mbak... gitu kok masih menjabattt yaa😭😭😭 banyak korban e yg motor rusak habis ratusan ribu sampai jutaan lhoo😭😭😭,0,,,,
73,"lhaa iyaa kenapa masih di pertahankan Mentri kyk gitu , dan Pertamina yg korup GK di bubarkan",0,,,,
74,malah nyalahin Pertamina kocak 😅,1,,,,
75,tangkap aja copot jabatannya,0,,,,
76,Bahlil Bahlul beda tipis,0,,,,
77,"gara gara sering liat meme Bahlil,gua setiap liat muka Bahlil ketawa mulu😂😂😭😭",1,,,,
78,"Gak ada beda nya sih kak, BAHLIL SAMA DENGAN BAHLUL . Artinya GU0BLOKK",0,,,,
79,"keknya dulu nama aslinya bahlul, cuma waktu penulisan di akta kelahiran si petugasnya typo jadinya ditulis bahlil, nah karna udah males ngurus pembetulan jadinya dibiarin aja deh namanya jadi bahlil",0,,,,
80,Bahlil emang dongo yahh🥰,0,,,,
81,lah ini udah jelek t0lol lagi,0,https://vt.tiktok.com/ZSyf3GM6U/,,,
82,"nah ini nih, Bru aj mo bilang wkwkwk",1,,,,
83,perokok berat mas makanya hitam sangat😂,0,,,,
84,"jelek,tolol,bego,hidup lagi😂",0,,,,
85,rasis lu anj kek udh pada sempurna aja lu padahal tuhan telah menciptakan manusia dengan kekurangan dan kelebihan,1,,,,
86,"masalahnya dia sudah diciptakan kekurangan, malah sifatnya kek binatang ngak membantu masyarakat",0,,,,
87,"masalah nya si Bahlil ini udh di kasih kekurangan malah di kurang""ngin",0,,,,
88,SDM rendah nyusahin rakyat😂 kalau pinter ngomong doang adek gw juga bisa😂,0,,,,
89,emang kelebihannya Bahlil apa gw tanya? penasaran gw,1,,,,
90,tapi kalo ini kekurangan semua ga ada kelebihan,0,,,,
91,"Kalo soal ini,gw dukung kalo Bahlil lebih ganteng dari henry cavill",1,,,,
92,emang dia cerdas?🗿,0,,,,
93,dia kalo gaa cerdas gaa bakal masuk partai dek dek,1,,,,
94,kata siapa masuk perusahaan aja pake orang dalem apalagi masuk partai🤣,1,,,,
95,"kek tetangga whoopp🔥, gua lamar sana sni ga dpt², tetangga gua tinggal blg doang, interview formalitas🔥🔥🔥",0,,,,
96,"tapi itu butuh kecerdasan,bicara membaca suasa,klk dia GK pinter mna bisa masuk walupun pakai orang dalam itu butuh kecerdasan jg",1,,,,
97,"pinter membodohi rakyat?... faktanya dilapangan gd uang sama orang dalem meskipun lu pinter gk bakal guna, orang nilai aja bisa di beli kocak² jgn samakan logika sekolahmu dgn dunia luar bergaul bro dunia luar kejam gk sebagus expetasimu🤣🤣",0,,,,
98,UDAH JELEK GOBLOK LAGI,0,,,,
99,otak nya di kontol,1,,,,
100,Tenangin diri sekarang😭,1,,,,
101,bahlil ini punya kelebihan yang cukup menarik apapun fotonya di crop dikit bisa jadi meme,1,,,,
102,liat mukanya mau muntah 😂,0,,,,
103,masa iyaa papa emil mau sama modelan bgini ngakak guaaa 😭,0,https://vt.tiktok.com/ZSyP6JC88/,,,
104,kata aku mah mundur aja liiiss..perbaiki diri upgrade diri. masa lalu lupain ajaaa. kebenaran tu akam terungkap seiring berjalannya waktu.,1,,,,
105,"betul ih bnyak yg singel mom malah sukses2 aja, padahal dia udah mulai di sukai netizen eh malah berulah lagi",1,,,,
106,maaf aku malah salfok hidungnya hee,0,,,,
107,makanya jangan rekam di otak kak😭🙏,0,,,,
108,itu idungnya belok kanan ya,0,,,,
109,hidungnya lisaa plisss 😭😭😭😭😭😭,0,,,,
110,bisa aja hasil dna nya dipalsuin wkwk jaman skrng kalo punya duit apa aja bisa dipalsuin kan😂,1,,,,
111,bedak 7 lapis 😭,0,,,,
112,gak kelar2 kasus ini,1,,,,
113,aku malah kasihan SM anaknya klo lihat berita² ini nanti,1,,,,
114,alis nya ko bisa bagus bgt gt anjirrrr,1,,,,
115,dia nangis knp aku juga ikut tidak nangis 😂 apakah aku harus pura2 nangis 😂,1,,,,
116,hidung sama mulutnya,0,,,,
117,alaaaaa anak d luar Nika ko ngotot banget,0,,,,
118,Halunya ga kelar2,0,,,,
119,kenapa idungnya manggil manggil minta ditanya si 😭,0,,,,
120,Gemes banget sama hidungnya 😌,0,,,,
121,"yaudasi gausah kemana2 toh itu salahnya sendiri kenapa mauuu, dan kalaupun emang anaknya toh juga gabisa dinasabkan ke bapak nyaaa dan juga gaberhak dapat nafkah sesuai hukum agama",1,,,,
122,tidak ada perjanjian tdk ada pernikahan ngotot tes DNA ulang lalu mau ngapain andaikan itu anak RK mau nuntut apa hak yg mana,1,,,,
123,Harus nya cek daftar pengunjung mom siapa aja langganan nya🫢,0,,,,
124,Aktingx bguss,1,,,,
125,anaknya Bram kali (brame-rame)😭,0,,,,
126,Aku Malah merasa engap denger yg lg ngomong 😭😭😭😭,0,,,,
127,di Konoha nglawan pejabat ya emang susah,1,,,,
128,kaya majikan sm pembantunya wkwkwk,0,https://vt.tiktok.com/ZSyPdHVtT/,,,
129,kak hitam bagus tp ga kumel,0,,,,
130,tan skin engga masalah sama sekali tp ada yg bersih ada yg kurang bersih,0,,,,
131,"komenn nya kenapa sii yaampunn, kulit orang indo ma emang ginii ih, ngapa pada ngebet putih sii, yg putih aja ada yg pengen tan skin",1,,,,
132,minimal gincuan kak biar agak seger gtu diliatnya,0,,,,
133,"kenapa sih anjir kalau warna kulitanya gtu, semua nya tetap cantik njir, nggak usah obses sama kulit putih",1,,,,
134,Komen nya nggak bngt njir padahal sesama perempuan,1,,,,
135,circle problemmatic,0,,,,
136,hahahahhaha itu bukan kayak kulit Erika kalau kulit Erika hitam tapi bagus kalau ini sedikit ya tau lah ya😂😂😂😂,0,,,,
137,INI KULIT YG AKU MAUUUUUUUUU,1,,,,
138,MANIS BGTT KAA MASYA ALLAH,1,,,,
139,kak cakep banget aslii,1,,,,
140,"semua wanita cantik dengan warna kulitnya masing-masing,so beautiful ka namira",1,,,,
141,Banyak artis indonesia kulitnya exsotis mulus 😊 muka pun mulus,1,,,,
142,cantikkk ngga haruss putihh,1,,,,
143,Kakak cantik gak usah dengar kata netizen ini,1,,,,
144,dia tu kaya kusemm gt ga si bukan tan skin..,1,,,,
145,Masyaallah canciknyaa manisnya itu loh,1,,,,
146,cantikkkk bangetttttt,1,,,,
147,cantikkkk bgt dua dua nyaa,1,,,,
148,Inimah kopi sama susu,0,,,,
149,chacu cosplay jadi wanita somalia,0,https://www.tiktok.com/@gyr4tegirl/video/7561422937287445816?q=chacu&t=1762351279656,,,
150,ga keluar sama sekali auranya😭,0,,,,
151,Dia lagi hamil ya?(bertanya dengan nadaaa sangat lembuutt),0,,,,
152,ini serius dia?😭kok kokkkk😭cantikan kenzie😭,0,,,,
153,Baru pernah liat orang resepsi seleranya kureng bgt maap😭🙏🏻,0,,,,
154,"LIAT KOMENANNYAAAA MIRIS BGT, KAK CHACHU TUH LAGI NGADAIN ACARA BAHAGIA, SEMUA PASTI SUDAH DIPERSIAPKAN, MLH ADA YG BANDING²IN, KALIAN TUH SESAMA PEREMPUAN, KLO PAS ACARA SEPERTI INI KALIAN DICEMOOH JUGA KESELKAN, APALAGI INI MOMEN ACARA RESEPSI BELIAU🥺",1,,,,
155,malah kayak tamu undangan bukan pengantin😭,0,,,,
156,kirain chacu dililit ular weling 🥺🙏,0,,,,
157,pdhl body chacu bgus bgttt tpi knpa gaunnya harus ituu😭😭😭,0,,,,
158, jujur emg ke bude bude,0,,,,
159,keknya dia ini lagi hamill,0,,,,
160,serius gini diluar ekpetasi🙂,0,,,,
161,"maaf kayaknya hamil ya, aura bumil",0,,,,
162,"Kurang aksesoris sama model rambutnya sih menurutku, bajunya terlalu ramai buat dia yg gemoy",0,,,,
163,aura bumil nya kuat bgt 😂 pengalaman tmnku nikah dressnya rame bagian depan bgini karna udh hamil besar.,0,,,,
164,chacu kayak abang abangan keker bgt,0,,,,
165,"cakepan bridesmaid nya, maaf aku mewakilin kalian semua ",0,,,,
166,Kayak mau dangdutan,0,,,,
167,"aku ga ngehujat plis,tapi keliatan bgt ga nyamannya 😭 kasian kak chacu",1,,,,
168,"Aku jdi chacu nangis bgt, jujur emg ke bude bude",0,,,,
169,"jahat jahat bgt ketikan kalian plis ya allahhhh:(. aku bacanya aja istighfar berkali"":((",1,,,,
170,engga ada tampang sedih dn menyesal. beda sama si logo Dufan. smpe bengkak matanya,0,https://vt.tiktok.com/ZSyPxrvsX/,,,
171,"DO, teman saja di bully apalagi pasien bpjs",0,,,,
172,salut sm yg cepuin isi chat ke media🥰,1,,,,
173,Sempet sempetnya ngalis dulu anj,0,,,,
174,belum tentu keluarga kak Timothy Anugerah memaafkan muu..,1,,,,
175,"tanpa kita sadari, skrg kita yg menjadi pembully",1,,,,
176,hak apa yang melekat ke kamu kok bisa jadi yang ngasih pelajaran?,1,,,,
177,"asal ngebales bully nya ga senang, ya ttp aja faktanya sama sifat neti nanti kebawa jg ke lingkungan, trs ada masih bnyk tuh nanti pembully kedepannya ga habis""",1,,,,
178,Karena apa dia minta maaf guys 😹,1,,,,
179,rakyat Indonesia dan netizen wajib untuk tidak memaafkan Calista Amore 🤣🤣🤣 kawal sampe dia dpt efek jera yg setimpal,0,,,,
180,LU BACA YA ANJIR😭 soalnya gue pernah di tes hapalan gue bikin contekan belakang kamera kek gini hasilnya😭🙏,0,,,,
181,Full senyum habis wd 55jt bilekk😇😍,1,,,,
182,Lah ngapain minta maaf? kan dia gak salah 😂😂,1,,,,
183,"Blm jadi dokter aja udh gini,gimana udh jadi dokter,gimana nasib pasiennya coba🗿",0,,,,
184,ga ada menyesal2 sii dari raut mukanya,0,,,,
185,"ini apa, ketinggalan berita gua😭😭",1,,,,
186,kasus perundungan di UNUD om,1,,,,
187,"dia cuman baca teks, bukan minta maaf😏",0,,,,
188,"menyesal karena ketauan..kalau ga ketauan ya lanjut buly..sekarang aja pasti masih ngebully mungkin sama temen"" nya",0,,,,
189,dia itu cuma sedih dirinya di hujat bukan sedih. akan timoty dia juga menyesal kerena kerena di hujat bukan. kerena menghujat timoty,1,,,,
190,alisnya beda sebelah jir,0,,,,
191,cantikk bangett semangat kaka 🥰🥰🥰,1,,,,
192,"dia klarifikasi karena takut kena bully, gak dapet kerja dan dikeluarkan dari kampus. bukan betulan menyesal",0,,,,
193,"Dia menangis bukan kerana empati, tapi takut di blaklist dari dunia kedokteran",0,,,,
194,jgn minta maaf jika km minta maaf karna ketahuan 😏,0,,,,
195,mau klarifikasi pun harus dandan dlu. tau bgt kayaknya dia biar g di jadiin bahan candaan wkwkk🤣,0,,,,
196,aku kira kuliah itu menjamin moral dan etika.. ternyata ada ya yang begini.. calon dokter lagi.. 😭,1,,,,
197,gua yang udah muak dengan namanya klarifikasi😂,1,,,,
198,emang timothy ronald ada masalah apa ya sama cewe ini?,1,,,,
199,Harusnya dibawa ke hukum ini bahwa tindak bully itu gaboleh diremehin apalagi banyak jiwa yang trauma,1,,,,
200,"gw jg manurung, asli malu & marah bget atas sikap bocah tengil bgini",1,,,,
201,"takut sama kekuatan netijen yaa,makanya langsung nongol😁😂",1,,,,
202,kalo Timothy jadi dokter pasti lembut tulus bgtt..,1,,,,
203,benar kata orang penyelesaian ada di akhir,1,,,,
204,"nah loh, giliran datanya kesebar baru deh buka mata 🗿",0,,,,
205,"yang bully timothy beruntung banget, ayah timothy ga nuntut dihukum lo, smoga tenangg kaka timothy😞",1,,,,
206,"gak papa, nanti ada pengadilan di akhirat guys",1,,,,
207,Alesan mereka apa ya bully timoty? Pdhl beda fakultas loh,1,,,,
208,aku juga korban pembulian gays di kuliah nyampe aku kena anxiety. aku berharap tuhan yg adili semua,1,,,,
209,"udah lah maafin aja, calon dokter cantik nih",1,,,,
210,Gada komen tebak agama soalnya pelaku bukan islam,0,,,,
211,"minta maaf yg tulus utama kpd orangtua dn kluarga timothy...bukn krna tkut dihujat netizen, situ enak ga dibully bnyk orang??",1,,,,
212,"Manusia tidak akan saling mengerti, jika tidak merasakan penderitaan yang sama, rest in peace timothy.",1,,,,
213,"ini harus dijadikan pelajaran buat smua, sampe saat ini kematian timothy blm jls karna apa. pihak keluarga juga menolak dilakukan penyelidikan dari hp timothy, dan yg tersebar adalah chat para mahasiswa yg minim empati. supaya ga keliru saja tapi kasus ini butuh penyelidikan lbh dalam dan bukti dari hp korban, kita butuh keterbukaan dari pihak keluarga, terutama sdh 3 bln terakhri timothy tinggal ditemani ibunda tidak mungkij ibunya tidak mengetahui apa masalah yg anaknya dapati.",1,,,,
214,"biasanya klo berita2 bgini banyak yg komen “tebak agama”, kok kosong ya skrg ?",0,,,,
215,"perasaan setiap hari buka tiktok ga ngertti ada kasus ini, emg kasus apa ya? (bertanya dgn nada lembut)",1,,,,
216,"Kesalahan terbesarmu adalah kini yg kamu hujat sdh tak bernyawa nak, dan entah bagaimana dgn hati orang tua, keluarga yg telah kamu buat hancur utk seumur hidup.",1,,,,
217,Keluarga manurung kah,1,,,,
218,mana sama lagi marga nya sama guee🙏🏻😭,1,,,,
219,pdhal timothy baik,1,,,,
220,loh kenpa nggak langsung di pecat,0,https://vt.tiktok.com/ZSyPQpLGc/,,,
221,"saya yakin Krn mas Uya Kuya orang baik,saya sbg TKW Taiwan,sering melihat,bolak balik Taiwan Indonesia,Hongkong, Indonesia untuk membantu para TKW",1,,,,
222,pecatttt woyyyyy bukan di nonaktifkan astaghfirullah hukum di negara gak dapat di percaya lagi,0,,,,
223,muka Eko bengek bgt🤣🤣🤣🤣🤣,0,,,,
224,kek stroke anjir,0,,,,
225,Iya baner anjir kata gue dikit lagi stroke nih org😂,0,,,,
226,"itulah indonesia ..krj cm duduk ,teken ,plng gaji +tunjangan besar ya moh kla mengundurkan diri",1,,,,
227,"Krn mereka ada perjanjian tertulis dgn partai, dan hanya ketua partai yg pecat org2 tsb. MK Indonesia mgkin kerja di bawah tekanan ketua partai",1,,,,
228,"Kalo cuman nonaktif berapa bulan ya gk ada apa2 nya, tabungannya masih banyak",0,,,,
229,pecat aja pk ....gk guna ngabisin anggaran negara aja .....nnti psti ngulangin lg,0,,,,
230,idak puas atas putusan ini harusnya mereka non activ selama nya,0,,,,
231,Nafa urbach brrt bulan depan sdah mulai aktif lg jd dewan.. Untuk Eko awal tahun dn sahroni hbs lebaran...,1,,,,
232,ko kaga joget joget lagi ko ama nafa ama sahroni,0,,,,
233,anjj.. mata ngantuk sahroni,0,,,,
234,"😁 tdk di pecat, cuma di non aktifkan selama 6 BLN trs bisa ngantor lagi, ini lah hukum Indonesia 😂😏",1,,,,
235,hakimnya Menye menye😂,0,,,,
236,itu kenapa bibir pak eko,0,,,,
237,liat sahroni ingat ( heeeeehaaa' )😂,0,,,,
238,👍👍👍alhamdulillah smoga bisa mmbuka mata bgi merka ni kmi mmilih bukn mnjdi orng Bodh tpi lebih pintar👍,1,,,,
239,Nafa Urbach gk bersalah dia cuma ngasih tau informasi tunjangan rumah TDK ada merendahkan rakyat kayak yg lainnya,1,,,,
240,Podcast bisa tapi konferensi pers buat minta maaf gabisa ya pak🙏,0,https://www.instagram.com/reel/DQqshGSkWFP/?utm_source=ig_web_button_share_sheet&igsh=MzRlODBiNWFlZA==,,,
241,Sampe sekarang saya ga tau ketum federasi brazil wlopun juara pildun berkali kali,1,,,,
242,"Karakter pemimpin juga perlu dibentuk. Misal jangan egois, tidak anti-kritik, dan mengakui kesalahan.",1,,,,
243,Cinta tanah air sama pura pura mau jadi pahlawan ituu beda ga sih pa? (Bertanya dengan penuh keikhlasan) 🤣,0,,,,
244,BACOT TOWEL,0,,,,
245,Berisik,0,,,,
246,Halahhhh ngibull,0,,,,
247,Sekarang denger erik pidato telinga tersiksa,0,,,,
248,Pak gimana tuntutan supporter apa kabar,1,,,,
249,Kalau di suruh ngomong pinter. Ngambil keputusan 0 besar,0,,,,
250,Terlalu banyak kata2 hasil merusakan,0,,,,
251,Harus berani legowo dan mental ksatria 🙌,1,,,,
252,Lelaki tidak banyak bercerita. Lelaki itu yg di pegang omongan nya.,1,,,,
253,Harus berani ngundurkan diri ya pak,1,,,,
254,Harus berani bertanggung jawab atas ucapan juga,1,,,,
255,Teori bullshit,0,,,,
256,Luar biasa,1,,,,
257,Harus berani bertanggung jawab dan minta maaf kepada rakyat,1,,,,
258,Bacooot,0,,,,
259,Hidup itu tidak harus tenar tp bagaimana kerja nyata kita itu bisa di lihat baik oleh rakyat....tp sayang kamu cuma ingin mencari ketenaran dari pada kebanggaan,0,,,,
260,"iya perubahan, contoh nya kayak kemarin kan yahh udah bagus timnas udah naik dirubah biar lebih buruk ga boleh bagus bagud timnas indo yah erik",0,,,,
261,"Semangat Pak, Netizen dan para FOMO yg bersuara sumbang gak mewakili masyarakat yg mengapresiasi kinerja Bapak! Gak tahu mungkin suruhan orang internal PSSI yg ngebet gantikan BAPAK! tetap tegar dan kita Songsong hari2 baik olahraga dan sepakbola nasional ke depan!",1,,,,
262,"Terimakasih Pak, salut anda sangat gentleman",1,,,,
263,Indonesia negara besar pak,1,,,,
264,"Belajar tidak nyinyir ke orang lain ataupun TIMNAS dll, belajar Menghargai, tunjukkan PRESTASIMU",1,,,,
265,Perubahanmu menghancurkan mimpi itu,0,,,,
266,Banyak yang udah gak peduli omongan mu pak kecuali anak buah mu sendiri 🙌,0,,,,
267,LUCU LAMA LAMA,0,,,,
268,Di kasih princess malah pilih ikan teri,0,https://www.tiktok.com/@user5815799026/video/7497170521323228421?q=safno%20selingkuhin%20dilan&t=1762369053730,,,
269,Produk kendal apa produk gagal,0,,,,
270,"gatau ya sejauh ini mata memandang dan menurutku juga, kenapa yg jadi selingkuhan selalu ga lebih cakep dr istri sah si ",0,,,,
271,bener kata orang-orang kalau istri sah lebih cantik dari pada selingkuhanya,1,,,,
272,"dilan mangap aja cantik , lah ini?",0,,,,
273,udah di bilang kemarin kebanyakan pakai filter kok ngga percaya,0,,,,
274,selayaknya tkw pada umumnya😭🙏,0,,,,
275,bagaikan langit dan bumi ,1,,,,
276,keren banget jadi bang safnoviart,1,https://www.tiktok.com/@ellisygmisumapakade/video/7503551740202011959?q=safno%20selingkuhin%20dilan&t=1762369053730,,,
277,"Jika kau tak bisa menghargai perempuan, setidaknya belajarlah menghargai dirimu sendiri.",1,,,,
278,jago bgt aktingnya🤣,0,https://www.tiktok.com/@univ.udayana/video/7543966244534242578,,,
279,katakan pretttttttttt,1,,,,
280,BLACKLIST KAMPUS UDAYANA,0,,,,
281,Markas perundungan,0,,,,
282,banyak para pembullyan di sini ya,0,,,,
283,"amit-amit masuk ke univ ini,takut dibully",0,,,,
284,kampus macam apa ini,0,,,,
285,air mata buaya,0,,,,
286,udah gimmick nya??,0,,,,
287,dibayar berapa sampe nangis gitu,0,,,,
288,kepalsuan yg nyata ngurus mahasiswa aja masih tolol,0,,,,
289,kok cara rias dan gaya nya seperti pekerja malam ya nih cewek2 nya,0,,,,
290,"kita disuruh ngirimin sedih, dia nya sibuk pacaran nyamperin laki2",1,https://www.instagram.com/p/DKrFv0hJRhK/?utm_source=ig_web_copy_link&igsh=MzRlODBiNWFlZA==,,,
291,Biarin ajaasi orang lagi birahii juga,0,,,,
292,"Yakali umur masih muda, bisnis women, suruh ngikutin maunya netizen suruh singel seumur hidup itu lama..jadi pastikan bahagia no 1, kalau dengan punya pasangan buat diri sama anaknya bahagia kenapa nggak , masa lalu tetap ada di tempat khusus di hatinya❤️",1,,,,
293,Mama kamari cantik banget,1,,,,
294,"kocak bgt komenya anjir, tim baca komen ajah 😭🙋",1,,,,
295,Aura Ladies Club nya kuat😂,0,,,,
296,Akhirnya satu Indonesia sadar ada yang ga beres sama ni orang,0,,,,
297,sok cakep lu aslinya mah tulang semua tuh badannya😛😃,0,,,,
298,"Apa gue doang kali ya , yang gak suka sama ini orang..",0,,,,
299,netizen kenapa deh ngurusin hidup orang mulu,1,,,,
300,orang nolong kok disindir,1,,,,
301,Ketek nya kok gitu kaya nenek-nenek keriput,0,,,,
302,Awas hamil lagi,0,,,,
303,"siklus netijen, idup ngurusin orang mulu padahl idup nya sendiri berantakan 😢",1,,,,
304,ntah lah ga respect.,0,,,,
305,"Emg kenapa si, org juga butuh pendamping hidup lagi, netizen gatau apa2 mending diem, mau gimn pun juga mamari berhak bahagia, gausah urusin hidup org lain😒",1,,,,
306,cakeppp polllll mamariii,1,,,,
307,cantikk bgtt ni orangg🥰🥰,1,,,,
308,"Komennya jahat2 amat para ahli neraka, sibuk amat urusin hidup orng.",1,,,,
309,"Ngeri ya komen"" Org sempurna 😵",1,,,,
310,"secantik inii masih aja di hujat, heran ya. dia juga manusia, pantas bahagia ga harus selalu terpuruk dari kesedihan",1,,,,
311,"Netizen ngapain sih, terlalu ngurusi hidup orang. Namanya jg manusia tempatnya lupa, salah, dan dosa. Dia punya hak dan tanggung jwab atas dirinya sendiri. Kalo ga suka ya udah, diunfollow aja, ga usah kepo2 dah hm",1,,,,
312,"yang gapernah hujatt orang lain, mending urusin hidup sendiri 🙌",1,,,,
313,Buset cantik banget,1,,,,
314,"Jangan ngata ngatain, doain aja yg terbaik buat Jen.",1,,,,
315,"kaaaa kamu selalu canciiii,keep going babe❤️",1,,,,
316,Apasih cakep amat🔥,1,,,,
317,"guys plis lah, knpa yg hate comment malah yang sesama perempuan 🙁💔",1,,,,
318,Cantik sangat 😍🔥🔥,1,,,,
319,Iiiii cantik banget mamariiiii😭,1,,,,
320,"Netijen kok pada sibuk banget sih sama hidup orang,apa udah bagus yah hidup nya udah rapi?",1,,,,
321,"You deserve to be happy, Jen 🥺",1,,,,
322,semangat ka jennnn❤️🙌,1,,,,
323,Idih idih idih pakaian nya kurang bahan mbak.,0,,,,
324,CANTIK BANGETTTT❤️,1,,,,
325,Mamari aku pngen langsing kaya kamu 🥰,1,,,,
326,Semangat mama riii 😍🔥,1,,,,
327,ALAYY BGT,0,,,,
328,cantik juga,1,,,,
329,CANTIK BGTTTT GILEEEEE,1,,,,
330,"Ternyata bener adab sama etika ketika berbicara/berkomentar tentang orang tuh udah ga dipake,makin rendah aja jadi manusia 🤏",1,,,,
331,reza rahadian : TAU KAN KENAPA GUE MULU,1,https://www.tiktok.com/@zloomyx/video/7466732525478628614?is_from_webapp=1&sender_device=pc,,,
332,ariel tatum : harus nyapu gmna lg gue😩,1,,,,
333,MUKA SEIRENGGG itu jadi pemeran ahn hyo seop,0,,,,
334,2 manusia terlihat panik😭😭😭,1,,,,
335,ariel tatum sampe nunduk,1,,,,
336,Tebak isi pikiran ariel tatum 😭,1,,,,
337,"""gabakal gue undang juga""
GAKAN GUE TONTON JUGA😭🫵",0,,,,
338,ariel tatum : anj anjjj kelompok gua ga ada yang bener,1,,,,
339,"baca komen aktif, ngeriset males",0,,,,
340,itu si ariel tatum udah nahan tantrum😭🙏,1,,,,
341,Caitlin sm ariel udh waswas bgt😭🙏🏻,1,,,,
342,ABIDZAR lo remake film JODHA AKBAR aja pemeran cewe nya lina mukherjee,0,,,,
343,ariel tatum hebat bgt nahan ga nempeleng si abizar jir😭🫵,0,,,,
344,anjir dark bgt abidzar,0,,,,
345,"Udh ga riset, pede lagi. Heran udh dikritik bukannya introspeksi malah sok i dont give a fuck  ew🙄 belum jadi apa apa aja udah se arogan ini gimana nanti",0,,,,
346,muka se kusem itu di kasih untuk jadi ahn hye seop😭,0,,,,
347,busettttt omongan nya dah kayak aktor terkenal satu dunia.,0,,,,
348,"""ga bakal diundang jg"" tapi kan kalian ttp butuh penonton woy lah😭😭😭",0,,,,
349,abizarrrr foto lu noh di twitter masih adaa 😭😭😭,0,,,,
350,gayamu reng😭,0,,,,
351,ariel : ga pernah se muak ini,0,,,,
352,kesabaran ariel tatum diuji banget😂😂😂,0,,,,
353,JELEK BGTTT PUBLIC SPEAKINGNYA BENER BENER JELEKKKK PLEASSSS LO TUH DIBAYAR PH BUAT MAIN FILM TAPI KENAPA BLUNDER MULU SEOLAH-OLAH LO GA PERLU PENONTON. BODOH BANGETTT 😭😭😭,0,,,,
354,aura prindavan,1,,,,
355,"“pengen belajar sama karakter ini” TAPI LO GA NONTON SERIAL NYA ABIDZAR, GIMANA LO MAU BELAJAR SAMA KARAKTER INI?!",1,,,,
356,"itu cewek2nya langsung eye contact gtu wkwkw, sekali lirik tukar pikiran saking gumohnya mereka😭😭😭",1,,,,
357,ariel sampe gelisah😭,1,,,,
358,HE SAID DENGAN LANTANG : TIDAK BACA WEBTOON AND TIDAK NONTON DRAMANYAA,1,,,,
359,ahn hyoseop kuuu kang taemoo kuuu yg shining shimmering splendid ganteng gagah paripurna sempurna itu remakeannya se maghrib ini???? seriuss??😭😭,0,,,,
360,tiap hari ada aja gebrakannya si abidzar 🤣,1,,,,
361,tatapan ariel ke caitlin udah wanti wanti waktu abidzar ngomong 😭,1,,,,
362,gua liat ada sosok hitam pekat dibelakang ariel tatum😭,0,,,,
363,Abidzar gaada aura konglomerat tpi bisa dpet peran kang tae moo tuh gimana😭,0,,,,
364,eh dia ga punya manager yang ngontrol dia kah?,1,,,,
365,abidzar harusnya remake mahabarata,1,,,,
366,“ga diundang premier” la pikirmu ra butuh penonton a reng? 😭🙏🏻,0,,,,
367,kalo knetz nonton gmn ya? wkwk,1,,,,
368,MUKA ARIEL TATUM 😭🫵🏻,1,,,,
369,"""pgn belajar sama karakter ini"" tp mau buat versi sendiri lah begimna😭🙏",1,,,,
370,gosong amat mukanya😭,0,,,,
371,Ariel tatum capek banget pastii 😭😭 nyapuuu muluuu,1,,,,
372,maghrib banget😂,0,,,,
373,kok gelapnya lain gitu ya si abidzar😭,0,,,,
374,magrib banget,0,,,,
375,siapa si yang pertama bilang abidzar ganteng? lu liat ni😭,0,,,,
376,jefri nikol yg senga aja msh good attitude 🤣,1,,,,
377,ohh dia ga butuh penonton ternyata,0,,,,
378,astagfirullah kang Taemo bukan kang parkir 🙏,0,,,,
379,"So sorry, bru ngeh dia dibelakang🙏",1,,,,
380,Ga cuma magrib. Ini malah isyak bnget,1,,,,
381,"lagian siapa juga yang minat nonton, gue kan fanatik🤣🙏",0,,,,
382,Komuk ariel ama caitlin ga bisa bohong😭,0,,,,
383,mandi kata gua,0,,,,
384,abidzar cocokny remake mahabarata,1,,,,
385,gayamu reng,0,,,,
386,"pengen belajar karakter ini, tapi ga baca Webtoon ataupun nonton drama nya😭 Gimana mau belajar nya?😭 Disekolah atau apa aja kalau namanya belajar pasti butuh buku atau google buat referensi😭",1,,,,
387,"Berasa banget ariel tatum enegggghh 😭 saya juga mau muntah,kenapa cari peran cowok juga yang gelap banget 😭",0,,,,
388,tebak isi pikiran mbak aril,1,,,,
389,gada yg mau endors skincare kah?😭,0,,,,
390,Ariel: geramnye aku,1,,,,
391,Kang tae mo kenapa jadi black mamba😭,0,,,,
392,perasaan dulu ga sedekil ini deh? abis ngapain dia,0,,,,
393,aura nya ya ampunn,1,,,,
394,aura rohingya nya terlalu kuat,0,,,,
395,Serius nanya ada yang mau nonton?,1,,,,
396,respect banget gaada yang ngeludahin,0,,,,
397,bro pikir dia jefri nichol🤣,0,,,,
398,Eh anjir gw nyari mana si abidzarnya ko ada suara doang taunya diatas ariel😭😭😭😭,0,,,,
399,emang sih ga akan diundang tapi kan mereka yang nonton 😭🫵🏻,0,,,,
400,hati gua berisik bgt,1,,,,
401,"sebenernya ariel sm caitlin malu bgt dan deg2an parah itu, abidzar lu ko bisa sepede itu si ngomong sumpah",0,,,,
402,ini kalau di korea bakalan gak jdi tayang sih...,1,,,,
403,ternyata di atas vadel ada abidzar😭😭,0,,,,
404,dua wanita sedang tertekan oleh perkataan kang blunder🗿😭,0,,,,
405,bising banget magrib,0,,,,
406,tebak isi pikiran ariel tatum🤣,1,,,,
407,keren banget ariel tatum nggak ngeludahin,0,,,,
408,ini emg gelap? apa krna gk kena lighting?,0,,,,
409,"Ya allah istigfar mulu gw kalo liat si abidzar ngomong anjir😭😭😭, pdhl kmrin gak gini 🗿🤣",0,,,,
410,kaget ternyata seireng itu😭,0,,,,
411,"""gue pengen belajar sama karakter ini"" tapi lu gak nonton aslinya Abidzar..........
tapi lu gak nonton aslinya Abidzar..........",1,,,,
412,abidzar a nya apa,1,,,,
413,kak Ariel Tatum selalu smirk,1,,,,
414,abidzar magrib bgt jir 😹😹,0,,,,
415,cocok abidzar ganti Jefry nicol,0,,,,
416,kaya mang becak si abidzar😭,0,,,,
417,"abidzar, mending lu mandi dulu dah kata gua mah",0,,,,
418,"abidzar: ""anjay sepek bet gua sepek""",0,,,,
419,bikin malu anjir si abidzar elah,0,,,,
420,"abidzar sombong bgt jir bilang gtu,, tu film juga butuh penonton,tanpa penonton gk akan laku tu film😂",0,,,,
421,tukang parkir 😭😭,0,,,,
422,magrib bgt,0,,,,
423,Pingin blajar karakter ini tapi gak mau nonton drama nya Terus karakter yang mana yang mau lu coba,1,,,,
424,"gayanya udah kaya aktor chungmuro,Ryu Jun Yeol juga kalah gaya nya😭🤣🤣👊🏻",1,,,,
425,“pengen belajar sama karakter ini” tapi kemarin bilangnya mau bikin karakter versi dia😭,1,,,,
426,"di depannya ada cewe cewe cantik, putih. dia kebanting banget malah kaya supirnya",0,,,,
427,woila ga butuh penonton apa yaa😌,0,,,,
428,ariel : “aduhh pegel banget gendong tim mulu”,1,,,,
429,capek bgt pasti tu ariel 🤣🤣🤣,1,,,,
430,beliau mengira dirinya tampan dan pemberani,0,,,,
431,ini karena kamera atau apaa kok dark banget,0,,,,
432,nino gmna kabarnya kok ga prnah keliatan,1,https://www.tiktok.com/@cintakuya/video/7510803190347222303,,,
433,maap yaaa malah kayak Lina Mukherjee ngga sii😭🙏,0,,,,
434,Wkkwkwkw savage balesan2 komen2 kamu kak😂😂😂,1,,,,
435,tinggl d LN bukny mkin cantik glowing laaa ini beda sndiri 🤣 agak laen ng,0,,,,
436,Mungkin dia mengikuti standar cantik di negara sana,1,,,,
437,Aura peramal’nya kuat banget😭,0,,,,
438,"gak usah dengerin netizen indo, standar kecantikan di indo emang beda sama di luar",1,,,,
439,Ortunya sibuk ngurusin masalah orang lain sampek anaknya gak keurus,0,,,,
440,miris bgt yg komen padahal sesama perempuan loh.. dimana letak women support women nyaa???.. sehat sehat deh kalian😌,1,,,,
441,kek gerah banget liat nya😭,0,,,,
442,"dia cantik banget, dan gak merubah apapun bentuk wajahnya ♡
kalian yg komen negatif ngerti soal cantik natural gak? ini loh yang begini",1,,,,
443,Masih ke inget nino sekeluarga ngeprank lamar natasya wilona🤣,1,,,,
444,"🤣kalo di kampungku,pasti di ketawain😂",0,,,,
445,hah komennya?! padahal cantik bgt njir 😭,1,,,,
446,"cinta ajak gue ke sana , gue dah muak d indo😭🙏",1,,,,
447,"yang komen jelek pasti manusia2 yg menuntut dirinya harus sempurna, dituntut pasangan nya harus punya standar cantik indonesia juga. Cinta, congratulations kamu udah aman bgt di luar negeri 🥰",1,,,,
448,cinta maaf tapi lu kek dukun yg suka ramal pake kartu itu loh🥺,0,,,,
449,kok jdi kek Lina Mukherjee 😌😌,0,,,,
450,"melihat komen"" aku jadi ingat kata Namjoon BTS "" kita tidak jelek,kita hanya terlahir di masyarakat yg pintar menghakimi""
love your self cinta💜💟",1,,,,
451,"mukanya mirip mama nya, kulitnya warna bapak nya🙈🙏",0,,,,
452,"perasaan dulu dia putih bening gitu deh, inget banget pas dulu dia sekeluarga di undang ke brownis pas dia disuruh dance karna di kpo-pers, sumpah cantik banget,putih bersih bening juga",0,,,,
453,ini Fik yg sala orang tuanya...kok cinta Kuya jadi gini si..,0,,,,
454,as always u look so pretty girls 😍,1,,,,
455,"ni komen pada kenapa si, padahal manis lo dia nya",0,,,,
456,"di amerika dia wanita paling cantik🥰
setidaknya kamu benar hidup disana cin..
dari pada disini yang slalu memprioritaskan wanita cantik hanya yg berkulit putih 🥰🙏",1,,,,
457,mungkin standar cantik nya disana kyak gini 😌 tapi plis cinta kalo balik ke indo jngan kyak gini ya. takut nanti nggk bisa bedain yang mana Lina Mukherjee 🙏🏻,0,,,,
458,"Bruh dia seengganya dia bisa kabur dri negara ini, artinya dia win. kalian ini knp dah julid bgt😭",1,,,,
459,kalau cinta adalah fuji pasti di bilang magrib...,0,,,,
460,"Kulit oke bgt , tp pakaiannya kya anak punk😭",0,,,,
461,YOU LOOK VERY BEAUTIFUL 😭💗,1,,,,
462,Cba ganti eyesedow nya jangan itu 🙏🏻,0,,,,
463,ky ema emakkkk😏,0,,,,
464,padahal dia bnyak duit.,0,,,,
465,"gw lebih suka standar kecantikan luar sna ya, kalo standar kecantikan indo tu dah kaya mau adu cantik sm bidadari, bikin muak apa2 patoknya ya gitulah. cantik versi diri sendiri itu lebih baik❤️",1,,,,
466,"lama-kelamaaan makin mirip bapaknya ,",0,,,,
467,"jangan baca komen cinta , indah kan hariharimu , krena kamu hidup bukan dari uang mereka jadi abaikan mereka yg berbicara apapun . karena kalo kamu bales komenan mreka, mreka makin seneng menghujat. Bawaa happy cinta ..",1,,,,
468,Aura dukun tarot 😭,0,,,,
469,coba rubah model rambut nya ka🥰,0,,,,
470,"tapi aku liat selena gomez juga kayak setipe gitu cantiknya kaya gini,paham kan ya😭jadi ini ga jelek tapi kalian emang ga nyangka aja kan klo dia cinta kuyaaa",1,,,,
471,PADA GATAU TAN SKIN APA JIRR CAKEP GINI DI BILANG APALAHH,1,,,,
472,aura mba2 pembaca tarot kuat bangttt😭🙏,0,,,,
473,"d saat org berbindong""utk mnjdi putih,wanita ini dengan bangga nya dengan warna kulitnya..ini lah yg d sebut Bersyukur☺️",1,,,,
474,gaes glowing gak harus putih. cinta ini kek jenifer. lebih suka kulit tan. jadi bukan dia gak ngerawat diri. justru dia sengaja ngubah warna kulit biar eksotis,1,,,,
475,malah keliatan lbh mudaan emaknya😳,0,,,,
476,Coba dehhhhh …….Ke salon ?? 😁,0,,,,
477,"plisss normalisasikann tan skin teman""🙏🏻, semua kulit tuhh cakepp✨",1,,,,
478,"maaf bgt,pertama liat tak pikir peramal/mbah dukun g nge klo uya kuya",0,,,,
479,"Cantikkk bngtttt🥰please jgn dengerin orang ngomong apa,kmu cantik dengan pilihan kamu sendiri,setiap",1,,,,
480,"Cantik cinta kuya, inilah sebenarnya kulit Indonesia woy, Tan skin banggalah kalian, tapi cinta kurangi baju terbuka nya yaa",1,,,,
481,"guys mf tapi dimataq ini cantik,
smp pangling, klo gak krn liat nama dan komennya aq gk tau ini Cinta Kuya",1,,,,
482,cewe kaya looks cinta ini di amrik sana emg jatuhnya cewe kece woii. beda ama kita,1,,,,
483,Cinta banyak yang bilang aku mirip kamu 😭,1,,,,
484,Pdhl lebih cantik jdi diri sendiri,1,,,,
485,"kalo liat kak cinta aku percaya cantik itu gak harus putih,tapi gak cocok di kampungku,yg putih itu yg cantik😭😭😭😭",1,,,,
486,pdhl cantikan dulu,0,,,,
487,"dia gak mau putih guys pilihan dia sendri kok ,tanskin di luar negri kan mahal 🥰",1,,,,
488,"pengen deh kayak cinta,keluar negri +kerja disana😭",1,,,,
489,cinta sama amel carla awet muda bgt wkwk,1,,,,
490,tanpa oplas cantiknya alami....cinta cantik...😎,1,,,,
491,Cantikkk bangett tan skin🥰,1,,,,
492,Makeup zaman emak gw sih ini cin🥺,0,,,,
493,aku jg lebih suka natural gini sehari hari dr pada dempul😂,1,,,,
494,dia itu cantik di negara bule sana,1,,,,
495,Mirip cinta anak nya uya kuya,1,,,,
496,"lahh kirian aku bukann cinta anknya uya kuyaa, cantikk bgttt",1,,,,
497,kulitnya bgus bangettt🥰,1,,,,
498,cantik banget 🥰🥰 vibes nya sdah kyak Amerika latin 🥰🥰,1,,,,
499,"itu sesuai gaya di negara sana, memang kulit kaya gitu sesuai standar kecantikan negara sana, beda lagi kalo dia tinggal di Korea atau cina pasti gayanya sesuai negara situ juga, kayak nya dia fashionable",1,,,,
500,"maaf ya cinta di mata ku jadi kayak peramal,kayak mak2 tarot tu loh",0,,,,
501,kalian yg ngomen kaya uda sempurna aja😌,1,,,,
502,ngbayangin teh astrid pas muda😍,1,,,,
503,kamu cantik tanpa perlu validasi dari orang2 rese... 🥰,1,,,,
504,kulitnya idaman para bule☺️,1,,,,
505,tp trliat lbh tua dd umurnya😭,0,,,,
506,tan skin disana cantik loh guys di indo mah beda lagi,1,,,,
507,tapi rambutnya plis😭 mengurangi kecakepannya maap ya🫵🙏,0,,,,
508,"umurny berapa sih,maap keliatan tua",0,,,,
509,demi apa pdhl dulu imut bgt kok sekarang?,0,,,,
510,cinta lu knpeee cin? knape jadi begini,0,,,,
511,mau kek manapun dia tuh bahagia dengan dirinya sendiri tau.... kalian punya tenaga bgt ngurusin hidup orang.. lah gw mau mandi aja magernya minta maap 🤣,1,,,,
512,kget njir liat cinta skrng kek gni😭,0,,,,
513,jadi kaya umur 35 an gini🙂🙂🙂,0,,,,
514,cinta knpa malah kaya gini 😔,0,,,,
515,kulitnya bagus bgt deh,1,,,,
516,cantik banget loh kulitnya 😭 walaupun ga putih tpi bersih mulus🥰,1,,,,
517,"kaya gini di hujat ? ini cantik bgt woyy kulitnyaaa 🔥 , heran bgt definisi cantik harus putih 😒",1,,,,
518,lebih muda mamak dia di banding dia maaf haa cinta tapi emang iya😌,0,,,,
519,Gw kira anaknya uya kuya,1,,,,
520,"hiraukan aja hujatannya kk
yg pentingg ilmuuu nyaaa👍",1,,,,
521,Tua,0,,,,
522,Cinn cantik bangettt😭,1,,,,
523,"komennya kejam2 banget🥲 emangnya cinta salah apa sih sama kalian guys?? cantik itu gak mesti sulam alis,pake eyelash,softlen,sulam bibir dll😩",1,,,,
524,cantik bgt warna kulitnya🥰,1,,,,
525,pas dewasa gini dia mirip mamanya banget,1,,,,
526,kacamata nya.. bikin tua,0,,,,
527,"komennya pd knp si, emng dia harus begimane, idup idup dia ngapa pd ngatur dah😭",1,,,,
528,disni cinta mirip banget sama mama astrid,1,,,,
529,"Standar kecantikan org , negara, selera itu beda beda jdi stop buat nuntut standar kecantikan seperti di ekspektasi kalean !",1,,,,
530,Cakep Manis loh .. please lahh nggak semua orang harus putih ya kulitnya .. tiap orang punya style nya masing2 ..,1,,,,
531,masya allah cantik&mandiri😍,1,,,,
532,kenapa hostnya tidak langsung memutar video lawasnya? jangan terlalu menjaga perasaan tamu yang di undang,1,https://www.tiktok.com/@akuratco/video/7571755534978665729?is_from_webapp=1&sender_device=pc&web_id=7516794053255742983,,,
533,kaum 58% gak bakal sadar,0,,,,
534,apaalgi anak abah yang masih ngarep abahnya jadi presiden,0,,,,
535,Kambuh lagi org ini,0,,,,
536,ahhh termul ya tetep termul,1,,,,
537,bunglon...🤔🤔🤔,0,,,,
538,projo(negri dan rakyat) kocak2 jauh banget ngelak nya🤣🤣🤣,1,,,,
539,"apa yg harus di percaya SMA bapak ini,kasih video lama,kata beliau waktu dl projo itu apa",1,,,,
540,"Betapa malangnya negara ini, kasi makan,fasilitas mewah ke orang macam ini..",0,,,,
541,Tergantung siapa yg kasih makan,1,,,,
542,PROJO : NEGERI DAN RAKYAT ? Singkatan nyambungnya dmn?,1,,,,
543,mukanya😂😂😂😂,0,,,,
544,kalo dia bilang A berarti yg benar B,1,,,,
545,mntap pak ambil aja negeri ini buat pak projo,1,,,,
546,Dari mukanya aja sudah kelihatan 🤣,0,,,,
547,kalo ngga ngeles ya bukan ternak😂,0,,,,
548,mengganti logo berharap bisa masuk Gerindra🤣🤣🤣,1,,,,
549,Ngabalin jilid 2🗿,1,,,,
550,pak judi Arie lagi klarifikasi😂,0,,,,
551,internet cepat kan,1,,,,
552,ini org terlalu banyak karisifikasi 😂😂😂😂,0,,,,
553,projudol,0,,,,
554,Sengkuni,0,,,,
555,kambuh lagi,0,,,,
556,judol judol,0,,,,
557,Meluruskan= membelokan ?🤪 #paham🤣,1,,,,
558,muncungnya,0,,,,
559,🤣🤣🤣🤣 cuci muka cuci tangan cuci apa lagi,0,,,,
560,bahaya org ini,0,,,,
561,"kata Mak aku , orang itu yg dipegang dipercaya omongan nya....yg keluar dari MULUT nya....🤭🤭🤭",1,,,,
562,internet cepat buat apa,1,,,,
563,ke 20 min🗿,1,,,,
564,preett,1,,,,
565,orang apa ini guru,0,,,,
566,intinya cari makan.. tak ada yg lain....,1,,,,
567,pro apa ini?,1,,,,
568,dia siapa?,1,,,,
569,tidak jauh jauh dari ajudannya ngibulnya,0,,,,
570,Ngabalin versi 3 setelah Haikal hasan,0,,,,
571,angkot jangan dengerin😂,0,,,,
572,iya percaya ko 😌😌 🗿,1,,,,
573,baru tau arti yakult dikasih nyawa😭,0,,,,
574,sengkuni sengkuni,0,,,,
575,yang penting perut kenyang,1,,,,
576,"projo, JOnya apa?",0,,,,
577,jangan lupa kan jejak digital nya. Ruhut juga ini menempati diri pada penguasa. supaya tetap eksis 🤣,0,,,,
578,gangsinggghh....muter2🤣😂,0,,,,
579,nyari kerja skrg susah 😅😅😅,1,,,,
580,kapan masuk pengadilan Pak budi?😁,0,,,,
581,tahun itu dia ngomong Projo pro Jokowi. knpa gak ditunjukin aja video nya biar dia kemakan fakta yg pernah di omongin. ?,1,,,,
582,"mepet pasti ada butuhnya.. jangan mau pak Prabowo disusupi org"" beginian",1,,,,
583,ngisng aja,0,,,,
584,ya kali kejayaan selamanya bang 😂,0,,,,
585,siapa ya loe,1,,,,
586,di lupa rekam jejaknya 🤣☺️🤣,0,,,,
587,Yakin Projo dalam bahasa sansakerta negeri & rakyat ? coba cek geh di google translate 😂😂😂,1,,,,
588,ITU PRAJA BUKAN PROJO,1,,,,
589,Jadikan sekjen Gerindra...,0,,,,
590,Projo itu pro Jokowi 😀,0,,,,
591,omongan gak bisa di pegang bahaya,1,,,,
592,dia yg ngomong dia yg bantah sama kaya junjungannya,0,,,,
593,projo artinya negri dan rakyat😭😂,1,,,,
594,cari amannn....,1,,,,
595,garis lurus bersama pak jokowi gak kenal namanya budi ari,1,,,,
596,Budiiii Budi,0,,,,
597,apa aku yang kurang paham maksdnya 😏,1,,,,
598,dipotong sendri omongnya😁,0,,,,
599,Dia siapa sih,1,,,,
600,Gak pemuja gak mulyono nya 11 12 lah,0,,,,
601,Ngomong apa lagi di darto helm,0,,,,
602,artinya Projo itu artinya Projo 😂,1,,,,
603,Projo itu artinya Pro judol ?,0,,,,
604,projo artinya negri dan rakyat....apa hubungannya sattt😭😭,0,,,,
605,dari awal sdh gak jelas 🤣,0,,,,
606,Si Budi Judol dompetnya udh tebel 😂,0,,,,
607,"maaaf saya orang awam, saya coba nyari arti negeri dan rakyat kok beda ya",1,,,,
608,bukan netizen atau media yang bilang anda gak loyal ... tapi anda sendiri .. jejak digital itu pahit,1,,,,
609,dari muka aja kelihatan,0,,,,
610,keknya lebih tepat pro judol dah😒,0,,,,
611,dia pikir kita sebodoh pendukungnya!. 😩,0,,,,
612,model sengkuni...😄,0,,,,
613,fungsi anda apa ya,0,,,,
614,mukanya gak ada enak2nya diliat 😏,0,,,,
615,affiliate wajib tinggalin jejak,1,,,,
616,aura judol mya kuat banget,0,,,,
617,gedabrus 😂,0,,,,
618,bang coba duet sama firdaus kyke cocok deh,0,,,,
619,memang aturan pertama dipolitik adalah tidak tau malu.,0,,,,
620,ketika anjing lagi milih tuan yg ingin mengadopsi nya,0,,,,
621,aku lihat dia kok kaya lihat kotaran saya yah. adakah yang sama?,0,,,,
622,Ahh ngeless mulu,1,,,,
623,Harus nya diganti PLONGO,1,,,,
624,info link gacor dong bos,1,,,,
625,Orang kaya begini ga usah di kasih panggung,0,,,,
626,"botak ngak ada rambut,,dia ngk ad otak🤣🤣",0,,,,
627,hayo tebak mana lebih keras jidat budi ari apa batu bacan?,1,,,,
628,kalo tuan dan anjing bahasa lain nya apa??,0,,,,
629,"labi labi ,kadang di air kadang di laut",1,,,,
630,kebiasaan media yaa gini...ngasih panggung...makanya Konoha gak pernah maju..,1,,,,
631,fungsi nya projo itu apa sih,1,https://www.tiktok.com/@pecompedia/video/7569719283723291925?is_from_webapp=1&sender_device=pc&web_id=7516794053255742983,,,
632,tempat para gembel cari pakan,0,,,,
633,umur segini nggak paham projo😅,1,,,,
634,PROJO = pro jokowi,1,,,,
635,emg jokowi itu siapa???,1,,,,
636,koq nyanya ke saya..🤣🤣🤣,0,,,,
637,"relawan juga manusia Prof. butuh makan dan butuh jabatan, mknya kami hrs terus menjilat.",0,,,,
638,bikin gaduh negri ini,0,,,,
639,bela jokowi lah bos,1,,,,
640,ngerecokin negara,0,,,,
641,kok bisa ya muka nya mirip2 petinggi2 nya apa ini suatu kebetulan...???,1,,,,
642,fungsinya bikin gaduh dan untuk menutupi bobroknya rezim 10 th yg lalu,1,,,,
643,buang sampah di kali angke dan bersihkan got got yg buntu namanya juga relawan,1,,,,
644,MENJILAT junjungn nya 😅 kalau gak NGENJILAT gak bisa makan 🙃🤭,0,,,,
645,jaga jamban berak,0,,,,
646,untuk menggembor gembor kan tuan nya dan menjilat demi cuan,0,,,,
647,"promotor judi online,....😁😁",0,,,,
648,Ibu ini lrbih cerdas daripada para relawan,0,,,,
649,"ya iyalah di profesor ko,termul otaknya zonk",0,,,,
650,IBU INI MGOMONG APA 🤣,1,,,,
651,cerdas ibu Siti Zuhro 👍,1,,,,
652,ini Projo ngomong apa si,0,,,,
653,relawan itu baiknya kalo gak bubar dipidanakan saja karna bikin fitnah kisruh dengan buzer2nya,1,,,,
654,gimana mau bubar cari cuan nya dengan begitu,1,,,,
655,kalo dibubarkan dapurnya gak berasap bang,0,,,,
656,ini Jokowi punya dana tak terhingga untuk Tim relawan jadi uang nya entah dari mana dana politik Nya Hanya jaman Jokowi relawan berkelanjutan,0,,,,
657,"yang relawan Mulyono ,bayaran nya tetap berlanjut makanya mereka gak bubar",0,,,,
658,fredy ni orang indo apa bukan si,0,,,,
659,"orang yang berfikir sehat, beda dengan projo",0,,,,
660,kalau termul diskusi selalu memaksakan diri.,0,,,,
661,relawan hanya cari isi perut ke penguasa,1,,,,
662,para penjilat mulai.saling . cakaran.🤣🤣🤣🤣,1,,,,
663,RELAWAN BERUBAH JADI ORMAS YA CUMA PROJO 🤣🤣🤣,0,,,,
664,"kalau mereka berhenti sebagai relawan, mereka ga ada pendapatan (duit) lagi Prof.",1,,,,
665,"nyari duitnya emang begitu Bu,,klo ga jadi relawan ntar pengangguran kan ijasahnya palsu",0,,,,
666,Itu relawan cari cuwan....😂,1,,,,
667,betuuul prof,1,,,,
668,"ibu bicara panjang lebar itu nggk akan masuk sama Projo,",1,,,,
669,Semua Relawan harusnya otomatis bubar setelah Pemilu selesai seperti halnya Tim Sukses bukan malah dipelihara. Semua Tim Relawan Capres sudah bubar dengan sendirinya Kecuali Relawannya Jokowi tetap dipertahankan.,1,,,,
670,karena cari makannya dari situ,1,,,,
671,gak bakal ngerti Bu mreka di jelasin juga,0,,,,
672,relawan kalo di bubarin terus makan apa para relawan itu bu,1,,,,
673,ah sampai sekarang juga masih ada judol,0,,,,
674,bubarkan relawan,1,,,,
675,Damanik emang ga jelas cara ngomongnya serta jalan pikirannya. mungkin itu mulut belum pernah makan bangku sekolah 🤦,0,,,,
676,dasar termul,1,,,,
677,membuat masyarakat terpecah belah,1,,,,
678,Percuma di.jelaskan prof termul mana faham yang ada di otaknya cuma bagaimana keluarga mereka bisa makan,1,,,,
679,relawan yang sering bikin gaduh hingga demokrasi kita melorot,1,,,,
680,kalau relawan bubar tar ga di bayar lagi...buuu,1,,,,
681,pikirkan ekonomi supaya rakyat sejahtera ... politik terus kapan neres nya ... pemilu udah usai mari kita pikirkan raktyat supaya sejahtera.,0,,,,
682,"bener ibu ini, yg namanya relawan, jurkam, tim pemenangan, timses, itu biasanya adanya di musim pemilu, ini pemilu sdh lewat masih aja ada projo. nanti dibilang cari panggung malah tersinggung, malah gak trima. ingat Kontestasi dan rivalitas sudah selesai !!! mari bersatu bangun negeri ini, jangan sibuk sendiri dengan organisasimu !!.",1,,,,
683,"andi azwan kocak,,justru karna jaman budi ari,judol dilindungi,makanya pas dia berhenti jadi mentri,banyak yang berhati hati,karna backinganya udah gak ada",1,,,,
684,elawan pengen jadi komisaris bu🙏,0,,,,
685,relawan bayaran,0,,,,
686,ini bukan relawan lagi melainkan TERMUL namanya 😁😁,0,,,,
687,Ibu Siti Zuhro memang cerdas tuuuh...... is the best 👍👍,1,,,,
688,itu komplotan bukan relawan,1,,,,
689,Relawan apa kelompok penjilat?,0,,,,
690,relawan itu pundi nya cari uang aja,1,,,,
691,bubarkan Bunda.,1,,,,
692,hahahahahahahahaha kena deh hehehehe,1,,,,
693,karena relawan jaman Jokowi komonis itu menghidopkan komonis,0,,,,
694,"satu lagi ini hasil kerja jokowi, menurunkan demokerasi",0,,,,
695,sejak 2014 gaduh terus,1,,,,
696,"yang bahas seorang profesor,yang menghadiri mahasiswa. yang di bahas relawan projo relawan jokowi jokowi nya,,orang yg tidak berijazah/ijazah nya palsu.",0,,,,
697,sejak Jokowi jadi presiden lah ada relawan ada influencer dan piara buzzer ...pemecah belah anak bangsa 😂😂😂😂,0,,,,
698,Ibu Prof Siti Z. debat dak kelasnya dengan orang projo .karena orang ini tidak berkualitas.,0,,,,
699,ngomong aja gak tertib para termul,1,,,,
700,"jangan komentar Bu, nanti dipenjarakan Bu, nanti di pikir lawan penguasa",1,,,,
701,relawan itu penjilat,0,,,,
702,Beda bet klo orang cerdas berbicara,1,,,,
703,relawan termul cari sembako,1,,,,
704,fredy salah yg penting ngeyel,0,,,,
705,fredy fredy dah lah pusing rakyat,1,,,,
706,plisss carilah pekerjaan dengan cara bermartabat!!!🙏🙏🙏🙏,1,,,,
707,relawan gak jelas cuma cari panggung,0,,,,
708,betul bu relawan itu komplotan atau gerombolan buat apa ada partai politik,1,,,,
709,relawan Jokowi itu pengangguran jadi pengangguran itu cari makan,0,,,,
710,"Judol berhenti setelah budi arie berhenti jdi menteri, logikanya judol itu berhenti karena gak ada lagi Backup dari Budi Arie jangan-jangan😂",1,,,,
711,"ini baruu asli orang cerdas,tidak abal-abal bicara nya juga enak",1,,,,
712,relawan itu bantu orang banyak bantu orang2 susah bukan bantu perorang,1,,,,
713,relawan tapi gak rela 🥵,0,,,,
714,"Susah ngomong sama termul, seolah-olah mereka pada paling bener, padahal semua orang berhak punya pemikiran! Gemes bgt gw liat mereka!",1,,,,
715,di media sosial di stasiun TV kapan ribut-ribut pasti relawan jokowi,0,,,,
716,ibu ini pinter cerdas..dr pada mulyono mulyono🤣🤣,1,,,,
717,cuma relawan jokowi yang gak mau bubar,1,,,,
718,ini baru ibu pejabat yg cerdas dn bijak.,1,,,,
719,"banyak yg cari makan bu, disitu ada lumbung makanan disitu semut berdatangan",1,,,,
720,Saking susahnya cari kerjaan,1,,,,
721,mantab bu dosen,1,,,,
722,relawan itu toxic,0,,,,
723,intinya relawan ingin mengadu domba rakyat dan yg utama mengalihkan isu dari semua kasus jokowi,1,,,,
724,relawan minta imbalan jasa,0,,,,
725,relawan dibuat kelanggengan kekuasaan,1,,,,
726,relawan itu ada berapa orang sihh?,1,,,,
727,Mereka bukan relawan tapi ketua dan dan wakil serta jajaran nya pengemis jabatan lalu pengikut nya pencari nasi bungkus,0,,,,
728,buat projo....terus lh menjilat...karna itu jalan usaha menapkahi keluarga nya😁😁😁😁,0,,,,
729,"Betul banget Bu, relawan itu hanya bikin gaduh",0,,,,
730,namanya ternak iya peliharaan kenapa dipelihara iya karena menguntungkan,1,,,,
731,Relawan itu pabrik yg memproduksi hoaks dan digaji dg bansos. Sumber dananya berasal hasil kumpulan para koruptor yg dikelola oleh Mulyono.,0,,,,
732,selama transfer nya jalan terus ya hajar terus...😅😂,1,,,,
733,"dengan pemberian gelar pahlawan kepada pak Harto, akhirnya kita tahu siapa-siapa yang menolak dan itu menunjukkan jika mereka itu keturunan siapa. pada keluar dengan sendirinya kan yaaa... 😂😂",1,https://www.tiktok.com/@media_indonesia/video/7571783191468510480?is_from_webapp=1&sender_device=pc&web_id=7571827776224577042,,,
734,satu lagi kak jadi kan tragedi 98 siapa dalang nya dan yang lengserin pak harto siapa🤭 diem nya pak harto selama nih di bayar tunai allah bukain semuanya,1,,,,
735,keturunan PKI,0,,,,
736,"kalau tidak ada pak soeharto, kita jadi negara komunis terbesar ke 2 di dunia",1,,,,
737,tau kan ribka tjiptaning siapa..?,1,,,,
738,Yang katanya bangga jadi anak pki… makanya benar kata pak harto pki 7 turunan jangan di kasih panggung pemerintahan.. dan ini lah kenyataanya paling pinter maling teriak maling ingat kan tahun 65,0,,,,
739,anak pki,0,,,,
740,2029 jgn ada yg pilih calon apapun dari PDI-P,1,,,,
741,"dari jawa tuh yang pilih, kalau dari sumatra udah tidak laku banteng",0,,,,
742,pak harto bukan pembunuh rakyat justru pak harto sangat sayang dengan rakyat,1,,,,
743,"pak Soeharto lah yang menghidupi rakyat dengan ilmu pengetahuan,,,✅👍",1,,,,
744,"betul, bisa di liat dari anak sekolah jaman pak Harto sama anak sekolah jaman sekarang, dl kelas 6 SD aja sudah hapal ibukota negara-negara, pegangan rpul, rpal, 1 jam berapa menit aja tau, anak skrg? 😭😭😭",0,,,,
745," anak jaman dulu benar-benar pinter pake otak tidak pake google, kalkulator dan lain-lain kayak sekarang",1,,,,
746,Mega dan puan juga tangkap dan adili jangan lupa Ganjar pranowo,0,,,,
747,Ribka Tjiptaning wajar ngomong begitu krn...(telusuri riwayatnya),0,,,,
748,Ribka itu bangga jadi anak PKI....!!! pahamkan,1,,,,
749,HNYA. PRESIDEN SUHARTO YG KAMI RASAKAN KEHIDUPAN BERBANGSA DAN BERNEGARA SESUNGGUHNYA TIDAK ADA PERBEDAAN SUKU RAS AGAMA BHINNEKA TUNGGAL IKA BENAR BENAR DIRASAKAN 🥰 💪🏻,1,,,,
750,kejahatan pak harto 8% kebaikan pak harto untuk negara Indonesia 90.2% saya rakyat jelata tapi sangat merasa nyaman waktu beliau jadi presiden🥰,1,,,,
751,Wajib di usut ngomong Seenaknya apalagi di Awal itu kasar sekali ngomong tak pakai Adab Pada Seseorang yang Jasanya cukup besar di akui Banyak orang di Negeri ini,1,,,,
752,kata almarhum ibuku enak jamanya almarhum bpk soeharto..🥺🥺,1,,,,
753,"aku juga ikut merasakan pas SD apa yg aku inginkan selalu dituruti sama ibu 🥰 tiap lebaran selalu dibeliin gelang,anting..heee",1,,,,
754,INGAT GAIIS....!!! JANGAN PERNAH MEMILIH PARTAI PDI DLM PEMILIHAN UMUM BERIKUT NYA..,1,,,,
755,"pak Harto presiden terbaik, dari semua presiden indonesia.",1,,,,
756,Megawati juga.jadi presiden bukan pilihan rakyat.kudeta Gus Dur.indosat d jual aset negara yang d jual berapa banyak itu,0,,,,
757,Rakyat yang mana... buktinya saya sebagai rakyat masih makan nasi.. dijaman pak harto saya malah mudah cari pekerjaan.. dan diera megawati pembuat outsorsing sabagai rakyat kami merasakan susah dapat pekerjaan dan masadepan pun makin tidak jelas,1,,,,
758,saya sebagai rayat biasa sakit hati dengan ucapan si ciptaning sudah menebar fitnah pada suharto yang saya hormati,1,,,,
759,oalaahh.. pak ...pak.. klo boleh milih lebih baik RI jgn sampe dipimpin oleh Alm. Soeharto,0,,,,
760,"Mantaap biar kader PDIP, gak sewenang-wenang, meniru niru gaya bicara ketua umumnya si Nenek, Bpk Suharto itu tulus..Di akui atau tdk di hatiku Bpk Suharto tetaplah Pahlawan 👍❤️",1,,,,
761,Saya bersaksi bahwa bapak soeharto sangat teramat pantas dan negara harus wajib memberikan gelar pahlawan nasional kepada beliau. jasa-jasa beliau selama memimpin tidak bisa tergantikan.sesungguhnya Para kader PDIP itu sendirilah yang antek dan sarang palu arit,0,,,,
762,"usut tuntas ucapan saudari ripka, suruh buktikan ucapan mereka, apa jasa mereka, baru jadi kader pdip bicara se enaknya",1,,,,
763,"pak harto ragamu tidak terlihat lagi, tapi pak Harto tetap di hati kami, Bapak pembangunan bapak yang cinta ulama, Bapak yang banyak bangun masjid seluruh nusantara Bapak harto yang merakyat negri aman sembako murah, rindu kala itu. alfatihah buat pk soeharto. 🤲🤲🤲",1,,,,
764,bagus biar tdk seenaknya ngomong pak suharto,1,,,,
765,sangat setuju kalo ciptaning di laporkan ke polis,0,,,,
766,"pak Harto presiden terbaik, dari semua presiden indonesia.",1,,,,
767,jangan sampai rakyat yang menyukai pak harto ambil tindakan sama yang suka jelek-jelekin pak harto,0,,,,
768,bagi orang cerdas dan jujur dan paham sejarah yang sebenar nya sejak tahun 65 pasti cinta ke pak suharto,1,,,,
769,PRESIDEN SOEHARTO ADALAH PAHLAWAN NASIONAL DAN PRESIDEN SOEHARTO ADALAH BAPAK PEMBANGUNAN.,1,,,,
770,"betul mas ,dituntut saja ,politikus harus santun dan nyata",0,,,,
771,tuntut ciptaning dan pdip,0,,,,
772,cocok bang.. maju terus... biar mrk tau etika dan tidak hanya men jelek2 an tokoh bangsa. mereka emang siapa,1,,,,
773,adil biar ga seenak jidatnya gomong👍👍,1,,,,
774,politisi PDIP ini sudah seharusnya dilaporkan kepada pihak yang berwajib karena membuat pernyataan yang sangat mencederai keluarga besar almarhum bapak Soeharto,0,,,,
775,Penjarakan,0,,,,
776,kalau.perlu penjarakan seumur hidup,0,,,,
777,betul penjarakan se umur hidup gerwani nyata itu..,0,,,,
778,Soeharto tetap di hati,1,,,,
779,"pak Soeharto bapak pembangunan,kalo tanpa beliau kita tidak seperti sekarang",1,,,,
780,laporkan dan penjarakan👍👍👍👍,0,,,,
781,bapak Presiden Ke 2 Soeharto adalah Presiden terbaik dia peduli rakyat mensejahtrakan masyarakat negara aman aman memakmutkan petani meningkatkan pendidikan,1,,,,
782,saya rasakan jaman bapak Suharto sangat adem ayem,1,,,,
783,isu pahlawan nasional bisa memancing mereka keluar . mantap pak prabowo,1,,,,
784,dia masih sakit hati dia itu kan anak turunan pki,0,,,,
785,pak Harto lebih pantas jadi pahlawan nasional,1,,,,
786,mantap sdh ini yg saya mau dengar ayoo pak laporkan dan tangkap mereka biar dia rasakan juga namax jeruji penjara,0,,,,
787,Proses hukum.....biar Dia tau rasa,0,,,,
788,Tangkap segera,0,,,,
789,Ternyata yang downfall siapa gesssss??? Beliau?,1,https://www.tiktok.com/@azizahsalshaa/video/7564385307567672594?is_from_webapp=1&sender_device=pc&web_id=7481636682857694728,,,
790,mau dipaksain positif vibes juga gabisa rul.,0,,,,
791,eh zize bapak lu noh lg bersih2 nama elu,0,,,,
792,Bro merasa dirinya Ariel tatum 😭,0,,,,
793,ayah zize nyindir arhan,1,,,,
794,"Ga ada yang editin, jadi edit sendiri 😭",1,,,,
795,"aku nemu foto ini, yaallah ngakak banget😭",1,,,,
796,"udah ada temennya tuh zah, Jule sama nisa😭",1,,,,
797,MUKA GA SEBERAPA NYAKITIN NYA GA KIRA KIRA NURUL NURUL,0,,,,
798,ANAK ABI LC,0,,,,
799,"zize,jule,nisa,luthfi,bikin gc sana",1,,,,
800,"idiiiiiihhhhh hueegggg, muka aal mewakili banget 😭😭😭",1,,,,
801,downfall era rul? definisi makan ludah sendiri hahahaha,0,,,,
802,Pada biadab semua termasuk lu zize,0,,,,
803,Nurul mallu ga sii ditolak hampir seindonesia🙈🙈,0,,,,
804,"semangat kak,kamu sendirian😚",0,,,,
805,BERANI BGT NONGOL DI FYP GUEEEE NURUUULLL,0,,,,
806,vibe nya udh beda mau sepositif apapun itu,1,,,,
807,HAL TERSIAL ARHAN ADALAH MENIKAH SAMA KAMU!,0,,,,
808,kalo bukan arhan gw gak tau dia siapa 🙃,0,,,,
809,"aura nya ituloh, aur auran 🥰",0,,,,
810,masih berani upload foto dia,0,,,,
811,Heran banget masih ada yg bela nurul kenyataannya kelakuannya kyk gitu kenapa tutup mata sih,0,,,,
812,tenang zah kamu sendirian kok:),0,,,,
813,cuihhh,0,,,,
814,Kalian minggir dulu !,1,,,,
815,nurul : makasiiyyy ya jul berkat lu berita gw tenggelem😂,1,,,,
816,aura negatif nya kuat bngt,0,,,,
817,kalau ga karna arhan gatau zize,0,,,,
818,PUAS BGT BACAIN KOMEN 🤣🙏🏻,1,,,,
819,aura jablai nya kuat bgt,0,,,,
820,Yang ngomong dalam hati dicatat juga yaa 😭🙏,1,,,,
821,"percuma dihujat gabakal di dengerin gess, dia punya uang 💸",0,,,,
822,"ngapain hi hi , org ga kenal😭",0,,,,
823,semoga arahan dapat wanita yg baik2 dan tulus..,1,,,,
824,zize anjjjj😭,0,,,,
825,"kalian pada kenapa sih, dia udh berusaha jadi yang terbaik kok tapi tetep gabisa",0,,,,
826,the power of ratu iclik,1,,,,
827,gamau maapin semua salah lo:(,0,,,,
828,padahal arhan yang bantu sampe kaya gini,1,,,,
829,hok cuhh,0,,,,
830,masyaallah cantikkk banget Pratama Arhan punya Istri😊,1,,,,
831,sebel ga sih ges?,1,,,,
832,kak masyaallah nggak cape apa cantik terus,1,,,,
833,Gua kalo mau temenan keknya mikir2 dah wkwkwk tkt bgt ngembat suami,0,,,,
834,pret,0,,,,
835,berani ya dia,1,,,,
836,komennya beneran mewakili 😂,1,,,,
837,Arhan sebaik itu loh kaa….,1,,,,
838,nyakitin nya luar biasa,0,,,,
839,kalian aja deh yg ngomong😣,1,,,,
840,vibes nya istri idaman bgt yaa,1,,,,
841,kenapa gak minta aku yg editin video nya zuyy?🤭,1,,,,
842,dh masuk grup blm zah?,1,,,,
843,"kalo emg pernikahan mereka karna perjodohan, sebaik apapun pasangan kalo emng masih mau bebas ya ttp mau bebas guys🙂 ga semua nya bisa di samakan🙂🙏",0,,,,
844,"kalau bukan karna nikah Ama arhan ga bakalan tau lu siyapa..tapi happy trs yah zize jalan kalain memang udah masing"" tapi mungkin emng ini terbaik buat kaliyan",1,,,,
845,berani2ny lewat fyp guaa,0,,,,
846,"hello ka zize semangat untuk hari-harinya. jadilah dirimu di versi tebaikmu ka, tanpa harus memikirkan ucapan seseorang yg Tidak tahu dengan isi hatimu. 😇",1,,,,
847,sehat sehat zize❤,1,,,,
848,Julee harus belajar dri zize,1,,,,
849,cantik terus zize 😍✨,1,,,,
850,"nggak akun nisa nggak zize, isinya hujatan semua😁",1,,,,
851,"GUE PERNAH KETEMU ASLINYA ZIZE, CAKEPAN GUEEEE JAUHHH😂😂😂😂 ASLINYA EMH LBH CKEP DRI VIDEO TP STANDARRRRR AJAAA",0,,,,
852,fans arhan dan fans zz akur ulang yah kalian😂,1,,,,
853,Tim gatau zize kalo gasama arhan wkwk,0,,,,
854,saya masih di tim zize walaupun yg lain menghujat ... Krn pasti ada alasan berpisah. tak mungkin ada api klau ngak ada asap 🥰... semangat,1,,,,
855,semangatt zizeeee🥰,1,,,,
856,proud of u zah aku tau km kuat ❤,1,,,,
857,"positif vibes bgt,sumpah boong🙏🏻😭",0,,,,
858,kalo bukan karna arahan juga gue ga tau lu Nurul,0,,,,
859,siapa yang downfall?,1,,,,
860,cung yang tau dia gara2 nikah sama arhann👆,0,,,,
861,Gapernah gua semuak ini liat artis yg bukan artis,0,,,,
862,haii kaa semangattt yahh akuu disiniii🤍🤍akuu nge fans arhan tapi ga ngebencii kaka and ga nge hujat kaka🖤🖤🤍🤍❤💗💗💓💓💞,1,,,,
863,HOOOOKKKKKKKK CUIHH...,0,,,,
864,Cantik,1,,,,
865,INTINYA HIDUP LO HARUS NGERTI BERSYUKUR NENGG,0,,,,
866,"ehh cantikuu lewat, sehat2 yaa zizuunya akuuu🥰🥰🥰",1,,,,
867,sehat2 Neng 😇🩵,1,,,,
868,"semngat cantik.. ayo bangkit zah kmblikan snyummu,ceriamu, kbhgiaan mmanantimu..🥰🥰",1,,,,
869,semangat trus yh zahh,1,,,,
870,followers berkurang jah,1,,,,
871,cantik🥰,1,,,,
872,Kalian yg wakilkan🙏,1,,,,
873,masyaallah cantik banget kaka,1,,,,
874,cantik banget ciii😍,1,,,,
875,kak cntikkk bgtt,1,,,,
876,"Lu aja semua yang ngomong, gua mau silent treatment dlu",1,,,,
877,cuihhh,0,,,,
878,cantik amat💗,1,,,,
879,hok cuh,0,,,,
880,Artis tahun kapan?🙏🏻🙏🏻🙏🏻,0,,,,
881,cantiknya zizah,1,,,,
882,ga ada positive positive nya,0,,,,
883,gamau lihat,1,,,,
884,Cantikkk 🩷🩷,1,,,,
885,kuat-kuat ya zize,1,,,,
886,Sakit jiwa,0,,,,
887,Berasa korban banget,0,,,,
888,"Kalo ga sma arhan,kita ga tau kamu siapa kak😅",0,,,,
889,NGAPAIN SI SEGALA LEWAT,0,,,,
890,Tapi emg lintang mantep bgt sih,1,https://www.tiktok.com/@pinkverse.id/photo/7571136016292105493?is_from_webapp=1&sender_device=pc&web_id=7481636682857694728,,,
891,"""erica tuh endgame gw"" PREEEEETTTT",0,,,,
892,Ini pret nya kecepetan nggasi 😭,0,,,,
893,"aloy "" ntar kalo vconk nyakitin erika ,gw maju paling depan buat erika "" keadaan aloy sekarang =",0,,,,
894,"""when i start i never stop"" pretttttttt🗿🗿",0,,,,
895,"gue berprinsip kalo kita nemuin pasangan di tempat ga bener, bakal ga bener juga endingnya😔",0,,,,
896,MANA NIH YANG MINTA DI SISAIN COWO SPEK BRAVY HAHAHAHAHA,0,,,,
897,"""gaboleh punya org"" wkwk udahtau tp masi direspon heran deh",1,,,,
898,siapa disini yg ga kaget?🤣🙏,1,,,,
899,"kata gue ape, yg tulus cuma penyanyi 😭",0,,,,
900,MALU ANJIR MALUUU banget kalau gue jadi erikaaa😭,0,,,,
901,2025 full cowo” ketahuan selingkuh😭😭,1,,,,
902,pngn muntah keinget podcastnya di deny cagur,0,,,,
903,kontrak selesai dan mission failed 😬😅,1,,,,
904,"emang cuma settingan mereka tuh,cuma pengen jatohin si panda😁",0,,,,
905,dia cuma mau balas dendam sama dj panda😅,0,,,,
906,"mau"" nya lagi si lintang sama aki aki🤣",0,,,,
907,"orang anaknya Erika mirip Bravy,,,kasian si Panda dituduh",0,,,,
908,"emg kmren ada masalah personal sama panda aja itu kesempatan buat dia ngikut, aslinya mah ga beda jauh🤣",0,,,,
909,lintang kan udah ada cowooo. ngadi ngadi nih berita,1,,,,
910,"""jule menambah kan bravy ke grup""",1,,,,
911,Malu gasih 😭,0,,,,
912,berarti cowo tulus tu gaada ya🥺,1,,,,
913,Emang mantap sih lintang,1,,,,
914,HAYOO LO SEMUA YG MINTA CWO KAYA BRAVY MUNCUL 🤣🤣,0,,,,
915,Untung yg terkenal aloy bukan dia 🤣,0,,,,
916,"dari Erica, Bravy, Panda gua cuma suka liat Edward aja🤣🤣",1,,,,
917,apa kabar fans Bravy 😁,0,,,,
918,"udah bawa satu sirkel buat sindir sindiri si ono,malah yang ini mirip mirip,jangan jangan itu anaknya bravy bukan panda hmmm🤔",0,,,,
919,"dari lingkungannya aja kelihatan semua modelan kyak apa wkwk, ga terkejut klo ada berita2 negative diborong sama circle lingkungannya",0,,,,
920,Dan parahnya lagi si lintang yang di salahin jadi selingkuhan sama netizen@Aview,1,,,,
921,cowok² begitu ngarepin apasi?😂 ga kaget,0,,,,
922,Settingan ga si,1,,,,
923,"si bravy mah numpang eksis doang ke mba er😂, itu udh jdi niat si mnurutku.
ku lihat mba er juga ga trlalu mikirin hal kyk gitu,lebih fokus ke karir apalgi skrg udh ada andrew ,org2 problematic tinggal cut off aja",0,,,,
924,PRETTT LU BRAVY MUNGKIN NGELAMAR BUAT BAIK BAIKKN AJA YAA KMRIN,0,,,,
925,udah ada cwo itu si lintang tmn gw,1,,,,
926,densu dan om dedi pasti lagi muak bgt🤣👍🏻,0,,,,
927,trus maksudnya ngelamar itu apaan yaa bambang😭,0,,,,
928,fans fomo pahlawan pada kaget pasti padahal Meraka aja yg fomo yg ngira dia org bener 🤣🤣,0,,,,
929,Langian ngapain percaya aki2🤣,0,,,,
930,arap yang udh nangis terharu bilek 🗿,1,,,,
931,DJ panda pasti ketawa terbahak-bahak²,1,,,,
932,"Knp yaa artis2 hidup nya penuh drama😭😭 awal romastis, ngelamar lah, kepingin jdi garda terdepan , ujung2 nya begini😅😅😅😅",1,,,,
933,pahlawan is over kah 😭,0,,,,
934,Target sudah tercapai dia hanya ingin balas dendam mengebu2 ke panda lewat si er setelah semua hancur kan di tinggal si er nya .,0,,,,
935,Mana nih yg sempet bandingin lamaran nya erbra sama elsyif😂,1,,,,
936,malu bgt pernah dukung bravy😭😭,0,,,,
937,Setingan aja sih selama ini 😅,1,,,,
938,mana nih yg kemarin-kemarin minta di sisain cowo kyk bravy😭,0,,,,
939,gw lega banget erica gak sma aki aki njirrrr,0,,,,
940,HAHAHAHAHAH INI END NYA KAH? ATAU MASIH ADA EPISODE NYA?,1,,,,
941,podcast sana sini eh🤣,0,,,,
942,yaaa namanya juga nemu ditempat yang sama disitu2 juga brave sama panda wkwkwkk pasti gak beda jauhh dunia gitu sama☺☺,0,,,,
943,"aloy :ntar kalau sampe dia nyakitin erika gua maju paling depan
aloy : Menghilang dari line",0,,,,
944,densu dan om dedi pasti lagi muak bgt🤣👍🏻,0,,,,
945,lintang seumuran sama gua,1,,,,
946,"fans nya aki² tutup mata, kata nya gantle man mengakui kesalahan nya lah iya si cewe sengaja cepuin coba kl kaga pasti diem² bae HAHAHAH",0,,,,
947,secepat ini pretnya bjir,0,,,,
948,Keknya kalo jadi erika lebih ke malu gasi drpd sakit hati😭,0,,,,
949,lagian cewe nya mau respon dah tau dua pasangan itu lagi gempar2nya 🤣,0,,,,
950,lgian jg bravy kek numpang tenar gt gksi,0,,,,
951,kontrak pahlawan nya udah selesai,1,,,,
952,si lintang juga ngerespon lgi wkwk pdhl dia kan udh punya cwo😂,0,,,,
953,DJ Panda gua rasa ketawa ngakak cekikikan liat berita ini,1,,,,
954,mana yang pernah bilang sisakan satu laki laki seperti bravy🗿,0,,,,
955,gak kaget krna dr awalll udhh tauu pastii kyk gnii berakhr😂,0,,,,
956,berita tergapenting :),1,,,,
957,Percayalah yng tiba tiba ngak suka ini sebenarnya fans aslinya🗿,0,,,,
958,mkanya aloy bilang nikahNya nggu bravy nikah krn dy tau bravy seperti apa,0,,,,
959,"Wahh penting banget nih berita, bisa ngasih makan gua dan keluarga. Makasih yah",1,,,,
960,cowo kalo setia mati kh?,1,,,,
961,Kmren kan akal akalan dia supaya panda jatoh🤣,0,,,,
962,Bener kata aloy kalo bravy gabakal nikah😂,0,,,,
963,HIDUP PENUH DENGAN SETTINGAN,0,,,,
964,"Katakan pretttt, semua akan pretttt",0,,,,
965,"semangat Ko Bravy, aku tau maksud dari DRAMA ini, keren Ko Brav",1,,,,
966,"kemarin pada muji2 si aki2 skrng pasti pada ngehujat habis2an , ga kagetlah🤣🤣",0,,,,
967,kata gua sih emang udah di setting dari awal😆,0,,,,
968,"yapp, semua akan pret pada waktunya",0,,,,
969,Kocakk pahlawan kesiangan😭,0,,,,
970,serius pret nyaa secepat inii??!😭😭,0,,,,
971,dasar aki aki,0,,,,
972,modelan kaya gitu dipercaya aja udah ngakak 😭,0,,,,
973,"buat apa ganteng kalau gak bertanggung jawab😅
anjayy ga tuh skrg netizan yg dulu mengagung²kan superhero satu ini😁",0,,,,
974,hari hari liat orang selingkuh,1,,,,
975,apa yg mau diharapkan wkwkwk,0,,,,
976,gamau tau dan ga peduli😭,1,,,,
977,wkwk pahlawan pahlawanannya udah selesai,0,,,,
978,apa yang di harapkan sama cwo club?,0,,,,
979,yah pdhl sicowo udah dibangga2in,0,,,,
980,katakan PREEETTT!,0,,,,
981,yang kaya gini di kasih panggung terus buset dah,0,,,,
982,ga penting bgt,1,,,,
983,"ingat yaaa, bravy kan musuhnya beliau, situ berharap apa?",0,,,,
984,"Wkwkwk ga heran, org dunia malam mana bs dipercaya",0,,,,
985,bravy lu se ganteng apa dah busett,0,,,,
986,Kmrn siapa hayo yg bilang bravi tulus hayo dia blm ketauan aja guys,0,,,,
987,dari awal udh gaenak badan🙏,1,,,,
988,dari awal juga udah nyangka gabakal nikah sama si hamil,0,,,,
989,Rencana jatuhin panda gagal ya rubah rencana lagi,0,,,,
990,Biasalah dunia malam😂,0,,,,
991,So ganteng lu bravy!!!,0,https://www.instagram.com/p/DO_YtqfiRgC/?utm_source=ig_web_copy_link&igsh=MzRlODBiNWFlZA==,,,
992,"""Erica endgame gue"" inget tidak lu ngomong gitu brav",1,,,,
993,ok mari kita unfoll,1,,,,
994,Anjir gakebayang se trauma apa erika sama percintaannya,1,,,,
995,PANSOSNYA SUKSES WKAKAKA,0,,,,
996,"Udh tua sok ganteng pulaaa 🤣 ceramah soal selingkuh bla bla bla, kelakuan sama aja. Udh slesai main Bapak2annya? ""Will yuu miri mii"" 😂",0,,,,
997,Yaa lumayan lah hasil kmrn podcst😂,0,,,,
998,pretttt bgt lo bang,0,,,,
999,PAHLAWAN KESIANGAN YEU,0,,,,
1000,prettt bgt dah,0,,,,
1001,Auto unfoll🙏🏻,0,,,,
1002,"Jahat banget lu conk, ga ngaca sm mulut lo yg banyak omong di banyaknya media!",0,,,,
1003,"kalau si erika hamil lagi, berarti sama yang ini dong ?",0,,,,
1004,"Eh sumpah ya brav, aku padahal udah suka dari lo pertama kali muncul di podcast2,, kek orang yang bijaksana , lemah lembut, tanpa ada alasan mencintai,,, tp lo inget yaa ,, ini udah bawa2 baby andrew , kasian dia gatau2 apa2 liat mamanya disakitin orang kek elo yang berpura2 jd pahlawan. :) sabar yaa baby andrew @eri.carl",0,,,,
1005,Udahan ya maen bapak-bapakannya,0,,,,
1006,Sorry unfollow,1,,,,
1007,CANCEL JUGAAAALHAA YUKKK EKWKKEKE,0,,,,
1008,Gw unfollow ya asuuuuu.,0,,,,
1009,"BANG LU GW UNFOL, GW NYESEL BGT DLU DH DUKUNG LU SMAA AJA LU SMA SEBELAH EELAHHHH",0,,,,
1010,Sok-sokan ngomongin panda padahal sama aja,0,,,,
1011,"yang awalnya datang kehidupan err buat jadi pahlawan, ternyataaa PRETTTT pada waktunya. kirain orang benar ternyataa preettt juga:"")",0,,,,
1012,Drama cina,1,,,,
1013,"Coooolllll",1,,,,
1014,Ngangong ngagong ternyata sama ajaaa wkwk,0,,,,
1015,Tau Tai gak pak tua ?,0,,,,
1016,Dah gua langsung unfollow😌,1,,,,
1017,najis,0,,,,
1018,aki-aki bukan sembarang aki-aki ya ges,1,,,,
1019,"Aki aki pansos ..",0,,,,
1020,"Playboy sok tobat, kagak bisa njir.. 😂",0,,,,
1021,"main tipis""di garudagacor langsung wd 20 jt full senyum derr",1,,,,
1022,PANSOS!!!!!!,0,,,,
1023,"end end game, pretttttt 😂",0,,,,
1024,Anj luu sok OKE GAK TAUNYA TAI JUGA!!!,0,,,,
1025,Idihhhh cuihhhhhh,0,,,,
1026,Aki aki,0,,,,
1027,Huek cuiih cuih cuihh,0,,,,
1028,karma lu wkwkw makanya jangan jahat,0,,,,
1029,hokkk cuh,0,,,,
1030,"minimal ganteng sama tinggi dulu baru nyakitin orang, muka pas pasan nyakitin ga kira kira ,ih di selingkuhin orang jelek sakitnya double sakit hati dan mata anj",0,,,,
1031,"panda selingkuh its ok dia ganteng, lah elu busyett",0,,,,
1032,Aki aki bangkotan,0,,,,
1033,cina jawa di kuncir anting kpop 🗿,0,,,,
1034,Si numpang tenar,0,,,,
1035,Hueekkkkk cuihh,0,,,,
1036,Jilat ludah sendiri,0,,,,
1037,wkwkwk kaya permen karet lau manis di awal,0,,,,
1038,"Emang gk cocok sm Erika, Erika kecantikan buat kamu 😛",0,,,,
1039,"ganteng kagak, muka kek aki aki",0,,,,
1040,kriput,0,,,,
1041,ga inget umur😭,0,,,,
1042,jidat lu lebar bego,0,,,,
1043,"sok"" an banget kemarin ngebela erica skrg malah sama aja ga ada bedanya 😂😂😂😂😂",0,,,,
1044,GANTENG LU BEGITU ?,0,,,,
1045,Auto unfoll so cakep biasa aja padahal banyak gaya selingkuh,0,,,,
1046,Mending cakep lu begitu muka pas pas an bego,0,,,,
1047,Banyak tingkah,0,,,,
1048,setan pun tepuk jidat lihat kelakuan ni orang,0,,,,
1049,Real aki aki pansos kaga malu dah😂😂,0,,,,
1050,Udah tua tapi belum berhenti nakal 👏 ya emang dasarnya suka main cewe ampe bangkotan juga tetap begitu,0,,,,
1051,Kita nobatkan menjadi Raja pret.!,0,,,,
1052,tua bukannya ingat umur malah betingkah,0,,,,
1053,Semua akan prett pada waktunya 🤣,0,,,,
1054,KATAKAN PRET KATAKAN PRETTTTTT,0,,,,
1055,"Unfollow lah, muak bgt 😒 enakan liat @mister.aloy ama @karenoct_",0,,,,
1056,KEREN BANGET 🔥,1,,,,
1057,sampai kapan bang lu mau jdi cowok yg gak bisa anteng..dapet spek mbak er aj di selingkuhin apalagi lintang,0,,,,
1058,"unfoll ah, udah ga menarik wkwk",0,,,,
1059,Udah nahan buat No Comment tapiiiiiiiiiiii ih anjir kesel KAGA BERSYUKUR BANGET!!! Ga beda jauh sama si 🐼 bjiirrrr lah fak kata gue teh,0,,,,
1060,"Gaya doang tulus,tapi selingkuh",0,,,,
1061,"Kamu Jahat bngt sih, jd sedih gw🥺",0,,,,
1062,Gabisa komitmen ceunah,0,,,,
1063,"udah kelar ya main pahlawan pahlawan nya 😂,emang cari sensasi dan biar nama nya naik doang😂",0,,,,
1064,Pansos nya berhasil👏,0,,,,
1065,Sorry gue unfol,1,,,,
1066,sok ganteng banyak tingkah,0,,,,
1067,idihhhh,0,,,,
1068,Kontrak nya sudah habis jadi cerita nya dibuat selingkuh dan putus 😂😂😂😂,0,,,,
1069,Maap bgt unfoll,1,,,,
1070,"minimal ganteng lah, udh aki aki bukannya tobat ga beda jauh kelakuan lu kayak si panda wkwk",0,,,,
1071,1.4 jt pengikut nyaa apa yg di liat dari ni orang????,0,,,,
1072,jelek banyak tingkah,0,,,,
1073,Makanya semua akan prettt pada waktunya 🤣,0,,,,
1074,Et dah ganteng banget dah ko,1,,,,
1075,Keren om,1,,,,
1076,Kak @bravyson.vconk anjirr lu kenapa slide 5 tu mukaa enduwww nempel di lu kak 🤣🤣 btw sehat selalu kak ttp jadi sosok papa yg baik untuk enduuw dan mba err ( don’t listen people say what about your life ) so proud of you !!,1,,,,
1077,Cakep woe 😎🔥,1,,,,
1078,"Keberkahan, Keberlimpahan Dan Kemakmuran Selalu Bersama Diri Mu Masee Bravy..😇🤍🔥💪",1,,,,
1079,Baby face begini dibilang aki aki😭,1,,,,
1080,Ko coba ganti model Rambut donk😎,1,,,,
1081,Kerennnn👏,1,,,,
1082,Aloy mana om,1,,,,
1083,Mirip puantat,0,,,,
1084,Ganteng banget sih calon suaminya mba @eri.carl,1,,,,
1085,Hidungnya kek gagal filler bengkak dibawah😂😂😂,0,,,,
1086,Always humble and inspired people Papi nya prince andrew😎🔥,1,,,,
1087,"vibes koko"" hongkong 🤕♥",1,,,,
1088,"Klopun iya aki aki, aki aki mana yg cakeup begini gue tanya😭",1,,,,
1089,Kakak brav ganteng sekali🔥🔥,1,,,,
1090,Sok keren lho padahal dah tua,0,,,,
1091,"Ahhh gilak lo jahat sih, kecewa.",0,,,,
1092,Alamak najisnyee,0,https://www.instagram.com/p/DQ3z_kaCSUr/?img_index=1&igsh=MWd5YjZzanZ5YmU5NQ==,,,
1093,"yang birahi doesennya yang disalahin mahasiswi nya, kok lucu😂",1,,,,
1094,"namanya juga musang birahi, kalau tidak terpenuhi semua jadi kacau, ngamuk dia",0,,,,
1095,lagi masuk musim kawin dosennya ,0,,,,
1096,makanya kadang kami malas cerita karena kek gini,1,,,,
1097,"di India kalau birahi pada salto, kalau di sini pada ngambek ya",1,,,,
1098,"cabut dari tu kampus jangan lupa buat baliho dari isi chat wa nya terus pajang depan kampus, apakah ini ide bagus?🤔",1,,,,
1099,musim hujan jadi mudah birahi ,0,,,,
1100,karena gabisa dapetin mahasiswa nya emosi dah si dosen,1,,,,
1101,"mentang mentang megang kuasa, berasa jadi raja malah cosplay Firaun 😂",0,,,,
1102,bulan November emang musim birahi 😂,1,,,,
1103,otak siapa yang eror orang lain malah kena ,1,,,,
1104,gitulah kalau merasa paling berkuasa ,0,,,,
1105,najisnya dosen kayak gitu otak mesum ,0,,,,
1106,"dosen gaji besar kan yaaa, beli lah paralonte kalo birahi selesai, malah ngakalin murid nya ancaman pake nilai 🗿 kimaak memang ",1,,,,
1107,otak otak pdf emang kelainan bang,1,,,,
1108,"hey ini di Ternate, kampus mana ituuu?",1,,,,
1109,di UIN kalau dosen waras malah ga dikasih jam ngajar. Btw mahasiswa  juga banyak yang eror. emang kampus aneh itu,0,,,,
1110,polisi harus gerak cepat ,1,,,,
1111,"Bu ini kampus IAIN Ternate ada kasus dosen seperti ini Bu. berantas Bu yang menyimpang. dosen tenaga pendidik, masa menyimpang ke mahasiswa ",1,,,,
1112,ngeri ya sekolah Islam malah jadi sarang musang birahi ,1,,,,
1113,"patut dipertanyakan ke dosen nya, selain attitude, tanda baca, penulisan nyaa pun acakkadul",1,,,,
1114,dosen nya gatal🤮🤮,0,,,,
1115,dipukul ini layaknya ,0,,,,
1116,dosen sange ngetik sambil ngocok kali,0,,,,
1117,"kenapa pindah kampus, kenapa tidak pihak dosennya di proses",1,,,,
1118,di kampus gue ada dosen yang selalu manfaatin mahasiswa nya dan pilih kasih. salah satu dosen tiba-tiba kena speakup dari angkatan gue. lu tau ga imbas laporan satu orang jadi ancaman nilai C satu angkatan? nasib dosen cuma di omongin fakultas dan dosen lain. lu tau karena apa? karena dia punya power ,1,,,,
1119,lu punya uang berapa? kok berani mau proses dosennya?,1,,,,
1120,ini bukan dosen tapi Walid nak Dewi boleh??,0,,,,
1121,hati hati demi nilai tinggi tapi Kamu harus diobok-obok ,1,,,,
1122,"gak dosen, gak guru, gak isolop banyak birahinya, contoh nya istrinya gue dulu SMK juga di modusin begini ",0,,,,
1123,parah parah ,1,,,,
1124,"""ust"" ah sudahlah ",1,,,,
1125,ustad itu panggilan saja. sama macam guru atau pendeta ,1,,,,
1126,spill ustad nya mbak kita mau bimbingan skripsi ,0,,,,
1127,Walid nak ela boleh?,0,,,,
1128,birahi dibalik profesi ,0,,,,
1129,akar kejahatan adalah nafsu ,1,,,,
1130,bentar lagi bakal ada komen nyalahin cewek ,1,,,,
1131,musang birahi ,0,,,,
1132,"padahal dia ustad bukan dosen biasa, tapi chatnya dan ajakan nya sangat sangat tidak mencerminkan sebab mana ustad itu ",1,,,,
1133,"gini nih curhat sama orang tua yang gak mau rugi dah bayar mahal, disuruh kita diem aja dan jaga diri baik-baik, pas anaknya bundir baru merengek ",0,,,,
1134,"kayaknya disuruh diem itu hati-hati kak maksudnya, karena yang dihadepin tuh orang penting istilahnya kalo gak ada bukti nanti malah kita dikira mencemarkan nama baik",1,,,,
1135,ealah... padahal orang tuanya udah bener suruh pindah kampus masih salah pun,1,,,,
1136,lagi birahi doesennya ,0,,,,
1137,"udah tidak kaget kalo di kalangan universitas, ya sekelas SMA aja banyak wkwkwk, intinya tiap lembaga pendidikan pasti ada aja yang kayak ginj",1,,,,
1138,ngancengan,0,,,,
1139,Halah paling drama,1,,,,
1140, rahasia umum ,1,,,,
1141,kalo kedapatan dosen kayak gitu hukum rajam depan kampus ,1,,,,
1142,jadi keinget waktu jaman kuliah dulu ada dosen yang suka sama temenku mana heboh banget lagi ,1,,,,
1143,"panggilan ustad kelakuan kek bangsat, tapi udah ngga heran sih yang modelan begitu emang birahinya tinggi",1,,,,
1144,"masih nyalahin baju, orang kalau nafsu sapi tetangga aja lewat ",1,,,,
1145,udah dosen pun ternyata otaknya koaony,0,,,,
1146,ustad? wow,1,,,,
1147,bukan di IAIN Ternate? bertanya dengan nada lembut ,1,,,,
1148,hati hati emang sekarang di kampus banyak yang melakukan penyalahgunaan kekuasaan entah rektor ataupun dosen apalagi hati hati untuk mahasiswi mahasiswi karena banyak kasus kek gitu🥲,1,,,,
1149,"jawab aja apa adanya sih, berterus terang apa adanya ",1,,,,
1150,baru tau dosen dosen sekarang selain mengajar ternyata kurang ajar juga ya terlalu keseringan birahi otaknya agak ngelag ,0,,,,
1151,efek miskin kali pengen kaya tapi bukan pengusaha jadi ngga bisa biayain ani ani,0,,,,
1152,hey dosen idiot siapa ini dosen lokal aja belagu setengah mati. gue cocol congor lu pake ijazah Mulyono baru tau rasa lu!!,0,,,,
1153,mana dipanggil ustad lagi ,1,,,,
1154,"pasti dosennya jelek, coba ganteng ",1,,,,
1155,"lapor ke komisi etik kampusnya kak, ini udah masuk dosa besar perguruan tinggi. hukumnya gak main main loh, NIDN dosennya bisa di blacklist sama  DIKTI",1,,,,
1156,"info akun dosennya, pengen silahturahmi ",1,,,,
1157,"spill dosennya lah, dipanggil ustad kelakuan kek iblis",0,,,,
1158,ini beneran? foto mama papa nya kok pas foto?,1,,,,
1159,cabul banget najis,0,,,,
1160,spill kampus nya dong ,1,,,,
1161,"aku pernah nanggapin, ku selidiki eh ternyata dosen itu sudah ber istri rupanya, hampir saja aku jadi orang ke 3",1,,,,
1162,do aja kak🔥,1,,,,
1163,Walid modus bimbingan ini mah ,0,,,,
1164,keren juga foto mama papa nya latar merah kek mau daftar kerja 😂,1,,,,
1165,jangan bilang dosennya masih umur 30 tahun kebawah? ,1,,,,
1166,"dosen babi, pengen liat gue mukanya ",0,,,,
1167,"datang ke mukanya bawa linggis, cokotin ke muka tuh si musang ",0,,,,
1168,"dah kalo saya jadi orang tuanya, ku jemput jam 3 pagi itu guru macam gitu🗿 siapa yang tega anaknya diperlukan begitu ",1,,,,
1169,musang bigahiy,0,,,,
1170,dosen nya birahi banget Nder?,0,,,,
1171,ustad cabul anjing,0,,,,
1172,"sebenarnya banyak oknum dosen kayak gini, cuma Ytta👀",1,,,,
1173,"ngeri ihh, untung ngga Nemu dosen begini di kampus ku",1,,,,
1174,Walid versi perdosenab,0,,,,
1175,"jadi cantik juga serem ya, kadang cowok tuh ada aja obsesi banget sama kecantikan si cewek sampe kayak psikopat kalo ngejar ngejar ",1,,,,
1176,"gue pernah ngalamin itu satu tahun lalu, dan berhenti masuk matkul sampe di DO dan sampean sekarang belum berani bilang sama siapapun ",1,,,,
1177,horror banget ,1,,,,
1178,"sholat paling depan, titid juga langsung ke depan ",0,,,,
1179,up aja. biar jera itu si dosen ,1,,,,
1180,emang paling enak kuliah di universitas swasta non agamis ,1,,,,
1181,sakit banget dosen nya,0,,,,
1182,najis nyooo dosen cabulll,0,,,,
1183,dosen gini tuh banyak banget 😭,0,,,,
1184,ustad sangee,0,,,,
1185,kelak anak mereka akan dijadikan seperti ini ,0,,,,
1186,anjing-anjing neraka yang menyamar menjadi ustad ,0,,,,
1187,mbaknya ini orang Jawa kuliah diluar Jawa gitu?,1,,,,
1188,Lapor rektor ,1,,,,
1189,info kampus dan akun ig dosen sange nya dong ,1,,,,
1190,"nanti di ewe, lalu kalau bisa mereka menggilir. itu banyak terjadi di sekolah, kampus, dan pompwsy",1,,,,
1191,idihhh musang birahi ,0,,,,
1192,itu dosen apa predator mengerikan ,1,,,,
1193,Ga ngerti lagi ya Allah,1,https://www.instagram.com/p/DRL7f61k7fS/?utm_source=ig_web_copy_link&igsh=MzRlODBiNWFlZA==,,,
1194,"Sunyi, senyap, sah.",1,,,,
1195,"sejak kapan perlu pendapat rakyat...? Emang ini republik demokrasi...? Demokrasi hanya cover instansi"" koruptor.",0,,,,
1196,Demokrasi hanya dibutuhkan hanya ketika pemilu setelah itu kembali ke mode pabrik aka komunis🗿,0,,,,
1197,"pemerintah sekarang tidak bisa dikritik, karena didemo pun faktanya tetap sesuai kehendak pemerintah, seakan-akan demo itu tidak hanya angin lalu dan buang-buang energi",1,,,,
1198,Innalilahi wa innailaihi rojiun RIP HUKUM di INDONESIA 👎🏻⚰️🥀📴,1,,,,
1199,Capek bgt Ya Allah.. mau ga peduli tp gabisa..,1,,,,
1200,lelah.. tak ada imbas apapun.. semua pendapat pergi ke laut,1,,,,
1201,Welcome to orba versi baru guys,1,,,,
1202,"Sudah resmi menamatkan Reformasi, sudah waktunya babak baru rasa lama",0,,,,
1203," izin berpendapat 🙏🏻, ruu kuhap ini salah satunya di bentuk tujuannya untuk menyelaraskan dengan ruu perampasan aset secara prosedural, kenapa? karena basis dari RUU perampasan aset ini ""non-conviction based forfeiture"" dimana tindakan perampasan ""asset forfeiture"" harapannya bisa dilakukan tanpa menunggu pembuktian atau hasil putusan sidang. ini sebenernya bagus karena banyak dari kasus tindak pidana memanfaatkan waktu prosesi sidang yang berberlit dan lama untuk menyembunyikan asetnya sebelum putusan akhir. nah secara esensial RUU perampasan aset itu hadir untuk itu.",1,,,,
1204,"citizen bisa jdi tersangka sewenang-wenang tanpa terbukti jadi tersangka, saksi bsa jadi tersangka, yang tidak terlibat pun bisa jadi tersangka. Maybe we are citizen, but we aint stupid",1,,,,
1205,"Belajar dari yg sudah-sudah. Lu ngajak temen lu demo atas kebijakan pemerintah, bisa langsung ditahan tanpa ada kejelasan. meskipun dari segi hukum tidak ada yg dilanggar.",1,,,,
1206,"kalau penyidiknya kompeten berarti seharusnya gaada masalah kan? jadi ini semua bukan masalah besar kecil wewenangnya, tapi kompeten atau tidak aparatnya?",0,,,,
1207,ketuanya ae gini ga bakal di degert lengserin ganti ketua DPR yg tegas,0,,,,
1208,"Punya kompetensi, tapi mereka nggak tegak lurus kepada konstitusi. Mereka udah jadi alat kekuasaan, ini lho masalahnya. Dikasih fleksibilitas cuma bikin sakit hati.",1,,,,
1209,Perwakilan Rakyat tapi gak mewakili apapun yang rakyat serukan sama sekali,0,,,,
1210,ganti nama jadi dewan perwakilan parpol😂,0,,,,
1211,Rakyat RI ga sekuat Nepal. Mimin punya axolotl naga air lucu kak. gemas imut mirip pokemon😍😍,1,,,,
1212,"Depe'er sudah mewakili keinginan rakyatnya. Contoh rakyat pengen makan enak, sudah diwakili. Rakyat pengen kendaraan mewah, sdh diwakili mereka, dan sterusnya😂",0,,,,
1213,Apa gunanya dpr kok tega banget 💔,1,,,,
1214,Beneran berasa tinggal di negara yang dikutuk,0,,,,
1215,Ini sebenarnya dari tahun 1966 udah belok dari timeline yang seharusnya 😂,1,,,,
1216,Demo kemaren bener² ga ada artinya.,1,,,,
1217,"Selagi gedung hijau itu belum di neffalkan, kita akan terus dijadiin mainan mereka. Bahkan janji reformasi Polri dan tuntutan 17+ sampe sekarang tidak ada perkembanganya. Rakyatnya pemaaf dan pelupa, pejabatnya tidak ada urat malu, kombinasi yg sempurna ! hukum???? Mudah diatur.",1,,,,
1218,"kalau mau demo jangan tangan kosong ya, belajar dari korban demo Agustus kemarin. Minimal bawa 5 tronton 3 doser satu 5 ekskavator😍 upgrade gaes biar tidak ada korban",1,,,,
1219,karena mereka sudah merasa dilindungi oleh parcok dan parjo,0,,,,
1220,"di nepal bisa kejadian soalnya parcok nya netral, disini mah boro boro😂",0,,,,
1221,"gaakan ada artinya, toh yang kemarin di nonaktifkan udah bisa ngejabat lagi kan? dibilang warga kita itu coward, masih cuek sama ginian, mereka mana takut.😮‍💨",1,,,,
1222, kalau dilanjutkan bakal jadi perang saudara seperto myanmar,1,,,,
1223,"emang minta untuk di nepalkan dpr itu , apalagi si puan",0,,,,
1224,padahal sampe ada korban ternyata dpr emng bukan wakil rakyat 😢,1,,,,
1225, selagi tidak punya power tidak bakal bisa ngapa-ngapain😂,1,,,,
1226,"indikator nya semua ada di Jogja bang,kalau di Jogja masih adem ayem tidak bakalan pengaruh bagi mereka",1,,,,
1227,"kok bisa orang-orang kayak Puan Maharani, Kapolri, dan antek-antek mereka masih menjabat setelah demo besar-besaran yang sampai menewaskan banyak nyawa enggak berdosa??? Apakah pejabat-pejabat kita emang semuka tembok gitu??? 😂",1,,,,
1228,"Saya sampai sekarang tetep berkhuznudzon mereka adalah orang2 baik, selebihnya saya pasrahkan kepada Alllah SWT 🥲🙏🏼",1,,,,
1229,serusak apapun yg ngejalanin negara ini kita cmn bs berdoa semoga Indonesia bs jd lbih baik,1,,,,
1230,"Oh tidak ada urusan ya, kasian juga ya pemimpin kita tidak dianggap 😢😂",1,,,,
1231,Gemoy-gemoy mematikan😢😂,0,,,,
1232,"ngapa yang di salahin presiden dah, kan beda tugas antara legislatif dan eksekutif",1,,,,
1233,Senang mengenal kalian guys,1,,,,
1234,info angkat kaki dari indonesia?,1,,,,
1235, jangan lupa asah skill berkelakuan baik dan punya keluarga bang 🙏 biasa nya itu COUNTER jerat hukum pidana,1,,,,
1236,apa yg kalian harapkan dari pemimpin yg melanggar HAM?,0,,,,
1237,menuju indonesia gelap bersama rezim omon-omon,0,,,,
1238,"Setelah rakyat dibunuh & dipenjara saat demo lalu, kini RKUHAP sah lewat perumusan super kebut. Iya, rakyat kalah lagi. Otoritarianisme makin nyata. Semua akan dibungkam.",0,,,,
1239,"kita bisa di tangkap kapan saja, di sadap dengan isilop kapan saja… di 86 khan dimana saja.. sehat2 penduduk Indonesia, solusinya cuman satu”PINTAR”",1,,,,
1240,katanya IQ rata2 warga sini turun dikit lagi setara gorilla. Jadi masih jauh dari pintar. Lebih dekat ke gorilla 😂,0,,,,
1241,Isinya apa sih kalo boleh tau?,1,,,,
1242,selamat natal dan orde baru ya ☺️☺️☺️ 58% seneng nih pasti,0,,,,
1243,Pantes ujan seharian,1,,,,
1244,"Menjelang 80 hari kematian AFFAN dilindas barrakuda: hukumnya tajam ke bawah, tumpul ke atas. Penegak hukumnya melindungi teman, melayani atasan. Belum lagi 142 nyawa melayang di Kanjuruhan, kelanjutan kasus robohnya pesantren, misteri kematian Reno-Farhan, dan lain-lain. Indonesia Gulita!",1,,,,
1245,"Affan itu cuma ""ojol"" dan ""korban dalam jumlah angka"" bagi kaum elit bang",1,,,,
1246,"Oh good, sampai jumpa di akhirat 👋",1,,,,
1247,tidak usah ngeluh... rebut nih gedung DPR duduki oleh rakyat !!!,0,,,,
1248,"Hukum Tajam Ke Bawah, Tumpul Ke Atas Seperti Patok Pramuka",1,,,,
1249,"Separah itu pejabat negeri Konoha, udah di demo sampai berjatuhan nyawa enggak berdosa, malah enggak ada yang berubah sama sekali, nyesek banget 😂",1,,,,
1250,"tunggu di akherat aja, pasti masuk NERAKA VIP",0,,,,
1251,Dewan Perwakilan Rezim 🤌🏻,0,,,,
1252,bunuh aja anggota DPR saat tidur. Rakyat semoga geruduk anggota DPR. Kalau bisa bakar rumahnya ampe anggota DPR tiwas,0,,,,
1253,"ketika suara rakyat dan mahasiswa tak lagi di dengar,semuanya hanya bergantung pada ketokan palu😥RUU tetap di sah kan meski banyak yang menolak",1,,,,
1254,"Mereka itu kayaknya telinganya pakai fitur noise cancelling khusus untuk suara rakyat. Padahal, rakyat sudah teriak soal perampasan aset sampai mirip toa mushalla yang dipakai 15 tahun: suaranya sember, tapi maksudnya jelas. Lah kalian? Santai saja, sibuk sahkan hal-hal yang bahkan rakyat aja tidak tahu kegunaannya apa.",1,,,,
1255,Berarti 17+8 itu cuma angin lalu ya😢,1,,,,
1256,"emang rasanyaa korup tuh mantep banget ya sampe segala aturan yang mencegah kita buat berontak dikerahkan secepat mungkin, takut soalnya org indo udah pada pinter wkwkw",1,,,,
1257,lengah dikit tamat.,1,,,,
1258,Ini sengaja langsung di sahkan. Karena Jokowi udah terpojok terkait ijazah Palsunya. Menurut syaa ini pengalihan isu,0,,,,
1259,terimakasih yang sudah milih Prabowo🔥,1,,,,
1260,banyak yang maki-maki DPR tapi pas pemilu milih partai itu lagi 😂😂😂,1,,,,
1261,Giliran uu perampasan aset lama amat kajiannya🥀,1,,,,
1262,"DPR yang bukan DPR, gada merasa diwakilkan",1,,,,
1263,Demo jilid 2 seperti Nepal kah yg mereka mau??,1,,,,
1264,Ya Tuhan kirimkan kiamat di Indonesia,1,,,,
1265,"Dasar aturan yang bikin Polri makin bebas ngegas, gak heran kalau makin banyak preman berkedok kepolisian!",0,,,,
1266,Waduhh revisi KUHAP sementara UU perempasan aset belum di sahkan 😮,1,,,,
1267,"Emang harus dinepalkan, mereka udah benar benar merasa lebih tinggi dari yang mereka wakilkan",1,,,,
1268,kini Dhani merasakan apa yang dirasakan Maya dulu. terimakasih ari Lasso knp gak dri dulu.. samawa ya mas ari🤣🤣🤣🤣,0,https://www.tiktok.com/@meldasafitri97/video/7574215974572789013?is_from_webapp=1&sender_device=pc,,,
1269,ingat ramalan Hard Gumay 😳,1,,,,
1270,Semoga bener Aamiin 😁,0,,,,
1271,semakin dihujat isu miring perceraian cinta mereka makin kuat. dan semakin kokoh,1,,,,
1272,hubungan hasil dari menyakiti perasaan orang lain tidak akan berkah,1,,,,
1273,mulan wanita yg baik🥰 aku yakin,1,,,,
1274,maaf ya cuma mau bilang alhamdulilah,1,,,,
1275,"jangan dulu mulan, dul sama El belum nikah, nanti netizen hujat siapa kalau lu sama Dhani cerai sebelum mreka nikah",0,,,,
1276,berdua itu tidak mikir bikin kisruh terus klo benar berarti tabur tuai itu nyata,1,,,,
1277,yg di tabur bibit sayur yg dituai padi mas..dani dan mulan masih anggota dewan ngak sempat dia menuai...ha.ha. kocak..😇😇😇😇😇😇😇😇😇😇😇,1,,,,
1278,banyak yg mendo'akan mereka cerai..kdg mlh tmbh langgeng,1,,,,
1279,haha karma tidak pernah salah,0,,,,
1280,karma mu sedang beejalan ahmad dani,0,,,,
1281,kalau pasangan terus menerus selingkuh...asli saya sih yakin...tidak bakal ada kata off...itu pasti akan terulang lagi...karena itu merupakan penyakit hati...,0,,,,
1282,binatang itu fitnah paling keji,1,,,,
1283,pak de kan ganteng. diem-diem udah ada simpenan. nya. gaesss,0,,,,
1284,DOAKU SEMAKIN SALING SAYANG YA MAS DANI DAN MBAK MULAN MEREKA YANG BENCI IRI SIRIK SAMA KALIAN BERDUA TAMBAH STRES DAN PANAS...TUHAN MENJAGA DANI DAN MULAN SERTA KELUARGA....AMIN🙏🙏🙏,1,,,,
1285,teman makan teman 🥱,0,,,,
1286,wkwk ini voice over nya keren banget kata2nya!! 👏👏👏👏,1,,,,
1287,"orang bener jodoh nya ya bener, orang gak bener ya jodohnya tidak akan bener rempong 🤣",0,,,,
1288,emang gue pikirin,1,,,,
1289,semoga kakak maya lebih bahagia,1,,,,
1290,ngeri kalo ibu-ibu salam interaksi nonton ini 🙏,1,,,,
1291,apa yg kau taman itulah yg kau tuai aminn,0,,,,
1292,Habis ini siapa yang akan di rusak oleh Mulan ya,0,,,,
1293,tidak nyangka sama tinandrose😩 gue kira bakalan sama cewek luar negeri🤣,1,https://www.tiktok.com/@leylemager_/video/7576129934586891528?is_from_webapp=1&sender_device=pc,,,
1294,Hehhhh tinandrosee???? Tolongggg😭,1,,,,
1295,WHATTTTTT ??????? TINANDROSE ????? SIAPA SANGKA 🥹🥹🥹🥹 PASTI FIKI SENENG BANGET 🥹🥹🥹,1,,,,
1296,gimana dengan Tugba😭,1,,,,
1297,lagi dugem,0,,,,
1298,penyebab Fiki nangis..dia ingat tugba,0,,,,
1299,tolol,0,,,,
1300,Pogba lagi dugem,0,,,,
1301,"fiki naki adalah laki-laki yang sungguh-sungguh menjaga dirinya dari pergaulan yang buruk, akhirnya dia benar-benar berhasil, itu keren dan sangat sulit untuk seorang laki-laki dengan pekerjaan seperti Fiki, memang terbaik Fiki naki, samawa fiki naki 🔥",1,,,,
1302,asal jangan preet pada masanya ya... mudah-mudahan bisa Istiqomah dalam kebaikan dan menjaga diri selamanya. Aamiin,1,,,,
1303,kaget tiba2 fiki naki nikah😱,1,,,,
1304,kasihan sih sama mbak tugba,1,,,,
1305,"knp pada nanyain tugba sih? apakah nanyain mantan di nikahan itu menjadi salah 1 syarat nikah, kan enggak. ini acara Fiki ama bininya, serta keluarga.",1,,,,
1306,kasihan tugba🥺,1,,,,
1307,yang di rusakin siapa. yang di nikahin siapa 🤣🤣🤣🤣,0,,,,
1308,Sedih sih gak sama tugba. udah ngikutin banget dari awal 😭,1,,,,
1309,selalu mikir kok bisa nangiss yaa? padahal dia friendlyyy bgttt. dont judgee pliss cuma heran aja:(,1,,,,
1310,"Kenapa ya suami saya gak nangis pas nikah, malah cecengesan gak jelas pas liat saya 😭",1,,,,
1311,Reza Arab jg dlu nangis 😭😭😭lebih sesegukan lagi 😂,0,,,,
1312,"akan preeetttttttt pada waktunya, tapi doain deng semoga pasangan ini langgeng.Aaminn",1,,,,
1313,finally dari zaman dayana ,1,,,,
1314,Alhamdulillah akhir nya Fiki naki nikah semoga samawa.🥰,1,,,,
1315,"yang lain kaget bang fiki nikah sama kak tinoo, aku lebihh kagett kak tino nikah sama bang fiki😭 aku selalu mempertanyakan siapa cowo beruntung yang bisa dapat kak tinaa yang pinter baik slalu menjaga diri ini dan belakangan liat kak tino ada bahas tentang percintaan ternyata mau nikahhh😍 selamat kak tinoooo dan bang fikiiii😍💓 semakin bahagia ya kliann",1,,,,
1316,tugba diundang gaa kayanya baru ke indo,1,,,,
1317,ga ngerti kenapa pada kaget😭🙏🏻,1,,,,
1318,"apa sih yang komen, bahas tugba mulu ini tu momen orang plislah, lagian kak Fiki udah lama ga sama tu cewek bahkan tu cewek dah punya cowok baru, pada kaget karna ga sama dia lagi ya namanya ga jodoh mau gimana, dan sekarang Fiki sama kak tinandrose mereka tu ga tiba-tiba nikah, tapi udah lumayan lama tunangan/lamaran ada kok Fiki sebelumnya pamer cincin dilive sama cewek luar gitu trus ngasih tau kalo dia udah punya calon dan mau nikah, jadi plis gausah bahas orang lain lagi dimomen mereka berdua ini, Happy Wedding buat Kak Fiki & Kak Tinandrose🤍",1,,,,
1319,gw trauma Ama yg lugu2 alim gara2 s jule🙂,0,,,,
1320,kagett jodohnya fiki naki 😭😭😭,1,,,,
1321,kenapa ya cwo kalo habis akad suka nangis. suamiku jg begitu. tp aku nya malah cengengesan,1,,,,
1322,pinter semua bahasa eh jodohnya g jauh2 indo jg 😂,0,,,,
1323,hafal semua bhasa tapi dapet nya warga lokal juga,1,,,,
1324,"setelah menjelajahi beberapa negara, akhirnya kembali ke produk lokal🔥",0,,,,
1325,lah jadi mirip onyo Sarwendah,0,,,,
1326,banyak yang cowok nangis saat menikah tapi preeet pada waktunya,0,,,,
1327,"kenapa pada bahas tugba terus ya, padahal mau dulu pacaran pun jodoh gak ada yang tau😭",1,,,,
1328,lc ketutup sama orang tua nya yang dpr itu,0,https://www.tiktok.com/@azizahsalshaa/video/7557281792491851020,,,
1329,dia punya hati ga si🥺,0,,,,
1330,gampangan bgt,0,,,,
1331,gosip adalah fakta yang tertunda,1,,,,
1332,Ga pernah semuak ini sama cewe,0,,,,
1333,kok bisa masih punya temen sih? herann ga pada geregetan 😭,0,,,,
1334,kocak si kalau masih ada yg bela dia,0,,,,
1335,"girl support girl, tapi yg ini gk dulu",0,,,,
1336,gabisa kali ya kalo gapunya cowo,0,,,,
1337,mau komen takut di laporin polisi🙂‍↔,1,,,,
1338,semangat zize,1,,,,
1339,Kenapa polisi di indonesia seperti ini ya 🐕,0,https://www.instagram.com/reel/DN758qSEQMs/?utm_source=ig_web_copy_link&igsh=MzRlODBiNWFlZA==,,,
1340,"Viralkan, adili!!!",1,,,,
1341,Kayak gini polisi masih gk di hukum?,1,,,,
1342,Kalau bukan karena aksi turun ke jalan gimana bisa tau kalau uang pajak dipakai ugal-ugalan. 😥,1,,,,
1343,Sang pemberani 👏,1,,,,
1344,Saya prihatin sebagai rakyat Indonesia📡,1,,,,
1345,Rasain,0,,,,
1346,"Kenapa ga satu lawan satu, kasihan yg ngeroyok",1,,,,
1347,Rusak lagi fasilitas negara asyik tender lagi kasih pemborong yg lagi sepi job.,1,,,,
1348,Keadilan sosial bagi seluruh rakyat Indonesia 😇,1,,,,
1349,"Gak ada yang benar dan salah, semuanya sedang dalam emosi.",1,,,,
1350,Mengayomi kaya gini,1,,,,
1351,tinggal nunggu berita banjir etanol di rumah beliau,0,https://www.instagram.com/reel/DQJSECdgEI-/?utm_source=ig_web_copy_link&igsh=MzRlODBiNWFlZA==,,,
1352,dah tau kan makna dari kata-kata beliau?,1,,,,
1353,"Adek-adek, inilah alasan kenapa Indonesia gini-gini aja.",0,,,,
1354,berarti bener dong kalo LO JAHAT???,0,,,,
1355,selama ini hanya menduga duga malah dia blak blakan,1,,,,
1356,"Mungkin maksud paling sebenarnya dari beliau ini adalah tentang kemunafikan. Tapi di satu sisi, ini tak pantas dan tak etis beliau paparkan dan sampaikan kepada umum secara beliau menjabat sebagai seorang menteri kepemerintahan. Tolong lain kali bahasanya bisa dibungkus dengan lebih bermoral, bermartabat, mengedukasi dan semacamnya yang sekiranya sudah seharusnya keluar dari seseorang yang setidaknya sudah selesai menjalani pendidikan tinggi.",1,,,,
1357,"Hapus admin, bikin aku bahlilphobia",0,,,,
1358,sakit,1,,,,
1359,SECARA TIDAK LANGSUNG MENGAKUI KALAU DIRINYA JAHAT DAN GA BECUS KERJA😭,0,,,,
1360,"Udah ga ganteng, rakus!",0,,,,
1361,Semuak ini liat mukanya,0,,,,
1362,Orgil,0,,,,
1363,"wah pantes dikritik dan dihina se hina apapun ga kena di dia. otaknya ga nyampe mikir jauh, hatinya rusak, dan dia gapunya rasa kemanusiaan",0,,,,
1364,"dihina tidak tumbang, dipuji tidak pantas",0,https://www.instagram.com/reel/DPQ_ruIk2g_/?utm_source=ig_web_copy_link&igsh=MzRlODBiNWFlZA==,,,
1365,KOSONG yg konsisten👏,0,,,,
1366,"Maaf, dari gesturnya kayak bingung ya",1,,,,
1367,"Selalu rapihin rambut setiap ketemu warga dan selalu terlihat gugup, sangat keliatan belum siap jadi pemimpin 😂",0,,,,
1368,"SINGKAT, PADAT, DAN KOSONG 😅",0,,,,
1369,"Maaf menurutku kalo mau protes ya ke bupati dan gubernurnya kan setiap daerah ada pemimpinnya jadi itulah gunanya mereka, kalo RI pusat mana tau jalan-jalan yg rusak kalo pemimpin daerahnya diem, kan stiap daerah ada anggarannya jadi tanya dong sama mereka🙏🙏jgn bisanya nyalahin presiden begini salah bgitu salah trus yg bener siapa 😇😇",1,,,,
1370,"Enak emang jadi Lurah, Camat, Bupati, Walikota bahkan Gubernur. Jalan rusak yg salah Presiden sama Wapres 😅😂🤣",1,,,,
1371,Lah bupati gubernurnya ngapain aja itu,1,,,,
1372,bingung kan jawab nya,1,,,,
1373,Pemecah Belah Bangsa.,0,https://www.instagram.com/p/DQqga2kEdVI/?utm_source=ig_web_copy_link&igsh=MzRlODBiNWFlZA==,,,
1374,Kalah memang menyakitkan,1,,,,
1375,Serius tanya... Orang ini siapa ya?,1,,,,
1376,Jangan ingin terlihat pintar ataupun bijak kalau dengan cara menjatuhkan orang lain,1,,,,
1377,Siapa yg lepasin dari kandang woy,0,,,,
1378,"Pemikiran yang kelihatan benar tapi menyesatkan. Jalan Tol hanya dinikmati orang2 yang punya mobil, yang tidak, tidak bisa menikamati. Suramadu hanya untuk orang surabaya dan madura, KAI hanya orang jawa. Semua proyek nasional di kerjakan step by step. Wah hati2 dengan sengkuni.",1,,,,
1379,Masuk akal juga...,1,,,,
1380,Pemikiran macam apa ini 🗿,1,,,,
1381,"Pemikiran yang kelihatan benar tapi menyesatkan.Jalan Tol hanya dinikmati orang2 yang punya mobil,yang tidak,tidak bisa menikamati.Suramadu hanya untuk orang surabaya dan madura,KAI hanya orang jawa.Semua proyek nasional di kerjakan step by step.Wah hati2 dengan sengkuni.",1,,,,
1382,"Ngaca pak ngaca ampun, kalo mikir begitu dari dulu infrastruktur di pusat terus yg bagus, tapi daerah lain tertinggal, ga mikir kesitu juga kah ? 😂",0,,,,
1383,The Real pemecah belah bangsa,0,,,,
1384,Selama bapak jabat apa yg udh dibuat Monas sampe skrg belum selesai sprtinya,1,,,,
1385,Diem Pak Diem...,0,,,,
1386,Ngga pak saya merasa tidak ikut membayar,1,,,,
1387,Berisikkkkkk 🤮,0,,,,
1388,mending diam gatau malu,0,,,,
1389,Anda ini berbahaya sekali,0,,,,
1390,Itu mungkin dianggap prestasi,1,https://www.instagram.com/reel/DQGg93ckRMd/?utm_source=ig_web_copy_link,,,
1391,Sebobrok inikah?! Sungguh sangat miris,1,,,,
1392,Owh pantas mereka berlomba-lomba melakukan kejahatan ternyata bisa naik pangkat,0,,,,
1393,Gantiin tugas iblis semua,0,,,,
1394,Oh sangat berprestasi🙌,1,,,,
1395,Setan aja hormat sama kelakuan kaya gini mah,0,,,,
1396,Makin biadap makin berprestasi,0,,,,
1397,Anak istri dan keluarga besarnya pasti bangga,0,,,,
1398,Titik terendah seorang sipil adalah menjadi polisi,0,,,,
1399,Negeri ini tidak kekurangan org pintar.. tapi kurang org jujur.,1,https://www.instagram.com/reel/DOlqRN9kotD/?utm_source=ig_web_copy_link&igsh=MzRlODBiNWFlZA==,,,
1400,Taukan knp undang-undang perampasan aset sampai hari ini ngga di sahkan,1,,,,
1401,wah makin seru 🔥🔥🔥,1,,,,
1402,Keren❤️❤️..... Bongkar sampai tuntas,1,,,,
1403,Ini beneran? Kacau banget sistem dan pejabat negeri ini 😩,1,,,,
1404,Jangan percaya berita dari sumber si sakit hati. mereka inginkan kekacauan makanya bikin berita yg belum valid lagi.,0,,,,
1405,Sita semuanya,1,,,,
1406,Rusak,1,,,,
1407,"Ngga ada masalah kok...jelas , mudah difahami dan berhati hati..",1,https://www.instagram.com/reel/DRbTcyBktAT/?utm_source=ig_web_copy_link&igsh=MzRlODBiNWFlZA==,,,
1408,Bagus..👍,1,,,,
1409,Mending ngomong inggris ya ternyata wkwk,0,,,,
1410,curi perhatian siapa?,1,,,,
1411,"Masih sepenggal2 gitu bacanya, kaku.",1,,,,
1412,Good sih menurutku kalian aj suka merendahkn org diem,0,,,,
1413,Bagus sih,1,,,,
1414,Bagus kok,1,,,,
1415,Tidak tahu Malu,0,,,,
1416,Harus diakui bahasa inggrisnya bagus,1,,,,
1417,"tidak terbayang kalo dia beneran lanjut sama sapri, junho eunho jena yang sekorea itu harus liat kuda lumping terus😭😭",0,https://www.tiktok.com/@kucingpintarid/video/7575931896132111634?is_from_webapp=1&sender_device=pc,,,
1418,sekarang jule itu status istri safri.takutnya jule dengan alasan mau ketemuan dengan anaknya tanoa seizin Safri .lalu Safri menuduh jule selingkuh dengan mantan suaminya. saran saya jule kalau mau ketemuan bareng dengan Safri atau terang terangan .,1,,,,
1419,gua lagi nangis aja reflek ngakak jirrr😭😭🤣🤣🤣,1,,,,
1420,"Kak sangking lucu nya aku gak bisa ngakak, malah ngikngikkk😅😅😅",1,,,,
1421,"STOP MENTION KUDA LUMPING, masih tidak nyangka pikiran orang bisa pada sampe ke kuda lumping 😭",1,,,,
1422,dia sudah berani keluar lagi karna posisi dia sudah di gantiin sama inara,0,,,,
1423,"tidak bela inara tapi inara langsung klarifikasi dan tidak ada bukti apapun, cuma asumsi bininya aja. beda dengan jule yang sudah  terbukti vidio sudah kesebar kemana mana.",1,,,,
1424,sekarang yg dikerudungin mulutnya bukan rambutnya 😭,0,,,,
1425,Dia hanya seorang ibu.. terlepas dari apa yang sedang terjadi dia tetap ibu dari trio Na.. Dan anak-anak juga butuhkan kasih sayang ibu..,1,,,,
1426,"kalo dia emg benar seorang ibu, gabakalan selingkuh dan gores luka dihati anaknyaa",0,,,,
1427,"biar in ya ges, tidak membenarkan prilakunya jule, tapi 3 anak nya butuh kasih sayang ibu nya 😭",1,,,,
1428,jule ga pake hijab malah jadi mirip kayak susternya trio na yg duduk di belakang ituu,0,,,,
1429,"untuk apa pakai hijab lagi, fefek nya udah gratis buat safri ramadhan",0,,,,
1430, gak fresh ya mukanya,0,,,,
1431,wajar guys belum 40 hari pasti emang masih berkeliaran arwahnya,0,,,,
1432,si jule pasti di gosipin sama pegawai2 playtopia dan ibu-ibu di situ 😅,0,,,,
1433,didampingi ayah dan ibu sambung daehoon apakah ini tanda-tanda bisa rujuk? soalnya baru sidang pertama masih bisa ubah keputusan,1,,,,
1434,Jule telah menambahkan inara rusli ke dalam grub,1,,,,
1435,"sejelek-jelek nya dia, dia tetap ibu yg bertaruh nyawa untuk melahirkan anak anak nya.",1,,,,
1436,"bapak nya daehoon hati nya luas banget ya, harus ngeliat dan ketemu anomali yang udah nyakitin anak laki laki nya dan ke 3 cucu nya 😭🙏🏻",1,,,,
1437,"ini kalo tidak salah yang mohon mohon buat ketemu trio NA ibunya jule, soalnya bapa nya udah tidak mau tau, jule cuma di rayu sama ibu sambung daehoon, daehoon tidak mau ketemu sama jule soalnya sakit, terus perjanjian nya adalah sidang tanggal 2 nanti jule harus hadir kalo mau ketemu anak anak nya.",1,,,,
1438,Pake bekas barangnya sijule awas ketularan kayak sijule bu😅,0,,,,
1439,"Seenggaknya daehoon tidak biarin anaknya benar-benar cuma di temenin jule, tapi ada ayahnya daehoon sama ibu sambungnya… menurutku itu udah hukuman jugasih buat jule karena tidak 100% dipercaya daehoon berarti untuk main sm anak-anaknya padahal dia ibunya",1,,,,
1440,"daripada gua dituduh tuduh tidak pake hijab,ya akhirnya gua tidak pake hijab beneran dong,daripada dituduh-tuduh terus",1,,,,
1441,sumpah mertuanya baik banget masih mau nemuin cucunya sama ibunya😭😭,1,,,,
1442,"Mau dia jahatnya seperti mana pun dia tetap ibunya trio Na, yang mengandung, melahirkan mereka .. aku tidak membela jule, cuma mau sampe kiamat pun dia tetap ibunya, mereka tetap butuh sosok ibu di hidup mereka.. Semoga setelah ini trio Na tetap mendapat kasih sayang dan perhatian yg banyak dari jule, walaupun orang tuanya sudah gak bisa bersama lagi 💔 daehoon emang best sih, masih mengesampingkan egonya demi anak-anaknya bisa quality time sama ibunya 🥺",1,,,,
1443,beneran geleng kepala sampai hijab nya pun dilepas... sedih banget,1,,,,
1444,aura pembantunya kuat bgtt,0,,,,
1445,"mulai banyak yang komen kasian,dia seorang ibu.guyss pake akal sehat no baperan😄",1,,,,
1446,"Tau aja jule beritanya udah di geser inara, makanya nongol dari persembunyiannya.",1,,,,
1447,"brand-brand jangan sampai luluh gegara video ini, biar jadi pelajaran dia",1,,,,
1448,"semoga ada hikmah dari semua kejadian kemarin,,semoga jule bisa cepet dapat hidayah lagi",1,,,,
1449,alah dulu pas msih jdi istri boro2 😂,0,,,,
1450,kenapa hawanya kayak ngerasa canggung gitu yaa,1,,,,
1451,se tipis itu anjir badannya 😭😭,0,,,,
1452,padahal dulu keliatan high value gitu kan personal branding nya bagus eh sekarang malah down grade,0,,,,
1453,ibu-ibu yang nungguin anaknya main di playtopia pasti pada ngegibahin jule 😭😂🙏,1,,,,
1454,ga bisa bayangin kalo trio na besar nanti lihat jejak digital ibu mereka🥺,1,,,,
1455,oh itu jule? kirain baby sister barunya trio Na,0,,,,
1456,"plis gaes untuk asuh jangan sampe dihujat juga, biar itu jadi memori indah buat anak-anaknnya juga, gimaanpun dia tetep ibu trio na",1,,,,
1457,"setidaknya gue berharap dia bisa jadi ibu yang baik, meskipun anak2 itu harus ngerasin perpisaan orang tuanya di umur se kecil itu",1,,,,
1458,muka nya jadi mirip sapri dah😂,0,,,,
1459,Jule bener bener hilang arah,1,,,,
