Column1,Label,clean_text,String,encoded_label,new_label
0,Non-bullying,kaka tidur yaa sudah pagi tidak boleh capek2,"""Kaka tidur yaa, udah pagi, gaboleh capek2""",10,1
1,Non-bullying,makan nasi padang saja badannya,"""makan nasi padang aja begini badannya""",10,1
2,Bullying,suka cukur jembut manggung,"""yang aku suka dari dia adalah selalu cukur jembut sebelum manggung""",0,0
3,Non-bullying,hai kak isyana ngefans sekali kak isyana suka lagu kak isyana lagu didalam jiwa,"""Hai kak Isyana aku ngefans banget sama kak Isyana.aku paling suka lagu kak Isyana itu lagu tetap didalam jiwa""",10,1
4,Non-bullying,manusia bidadari sih herann deh cantik,"""Manusia apa bidadari sih herann deh cantik terus ????""",10,1
5,Bullying,ayu kinantii isyan sekarang berubah ya baju nya nakal,"""@ayu.kinantii isyan skrg berubah ya:( baju nya nakal""",0,0
6,Non-bullying,gemesnya isyan mirip tango berlapis lapis ciaaaa,"""Gemesnya isyan kayak tango, berlapis lapis ciaaaa""",10,1
7,Bullying,jelek saja anaknya ayahnya cakep2,"""Makin jelek aja anaknya, padahal ibu ayahnya cakep2""",0,0
8,Bullying,anaknya mirip sudah tua begitu ya mukanya kartu keluarga tasya,"""Kok anaknya kayak udah tua gitu ya mukanya kk tasya""",0,0
9,Bullying,muka anak nya ko tua sekali yaa tidak ngegemesin tidak lucu2nya,"""Muka anak nya ko tua banget yaa.. GK ngegemesin GK ada lucu2nya""",0,0
10,Bullying,muka nya muka kolot wkwk muka bayi2 lucu begitu,"""Muka nya muka kolot wkwk bukan muka bayi2 lucu gt""",0,0
11,Bullying,sudah gila orang wkwk sudah jomblo psikolog tidak laku ya,"""Udah gila sekarang ini orang wkwk, udah jomblo jadi psikolog ga laku, ya jadilah seperti itu""",0,0
12,Bullying,kamu sintingnya sudah tingkat dewa,"""Lo sintingnya udah tingkat dewa""",0,0
13,Bullying,lutfi putus dengan salsa orang stress,"""Sepertinya Lutfi setelah putus dgn salsa seperti orang stress""",0,0
14,Bullying,anak tolol aktif ya bund,"""ANAK TOLOL INI MULAI AKTIF YA BUND""",0,0
15,Bullying,mati saja tidak gedeg saya liat kamu anjim,"""bisa mati aja ga? gedeg gua liat lu. ANJIM""",0,0
16,Bullying,woy lutfi asu sok asyik kamu anjing,"""Woy Lutfi asu , sok asik Lo ANJING !""",0,0
17,Bullying,apasih kontol bertengkar saja ayo bngst lutfiagizal,"""Apasih kontol berantem aja lah ayo bngst @lutfiagizal""",0,0
18,Bullying,pelakor plus hamil nikah ya pantas anaknya seperti gini modelannya,"""Ibu kamu pelakor plus hamil di luar nikah ya? Pantesan anaknya kyk gini modelannya""",0,0
19,Bullying,anaknya sudah pintar maknya kelempengan berasa baby tingginya azka saja melebihi mamanya,"""Anaknya udh pinter, maknya yang kelempengan.. berasa masih baby, tingginya azka aj melebihi mamanya..""",0,0
20,Non-bullying,anak yang cerdas terbentuk dari pola asuh pola didik orangtua yang cerdas sih saranya sesimple,"""Anak yg cerdas terbentuk dr pola asuh sekaligus pola didik ortu yg cerdas pula sih pada saranya. Sesimple itu""",10,1
21,Non-bullying,iri motivasi,"""Setengah iri setengah jadi motivasi ini""",10,1
22,Bullying,hancur hidup kamu sumpah,"""Ancur hidup lu kalau sama dia? Sumpah..""",0,0
23,Bullying,seram sekali muka kamu mel mirip ayam potong merah sekali,"""serem banget muka lo mel kayak ayam potong merah banget""",0,0
24,Non-bullying,yaudah jadi pengusaha kuliner saja tidak usah artis makanannya memang bikin ngiler sih wkwkw,"""Yaudah jd pengusaha kuliner aja gausah artis, makanannya emang bikin ngiler sih wkwkw""",10,1
25,Non-bullying,memang cocoknya pengusaha kuliner sudah fixs semoha lancat terusssss,"""Kamu emang cocoknya jadi pengusaha kuliner udah fixs. Semoha lancat terusssss""",10,1
26,Bullying,sejelek image owner ya artis ups artis hallo langsung orang tahu image kamu jelek gentong,"""Tak sejelek IMAGE Owner ya..? Artis ups bukan Artis? Hallo secara tidak langsung semua orang itu tau IMAGE lu jelek gentong!""",0,0
27,Bullying,sih tidak hidupnya,"""Apaan sih gak jelas hidupnya""",0,0
28,Bullying,unfoll bilang najissss,"""Sebelum aku Unfoll, aku mau bilang NAJISSSS""",0,0
29,Bullying,muka kamu sensual norak sudah,"""muka lu sensual tapi norak kenapa dah""",0,0
30,Non-bullying,sudah tidak jaman ngebully orang hey netizen mending ngaca kekurangan,"""Udah gk jaman ngebully orang hey netizen mending ngaca dari kekurangan sendiri""",10,1
31,Non-bullying,pas penempatannya sebenarnya imut sekali loh mel,"""Kalau pas penempatannya, sebenernya kamu imut banget loh mel.""",10,1
32,Bullying,cakap kaga jelek iya hahah,"""Cakep kaga jelek iya HAHAH""",0,0
33,Bullying,jari jari kaki mirip jarinya tukang panggul,"""jari jari kaki kayak jarinya tukang panggul""",0,0
34,Bullying,kakinya kek hamil tua ya bun kaki gajah ayuugsia,"""Kakinya kek lagi hamil tua ya bun, semacam kaki gajah @ayuugsia""",0,0
35,Non-bullying,suka heran yang ngehina fisik benar ya pendosa,"""Suka heran sama yg ngehina fisik,, ternyata bener ya kita semua pendosa dengan cara kita sendiri,,""",10,1
36,Bullying,diedit biar langsing mah kalau live bomber badannya,"""Ini diedit biar langsing padahal mah klo live bomber badannya""",0,0
37,Bullying,kakinya gedong sayyy kek kaki jantan upp suka berbaur ama warwerwor mahluk astral yang kakinya gedong,"""Kakinya gedong sayyy kek kaki jantan? Upp kan dia suka berbaur ama warwerwor.. Mahluk astral.. Yg kakinya gedong""",0,0
38,Non-bullying,bagusan foto pakai masker daripada tidak pakai masker,"""Bagusan foto pakai masker drpd gak pakai masker""",10,1
39,Bullying,rosameldianti_ kakak foto memeknya kelihatan tebal memeknya kakak bengkak yah,"""@rosameldianti_ kakak foto sebelum ini. kenapa Memeknya Keliatan Tebal???? Memeknya kakak Lagi Bengkak yah???""",0,0
40,Bullying,bra nya kedodoran kak pakai ukuran gede yaa,"""Bra nya kedodoran kak make ukuran gede yaa""",0,0
41,Non-bullying,cantik senang usahanya membuahkan hasil semangat ya mel semoga pribadi,"""Nah ini cantik seneng. Usahanya membuahkan hasil. Semangat ya mel semoga menjadi pribadi yang lebih baik lagi""",10,1
42,Bullying,mba tidak sih tidak merem melek begitu matanya kaya orang cacingan,"""mba bisa gk sih, kalau gk merem melek gitu matanya kaya orang cacingan""",0,0
43,Non-bullying,semoga lancar usahanya mel,"""Semoga lancar terus usahanya mel""",10,1
44,Non-bullying,cantik sekali kalau meldi muka natural kek gini,"""Cantik banget kalo meldi muka natural kek gini""",10,1
45,Non-bullying,kamu diam saja cantik mel kalau tidak gaya serius,"""Lu diem aja cantik mel kalo ga banyak gaya serius""",10,1
46,Bullying,kaku kek kanebo kering hahaha,"""Kaku kek kanebo kering hahaha""",0,0
47,Non-bullying,glowing say natural mirip gini bagus tambahin prestasi nya ya say,"""Semakin glowing say? natural kayak gini bagus tambahin prestasi nya ya say""",10,1
48,Bullying,meldi emaknya buka klinik totok aura kayaknya anaknya tidak ditotok ya auranya tidak kelihatan yang butek,"""Meldi, emaknya buka klinik totok aura kayaknya anaknya gak pernah ditotok ya? auranya gak keliatan yg ada malah butek""",0,0
49,Bullying,muka kamu pasaran mel pasar sapi noh,"""Karena muka lo pasaran mel, di pasar sapi juga ada yang mirip noh""",0,0
50,Bullying,maaf saya nyamain kamu dugong memang,"""Maap kalau gua sering nyamain lu sama dugong soalnya emang mirip""",0,0
51,Bullying,iya kamu monyet mel,"""Iya lo kamu mirip monyet mel""",0,0
52,Bullying,bagusan pantat panci aing atuh anjir,"""Bagusan pantat panci aing atuh anjir""",0,0
53,Bullying,ya memang tidak muka muka badak muka beton tidak malu,"""Ya emang ga ada yang sama soalnya muka kamu sama dengan muka badak, muka beton, ga ada malu,,,""",0,0
54,Non-bullying,mbak meldi cantik ya rahasianya,"""Kok mbak meldi sekarang tambah cantik ya rahasianya apa..""",10,1
55,Bullying,lengannya gempal sekali sih haha,"""Lengannya gempal banget sih HAHA""",0,0
56,Non-bullying,fix komen nyela,"""Fix yang komen semua nyela""",10,1
57,Non-bullying,sudah ka tidak usah digubris tidak usah dipikirin bersyukur saja nikmat tuhan sudah dikasih kaka tidak usah ngatain orang ka tetap bersyukur nikmatnya,"""Udah ka gausah digubris gausah dipikirin. Bersyukur aja sama nikmat tuhan yang udah dikasih ke kaka. Gausah juga ngatain orang ka, tetep bersyukur atas nikmatnya""",10,1
58,Bullying,jari jari nya gede gede sekali pas ngiklan makan ikan danau hambar jarinya mirip jempol hawak benar,"""Jari jari nya gede gede banget, apalagi pas ngiklan makan ikan danau hambar, jarinya kayak jempol semua hawak bener""",0,0
59,Bullying,disamain muka rosameldianti_ orang oi mintanya disamain babi,"""Jangan disamain muka @rosameldianti_ sama orang oi. Mintanya disamain sama babi""",0,0
60,Non-bullying,tidak dibawah meldi setara kekurangan kelebihan,"""Ga ada yang dibawah Meldi, semuanya setara, ada kekurangan ada kelebihan""",10,1
61,Non-bullying,ka mel tidak usah merendahkan orang bersyukur saja diatas langit langit,"""Ka mel gausah merendahkan orang lain. Bersyukur aja diatas langit juga masih ada langit lagi""",10,1
62,Bullying,mukanya tidak dibantu kamera dekil kumel,"""Mukanya kalau gak dibantu kamera dekil dan kumel""",0,0
63,Non-bullying,wanita cantik suka ah,"""Semua wanita cantik, jangan suka merasa lebih ah""",10,1
64,Bullying,meldi sudah kontrak endorse skincare ya mukanya jelek si,"""Meldi udah dapat kontrak endorse skincare ya tapi kok mukanya tetap jelek si?""",0,0
65,Non-bullying,gila netizen sempurna ngehina orang,"""Gila Netizen pada sempurna ngehina orang terus""",10,1
66,Bullying,sudah ngembang habis cowok meldi enak ya otak atik,"""Semua dah pada ngembang? habis di berapa cowo meldi?... enak ya di otak atik""",0,0
67,Bullying,muka mirip kamu pasaran murah,"""Karena muka kayak elo pasaran dan murah?""",0,0
68,Bullying,muka buluk kepedean muka sudah tua,"""Muka buluk kepedean lagi.. muka udah tua""",0,0
69,Bullying,muka kamu kaya tai wkwkwk,"""Muka lu kaya tai wkwkwk""",0,0
70,Bullying,sakit jiwa upil gajah kasihan,"""Sakit jiwa ini upil gajah? Kasihan""",0,0
71,Bullying,jelek buntut kuali hahaha,"""Jelek macam buntut kuali hahaha""",0,0
72,Non-bullying,meldi kurusan ya cantik pakai up,"""Meldi tambah kurusan sekarang ya??? Cantik walaupun tanpa make up?""",10,1
73,Non-bullying,elu semoga semakinlebih akhlak etikanya,"""Elu juga semoga semakinlebih baik dalam segala hal, terutama akhlak dan etikanya""",10,1
74,Non-bullying,mbak mell sehat sukses ya,"""Mbak mell sehat dan sukses ya""",10,1
75,Non-bullying,aamiin doa meldi,"""Aamiin. Doa baik juga untuk Meldi""",10,1
76,Non-bullying,selamat mbak semoga pribadi amin,"""Selamat tahun baru mbak, semoga jadi pribadi yang lebih baik amin""",10,1
77,Non-bullying,meldi cantik loh tinggal dibenerin akhlak adabnya sip,"""Meldi ini lama lama cantik loh tinggal dibenerin akhlak dan adabnya pasti makin sip""",10,1
78,Bullying,pengambilan fotonya bagus mantap keren tinggal pengambilan arwah nya saja,"""Pengambilan fotonya sudah bagus mantap dan keren.. tinggal pengambilan ARWAH nya aja yang belum""",0,0
79,Bullying,tidak cantik cantik nya hahaha,"""Nggak ada cantik-cantik nya hahaha""",0,0
80,Bullying,kasihan editornya sih nanggung dosa sekali kayaknya ngeditnya offside gini,"""Kasian editornya sih ini, nanggung dosa banget kayaknya ngeditnya offside gini""",0,0
81,Non-bullying,dewi persik ya,"""Lama lama mirip dewi persik ya""",10,1
82,Non-bullying,julid meldi tidak nyusahin,"""pada julid padahal kan meldi gak nyusahin kalian""",10,1
83,Bullying,foto w masukin museum saja ya tidak pantas2nya,"""ini foto apa w masukin museum aja ya ga ada pantas2nya""",0,0
84,Bullying,tidak ngumpul bareng mami isa gembrot disana,"""Nggak ngumpul bareng mami isa lagi kan kamu yang paling gembrot disana""",0,0
85,Bullying,lagu kamu tidak laku ya mel,"""Lagu lu ga ada yang laku ya mel??""",0,0
86,Bullying,lututnya hitam gosok maning biar cling cantik,"""Lututnya masih hitam gosok maning biar tambah cling dan cantik""",0,0
87,Non-bullying,suka heran warga 62 sukanya ngehujat orang terus pahala tidak dosa mah iya,"""Suka heran sama warga +62 sukanya ngehujat orang mulu, dapat pahala kagak dosa mah iya""",10,1
88,Non-bullying,cantik saja rosa meldianti,"""Tambah cantik aja rosa meldianti""",10,1
89,Bullying,ular dugong,"""Jadi diri sendiri, jangan jadi ular apalagi dugong""",0,0
90,Non-bullying,suka ya harmonis,"""Saya kok suka ya sama mereka harmonis""",10,1
91,Non-bullying,cantik sekali pakai baju mirip begitu,"""Cantik banget kalau pakai baju kayak gitu""",10,1
92,Non-bullying,jujur ya kalau anteng tidak cantik mel,"""Jujur ya kamu kalo anteng ga buat masalah cantik mel""",10,1
93,Bullying,cowoknya tidak cakap cakepnya,"""Cowoknya ga ada cakep cakepnya""",0,0
94,Bullying,foto tirus kalau video wariorr mukanya kek donat tidak bentuknya,"""Di foto tirus.. Kalo di video wariorr kok mukanya kek donat gak ada bentuknya""",0,0
95,Non-bullying,sekian foto diposting cantik,"""Dari sekian banyak foto yang diposting, ini yang paling cantik""",10,1
96,Bullying,artis abal abal muka putih tangan hitam ager2 atm nya sudah isi,"""Artis abal-abal.. Muka putih tangan hitam? ager2 ATM nya udah isi berapa sekarang""",0,0
97,Bullying,muka mirip penuh tekanan sekali,"""Itu muka kayak penuh tekanan banget""",0,0
98,Bullying,rosameldianti_ cowokmu wajah nya culun cupu mirip om2,"""@rosameldianti_ cowokmu wajah nya culun dan cupu kayak om2""",0,0
99,Non-bullying,masyaallah cantik sopan anggun,"""Masyaallah cantik terlihat sopan dan anggun""",10,1
100,Bullying,kang ojek kali belang tangannya,"""Kang ojek kali belang tangannya""",0,0
101,Non-bullying,senang liat pasangan cewenya hujat 1 indonesia tetap setia menemani,"""Seneng liat pasangan ini cewenya di hujat 1 indonesia tapi dia tetep setia nemenin""",10,1
102,Bullying,memutuskan tumbal apartemen,"""Dia memutuskan menjadi tumbal apartment""",0,0
103,Non-bullying,cantik mel semangat dietnyaa,"""makin cantik mel, semangat dietnyaa""",10,1
104,Bullying,tangan paha haha,"""Itu tangan apa paha haha?.""",0,0
105,Non-bullying,mel kelihatan cakap,"""Mel disini kamu keliatan cakep""",10,1
106,Bullying,mukanya mirip ngeden pas boker,"""Mukanya kayak lagi ngeden pas boker""",0,0
107,Bullying,aduuh halu hhahaha lebay editan nyaa lemak ke mana lemak hahhaaa mimpi ketinggian,"""Aduuh.. terlalu halu.. hhahaha lebay editan nyaa lemak kemana lemak? hahhaaa.. mimpi ketinggian..""",0,0
108,Non-bullying,salfok kaki cantik sekali asli,"""salfok sama kaki, tapi cantik banget asli""",10,1
109,Bullying,_dy1412 buset cantik diedit saja mba coba sudah aslinya sudah mirip buntelan kentut,"""@_dy1412 buset cantik diedit aja mba, coba dah aslinya dah kayak buntelan kentut?""",0,0
110,Bullying,hitam putih kek kopi luwak,"""atas bawah hitam putih, kek kopi luwak""",0,0
111,Bullying,palsu badane diedit itu aslinya dimana2 lemak,"""Palsu badane diedit semua tu, aslinya dimana2 lemak""",0,0
112,Bullying,sudah kontrak skincare tetap saja buluk mel,"""Udah dapat kontrak dari skincare ttp aja buluk mel""",0,0
113,Non-bullying,heran netizen kalau tidak suka diliat saja,"""heran sama netizen klo gk suka jangan diliat aja""",10,1
114,Non-bullying,sukses yah ka rosameldianti_ semangat,"""sukses selalu yah ka @rosameldianti_ semangat""",10,1
115,Non-bullying,jujur suka meldi suka ngehujat orang,"""Jujur aku lebih suka meldi yang sekarang daripada yang dulu suka ngehujat orang""",10,1
116,Bullying,sumpah aslinya muka kamu lebar mirip baskom loh mel rosameldianti_,"""sumpah aslinya muka lo lebar kayak baskom loh mel @rosameldianti_""",0,0
117,Non-bullying,berkarya terus meldi walo tidak yang nuntun,"""Berkarya teros meldi walo ga ada yg nuntun kamu.""",10,1
118,Bullying,astaghfirullah seram ya bun ular jelmaan makhluk halus ya bun,"""Astaghfirullah, seram sekali ya bun seperti ular jelmaan makhluk halus ya bun""",0,0
119,Non-bullying,heran cowokpun ngebully sabar meldi,"""Dan yang paling saya heran cowokpun ikut ngebully, sabar meldi.""",10,1
120,Bullying,astaga ratu edit muka sumpah seren mirip film setan2 begitu,"""Astaga? Ratu edit muka.. Sumpah seren kayak film setan2 gitu?..""",0,0
121,Bullying,matanya mirip katarak anjir ahahah,"""Matanya kayak katarak anjir AHAHAH""",0,0
122,Bullying,caption saja copas cantumin credit dasar iblis,"""Caption aja COPAS! Cantumin credit dong, dasar iblis""",0,0
123,Non-bullying,unfoll saja dosa ngebully2,"""Unfoll aja daripada kalian dosa ngebully2 terus..""",10,1
124,Non-bullying,meldi perhatikan orang china deh cantik,"""Meldi aku perhatikan kamu seperti orang china deh.. cantik""",10,1
125,Bullying,editan softlensnya mbaknya mirip ratu titisan ular wkwkwk,"""Editan softlensnya keluar itu mbaknya, kayak ratu titisan ular kamu wkwkwk""",0,0
126,Bullying,kasihan ular dibawa bawa tidak ular pantasnya bunglon buaya,"""Kasihan ular dibawa bawa kamu gak pantas jadi ular pantasnya jadi bunglon atau buaya..""",0,0
127,Non-bullying,maju terus ya sayang abaikan orang2 yang comment menyakitkan,"""Maju trus ya sayang.. abaikan orang2 yg comment menyakitkan""",10,1
128,Bullying,kasihan ya rosameldianti_ hidup hanya bahan hujatan masyarakat mubadzir sekali deh hidup kamu kenapa tidak bunuh saja,"""Kasihan ya kamu @rosameldianti_ Hidup sekali cuman buat bahan hujatan masyarakat? Mubadzir banget deh hidup lo? Napa gak bunuh diri aja?""",0,0
129,Non-bullying,semangat mel bahasa asing mah berani entarnya,"""Semangat mel, bahasa asing mah yang penting kita berani pasti entarnya bisa""",10,1
130,Bullying,beda di foto yaa lebar sekali mukanya maaf foto editan ya,"""Beda sama d foto yaa.. Disini lebar banget mukanya maaf itu kalau foto editan ya""",0,0
131,Non-bullying,meldi kadang mulut aku rem kehaluanmu bangga berusaha mu yuhuuu,"""Meldi meskipun kadang mulut ku tak bisa di rem karena kehaluanmu, tapi aku bangga akan berusaha mu, yuhuuu""",10,1
132,Bullying,lupa edit ya itu muka melar,"""Lupa di edit ya tu muka melar""",0,0
133,Non-bullying,semangatt kesalahan belajar bahasa asing pembelajaran utamanya kesalahannya tidak terulang,"""Semangatt, kesalahan dalam belajar bahasa asing itu penting. Karena itu pembelajaran utamanya, supaya kesalahannya ga terulang""",10,1
134,Non-bullying,kereennnn bully an netizen menjadikanmu belajar,"""Kereennnn.. dari bully.an netizen menjadikanmu mau belajar""",10,1
135,Bullying,hiiihhh jiik lihat nih orang auranya buruk sangat tidak manis manisnya,"""Hiiihhh jiik lihat nih orang? auranya buruk bgt gak ada manis manisnya""",0,0
136,Non-bullying,semangat belajar ya uga tidak bahasa inggris,"""Semangat untuk belajar ya? saya uga gak bisa bahasa inggris""",10,1
137,Non-bullying,niat keberanian,"""Yang penting ada niat.. dan keberanian""",10,1
138,Non-bullying,salut mel semangat belajar yang ngetawain berani,"""Salut Mel.. semangat belajar, yg ngetawain juga belum tentu bisa Dan berani..""",10,1
139,Non-bullying,tidak apa-apa mel semangat belajar trusssss gampang nyerah pokoknya rosameldianti_,"""Gpp Mel semangat buat belajar trusssss jangan gampang nyerah pokoknya @rosameldianti_""",10,1
140,Non-bullying,ngaku belagak pintar,"""Setidaknya dia ngaku. bukan belagak pintar""",10,1
141,Bullying,kalau mengharap ikutan kontes miss earth les inggris biar lidahnya tidak keseleo,"""Masih jauh kalo ngarep bisa ikutan kontes miss earth , makanya dari kecil les inggris biar lidahnya gak keseleo""",0,0
142,Non-bullying,postingan ya bund netizen menghujat,"""Cuma di postingan ini ya bund netizen sedikit yang menghujat""",10,1
143,Non-bullying,happy birthday mel sehat sukses yah aamiin,"""Happy birthday Mel sehat dan Sukses yah, Aamiin""",10,1
144,Non-bullying,happy birthday kak meldi imut n ngegemesin sukses,"""Happy Birthday kak Meldi yang imut n ngegemesin. Tambah sukses selalu""",10,1
145,Bullying,ya ampun ketiak lemaknya editan parah wkwk,"""Ya ampun ketiak dan lemaknya editan parah wkwk""",0,0
146,Bullying,ketiaknya habis amplas mel alus sekali,"""Ketiaknya habis di amplas mel, alus banget""",0,0
147,Bullying,sudah diedit begitu ketiak kamu hitam,"""Udah diedit gitu, ketiak lu tetap hitam""",0,0
148,Non-bullying,selamat ulang mel sudah yah tingkah,"""Selamat ulang tahun mel, udah yah jangan banyak tingkah""",10,1
149,Bullying,mukanya kuning sekali kaya kunyit,"""Mukanya kuning banget kaya kunyit""",0,0
150,Non-bullying,selamat ulang meldi sukses sehat ya,"""Selamat ulang tahun meldi sukses dan sehat terus ya?.""",10,1
151,Non-bullying,fotonya cantik ihhh biar tidak kena hujat ihh mah kasihan,"""Fotonya lainnya jangan yang ini, kan masih banyak yang lebih cantik ihhh biar gak kena hujat kamu ihh, aku mah kasihan""",10,1
152,Non-bullying,happy birthday meldi semoga sukses umur rejekinya lancarkan amin,"""HBD meldi? Semoga sukses selalu dan panjang umur dan rejekinya di lancarkan.. Amin""",10,1
153,Bullying,perasaan kemarin lengannya kekar sekali kek petinju sudah begitu ketiaknya hitam difoto lengannya ketiaknya putih kek dibedakin,"""Perasaan kemarin lengannya kekar banget kek petinju, udah gitu ketiaknya juga hitam. Kok difoto ini lengannya jadi kecil, ketiaknya putih kek dibedakin""",0,0
154,Non-bullying,selamat ulang kak rosameldianti_ banyaknya sadar pansos yah amin,"""Selamat Ulang Tahun kak @rosameldianti_, banyaknya sadar dan jangan pansos lagi yah. Amin""",10,1
155,Non-bullying,happy birthday cantik semoga kedepannya sukses,"""Hbd cantik semoga kedepannya tambah sukses""",10,1
156,Non-bullying,happy birthday mbak mel cantik panjangkan umurnya sehat,"""Hbd mbak mel tambah cantik di panjangkan umurnya dan sehat selalu""",10,1
157,Non-bullying,berdiri kaki,"""berdiri di kaki sendiri lebih baik""",10,1
158,Bullying,biar edit2 kaya saja ketiak hitam nya tidak bohongin,"""Biar di edit2 kaya apa juga tetap aja ketiak hitam nya ga bisa di bohongin""",0,0
159,Bullying,sumpah apapun lengan nya gede sekali,"""Sumpah demi apapun.. Lengan nya gede banget""",0,0
160,Bullying,selamat ulang umur ketemu dajjal,"""Selamat ulang tahun panjang umur sampai ketemu dajjal""",0,0
161,Bullying,ketiak hitam buluk kamu edit nutupin daki diketek kamu aka hitam ketiak kamu dasar dugong rosameldianti_,"""Ketiak hitam buluk mau lu edit nutupin daki diketek lu tetap aka hitam ketiak lu, dasar Dugong @rosameldianti_""",0,0
162,Bullying,atm tinggal 150 ribu saja gaya kamu dugong,"""Di atm tinggal 150 ribu aja banyak gaya lu dugong""",0,0
163,Bullying,tidak bagus2nya suara polanya,"""Gak ada bagus2nya suara dan polanya?.""",0,0
164,Bullying,si meldi jelek saja gaya beda sekali sama tante n sepupunya sudah jelas2 cantik,"""Si Meldi jelek aja banyak gaya. Beda banget sm tante n sepupunya yang udah jelas2 cantik""",0,0
165,Non-bullying,sudah berubah tidak mirip saya lihat,"""Tapi dia sekarang dah berubah gak kayak dulu kalau yang gue lihat""",10,1
166,Bullying,ngedit ketiaknya sudah ya sampai ngeblur pisan putihnya kek cat tembok,"""Ngedit ketiaknya berapa lah dah itu ya ampe ngeblur pisan.. Putihnya kek cat tembok""",0,0
167,Bullying,aduh dugong saja gila filter,"""Aduh dugong masih aja gila filter?.""",0,0
168,Bullying,muka saja didempul ketiak,"""Sekarang bukan muka aja yang didempul, tapi ketiak juga""",0,0
169,Bullying,kasihan kebelet artis tidak bakat,"""Kasian kebelet artis tapi gak punya bakat""",0,0
170,Bullying,peliharaannya lepas tolong diangkut,"""Yang merasa peliharaannya lepas, tolong diangkut""",0,0
171,Non-bullying,miris sekali ultah didoain baik2 bully kasihan god bless u mel,"""Miris banget? ultah bukan didoain yang baik2 tapi tetap di bully kasian !! God bless u mel""",10,1
172,Bullying,mudah mudahan kamu jelek amin ya allah,"""Mudah mudahan lu jadi gembel. Amin ya Allah""",0,0
173,Bullying,ketiaknya hitam dikasih bedak nya abu monyet,"""Ketiaknya hitam dikasih bedak jadi nya abu"" monyet""",0,0
174,Non-bullying,heran saya mah tidak suka tidak usah follow sudah tahu ni akun private kalau kamu follow ngebuli tanda nya kamu sirik tidak suka ya tidak usah diliat kaya sempurna saja,"""Heran gua mah kalau gasuka gausah di follow dah tau ni akun private kalo lu tetap follow dan ngebuli tanda nya lu sirik. Gasuka ya gausah diliat, kaya dirinya sempurna aja""",10,1
175,Bullying,saya berharap kamu saja si yang sakit laura lol,"""Gua berharap lu aja si yg sakit bukan laura lol""",0,0
176,Bullying,kamu saja menderitaaa lora anj,"""Harusnya lo aja yang menderitaaa bukan lora anj!!!!!!!!!""",0,0
177,Bullying,gaga sempet benar lora kamu tinggalin kamu orang jahat tidak kamu tidak bahagia tidak,"""GAGA SEMPET BENERAN LORA LO TINGGALIN, LO ORANG PALING JAHAT GA!!!! LO GAK BAKAL BAHAGIA GA""",0,0
178,Bullying,kamu benar tidak kalau sempet menyakiti lora saya santet,"""Lu bener' ga.kalo sempet nyakitin lora gue santet!!!!!""",0,0
179,Bullying,si gaga kek anjing,"""Si gaga kok kek anjing""",0,0
180,Non-bullying,semangat gaga liat kebelakang fokus saja kedepan muda yang,"""Semangat gaga, jangan liat kebelakang fokus aja kedepan, masih muda masih banyak yg lebih baik juga.""",10,1
181,Bullying,tidak cantiknya gila,"""Gak ada cantiknya. Gila yang ada""",0,0
182,Non-bullying,meldi bersinar yaaa pertahanin karir jangan sia siain,"""meldi makin bersinar yaaa, pertahanin karir jgn di sia siain""",10,1
183,Non-bullying,semangat apapun dalah dimata pembenci,"""Tetap semangat?. sebaik apapun kamu akan dalah Dimata pembenci?..""",10,1
184,Bullying,asli tidak bebet tidur ni anak kasihan,"""Asli gak ada bebet bobo ni anak. kasihan sekali.""",0,0
185,Bullying,kumat semedinya segini keluarnya,"""kumat? lama semedinya segini keluarnya""",0,0
186,Bullying,tangannya hitam beda ama muka,"""Tangannya hitam? beda ama muka""",0,0
187,Bullying,meldi foto gendut beda,"""Kok meldi di foto aku gendut beda""",0,0
188,Bullying,gatau sih cantik tidak aura nya cantik idih begitu lihatnya yaa,"""Gatau sih, cantik tapi gak ada aura nya sama sekali . Cantik tapi idih gitu lihatnya , kenapa yaa ??""",0,0
189,Non-bullying,buruk nya buruk mata tidak menyukai mu,"""Baik buruk nya kamu akan tetap terlihat buruk di mata mereka yang ga menyukai mu..""",10,1
190,Bullying,gila ni siluman story orang kelihatan sekali tumpukan2 lemaknya buriknya,"""Gila ni siluman,, di story orang lain keliatan banget tumpukan2 lemaknya, buriknya apalagi""",0,0
191,Bullying,dasar bodoh kamu saya jijik kamu bro mirip tidak otak sekali,"""Dasar Bego lu.. gua jijik sama lu bro kayak gak punya otak banget""",0,0
192,Bullying,kamu kamu bagus tuh anjing wkwkw,"""Lo kira lo bagus tuh begitu anjing wkwkw""",0,0
193,Non-bullying,maafin aaa semoga jera kedepannya,"""Di maafin aaa? semoga dia jera untuk kedepannya?""",10,1
194,Bullying,eh bocah mending kamu mati saja tidak orang mirip kamu hahahahaha,"""Eh bocah mending Lo mati aja GAK guna juga ada orang kayak lo hahahahaha""",0,0
195,Non-bullying,btw video bohong nya pas tidak percaya lihat tribun news hujat ya,"""Btw yang video tapi boong itu dia buat nya tahun lalu bukan pas masalah yang sekarang kalau gak percaya lihat tribun news jadi jangan hujat dia lagi ya""",10,1
196,Non-bullying,okay bro kalem saja semangat putus asa,"""Okay bro kalem aja, tetap semangat dan jangan putus asa""",10,1
197,Bullying,kamu mati saja sudah biar tidak bikin ribet,"""Lu Mati ajalah . Udah biar gak bikin ribet""",0,0
198,Bullying,sampah masyarakat musnahkan,"""SAMPAH MASYARAKAT HARUS DI MUSNAHKAN SEGERA""",0,0
199,Bullying,mati kamu najis kontol bangsat mati kamu,"""MATI KAU NAJIS KONTOL BANGSAT MATI KAU""",0,0
200,Bullying,youtuber toxic tutup akunmu tutup usia,"""youtuber toxic, tutup akunmu sekalian tutup usia""",0,0
201,Non-bullying,ribet mirip sudah saja kamu,"""Pada ribet kayak udah pada benar aja lu semua""",10,1
202,Non-bullying,hitam diatas putih langsung proses,"""Jangan ada hitam diatas putih. Langsung proses""",10,1
203,Non-bullying,sayang anaknya ya serahkan saja polisi biar didik,"""Kalau sayang sama anaknya ya di serahkan aja ke polisi biar di didik sekalian""",10,1
204,Bullying,manusia hewan sih tidak hati sekali,"""Manusia apa hewan sih kok gak punya hati banget""",0,0
205,Bullying,manusia anjing cari uang begitu kamu kerja saja saya nyebokin saya nanti saya gaji kamu,"""Manusia anjing. Nyari uang gitu amat. Lo kerja aja sama gue nyebokin gue ntar gue gaji lo.""",0,0
206,Bullying,maklum anak pendidikan mirip begitu tidak akhlak,"""maklum anak kurang pendidikan kayak gitu gak punya akhlak""",0,0
207,Bullying,anjing anak tidak tahu ibunya nangis2,"""Anjing memang anak gak tau diri. ibunya sampai nangis2""",0,0
208,Bullying,oi babi saya bunuh kamu sumpah,"""oi babi gue bunuh lu kalau sampai kelihatan sumpah""",0,0
209,Bullying,heee sampah kamu sudah saya maafin bohong goblok,"""Heee sampah lu udah gua maafin TAPI BOONG GOBLOK""",0,0
210,Bullying,anjing kamu baku hantam ayo,"""ANJING SINI LO BAKU HANTAM AYO""",0,0
211,Non-bullying,bangkit ya bang lemah pelajaran ujian kamu bang,"""Bangkit ya bang jangan lemah buat pelajaran dan ujian buat lu jadi yang lebih baik lagi bang""",10,1
212,Non-bullying,patah semngat kak sukses,"""Jangan patah semngat kak sukses terus""",10,1
213,Non-bullying,semangat ferdian tidak usah dengerin orang hujat manusia luput kesalahan,"""Semangat Ferdian gausah dengerin orang yang hujat kamu, karena semua manusia tidak luput dari kesalahan""",10,1
214,Non-bullying,sumpah respect sekali,"""Sumpah sekarang aku respect banget sama kamu""",10,1
215,Non-bullying,menurutku pribadi tulus maafnya,"""Menurutku pribadi, dia tulus minta maafnya?.""",10,1
216,Bullying,dikasih bidadari maunya boneka santet,"""DIKASIH BIDADARI MAUNYA BONEKA SANTET""",0,0
217,Non-bullying,hilang respect saya jane sudah setia sangat kamu kamu nya main cewek pas sudah dari penjara lol,"""Ilang respect gue.. padahal jane udh setia bgt sama lu, tapi lu nya main cewe pas udh keluar dri penjara.. lol""",10,1
218,Non-bullying,hapus saja ni poto tidak tahu malu sangat kamu bang,"""Hapus ajh ni poto ngk tau malu bgt lu bang""",10,1
219,Bullying,intinya tidak suka ajg listy ngrusak suasana,"""Intinya gasuka ajg selama ada listy . Ngrusak suasana""",0,0
220,Bullying,foto 2 anjing 1 kontol,"""Di foto ini ada 2 anjing dan 1 kontol""",0,0
221,Non-bullying,kasihan sekali jane sudah nunggu penjara eh tahunya waw sakit siih,"""kasian banget Jane udah nunggu keluar penjara eh taunya :), waw sakit siih""",10,1
222,Bullying,puny cewk selingkuhin tidak ngotak,"""Puny cewk baik di selingkuhin g ngotak""",0,0
223,Bullying,ingat yang potong nya hubungan nya kalau sudah gini sembeleh saja orang nya sudah terlanjur kecewa,"""Inget yg di potong itu masalah nya bukan hubungan nya, tapi kalo udah gini sembeleh aja orang nya :) udah terlanjur kecewa""",0,0
224,Non-bullying,konten putus foto tabi jessica tidak dihapus,"""Ini buat konten.. masa putus foto tabi sama jessica engga dihapus ?""",10,1
225,Non-bullying,makan dibikin ama jess tetapi ngehianatin gila sih,"""Tiap mau makan dibikin ama jess tpi malah ngehianatin gila sih""",10,1
226,Non-bullying,parah kamu bang nama kamu sudah rusak karena narkoba tambah saja truss,"""Parah lu bang nama lu udh rusak karna narkoba malah nambah masalah ajh truss""",10,1
227,Bullying,anjing ya erick,"""Ini anjing Kok mirip ya sama Erick""",0,0
228,Bullying,muka pas an sok sok an sama lonte kamu anjing,"""Muka Pas""an sok sok an mau sm lonte lo anjing""",0,0
229,Bullying,kamu anjingnya anjingnya,"""Lu sama anjingnya, lebih baik anjingnya""",0,0
230,Bullying,ih babi jangan megang tuh anjing harga dripada kamu,"""IH ADA BABI JGN MEGANG TUH ANJING HARGA DIRINYA LEBIH TINGGI DRIPADA LO""",0,0
231,Non-bullying,santuy saja bang tidak tanggepin btw saya suka gaya kamu,"""Santuy aja bang ga usah di tanggepin,btw gw suka gaya lo""",10,1
232,Bullying,narkoboy kontol main cewek menyakiti saja kamu anjing mati saja kamu bodoh,"""Narkoboy kontol, Cuma bisa maen cewe sama nyakitin doang lu anjing, mati aja lu bego""",0,0
233,Bullying,tetap penjara saja ajg nyusahin kamu,"""TETEP PENJARA AJA AJG NYUSAHIN LO KELUAR""",0,0
234,Non-bullying,cewek cakap setia disia sia in sahabat,"""cewe cakep, setia kok disia sia in sahabat""",10,1
235,Bullying,loh aku liatnya anjing yaa,"""loh kok ak liatnya anjing semua yaa""",0,0
236,Bullying,anjingnya guys saya liat babi hitam,"""Anjingnya ada dua kok guys, tapi kok lagi satu gue liat ada babi item""",0,0
237,Bullying,mantan anjing eh kebalik anjing mantan,"""Mantan Anjing, eh kebalik anjing mantan""",0,0
238,Non-bullying,bikin skandal ingin tenar,"""Bikin skandal karena kepengen tenar?""",10,1
239,Bullying,wiii anjay liat babi megang 2 anjing,"""Wiii anjay kapan lagi liat babi megang 2 anjing""",0,0
240,Bullying,foto babi memeluk anjing yang pemilik nya bidadari,"""Ini adalah foto babi sedang memeluk anjing yg pemilik nya adalah bidadari""",0,0
241,Bullying,babi tidak pantes nyentuh anjingnya bidadari kotor,"""Babi g pantes nyentuh anjingnya bidadari, nanti kotor.""",0,0
242,Bullying,anjing foto ya,"""SESAMA ANJING FOTO DULU YA KAN""",0,0
243,Bullying,potret seorjing memegang anjing kwkw,"""potret seorjing memegang anjing kwkw""",0,0
244,Non-bullying,heh sudah kenapa hate nya capai saya baca nya,"""HEH UDH NAPA HATE NYA CAPE GW BACA NYA""",10,1
245,Bullying,ganteng anjingnya eh eh kamu tidak pantes anjing anjing setia pantesnya sih babi hahahaha,"""WADUH MALAH LEBIH GANTENG ANJINGNYA. EH EH BAHKAN LU GA PANTES DISEBUT ANJING. ANJING KAN SETIA PANTESNYA SIH BABI HAHAHAHA""",0,0
246,Bullying,kalau lomba an sama babi babi nya nomor 2,"""kalo lomba sama""an sm babi, babi nya nmr 2""",0,0
247,Bullying,si anjing berfoto si anjing,"""Si anjing ketika berfoto dengan si anjing""",0,0
248,Non-bullying,kak jessica yang tunggu setia sama kartu keluarga loh pas ada kemarin kartu keluarga tidak ngehargain lebih pilih yang di sono,"""Kak jessica yg nungguin+setia sm kk loh pas ad masalah kmrn. Tapi kk ga ngehargain malah lbh milih yg d sono""",10,1
249,Bullying,erikontolim manusia babi anak lonte,"""erikontolim manusia babi anak lonte""",0,0
250,Non-bullying,hargailah hati wanita sudah tulus menemani kamu 0,"""HARGAILAH HATI WANITA YANG UDH TULUS NEMENIN LO DARI 0!!!""",10,1
251,Non-bullying,bagus sih erick mutusin jessica ya karena erick kelakuan nya begituu coba liat jessica,"""Tapi bagus sih erick mutusin Jessica ya karna Erick kelakuan ny begituu coba liat Jessica""",10,1
252,Bullying,anjing hebat ya pakai kacamata,"""Anjing sekarang hebat ya, bisa pake kacamata""",0,0
253,Non-bullying,sudah lh nasi sudah jadi bubur tidak dibentuk kek semulaaa,"""Sdh lh nasi udah jdi bubur ga bisa lagi dibentuk kek semulaaa""",10,1
254,Non-bullying,kukira kehadiranmu kebanggaan,"""Kukira kehadiranmu akan menjadi sesuatu kebanggaan, ternyata tidak""",10,1
255,Bullying,3 ajg yang tato benar-benar ajg,"""Ada 3 Ajg Dan Yg Punya Tato Bener2 Ajg""",0,0
256,Bullying,dasar orang tua tidak ada akhlak ngajarin anaknya tidak benar,"""dasar orang tua gada akhlak,ngajarin anaknya yang ga bener""",0,0
257,Non-bullying,erik sih jelasin saya tidak update maap2,"""Erik kenapa sih? Ada yang bisa jelasin gw ga update soalnya.. maap2""",10,1
258,Bullying,eh anjingnya ci jessica saya lempar kamu,"""Eh jangan dekat dekat sama anjingnya ci Jessica gua lempar lu""",0,0
259,Non-bullying,guys dari pada comment2 mending unfoll sama unsubscribe saja yaa,"""guys dr pd comment2 mending unfoll sm unsubscribe aja yaa""",10,1
260,Bullying,babi main ma anjing,"""Babi lagi main ma anjing :)""",0,0
261,Bullying,dikasi bidadari pilih babi,"""Dikasi BIDADARI MALAH PILIH BABI""",0,0
262,Non-bullying,postingan juga dihujat gila netijen,"""Postingan pertama jg dihujat dong gila netijen""",10,1
263,Bullying,kali lihat anjing babi baikan,"""BARU KALI INI LIHAT ANJING SAMA BABI BAIKAN?""",0,0
264,Bullying,dikasih bidadari pilih setan,"""Dikasih bidadari malah milih setan""",0,0
265,Non-bullying,saya tidak benci ama kamu bro tetapi saja tingkah kamu melenceng,"""Padahal gw g mau benci ama lu bro, tpi ada aja tingkah lu yang melenceng:(""",10,1
266,Bullying,sikap mu najis ludah anjing,"""SIKAP MU LEBIH NAJIS DARIPADA LUDAH ANJING!""",0,0
267,Non-bullying,njir sudah nih poto post yang komen baru2,"""Njir meskipun udh lama nih poto di post tapi masih banyak yg komen baru2""",10,1
268,Non-bullying,kesini hanya mau liat komen saja,"""kesini cmn mo liat komen aja""",10,1
269,Non-bullying,buset hate comment sampai postingan,"""Buset hate comment ampe postingan paling bawah""",10,1
270,Non-bullying,foto upload nya 20 maret comment 1 jam 2 jam 3 jam yang,"""Foto di upload nya 20 maret yang comment 1 jam 2 jam 3 jam yg lalu""",10,1
271,Bullying,pantes utang bayar lonte,"""Pantes banyak utang buat bayar lonte""",0,0
272,Bullying,2 3 tutup botol muka kamu kek kontol wkwk,"""2 3 tutup botol muka lu kek kontol wkwk""",0,0
273,Non-bullying,astaga pagi dibikin terbahak-bahak ama komenan netijen yang berbicara suka benar,"""astaga masih pagi dibikin ngakak ama komenan netijen yg ngmng suka bener""",10,1
274,Non-bullying,sudah saya capai baca komen,"""Dah lah. Gw capek baca komen kalian""",10,1
275,Bullying,kelihatan sangat anjingnya ketakutan foto dakjal,"""Keliatan bgt anjingnya ketakutan foto sama dakjal""",0,0
276,Non-bullying,astaga ngehujat sampai postingan,"""Astaga ngehujat sampe postingan paling bawah""",10,1
277,Bullying,najis elu anjing,"""Lebih najis elu daripada anjing!""",0,0
278,Bullying,2 ekor anjing buaya makan jambut,"""2 ekor anjing dan satu buaya makan jambut""",0,0
279,Bullying,kalau disuruh melihara anjing eric saya pilih anjing saja najis najisan erick kontol,"""Kalo disuruh melihara anjing/eric gw pilih anjing aja meski Najis tapi lebih najisan erick kontol""",0,0
280,Non-bullying,ngapain si ngejudge mikir putus kejadian tolol,"""Ngapain si pada ngejudge? Mikir dulu lah dia putus juga sebelum kejadian itu tolol""",10,1
281,Non-bullying,hargai wanitamu didekati pria memilihmu,"""Hargai wanitamu dia didekati banyak pria tetapi tetap memilihmu""",10,1
282,Bullying,sipat anjing anjing saja ya manusia sipat anjing,"""Ternyata sipat anjing bukan hanya ada di anjing doang ya,di manusia sipat anjing juga ternyata ada""",0,0
283,Bullying,potret anjing poto setan,"""Potret ketika anjing poto dengan setan""",0,0
284,Bullying,bantu bedainn woyy anjing babi,"""BANTU BEDAINN WOYY MANA ANJING MANA BABI""",0,0
285,Non-bullying,udaah woii udahh kamu tidak kasihan capai ngelike komenan,"""Udaah woii udahh lu gak kasihan apa?. Aku capek ngelike komenan kalian""",10,1
286,Bullying,3 anjing 1 anjing berwujud manusia 2 anjing asli perwujudan aowkwkw,"""3 anjing 1 anjing berwujud manusia, 2 anjing asli tak ada perwujudan aowkwkw""",0,0
287,Bullying,kasihan saya anjingnya dipegang dajjal,"""Kasian gue sama anjingnya dipegang dajjal""",0,0
288,Bullying,kasihan anjing nya pegang babi,"""Kasian anjing nya di pegang babi""",0,0
289,Bullying,kamu kontol tidak ajg anak dakjal,"""Lo itu kontol gak guna ajg anak dakjal""",0,0
290,Bullying,mukak kamu buruk anjing kamu,"""mukak lu lebih buruk daripada anjing lu""",0,0
291,Bullying,dikasi bening pilih dakian,"""dikasi yang bening malah milih yang dakian""",0,0
292,Bullying,mending masuk penjara saja sudah seumur hidup,"""Mending masuk penjara lagi aja dah seumur hidup""",0,0
293,Bullying,lebih lucu anjingnya ya ktimbang orangnya,"""Kok lbih lucu anjingnya ya ktimbang orangnya""",0,0
294,Bullying,jesica lepas kambing hitam,"""Akhirnya jesica bisa lepas dari kambing hitam ini""",0,0
295,Non-bullying,maafin saja bro orang kesalahan kesalahan nasehatin saja tahu berubah,"""Maafin Aja Bro Semua Orang Pasti Ada Kesalahan Dia Juga Pasti Ada Kesalahan Nasehatin Aja Siapa Tau Dia Berubah""",10,1
296,Bullying,kasihan anjingnya dipeluk sma sampahh,"""Kasian anjingnya dipeluk sma sampahh""",0,0
297,Non-bullying,saya penjara berubah,"""Gua kira keluar dari PENJARA bisa berubah""",10,1
298,Non-bullying,cintamu sebatas kertas wkwkw enteng bang,"""Cintamu hanya sebatas kertas wkwkw enteng bang""",10,1
299,Non-bullying,jane respect sekarang benar-benar sudah hilang respect,"""Padahal sejak dia sama Jane aku lebih respect :( skrg bener2 udah hilang respect :(""",10,1
300,Bullying,sudah menemani tersulit kamu pas sudah selingkuh tidak sangka idola saya sesampah,"""udah nemenin dari masa tersulit lo pas udah keluar malah selingkuh, ga nyangka idola gua sesampah itu.""",0,0
301,Non-bullying,dihujat habis an postingan komen wkwk,"""Dihujat habis""an semua postingan lama ada komen baru wkwk""",10,1
302,Bullying,saya tidak bisa bedain anjing manusia keliatannya,"""Gua gabisa bedain mana anjing mana manusia, keliatannya sama""",0,0
303,Non-bullying,kamu anaknya kick andy yang namanya marlo bang,"""Lu mirip anaknya kick andy yg namanya marlo bang""",10,1
304,Non-bullying,orang karena orang jahat,"""Kenapa ada orang baik ? Karna ada orang jahat""",10,1
305,Non-bullying,tidak niatan mengadakan pengajian begitu bang,"""Ngga ada niatan ngadain pengajian gitu bang?""",10,1
306,Non-bullying,suka sekali rambutnyaa ganteng,"""Suka banget sama rambutnyaa tambah ganteng""",10,1
307,Bullying,abatartila saja kaya gini bilang king king muka nya sudah kaya tai musang,"""@abatartila Ada ada aja kaya gini di bilang king, king muke nya udh kaya tai musang""",0,0
308,Bullying,tinggalkan berlian tai babi dih,"""Ninggalin berlian demi tai babi dih""",0,0
309,Bullying,ganteng kaga kamu kelihatan kaya daki kontol,"""ganteng kaga lu begitu malah keliatan kaya daki kontol""",0,0
310,Bullying,mukak kamu mirip tapir kuda asu sok ganteng sekali kamu,"""Mukak lo kayak tapir kuda asu sok ganteng banget lo""",0,0
311,Non-bullying,yang kecewa kamu rik,"""Banyak yg kecewa karena lu begini rik!!!!""",10,1
312,Bullying,maaf ye muka kamu sudah jelek kaga sok selingkuh cakepan anjing saya noh,"""Maap ye?muke lu udh jelek kaga usah sok selingkuh,cakepan anjing gua noh""",0,0
313,Bullying,si hebatnya banci yang badannya penuh koreng kaya kamu,"""Apa si hebatnya banci yg badannya penuh koreng kaya lo""",0,0
314,Bullying,gini bersihan kaga kek dekil,"""Gini dong bersihan kaga kek tahun tahun sebelumnya dekil""",0,0
315,Bullying,muka kamu keriput kek aki aki,"""Muka lu keriput kek aki aki""",0,0
316,Non-bullying,foto jelek dihujat foto ganteng dibilang sok ganteng,"""Foto jelek dihujat, foto ganteng dibilang sok ganteng""",10,1
317,Bullying,kebanyakan nyabu kurus kamu,"""kebanyakan nyabu jadi kurus lu""",0,0
318,Bullying,narkoboyy ngeluarin lidahh ajg tes urin,"""NARKOBOYY NGELUARIN LIDAHH, AJG MAU APA, MAU TES URIN""",0,0
319,Bullying,fotolu pede anjrit muka kamu itu anjrit,"""Fotolu pede anjrit muka lu tu anjrit""",0,0
320,Bullying,hidup jangan boss playboy ajg luu,"""Hidup itu jngn keterlaluan boss playboy amat ajg luu""",0,0
321,Bullying,mukalu kek aktor bokep bgst mending ngobat saja luu,"""Mukalu kek aktor bokep bgst mending ngobat aja luu""",0,0
322,Bullying,sudah jelek semangattt pulak wkwk,"""dah jelek semangattt pulak WKWK""",0,0
323,Bullying,muka nya begitu seren bikin mual liatnya,"""Muka nya kok gitu, seren bikin mual liatnya""",0,0
324,Bullying,anjing ngewe ama lonte bangsat,"""Sana anjing ngewe ama lonte bangsat""",0,0
325,Bullying,muka kek kontol mending penjara,"""Muka kek kontol mending di penjara""",0,0
326,Bullying,muka kek banci dih najis,"""muka kek banci dih najis""",0,0
327,Bullying,nanti mati konyol,"""Ntar Mati dalam keadaan konyol""",0,0
328,Bullying,bilang jelek nya tidak enak hehe,"""mau bilang jelek nya ga enak hehe ?""",0,0
329,Bullying,idihhhhh pantas saja foto nya keluarin lidah seperti begitu ternyata tukang jilat,"""Idihhhhh pantesan aja foto nya keluarin lidah kyk gtu. Trnyata tukang jilat?""",0,0
330,Bullying,nih orang kalau lomba babi babinya juara 2,"""NIH ORANG KALO LOMBA MIRIP BABI,BABINYA JUARA 2""",0,0
331,Bullying,titisan dakjal memang kamu nyet,"""Titisan dakjal emg lo nyet""",0,0
332,Bullying,et muka kamu saja begitu dih hahaha biarin saja sampah ketemu sampah biar busuk,"""Et muka lu aje gitu dih hahaha. Biarin aja sampah ketemu sampah biar busuk bersama""",0,0
333,Bullying,jijik astagah sok bat cakap njs,"""Jijik astagah sok bat cakep njs""",0,0
334,Non-bullying,bully an ig ngeri facebook ajg saya ngerii ajgg,"""Bully an di ig lebih ngeri daripada di fb ajg gua jadi ngerii! Ajgg",10,1
335,Bullying,sudah buriq brengsek pantes saja dapat lonte,"""udah buriq brengsek pula pantes aja dapet lonte""",0,0
336,Bullying,muka kampung gaya sok soan kota nyet,"""MUKA KAMPUNG GAYA SOK SOAN KOTA NYET""",0,0
337,Bullying,ngapa lidah kamu stroke amin deh begitu,"""Ngapa lidah Lo stroke amin deh kalau gtu""",0,0
338,Bullying,ciah dihujat 1 indonesia sampai bunuh ya komtoll belum puas nguat kauuu,"""Ciah dihujat 1 Indonesia jangan sampe bunuh diri ya komtoll kami blom puas nguat kauuu""",0,0
339,Bullying,orang kampung otak dusun gaya sosoan hype tetap saja tidak bisa nutupin muka babu kamu,"""Org kampung otak dusun gaya sosoan hype. Ttep aja gabisa nutupin muka babu lu.""",0,0
340,Bullying,cowok foto lihat lidah nya jam ah jijik saya minus akhlak kek gini,"""Cowo foto liatin lidah nya jam ah jijik gue. Apa lagi minus akhlak kek gini""",0,0
341,Bullying,anjing saya juga ogah liat muka kamu,"""ANJING gue jg ogah liat muke lu""",0,0
342,Non-bullying,tidak boleh melet dosaa rik,"""G bole melet dosaa rik""",10,1
343,Bullying,paan melet melet jilat tai tabi,"""paan melet melet mau jilat tai tabi?""",0,0
344,Bullying,setan memang melet2 teross jijik asuuu,"""Setan emg melet2 teross jijik asuuu""",0,0
345,Bullying,ni anak lahir karena kondom bocor tidak syukur muka seperti selangkangan gorilla dapat cewek cntik seperti jessica setia dan lain lain sia2in bgsad,"""ni anak lahir krna kondom bocor.. ga ada rasa syukur muka kyk selangkangan gorilla dpt cewe cntik kyk jessica setia dll malah di sia2in bgsad""",0,0
346,Bullying,si melet2 sok ganteng,"""Apaan si melet2 sok ganteng""",0,0
347,Bullying,muka kek slangkangan biawak saja banyak blagu kamu,"""Muka kek slangkangan biawak aje bnyk blagu lu""",0,0
348,Non-bullying,sumpah sih jahat sekali benar-benar kasihan kak jessica,"""Sumpah sih jahat banget. Bener2 kasian sama kak jessica""",10,1
349,Bullying,anjing tidak pantes bidadari,"""Anjing gk pantes sama bidadari.""",0,0
350,Bullying,melet terus setan kaya ular,"""MELET MULU SETAN KAYA ULAR""",0,0
351,Bullying,njr melet melet saya kirain hewan,"""Njr melet melet gw kirain hewan""",0,0
352,Bullying,begitu saja deh kek anjg kamu kang,"""Gtu aj dh kek anjg lo kang""",0,0
353,Non-bullying,saya kesini pengen liat babang sumpah feeling saya benar sekali ama reynhard sinaga,"""Gw kesini pengen liat babang ini.. Sumpah feeling gw bener.. Mirip banget ama Reynhard Sinaga""",10,1
354,Bullying,ih ko melet2 si kaya hewan saja wkwkwkwk,"""Ih ko melet2 si kaya hewan aja wkwkwkwk""",0,0
355,Bullying,iuu pilih iblis daripada bidadarii kwkwkw jyjyq,"""Iuu milih iblis drpd bidadarii kwkwkw jyjyq""",0,0
356,Bullying,melet2 sudah kaya anjing eh emah anjing,"""MELET2 UDAH KAYA ANJING, EH KAN EMAH ANJING""",0,0
357,Bullying,tidak nyadar saja nih sampah haha,"""ga nyadar aja nih sampah HAHA""",0,0
358,Bullying,lidah kuman and virus nih,"""Lidah banyak kuman and virus nih""",0,0
359,Non-bullying,ngira baju endorse kfc,"""Awalnya ngira baju endorse dari KFC, mirip '-'""",10,1
360,Non-bullying,saya kamu berkarya perbaiki tinggalkan yang negatif terlambat tetap orang yang hebat bahagia xrickolim,"""GUA MAU LO TERUS BERKARYA , PERBAIKI, TINGGALKAN YG NEGATIF , TIDAK ADA KATA TERLAMBAT , TTP JADI ORANG YG HEBAT DAN SELALU BAHAGIA @xrickolim""",10,1
361,Bullying,cita cita pakboi eh narkoboy nasib nasib,"""Cita cita ingin jadi pakboi , eh tapi malah jadi narkoboy nasib-nasib""",0,0
362,Bullying,kenapa kamu penjara sih,"""Napa lu balik dari penjara sih?""",0,0
363,Non-bullying,mending kamu tobat sudah,"""Mending lu pada tobat dah""",10,1
364,Bullying,dipenjara apalo sikat gigi bau ya baubau aroma bangsatttt,"""selama dipenjara apalo sikat gigi? KOK BAU YA, BAUBAU AROMA BANGSATTTT""",0,0
365,Bullying,gigi kamu apanya jigong kondom nya nyangkut,"""Gigi lo ada apanya? Jigong? Atau kondom nya nyangkut?""",0,0
366,Bullying,ih mukanya kek anjing rumah gwa,"""ih mukanya kek anjing rumah gwa""",0,0
367,Bullying,woi anak anjing ngapain kamu hidup bgst,"""woi anak anjing ngapain lu hidup bgst""",0,0
368,Bullying,sudah jelek tidak di jelek2 in bro,"""Udah jelek gak usah d jelek2 in lagi bro""",0,0
369,Bullying,ganteng tidak berbakat tidak kelebihannya di mana cobak,"""Ganteng kagak berbakat juga kagak kelebihannya dimana cobak?""",0,0
370,Bullying,benci saja ama orang jelek pakai selingkuh,"""Benci aja Ama orang jelek pake selingkuh segala""",0,0
371,Bullying,sudah tutup mulut nya bau kambing,"""Udah tutup mulut nya bau kambing""",0,0
372,Bullying,jualan jualan kenapa tidak yutuber bro takut tidak yang nonton yah,"""Jualan jualan knp ngga jadi yutuber lagi bro takut ngga ada yg nntn yah""",0,0
373,Non-bullying,mirip randy pangalila kalau tidak pakai kacamata,"""Kayak Randy Pangalila klo gk pake kacamata""",10,1
374,Non-bullying,kenapa liat muka bagi eric kaya enak begitu yang,"""Entah knp liat muka BG Eric sekarang kaya enak gitu .. dari pada yg dulu""",10,1
375,Bullying,ganteng nyasih anjing kucel gini jadi model,"""Apa ganteng nyasih anjing.. Kucel gini jadiin model""",0,0
376,Bullying,sepertinya ngeliat hancur deh,"""keknya dia ngeliat masa depan yang hancur deh""",0,0
377,Bullying,ingett hidup kamu tidak seenak rikkk hidup kamu susah salam teman smp pas kamu burikkk eh sekarang saja,"""INGETT HIDUP LO DULU GA SEENAK INI RIKKK. HIDUP LO SUSAH!!!! SALAM TEMEN SMP PAS LO BURIKKK. EH SKRG SAMA AJA""",0,0
378,Bullying,yaaaa yaaa kalau liat muka nya sumpah ngeselin sekali sudah operasi sono biar gantengan sedikit kalau jalan mall tidak kenal orang,"""Yaaaa yaaa kalo liat muka nya sumpah ngeselin banget dah?.oprasi dulu sono..biar gantengan dikit.. Dan kalo jln ke mall gk di kenal orng.""",0,0
379,Bullying,sih artis jelek mah iya mukanya iyuhhh,"""dia ini siapa sih??? Artis bukan, jelek mah iya mukanya iyuhhh""",0,0
380,Bullying,era kamu mending kamu mati saja babi kalau baca balas nyet,"""Ini bukan era lo lagi, mending lo mati aja babi. Kalo baca bales nyet""",0,0
381,Non-bullying,segenap hati maaf,"""Saya segenap hati minta maap""",10,1
382,Bullying,bahagia utang,"""Dulu Bahagia Sekarang Banyak Utang""",0,0
383,Non-bullying,maju berkelas rik tidak jamannya lagi toxic tidak beraturan build sistem you will be big,"""Harus lebih maju berkelas rik!! Ga jamannya lg toxic dan ga beraturan.. build sistem!! You will be BIG""",10,1
384,Non-bullying,editan konsepnya nice sekali lahhh,"""editan sama konsepnya nice banget lahhh""",10,1
385,Bullying,iri babi hahah najis,"""iri kok sama babi hahah najis""",0,0
386,Bullying,kamu kaya anjing kaya babi,"""LO YANG DULU BUKANLAH YANG SEKARANG DULU KAYA ANJING SEKARANG KAYA BABI""",0,0
387,Bullying,jelek saja tukang selingkuh kamu buriq,"""Jelek aja tukang selingkuh lo buriq !""",0,0
388,Non-bullying,komennya kek gini ya,"""kok kalian komennya pada kek gini ya""",10,1
389,Bullying,rick kamu tuh manusia kek tidak gunanya kamu dilahirin kedunia berbuat sayang nya kamu ngecewain orang gimana mau masuk surga,"""Rick lu tuh jadi manusia kek gk ada gunanya lu dilahirin kedunia untuk berbuat baik, sayang nya lu ngecewain org lain gimana mo masuk surga""",0,0
390,Non-bullying,kaloga cocok paksain,"""Kalian kaloga cocok mau di paksain?""",10,1
391,Non-bullying,ya biarin xrickolim gatau gimana aslinya ambil keputusan kalau sudah takdir tidak ada nentang njir,"""ya biarin @xrickolim kita gatau gimana aslinya masa kalian semua ambil keputusan sepihak?kalo udah takdir gaada yang bisa nentang njir""",10,1
392,Bullying,cocok memang orang mah orang kalau yang bejat mah memang cocok bejat ehehe,"""Cocok kok, emang orang baik mah buat org baik, kalo yg bejat mah emang cocok buat yang bejat juga ehehe""",0,0
393,Bullying,erick goblok pacaran ama lonte anj so bat,"""ERICK GOBLOK,MALAH PACARAN AMA LONTE ANJ,SO BAT""",0,0
394,Bullying,cocok sekali sama2 orang tidak benar biar hancur,"""Cocok banget sama2 orang gak bener biar lah dia hancur bersama""",0,0
395,Bullying,eh kek penampakan lonte,"""EH KEK ADA PENAMPAKAN LONTE""",0,0
396,Bullying,meninggalkan berlian tai sapi,"""Meninggalkan berlian demi Tai Sapi""",0,0
397,Bullying,era kamu lagi wkwkw sekarang kamu penuh cacimaki telen ludah,"""Ini bukan era lo lgi, wkwkw skrng lo penuh dengan cacimaki, telen ludah sendiri""",0,0
398,Bullying,pantes mulainya si ajg berulah,"""Pantes disini mulainya si ajg berulah""",0,0
399,Bullying,open bo tidak bang si listy om om yang cari cewek yang sudah pengalaman,"""Open BO ga bang si listy? Kebetulan ada om-om yg nyari cwe yg udah pengalaman!!!!""",0,0
400,Bullying,buah nangka buah kemanggi tidak akhlak kamu babi,"""Buah nangka buah kemanggi gak ada akhlak lu babi""",0,0
401,Bullying,perlahan karirmu hancur bro kamu kebawan,"""Perlahan karirmu ancur bro dan lu akan kembali kebawan""",0,0
402,Bullying,biarkan sk69official bangkrut saja ceo nya gatau terima kasih haha,"""Biarkan @sk69official bangkrut aja. CEO nya gatau trimakasih haha""",0,0
403,Bullying,ngapain nginap rumah cowok tidak ada keluarga lagi kamu,"""ngapain juga nginap di rumah cowo, gaada keluarga lg lo?""",0,0
404,Bullying,eh pelakor pas sekali frame orang 3,"""Eh ada pelakor, pas banget frame ke tiga, orang ke 3""",0,0
405,Bullying,anak gblk dikasi berlian pilih kerikil,"""Anak gblk dikasi berlian malah milih kerikil""",0,0
406,Bullying,dikasih bidadari pilih dajjal awokawok v,"""Dikasih bidadari malah milih dajjal awokawok:v""",0,0
407,Non-bullying,hanya ngehina sadar tidak sempurna kaya,"""Jangan cuman bisa ngehina Dong Sadar Kalian Itu Ga sempurna sama kaya kami""",10,1
408,Bullying,kesihan saya orang otak dangkal kek gini,"""Kesihan gue sama org otak dangkal kek gini""",0,0
409,Bullying,murahh sekali kamu jijik saya dikick evos malah open bo,"""Murahh banget lo jijik gue ?. Dikick EVOS mlah open BO""",0,0
410,Bullying,senengnya menyesal nya seumur hidup miris sekali hidup kamu tolol meninggalkan berlian indah dipandang sayang segumpal tai kucing,"""senengnya sekali nyesel nya seumur hidup, miris banget hidup lu tolol meninggalkan berlian yang indah dipandang dan di sayang demi segumpal tai kucing""",0,0
411,Bullying,indahnya pemandangan lont lont jual,"""Indahnya pemandangan banyak LonT lonT mau di jual""",0,0
412,Bullying,bidadari ditunjukan memang tidak pantes sma dajjal tidak tahu,"""bidadari sudah ditunjukan , bahwa mmg g pantes sma dajjal g tau diri""",0,0
413,Non-bullying,tolong kasih tahu nya apaa gais,"""siapapun tolong kasih tau aku ini masalah nya apaa gais""",10,1
414,Bullying,dikasih hati yang malaikat pilih yang berhati iblis greget,"""dikasih hati yg malaikat milih yg berhati iblis greget:(""",0,0
415,Bullying,kasih bidadari pilih kotoran,"""Di kasih bidadari malah pilih kotoran""",0,0
416,Bullying,dikasih bidadari lonte,"""Dikasih bidadari malah minta lonte""",0,0
417,Bullying,tidak jadi beli model murahan barang murahan,"""Gajadi beli Model murahan barang pasti murahan""",0,0
418,Bullying,modelny saja murahan barangnya,"""Modelny aja murahan apalagi barangnya""",0,0
419,Bullying,muka macem pengamen gegayaan selingkuh untung sudah tidak sama jane lagi kebanting sama jane muka kamu,"""muka macem pengamen gegayaan selingkuh, untung udh ga sm jane lg, kebanting sm jane muke lu""",0,0
420,Bullying,males beli saya gara gara lonte,"""Males beli gua,gara gara ada lonte""",0,0
421,Bullying,bulug gini ya mukanya ehh maaf,"""Padahal bulug gini ya mukanya.. ehh,, maaf..""",0,0
422,Non-bullying,cantikan jessica ke mana,"""Padahal cantikan jessica kemana mana""",10,1
423,Bullying,dikasih bidadari pilih sampah,"""Dikasih bidadari malah milih sampah""",0,0
424,Bullying,yaelah muka pas an saja bangga kamu njing,"""yaelah muka pas""an aja bangga lu njing""",0,0
425,Bullying,pilih iblis bidadari haha,"""Wah ibarat lebih milih iblis daripada bidadari haha""",0,0
426,Bullying,rangga_kanahaya kenapa tidak truck sampah kek mukanya sampah,"""@rangga_kanahaya knp gk truck sampah, kek mukanya sampah""",0,0
427,Bullying,tidak jadi beli takut ketularan lonte nya,"""Gajadi beli, takut ketularan lonte nya""",0,0
428,Non-bullying,hujatan klean kasihan si listy kontrak nya di copot hujat dunia sangat kejam,"""hanya bisa melihat hujatan klean kasian si listy kontrak nya d copot , di hujat memang dunia sgt kejam""",10,1
429,Bullying,beli baju lonte nanti kena sial,"""Jangan beli baju lonte entar kena sial""",0,0
430,Bullying,dasar cewek kamu lonte tahu kamu,"""Dasar cewe lo itu LONTE tau kau!""",0,0
431,Non-bullying,sudah gapaham tolong,"""Disini pada kenapa dah? Aku gapaham tolong""",10,1
432,Bullying,ditengah manusia monyet kulitnya bercorak batik,"""Itu ditengah manusia apa monyet kok kulitnya bercorak batik""",0,0
433,Bullying,muka kamu anjing gwe ganteng anjing gwe rik,"""Muka lu sama anjing gwe..lebih ganteng anjing gwe rik""",0,0
434,Bullying,pens lonte jangan takut listi miskin karena dipecat karena bisa kaya lagi dengan ya nglonte,"""Buat kalian para pens lonte jgn tkut listi Miskin krna dipecat, krna dia bsa kaya lgi, dgn cara ya nglonte""",0,0
435,Bullying,etdah tinggalkan lonte situ waras mas wkwk,"""Etdah ninggalin yang baik demi lonte, situ waras mas wkwk""",0,0
436,Bullying,saya cewek murahan postingan,"""Gw melihat cewek murahan di postingan ini""",0,0
437,Bullying,sebelah kanan batik orang sudah warna nya kek taek babi si,"""yang kedua dari sebelah kanan itu batik apa orang dah? kok warna nya kek taek babi si?""",0,0
438,Bullying,ih ko muka jelek sekali siii seram kek setan,"""Ih ko muka jelek banget siii serem kek setan""",0,0
439,Bullying,foto ketiga jablay murahan,"""Itu yang foto ketiga jablay murahan bukan?""",0,0
440,Bullying,jelek saja tukang selingkuh kamu buriq,"""Jelek aja tukang selingkuh lo buriq !!!!""",0,0
441,Non-bullying,memang suci nghina segitu nya,"""Emang kalian se suci apa sampai nghina dia segitu nya""",10,1
442,Non-bullying,mending follow unfollow sudah tidak usah ribet,"""Mending yang follow pada unfollow Udeh gausah ribet""",10,1
443,Bullying,dekil tatoan mampus karir kamu hancurr pantek,"""Dekil tatoan, mampus karir Lo hancurr pantek""",0,0
444,Bullying,sudah berlian pilih batu nisan,"""Udah ada berlian malah milih batu nisan""",0,0
445,Bullying,alasan setan ama setan karena kalau setan bidadari sayapnya rontok diceker digigit dijambak2,"""Alasan setan ama setan, KARNA KALO SETAN SAMA BIDADARI, SAYAPNYA RONTOK, DICEKER, DIGIGIT, DIJAMBAK2""",0,0
446,Bullying,erick tidak akhlak jelek listy jelek,"""Lagian juga Erick gak ada akhlak jelek lagi Listy juga jelek""",0,0
447,Bullying,setan ma setan mahh memang cocokk udee,"""Setan ma setan mahh emg cocokk udee""",0,0
448,Bullying,lonte kurus pucet kek mayat hidup,"""Lonte kurus pucet kek mayat hidup""",0,0
449,Bullying,muka tutup panci wkwkekek jelek nya sampai ubun ubun,"""Itu muka apa tutup panci wkwkekek jelek nya ampe ke ubun ubun""",0,0
450,Non-bullying,xrickolim smngat terus bro tiada manusia yang sempurna kamu bangkit n gbu keepstrong,"""@xrickolim smngat trus bro tiada manusia yg sempurna kmu pasti bisa bangkit n jadi lebih baik GBU keepstrong""",10,1
451,Bullying,bodoh anak orang sudah tidak perawan noh gara kamu wkwkw,"""bego anak orang udah ga perawan noh gara"" lu wkwkw""",0,0
452,Bullying,frustasi habis uangnya kasihannn,"""Frustasi..Sudah habis uangnya..Kasihannn""",0,0
453,Non-bullying,bro kamu yang ngehujat erick tetapi masalah sok keras,"""Bro buat lu pada yg ngehujat erick tpi masih punya masala sendiri jangan sok keras""",10,1
454,Non-bullying,semangat rick usaha barunya,"""Semangat Rick untuk usaha barunya""",10,1
455,Bullying,hadehh muka kaya tong sampah,"""Hadehh muka kaya tong sampah .""",0,0
456,Non-bullying,sekali omongan kasar tobat kawan kawan comment kasar nya,"""banyak banget omongan kasar disini, tobat lah kawan kawan.. cukup comment kasar nya""",10,1
457,Bullying,ni orang jelek tidak obat jj liat ya,"""Ni org jelek ga ada obat.kok jj mau liat apa ya..""",0,0
458,Non-bullying,semangat bang orang ngejudge kamu peduliin,"""Semangat bang, walaupun banyak orang yang ngejudge lu. Jangan peduliin mereka""",10,1
459,Non-bullying,tuhan yesus semangat rick,"""Tuhan yesus baik semangat rick""",10,1
460,Non-bullying,balas komen hate bang bikin sakit jempol mending berkarya,"""Jangan di bales komen hate bang bikin sakit jempol, mending lanjut berkarya:)""",10,1
461,Bullying,eh kamu nyadar tidak sudah dekil tatoan nya kaya daki haha,"""Eh lo nyadar ga ? Udah dekil terus tatoan, jadi nya kaya daki haha""",0,0
462,Bullying,jelek dapat selingkuhan jelek keren yaa imbang wkkw,"""jelek dapet selingkuhan jelek juga keren yaa imbang wkkw""",0,0
463,Non-bullying,ngehina fisik ni orang tidak benar ya wkwkwkwk,"""Wah ngehina fisik ni orang,ga bener ya wkwkwkwk""",10,1
464,Bullying,bunuh sono goblox,"""BUNUH DIRI LAH SONO GOBLOX""",0,0
465,Non-bullying,sabar komentar ujian,"""Sabar semua komentar ini ujian""",10,1
466,Non-bullying,santai rick yang ngehujat kamu belum tahu perjalanan hidup kamu saja sok suci,"""Santai rick yg ngehujat lo belom tau perjalanan hidup lo aja! Mereka hanya sok suci!""",10,1
467,Non-bullying,sabar yah tetap semangat ngejar karirnya dengerin orang ngebacot komen saja,"""Yang sabar yah,tetep semangat ngejar karirnya jangan dengerin kata orang mereka Cuma bisa ngebacot di komen doank""",10,1
468,Bullying,erick masuk neraka jalur selingkuh bos,"""Erick masuk neraka jalur selingkuh bos""",0,0
469,Non-bullying,terus berkarya brd titik seperti,"""Trs berkarya walaupun brd di titik sprti ini""",10,1
470,Non-bullying,stop ngatain orang kamu yang ngatain orang ngaca dulu ngatain mirip suci saja hidup kamu,"""Stop lah ngatain orang lain lu pada itu yg ngatain orang lain ngaca dlu sebelum ngatain kayak suci aja hidup lu pada""",10,1
471,Non-bullying,ngatain sepertinya idupnya gapernag bikin kesalahan,"""Yang ngatain keknya idupnya gapernag bikin kesalahan""",10,1
472,Bullying,gila kamu karena tidak laku youtube,"""Jadi gila kau rupanya karna gak laku lagi di YouTube""",0,0
473,Bullying,kasihan yah sudah stress,"""Kasian yah sdh stress banyak masalah""",0,0
474,Bullying,jatohnya kek ajg sih rikkk,"""Kok jatohnya malah kek ajg sih rikkk""",0,0
475,Bullying,karir turun autis kasihan hahah,"""Karir turun jadi autis kasian hahah""",0,0
476,Non-bullying,erick kek gini saya kangenin keep itu up bruuh,"""erick yang kek gini yang gua kangenin, keep it up bruuh""",10,1
477,Bullying,sudah autis iya bagi awokawkk,"""Udah mau autis iya bg awokawkk""",0,0
478,Bullying,kasihan muda sudah stresss,"""Kasian masih muda udah stresss""",0,0
479,Non-bullying,komen yang support ketutup yang hate bgst memang ig,"""Banyak komen yg support malah ketutup yg hate bgst emang IG""",10,1
480,Non-bullying,maudy cantik na natural bnr2 cantik sangat cantik dalam,"""Maudy cantik na natural bnr2 cantik bgt, cantik luar dlm""",10,1
481,Non-bullying,bikin konten youtube student life at standford maudyayunda s1 at oxford fansmu tunggu nih,"""Bikin konten YouTube Student life at standford @maudyayunda seperti waktu S1 at Oxford. Fansmu pada nungguin nih.""",10,1
482,Non-bullying,aura orang pintar memang shining ya bun hy_dindut,"""Aura org pinter emg shining ya bun @hy_dindut""",10,1
483,Non-bullying,paket lengkap deh sudah cantik pintar,"""Paket lengkap deh.. udh cantik pintar lagi""",10,1
484,Non-bullying,sukaa sangat sama artis tidak neko2 natural bngett,"""Sukaa bnget sm artis ini? nggak neko2.. dan natural bngett""",10,1
485,Non-bullying,cantik pintar bertalenta orangtua yang tidak ingin anak seperti mba maudy,"""Cantik, pintar bertalenta, ortu mana yg gak kepengen punya anak kyk mba maudy""",10,1
486,Bullying,idih mak lampir dibanding uya ma kamu kamu butiran debu kamu dikenal bacot rajin2 ngaca deh,"""Idih mak lampir, dibanding uya ma lu, lu bagaikan butiran debu,, lu dikenal karena bacot? rajin2 ngaca deh""",0,0
487,Bullying,anjirlah muka kamu kek kuntilanak sok cantik,"""Anjirlah muka lo kek kuntilanak malah sok cantik""",0,0
488,Bullying,mbak cadel yang bangga cadelnya sih kasihan karena cadel jijik tidak bisu saja,"""Mbak cadel yg bangga dengan cadelnya,, Harusnya sih kasihan karna cadel tapi lama"" jadi jijik kenapa gak sekalian bisu aja""",0,0
489,Non-bullying,sudah pintar cantik tidak kebanyakan tingkah perfect,"""Uda pinter, cantik gak kebanyakan tingkah. Perfect""",10,1
490,Non-bullying,hati hati mody jaga jaga serangan brutal rasisme wajahmu sekilas onnie2 korea waspada,"""Hati-hati mody jangan keluar sendirian jaga-jaga serangan brutal rasisme, wajahmu sekilas mirip onnie2 korea. Tetap waspada""",10,1
491,Non-bullying,bikin konten youtube daily activity stanford kak maudyayunda,"""Bikin konten Youtube daily activity di Stanford dong kak @maudyayunda""",10,1
492,Non-bullying,motivasi aku ka maudy cantipp sangat,"""Motivasi ku ka Maudy cantipp bngt""",10,1
493,Non-bullying,semoga kecerdasan mbak maudy bermanfaat agama nusa bangsa aamiin,"""Semoga kecerdasan Mbak Maudy bermanfaat bagi agama, nusa, dan bangsa.. Aamiin""",10,1
494,Non-bullying,damage nya cewek pintar tidak ada lawann,"""Damage nya cewek pinter gada lawann""",10,1
495,Bullying,cantikan berisi kurus sangat kurus auranya,"""cantikan waktu berisi dulu? sekarang kurus bgt, kurus begini auranya kurang""",0,0
496,Bullying,cantik sih sayang kurus ya padahl sudah nikah kamu bahagia pernikahannya,"""cantik sih, tapi sayang kurus ya. padahl udh nikah lo, kurang bahagia sama pernikahannya?""",0,0
497,Non-bullying,good vibes lapar,"""masih good vibes walaupun sedang lapar""",10,1
498,Non-bullying,kakak cantik sangat bismillah cerdasnya nular,"""kakak cantik bgt bismillah cerdasnya nular""",10,1
499,Bullying,bodoh kamu alam semesta seisinya serentak murka mendengarkan lagumu,"""Bego lu. Alam semesta dan seisinya pun serentak murka mendengarkan lagumu""",0,0
500,Non-bullying,dua2 nya cantik sekali masya allah,"""Dua2 nya cantik banget masya Allah""",10,1
501,Non-bullying,ka nisa ariana grande,"""ka nisa mirip ariana grande masa""",10,1
502,Non-bullying,adiknya kak maudy cantik pintar aura positifnya ramah lemah lembut rajin sholeha,"""Adiknya Kak Maudy, cantik, pinter, aura positifnya keluar, ramah, lemah lembut, rajin, sholeha""",10,1
503,Non-bullying,sekilas yang abu ariana grande haha,"""Sekilas yg abu mirip ariana grande haha""",10,1
504,Non-bullying,nya ariana grande,"""Yang satu nya mirip Ariana grande""",10,1
505,Non-bullying,kakak adik cantik ya suka duanya,"""Kakak sama adek sama sama cantik ya aku suka sama dua duanya""",10,1
506,Non-bullying,rambutnya kak modd bagussss hitam berkilauu,"""Rambutnya kak modd bagussss? Item berkilauu""",10,1
507,Non-bullying,cantik congrats kak msuk nominsi tc candler,"""Cantik semua congrats kak msuk nominsi tc candler""",10,1
508,Non-bullying,maudy enak bet sudah cantik iya pintar iya,"""Maudy enak bet dah cantik iya pinter iya""",10,1
509,Non-bullying,kukira dedeknya berdiri mukul bang jer pakai ukulele salah salah,"""kukira dedeknya berdiri itu mau mukul bang jer pake ukulele? ternyata aku salah salah :""""",10,1
510,Non-bullying,bang jerome kalau nyanyiny kek gini bagus suaranya ganyangkaaa,"""Bang jerome KLO nyanyiny kek gini bagus suaranya ganyangkaaa""",10,1
511,Non-bullying,sutan lucu menggemaskan,"""Sutan kamu sangat lucu dan menggemaskan""",10,1
512,Non-bullying,bang vidio bareng sutan kayaknya senang ama bang jerom,"""Bang sering-sering dong buat vidio bareng sutan dia kayanya juga seneng ama bang jerom""",10,1
513,Non-bullying,kalau jeromepoline video berdua saja seharian anak hahah lucu gimana riwehnya,"""Klu @jeromepoline buat video tapi berdua aja seharian sama anak kecil, hahah lucu juga gimana riwehnya""",10,1
514,Bullying,muka kamu cabul sekali sih bagi hahah,"""Muka lu kok cabul banget sih bg hahah""",0,0
515,Bullying,raut mukanya saja sudah orang kalah judi makan enak,"""Dari raut mukanya aja udh terlihat seperti org kalah judi dan tidak pernah makan enak""",0,0
516,Non-bullying,kak jerome mirip boneka tahu hahah,"""Kak jerome kayak boneka tau hahah""",10,1
517,Non-bullying,mukbang makanan sehat kak salad jepang gituuu,"""Mukbang makanan sehat dong kak. Salad jepang gituuu.""",10,1
518,Non-bullying,yakinin niatnya bagi semoga sukses,"""Yakinin dulu niatnya bg? Semoga sukses""",10,1
519,Non-bullying,bang nonton kerja jepang bermanfaat sangat kontennya jadi gampang kalau cari jepang,"""Bang, aku nonton kamu setelah aku kerja di Jepang. Bermanfaat bgt kontennya jd gampang kalo mau nyari apa apa di Jepang""",10,1
520,Non-bullying,hanya rumus diet yang tidak dipecahka ya bang,"""Cuman rumus diet ini yg ga bisa dipecahka ya bang?""",10,1
521,Non-bullying,perut maju tetapi semangat maju,"""Perut makin maju tpi semangat jangan tak maju""",10,1
522,Non-bullying,pantas kak jessica bilang bang jerom beruang wkwkwk,"""Pantesan kak Jessica bilang bang jerom beruang wkwkwk""",10,1
523,Non-bullying,aduhh susah kalau urusan sma jerome rumus matematika bahasannya daya diriku yang suka bahas inggris daripada matematika,"""Aduhh susah klo urusan sma Jerome rumus matematika terus bahasannya? Apakah daya diriku yg lebih suka bhs Inggris drpd matematika""",10,1
524,Non-bullying,kaya tulus ya mukanya kalau diliat2,"""Kaya tulus ya mukanya klo diliat2""",10,1
525,Non-bullying,kak jerome trik biar paham cepat rumus matematika dung,"""Kak Jerome, bagi trik biar bisa paham dan ingat cepat rumus matematika, dung:)""",10,1
526,Non-bullying,x baca caption mikir pakai kalkulator cuyyy hahaha,"""Baru x ini baca caption harus mikir dan pakai kalkulator cuyyy hahaha""",10,1
527,Non-bullying,sumpah si kak kemeja jeans bikin kelihatan seger sangat mantap mantap,"""Sumpah si kak, kemeja jeans bikin keliatan seger bgt mantap mantap""",10,1
528,Non-bullying,ama aktor korea yang main film reply 1988 yang kaka nya jung hwan wkwk,"""Mirip ama aktor korea yg main di film reply 1988 yg jadi kaka nya jung hwan wkwk""",10,1
529,Non-bullying,iya bang jer berbeda kalau pakai style mirip gini fresh anak gaul,"""iya bang jer terlihat berbeda klo pake style kayak gini lebih terlihat fresh anak gaul""",10,1
530,Non-bullying,kalau style gini pas begitu bang sma umur kamu yang masih muda kelihatan lebih fresh saja sesuai sma umur,"""Klo style ke gini pas gitu bang sma umur lu yg msh muda keliatan lbh fresh aja sesuai sma umur""",10,1
531,Non-bullying,dewasa imutt aih cipaaaaaa,"""Kok makin dewasa makin imutt aih cipaaaaaa""",10,1
532,Non-bullying,maniss bangettt pengen sudah senyuman manis mirip ka syifaaa,"""maniss bangettt pengen dah punya senyuman manis kayak ka syifaaa""",10,1
533,Non-bullying,nih orang manis sangat sihh tidak ngerti,"""Nih orang manis bnget sihh ga ngerti lagi""",10,1
534,Non-bullying,kakak pintar nyanyi ya syifahadjureal suaranya bagus kak,"""Kakak pinter nyanyi ya @syifahadjureal, suaranya bagus kak""",10,1
535,Non-bullying,tidak salah kalau kak syifa cantik mamahnya saja cantik bgtt jujurr,"""Gk salah kalo kak syifa cantik mamahnya aja cantik bgtt!! Jujurr""",10,1
536,Non-bullying,lelaki yang kamu lelaki yang beruntung,"""Lelaki yg mendapatkan km. Adalah lelaki yg beruntung.""",10,1
537,Non-bullying,sangat ayahmu kalau adikmu sangat mamamu,"""Kamu mirip bgt ayahmu kalo adikmu mirip bgt mamamu""",10,1
538,Non-bullying,kakak sudah cantik sii cantikan kalau pakai hijab,"""Kakak udah cantik sii, tapi cantikan lagi kalo pake hijab""",10,1
539,Non-bullying,gemeshh kaya pengen cubit,"""Gemeshh rasanya kaya aku pengen cubit""",10,1
540,Non-bullying,angelkmgi cute sih ganteng parah masih juga,"""@angelkmgi ini paling cute sih, ganteng parah msh kecil jg""",10,1
541,Bullying,pengen saya pacul mulut kamu woii anjeng busuk,"""Pengen gw pacul mulut lo!! woii anjeng busuk""",0,0
542,Non-bullying,bilang orang-orang artis cewek yang menurutku cantik syifa ziu,"""Sering blg ke org2 artis cewek yg menurutku paling cantik syifa sama ziu""",10,1
543,Non-bullying,ka cipa itu sudah cantik manis sangat manisnya itu nglebihin gula,"""Ka cipa tu uda cantik, baik, manis bgt pula, manisnya tu nglebihin gula""",10,1
544,Non-bullying,sekilas cantikkan syifa,"""Dilihat sekilas pun tampak jelas kalau cantikkan syifa""",10,1
545,Non-bullying,setuju tidak sih si tetap cntik sangat tidak pakai pakai up tidak pakai pakai up pucet sangat seperti tidak makan setahunn,"""Setuju g sih? Si dia tetep cntik bgt meski g pke make up? lah aku g pke make up pucet bgt kyk g makan setahunn""",10,1
546,Non-bullying,dahlahh memang cantik kamu cippp,"""dahlahh emang cantik luar dalam kmu ini cippp""",10,1
547,Non-bullying,muka cantik pakai up hini bahagia sangat kali ya yang suaminya liat bidadari harinya,"""Muka cantik tanpa make up hini, bahagia bgt kali ya yg jadi suaminya, bisa liat bidadari setiap harinya.""",10,1
548,Non-bullying,suka bgtt sama kak cipaa orangnya humble sama orang temannya,"""Suka bgtt sm kak cipaa.. orangnya humble sm semua orang dan banyak temannya juga""",10,1
549,Non-bullying,artis remaja indonesia yang manis sangat kalau senyum deh perasaan yang nempel hati,"""Artis remaja di Indonesia yg manis bgt kalo senyum Cuma dia deh perasaan yg nempel di hati""",10,1
550,Non-bullying,doakan perempuan yang bernama nagita sehat bahagia lahir batin sayang sama,"""Aku doakan perempuan baik yg bernama Nagita selalu sehat, bahagia lahir batin, dan banyak yang sayang sm dia..""",10,1
551,Non-bullying,rafathar nya mantull ni pulang tidak jadi menginap karena tidak teman mamany di rumah papany pulangg jadi jagain temani mama ya aa,"""Rafathar nya mantull ni, pulang nggk jd nginep karna nggk ada temen mamany d rmh papany belum pulangg.. jd jagain dan temenin mama dulu ya aa""",10,1
552,Non-bullying,kultur kerja kaya gini saya bagus si tidak kapitalis sekali petingginya kerja ngevlog endors semoga gaji tidak senjang si haha,"""kultur kerja kaya gini menurut gw bagus si ga kapitalis banget, petingginya juga ikut kerja misal ngevlog atau endors, semoga gaji juga ga senjang si haha""",10,1
553,Non-bullying,senang kerja rans mbak gigi tidak ngebossy,"""Pantas pada senang kerja di Rans.. mbak gigi nggak ngebossy..""",10,1
554,Non-bullying,senang yaa lihat orang sukses meeting ya allah pengen sukses mirip begitu biar status instastory,"""Seneng yaa lihat orang sukses meeting. Ya Allah pengen sukses kayak gitu biar ada status di instastory""",10,1
555,Non-bullying,semoga kelg crew sehat rejeki terus lancar ya kak gigi,"""smga semua kelg dan crew sehat semua.. dan rejeki trs lancar ya kak gigi..""",10,1
556,Non-bullying,fokus nagita pas minum sempet baca doa keren sangat hasil didikan orang tua nya,"""Fokus ke nagita pas mau minum masih sempet baca doa. keren bgt hasil dari didikan orang tua nya""",10,1
557,Bullying,kasihan ya nagita suami kerjaannya berzinah,"""Kasihan ya , Nagita punya suami kerjaannya berzinah terus""",0,0
558,Non-bullying,koreaable sekali face rafathar cakap ganteng manis sekali,"""Koreaable banget face rafathar cakep ganteng manis banget""",10,1
559,Non-bullying,masyaallah rafathar ganteng sangat tidak kuat ngeliat alisny,"""MasyaAllah Rafathar tambah besar makin tambah ganteng bgt gk kuat ngeliat alisny?""",10,1
560,Non-bullying,siwon ya lama2 perasaan saya saja,"""Kok mirip siwon ya lama2, apa perasaan gw aja.""",10,1
561,Non-bullying,lucunya berasa mirip kaka adik,"""Lucunya berasa kayak kaka dan adek""",10,1
562,Non-bullying,wajah nagita kya umur 20an,"""Itu wajah nagita kya masih umur 20an""",10,1
563,Non-bullying,foto nomor edit edit ya saayy kamera nyaa bening model fotonya bening tidak pakai filter tipu tipu,"""Foto no edit edit ya saayy kamera nyaa bening,,, model fotonya pun juga bening gak perlu pakai filter tipu tipu""",10,1
564,Non-bullying,look nya rafathar memang tidak dipungkiri diborong gen mama gigi haha,"""Look-nya Rafathar emang gak bisa dipungkiri, diborong gen mama gigi semua HAHA.""",10,1
565,Non-bullying,nagita kaya anak muda coba cantikk bangeett,"""Nagita masa kaya anak muda coba cantikk bangeett""",10,1
566,Non-bullying,masyaallah mamany cantik anaknya ganteng perfect,"""Masyaallah mamany cantik anakny ganteng, perfect""",10,1
567,Non-bullying,kaya adik kakak kak gigi kelihatan muda sekali,"""Kaya adek kakak.. kak gigi keliatan muda banget""",10,1
568,Non-bullying,gede saja rafathar ya pintar ya rafathar,"""Tambah gede aja rafathar ya tambah pinter ya Rafathar""",10,1
569,Non-bullying,mama gigi rambutnya pirang cantik muda,"""Mama gigi kalau rambutnya agak pirang tambah cantik dan tampak lebih muda""",10,1
570,Non-bullying,ootd mama gigi simple elegan nya masyaallah,"""OOTD mama gigi simple tapi elegan dilihat nya, masyaallah""",10,1
571,Non-bullying,masyaallah mamah gigi bening bet sudah sehat mamah gigi dan keluarga,"""Masyaallah mamah gigi bening bet dah, sehat selalu mamah gigi dn keluarga""",10,1
572,Non-bullying,mama gigi ketemu gajah gajahnya senang tertawa begitu ahhaha,"""mama gigi ketemu gajah. gajahnya seneng sampai ketawa gitu ahhaha.""",10,1
573,Non-bullying,ya allah tidak tahu kenapa aku suka lihat nagita pakai dress modelnya cakap cakap,"""Ya allah ga tau knp ak suka setiap lihat nagita pake dress modelnya cakep cakep""",10,1
574,Non-bullying,i see beauty in everything mba gigi sehat dede bayi nya,"""i see beauty in everything mba gigi sehat selalu sama dede bayi nya""",10,1
575,Non-bullying,mama gigi cantik sekali look younger than her age love mama gigi,"""Mama gigi cantik banget? look younger than her age.. love mama gigi""",10,1
576,Non-bullying,semoga adeknya rafathar anak tangguh kuat cerdas,"""Semoga adeknya rafathar menjadi anak yang tangguh kuat cerdas""",10,1
577,Non-bullying,pakaian apapun yang dipakai mama gigi keceee,"""Pakaian apapun yg dipake mama gigi selalu keceee""",10,1
578,Non-bullying,terima kasih kak nagita raffinagita1717 support molly si gajah satwa satwa bali zoo kunjungannya keluarga,"""Terima kasih kak Nagita @raffinagita1717 sudah support Molly si gajah dan satwa-satwa di Bali Zoo lainnya dengan kunjungannya bersama keluarga""",10,1
579,Non-bullying,kaya nya gajahnya merasakan aura positif nya mb gigi sumringah juga gajahnya loo,"""Kaya ny gajahnya merasakan aura positif nya mb gigi itu? kelihatan sumringah jg gajahnya loo..""",10,1
580,Non-bullying,manis sekali mbak gigi masya allah hamil bersinar,"""Manis banget mbak gigi.. Masya Allah.. hamil semakin bersinar..""",10,1
581,Non-bullying,mama gigi tidak pernah tidak cantik sih kalau,"""Mama gigi gapernah ga cantik sih kalo menurut aku.""",10,1
582,Non-bullying,semoga sehat bayi kandungan nya ibunya ya,"""Semoga sehat selalu bayi dalam kandungan nya sama ibunya ya.""",10,1
583,Non-bullying,cantik sekali semoga sehat kakak panutan,"""Cantik banget semoga sehat selalu kakak panutan""",10,1
584,Non-bullying,masyaallah mempesona kaum adam kaum hawa,"""MasyaAllah selalu mempesona baik kaum adam maupun kaum hawa""",10,1
585,Non-bullying,tidak orang bangun tidur siang secantik ka yaya,"""Gak ada orang lain yang bangun tidur siang secantik ini selain ka yaya""",10,1
586,Non-bullying,tua muda yehh mukanya cantik bngett mau nangiss ampun cantik ka yaya,"""makin tua makin muda yehh mukanya, mana cantik bngett mo nangiss ampun cantik terus ka yaya""",10,1
587,Non-bullying,gapaham cakeup nya natural masyaallah,"""Gapaham lagi cakeup nya natural Masyaallah""",10,1
588,Non-bullying,raisa mah tipe cantik sopan santun pakaiannya,"""Raisa mah tipe cantik tapi sopan santun pakaiannya""",10,1
589,Non-bullying,ka yayaaa why are you always stunning pretty girl,"""ka yayaaa, why are you always stunning pretty girl.""",10,1
590,Non-bullying,ya allah ni orang peri cantik amatt,"""Ya Allah ni orang apa peri, cantik amatt""",10,1
591,Non-bullying,cantik sekali heran samping kanan kiri dan lain lain tetap saja cantik,"""Kenapa cantik banget aku heran dilihat dari samping kanan kiri depan dll tetep aja cantik""",10,1
592,Non-bullying,berhenti cakap tidak kakk pusingggg ih,"""BISA BERHENTI CAKEP GA KAKK? PUSINGGGG IH""",10,1
593,Non-bullying,cantik bajunya keren warnanya bikin pangling,"""Cantik bajunya keren warnanya bikin pangling""",10,1
594,Non-bullying,dongggg liked congratulations,"""Sudah dongggg dan sudah di liked juga.. congratulations""",10,1
595,Non-bullying,udaaaahh nontonnnnn lagunya bajunya makeup hairdo nyaaa sukaakkkk,"""Udaaaahh nontonnnnn.. lagunya bajunya makeup dan hairdo nyaaa sukaakkkk""",10,1
596,Non-bullying,raisa tidak monoton suka deh sering2 kek gini,"""Raisa sekarang ngak monoton?. Jadi suka deh?. Sering2 kek gini?.""",10,1
597,Non-bullying,sudah kunyah saja cute sekali,"""udah dong. Lagi ngunyah aja cute banget""",10,1
598,Non-bullying,penyihir secantik saya rela dikutuk tokek laut,"""Penyihir secantik ini gue rela dikutuk jadi tokek laut""",10,1
599,Non-bullying,ya ampun kak makan sih cantik sekali,"""Ya ampun kak makan apa sih kok bisa cantik banget""",10,1
600,Non-bullying,ya allah kek anak yang masih batita kalau lagi marah manyunnya gemes hahaha,"""Ya allah kek anak yg msh batita klo lg ngambek manyunnya begitu, gemes hahaha""",10,1
601,Non-bullying,sudah sumpah bagus sekali serasa liat cerita disney begitu,"""Aku udah. Dan sumpah bagus banget. Serasa liat cerita disney gitu""",10,1
602,Bullying,kamu tidak sopan mukak kamu mirip babi,"""lu lebih gak sopan, mukak lu kayak babi!""",0,0
603,Non-bullying,ya allah sempurna sih ciptaanmu yang in,"""ya Allah kenapa begitu sempurna sih ciptaanmu yg satu in""",10,1
604,Non-bullying,ragu saja cantiknya sudah kek gini bagaimana kalau yak cantiknya kek heran,"""Ragu aja cantiknya udh kek gini, gmn kl yakin yak, cantiknya kek apa, heran""",10,1
605,Non-bullying,kelihatan ragu kelihatan cantik,"""Bukan keliatan ragu, tapi keliatan cantik""",10,1
606,Non-bullying,warna bikin raisa shinning merah hitam putih pink and emerald,"""Warna yang paling bikin Raisa makin shinning itu merah, hitam, putih, pink and emerald""",10,1
607,Non-bullying,raisa pakai baju merah sumpahh cantik bgttt,"""Raisa pake baju merah sumpahh cantik bgttt""",10,1
608,Non-bullying,liriknya pendek tetapi susah hafal pas putar kali eh candu sekali,"""Liriknya pendek tp susah di hafal pas awal awal, begitu di puter beberapa kali eh kok candu banget""",10,1
609,Non-bullying,kak yaya tidak ngeraguin pendengar lagu2 nya,"""Demi apa, Kak Yaya gk pernah ngeRAGUin para pendengar lagu2 nya""",10,1
610,Non-bullying,ka yaya kalau ragu tetap secantik yah,"""Ka yaya kalo ragu tetep secantik itu yah :"")""",10,1
611,Non-bullying,ragu saja cantik kak serius,"""Ragu aja cantik kan kak, apalagi kalau serius""",10,1
612,Non-bullying,tidak alay tidak muluk muluk natural sukaaaa,"""Ngga alay. Ngga muluk muluk. Natural. Sukaaaa",10,1
613,Non-bullying,seru sangat gemoy tim berkebun plus tim alam sangat niiii,"""seru bgt gemoy, tim berkebun plus tim alam bgt niiii""",10,1
614,Non-bullying,nikmatnya menghirup oksigen bebas ya,"""nikmatnya bisa menghirup oksigen dengan bebas ya :)""",10,1
615,Non-bullying,slide mukanya gaya saja tetap cantikk,"""Slide kedua mukanya mau gaya apa aja tetep cantikk""",10,1
616,Non-bullying,mba isyana foto gelap2an gini saja aesthetic sangat ya,"""mba isyana foto gelap2an gini aja aesthetic bgt ya""",10,1
617,Non-bullying,mba isyana sudah cantik suaranya bagus kompeten ah sukaaaa,"""mba isyana udah cantik suaranya bagus kompeten pula, ah sukaaaa""",10,1
618,Non-bullying,tidak taulah suka sekali gayanya isyan,"""Ga Taulah aku juga suka banget sama gayanya isyan""",10,1
619,Non-bullying,kangen nonton konser isyan langsung masih virtual experience nya saja begitu,"""Kangen nonton konser isyan secara lgsg, meskipun msh bisa virtual, Cuma experience-nya lebih dapat aja gitu""",10,1
620,Non-bullying,congrats ka isyanasarasvati berkarya sukses mnjd inpirasi,"""Congrats ka @isyanasarasvati, terus berkarya, makin sukses? dan terus mnjd inpirasi kita semua?""",10,1
621,Non-bullying,congrats kak pantes mendapatkannya,"""Congrats kak, kamu memang pantes mendapatkannya""",10,1
622,Non-bullying,berharap kak isyanasarasvati umur inspirasi musisi indonesia suka musik indonesia kak isyana,"""Saya berharap kak @isyanasarasvati panjang umur. Sehingga bisa jadi inspirasi untuk musisi seluruh Indonesia. Saya suka musik indonesia dengan adanya kak Isyana""",10,1
623,Non-bullying,sudah cantik agak gesrek ya kelebihannya semangat produktif,"""Udah cantik, rada gesrek tapi ya ini banyak kelebihannya, semangat tetap produktif""",10,1
624,Non-bullying,gatau serasa nonton wtf benar jakarta virtual and thankyouu for the performance kak syan keren pecah mengecewakan,"""Gatau lagi, serasa nonton wtf beneran di jkt meski virtual and thankyouu for the performance kak syan! Selalu keren dan pecah! Tak pernah sekalipun mengecewakan""",10,1
625,Non-bullying,tidak lihat ka isyana live benar panggung tetapi terpesona sangat ama live virtual asli keren,"""Walaupun ga pernah lihat ka isyana live beneran di panggung. Tp aku terpesona bgt ama live virtual asli keren""",10,1
626,Non-bullying,yash we the fest even virtual tetap keren sangat kak syann huaaa energi nya dapat sangat,"""yash we the fest even virtual tapi tetep keren bgt kak syann huaaa energi nya dpt bgt""",10,1
627,Non-bullying,keren sekali sebentar mantap habis ditunggu karya ya kak stay safe and healthy isyana aku,"""Keren banget!!! walaupun sebentar tapi mantap abis! Ditunggu karya selanjutnya ya kak! Stay safe and healthy isyana ku""",10,1
628,Non-bullying,makaseh jugaa kakaaa inyeeuuuu semoga pantang menyerah kakak teman musisi yaaa,"""makaseh jugaa kakaaa inyeeuuuu semoga aku bisa pantang menyerah seperti kakak dan teman musisi lainnya yaaa""",10,1
629,Non-bullying,thank you syan senang sekali kemarin haha semoga pandemi rencana dilancarkan ya syan,"""Thank you juga, Syan! Seneng banget kemarin haha! Semoga setelah pandemi ini, semua rencana dilancarkan ya, Syan!""",10,1
630,Non-bullying,hua senang sangat kemarin 35 menitan tetapi senang liat isyan adaptasi kebiasaan baruku semoga teratur maemnya ditunggu karya kaka,"""hua seneng bgt kmrn walaupun Cuma 35 menitan tp seneng liat isyan, adaptasi kebiasaan baruku semoga bisa lebih teratur maemnya, ditunggu karya selanjutnya kaka""",10,1
631,Non-bullying,senang indonesia musisi idealis berkualitas yang berkarya diapresiasi orang,"""senang akhirnya indonesia bisa mempunyai musisi idealis berkualitas tinggi yg masih bisa terus berkarya & diapresiasi oleh banyak orang?""",10,1
632,Non-bullying,berharap menghadirkan musisi dengan genre dari yang industri biar musik indonesia berwarna,"""Berharap bisa menghadirkan musisi dgn genre yang lain dr yg sudah ada di industri? biar musik Indonesia lebih berwarna""",10,1
633,Non-bullying,congrats kak isyan semoga impian impian baiknya terwujud aamiin,"""congrats kak isyan semoga semua impian-impian baiknya segera bisa terwujud aamiin""",10,1
634,Non-bullying,benar benar idola dari musisi dipandang sebelah mata sampai label musik congrats syan,"""Bener bener idola, dr musisi yang dipandang sebelah mata sampe buat label musik sendiri, congrats syan""",10,1
635,Non-bullying,congrats kak isyan semoga karya nya yang kakak sukses teruss,"""CONGRATS KAK ISYAN semoga karya nya apa yg dilakukan kakak sukses teruss""",10,1
636,Bullying,orang stres gila,"""ORANG INI TERLIHAT SANGAT SANGAT STRES DAN GILA""",0,0
637,Bullying,saya kalai tuhan gaakan saya jadi manusia pante tidak hidup orang dunia akhlaknya tidak ada tolol bangsat,"""Gua kalai jadi tuhan gaakan gua jadiin dia ini manusia, lebih pante ga hidup ini orang di dunia, akhlaknya gaada tolol bangsat""",0,0
638,Non-bullying,nya saya nangis kalau lagu nya seiihh kalau nangis karena saking bagus nya lagu nya,"""Biasa nya aq nangis kalo lagu nya seiihh, kalo sekarang nangis karna saking bagus nya lagu nya""",10,1
639,Non-bullying,definisi minat ketemu bakat ketemu kerja keras,"""definisi minat ketemu bakat ketemu kerja keras""",10,1
640,Non-bullying,vnagstn astaga si isyana keren sekali musisi lokal selera musiknya mirip gini,"""@vnagstn astaga si isyana keren banget ini; bisa ada musisi lokal yang selera musiknya kayak gini""",10,1
641,Non-bullying,mashaallah sudah cantik pintar jago nyanyi dan mainin alat musik neng isyanasarasvati ngefans benar mah,"""MashaAllah? udh cantik, pinter, jago nyanyi dn mainin alat musik pula neng @isyanasarasvati ngefans bener ini mah""",10,1
642,Non-bullying,gilaaaa gila gilaaaa tangan kaki ekspresi n emosi tertuang adi karya yang fantastis,"""Gilaaaa.. gila.. gilaaaa Tangan, kaki, ekspresi, n emosi tertuang adi suatu karya yg fantastis""",10,1
643,Non-bullying,gosh kali lihat isyana mainin alat musik kaya lihat jiwanya beda merinding gila kaya kepribadiannya serius sangat,"""Gosh, tiap kali lihat isyana mainin alat musik kaya lihat jiwanya beda. Merinding gila. Kaya kepribadiannya jadi serius bangett""",10,1
644,Non-bullying,sumpah allah bagus sangat kereennn merinding aku nya dengerin sampai habis tiba2 saja sampai netesin air mata,"""Sumpah demi allah bagus bangett kereennn merinding ak nya.. dengerin sampe abis tiba2 aja ampe netesin air mata""",10,1
645,Non-bullying,memutuskan fans isyana gila keren sekali ya otak berdua berfungsi dengan menjalankan perintah tangan kaki bersamaan,"""aku memutuskan untuk menjadi fans isyana. gila keren banget ya, otak mereka berdua bisa berfungsi dg menjalankan perintah ke tangan dan kaki, di waktu bersamaan""",10,1
646,Non-bullying,amzing isyanaa jujur amazed sekali skill minat isyana bermusik tidak bernyanyi main alat musik jago sekali,"""AMZING ISYANAA!! Jujur aku amazed banget dengan skill dan minat Isyana dalam bermusik. Ga Cuma bernyanyi tapi main alat musik pun jago banget""",10,1
647,Non-bullying,ngiri liat orang keren main alat musik dalam sekali nikmatin permainan,"""paling ngiri liat orang keren maen alat musik dan dalem banget nikmatin permainan sendiri""",10,1
648,Non-bullying,sampai tidak berkata2 isyana sangat2 sempurna orang,"""Sampe ga bisa berkata2 lagi buat isyana, sangat2 sempurna org ini""",10,1
649,Non-bullying,inimah main alat musik olahraga jari kaki mah,"""Inimah bukan main alat musik lagi. Olahraga jari dan kaki ini mah""",10,1
650,positif,jual makanan anjing dog food happy dog murah harga promo,JUAL MAKANAN ANJING (DOG FOOD) HAPPY DOG MURAH HARGA PROMO,10,1
651,positif,jual grosir makanan anjing makanan kucing petshop,JUAL GROSIR MAKANAN ANJING MAKANAN KUCING UNTUK PETSHOP,10,1
652,positif,mentang mentang kamu anak gaul pas dikejar anjing lari bilang saya kabur bilang wow begitu,Jangan mentang-mentang lu anak Gaul. Pas dikejar anjing bukannya lari malah bilang 'terus Gue harus kabur sambil bilang wow gitu?',10,1
653,negatif,males kalau kerja pagi terus tidak yang antar anjing,"Males itu kalo kerja pagi trus gak ada yg nganter, anjing",0,1
654,negatif,pagi panggil anjing saja kamu motornya ugal ugalan,Pagi ini cuma mau panggil anjing aja buat elo yang naik motornya ugal ugalan.,0,1
655,positif,hukumya orang islam pelihara anjing banyak kalangan artis yang plihara,"Mau tanya, hukumya org Islam pelihara anjing? Kan byk kalangan artis yg plihara?",10,1
656,positif,anjing okay,Cuma karena anjing... okay,10,1
657,negatif,sok geulis anjing,sok geulis anjing,0,1
658,positif,cokelat racun anjing kucing,Cokelat merupakan racun bagi anjing dan kucing.,10,1
659,negatif,anjing juga kamu ler,anjing jg lo ler,0,1
660,positif,memelihara anjing n kucing nih,Wah aku memelihara anjing n kucing nih,10,1
661,positif,so sweet pemain gendong anjing pengganggu laga,"So Sweet, Pemain Ini Gendong Anjing Pengganggu Laga",10,1
662,positif,anak anjing jantan sengaja anak anjing betina menang bermain,Anak anjing jantan sengaja membuat anak anjing betina menang ketika mereka sedang bermain,10,1
663,positif,anjing putih bertengkar,Sesama anjing putih berantem,10,1
664,negatif,kesal deh pagi2 anjing aku gigit perban kakiku,kesel deh pagi2 anjing ku masa mau gigit perban kakiku,0,1
665,negatif,lancau anjing stressnya,Lancau anjing.. stressnya aku..,0,1
666,positif,mei 2007 mourinho ditangkap diduga menghalangi polisi mengkarantina anjing peliharaannya,"Pada Mei 2007, Mourinho sempat ditangkap karena diduga menghalangi Polisi yang hendak mengkarantina anjing peliharaannya",10,1
667,positif,pria china tewas selfie anjing laut,Pria Asal China Tewas karena Selfie dengan Anjing Laut,10,1
668,positif,lucu anak anjing anak kucing,"Mana yang lebih lucu, anak anjing atau anak kucing?",10,1
669,positif,new jersey department of corrections melatih anjing mengendus ponsel tersembunyi,Di New Jersey dari Department of Corrections melatih anjing untuk mengendus ponsel tersembunyi.,10,1
670,negatif,beli anjing teman sudah teman kaya anjing,"Tadinya mau beli anjing buat jadi temen. Tapi, udah banyak temen yang pada kaya anjing",0,1
671,negatif,nyepam sangat anjing,nyepam bgt anjing,0,1
672,positif,anjing memang ganggu ya gonggong huf,anjing emang ganggu ya gonggong terus huf,10,1
673,negatif,sih sayang sayangan sudah putus eh anjing anjingan,Dulu sih sayang sayangan udah putus eh anjing anjingan,0,1
674,positif,cokelat kismis membunuh anjing,Cokelat dan kismis dapat membunuh anjing.,10,1
675,negatif,anjing tolol ikut2an membicarakan kepercayaan orang dasar tolol urus kepercayaan kamu kasihan deh,Anjing tolol ini ikut2an ngomongin kepercayaan orang lain dasar tolol urus saja kepercayaan kau kasian Deh.,0,1
676,positif,kali jogging pas jalan sadar anjing berkeliaran,"Baru kali ini jogging di sini, dan pas di jalan baru sadar di sini banyak anjing berkeliaran",10,1
677,positif,pengen anjing mirip gini sayang,Pengen anjing kayak gini sayang,10,1
678,negatif,hp rusak anjing ah,Hp rusak anjing ah,0,1
679,negatif,si anjing jualan obat wkwk,Si anjing jualan obat.. wkwk,0,1
680,positif,penyakit anjing gila rabies penyakit menyerang anjing kucing kera dan lain lain,"Penyakit anjing gila atau Rabies :penyakit yang menyerang anjing, kucing, kera dll",10,1
681,positif,kehadiran orang anjing kucing rumah menyebabkan seekor kucing stres,"Kehadiran orang baru, anjing atau kucing baru, di sebuah rumah dapat menyebabkan seekor kucing menjadi stres.",10,1
682,positif,anjing menggonggong menggigit orang bicara,Anjing yang menggonggong biasanya tidak menggigit. Orang yang banyak bicara biasanya tidak bisa bekerja.,10,1
683,positif,kamu mirip anjing kucing setia gampang manja saja,"lu dan aku kayak anjing dan kucing. Yang satu setia, yang satu gampang manja sama siapa aja.",10,1
684,positif,hyena terkait anjing terkait erat kucing,"Hyena tidak terkait dengan anjing, mereka jauh lebih terkait erat dengan kucing.",10,1
685,negatif,nyawa kaca anjing,nyawa lebih penting dari pada kaca anjing,0,1
686,negatif,woyy anjing tolol terus kontolku,Woyy Anjing! TOLOL mulu mirip KONTOLKU!!!,0,1
687,negatif,anjing akun tolol,ANJING!! AKUN TOLOL,0,1
688,positif,anjing aing palanya habis bocor bertengkar anjing kampung rebutan cewek,anjing aing palanya habis bocor berantem sama anjing kampung rebutan cewe,10,1
689,positif,manusia satunya makhluk hidup tertawa hewan anjing kucing tertawa,Manusia bukan satu-satunya makhluk hidup yang bisa tertawa. Hewan seperti anjing dan kucing juga bisa tertawa.,10,1
690,negatif,eh tahu ni anjing kamu,eh mana tau ni anjing lah kau,0,1
691,negatif,hai salam kenal pending dpnya cantik orang pending ngapain nih pending dasar anjing delivered,"Hai salam kenal (pending) | DPnya cantik, orang mana? (Pending) | Lagi ngapain nih? (Pending) | Dasar anjing!! (delivered)",0,1
692,positif,ibu2 bapak2 nenek2 bawa kereta bayi diintip isinya anjing,"banyak ibu2 atau bapak2 atau nenek2 yang bawa kereta bayi, tapi begitu diintip isinya ternyata anjing.",10,1
693,negatif,kamu suka ama bilang tidak ngejelekin nama w anjing,Kalau lu juga suka ama dia bilang. Gak usah ngejelekin nama w di depan dia. Anjing,0,1
694,negatif,demen anjing sampai kaya anjing hehe,demen anjing sampe kaya anjing hehe,0,1
695,positif,hyorin memiliki hewan peliharaan anjing,Hyorin memiliki hewan peliharaan yaitu anjing,10,1
696,negatif,mukaa kamu passs smaa bulukkk jadi jadiann deh sono anjing babiii,MUKAA LO SAMA DIA PASSS SAMA SMAA BULUKKK JD JADIANN DEH SONO ANJING SAMA BABIII,0,1
697,negatif,tidak sok ngartis sih anjing sok cantik gaya kamu,"Ga usah sok ngartis sih anjing, jangan sok cantik banyak gaya lu...",0,1
698,negatif,cwok kaya anjing begitu,cwok kaya anjing gitu,0,1
699,negatif,efek bergaul anjing kelakuan si nong jadi,efek terlalu sering bergaul sama anjing makanya kelakuan si Nong jdi begitu.,0,1
700,negatif,dasar anjing,Dasar anjing,0,1
701,negatif,anjing ni orang mabok stress,anjing ni org mabok atau stress,0,1
702,negatif,anjing bangsat tai saja,Anjing bangsat tai doang lah,0,1
703,positif,menjalankan mobil periksa astikan hewan kucing anjing yang berlindung area ban mobil,sebelum menjalankan mobil periksa dan astikan tidak ada hewan seperti kucing atau anjing yg berlindung di area ban atau mobil.,10,1
704,negatif,si anjing si anjing,SI ANJING SI ANJING,0,1
705,negatif,kamu perek pemalan pejuh belaga pakai hijab neraka kamu anjing,lo perek pemalan pejuh belaga pake hijab segala. Neraka buat lo anjing,0,1
706,positif,pahamilah sifat anjing luhur moral beretika tuannya teman penjaga yang setia,"Pahamilah bahwa sifat anjing sangat Luhur moral dan Beretika kepada tuannya, teman dan penjaga yg baik , tentunya Setia",10,1
707,negatif,ok anjing anak pelacur mak sundal i m coming for u sooner or later,Ok anjing anak pelacur mak sundal?I'm coming for u sooner or later.,0,1
708,positif,lemah seekor anjing keras gonggongannya,Semakin lemah seekor anjing semakin keras gonggongannya,10,1
709,negatif,woy tony bangsat are you liverpool shit fan do you know liverpool is fuckin bullshit like city hah anjing,"Woy tony bangsat, are you liverpool shit fan? Do you know liverpool is fuckin bullshit like city hah anjing?",0,1
710,negatif,anjing si v tolak kamu,Anjing. Daripada sama si v yang nolak lu,0,1
711,positif,hewan dianugerahi jin keledai anjing,"Beberapa hewan dianugerahi bisa melihat jin, seperti keledai dan anjing",10,1
712,positif,memiliki kakak perempuan seekor anak anjing,Ia memiliki seorang kakak perempuan dan seekor anak anjing,10,1
713,positif,negara yurisdiksi memberlakukan sengaja melukai membunuh anjing polisi kejahatan,Di beberapa negara banyak yurisdiksi yang memberlakukan apabila sengaja melukai atau membunuh anjing polisi adalah kejahatan besar,10,1
714,negatif,anjing bangsat dikenang sampah merindu wes ora peduli,"Terlalu anjing untuk di ingat, terlalu bangsat untuk dikenang, terlalu sampah untuk merindu. Aku wes ora peduli ~",0,1
715,negatif,flaws on your face looks beautiful with a nice camera camera phone baling anjing hmmm,Flaws on your face looks beautiful with a nice camera. Dapat camera phone baling anjing.. hmmm,0,1
716,negatif,anjing jilat teman belaiin teman teman dijelekin eh ntahlah,Jangan jadi anjing jilat sana sini . Depan temen belaiin temen . Temen dijelekin malah eh ntahlah,0,1
717,positif,guinness book of world records anjing terkecil yang adalah seekor yorkshire terrier yang beratnya 2ons usia 2tahun,"Guinness Book Of World Records, anjing terkecil yg pernah ada adlh seekor Yorkshire Terrier yg beratnya hanya 2ons pada usia 2tahun",10,1
718,negatif,cewek cantik putih mulus sexy sayang dulunya laki haha kaga lucu anjing,Ada cewek cantik putih mulus sexy sayang dulunya laki haha kaga lucu anjing,0,1
719,negatif,sejenis anjing kamu,Sejenis anjing lah kau,0,1
720,positif,dokter hewan anjing sakit bau telinganya,Dokter hewan memastikan apa anjing itu sakit atau tidak melalui keadaan dan bau di dalam telinganya.,10,1
721,negatif,jangan percaya dengan orang suci macam anjing,"jgn pernah percaya dgn org, depan suci tapi belakang mcm anjing",0,1
722,positif,anjing trah basenji satunya anjing menggonggong menyalak dunia,Anjing trah Basenji adalah satu-satunya anjing yang tidak menggonggong/menyalak di dunia.,10,1
723,negatif,temenan saya elu pdkt kamu jadian pipi mimi putus anjing goblog,Temenan : gue elu | pdkt: aku lu | jadian: pipi mimi | putus: anjing goblog,0,1
724,negatif,bising ah anjing,Bising ah anjing,0,1
725,negatif,nurani anjingmu kebanyakan makan anjing babi tingka lakumu tidak bedah bangsat,Nurani anjingmu kebanyakan makan anjing sama babi jadi tingka lakumu ngga bedah jauh bangsat,10,1
726,negatif,anjing kamu biadal bangsat kamu ulama dirimu,Anjing lu biadal bangsat lu kira ulama seperti dirimu,0,1
727,negatif,anjing,Kok anjing?!,0,1
728,positif,anjing laut jalannya pakai perut,Anjing laut jalannya pake perut,10,1
729,negatif,saya tidur berharap menang eh anjing tahunya pas bangun kalah tidak kntl,"Sama, gue juga Tidur.. dan berharap menang.. eh anjing, taunya pas bangun kalah. Apa ga kntl!",0,1
730,positif,dikejar anjing pagi pagi nuhun,Dikejar anjing pagi-pagi. Nuhun.,10,1
731,negatif,sekali2 memang kudu di kasih shock therapy anjing,Sekali2 emang kudu d kasih shock therapy itu anjing,0,1
732,negatif,ya otak goblok apa2 dikaitin agama tetapi munafik anjing,"ya biasa lah otak goblok, apa2 dikaitin sama agama, tp dia sendiri munafik anjing..",0,1
733,negatif,morning semoga baik2 saja deh maju kamu anjing,"Morning kalian.,moga kalian baik2 aja deh Maju Lu Sini Anjing",0,1
734,negatif,woi akun anjing palalu pitak ygvkaya begitu kena pasal modar saja luh nyet cebong,Woi akun anjing palalu pitak sejak kapan ygvkaya gitu kena pasal ? Modar aja luh nyet cebong !,0,1
735,positif,laika seekor anjing astronot angkasa dunia diluncurkan satelit bumi buatan 1957 pemerintah rusia,Laika adalah seekor anjing astronot luar angkasa pertama di dunia. diluncurkan satelit bumi buatan di tahun 1957 oleh pemerintah Rusia.,10,1
736,negatif,hipokrit anjing hahahaha,Hipokrit anjing hahahaha,0,1
737,negatif,tidak sok ngartis sih anjing sok cantik gaya kamu,"Ga usah sok ngartis sih anjing, jangan sok cantik banyak gaya lu.",0,1
738,negatif,kaya anjing beraninya cewek,kaya anjing beraninya cuma sama cewe,0,1
739,negatif,mantap anjing,Mantap anjing,0,1
740,negatif,muka macam anjing,muka mcm anjing,0,1
741,negatif,saja saya jejeritan anjing,BEGINI DOANG GW JEJERITAN ANJING,0,1
742,negatif,anjing bangsat gobloq,anjing bangsat gobloq,0,1
743,negatif,hdh tolong suka keluh friendless dikacangin dan sebagainya memandang rendah sudah jb tidak diwaro sadar kek anjing caper kamu bangsat hih geli,"Hdh itu tolong yang suka ngeluh friendless, dikacangin, dsb yang memandang rendah dirinya padahal udah di jb tapi gak diwaro sadar diri kek anjing caper lo bangsat hih geli.",0,1
744,positif,binatang anjing gajah pintar memahami gerakan tangan manusia,"Dari semua binatang, hanya anjing dan gajah yang pintar memahami gerakan tangan manusia.",10,1
745,negatif,malu malu anjing mah malu malu tetap jilat,"Malu malu anjing itu mah, malu malu tetep jilat sana sini.",0,1
746,positif,anjing menggonggong kafilah,Anjing menggonggong kafilah berlalu,10,1
747,negatif,babi nangis anjing,Babi buat aku nangis anjing,0,1
748,negatif,kepala kamu hahahahaha anjing,Kepala mana kau hahahahaha. Anjing.,0,1
749,negatif,dalam tubuh frank ocean apaansih anjing suaranya bagus sekali nangis 7 malam,DI DALEM TUBUH FRANK OCEAN ADA APAANSIH ANJING SUARANYA BAGUS BANGET NANGIS 7 MALEM,0,1
750,negatif,bangsat polisi anjing ya allah tolonglah yang teraniaya,Bangsat polisi anjing . Ya Allah tolonglah kami yg teraniaya,0,1
751,negatif,anjing kzl,Anjing kzl,0,1
752,positif,anak anak anjing dalmatian terlahir murni putih polos spot spot berwarna hitam muncul berkembang seiring dewasa,"Anak-anak anjing Dalmatian terlahir murni putih polos, spot-spot berwarna hitam muncul dan berkembang seiring dengan mereka dewasa.",10,1
753,negatif,anjing ya gausa dengar omongan orang bgst,Anjing ya gausa denger omongan orang bgst,0,1
754,negatif,gede sekali barangnya anjing,GEDE BANGET BARANGNYA ANJING,0,1
755,negatif,kalau teman anjing gimana,kalo temen yang anjing gimana? boleh?,0,1
756,negatif,kaya tai congor muka lebar kaya anjing,kaya tai congor muka lebar kaya anjing,0,1
757,negatif,salah colok anjing,Salah colok anjing,0,1
758,negatif,teman mirip anjing yaallah,TEMAN KAYAK ANJING YAALLAH,0,1
759,negatif,kardiograf anjing,kardiograf anjing!,0,1
760,negatif,sumpah lupa kemarin ngapain saja anjing,sumpah lupa kemarin ngapain aja anjing,0,1
761,negatif,apanya dibaca anjing kalah kalah saja alasan bacot,"Apanya yang perlu dibaca anjing!! Kalah kalah aja, banyak alasan bacot!!",0,1
762,negatif,kamu mukanya kaya anjing,tapi lu mukanya kaya anjing,0,1
763,negatif,anjing bgst omongan cowok cowok kumpul ehh tidak kebanyakan teman begitu si iya,"Anjing bgst adalah omongan para cowok cowok kalau lagi kumpul, ehh gak dong tapi kebanyakan temen saya gitu, saya si iya juga",0,1
764,negatif,saya tidak melihara tetapi banyak anjing koceng online saja pas ngeliat senang sangat kalau dibolehin melihara benar ya,"gue ga melihara tp punya banya anjing koceng online aja pas ngeliat rasanya seneng bgt, apalagi kalo dibolehin melihara beneran ya:'",0,1
765,negatif,saja supir angkot w bilang kiri tetapi sangat tidak berenti2 terus wey anjing tidak waras sangat sudah,"ADA ADA AJA SUPIR ANGKOT W BLG KIRI, TP LAMA BGT GA BERENTI2 TRS MALAH 'WEY ANJING' GA WARAS BGT DAH",0,1
766,positif,spngetahuan saya sih kalau anjing di dalam di rumah malaikat juga tidak msuk,Spngetahuan gw sih klu ada anjing d dlm drmh malaikat jg gk mau msuk.,10,1
767,negatif,sudah 18x masuk twiter game anjing,udah 18x saya masuk twiter game anjing,0,1
768,negatif,anjing tukang fitnah kamu pendukung yang didukung saja tukang hoax fitnah,"Anjing tukang fitnah lo, memang pendukung sama yg didukung sama aja, tukang hoax dan fitnah!!",0,1
769,negatif,kesal sekali anjing tidak ingat ingat kemarin memikirkan huhhhhhhhhhh gedek sekali,kesel banget anjing ga inget inget kemaren mikirin apa huhhhhhhhhhh gedek banget,0,1
770,negatif,pokoknya anjing yang lebay bodo makan rumor kaya begitu bub saya tidak mau mutual kaya begitu tai,"Pokoknya anjing lah kalian yg pada lebay. Bodo amat yang ke makan rumor kaya gitu, BUB gua sekarang!!! Gamau punya mutual kaya gitu. Tai.",0,1
771,positif,golden retriever anjing jaga rumah saja dengan maling gonggong sebentar buntutnya menari2,Yang pasti golden retriever bukan anjing untuk jaga rumah. Dia sama siapa aja baik termasuk dng maling mungkin. Paling gonggong sebentar terus buntutnya menari2.,10,1
772,negatif,lelaki bangsat lelaki kardus lelaki anjing kaloo ceweee kamu tidak gosahh dipaksaa anjeng genugg nihh,LELAKI BANGSAT LELAKI KARDUS LELAKI ANJING !!! KALOO CEWEEE LU GAK MAU GOSAHH DIPAKSAA ANJENG !!! GENUGG JUGA NIHH !!!,0,1
773,negatif,apasi anjing terserah saya tidak suka unfoll bebas,Apasi anjing terserah gue ga suka unfoll bebas,0,1
774,negatif,kamu saya gendong anjing,sini lu gua gendong anjing,0,1
775,negatif,lari jantung pecah anjing,Sekali lari jantung ke mau pecah anjing,0,1
776,negatif,ngatain orang sok inggris kamu men kalau bilang terima kasih tetap bilang terima kasih bro ah munafik anjing,"Ngatain orang sok inggris lu men, tapi dia sendiri kalo bilang makasih tetep bilang thanks bro, ah munafik anjing",0,1
777,negatif,muka kamu sudah kaya berak anjing tong,Muka lo udah kaya berak anjing Tong!,0,1
778,negatif,cari mutual twitter ig ena cari twitter sumpa ig sudah follbck unfoll anjing memang,Nyari mutual di twitter sama di ig ena nyari di twitter sumpa di ig udah di follbck malah di unfoll anjing emang,0,1
779,negatif,masi pagi si anjing,masi pagi si anjing,0,1
780,negatif,peler anjing bacot kamu anjing duel ama saya kamu anjing,Peler anjing... banyak bacot Lo anjing... Duel ama gw Lo anjing...,0,1
781,positif,kasih saya pencerahan nikmatnya lari pagi dihari minggu melihat cewek bening bawa anjing,"Kasih gua pencerahan, apa nikmatnya lari pagi dihari minggu selain ngeliatin cewek bening bawa anjing?",10,1
782,negatif,kenapasih orang orang rumah kek anjing sangat,Kenapasih org org rumah kek anjing bgt hari ini.,0,1
783,negatif,folow anjing komen saja,Folow anjing jangan komen doang,0,1
784,negatif,kesal bacanya anjing kaya baca puisi,"Kesel bacanya anjing, kaya baca puisi",0,1
785,positif,emosi nih kucing tetangga hobinya mengendap2 masuk balkon rumah nyolong makanan anjing,"emosi nih sama kucing tetangga , hobinya mengendap2 masuk ke balkon rumah terus nyolong makanan anjing saya",10,1
786,negatif,astaga pagi pay kamu aku anjing,Astaga masih pagi pay kau membuat ku ingin berkata anjing,0,1
787,negatif,sumpah saya kesal sudah lihat video mencari pendidikan berkarakter pendidikan barbar anjing,"Sumpah gw kesel amat dah lihat video ini, bukannya mencari pendidikan berkarakter tetapi pendidikan barbar anjing!!!",0,1
788,negatif,anjing ah ketawaaa,ANJING AH KETAWAAA,0,1
789,negatif,anjing tolol kamu goblog,ANJING TOLOL lu GOBLOG,0,1
790,negatif,memang anjing biadab kali polisi anjing,"Emang anjing ini, biadab kali polisi anjing",0,1
791,negatif,tuhan kamu bertengkar terus anjing ngapain sih,demi tuhan lu semua berantem mulu anjing ngapain sih,0,1
792,negatif,nurani bukan manusia tetapi binatang anjing,Mana punya nurani mereka.. Mereka bkn manusia tp binatang!! Anjing..,0,1
793,negatif,hijrah tetapi melihat video polisi jadi kaga kaya anjing,"mau hijrah tp ngeliatin video polisi jd kaga jadi, pada kaya ANJING soalnya",0,1
794,negatif,woy anjing anjing kurapan elu memang bangsat mampus kamu liat saja,Woy anjing anjing kurapan.. elu emang bangsat .... Mampus kau liat aja nanti,0,1
795,positif,pacar anjing beda ya anjing tidak tahu sabar always tunggu majikannya pulang pacar capai tunggu orang yang disayang,"pacar sama anjing beda ya, anjing gak tau sabar makanya always nungguin majikannya pulang tapi pacar capek nungguin terus orang yg disayang",10,1
796,negatif,mirip nonton bokep munafik kamu anjing,kalian kayak tidak pernah nonton bokep semua saja munafik lo anjing.,0,1
797,negatif,beda 1000 anjing,Cuma beda 1000 anjing,0,1
798,negatif,pukimak india babi ni,pukimak punya india babi ni,0,1
799,negatif,apasi anjing,Apasi anjing,0,1
800,negatif,saja anjing yang saya tertawa pagi pagi gini asu wkwkwk,"Ada aja anjing yg buat gue ketawa pagi pagi gini,asu lah wkwkwk",0,1
801,positif,pagi awali dikejar anjing,"pagi ini di awali dengan, dikejar anjing...",10,1
802,negatif,anjing pantas barang yang dikirim saya rusak,Anjing pantesan barang yg dikirim ke gua rusak!!,0,1
803,negatif,pagi pagi sudah emosi anjing,PAGI PAGI DAH EMOSI ANJING,0,1
804,negatif,tolol anjing,TOLOL ANJING,0,1
805,negatif,hahaha orang dirumah ninggal aing sakit pergi liburan jogja hahaha anjing,"hahaha dan akhirnya semua orang dirumah ninggal aing yang lagi sakit, dan pergi liburan ke jogja sendiri hahaha , anjing",0,1
806,negatif,sampah si anjing,Sampah si anjing,0,1
807,negatif,kara mengumpat anjing tai babi,Kara ingin mengumpat Anjing tai babi,0,1
808,negatif,dingin bat anjing bodo tidak mandi saja saya,"Dingin bat anjing, bodo amat lah ga mandi aja gua",0,1
809,negatif,anjing pagi emosi saya bacanya balas nder kontol kamu najis anjing amit amit,"anjing masih pagi, emosi gw bacanya bales nder: kontol lu najis anjing amit amit",0,1
810,negatif,malu anjing pakai ojek tuh bayarnya pakai gopay,Malu anjing. Biasanya pake ojek tuh bayarnya pakai gopay.,0,1
811,positif,nitip anjing fotonya temu reddit,"Nitip anjing, fotonya nemu di reddit",10,1
812,negatif,ganggu sangat anjing pengen saya penggal,ganggu bgt anjing pengen gue penggal,0,1
813,negatif,anjing yang bawa mobilnya buta matanya,"Anjing betul yg bawa mobilnya, buta matanya",0,1
814,negatif,capai ah bangsat bikin males pagi2 saja anjing kamu,capek ah bangsat bikin males pagi2 aja anjing lo,0,1
815,negatif,anjing tidak main twitter kak,Anjing gak main twitter kak,0,1
816,negatif,bloon anjing,Bloon anjing,0,1
817,negatif,anjing kamu hina mama kamu,Anjing kau. Yang hina itu mama kau.,0,1
818,negatif,anjing kamu hahahahah,ANJING LO HAHAHAHAH,0,1
819,negatif,anjing terbahak-bahak,anjing ngakak,0,1
820,negatif,yeee anjing sudah livestream 1 jam cancel karena cuaca,"Yeee anjing,udah livestream 1 jam lebih malah di cancel karna cuaca",0,1
821,positif,takut anjing cynophobia,Takut Anjing = Cynophobia,10,1
822,negatif,bisalah om meteka menggonggong bicaranya gaya anjing peking,"Bisalah om, kan meteka menggonggong bicaranya, gaya anjing peking",0,1
823,negatif,dih anjing sangat setannya ruqyah,dih anjing bgt setannya minta di ruqyah,0,1
824,negatif,sombong nih orang anjing,Sombong amat nih org anjing,0,1
825,negatif,anjing sumpahw tadu yang reply mba tara ganti dp om2 buru,Anjing sumpahw kira td yg reply mba tara. Ganti dp om2 lagi buru,0,1
826,negatif,culun bet w anjing,"culun bet w, anjing",0,1
827,negatif,keripik kaca maksud saya anjing suuzon terus kamu saya,keripik kaca maksud gua anjing suuzon mulu lu sama gua,0,1
828,positif,benar sekali mba suka gangguin anjing tetangga dikejernya,"Bener banget mba, dulu aku suka gangguin anjing tetangga terus aku dikejernya",10,1
829,negatif,kalau tidak anjing sama bgst itu ky saja ketik grup,kalo g ada anjing sm bgst tu ky kurang aja ngetik di ini grup,0,1
830,negatif,lgbt lgbt tai anjing kaga ngedukung dibilang tidak berperikemanusiaan tai,"LGBT LGBT tai anjing, kaga ngedukung dibilang ga berperikemanusiaan. Tai lah",0,1
831,negatif,loh mulainya jam stengah 7 kek sih anjing sekolahku,"loh, mulainya jam stengah 7? kek apa sih anjing sekolahku ini",0,1
832,negatif,wkwkwkwk memang ngapain anjing orang tidak ngapa2in,WKWKWKWK EMG NGAPAIN ANJING????ORG GA NGAPA2IN,0,1
833,negatif,anjing kek tidak ada akhlak sangat,makanya anjing kek gada akhlak bgt,0,1
834,positif,dunia nyata tokoh liciknya anjing kucing,Di dunia nyata juga ada tapi tokoh liciknya yang anjing bukan kucing.,10,1
835,negatif,anjing ngespill tetapi males,anjing rasanya mau ngespill tp males,0,1
836,negatif,anjing diam saja abangnya tolol sudah mending kalau ginian tidak usah nonton biar berhenti abangnya juga cari nafkah dengan saja,Anjing kenapa diem aja abangnya tolol. Udah mending kl ada ginian gausah nonton. Biar berenti abangnya jg cari nafkah dgn cara lain aja.,0,1
837,negatif,dasar anak anjing,Dasar anak anjing,0,1
838,negatif,mati saja kamu anjing,Mati aja lo anjing,0,1
839,negatif,kalau cewek cantik tidak bicara kasar berhubung tidak cantik trobos saja anjing,"Katanya kalo cewe cantik gak boleh ngomong kasar,berhubung aku gak cantik trobos ajalah anjing",0,1
840,negatif,yang goodlooking tetapi sok2 an insecure biar si anjing,itu yg goodlooking tpi sok2 an insecure biar apa si anjing?,0,1
841,negatif,pagi sudah mirip anjing saja hidup,masih pagi tapi udah kayak anjing aja ini hidup,0,1
842,negatif,weh anjing saya diam saja disalahin,weh anjing gue diem doang disalahin,0,1
843,negatif,tidak ada otak anjing,Gaada otak anjing,0,1
844,negatif,anjing asli goblok sudah saya kasih tahu panggil pakai real name saya saja tolol tidak bisa sangat mencoba belajar hargain orang,Anjing asli goblok udh sering gua kasih tau buat jangan manggil pake real name gua masih aja. Tolol. Gabisa bgt mencoba belajar hargain orang,0,1
845,negatif,guys sctv teh nct benar indo gimana saya kesal sekali anjing nct perform lagu ngapain diselipin reaction artis indo ah tidak jelas sangat,guys itu sctv teh nct beneran ke indo apa gimana? gua kesel banget anjing nct perform cuma satu lagu ngapain diselipin reaction artis indo ah gajelas bgt,0,1
846,negatif,janji anjing babi bangsat,janji anjing babi bangsat,0,1
847,negatif,kecewa sctv scene tidak ngotaknya anjing dipikir dih,aku kecewa sama sctv banyak scene ga ngotaknya anjing dipikir apaan dih,0,1
848,negatif,sumpah ya tuh sudah ganteng pakai item2 kameranya tidak gaya eh si anjing nyorot audience,"sumpah ya ini tuh mereka udah ganteng pake item2, kameranya juga ga banyak gaya, EH SI ANJING MALAH NYOROT AUDIENCE",0,1
849,negatif,oh elu anjing pantas so nice hap nya kenalin sama saya,"Oh elu anjing, pantesan. Mana sini so nice sekali hap nya, kenalin sm gua",0,1
850,negatif,anjing sekali ya pagi2 saya care teman sangka jelek kalau tidak kuat minum tidak usah minum sudah mabok mah berabe njing,Anjing banget ya pagi2 gw care sama temen malah di sangka jelek. Makanya kalo ga kuat minum gausah minum udh mabok mah berabe njing!!!,0,1
851,negatif,bodo anjing,Bodo amatlah anjing,0,1
852,negatif,kondisi di mana khawatirin si senang senang babi namanya,"Misalnya ada suatu kondisi dimana kita lagi khawatirin si dia, tapi dia malah seneng-seneng sama yang lain. Itu babi namanya.",0,1
853,negatif,itu ah babi kamu din,"tu ah, babi betul. kau pukul din",0,1
854,negatif,ups muka babi ngepet ditayangin lagi,ups... muke babi ngepet ditayangin lg,0,1
855,negatif,pagi pagi sudah babi,pagi pagi dah jadi babi,0,1
856,negatif,babi ngepet,BABI NGEPET !!!,0,1
857,negatif,babi la cok samaaaa,Babi la cok tak samaaaa,0,1
858,negatif,dasar babi,DASAR BABI,0,1
859,negatif,caper tolol babi tunggu kamu semester,caper tolol babi saya tunggu lu di semester tinggi,0,1
860,negatif,bangga tinggal nyebutin aneh nih otak babi,Padahal harusnya bangga tinggal nyebutin... aneh nih otak babi,0,1
861,negatif,kukira kamu rumah kandang babi,kukira kau rumah ternyata kandang babi,0,1
862,negatif,apasih ngentot kontol asu babi memek ginian saja kamu share base anjay,"apasih ngentot kontol asu babi memek, ginian aja lu share di base. anjay.",0,1
863,negatif,umur segini si babi,Kenapa harus umur segini si babi,0,1
864,positif,cinta monyet cie wkwk,Cinta monyet cie wkwk,10,1
865,negatif,heh kontol jan sok pemes kamu rp muka kek memek orang tua kamu kek monyet agama kamu saja agama kontol,"heh kontol, jan sok pemes lu di rp, muka kek memek, org tua lu kek monyet, agama lu aje agama kontol",0,1
866,positif,orang monyet revolusi manusia monyet manusia berjalan tegak,Orang melihat monyet adalah revolusi dari manusia karena monyet dan manusia dapat berjalan tegak.,10,1
867,negatif,kamu maenin cewek saya kasih monyet cewek biar puas,Lo mau maenin cewe? gue kasih monyet cewe sini biar puas,0,1
868,positif,harapan kamu sih tahun monyet api share harapan kamu bareng bear brand,Harapan km apa sih di thn Monyet Api ini? Share dong harapan km di bareng BEAR BRAND,10,1
869,positif,sifat monyet yang gesit pintar monyet api penuh keceriaan optimisme semangat bareng bear brand,"Seperti sifat monyet yg gesit dan pintar,tahun monyet api bakal penuh keceriaan, optimisme dan semangat bareng BEAR BRAND",10,1
870,negatif,alay kamu monyet,Alay lo monyet.,0,1
871,positif,shio baekhyun monyet,Shio baekhyun itu Monyet,10,1
872,positif,topeng monyet tontonan sudah jarang sekali peminatnya,Topeng monyet ... Tontonan yang udah jarang banget . tapi peminatnya masih banyak,10,1
873,positif,saya gatau kamu habis ketiban anak monyet terhura nih saya thankyou so much looooo njir,"gue gatau lo abis ketiban anak monyet jadi begini, terhura nih gue. thankyou so much buat looooo njir",10,1
874,positif,disaat serius nya main main disaat main main nya serius dasar cinta monyet,"Disaat kita serius dia nya main-main,disaat kita main-main dia nya serius. Dasar cinta monyet",10,1
875,negatif,monyet congrats woi,MONYET CONGRATS WOI,0,1
876,negatif,pacar monyet ko hobinya nge gantungin kamu terus sudah putusin saja makan hati,Itu pacar apa monyet. Ko hobinya nge gantungin lu mulu. Udah putusin aja daripada makan hati,0,1
877,positif,doktrin darwin iman buktikan monyet yang sekarang berbicara,"doktrin darwin sebagai iman anda, seharusnya anda bisa buktikan bahwa monyet yg ada skrg sudah bisa berbicara",10,1
878,positif,bot temennya dora monyet ya,Bot itu bukannya temennya dora yang monyet ya?,10,1
879,positif,tinggal indonesia barrack obama memelihara monyet bernama tata,"Saat tinggal di Indonesia, Barrack Obama pernah memelihara monyet bernama Tata.",10,1
880,positif,_waktu sekolah mah actual cinta monyet haha yakan tidak kasihan hati nutrijell saya yah saya alay,_waktu sekolah mah actual cinta monyet haha. yakan ga kasian apa mereka sama hati nutrijell gue yah gue alay,10,1
881,positif,terlibat cinta monyet abg pacaran pohon mencari kutu kepala,"Terlibat Cinta Monyet, Dua ABG Ini Pacaran di Atas Pohon Sambil Mencari Kutu di Kepala",10,1
882,positif,suka suka sih mama bilang cinta monyet,"Aku suka dia, sama dia juga suka. Tapi kenapa sih mama bilang kalau ini cinta monyet",10,1
883,negatif,si monyet bangsat saya coba memang situ saja yang keganjenan sok polos babiiii,"Si monyet bangsat, gue kurang apa coba. Emng situ aja yg keganjenan sok polos babiiii",0,1
884,negatif,habis beli monyet mukanya mantan kamu,"aku habis beli monyet, mukanya mirip mantan lu",0,1
885,positif,cinta monyet anak anak lucu konyol perasaan cintanya tulus pakai modus,"Cinta monyet waktu masih anak-anak itu lucu dan konyol, tapi perasaan cintanya tulus dan tidak pake modus.",10,1
886,positif,boneka monyet yang selalu menemani hari2ku,Boneka Monyet Kecil ini yg slalu menemani hari2ku,10,1
887,positif,sains yang hebat membantu anak2 bahwa usul manusia bukan dari keturunan monyet tetapi keagungan ciptaan tuhan,"Di tengah sains yg hebat, membantu mengingatkan anak2 kita, bhw asal usul manusia bkn dr keturunan monyet tp keagungan ciptaan TUHAN",10,1
888,negatif,monyet bicara monyet ah kamu,monyet ngomong monyet ah lu,0,1
889,negatif,diam monyet,diam monyet,0,1
890,negatif,jadi nih orang keturunan monyet liat saja mukanya,"jd nih orang, keturunan monyet.. Liat aja mukanya",0,1
891,positif,kecuali manusia monyet mamalia buta warna,"Kecuali manusia dan monyet, semua mamalia buta warna",10,1
892,positif,cinta monyet suka2 nilai2 fisik yang disukai cinta hewan sesamanya cinta sejati cinta pada anaknya penuh kasih,"Cinta monyet rasa suka2 pada nilai2 fisik yg disukai, seperti cinta hewan pada sesamanya. Cinta sejati itu cinta ibu pd anaknya penuh kasih.",10,1
893,negatif,ngarepin banjir tidak aktivitas egois sekali kaya monyet,"Ngarepin banjir supaya ngga ada aktifitas. egois banget, kaya monyet",0,1
894,negatif,monyet kamu,monyet lu,0,1
895,negatif,monyet memang terus nyerang nu banser ulama nu ajar memang,"monyet itu emang trus nyerang NU Banser dan Ulama NU ,semakin kurang ajar emang",0,1
896,negatif,kamu monyet,KAN ELO MONYET,0,1
897,negatif,ni monyet pakai dp kerja nya gibulin orang2,Ni monyet pake dp Tapi kerja nya gibulin Orang2,0,1
898,positif,monyet terbang angkasa albert ii terbang 83 mil ruang angkasa 14 juni 1949,Monyet pertama yang terbang ke luar angkasa adalah Albert II. Ia terbang 83 mil di ruang angkasa pada 14 Juni 1949.,10,1
899,negatif,nunggu lebaran kamu lebaran monyet,"Nanti nunggu dulu lebaran lu, lebaran monyet",0,1
900,negatif,tidak ngerti kenapa sih sekarang jadi musuhan gini padahal sering main sama2 karena beda manusia kamu monyet tetapi salahkah kita berteman,"Aku gak ngerti knp sih skrg kita jd musuhan gini?? pdhl dulu kita srg main sama2. Apa krn kita beda? memang aku manusia dan lu MONYET, tp salahkah kt berteman??",0,1
901,negatif,pesanan coba belagak monyet,Pesanan apa? Coba jangan belagak monyet...,0,1
902,positif,ilmuwan as mempelajari otak seekor monyet mengontrol tubuh monyet,"Pada saat ini, para ilmuwan di AS tengah mempelajari bagaimana otak seekor monyet dapat mengontrol tubuh monyet lainnya.",10,1
903,negatif,monyet nakal macem kamu,Disini Banyak monyet nakal. Macem lu,0,1
904,negatif,mimpi tercyduk gara gara si monyet,Mimpi tercyduk gara gara si monyet,0,1
905,negatif,eh nyet kalau kamu survey nya kandang monyet monyet yang menang,"Eh nyet... Kalo lu survey nya di kandang monyet, pasti monyet juga yg menang....",0,1
906,positif,monyet panda lucu,Monyet sama panda lucu mana?,10,1
907,negatif,monyet ya begitu om nya yang culas orang yang dicela bodoh namanya begitu,"Monyet ya gitu om, dia nya yg culas, orang lain yg dicela bodoh, apa namanya gitu?",0,1
908,negatif,yang monyet ky yang tanya,Yg jelas bukan buat monyet ky yg nanya,0,1
909,negatif,nyettt monyet goblog,nyettt monyet goblog,0,1
910,negatif,titid monyet kamu,Titid monyet lu,0,1
911,negatif,pendapat otak mu monyet babi anjing kamu,Itu pendapat otak mu..monyet. babi. Anjing..kau..,0,1
912,negatif,terbahak-bahak saya serius lucu sekali monyet,Ngakak gw serius lucu banget monyet!!!,0,1
913,negatif,anjing tai babi monyet manusia goblok kesal guaaa weh pengen saya banting,Anjing tai babi monyet lah ini manusia goblok kesel guaaa Weh pengen gua banting rasanya,0,1
914,negatif,si monyet dimenangkan kecurangan,Karena si monyet sudah dimenangkan dengan kecurangan..,0,1
915,negatif,ngapain sih monyet,Ngapain sih monyet,0,1
916,negatif,rusuh monyet wkwkwk,Rusuh monyet! Wkwkwk,0,1
917,negatif,benci player sun kelakuan kaya monyet,Paling benci sama player sun kelakuan kaya monyet,0,1
918,positif,duit kantong pas cinta monyet,Mungkin itu duit yang selalu ada di kantong pas masih cinta monyet.,10,1
919,negatif,tidak jelas kalau jadi monyet,Jangan gajelas kalo jd monyet,0,1
920,negatif,tidak dikatain monyet kelakuan monyet,Gak mau dikatain monyet tapi kelakuan mirip monyet,0,1
921,negatif,pengen artis sinetron tidak laku dandannya sudah heboh sekali mirip monyet didandani ribet,"Pengen jadi artis sinetron kagak laku, padahal dandannya udah heboh banget kayak monyet didandani ribet",0,1
922,negatif,kamu monyet,lu monyet,0,1
923,positif,yaallah bagus btw salpok seprei monyet samaan kitaaaa,"yaAllah bagus. btw aku salpok ke seprei monyet, samaan kitaaaa",10,1
924,negatif,monyet ya proses mah bgst,monyet ya proses lah dia mah bgst,0,1
925,negatif,saya mandang fisik karena oke tahunya buriq ajg deh kamu monyet,"Gw kira dia Mandang fisik karna dia lebih oke lah taunya Buriq ajg, jauh jauh deh lu monyet.",0,1
926,negatif,saja makhluk tolol mirip kamu heran pekara hoax nya tidak kamu nyadar tidak sih bodoh gambarnya seram,"Masih ada aja makhluk tolol kayak lo, heran. Bukan pekara hoax nya atau engga. Lo nyadar ga sih bego itu gambarnya serem?",0,1
927,negatif,wooy monyet kamu tidak tahu kasih pisang sambal,"Wooy monyet lu gk tau diri, di kasih pisang minta sambel",0,1
928,positif,aku ikuti heart series monyet cantik saja yang ggs cjr nontonnya kadang saja,"Ak ngikutin heart series sama monyet cantik doang, yg ggs sama cjr nontonnya kadang' doang",10,1
929,negatif,sudah makan tai belum kamu nyet monyet,"Udah makan tai blum lu nyet, monyet",0,1
930,negatif,haha otak bodoh otak bodoh tukang makan tai anak monyet tukang sodomi hahaha,"Haha otak bodoh, otak bodoh, tukang makan tai, anak monyet, tukang sodomi, hahaha",0,1
931,negatif,kamu monyet mnusia,Lu kan monyet bukan mnusia,0,1
932,negatif,monyet kamu,Monyet lu!!!,0,1
933,negatif,elu nyet kamu monyet,"itu elu nyet,lu monyet.",0,1
934,positif,shio mu babi monyet,Shio mu apa? Babi? Atau monyet?,10,1
935,positif,beli monyet seperti george di mana ya asyik kali ya monyet,Beli monyet kyk George dimana ya. Asik kali ya punya monyet.,10,1
936,negatif,goblog pas sd sih polos sekali pas dibego begoin cinta monyet anj,Banyak goblog pas waktu sd sih. Polos banget pas dibego-begoin. Demi cinta monyet anj,0,1
937,negatif,sapa monyet,TERUS SAPA MONYET,0,1
938,negatif,monyet mondar mandir kerja dasar presiden sialan,Monyet mondar mandir juga kerja... Dasar presiden sialan...,0,1
939,negatif,pantat monyet kadrun,Pantat monyet kadrun,0,1
940,negatif,diam nyet have a nice day nyet dasar monyet,"diam nyet, have a nice day nyet, dasar monyet",0,1
941,negatif,gosa ngegas nyet have a nice day nyet dasar monyet,"gosa ngegas nyet, have a nice day nyet, dasar monyet",0,1
942,negatif,tidak monyet,Gak begitu dong monyet,0,1
943,positif,doger monyet es doger,Doger monyet itu apaan es doger ?,10,1
944,negatif,kemasukan omongan kamu alias omongan monyet ya,kemasukan omongan lu alias omongan monyet ya?,0,1
945,positif,halus penginnya ludahi muka gus munafik bilang binatang kamu anjing babi monyet dan lain lain sudah terwakili didalamnya,"masih halus.. Penginnya ludahi muka Gus Munafik sambil bilang 'Binatang Kau..!' (Anjing, Babi, Monyet, dll sdh terwakili didalamnya)",10,1
946,negatif,bacot kamu monyet barbar,"Bacot lu,monyet barbar.",0,1
947,negatif,susah kalau bicara ama jembut monyet mulut kaya bol yang tai tidak ingat ama janji kamu yang kemarin dasar munafik kamu peler kuda ucapan tidak dipegang,susah klo ngomong ama JEMBUT MONYET...... mulut kaya BOL yg keluar cuma tai.... GK INGET AMA JANJI LO YG KEMAREN..... dasar munafik lo PELER KUDA.... UCAPAN KOK GK BISA DIPEGANG,0,1
948,negatif,bahasa inggrisnya anjing ya kunyuk kamu,Bahasa inggrisnya anjing ya kunyuk apa lo!,0,1
949,negatif,anjing ni akun kamu ngapain si nge share dasar otak miskin,Memang anjing ni akun ...lu ngapain si nge-share beginiâ€¦ dasar otak miskin,0,1
950,negatif,hyukjae bgst otak saya traveling ke mana ye kunyuk dikasih emot begituan,"Hyukjae bgst, otak gue traveling kemana-mana ye kunyuk segala dikasih emot begituan juga.",0,1
951,negatif,bajingan u pagi2 teriak pengen saya tabokin itu mulut2 tidak sanggup hidup dengan manusia2 aneh seperti,Bajingan u semua! Pagi2 teriak. Pengen gw tabokin tu mulut2 kalian. Semakin tdk sanggup hidup dngn manusia2 aneh spt kalian!!,0,1
952,negatif,mampus kamu perek duri2x dunia bajingan eneg habis,"mampus loe perek itulah duri2x dunia ,bajingan mana pun pasti akan eneg abis",0,1
953,negatif,kamu dasar bajingan tidak dipercaya omongannya,lu DASAR BAJINGAN...GAK BISA DIPERCAYA OMONGANNYA...,0,1
954,negatif,grup kamu so asyik najis isinya cabe hahaha bajingan,grup lu so asik najis. Mana isinya cabe semua hahaha bajingan..,0,1
955,negatif,cowok jaman tuh bajingan,Cowok jaman sekarang tuh BAJINGAN !!,0,1
956,negatif,bajingan,wah BAJINGAN,0,1
957,negatif,btp tidak kelebihan kecuali pemimpin yang suka kotor tai bajingan keparat anjink dan lain lain memalukan,"btp gak punya kelebihan, kecuali pemimpin yg suka berkata kotor Tai,, bajingan,keparat..., anjink,,, dll Memalukan",0,1
958,negatif,intinya kamu kaya bajingan,Intinya lo itu kaya bajingan!!!,0,1
959,negatif,bajingan subuh dapat chat orang lagi ngedumel gara tanda nya tidak ketik,Bajingan subuh' dapet chat orang lgi ngedumel gara' tanda tanya nya gak bisa di ketik,0,1
960,negatif,sudah tahu bangsat sudah tahu brengsek sudah tahu bajingan tetap saja,"Udah tau bangsat, udh tau brengsek, udh tau bajingan. Tapi tetep aja",0,1
961,negatif,bajingan berasa bajingan,BAJINGAN MEMANG !!! SEMUA BERASA BAJINGAN !!!,0,1
962,negatif,saya tidak balikkan saya laku orang yang kamu kamu melebihi bajingan,Gue ga akan pernah mau balikan! Gue masih laku! Dan masih banyak orang yg lebih baik dari lo! Lo itu melebihi bajingan!,0,1
963,negatif,banggakan polisi bajingan bajingan,Apa yang harus di banggakan dari polisi ??? Mereka sama seperti kami bajingan bahkan mereka lebih bajingan,0,1
964,negatif,hah ngechat hanya bilang bajingan sekali hidup kamu,Hah ngechat cuman bilang seperti itu? bajingan banget hidup loe,0,1
965,negatif,kamu anak kok ajarin pakai baju kaya pelacur gimana si elu bajingan sekali kamu endut,"lu punya anak koq ajarin pake baju kaya pelacur,? Gimana si elu! Bajingan banget lu endut!",0,1
966,negatif,kamu idiot tetapi kamu bajingan anjing taik babi nenek kamu kakek kamu ayah kamu nyokap kamu anjing,lu bukan cuma idiot tp lu ini pun bajingan anjing taik babi nenek lu kakek lu bokap lu nyokap lu anjing semua,0,1
967,negatif,yang loh bajingan nya sial,YG ATAS ITU LOH BAJINGAN SEMUA TIGA TIGA NYA SIAL,0,1
968,negatif,dasar bajingan,Dasar Bajingan!,0,1
969,negatif,muka nipu yaa muka polos bajingan hhhh,"Muka nipu yaa, muka polos ternyata bajingan hhhh",0,1
970,negatif,cocok ko bajingan,Kalian cocok ko :) sama sama bajingan !!,0,1
971,negatif,anjing bajingan bangsat seri we goblog tai,Anjing bajingan bangsat seri we goblog tai,0,1
972,negatif,kiper bajingan,Kiper bajingan!,0,1
973,negatif,berkuasa orang2 keparat bajingan hancuuurrrr,"YANG BERKUASA ORANG2 KEPARAT BAJINGAN SEMUA....,HANCUUURRRR",0,1
974,negatif,bajingan sampeyan,BAJINGAN SAMPEYAN,0,1
975,negatif,bajingan wasitnya ckckckck,Mulai bajingan wasitnya ckckckck,0,1
976,negatif,fpi isinya orang bajingan tetapi pengecut,Fpi isinya org bajingan tp pengecut semua....,0,1
977,negatif,lonte bajingan,LONTE BAJINGAN !!!,0,1
978,negatif,dasar bajingan hilang kepercayaan berkat kamu sial,Dasar bajingan. Hilang kepercayaan aku berkat kau sial,0,1
979,negatif,dsar wanita pelacur pembhong ingkar janji pendusta bajingan,Dsar wanita pelacur pembhong ingkar janji pendusta besar bajingan,0,1
980,negatif,bandit tua bajingan tengik cahaya kian meredup kuasa menahan beban hidupnya,"Dia hanya bandit tua, bajingan tengik, dia hanya cahaya yang kian meredup, dan tak kuasa menahan beban hidupnya sendiri.",0,1
981,negatif,amin bajingan bajigur dasar biji,Amin bajingan bajigur. Dasar biji,0,1
982,negatif,dasar bajingan gub wagub dki sekarang,Dasar bajingan... gub wagub dki skr,0,1
983,negatif,maaf habis bikin ulah hina ulama mas bodoh bajingan bangsat kamu,"Minta maaf habis itu bikin ulah lagi hina ulama mas bego bajingan, bangsat kau",0,1
984,negatif,bajingan munafik memang harus kapok persekusi cikupa tidak terbukti mesum ditelanjangin,"Bajingan munafik begini emg hrs dibuat kapok. Ingat kasus persekusi Cikupa, gak terbukti mesum tetap ditelanjangin!",0,1
985,negatif,habis kesambet kamu sok bijak dasar tai nama kamu bagus tetapi sifat kamu bajingan,"Habis kesambet lu sok bijak. Dasar tai,nama lu bagus tp sifat lu bajingan",0,1
986,negatif,bajingan goblog,Bajingan Goblog!,0,1
987,negatif,bedain bajingan yang nangkap bajingan tidak goblok kamu cok,Bisa bedain bajingan sama yg nangkap bajingan gak ?? Goblok amat lu cok,0,1
988,negatif,bajingan bolt koneksi kencang mesti restart jam,bajingan bolt hari ini.. koneksi kenceng tapi mesti restart tiap setengah jam....,0,1
989,negatif,luhut si muka bajingan sekarang perusahaany banyak duit dari mana,Luhut si muka bajingan skrng perusahaany bnyk duit dr mn dia,0,1
990,negatif,luhut muka bajingan tengik perusahaanya banyak sekarang duitny dari mana yaaaa,Wah luhut ini muka bajingan tengik perusahaanya bnyk skrng duitny dr mn yaaaa,0,1
991,negatif,ahhhh bajingan kontol asu sing asu ki koe sak bojomu sing bosok ki koe sak bojomu,"Ahhhh bajingan, kontol, asu, sing asu ki koe! Sak bojomu! Sing bosok ki koe sak bojomu.",0,1
992,negatif,tim kontoollll anjeeeeng bajingan memek bangsaaat,TIM KONTOOLLLL ANJEEEENG BAJINGAN MEMEK BANGSAAAT,0,1
993,negatif,nyinyir dasar bajingan,Cuma bisa nyinyir...dasar bajingan,0,1
994,negatif,hahahahahahahahahaha bajingan kamu,HAHAHAHAHAHAHAHAHAHA BAJINGAN LO,0,1
995,negatif,dasar bajingan lemah,Dasar bajingan lemah,0,1
996,negatif,kalau bajingan mesum pengecut,Kalo itu bajingan mesum pengecut,0,1
997,negatif,bacot busuk eh tolol tidak yang memggunakan bus cok mobilisasi pakai bak terbuka motor,"Bacot busuk eh tolol gak ada yg memggunakan bus cok, mobilisasi pakai bak terbuka dan motor",0,1
998,negatif,kejahatan biadab mengeroyok membunuh orang berkurang bajingan biadab,"Tidak membuat kejahatan biadab, mengeroyok dan membunuh orang menjadi berkurang. Tetap bajingan biadab!",0,1
999,negatif,mamakmu pelacur bajingan kamu buktikan kamu anak pelacur bajingan,Mamakmu pelacur bajingan. Jadi kau harus buktikan kalau kau bukan anak pelacur bajingan. Bagaimana?,0,1
1000,negatif,memang dasar bajingan tahu malu loo,Emang dasar bajingan enggak tau malu loo,0,1
1001,negatif,fuck ustad bajingan sialan,fuck..benar!! ustad bajingan!! sialan!!,0,1
1002,negatif,halah kontol jembut asu bajingan,Halah kontol jembut asu bajingan,0,1
1003,negatif,berhenti anak biadab geser anak bajingan,Berhenti jadi anak biadab agar bisa geser ke anak bajingan,0,1
1004,negatif,tidak mukul kali dasar manusia jenis kamu mbak seandainya keluarga saudara nya gituin goblok kamu bajingan kamu menghargai orang,"Gak usah mukul juga kali, dasar manusia jenis apa kau mbak, seandainya keluarga atau saudara nya di gituin apa mau goblok kau Bajingan kau tidak bisa menghargai orang lain",0,1
1005,negatif,bajingan memang,Bajingan emang,0,1
1006,negatif,ya memang kalau tidak brengsek ya bajingan tidak ada bedanya berseragam swasta saja anjeeeng,Ya emang kalo ga brengsek ya bajingan gaada bedanya semua mau yang berseragam mau yang swasta sama aja anjeeeng,0,1
1007,negatif,bajingan wkwkwk,depan belakang sama-sama bajingan wkwkwk,0,1
1008,negatif,benar-benar bajingan bangsattt setan anjing babiiiiii keboo iblisssss duuhhhh pengen gueh kunyaaah anakÂ² setan ituuuu,"Bener2 bajingan, bangsattt, setan, anjing, babiiiiii, keboo iblisssss duuhhhh pengen gueh kunyaaah anakÂ² setan ituuuu",0,1
1009,negatif,anggap anjing iya anjing asu asu ndhasmu bajingan,"Anggap saja mereka anjing, iya anjing itu asu, asu itu ndhasmu. Bajingan kok",0,1
1010,negatif,si bangsat lagi mancing memang bajingan itu orang,"Si bangsat lg mancing, emang bajingan tu orang.",0,1
1011,negatif,pengendara bangsat bajingan,"Pengendara bangsat, bajingan !",0,1
1012,negatif,bajingan ajg haha,bajingan ajg haha,0,1
1013,negatif,anak bajingan ajar kamu mending tidak punya anak,Anak bajingan! kurang ajar lu! mending saya gapunya anak sama sekalian.,0,1
1014,negatif,_ asu bajingan celeng,_ Asu bajingan celeng,0,1
1015,negatif,bajingan asu pantek benci sekali cowok,Bajingan asu pantek benci banget sama cowok!!!!,0,1
1016,negatif,anak bajingan,Anak bajingan ini,0,1
1017,negatif,memang nya asu malu,Emang nya dua ASU itu punya malu...???,0,1
1018,negatif,asu terbahak-bahak,Asu ngakak,0,1
1019,negatif,kontol asu,Kontol asu,0,1
1020,negatif,takut dibegal asu,Takut dibegal asu,0,1
1021,negatif,anak asu,Anak asu,0,1
1022,negatif,bgst orang yang ngutang saya terbawa sampai mimpi tidak bayar asu,"Bgst orang yg ngutang sama gua kebawa sampe mimpi,mana gk bayar juga lagi asu",0,1
1023,negatif,dih sokan sangat jadi cowok pala kamu tidak sama cewek bukan tidak kamu saja yang maruk asu,"dih sokan bgt jd cowok. pala lo ga cukup sm satu cewek, itu bkn ga cukup, lo aja yg maruk asu.",0,1
1024,negatif,bjir ya orang kek begitu tolol asu maju,"bjir ada ya orang kek gitu, tolol asu sini maju",0,1
1025,negatif,bangsat kamu,bangsat lu,0,1
1026,negatif,sudah dikasih hati baikin nusuk bangsat memang ya,Udah dikasih hati di baik-baikin malah nusuk dari belakang. Bangsat emang ya !!!,0,1
1027,negatif,menyalak lagi woi bangsat,Menyalak apa lg woi bangsat,0,1
1028,negatif,kamu ko teman depan saya kelihatan saya kamu lugu2 bangsat sih,Lu ko jadi tmn di dpn gua keliatan baik ? Tapi kenapa di belakang gua lu lugu2 bangsat sih,0,1
1029,negatif,bajingan bangsat kamu sombong sekali,"Bajingan...bangsat... lo bukan siapa-siapa, kok sombong banget!!!!",0,1
1030,negatif,teman makan teman teman aku panggil bangsat,Ketika teman makan teman maka teman itu ku panggil BANGSAT,0,1
1031,negatif,kamu munafik yah baikin jelek jelekin bangsat,Lo itu munafik yah di depan baik-baikin tapi di belakang jelek-jelekin. Bangsat kan !,0,1
1032,negatif,teman makan teman hhhaaa bangsat kamu,"Teman makan teman, hhhaaa.. BANGSAT loe",0,1
1033,negatif,korupsi bangsat,"Korupsi , Selalu Saja !! Bangsat",0,1
1034,negatif,kamar saya kebocoran jadi banjir bangsat,kamar gua kebocoran jdi banjir bangsat,0,1
1035,negatif,pacar yang tidak seperti sekarang brutal seperti bangsat,"Dulu punya pacar yg baik, nggk kyak skrng brutal sprti bangsat!!",0,1
1036,negatif,tai mirip member kamu bangsat,tai kayak member lu bangsat,0,1
1037,negatif,eh bangsat ribut yuk saya,eh bangsat ribut yuk sini sama gua !!,0,1
1038,negatif,anjing bangsat memang,Anjing! Bangsat emg!,0,1
1039,negatif,mood hancur bangsat masi pagi iniiii,Mood ancur bangsat masi pagi iniiii,0,1
1040,negatif,benci plk tengok bangsat ni fvck,Benci plk aku tengok bangsat ni fvck,0,1
1041,negatif,menyesal saya ngestalk anjing bangsat,NYESEL GUE NGESTALK ANJING! BANGSAT,0,1
1042,negatif,dasar cowok bangsat,Dasar cowok bangsat!!,0,1
1043,negatif,tidak so islami kalau kelakuan bangsat saya tidak senang kamu,ga usah so islami kalo kelakuan masih bangsat! gua ga seneng sama lu,0,1
1044,negatif,kartu merah yang tidak penting bangsat,kartu merah yg gk pntng. Bangsat,0,1
1045,negatif,bangsat bas kimak,Macam bangsat dalam bas. Kimak,0,1
1046,negatif,sumpah bangsat,Sumpah bangsat,0,1
1047,negatif,bangsat kamu penipu anjing tobat kamu ajal menjemput,"bangsat kau penipu,ANJING tobat lo sebelum ajal menjemput",0,1
1048,negatif,woi apa2an bangsat sekali bangun2 beritanya fuck 2016 fuck,WOI APA2AN BANGSAT BANGET BANGUN2 BERITANYA BEGINI. FUCK 2016!!! FUCK!!!,0,1
1049,negatif,orang sih begitu sifah hati jelek sangat taik kamu anjing bangsat mampus saja kamu,"Orang sih gitu sifah , hati jelek bnget!!!! Taik lo anjing bangsat mampus ajah lo!!!",0,1
1050,negatif,bangsat bangsat bangsat,Bangsat!! Bangsat!! Bangsat!!,0,1
1051,negatif,saya sih pengennya naburin badan emak kamu babi kontol bacot kamu setan iblis kamu bangsat,Gue sih pengennya naburin di badan bapak emak lo babi! Kontol bacot lo setan iblis lo bangsat!,0,1
1052,negatif,weh anjing bangsat bacot kamu kontol,"Weh anjing, bangsat bacot lo kontol!",0,1
1053,negatif,kamu ulama bangsat,lu bukan ulama bangsat,0,1
1054,negatif,aswww bangsat,ASWWW BANGSAT,0,1
1055,negatif,teman kamu tidak kamu saya tidak rugi kali bangsat,temen apaan lo? gak ada lo juga gue gak rugi kali bangsat!,0,1
1056,negatif,sabtu minggu masuk siangan jam 6 sudah dibangunin ih bangsat anj,sabtu minggu masuk siangan tapi jam 6 biasanya dah dibangunin ih bangsat anj,0,1
1057,negatif,dosen bangsat,Dosen bangsat,0,1
1058,negatif,kamu bejat bangsat brengsek,"Lo bejat, bangsat, brengsek",0,1
1059,negatif,penipu nih bangsat,penipu nih bangsat,0,1
1060,negatif,ketiduran bangun bangun pengen maki bangsat,"ketiduran, bangun bangun pengen maki. bangsat.",0,1
1061,negatif,bangsat kntl orang kamu,Banyak bangsat dan kntl ini orang lo.,0,1
1062,negatif,hih dasar kamu bangsat idolamu seprintilan saja sudah songong kamu ya,HIH DASAR lu BANGSAT IDOLAMU BARU SEPRINTILAN AJA UDAH SONGONG lu YA,0,1
1063,negatif,cabul bangsat anjing pepek kontol,Cabul bangsat.. Anjing pepek kontol,0,1
1064,negatif,jijik bangsat pagi ah,JIJIK BANGSAT MASIH PAGI AH,0,1
1065,negatif,bejat bangsat biadab tuh orang,"Bejat,bangsat,biadab tuh orang",0,1
1066,negatif,anjir bangsat kamu,"Anjir, Bangsat kau",0,1
1067,negatif,brengsek bangsat goblok jancuk bacot,"Brengsek, bangsat, goblok, jancuk, bacot",0,1
1068,negatif,bangsat si tai wkwk,bangsat si tai wkwk,0,1
1069,negatif,manusia kek gini nya kebiri bangsat bejat,Manusia kek gini harus nya di kebiri ! Bangsat bejat,0,1
1070,negatif,bangsat alay tenan asu,Bangsat alay tenan asu,0,1
1071,negatif,bangsat story ig isinya rang orang spoiler endgame,Bangsat. Story ig isinya rang orang pada spoiler Endgame semua.,0,1
1072,negatif,dasar bangsat sialan,dasar bangsat sialan,0,1
1073,negatif,ya memang bangsat,Ya emang bangsat,0,1
1074,negatif,njirrr tidur bangsat,Njirrr kurang tidur bangsat!,0,1
1075,negatif,mantan bangsat,Mantan paling bangsat!,0,1
1076,negatif,bangsat saja tidak memperhatikan sampai situ cuk,Bangsat aku aja sama sekali gak merhatiin sampe situ cuk ??,0,1
1077,negatif,orang tua didik kamu anak bangsat,"wahai orang tua,didik yang betul kau punya anak,bangsat",0,1
1078,negatif,halah bangsat,Halah bangsat,0,1
1079,negatif,kalau tahu malu gaakan nge bangsat,Kalo tau malu gaakan nge bangsat,0,1
1080,negatif,mampus kamu bangsat cuekin ngabisin kuota saya kamu kimaq,Mampus lu bangsat. Di cuekin ibu ibu.. ngabisin kuota gue lu kimaq,0,1
1081,negatif,bangsat cuti sudah habis,bangsat cuti dah habis,0,1
1082,negatif,bangsat homo kirain yang komen cewek cowok anjeng cewek tidak respon asu,"bangsat pada homo semua,, kirain yg komen cewe malah cowo anjeng,, cewe malah gak di respon asu",0,1
1083,negatif,dibesarin terima kasih kamu tidak hadir hidup bangsat anjg,"aku dibesarin ibu seorang diri,terima kasih lu ga pernah hadir dalam hidup kami. bangsat anjg",0,1
1084,negatif,potong saja k9ntolnya tuh bangsat nih orang,Potong aja k9ntolnya tuh...bangsat nih org,0,1
1085,negatif,untung puasa kalau tidak sudah saya maki kamu anjeeng bangsat,Untung puasa klo gak udah gua maki lo anjeeng bangsat,0,1
1086,negatif,jijik sangat bangsat,Jijik bgt bangsat,0,1
1087,negatif,sok bijak bangsat,"Sok bijak, padahal bangsat!",0,1
1088,negatif,anjing absen saya kosong 2 absen bangsat,"anjing absen gua kosong 2 hari, padahal tiap hari absen bangsat",0,1
1089,negatif,bacol tidak apa-apa kalau dijual ya kamu memang bangsat anjing,dibuat bacol gpp klo dijual lagi ya lo emg bangsat anjing,0,1
1090,negatif,ketrigger bangsat rcti kontol,ketrigger bangsat rcti kontol,0,1
1091,negatif,anjing saya belum tidur bangsat pas tidur telepon ayah bangsat,"anjing gw blm tidur bangsat, pas mau tidur malah di telpon sama bokap bangsat",0,1
1092,negatif,pagi jay bangsat lupa sarapan nyet,pagi jay bangsat jangan lupa sarapan nyet,0,1
1093,negatif,asu burung gembrot saya tidak ngapa2in tuduh robot bangsat,asu burung gembrot gw ga ngapa2in di tuduh robot bangsat,0,1
1094,negatif,duh anjing nama kamu seperti saya wkwkwkwk bangsat,Duh anjing nama depan lo sama lagi kyk gue wkwkwkwk bangsat,0,1
1095,negatif,susah benerrr bangsat,susah benerrr bangsat,0,1
1096,negatif,aaaa bangsat ketauan bohong,aaaa bangsat ketauan boong,0,1
1097,negatif,eneg bangsat,Lama kelamaan eneg juga bangsat,0,1
1098,negatif,sama tuh dalam hati tidak salah terus saya bangsat begitu ya anying terbahak-bahak sangat pda suuzon,"sm tuh dalem hati apa gak 'salah mulu gue bangsat' gtu ya anying, ngakak bgt pda suuzon",0,1
1099,negatif,username tolol tidak hubungan nya keguguran dengan pakai hijab syar i yang kamu bilang bayi nya kepanasan didalem tidak hubungan nya woyyyy otak jempol kamu tidak singkron sih ya nulis komentar,<USERNAME> TOLOL!! Gak ada hubungan nya keguguran dgn pake hijab syar'i yg lo bilang bayi nya kepanasan didalem gak ada hubungan nya woyyyy!! Otak sama jempol lo gak singkron sih ya jadinya asal nulis komentar!,0,1
1100,negatif,geblek kamu tata cowok sangat dibela2in balikkan hadeww nanti ditinggal lagi nyalahin tuh cowok kitenya yang oon,Geblek lo tata...cowo bgt dibela2in balikan...hadeww...ntar ditinggal lg nyalahin tuh cowo...padahal kitenya yg oon.,0,1
1101,negatif,kemarin termewek2 sekarang lengket lagi duhhh labil sangat sih mbak kya abege saja atau yang kemarin cari sensasi biar top markotoppp ertong tidak berkualitas,Kmrn termewek2 skr lengket lg duhhh kok labil bgt sih mbak kya abege ajah ato yg kmrn cari sensasi biar top markotoppp ertong gk berkualitas,0,1
1102,negatif,intinya kesal att nya tidak usah anaknya kasihan perkembangan psikis anak kedepannya orang benar benar tolol sekarang seandainya anak anaknya dikatain orang benci gimana perasaan benci tahu batesnya namanya manusia gaakan penyuka haters,"Intinya kalau kesel dengan ATT nya, gausah ke anaknya juga. Kasian buat perkembangan psikis anak kedepannya. Itu orang bener bener tolol, skrg seandainya dia punya anak, terus anaknya dikatain sama orang yang benci sama dia, gimana perasaan dia ? Benci sama seseorang boleh, tapi harus tau batesnya ?? toh namanya manusia, gaakan semua jadi penyuka, pasti ada haters ??",0,1
1103,negatif,hadewwwww permpuan lagi sakit jiwa kenapa yang jadi peran utama film hantu jeruk purut ky khabisan stok artis ja,"hadewwwww permpuan itu lg!!!!sakit jiwa,knp harus dia yg jd peran utama di film hantu jeruk purut,ky khabisan stok Artis ja",0,1
1104,negatif,pantas tinggalin laki ya lakinya mikir kali perempuannya kayagni urus saja tidak becus gimana urus anak mending anak bapake nya saja benar didiknya,"Pantesan di tinggalin laki, ya lakinya juga mikir kali kalau perempuannya kayagni. Ngurus diri aja dia gak becus gimana ngurus anak, mending anak sama bapake nya aja bener didiknya",0,1
1105,negatif,kebiasaan balajaer nyampah di ig artis suka2 yang ig bikin caption balajaer yang heboh asyik ceramahin yang ig tar lama2 di bikinin lagu sama teh melly loh balajaer yang berjudul balajaer bersabda seonggak koin laknat nya balajaer ngamuk mengiyakan sekali koin laknat nya jadi penggoda di rt nya gigi duh elah balajaer semua tahu kale kelakuan biduan kamu kek minus segala2nya di bela mati2an pada sakit jiwa,"kebiasaan balajaer nyampah d ig para artis..suka2 yg punya ig lah mau bikin caption apa,kok balajaer yg heboh dan asik ceramahin yg punya ig.tar lama2 d bikinin lagu sm teh melly loh balajaer yg berjudul""ketika balajaer bersabda""demi seonggak koin laknat nya.balajaer ngamuk berarti mengiyakan banget koin laknat nya jd penggoda d rt nya gigi.duh elah balajaer kami smua tau kale kelakuan biduan lo itu kek apa.minus segala2nya!lagi masih d bela mati2an,pd sakit jiwa",0,1
1106,negatif,karena rakyat indonesia bodoh tidak membedakan yang yang buruk sudah tahu prilaku buruk tidak tahu sopan santun yang dipilih jadi panutan mengidolakan yang murahan dari pada yang berkelas ber etika,krn sebagian besar rakyat indonesia itu bodoh. Tdk bisa membedakan mana yg baik mana yg buruk. Sdh tau prilaku buruk tdk tau sopan santun itu yg dipilih jd panutan. Lebih mengidolakan yg murahan dr pd yg berkelas dan ber etika,0,1
1107,negatif,ayu janda bodoh punya suami kapan nikah laginya,ayu janda bego pny suami kpn nikah laginya?,0,1
1108,negatif,anyiennnnggg suaranya hancur sekali merdu tukang gorengan,"Anyiennnnggg.. Suaranya ancur banget, lebih merdu tukang gorengan",0,1
1109,negatif,syarat sah nikah agama islam 5 cpp cpw saksi wali nikah mas kawin mahar perkara makeup tidak manglingi syarat sah pernikahan tidak makeup syarat yang 5 terpenuhi pernikahannya sah yak emak emak julids,"Syarat sah nikah menurut agama islam hanya 5 yaitu : adanya CPP, adanya CPW, saksi, wali nikah dan mas kawin/mahar. Perkara makeup gak manglingi bukan syarat sah pernikahan. Sekalipun gak makeup tapi syarat yg 5 tersebut terpenuhi maka pernikahannya SAH yak emak emak julids",0,1
1110,negatif,cewek gatau nih ngerebut pacar orang sudah abang yang ngedukung sifat jeleknya lagi ckck,"Cewek gatau diri nih, ngerebut pacar org. Udh mana punya abang yg ngedukung sifat jeleknya lg. Ckck",0,1
1111,negatif,username eh situ kids jaman now ya kebanyakan micin mana yang ngina bodoh dipelihara,<USERNAME> eh... Situ siapa??? Kids jaman now ya kebanyakan micin.. Mna kata aku yg ngina??? Bego dipelihara??????,0,1
1112,negatif,jijik liatnya suer deh minceeee,Jijik liatnya suer deh minceeee,0,1
1113,negatif,memang tabu ciuman begitu iya memang yang bikin eneg pencitraan nya yang sok alim sok sok bijak sok sok yang lainya seandainya pencitraan sok alim sok suci serius,"Emang bukan hal tabu ciuman gitu (iya emang) tapi yg bikin eneg itu ""PENCITRAAN"" nya yg sok alim sok baik sok bijak dan sok sok yg lainya. Seandainya dia lebih apa adanya itu lebih baik dari pada pencitraan. Bukan sok alim atau sok suci serius!",0,1
1114,negatif,yang jadi 1 ciuman depan orang banyak yang sih malu kecuali mungkin lagi mabok jadi tidak malu 2 berteman helooow pertemanan tidak melibatkan ciuman bibir coba saja bayangin sanggup tidak ciuman bibir ma teman lebih dari teman dasar kelakuan kids jaman now yang memang bodoh karena kebanyakan micin lho yah,"Yg jd masalah disini adalah 1. mereka ciuman dpn org bnyk yg SEHARUSNYA sih punya rasa MALU, kecuali mgkn lg mabok jd gak ada rasa malu. 2. Mereka berteman?? Helooow sebuah pertemanan tdk akan melibatkan ciuman BIBIR, coba aja kalian bayangin, sanggup gak ciuman bibir ma TEMAN? pasti lbh dr teman lah itu. Dasar Kelakuan Kids jaman now yg emg bego, bukan krn kebanyakan micin lho yah ??",0,1
1115,negatif,anjing nya ngamuk hidup dmana2 punya musuh sudah kliatan mana yang orang tidak punya banyak musuh,Anjing nya ngamuk..hidup kok dmana2 pny musuh..udh kliatan mna yg baik dan bukan..org baik ga pny byk musuh..,0,1
1116,negatif,username ahhh jaga ucapan lahh ucapan tidak dijaga dasar munafik dasar betina zaman now ellu kali yangg kelebihan micin kamu otak kamu selangkangan paham semoga tuhan ampunin kemunafikan kamu cun,"<USERNAME> ahhh katanya jaga ucapan, lahh ucapan dia ngk dijaga sendiri.. dasar munafik.. dasar betina zaman now ellu kali yangg kelebihan micin.. loe sendiri otak loe kan di selangkangan mana paham.. semoga Tuhan ampunin kemunafikan loe cun",0,1
1117,negatif,username yaa ampun upil naruto kata2nya mencerminkan kalau yang pecun pengalaman sekali kamu yaa kasihan saya prihatin mati saja deh kamu ngotorin dunia manusia kamu,"<USERNAME> yaa ampun ini upil naruto,, kata2nya makin mencerminkan klo dia yg sebenarnya pecun.????pengalaman banget lu yaa. Kesian. Gua jadi prihatin. Mati aj deh lu. Ngotorin dunia manusia macam kau.??",0,1
1118,negatif,hanya jual goyangan yak suara taik,"Cuman jual goyangan yak, suara macam taik...",0,1
1119,negatif,kasihan ih cari uang sampai segitunya,Kasian ih nyari uang sampe segitunya,0,1
1120,negatif,anjir tontonan yang bermutu,anjir tontonan yg sangat tidak bermutu!,0,1
1121,negatif,dulu inul goyang ngebor baju ketat dcekal harus nya ni juga dengan sgja goyang dada terus suara tidak sbrpa mrsk moral anak muda yang nonton bawaannya nafsu saja,"Dlu inul goyang ngebor baju ketat dcekal. Hrs ny ni jg dg sgja goyang dada mulu, suara ga sbrpa. Mrsk moral ank muda yg nnton bawaannya nafsu aja nanti ????",0,1
1122,negatif,pnyanyi dangdut yang tidak berkelas begini nih y nonjolin suara nonjolin dada,Pnyanyi dangdut yg ga berkelas bgini nih... bukan'y nonjolin suara malah nonjolin dada,0,1
1123,negatif,najis najis sudah homo saja orang kaya gini musnahkan muka bumi,"Najis najis udh homo aja harusnya, org kaya gini di musnahkan dari muka bumi",0,1
1124,negatif,haduuh orang tidak akhlak bangeg perasaan kerjaan bertengkar terus musuhnya,"Haduuh ini orang gak punya akhlak bangeg, perasaan kerjaan berantem mulu, banyak musuhnya",0,1
1125,1,s lonte bukan sensasi ngjak ribut orang terus sampah,S lonte ini bkn sensasi ngjak ribut org mulu sampah,0,1
1126,negatif,mirip banci deh nenek2 punya cucu mau operasi mua top tetap saja kalau asli nya tidak cantik dalam,Kayak banci dh mirip nenek2 pny cucu . Mw di operasi di mua top ttp aj klo asli ny g cantik luar dlm..,0,1
1127,negatif,bagus kalau mingkem saja hahahahahaha jahatnya akuuu,Dan lebih bagus lagi kalo mingkem aja hahahahahaha jahatnya akuuu,0,1
1128,negatif,oplas dipermak tetap jelek pokoknya mukanya tegang kek banci sudah sekian,Walaupun Oplas ATAU dipermak sekalipun tetep jelek. POKOKNYA MUKANYA TEGANG KEK BANCI. UDAH SEKIAN??,0,1
1129,negatif,mending liat dek molen biarpun cowok tetapi cuantik tidak kaya cewek tetapi mirip bencong wkwkwk,"Mending liat dek molen biarpun cowok tp cuantik, gak kaya ini cewe tp malah kayak bencong wkwkwk ??",0,1
1130,negatif,bencong rombeng menjijikan gay juga,bencong rombeng.menjijikan!!!gay jg.,0,1
1131,negatif,orang gila pengen hitz cri tenar rela dipenjara cari sensasi settingan beken sampai hina2 orang astagfirullah sekaya sih orang kaya mulut nya ky sampah tidak sekolah ya,"Orang gila itu ???? pengen HITZ cri tenar rela dipenjara? Cari sensasi settingan supaya beken smpe hina2 org,,, astagfirullah... Sekaya apa sih??? Org kaya mulut nya ky sampah,ga sekolah ya???",0,1
1132,negatif,cowok anjing cuihhh orang kaya berkoar saya orang ping kaya sedunia orang tahu kalau orang kaya orang kaya malahn berperilaku orang sederhana memamerkan kekayaan dunia akhirat mampus kamu harta tidak bawa mati pants buang laut kamu orang anehhh,Cowok macam anjing cuihhh... Orang kaya tidak akan pernah berkoar gua orang yang ping kaya sedunia...karena semua orang juga tau klo dia orang kaya... Orang kaya malahn berperilaku sebagai mana orang sederhana buat apa memamerkan kekayaan di dunia di akhirat mampus lu harta kagak akan di bawa mati yang pants di buang ke laut itu lu orang yang paling anehhh,0,1
1133,negatif,cari sensasi tenar terus banyak folowers nya tidak begitu begitu juga kali darar orang setres bicara saja belepotan tidak begitu kamfungan,"cari sensasi supaya tenar, trus banya folowers nya. gak gt gt jg kalee... darar orang setres, ngomong aja masih belepotan gk jelas gt. kamfungan",0,1
1134,negatif,bicara saja belepotan gaya kamu bencong,ngomong aja belepotan banyak gaya lu bencong,0,1
1135,negatif,orang kebanyakan makan taik ya gini otaknya sudah penuh taik jadi tidak berfikir positif berbicara saja tidak bermoral dasar kaum2 laknat banci anjing kbanyakan burit sih kamu jadi stres manusia ogah jumpa kamu anjing anjing yang ketemu kamu taik,Orang kebanyakAN makan TAIK ya gini!OTAKnya udah penuh sama TAIK jdi gak bisa berfikir positif!dari cara dia berbicara aja Gak BERMORAL!dasar kaum2 LAKNAT BANCI ANJING kbanyakan BURIT SIH LO jdi Stres!MANUSIA ogah JUMPA sama LO anjing!cuma ANJING yg mau ketemu sama LO taik!,0,1
1136,negatif,sikat abiss lahh orng2 sialan kaya gini pemimpin negara tidak hormatin jangan mentang2 president sembarangin marah tidak hina pemimpin harap tindak hukum orang iniÃ¶,Sikat abiss lahh orng2 sialan kaya gini. Pemimpin negara sendiri gak di hormatin. Jgn mentang2 Bapak President kita terlalu baik jadi di sembarangin. Saya marah.. Gak boleh kita hina pemimpin kita sendiri.. Saya harap segera di tindak hukum orng iniÃ–,0,1
1137,negatif,jijik sekali lihat tingkah si upil mudah2an secepatnya tidur,Jijik banget lihat tingkah si upil ini. Mudah2an secepatnya tidur selamanya,0,1
1138,negatif,edan nih orang sudah makan uang rakyat tidur,"WONG EDAN NIH ORANG, UDH MAKAN UANG RAKYAT TIDUR PULA",0,1
1139,negatif,manusia laknat matinya apakan ya,"Manusia laknat, matinya di apain ya",0,1
1140,negatif,sakit otak hatinya mah sudah tidak nurani urat malunya pajak loh ngegaji orang2 gila hormat,Sakit di otak sama hatinya itu mah dia. Udah gak ada nurani dan urat malunya. Pajak saya loh yang ngegaji orang2 gila hormat ini,0,1
1141,negatif,anak babi bangsat pengen sumpel timah panas congor kamu biar modar,Anak babi bangsat pengen sumpel timah panas ke congor lu biar modar,0,1
1142,negatif,pengen sumpel timah panas congor si anak babi pesek buruk rupa,Pengen sumpel timah panas ke congor si anak babi pesek buruk rupa,0,1
1143,negatif,hey anak bangsat babi pesek buruk rupa keriting pengen penggal leher kamu sampai putus lumayan makanan buaya,Hey anak bangsat babi pesek buruk rupa keriting.pengen penggal leher lu sampe putus??lumayan buat makanan buaya??,0,1
1144,negatif,ratu pelakor sejagat raya dimana2 lonte ya tidak malu yang merasa lonte tolong malu sedikit,"RATU PELAKOR SEJAGAT RAYA, DIMANA2 LONTE YA GAK PUNYA MALU. YG NGERASA LONTE DISINI TOLONG PUNYA MALU DIKIT",0,1
1145,negatif,mahhhh pertemuan buah ranum buah busuk sudah tahu yang busuk yang manah mentok2nya mah begitu saja kalau pelakor,Wah ini mahhhh pertemuan buah ranum dan buah busuk ??....dah tau dong yg busuk yg manah ??????????....mentok2nya mah gitu aja kalo pelakor??,0,1
1146,negatif,ah manda mah gatal tidak liyat cowok sedikit langsung disosor begok saja yang ama manda kegatelan cewek,"Ah manda mah gatel, ga bisa liyat cowo dikit lgsg disosor.. Begok aje yg mau ama manda . kegatelan jadi cewe",0,1
1147,negatif,si amanda mukanya tante umur tetapi muka boros sekali dasar cabe jujur saya mah tidak suka ama ni haltis,"Si amanda mukanya ke tante"" umur baru berapa tp muka boros banget .... dasar cabe . Jujur gua mah kgk suka ama ni haltis",0,1
1148,negatif,astagah demen ama cewek dekil kumel nagita turun att nagita kaya emas att kaya barlen,"Astagah, demen ama cewek dekil kumel. Ibaratnya dari nagita turun ke att. Nagita kaya emas att kaya barlen",0,1
1149,negatif,alah laki laki jaman sekarang sama saja bejat ustad kek kek gila sangat sama perempuan yang istrinya stju sangat sama yang bilang ustazah username msuk surga bukan karena poligami masih banyak yang bisa jadi akhlak bisa masuk surga yaa semoga saja sih perempuan perempuan pelakor diluar sna azab yang tidak diampuni hidupnya tidak selamat dunia akhirat,Alah laki laki jaman skrg sm aja. Sama sama bejat. Mau ustad kek bukan kek gila bgt sm perempuan yg bukan istrinya. Aku stju bgt sm yg di blg ustazah <USERNAME> . Msuk surga bkan krna poligami. Msh bnyk hal yg kita buat supaya bs jd akhlak baik untuk bs masuk surga. Yaa smoga aja sih perempuan perempuan pelakor diluar sna mendapat azab yg gak diampuni. Yang hidupnya gk bakal selamat dunia akhirat,0,1
1150,negatif,gilaaaaa pelakor sangat laki2 gatal alasan berpoligami woiii mikir pakai otak haduh pikir orang pintar tahu agama buruk allah menguji kesetiaan nafsunya eh kaya begitu menyakiti istri saja menutup pintu rejekimu anak istri kamu korbankan sebagai seorg imam keluarga gagal mmpertahankan rumah tangganya mencoreng nama nya sendiri semua orang suka sekarang benci m,Gilaaaaa pelakor banyak bnget laki2 gatal juga banyak alasan untuk berpoligami woiii mikir pake otak haduh saya pikir dia org pintar tau agama mana baik mana buruk.... Allah menguji kesetiaan dan nafsunya eh malah kaya gtu... Menyakiti istri sama sja menutup pintu rejekimu... Anak istri kau korbankan! Sbg seorg imam keluarga dia telah gagal mmpertahankan rmh tangganya mencoreng nama baik nya sndiri... Smua org suka skrg benci sama dia.. M,0,1
1151,negatif,biasalah kalau pelakor lebih hancur mukanya istri sah barang bagus cepat laku pelakor jelek tidak laku ngembat laki orang ya sudah sama2 gatal cocok wes username,"Biasalah kalo pelakor banyak yang lbh ancur mukanya dari istri sah.. barang bagus pasti cepat laku, karena pelakor jelek nggak laku makanya ngembat laki orang.. ya udah sama2 GATEL kok.. cocok wes.. <USERNAME>",0,1
1152,negatif,lama2 ilfil deh sama ni ertong caption ig story nya membicarakan orang mlu orang jadi ambigu nilai si a si b si c sudah begitu kaya zholimi salahinnya lawan jangan omong status ah nya dewasa,"lama2 ilfil deh sm ni ertong. caption/ig story nya ngomongin org mlu, org kan jd ambigu nilai si a si b si c. udah gt kaya paling di zholimi, salahinnya depan lawan dong jgn ngmg di status ah. kata nya dewasa ??",0,1
1153,negatif,username pemikiran manusia bodoh eehhh tante oma empo otak kamu picik sangat ya juga manusi larangan memang dunia orang larang ngungkapin unek2 stupid human,"<USERNAME> ini lagi pemikiran manusia bodoh, eehhh tante/ibu/oma/empo, otak lu picik bngt ya, dia jga manusi biasa ada larangan emang di dunia ini orang di larang ngungkapin unek2???? stupid human",0,1
1154,negatif,heran deh yang ngatain si via baperan ya wajar dese baper udin muak orang yang munafik sok an dese kabar yang baperan laki orang tidak nyadar tuh pemujanya att gotong royong nasehatin att menggila muja att mojokin viaa dese manusia keles ahh,"Heran deh yg ngatain si via baperan ya wajar lah dese baper karena udin muak sama orang yg munafik sok""an baik sama dese, lah apa kabar yg sering baperan sama laki orang ? Ga pada nyadar diri tuh pemujanya att, bukannya pada gotong royong buat nasehatin att ini malah menggila buat muja"" att dan mojokin viaa. Dese juga manusia keles ahh",0,1
1155,negatif,username yang komen via nyinyir terus duh seperti tidak nyinyirin orang saja parah kalau orang sok benar mah begitu padahal media sosial hak instagram instagram yang nyinyir tidak pakai ig s,"<USERNAME> itu yg komen via nyinyir mulu duh kyak dia gak pernah nyinyirin orang aja, mungkin lebih parah, kalo org sudah sok bener mah gitu, pdhal ini kan media sosial, hak dia dong instagram juga instagram dia, yg penting kan nyinyir gak pake ig s",0,1
1156,negatif,username nya ngatain orang nyindir netijen goblog banyakan masyako,<USERNAME> bisa nya cuma ngatain org . Nyindir siapa ..netijen goblog banyakan masyako !,0,1
1157,negatif,username didik ortunya nagita bagus heran dengan balajaer nagita yah yang dirugikan sama junjunganny kenapa yang dibenci bodoh sangat asli,"<USERNAME> cara didik ortunya nagita bagus, makanya amat sangat heran dg balajaer, kan nagita yah yg dirugikan sm junjunganny.. Knp dia yg dibenci, bodoh bgt asli.",0,1
1158,negatif,username padahal kamu kampungan loh pakai kerudung mulutnya cuihh,"<USERNAME> pdhl km lebih kampungan loh,pake kerudung tapi mulutnya cuihh..",0,1
1159,negatif,belajaer tuh ya hahahaha bela artis sampai sebegitunya manusah2 begoh,Belajaer tuh apa ya? Hahahaha bela artis ampe sebegitunya... manusah2 begoh ????????,0,1
1160,negatif,username iya norak kampyuung coba liat artis adem ayem liat isyana liat agnezmo liat mba liaaat diliat saja coba telaah deh dikasih tahu contoh artis better eh jawabannya ya cocok la,"<USERNAME> iya banyak berarti mereka norak kampyuung, coba liat artis yang adem ayem liat isyana liat agnezmo liat mba liaaat..... jangan diliat aja coba di telaah deh, dikasih tau contoh artis yang better eh jawabannya begini ya cocok la",0,1
1161,negatif,username tidak sok high class mba liat komenmu artis beda2 mbak yang suka curhat ig yang curhat teman yang curhat tuhan tidak terus mulut situ maju otaknya mikirnya yang curh,"<USERNAME> gak usah sok jadi high class mba, liat komenmu sendiri, memang semua artis itu sama, beda2 mbak, ada yg suka curhat di ig, ada yg curhat ke temen ada yg curhat ke Tuhan.... ngak usah trus mulut situ maju dulu otaknya belakangan mikirnya, yg curh",0,1
1162,negatif,username goblok tidak netizen yang kontra sama postingan si via bakajaer kali mba mas ih goblok dipiara lol,"<USERNAME> lah goblok amat, gak semua netizen yg kontra sm postingan si via ini bakajaer kali, mba/mas. Ih goblok kok dipiara. Lol",0,1
1163,negatif,sih memang artis ko artis indo nya urus prestasi sosmed nya terus isi nya jadi jatuh nya kampungan,Ini siapa sih emg artis? Ko artis indo bukan ny ngurus prestasi malah di sosmed ny beginian mulu isi nya jd jatoh nya kampungan,0,1
1164,negatif,username saja kan y mba kaya agnes mau banyak penghargaan nya tetapi tidak kampungan beda am yang,"<USERNAME> baru itu aj kn y mba, apa lagi kaya agnes mo bnyk penghargaan ny tp g kampungan beda am yg ini",0,1
1165,negatif,munafik sangat yang bicara curhat sosmed kampungan saya elu kitu keleusss wkkwkww mending mba via artis cantik bisa nyanyi la elu lebih kampungan wkwkwkwkw,Munafik bgt yg ngomong curhat di sosmed kampungan... Gua yakin elu juga kitu keleusss wkkwkww..... Mending mba via dia artis cantik bs nyanyi.. La elu pada? Lbh kampungan wkwkwkwkw!!!!,0,1
1166,negatif,username wawan zzzzz memang artis tidak teman sedikit sedikit att hahaha curhat sosmed kampungan,<USERNAME>.wawan zzzzz emng ini artis ga punya tmn apa? Dikit dikit att hahaha lagi juga apa apa curhat di sosmed kampungan,0,1
1167,negatif,lemas ya mulutnya berani ststus sudah begitu tulisannya sengaja biar tidak kebaca takut kali labrak mmmm artis kampungan sih ya wajar ya,Lemes ya mulutnya. Berani lewat ststus udah gitu tulisannya sengaja biar ga kebaca takut kali di labrak. Mmmm artis masih kampungan sih ya jadi wajar lah ya ????????,0,1
1168,negatif,username main main jawa timur biar tidak begok,<USERNAME> main main lah ke jawa timur.. Biar ga begok!!,0,1
1169,negatif,username sudah nunjukin karyanya situ punya karya karya nyinyir hidupnya via tolol,"<USERNAME> dia udah nunjukin karyanya, situ pny karya apa? Karya nyinyir hidupnya Via?? Tolol ??",0,1
1170,negatif,username bilang saya fansnya via duh nantangin saya nih orang anak tolol anak alay jablay,"<USERNAME> siapa bilang gw fansnya Via?? Duh nantangin gw nih org... anak tolol ank alay, jablay!",0,1
1171,negatif,username yutub ya mba aplikasi ya saya tahunya youtube mba tidak tahu ya seseorg bisa dapat penghasilan salah satunya dari youtube loh mereka juga bayar kalau banyak yang nonton video mereka sekolah yang benar deh mba biar pintar generasi muda,<USERNAME> yutub apaan ya mba? Aplikasi baru ya? Sy taunya youtube. Mba gak tau apa ya seseorg bs dpt penghasilan besar salah satunya dr youtube loh. Mreka jg di bayar apalagi klo bnyk yg ntn video mreka. Sekolah yg bener deh mba biar pinter. Generasi muda,0,1
1172,negatif,saya suka gangerti deh yaa kalau via vallen bikin status apalah disangkut pautin ama att terus att nya saja saja fansnya sih yang bikin jelek orang kalau sangkut pautin terus juga gerah kali,"gue suka gangerti deh yaa, kenapa kalo via vallen bikin status atau apalah itu disangkut pautin ama att mulu?? padahal att nya aja biasa aja.. Fansnya sih yg bikin jelek.. Orang kalo di sangkut pautin mulu jg lama-lama gerah kali..",0,1
1173,negatif,jujur saja ya ni orang bagusan kaga oplas itu foto sebelum dan oplas dioplas mukanya aneh kyknya gagal oplasnya,Jujur aja ya ni org malah bagusan kaga oplas..ada tu foto dia sblm dn sesudah oplas..dioplas mukanya aneh...kyknya gagal oplasnya...,0,1
1174,negatif,noraaak abiiis kebeli emas az pamer apalagi mainan berlian ciiinnnnn,Noraaak abiiis... Baru kebeli emas az pamer aplg mainan berlian ciiinnnnn.... ??,0,1
1175,negatif,before and after pasca oplas tidak ngefek ya tetap jelek n seram mukanya ahahahhaha,Before and after pasca oplas ga ngefek ya.. tetep jelek n serem mukanya..ahahahhaha..,0,1
1176,negatif,salfok mukanya sumpah jelek oplas model failed,"Salfok ke mukanya, sumpah jelek... Oplas apaan model begitu... Failed!!!",0,1
1177,negatif,norak benar kegaet penjahat,Norak bener. Kegaet penjahat baru rasa.,0,1
1178,negatif,najis di philipine sangat kali di saja bangga jadi perusak moral ko bangga najis sekali liatnya cukup di saja komen nya ingin ngetop lewat nitezerrre wkwkwk mengharap laku,"Najis..,apalagi d philipine biasa bgt kali,d sana aj bangga..jd perusak moral ko bangga..najis banget liatnya.ckp d sini aj komen ny,dia pngn ngetop lwt nitezerrre.....wkwkwk..ngarep laku",0,1
1179,negatif,saya bingung jujur media rebutan ngeliput orang kayaknya hanya net saja media informasi waras,Yang gua bingung jujur kenapa media pada rebutan ngeliput ini orang. Kayaknya cuman net doang media informasi yang masih waras,0,1
1180,negatif,jedun yang tidak becus perempuan terhormat tidak becus perempuan cerdas tidak becus perempuan yang mencari suami sah suami orang tidak becus perempuan yang menghindari narkoba tidak becus perempuan yang menjaga nama keluarga semoga perempuan yang mirip kamu dunia ya jedun,"Bukankah Jedun yg ga becus jadi perempuan terhormat, ga becus jadi perempuan cerdas, ga becus jadi perempuan yg mencari suami sah bukan suami orang, ga becus jadi perempuan yg menghindari narkoba, ga becus jadi perempuan yg menjaga nama baik keluarga... semoga hanya ada satu perempuan yg kayak lu di dunia ini ya Jedun",0,1
1181,negatif,cewek yang begini yang hrsnya gosong jadi abu saja kebakaran pabrik yang lagi viral kemarin itu bnr2 slain tidak brguna gda otak cuma modal ngangkang terus gebet laki orang terus bangga btw kalau memang instastory nya nyindir sesebini tua mah ehhh at least biar tidak becus jadi prewi tetapi becus cuii jadi emak buktinya anak nya bejibun terus semua pro emaknya daripada bapaknya,"cewe yg bgni yg hrsnya gosong jd abu aja di kebakaran pabrik yg lg viral kmrn tu. bnr2 slain ga brguna, gda otak.. cm modal ngangkang trs gebet laki org trs bangga.. btw klo emg instastory nya buat nyindir sesebini tua mah. ehhh at least biar ga becus jd prewi tp becus cuii jd emak. buktinya anak nya bejibun trs smua pro ke emaknya drpd bapaknya",0,1
1182,negatif,hahaha kasihan ya tidak becus perem ngerebut laki orang biar dikata perempuan dasar perempuan sadar anda cuy,"Hahaha..kasian ya...gak becus jadi perem...harus ngerebut laki orang dulu biar dikata ""perempuan""? Dasar perempuan tak sadar diri ente cuy.",0,1
1183,negatif,dasar artis abal abal enggk laku layar kaca sudah enggk duit kere miskin main ke dukun elmu pelet perebut suami orang yang kaya,Dasar artis abal abal enggk laku di layar kaca...udh Enggk ada duit kere Miskin..Jadi maen k dukun buat minta elmu pelet perebut suami org yg kaya...,0,1
1184,negatif,ih becus makrum becus ngrebut suami orang hehe,"ih dia kan paling becus makrum, paling becus ngrebut suami orang hehe????",0,1
1185,negatif,eeee si pelacur situ becus jadi brempuan memang becus sampah sih iya edeuuuuuh lonte lonte,Eeee si pelacur. Situ becus jd brempuan emang? Becus jadi sampah sih iya. Edeuuuuuh lonte lonte,0,1
1186,negatif,biarin puas puasin mumpung deseu berasa muda nanti kalau sudah tua nyaho karma,"Biarin,,,puas puasin mumpung deseu masih brasa muda. Ntar klo dah tua juga nyaho! Karma itu ada.",0,1
1187,negatif,anak perempuan lho contohin jelek anaknya becus perempuan amit amit,Dia ini punya anak perempuan lho. Ibu macam apa contohin jelek ke anaknya. Jauh dari kata BECUS ini perempuan. Amit amit...,0,1
1188,negatif,kaya becus saja jadi permpuan yang tidak becus jadi perempuan ko sukanya sama laki orang heheh,Kaya becus aja jd permpuan dia yng g becus jd perempuan ko sukanya sm laki orng heheh,0,1
1189,negatif,yang tidak becus tuh loh jedun hidup nya bisanya ngerusak kbhgiaan orang hidup serba mewah tetapi tidak kerja malah morotin laki orang karma pasti akan mnghampirimu,Yg gk becus tuh loh jedun...hidup nya cuma bisanya ngerusak kbhgiaan org lain .mau hidup serba mewah tp g mau krja mlh morotin laki org..karma psti akn mnghampirimu????????,0,1
1190,negatif,saya tidak suka sama ni orang idupnya kebanyakan ribut,Gue gak suka sm ni orang. Idupnya kebanyakan ribut.,0,1
1191,negatif,yang nama nya plagiat ya plagiat laku tetapi tetap saja ciptaan dari hasil plagiat wkwkwkwk saya mah ogah dwngerin saja sudah ingin muntah,"Yg nama ny plagiat ya plagiat, walaupun laku tp tetep ajah ciptaan dri hasil plagiat..wkwkwkwk gua mah ogah dwngerin ajah udh pngen muntah",0,1
1192,negatif,dasar plagiat tidak kreatip memalukab sangat,"Dasar plagiat semuanya, ga bisa kreatip.memalukab bgt",0,1
1193,negatif,begonya bilang apanya yaaa liriknya saja percintaan begitu lagu benar-benar tolol si ayu tidak punya kuping y orang yang dipermasalahin nadanya,"Dan dengan begonya dia bilang ""apanya yang sama yaaa liriknya aja tentang percintaan gitu kok lagu saya"" bener2 tolol si ayu. Gapunya kuping apa y orang yg dipermasalahin nadanya ????????",0,1
1194,negatif,pacarnya anggel pietrs kali cowok bocah username yaelah jes terxta kelakuan mu saja seperti ayuting2 hidupmu penuh drama murahan,Itu pacarnya anggel pietrs kali.... dan cowok itu juga masih bocah.... <USERNAME> yaelah jes.. terxta kelakuan mu sama aja sprti ayuting2 Hidupmu penuh dengan drama MURAHAN,0,1
1195,negatif,japok gateeel memang sudah main si mamad sampai si jessica dimusuhin deddy corbuzier saja jijik si japok semenjak nagita diundang hitam putih nagita cerita panggung saja sih saya,"japok gateeel emang,uda jelas dia ada main sama si mamad,sampe"" si jessica dimusuhin,deddy corbuzier aja jijik sama si japok semenjak nagita diundang di hitam putih berarti nagita cerita di belakang panggung,itu aja sih menurut gue",0,1
1196,negatif,username memalukan buk bicara pelakor memang ibuk sudah pelakor ya tahu ayu pelakor wkwkwkwkwk awas rumah tangga yang dimasukin pelakor anaknya pelakor,<USERNAME> lebih memalukan anda buk ...ngomong pelakor emang ibuk udah pernah jadi pelakor ya kok bisa tau ayu pelakor wkwkwkwkwk. ..awas ibu nanti malah justru rumah tangga ibu yg dimasukin pelakor atau anaknya nanti jadi pelakor ..,0,1
1197,negatif,kerdus mulutnya busuk sampah makanannya,Wah itu Kerdus mulutnya busuk...jangan jangan sampah makanannya,0,1
1198,negatif,username tai kamu gedein bagus pupuk jangan bacot kamu goblok nih cewek kenapa bawa2 suku,<USERNAME> TAI loe di gedein bagus buat pupuk jngan bacot loe goblok !!! nih cewek knpa bawa2 suku ?,0,1
1199,negatif,kamu artis papan blenyek saja belagu artis tidak populer sekalu hahaha,LAH ELO ARTIS APAAN? PAPAN BLENYEK AJA BELAGU AMAT ARTIS APAAN KGA POPULER SAMA SEKALU HAHAHA,0,1
1200,negatif,anang muka nya kaya babiii begitu saja demenin jijikk,ANANG MUKA NYA KAYA BABIII GITU AJA DI DEMENIN JIJIKK,0,1
1201,negatif,tidak suka ayu ting ting tidak separah ngejudge nya hati otak manusia kekurangan kelebihan perasaan seenak nya menjudge orang kaya sudah sempurna saja kamu username,"Kalau ga suka sama ayu ting ting ga usah separah itu dong ngejudge nya. Punya HATI dan OTAK kan? Dia juga manusia punya kekurangan dan juga punya kelebihan dan dia juga punya perasaan. Jadi jangan seenak nya menjudge orang seperti itu, kaya udah SEMPURNA AJA LO! <USERNAME>",0,1
1202,negatif,tidak pantes dipanggil ustad orang munafik ceramah orang kelakuan sndr saja menzolimi istri sah nya dengan poligami diam2 kacian istri pertamanya tidak tahu malu istri aduh kalau yang masih panggil buat ceramah namanya bodo,"Ga pantes dipanggil ustad..org munafik ceramah sana sini org kelakuan sndr aja menzolimi istri sah nya dgn poligami diam2.kacian istri pertamanya,ga tw malu istri keduanya.. hadeh klo ada yg msh manggil dia bwt ceramah namanya bodo..",0,1
1203,negatif,biadab kalau anak kamu bully saya mampusin ya,Biadab!! Klo nanti anak lo di bully.. Gue mampusin ya!!!,0,1
1204,negatif,dasar anjing tuh cowok orang berani cowok one by one yang lemah dasar yah cowok2 jaman sekarang casing saja cowok nyali nya lebih2 banci,"Dasar ANJING tuh cowok bukan org, berani sama cowok biasa one by one jangan sama yg lemah, dasar yah cowok2 jaman skrg, casing doank cowok, nyali nya lebih2 dari banci",0,1
1205,negatif,username iya kasihan si micin perusahan produk micin mengiklan kalau masak tambahkan micin biar sedap netizen menyudutkan mecin kebodohan orang yang gangguan jiwa ngemil micin justiceformicin,"<USERNAME> iya kasian si micin?? padahal perusahan produk micin mengiklan kan kalo masak ""tambahkan micin biar tambah sedap"" netizen menyudutkan mecin seolah semua kebodohan orang yg punya gangguan jiwa ngemil micin??#justiceformicin",0,1
1206,negatif,wahh jngn2 vidio bajunya norak bngtt ayuu murahaan,Wahh jngn2 ini Vidio lama...kok bajunya norak bngtt seorang ayuu...terlihat murahaan,0,1
1207,negatif,username bodoh kamu ya,<USERNAME> bego lo ya,0,1
1208,negatif,editan sekali ya ampun si mommy lambe kehabisan gosib ya si pelakor,Editan banget itu. Ya ampun si mommy lambe kehabisan gosib ya buat si pelakor ?????????,0,1
1209,negatif,yah admin nya golongan pengonsumsi mecin pil pcc otak kamu rusak min,yah admin nya termasuk golongan pengonsumsi mecin dan pil pcc.. otak lu rusak min?,0,1
1210,negatif,orang govlok yang prcya ayu slgkuh sma rafi buktinya rafi sma gigi sekarang baek2 saja ktamu ayu pelakor suami yang di rebut woyy sekarang ayu suami fikir pakai otak makanya jangan kbanyakan micin jadi govlok,cuma org govlok yg prcya ayu slgkuh sma rafi.buktinya rafi sma gigi skrg baek2 aja..dan ktamu ayu itu pelakor?? SUAMI Siapa yg d rebut woyy?? skrg ayu punya suami?? fikir pke otak mkanya jgn kbanyakan micin kan jdi govlok,0,1
1211,negatif,username hoy barisan sakit hati jijikk sekali fans billy mah alhamdulillah sangat billy putus manusiaa buluk ituu yang ditunggu lama2 akhiry putus kobil juga jijik ni orang v,<USERNAME> hoy barisan sakit hati ?? jijikk banget.. fans billy mah ALHAMDULILLAH bgt billy putus sama manusiaa buluk ituu... itu yg ditunggu lama2 akhiry putus juga.. dan sekarang kobil jg jijik sama ni orang :v,0,1
1212,negatif,mba username kamu tidak merasa cinlok babang anthony ketemu di mana sih sinet boy alah ngaku ajaaa mba dumang cinlok sok2 bilang tidak cinlok namanya pembodohan wajar netizen bilang ratu cinlok kenyataan memang ya marah resiko artis hahahhaa pinter2 ya mba cari alasan hahahahaha,"MBA <USERNAME> KALAU lu GAK NGERASA CINLOK SAMA BABANG ANTHONY TERUS KALIAN AWALNYA KETEMU DIMANA SIH? DI SINET BOY KAN? ALAH NGAKU AJAAA. BERARTI KAN MBA DUMANG CINLOK, JANGAN SOK2 BILANG GAK CINLOK ITU NAMANYA PEMBODOHAN . WAJAR DONG NETIZEN BILANG RATU CINLOK KENYATAAN EMANG YA KAN? JANGAN MARAH .... RESIKO JADI ARTIS HAHAHHAA PINTER2 YA MBA KALAU MAU CARI ALASAN HAHAHAHAHA",0,1
1213,negatif,username noh urus itu kuin kamu biar tidak gatal nempel2 ama laki orang masyarakat sudah tahu kali japok gundik janda gatal sudah kenyataan nya begtu anak sholehah agama nya kuat mata kuliah agama cuma dapat 1 agama nya kuat tetapi hamil,"<USERNAME> Noh urus tu kuin lu, biar ga gatel nempel2 ama laki orng, masyarakat udh tau kali japok gundik janda gatel,udh kenyataan nya begtu KATANYA ANAK SHOLEHAH AGAMA NYA KUAT TAPI MATA KULIAH AGAMA CMA DPT 1,KATANYA AGAMA NYA KUAT TPI HAMIL DI LUAR",0,1
1214,negatif,username bilang itu kuin kamu gesek grepe ama lakik orang tidak malu sudah hamil nikah kegatelan janda,"<USERNAME> bilang tu sama kuin lu, jangan gesek grepe ama lakik orng, ga malu apa udh hamil di luar nikah, kegatelan amat jadi janda",0,1
1215,negatif,username please kamu bela pelakor hukuman si muljem karena sudah tega recut suami sahabat menjalani sanksi sosialnya valakor mesti dibenci karena biar tidak valakor indonesia biar musnah sem,"<USERNAME> please lo jangan bela pelakor,ini semua hukuman untuk si muljem karna uda tega recut suami sahabat sendiri,dia lagi menjalani sanksi sosialnya!! kenapa valakor mesti dibenci?? karna biar ga ada valakor"" lainnya di Indonesia,biar musnah sem",0,1
1216,negatif,najis muakk menjijikan pelakor jijik,"NAJIS. INI BARU MUAKK, MENJIJIKAN, PELAKOR. JIJIK",0,1
1217,negatif,semoga pelakor2 kena karma semoga karma yang meninggalkan istrinya yang bwrjuang dengan dari nol tetapi sukses selingkuh sok jadi penguasa istri ya,Semoga pelakor2 kena karma dan semoga dapat karma yg meninggalkan istrinya yg bwrjuang dg dia dr nol tp setelah sukses selingkuh dan sok jd penguasa ke istri ya..,0,1
1218,negatif,sedih ya sekarang ngamen kawinan orang mantan istri mahhhh pesawat jet bhay pelakor n botakbego,Sedih ya skrg ngamen di kawinan org .. mantan istri mahhhh naik pesawat jet .. bhay pelakor n botakbego ??????,0,1
1219,negatif,username heeehh kamu pelakornya yaaaakkk ngapa kamu emosi situuu kenal saya kalau berani pakai akun asli pantes pakai akun bodong ngerebut laki orang diem2 keceplosan yak pakai bodong terbahak-bahak gueeee lucu kamu,<USERNAME> heeehh lo pelakornya yaaaakkk??? Ngapa lo jadi emosi??? Situuu kenal gw??? Kalo berani pake akun asli dong. Pantes pake akun bodong! Ngerebut laki orang juga diem2. ?????????? keceplosan yak pake aku bodong. Ngakak gueeee ?????????? lucu lo!,0,1
1220,1,wkwkwkwk sudah tidak laku jadi nyanyi dhajatan si lonte pelakor,Wkwkwkwk udh gak laku lagi jd nyanyi dhajatan si lonte pelakor,0,1
1221,negatif,username wakakak cerita seperti gituu pembelajaran saja jangan sampai ni swamik swamik pilih pelakor daripada istri hancuuurr bookk tidak bohong deh kere kismin nyungsep memang yang ngatur rezeki itu tuha,"<USERNAME> wakakak banyak lah cerita kyk gituu, buat pembelajaran aja.. jgn sampe ni swamik swamik lebih milih ke pelakor drpd istri pertama. Bakalan hancuuurr bookk ga bohong deh. Bakalan kere bakalan kismin bakalan nyungsep. Emang yg ngatur rezeki tu tuha",0,1
1222,negatif,cwenya yang bodoh cwonya yang pintar ya memang lakinya kaya macho begitu plus nya kayaknya jago gombal maennya gesit ulala ngakakabis,Ini cwenya yg bego apa cwonya yg pinter ya ?! Emg lakinya kaya ?! Atau macho atau apa gitu plus nya ? Kayanya cuma jago gombal ?? atau maennya gesit ?! Ulala #ngakakabis,0,1
1223,negatif,username kamu yang bodoh ngapain keluarga depok komen orang yang tidak saja yang hidupnya tidak bahagia yang suka menghujat orang hidup artis ayu berpengaruh kamu memang dasar kamu benci ayu kalau,<USERNAME> lu itu yg bodoh! Ngapain keluarga depok komen org yg gak ada artinya lagi buat mereka??. ..cuma kalian aja yg hidupnya gak bahagia yg suka menghujat orang dan hidup artis ayu terlalu berpengaruh buat lu!!. Emang dasar lu benci ayu..klo,0,1
1224,negatif,username mah lihat yang main prasangka mirip elu elu haters mirip dukun dukun titisan dajjal sok pintar otak kosong sorry ye saya bala nabi muhammad yang percaya kalau sudah ditunjukkin 4 saksi bukti kalau,<USERNAME> saya mah lihat yg terlihat jelas.. bukan main prasangka kayak elu.elu itu haters kayak dukun...dukun titisan dajjal .. sok Pinter tapi otak kosong?????? sorry ye.. gue bala Nabi Muhammad yg percaya klo udh ditunjukkin 4 saksi Dan bukti.. klo,0,1
1225,negatif,mata aku sepet baca koment fans ubul empang minggir woy bikin rusuh saja nih jaer amis jijik sumpah enji sama cewek tetap saja bala jaer nyampah bikin ribut,Mata ku sepet baca koment fans ubul empang ..minggir woy bikin rusuh aja nih jaer amis jijik sumpah.soal enji sm cewek lain ttp aja bala jaer nyampah bikin ribut .,0,1
1226,negatif,sih si enji hartis kah males sekali jijik laki model mah tidak tanggung jwbnya ayu bunting tinggalin anak tidak akuin sekarang anak sudah nongol bilqis cantek eh sampek bini nya ngeposting yang enji kangen anaknya najonggg jijik betoll sudah deh min tidak bahas laki hartis saja tidak panutan yang ambil username,"Ini siapa sih si enji, hartis kah ? Males banget jijik laki model beginian mah gak ada tanggung jwbnya. Ayu bunting di tinggalin anak gak di akuin, skrg anak udh nongol bilqis cantek eh sampek bini nya ngeposting yg seolah enji kangen anaknya. Najonggg jijik betoll.. Dah deh min gak usah di bahas lagi laki macam begini, hartis aja bukan gak ada panutan yg bisa di ambil <USERNAME>",0,1
1227,negatif,username bodoh nya pede bicara yang bilang benar bukti saja kaga kelihatan pintar jatohnya bodoh,"<USERNAME> bego nya lagi pede amat ngomong seolah yg dia bilang paling bener, padahal bukti aja kaga ada. Mau keliatan pinter jatohnya bego??",0,1
1228,negatif,bilang enji ganteng bebas slingkuh bodoh kali ganteng pala kamu bau menyan tidak ada ganteng ganteng nya kebanyakan gaya kek mantan bini depok nya,Yang pada bilang enji ganteng bebas slingkuh bego kali. Ganteng pala lu bau menyan. Gada ganteng ganteng nya. Kebanyakan gaya kek mantan bini depok nya.,0,1
1229,negatif,sebenarnye cocok enji att gateeeel hahah pantas si tongtong dipertemukan dengan enji sudah hukum alam kalau jodoh cerminan si entong hrsnya bekaca dengan biar sadar tetapi teryata otak 1 m tetap pertahankan jadi sekarang malah guatelnye saja kek enji hah,"Sebenarnye cocok enji sama att, sama sama GATEEEEL hahah pantesan si tongtong dipertemukan dgn enji, udh hukum alam klw jodoh kita cerminan diri kita, nah si entong hrsnya bekaca dgn masa lalu biar sadar tp teryata otak 1 M tetep mau di pertahankan jd skrg mlh menjadi jadi guatelnye, sama aja kek enji, hah",0,1
1230,negatif,username oalaahhh saja pelakor laki nya juga kegatelan tetapi namanya laki kucing kasih ikan jaer gratis ya tidak tolak wkwkkwkw,"<USERNAME> oalaahhh,, semakin banyak aja pelakor ?? laki nya jg kegatelan, tp namanya laki ibarat kucing di ksh ikan jaer gratis ya kga nolak wkwkkwkw",0,1
1231,negatif,laki2 ya sis suka pecun2 murahan prempuan baik2 berjilbab atau pintar enji2 downgrade sih pedangdut kelas prempuan berjilbab ehh pilih pecun jeleknya seleramu,"Begitulah laki2 ya sis, lebih suka pecun2 murahan, daripada prempuan baik2 berjilbab ato pintar. Enji2, kok downgrade sih? Dari pedangdut naik kelas prempuan berjilbab ehh milih sama pecun lagi.. jeleknya seleramu",0,1
1232,negatif,motorninja saja songong mba orang yang mobil lamborgini saja wae,Motorninja aj songong amat mba org yg punya mobil lamborgini aj biasa wae kok ????????,0,1
1233,negatif,goblok saya nonton berkali kaget,GoBlOk ?????? gua nonton berkaliâ‰¤ kaget juga ??,0,1
1234,negatif,tidak usa pakai anjing babi kalau saya balas begitu wkwk,"Ga usa pake anjing, babi!! ?????? kalo gw bls gitu wkwk",0,1
1235,negatif,oh kemarin menghargai karya orang bilang jelek sekali aduh penganten perempuan nya kekenyangan yah sampai kembung begitu perut nya pepuralugu,Oh ini toh yang kemaren TIDAK MENGHARGAI KARYA ORANG DAN SEENAKNYA BILANG JELEK BANGET... Aduh itu penganten perempuan nya KEKENYANGAN yah... Ampe kembung gitu perut nya... #pepuraLuGU,0,1
1236,negatif,percaya gimik raffi gigi dan att att peserta keluarga hujad dan anak nya hujad kesini penonton bodohin publik yang kasihan penghujad tidak ayu tidak pesbukers biar ngeluarkn album single artis halan nengri gimik yoo,"Dari awal percaya gimik Raffi gigi dn att...sehingga att peserta keluarga di hujad dn anak ny...di hujad ...semakin kesini penonton semakin di bodohin?? semakin publik tertuju mereka ??????yg kasihan para penghujad ....ga apa"" lah ayu ga ada di pesbukers biar dia ngeluarkn album"" baru single baru setelah para artis halan"" keluar nengri gimik"" apa lagi yoo",0,1
1237,negatif,kalau benar gimmick bodoh sekali si ayu rating n popularitas berani taruhin harga nilai buruk mata masyarakat,"Kalo bener gimmick, bodoh banget si ayu cuma demi rating n popularitas berani taruhin harga dirinya buat di nilai buruk oleh mata masyarakat ????",0,1
1238,negatif,susah otaknya diemvang mah bikin rusuh dilapak orang,Susah otaknya diemvang mah bikin rusuh dilapak orang,0,1
1239,negatif,najiiisss mirip si mba dese tidak begitu ajaaa hahahahaha maling teriak maling ngaca buuuuuk,najiiisss kayak si mba dese ga gitu ajaaa. hahahahaha maling teriak maling. ngaca buuuuuk,0,1
1240,negatif,username iyak kaa hahahahah geli sangat gasih att ih kampung habis,<USERNAME> IYAK KAA HAHAHAHAH geli bgt gasih sama att ih kampung abis:(((,0,1
1241,negatif,jogetnya bikin ngakakkk anjirrrr kampungan sekali username username,"JOGETNYA BIKIN NGAKAKKK ANJIRRRR, KAMPUNGAN BANGET?????? <USERNAME> <USERNAME>",0,1
1242,negatif,bagus la saya otak tidak mirip kamu malu maluin mak kamu saja tong akun asli pakai itu yang namanya bodoh username,Bagus la gue berarti ada otak gak kayak lu malu maluin mak lu aja tong akun asli di pake tu yg namanya bego! <USERNAME>,0,1
1243,negatif,yang bodoh mah elu sih yang kasih contoh buruk anaknya pakai mata kamu memang dugem bawa anak bodoh sih _ jaman sudah texas saya jamin dijaman anaknya juga sudah texas selagi tidak ngerugiin kamu yaudah sewot sekali,"Yg bego mah elu, ibu mana sih yg mau ngasih contoh buruk ke anaknya , pake mata lo, emg ada di dugem bawa anak , bego sih -_- jaman udah texas , dan gue jamin dijaman anaknya jga pasti udh lebih texas . Selagi ga ngerugiin lo yaudah . Sewot banget .",0,1
1244,negatif,si wanita jahiliyah lesbi sekarang sudah py pacar lagi kasihan anaknya kemarin kasih bencana slnya tega misahin anak dari nya ktakutan anak nya masuk islam padahal bp nya tidak pernah nuntut anaknya memeluk islam sudah kasih nikmat anak 3 orang masih saja begajulan,"Si wanita jahiliyah.. Lesbi , skrg udh py pacar lg. Kasian anaknya. Kmrn di ksh bencana slnya dia tega misahin anak dr bapak nya, dia ktakutan anak nya masuk islam pdhl bp nya g prnh nuntut anaknya memeluk islam. Udh di ksh nikmat anak 3 org, msh aja begajulan.",0,1
1245,negatif,username saya memang kador artis benar komen kamu tolol sumpah kenal nilai artis hahaha orang indo juga setuju kalau kador artis tetapi celebgram dari kampung kamu tahu bedanya artis dengan selebgra,<USERNAME> gw tanya. Emang kador artis beneran? Komen lo tolol sumpah. Masa harus kenal dia buat nilai dia artis atau bukan. Hahaha semua org indo jg pasti setuju kalo kador bukan artis tp cuma celebgram dr kampung. Lo tau kan bedanya artis dg selebgra,0,1
1246,negatif,username hahahaaaa terus saya kamu tolol pakai tanya kador bencong tidak belum kenal wkwkwkwkw eh orang juga nilai si kador bencong benar dari gerak gerik melambay suara ngondek pakai baju cewek nyaman cowok itu,<USERNAME> hahahaaaa trs gue tanya. Lo tolol? PAke nanya kador bencong atau ngga padahal blm kenal wkwkwkwkw. Eh semua org jg bisa nilai si kador bencong beneran dr gerak gerik melambay suara ngondek dan pake baju cewek begitu nyaman. Mana ada cowok tu,0,1
1247,negatif,username maklumin shaaay fans gatis keras otaknya bebel realita juga tidak terima halnya nagita artis sudah dari jaman eh bilang numpang tenar rapi mamad padahal yang jadi si mamad gede y ph n,"<USERNAME> maklumin shaaay... Fans gatis keras itu otaknya bebel, realita seperti apa jg ga bakalan dia terima... Seperti halnya nagita itu artis uda dr jaman dia kecil eh di bilang numpang tenar ke rapi mamad,pdhl kan yg jadiin si mamad gede y PH n",0,1
1248,negatif,username bee idih najong kamu tag2 orang nimbrung saja kek mujaer kamu tidak terkenal kalau tidak bawa2 nama ayu ting ting sama nagita duh bodoh dipiara kasihan,<USERNAME>.bee idih najong lu tag2 org! Nimbrung aja kek mujaer lo! Dia ga bakal terkenal klo ga bawa2 nama ayu ting ting sm nagita! Duh bego dipiara! Kesian,0,1
1249,negatif,langsung bilang yang maksud kalau gini namanya munafik,"langsung saja bilang siapa yg di maksud, klu gini namanya MUNAFIK!",0,1
1250,negatif,jedar memang muka 2 kali di depan di belakang busuk mulutnya kek banci cucoklah 2 banci itu,"Jedar emg muka 2 kali, didepan baik, dibelakang busuk, mulutnya kek banci cucoklah 2 banci tu",0,1
1251,negatif,amit amit deh orang jahat penjilat pembohong pelakor jijik sekali,AMIT AMIT DEH ORANG JAHAT... PENJILAT PEMBOHONG PELAKOR JIJIK BANGET,0,1
1252,negatif,wkwkwkwk ya allah ya tuhan aku kenapa orang-orang munafik ni tetapi sok suci mulan jamela ayu ting2 ngikuti jejak a wkwkwk username,"Wkwkwkwk... Ya Allah ya Tuhan ku knp lah org2 munafik ni tp sok suci, mulan jamela kan ayu ting2 ngikuti jejak a bukan? Wkwkwk <USERNAME>",0,1
1253,negatif,dulu si pelakor yang sombong karena brhasil mendapatkan si botak sampai mnceraikan bunda maya sekarang hdp nya mkin anjlok bunda maya yang sering jelong2 kluarnegri,"Dlu si pelakor ini yg sombong krn brhasil dapetin si botak smpe mnceraikan bunda maya,skrg hdp ny mkin anjlok malah bunda maya yg sring jelong2 kluarnegri..??????",0,1
1254,negatif,hahhahaha sesungguhnya allah swt melaknat wanita perebut pezina suami sah oranglain,Hahhahaha dan sesungguhnya allah swt melaknat wanita perebut dan pezina dengan suami sah oranglain ????????,0,1
1255,negatif,w lina2706 hemmmm capekmiskin sist sekarang balik kere lagi jadi artis juga tidak laku sudah karma itu username dari sirik nyinyirin nyonya tuh bantuin jualan cireng nya tuh cilok nya tuh untunnya liburan monaco bromo terus,"@w.lina2706 hemmmm capekmiskin sist, skrg blik kere lg jd artis jg g laku, dah lah karma tu pasti ada... <USERNAME> dr pada sirik nyinyirin nyonya, tuh bantuin jualan cireng nya tuh, cilok nya tuh untunnya buat liburan monaco, jangan bromo trus",0,1
1256,negatif,kepo sama nyonyiah kamu jongos username memang tetehlu pas hamil peak sudah dinikahin brojol anak baru sirih memang lonteeeee kelas akun jamahliur junjungan hehe,Kepo juga sm nyonyiah lu jongos <USERNAME> emng tetehlu pas hamil peak udeh dinikahin ?? Brojol anak br di sirih EMNG LONTEEEEE kelas akun jamahliur dan junjungan hehe ??????,0,1
1257,negatif,eh jongos cba saya duluan yang tanya sama kamu memang nyonyiah gembar gembor sudah nikah adakah nyonyiah ngaku sudah nikah dari tetehlu yang lonte perek brojol ngaku nikah siri sama laki nyonyiah hamidun sapeak anak ilegal dibilng fitna keji haha lonte menolak lupa xixix username,"Eh jongos cba gue duluan yg nanya sm lu .. emng nyonyiah ada gembar gembor udah nikah.. adakah nyonyiah ngaku udeh nikah ???? Dr pada tetehlu yg lonte perek itu tiba"" brojol dan ngaku nikah siri sm laki nyonyiah dan hamidun sapeak anak ilegal dibilng FITNA KEJI haha lonte menolak lupa xixix ?????? <USERNAME>",0,1
1258,negatif,username saya currr ya bunmai sudah nikah tetapi janda janda suami nya rampas mulan jameela menjijikkan sekali ya mulan jameela sebelum rumah tangga bunmai hancur sudah berani bilang dani suami aduha sudah wanita be,"<USERNAME> sini gua jawab currr ya bunmai sdh pernah nikah Tp sekarang janda dia janda karena suami nya di rampas Mulan jameela,menjijikkan banget ya Mulan jameela sblm rmh tangga bunmai hancur sdh berani bilang Dani suami bersama aduha udh wanita be",0,1
1259,negatif,w lina2706 username lucu saja ya sist lonte bela2 mati2an guoblok pelihara bayar begitu muljamban sampai bikin account username maia nikah belum nikah urusan situ nyinyirnya sirik nya,"@w.lina2706 <USERNAME> lucu aja ya sist, lonte di bela2 mati2an... Guoblok di pelihara, di bayar berapa gt sama muljamban, sampe bikin account <USERNAME> mau maia nikah atau blm nikah apa urusan situ, kelihatan nyinyirnya sirik nya. Sekarang balik",0,1
1260,negatif,yaela muljem seperti stu benar saja gag ingat sudah ngrusak kbhagian klwrga orang bodoh di prtahanin y gini,"Yaela muljem kyak stu bner aja. Gag inget apa udh ngrusak kbhagian klwrga org. Bego d prtahanin y gini ini,",0,1
1261,negatif,lakik suka banci banci kawinin banci jijik,Banyak lakik doyan banci! Jadi banci & kawinin banci.... jijik!,0,1
1262,negatif,username comment yang lihat berapa pengguna medsos yang bodoh bunyi situ sehat pakai hijab masi nyinyir saja,"<USERNAME> itu comment yg tidak anda lihat, ada brp banyak. Jangan jadi pengguna medsos yg bodoh jangan asal bunyi. Situ sehat pakai hijab masi nyinyir aja??",0,1
1263,negatif,username malu tuh kerudung kamu sayang ibadah nya sholat saja daripada nyinyirin orang dandanan sudah sok suci mulut nya kaya sampah,"<USERNAME> malu tuh sama kerudung lu sayang, sama ibadah nya. Sholat aja drpd nyinyirin org dandanan udh sok suci mulut nya kaya sampah??",0,1
1264,negatif,username tolong baca arti dari comment sudah kerdus bodoh lagi bilangin orang tua nya besok kalau masak pakai mecin jadi sudah kerdungab tidak sesuai mulut besok makan salmon kalau tidak besok deliv rumahmu,"<USERNAME> tolong di baca arti dr comment saya, udah kerdus+bodoh lg bilangin org tua nya besok kalo masak jangan pakai mecin, jd udah kerdungab ga sesuai mulut. Besok makan salmon kalo g mampu besok aku tak deliv ke rumahmu .",0,1
1265,negatif,maaf mukanya jelek attitude nya buruk spesialis plagiat ketauan,"Maaf mukanya jelek terus attitude nya buruk,,spesialis plagiat,,dan ketauan pula ,,,",0,1
1266,negatif,orang otaknya tidak sekolahin ya resiko sudah upload sosmed ya dapat perbincangan netizen public figure tidak otaknya,"ini orang otaknya ga pernah di sekolahin ya? itu resiko ketika udah upload sesuatu di sosmed, ya pasti bakal dapet perbincangan dari netizen. public figure kok ga ada otaknya.",0,1
1267,negatif,artis kampungan wkwk,Artis kampungan wkwk,0,1
1268,negatif,iyaaa saya pacaran sudah nikah tidak senorak eloo tidak risih memang jangan aplod perhatiin followers kamu yang lumayan tar terbawa norak,"Iyaaa gue pernah pacaran? Udah nikah malah, tapi gak seNORAK eloo.. Gak risih emang? Jgn asal aplod, Perhatiin followers lu yg lumayan banyak itu, tar kebawa norak.",0,1
1269,negatif,y ampun pnyanyi dangdut tenar songong bangt bacotnya ingin cari sensasi kmpungan bangt deh amit amit bool ko di instastory,y ampun pnyanyi dangdut kurang tenar songong bangt BACOTNYA ??pngn nyari sensasi tapi kmpungan bangt deh amit amit bool ko d instastory,0,1
1270,negatif,waaaaoooo sopan bahasami kelasmu heeeehh yang repot ama hidup kamu siapahh elu live nampilin hal2 tidak yang nggilanikk menjijikkan diliat orang ya pantes dikomen kalau tidak mau dikomen videoin pribadi saja nonton kamu ama keluarga kamu rumah tambah niy ertong yang tidak punya attutude kampungan,Waaaaoooo..sopan sekali.. bahasami menunjukkan kelasmu !!! Heeeehh.. yg repot ama hidup lu siapahh ?? Elu live nampilin hal2 gak penting..yg nggilanikk.. menjijikkan..diliat org banyak.. ya pantes lah dikomen..klo gak mw dikomen videoin pribadi aja.. nonton sendiri lu ama kluarga lu di rmh.. nambah lagi niy ertong yg gak pny attutude!! Kampungan!!,0,1
1271,negatif,norak sih mirip tidak malunya kalau bilang terserah ya sudah simpan fotonya tidak dibagi kesemua orang dipamer ke mana resikolah dinyinyiri orang insecure sekali kudu ya pamer2 begitu biar orang ngerti kalau si mbaknya sudah py pacar yang dipamer2 pantatnya kampung sangat,"Norak sih,kayak ga ada malunya.kl dia bilang terserah dia,ya udah,simpan fotonya.gak perlu dibagi kesemua orang.lah ini dipamer kemana,resikolah dinyinyiri orang.Insecure banget,kudu ya pamer2 gitu biar semua orang ngerti kl si mbaknya udh py pacar yg bisa dipamer2 pantatnya?Kampung bgt",0,1
1272,negatif,kok marah sehhh dasar wanita kampungan,Koq marah sehhh???dasar wanita kampungan...??,0,1
1273,negatif,kampungan artis yang numpang tenar gara2 mukanya katy perry doangÃ¶,Kampungan.... Artis yg numpang tenar gara2 mukanya mirip Katy Perry doangÃ–,0,1
1274,negatif,susah kalau artis kampung,Susah kalo artis kampung,0,1
1275,negatif,ah min saya lama2 tidak suka akun nih berita nya basi kamu liat min si kellen amora datang pakai jingkrak2 kamu saring min biar berita nya tidak blunder kamu posting itu kd sudah posting videon kellen ma amora joget2 ma si arsya arsyi,"Ah min, gue lama2 gak suka sama akun ini nih! Berita nya basi! Lo liat dong min.. itu si kellen sama amora lagi dateng.. pake ikut jingkrak2 kok!! Lo saring dulu dong min.. biar berita nya gak blunder.. lo posting juga tu KD udah posting videon kellen ma amora lagi joget2 ma si arsya arsyi!!",0,1
1276,negatif,username iya kamu bening kelewat bening buluk ya mbak mbaknya telan apasih komen kaya gini kesurupan,"<USERNAME> iya""km bening, kelewat bening jadi buluk kan ya mbak ?? mbaknya baru nelen apasih komen kaya gini? Apa baru kesurupan ?",0,1
1277,negatif,sekeluarga ngefans kagum lihat username nya deh lihat anak nya yang jelek buluk username hermansyah username kutuk yang menimpa bunda kd untung allah swt menggantikan amora adik nya gemezzzzzzz lihat nya cocok sekali anak artis class bunda kd,"kita sekeluarga sangat ngefans dan kagum lihat <USERNAME> semua nya deh.tapi lihat anak nya yg jelek,buluk kan. <USERNAME>.hermansyah <USERNAME> kutuk kan apa yg menimpa bunda KD untung Allah swt sudah menggantikan amora dan adik nya.gemezzzzzzz lihat nya cocok banget jadi Anak artis se class bunda KD ??????",0,1
1278,negatif,memang dasar si anak nya saja yang lebay urusan pribadi umbar biar blow up hadehh gunanya whatsapp sms or telp suka aneh,Emang dasar si anak nya aja yg lebay....urusan pribadi di umbar..biar di blow up... hadehh..gunanya whatsapp sms or telp buat apa..suka aneh....,0,1
1279,negatif,coba liat bibir mu sayang pantat ayam wajah mu bulukan kentut perfectoooo,"Coba liat bibir mu sayang, seperti pantat ayam. Wajah mu bulukan seperti kentut?? perfectoooo?",0,1
1280,negatif,gagal fokus dengar suaranya kok jengkel ya dengernya sorry hanya manusia kalau jengkel,Gagal fokus dengar suaranya.. koq jengkel ya dengernya... sorry cuman manusia biasa kalo jengkel????,0,1
1281,negatif,muljem bicara tidak blepotan tidak nyadar hidup enak saja pakai rebut laki orang,"Muljem ngomong gak jelas blepotan, gak nyadar mau idup enak aja pake rebut laki orang dulu",0,1
1282,negatif,lucu ya si yang bikin kata2 bawa2 tuhan sudah kepepet tidak tahu orang yang merusak rumah tangga orang merobohkan bangunan masjid mbak nya bayangin saja nya dosa mu nasi sudah jadi bubur mba nya semoga bahagia dunia,??lucu ya si yg bikin kata2.bawa2 Tuhan.kalau dah kepepet. Masa dia ga tau ibarat apa org yg merusak rumah tangga org.ibarat merobohkan bangunan masjid mbak nya.bayangin aja seberapa besar nya dosa mu.nasi dah jdi bubur mba nya moga bisa bahagia di dunia.??,0,1
1283,negatif,iyah benar merubah pandangan tuhan elu setan mikirrrr suami majikan diembat,Iyah bener. Tidak Akan merubah pandangan Tuhan terhadap Kita. Terutama elu Setan!! Makanya mikirrrr.. suami majikan kok diembat!!,0,1
1284,negatif,gilingan mulan jalang lagi kasih ceramah hahahaha dasar cireng tidak tahu tidak ngaca si cireng lagi ceramah sok2 seperti pahlawan kesiangan biar berteman ama sekuter seperti selpii,Gilingan mulan jalang lg kasih ceramah. Hahahaha . dasar cireng gak tau diri gak pernah ngaca. Si cireng lg ceramah sok2 kyk pahlawan kesiangan biar bisa berteman ama sekuter kyk selpii ini.,0,1
1285,negatif,ya pandangan tuhan kamu jelek sih saya perebut suami orang tuh mulia dimata tuhan,"Ya pandangan Tuhan terhadap lo juga jelek sih gue rasa, dikira perebut suami orang tuh mulia apa dimata Tuhan?????????",0,1
1286,negatif,karena sejatinya kamu setan berwujud manusia karena pekerjaan setan ya menggoda manusia,"Karna sejatinya kau adalah setan berwujud manusia ,,karna pekerjaan setan ya menggoda manusia ????",0,1
1287,negatif,tidak mba username baca netizen yang menyesal tidak bisa nimpuk telur si mulan saya saja tertawa bacanya karena terwakili ya ngapain buang2 waktu ketemu orang tidak mutu dengan si mulan masih untung nyempet2in bisa nuli biar nyadar tuh pelakor tidak harga mending ketemu orang baik2 seperti bunmai ketularan aura positifnya,Pernah ngga mba <USERNAME> baca ada netizen yg nyesel ga bs nimpuk telor ke si mulan..gw aja ketawa bacanya krn terwakili. Ya ngapain buang2 wktu ketemu orang gak mutu dng si mulan...msh untung nyempet2in bs nuli? disini biar nyadar tuh pelakor ga punya harga diri. Mending ketemu org baik2 spt bunmai...ketularan aura positifnya.,0,1
1288,negatif,editanx paraaaahh oplas saja laaah nyai daripada ngedit2 gn hahaa kan maluuu,Editanx paraaaahh...oplas aj laaah nyai drpd ngedit2 gn hahaa kn maluuu,0,1
1289,negatif,jelek lecek bantet,"jelek,lecek,bantet ??????",0,1
1290,negatif,gini pengen tenar ya ampuuun malu kalau anaknya yah kasihan,Gini amat pengen tenar ya ampuuun...malu kalo jadi anaknya yah kasian,0,1
1291,negatif,heran saya mak username kenapa saja pakai ma an v pesbu r nya bederet skandal bertubi2 tidak malu nya muka tembok tidak faedah nya nonton acara yang si manusia kardus,"Heran gw mak <USERNAME> knp dia masih aja di pake ma AN*V di pesbu**r. Kasus ny bederet, skandal bertubi2.... Gk ada malu ny ?? muka tembok ?? sangat gak ada faedah ny nonton acara yg ada si manusia kardus ini ??",0,1
1292,negatif,wey orang goblok bedain vape shisha sama rokok kamu merokok pakai acara tidak ngaku,"wey org goblok juga bisa bedain vape, shisha sm rokok. jelas jelas lo ngerokok pake acara ga ngaku segala",0,1
1293,negatif,jijik liatnya kaya ulet bulu kluget2 begitu hihihi sampai sgitunya pengen terkenal,Jijik saya liatnya...kaya ulet bulu kluget2 gitu...hihihi..ampe sgitunya pengen terkenal...!!,0,1
1294,negatif,jablay anjir mukanya murahan bangetttt najisss,Jablay anjir mukanya... Murahan bangetttt najisss,0,1
1295,negatif,username alycia iya sist jijik sekali saya liatnya sok suci ngatain orang kalau saya sih malulah artis papan otak tidak fikir kalau bicara ketauan sangat tidak ada wibawanya kalau memang nyadar tahu berkomentar manusia tidak ada yang,"<USERNAME>.alycia iya sist jijik banget gw liatnya sok suci ngatain orang kalo gw sih malulah artis papan atas tapi otak gak di fikir kalo ngomong ,ketauan bngt gada wibawanya kalo emang dia nyadar dia siapa seharusnya dia tau cara berkomentar manusia gada yg",0,1
1296,positif,sabar yaa insya allah pembuka pintu syurga penghalang api neraka orang tuanya,yang sabar yaa.. insya Allah menjadi pembuka pintu syurga dan penghalang api neraka bagi kedua orang tuanya,10,1
1297,positif,lagu barunya mbak tata kisah rumah tangga mbak tata mbak tata benar-benar sayang get suaminya syukur baikan semoga awet,Lagu barunya mbak tata kan kisah nyatanya rumah tangga mbak tata.... jadi rasanya mbak tata bener2 sayang get sama suaminya... syukur kalau baikan.... semoga awet...,10,1
1298,positif,yang komen si mbak tidak sedih ketawa2 ya iyalah kalau sudah disakiti sama pasangan sampai berlarut2 ngapain sih sedih sampai depresi serahin sama allah saja bawa happy saja mski sakit si mba senyum2 wajahnya tetapi hatinya tahu senyumannya bisa jadi menetralisir kondisi hatinya yang lagi terpuruk pepatah bilang kalau bahagia jangan trllu bahagia kalau sedih jangan trllu sedih diimbangi saja biar tidak gila,"Yg komen kenapa si mbak ini ga sedih malah ketawa2.. ya iyalah klo kita dah disakiti sm pasangan smpe berlarut2 ngapain juga sih kita sedih ampe depresi segala.. serahin sm Allah aja..bawa happy aja mski sakit.. lagian si mba senyum2 di wajahnya tp hatinya mana tau kan... senyumannya bs jd buat menetralisir kondisi hatinya yg lg terpuruk... ada pepatah bilang ,, klo bahagia jgn trllu bahagia, klo sedih juga jgn trllu sedih... diimbangi aja biar ga gila ??????",10,1
1299,positif,suka sekali pasangan semoga gigi raffi keluarga sakinnah mawaddah warrahmah semoga pihak2 memisahkan jodoh maut memisahkan amin,"Suka banget sama pasangan satu ini. Semoga gigi dan raffi menjadi keluarga sakinnah, mawaddah, warrahmah. Semoga tidak ada pihak2 yang ingin memisahkan mereka. Jodoh sampai maut memisahkan. Amiin",10,1
1300,positif,jemima anak angkat celine eleeya anak hubungan celine dirly terharu tahu jemima anak panti asuhan rawat wajar stefen pilih celine karena hatinya,"Jemima kan anak angkat celine, eleeya anak hubungan celine dan dirly. Dan saya terharu saya tau kalau jemima adalah anak panti asuhan yang dia rawat. Dan wajar kalau stefen lebih pilih celine karna hatinya baik",10,1
1301,positif,lucu yang bilang stefan menghabiskn muda wkwk umurnya mah tidak muda mukanya saja yang baby face bersyukur bonus celinenya dulu mantannya begimane dibawah umur ude pacran mcam laki bini hiks selepas itu deh susah mengambil keputusan kaya stefan tipical cowok yang tnggung jwabnya,Lucu yg blg stefan menghabiskn masa muda wkwk.umurnya mah gak muda mukanya aja yg baby face. Bersyukur.bonus buat celinenya?? lah dlu mantannya begimane. Dibawah umur ude pacran mcam laki bini. Hiks. Selepas tu yakin deh susah mengambil keputusan kaya stefan. Tipical cowo yg tnggung jwabnya tinggi,10,1
1302,positif,yang bawa2 keenan raisa sudah berbahagia ngedapetin suami super ngemong mature kaya hamish raisa dewasa banding wanita seumurannya memikirkan jadi saya raisa hamish sama2 beruntung sepasang suami istri tidak tuh gagal move on so congratz raisa hamish semoga pernikahannya sakinah mawadah warahmah,Dan lagi ada yg masih bawa2 keenan ????. raisa udah paling berbahagia ngedapetin suami yang super ngemong dan mature kaya hamish. Raisa itu cukup dewasa di banding wanita seumurannya yang masih mikirin dirinya sendiri. Jd menurut gue raisa dan hamish sama2 beruntung bisa menjadi sepasang suami istri. Ga ada tuh gagal move on ???????? so congratz raisa dan hamish. Semoga pernikahannya sakinah mawadah dan warahmah,10,1
1303,positif,raisa cantik yaaa artis tidak menonjolkan kalau nikah tuh mewah sudah cantik sederhana sempurna sangat,"Raisa cantik yaaa, meskipun artis tapi ga menonjolkan kalo nikah tuh harus mewah, udah cantik, sederhana, sempurna bgt,",10,1
1304,positif,karena orang syudah cantik tidak dandan heboh untuk membuatnya cantik makeup simple begitu saja mempesona bikin hamish klepek2,"Karna orang yang syudah cantik, ga perlu dandan heboh utk membuatnya terlihat cantik.. dengan makeup yang simple gitu aja sudah mempesona?????? bikin hamish klepek2",10,1
1305,positif,bagus mencari ilmu di mana pun suaminya orang berpendidikan,Bagus dong.. mencari ilmu kapanpun dimanapun.. itu karena suaminya orang berpendidikan ????????????,10,1
1306,positif,sukak cewek cantik kmauan blajarnya,Sukak cewe cantik dan kmauan blajarnya tinggi ???,10,1
1307,positif,yaampun artis benar benar good attitude layak panutan saja kuliah negeri tetapi karena baktinya suami pilih kuliah wilayah suaminya salut sekali,"Yaampun ini artis bener bener good attitude yang layak jadi panutan. Dia kan bisa aja kuliah di luar negri. Tp karna baktinya sama suami , dia pilih kuliah di wilayah dekat suaminya . Salut banget",10,1
1308,positif,semangat batman username va support kamu karena manusia kesalahan tolong bahas pliis karena sudah 2,"Semangat batman <USERNAME> kita VA selalu support lu karna setiap manusia pasti pernah punya kesalahan ???????? ,, dan buat yang lain tolong jangan di bahas lagi pliis karna itu udah 2 tahun yang lalu ????",10,1
1309,positif,username y sudah salam kenal y mbk senang kenal sama mbk sebagai manusia ingatkan y sebagai manusia harus tahu jangan sombong yang digedein mentang2 sudah jadi artis haha y sudah mbk cabut ja y dari komen di foto ni nnt jadi korban dia sel,<USERNAME> y udh .salam knl y mbk seneng bisa knl sm mbk. Sbagai manusia kita saling ingetin.y sbagai manusia kita hrs tau diri jgn sombong yg digedein mentang2 dah jd artis haha..y udh mbk kita cabut ja y dri komen d foto ni nnt kita jd korban dy sel,10,1
1310,positif,keren yaaa kesederhanaannya terpancar sukak sama keluarga presiden,"keren yaaa, kesederhanaannya terpancar jelas. sukak sm keluarga presiden ini??",10,1
1311,positif,presiden embel gelar bangga,"Seorang presiden tanpa embel"" gelar .. bangga sekali",10,1
1312,positif,proud of you indonesia god bless indonesia,Proud of you Indonesia. God bless Indonesia,10,1
1313,positif,amazing sangat miss national costume kereenn bangga ama budaya indonesia,Amazing bngt Miss National Costume. Kereenn!! Bangga ama budaya indonesia ????,10,1
1314,positif,bangga pastinya,Ikut bangga pastinya ??,10,1
1315,positif,proud of you kak dea patut dibanggakan,PROUD OF YOU KAK DEA. Sangat patut dibanggakan??,10,1
1316,positif,suka sangat sama pidatox dia pembawaanx begitu elegan n brwibawah pntas memang dia mdptkan salut,Suka bgt sm pidatox dy cara pembawaanx bgtu elegan n brwibawah pntas mmg dy mdptkan.salut,10,1
1317,positif,percaya kak niki orangnya jujur semangat kak niki hebat,aku percaya kak niki orangnya jujur semangat kak niki???? hebat,10,1
1318,positif,username m mba saya juga tidak benci nikmir salut ama tidak muna artis maaf image saja depan sok sok teraniaya n jual air mata nikita real sygnya msyarakat cendrung yang yang superfisial,"<USERNAME>.m sama Mba! Gua jg ga bisa benci Nikmir. Salut malah ama dia ga muna! Artis lain maaf image aja di dpan, sok baik, sok teraniaya n jual air mata. Nikita ini real.. sygnya msyarakat kita cendrung yg dilihat apa yg ada di superfisial",10,1
1319,positif,cantik alami bedak tebel gaya bak tante2,cantik alami tanpa perlu bedak tebel dan gaya bak tante2,10,1
1320,positif,cantik gagah mudahan lancar dampe h,Cantik dan gagah mudahan lancar dampe hari h,10,1
1321,positif,cantik penampilannya dewasa sesuai mukanya cantik indonesia classy ayu ayu gimana begitu,"Cantik yang ini dong,penampilannya dewasa yang sesuai. Mukanya cantik Indonesia,classy. Ayu ayu gimana gitu.",10,1
1322,positif,lcb cantikk lcb beruntung dapat duren duren beuntung dapat neng lcb sakina mawaddah warahmah amin,"Lcb cantikk sangat??, lcb beruntung dapet duren dan duren pun beuntung dpt neng lcb. Sakina mawaddah warahmah Amin",10,1
1323,positif,ganteng berseragam ganteng panutan keluarganya semoga anak memiliki fisik elok mahluk allah ni,"dia ganteng tidak hanya saat berseragam, tapi ganteng saat menjadi panutan keluarganya.. semoga anak saya memiliki fisik yang elok macam mahluk Allah ni",10,1
1324,positif,beruntung sekali deh mba username dapat mas username ganteng sholeh sayang keluarga suami idaman sekali semoga keluarga samawa,"Beruntung banget deh mba <USERNAME> dapet mas <USERNAME>. Ganteng,baik,sholeh,sayang keluarga.ini suami idaman banget.semoga selalu menjadi keluarga yang SAMAWA",10,1
1325,positif,semoga mas agus pemimpin salah pemimpin yang sukses sukses dalam memimpin dalam rumah tangga,Smoga mas Agus menjadi pemimpin di masa akan datang.salah satu pemimpin yg sukses adalah dia sukses dlm memimpin dlm rumah tangga,10,1
1326,positif,dear bapak username cara berpakain bapak mencerminkan kepribadian bapak yang sangat lembut tetapi gagah semoga bapak username kelurahan dalam lindungan allah swt salam hormat dari yang mengagumi bapak,"Dear...Bpk <USERNAME> cra berpakain bpk sangat lah mencerminkan kepribadian bpk yg sngt lembut tpi tetap gagah semoga bpk <USERNAME>&kel selalu dlm lindungan allah swt, salam hormat dri saya yg selalu mengagumi bpk :-)",10,1
1327,positif,sukses kak ayu semoga senantiasa naungan allah swt sehat amin,"Sukses terus kak ayu dan semoga selalu senantiasa dalam naungan Allah SWT, dan sehat selalu amin...",10,1
1328,positif,semoga kesehatan umur yah nek muda sekali cantik mashaallahhh,"Smg selalu di berikan kesehatan dan panjang umur yah nek ,muda banget cantik dan MashaAllahhh",10,1
1329,positif,terima kasih username keluarga memilih plataran darmawangsa acara keluarga staff plataran darmawangsa terkesan menunggu kedatangan keluarga sehat keluarga amin amin ya rabbi,Terimakasih Ibu <USERNAME> serta seluruh keluarga telah memilih Plataran Darmawangsa sebagai tempat acara keluarga Besar. Saya selaku bagian staff di Plataran darmawangsa sangat terkesan dan sangat menunggu kedatangan Ibu dan keluarga di lain waktu. Sehat selalu Ibu dan keluarga. Amin amin ya rabbi,10,1
1330,positif,salam dirgantara terima kasih mendukung menyebarkan awareness terkait program pesawat r80 semoga momen emas titik kebangkitan industri pesawat terbang indonesia berjaya eyang habibie yuk satukan langkah terbangkan pesawat r80 langsung klik link bio yaaa,"Salam Dirgantara! Terima kasih telah mendukung dan menyebarkan awareness terkait program pesawat R80. Semoga momen emas ini menjadi titik awal kebangkitan industri pesawat terbang Indonesia agar kembali berjaya. Bersama Eyang Habibie, yuk kita satukan langkah terbangkan pesawat R80. Caranya? Langsung klik link di bio kami yaaa ????",10,1
1331,positif,semangat ya eyang habibie sehat dalam lindungan allah ambisinya kuat dalam kereeeennnnn semoga banyak penurus2 bangsa seperti eyang habibie,"Semangat ya eyang habibie, sehat selalu, selalu dlm lindungan Allah, ambisinya selalu kuat dlm melakukan segala hal. Kereeeennnnn. Semoga bnyk penurus2 bangsa sprti eyang Habibie ????????????????????????",10,1
1332,positif,memiliki cucu2 kebahagian yang ternilai cucu sebagai generasi penerus bangsa,"Memiliki Cucu2 merupakan kebahagian yg tak ternilai, cucu sbg generasi penerus bangsa...",10,1
1333,positif,wahhh kerenn tempatnya bagus bernostalgia bersmaa keluarga,Wahhh Kerenn..... dan saat ini tempatnya semakin bagus Ibu. Kapan kapan Bernostalgia di sana lagi bersmaa keluarga ??????,10,1
1334,positif,cantik ganteng ganteng sehat bu ani sekeluarga,Cantik dan ganteng-ganteng. Sehat selalu untuk mereka dan Bu Ani Sekeluarga ????,10,1
1335,positif,barakallah cucu2 yang cantik ganteng semoga anak yang sholeh sholeha kebanggaan kelg,Barakallah dengan cucu2 yg cantik dan ganteng ... semoga menjadi anak yg sholeh dan sholeha ... menjadi kebanggaan kelg...????,10,1
1336,positif,bu username cucu bikin hati gembira ngangeni kadang kangen keceriaan salam kangen cucu2 tercinta,Bu <USERNAME>...cucu bikin hati kita gembira...ngangeni...kadang kangen sama keceriaan mereka...salam kangen buat cucu2 tercinta,10,1
1337,positif,lucu ganteng parah gede pinternya tidak ketulungan salam hormat bu,"Yang kecil lucu, yang tengah ganteng parah, yang gede pinternya ga ketulungan, salam hormat saya bu, pak",10,1
1338,positif,terima kasih sby ani yang menemani beliau kontribusinya yang indonesia 10 memimpin semoga bahagia sehat amin,Terima kasih pak SBY & ibu Ani yg selalu menemani beliau..& sudah memberikan Kontribusinya yg sangat Luar biasa kepada Indonesia selama 10 tahun memimpin..semoga selalu bahagia & sehat selalu..amin,10,1
1339,positif,caption kali membaca captionnya langsung belajar bahasa inggris terima kasih personal tidak mengenal anie tetapi betapa bangganya anak cucumu kamu didik generasi bangsa mandiri unggul sehat semoga cinta kasih keluarga engkau tebarkan,Setiap caption yang di buat ibu..dan setiap kali saya membaca captionnya secara tidak langsung saya belajar bahasa Inggris ... Terima kasih ibu... Secara personal saya tdk mengenal ibu Anie tp saya yakin betapa bangganya Anak Cucumu bisa lu didik ibu menjadi generasi bangsa yang mandiri dan unggul ... Sehat terus ibu .. Semoga Cinta Kasih dalam Keluarga selalu engkau tebarkan untuk mereka ...,10,1
1340,positif,assalamualaikum terhormat salam sekeluarga banda aceh membanggakan keluarga membahagiakan nya sikap etika perilaku keluarga sungguh bijaksana mas agus suami mencalonkan presiden beliau bangga salam hangat perkenalan keluarga ya bu darmanto rapi photo studio,"Assalamualaikum ibu yang terhormat. salam dari kami sekeluarga di banda Aceh. kami semua sangat membanggakan keluarga ibu yang sangat membahagiakan kami bila melihat nya. sikap etika perilaku keluarga ibu sungguh sangat bijaksana apalagi mas agus, ibu.. suami saya terlebih lagi sangat yakin pada saat bapak mencalonkan diri jadi presiden dulu beliau sangat bangga pada bapak salam hangat dan perkenalan dari keluarga kami ya bu (Darmanto Rapi photo studio)",10,1
1341,positif,senang liat n bapak sby menikmati tua brsama cucu tercinta sehat terus ya memo n pepo allah swt melindungi memo n pepo n kelurahan kisss,"senang liat ibu n bpk sby menikmati hari tua brsama cucu tercinta ,, sehat trs ya memo n pepo ,,, Allah SWT melindungi memo n pepo n kel #kisss",10,1
1342,positif,semangat mebangun indonesia yang maju jokowi,Semangat mebangun indonesia yg lebih maju pak jokowi ????,10,1
1343,positif,artis berkualitas wajahnya itulohhh berkualitas sangat hihi cantik bangetsss top deh tidak pakai drama gimick idupnya hihi tajir tetapi sederhana,"Artis berkualitas, wajahnya itulohhh berkualitas bgt hihi.. Cantik bangetsss.. Top deh.. Ga pake drama dan gimick idupnya hihi.. Tajir tp. Sederhana",10,1
1344,positif,mba via sptnya siyok kejamnya dunia artis an mudah2an tetap sabar tetap berkarya dengan,Mba via sptnya siyok melihat kejamnya dunia per artis an... mudah2an tetep sabar tetep berkarya dg baik... ????,10,1
1345,positif,suka via orang nya jujur kaga gimmick2an hidupnya hitam ya hitam putih ya putih kalau bicara blak2an kalau tidak suka dia bicara jadi tidak pura2 saya sekali sih tidak munafik seperti ajaran orangtua saya suka senyum kepalsuan tidak kaya artis yang onoh noh yang mulutnya lebar kya gorong2 tukang ngibul munfik sangat kalau wartawan juga perilaku ama omongan tidak balance,"Selalu suka sama via,org nya jujur apa adanya kaga gimmick2an hidupnya..hitam ya hitam,putih ya putih..kl ngomong blak2an,kl ngga suka dy ngomong jd ga pura2(gw banget sih),apa adanya ga munafik..sprti ajaran ortu gw..jangan suka memberi senyum kepalsuan????ga kaya artis yg onoh noh yg mulutnya lebar kya gorong2,tukang ngibul,munfik bgt kl ditanya wartawan jg jawabnya,perilaku ama omongan ga balance????",10,1
1346,positif,go a head via cuekin saja sudah pergaulan dunia kerja masyarakat pergaulan ertong yang gatal bin sirik kalau liat orang sukses anggep saja kuman tidak dibikin status kesenengan bahan ngetawain tidak,"Go a head Via...... Cuekin ajalah, udah biasa itu dalam pergaulan dunia kerja dan masyarakat biasa, apalagi pergaulan ertong. Pastilah ada yg gatel bin sirik klo liat orang sukses, anggep aja kuman gak usah dibikin status, malah kesenengan mereka ada bahan buat ngetawain. Betul nggak?? ??????",10,1
1347,positif,gagah kali abang borisq kalau tidak baca nmx bner2 tidak ngeh kalau itu bang boris,Gagah kali abang borisq ini.. Klo gk bc nmx bner2 gk ngeh klo it bang boris...??,10,1
1348,positif,weewww bangga kali aku liatnya bang username pakai baju adat karo syip,Weewww bangga kali ak liatnya bang <USERNAME> pake baju adat karo.... Syip,10,1
1349,positif,bagus sekali baju pengantinya happy weding,Bagus banget baju dan pengantinya happy weding,10,1
1350,positif,masyaallah bagus sekali,MasyaAllah . bagus banget ..,10,1
1351,positif,gileee suaraaanyaa kereen parah sukak,Gileee suaraaanyaa.. kereen parah.. sukak,10,1
1352,positif,keren dari penyanyi aslinya,Lebih keren dr penyanyi aslinya,10,1
1353,positif,kereeeeeeeeeeeeeeennn sampai merinding brrrrr,Kereeeeeeeeeeeeeeennn sampe merinding brrrrr,10,1
1354,positif,yatuhan suaranyaaaaaaa bagus bangetttttttt,Yatuhan suaranyaaaaaaa bagus bangetttttttt,10,1
1355,positif,keren suaranya super merdu coba audisi nyanyi bakatnya bisa tersalurkan,"Keren suaranya super merdu. Coba ikut audisi nyanyi, pasti bakatnya bs tersalurkan",10,1
1356,positif,bagus daripada artis yang modal tampang saja padahal suara jelek lebih baik mas yang nyanyi memang dasar nasib orang yak tidak yang tahu semoga masnya sukses,Bagus drpd beberapa artis yg modal tampang doang pdhl suara juga jelek. Mendingan mas ini yg nyanyi. Emg dasar nasib org yak gk ada yg tau. Semoga masnya bisa sukses,10,1
1357,positif,dgrin sampai bulu kuduk saking bgusnya masyaallah apik sangat suaranya,"Dgrin ini sampe bulu kuduk naik saking bgusnya, masyaallah apik bgt suaranya",10,1
1358,positif,subhanallah tergetar hati dengar suara nya,Subhanallah tergetar hati dengar suara nya,10,1
1359,positif,allah suaranya bagus sekali cantik orangnya idaman cowok,Masa allah suaranya bagus banget cantik lagi orangnya idaman semua cowo,10,1
1360,positif,bagusss suaranya penampilannya sesuai anak sekolahan natural sesuai usia nya,"Bagusss suaranya, penampilannya juga sesuai anak sekolahan, natural dan sesuai dengan usia nya",10,1
1361,positif,kerennnn suaranya bagus,Kerennnn suaranya bagus,10,1
1362,positif,cantik polos kelihatan berbakat semoga sudah tenar gek selebgram tidak kaya2 si mba novilda ya dek yang kehilangan arah tetaplah cepat tumbuh dewasa asahlah bakat allah bless you both,"Cantik, polos, apa adanya tapi keliatan berbakat. Semoga kalau udah tenar gek jadi selebgram, kalian ga kaya2 si mba Novilda ya dek yg kehilangan arah. Tetaplah begini,jangan cepat tumbuh dewasa dan terus asahlah bakat kalian, Allah bless you both.",10,1
1363,positif,bagus iniii tidak kaya yang ingin terkenal rambut alus2in dulu muka makeup dulu biar dikamera keren hahaha kalau benar benar kelihatan lagi lelahnya habis pulang sekolah,"Bagus iniii, ga kaya yg pingin terkenal, rambut di alus2in dlu. Muka di makeup dl. Biar dikamera keren hahaha. Kl mereka bnr bnr keliatan lg lelahnya abis pulang sekolah ????",10,1
1364,positif,ulang berkali kali sampet tidak percaya kalau suara aslinya bagus sangat,Di ulang berkali kali sampet gak percaya klo ini suara aslinya. Bagus bgt ??,10,1
1365,positif,alhamdulillah kidz zaman niw yang berkarya sewajar seumurannya yang sok gede,Alhamdulillah masih ada kidz zaman niw yg berkarya sewajar seumurannya bukan yg sok gede,10,1
1366,positif,aduhh kerennnn suaranya enak nge jazz2 gimanaa begitu muka mah saja nanti kalau sudah tenar muka mengikuti hahahahahaha skill dulu nomor 1 batu abege jaman now,aduhh kerennnn suaranya enak . nge jazz2 gimanaa gtu . muka mah belakangan aja . ntr klo udh tenar juga muka mengikuti hahahahahaha . skill dlu nomer 1 . ini batu abege jaman now ????????,10,1
1367,positif,kereeen nih enak sangat didengernya tidak bosan putar ulang2 yang lipsing2 tidak jelas joget2 begitu,Kereeen nih...enak bgt didengernya...gak bosen puter ulang2...daripada yg lipsing2 gajelas joget2 gtu...,10,1
1368,positif,waduuhhh kereeen bangeeet dedek2 emeesh,waduuhhh...Kereeen bangeeet dedek2 emeesh,10,1
1369,positif,kalau sih yes bingits coba ya seandaix anak2 video seperti gini video kreativ bagus dripda video mesum ngelem dan lain lain yang berbau negativ bikin dosa maluin orangtua,Klo aku sih yes bingits...coba ya seandaix anak2 buat video sprt gini atau video kreativ lainnya kan bagus dripda buat video mesum..atau ngelem dll yg berbau negativ bikin dosa dan maluin ortu dan diri sendiri,10,1
1370,positif,bagussss dandannya natural tidak permak mirip anak jaman now,Bagussss + dandannya natural ga banyak permak kayak anak jaman now lainnya ????????????,10,1
1371,positif,kereeeeennnn nyanyinya santai sekali,Kereeeeennnn padahal nyanyinya santai banget ????????????,10,1
1372,positif,polossss keren tidak neko2 kayaknya jossss,Polossss...keren....ga neko2 kayaknya...jossss,10,1
1373,positif,yesssssss bagus sangat kids jaman now yang yang diksh jempolllll,Yesssssss !!!!! Bagus bgt !!! ?????? Kids jaman now yg begini yg diksh jempolllll ????????,10,1
1374,positif,wajah2 anak skul sangat yaakk mase alami sangat suka liatnya lagu ma suara keren palg yang pakai bando suaranya mantap,Wajah2 anak skul bgt yaakk mase alami bgt suka liatnya ???? lagu ma suara keren palg yg pake bando suaranya mantap ??????,10,1
1375,positif,keren suaranya dasarnya cantik tinggal poles sedikit bersinar,Keren suaranya dasarnya cantik tinggal di poles dikit bersinar??????,10,1
1376,positif,pembagian suaranya pas sangat pecah suaranya juga cakap,"Pembagian suaranya pas bnget,pecah suaranya jg cakep",10,1
1377,positif,keren sangat suaranya tinggal dipermak saja biar tambah cantik viralkann,keren bgt suaranya.tinggal dipermak aja biar tmbh cantik.viralkann....,10,1
1378,positif,kereeeennnnnn suaranyaaahh okkeehh ketjeeehh badaaiik ughllaaaallaa,Kereeeennnnnn... suaranyaaahh okkeehh ketjeeehh badaaiik ughllaaaallaa..,10,1
1379,positif,yes yes yes kirain lypsinc habisnya sih suaranya eh pas dua2nya nyanyi bareng ngeh asli kereennn,"Yes yes yes..kirain lypsinc habisnya mirip sih suaranya,eh pas dua2nya nyanyi bareng baru ngeh asli..kereennn",10,1
1380,positif,keren yang bakat nanti juga kalau sudah jadi artis duit mukanya cemerlang,Keren yg penting punya bakat dulu ntar jg klo udah jd artis banyak duit mukanya bisa cemerlang,10,1
1381,positif,keren min orang2 yang berbakat kaya gini yang up publik,Keren min orang2 yg berbakat kaya gini yg harus di up ke publik????????,10,1
1382,positif,kereeen sangat suaranya seperti gini kids jaman now,Kereeen bgt suaranya. Nah kyk gini dong kids jaman now...??,10,1
1383,positif,mrinding bagus poll di jaga ya dek kepolosannya jangan smpek seperti si aw2 dkk,mrinding... bagus poll... d jaga ya dek kepolosannya... ???? jng smpek kyk si aw2 dkk.. ??????,10,1
1384,positif,kereenn sumpaah kebangetan bagusnya,"Kereenn sumpaah,, kebangetan bagusnya..??",10,1
1385,positif,ya ampun lakikny ganteng rini nya cantik mungil sekarang,Ya ampun lakikny ganteng. Rini nya juga cantik. Mungil pula skrg.,10,1
1386,positif,suaminya swett keliatannya sayang sangat ma istrinya ganteng haaaaaaa so swett semoga langgeng slluÃ¶,"Suaminya swett... keliatannya syg bgt ma istrinya, ganteng lagi... Haaaaaaa ?? so swett lah... Smg langgeng slluÃ–",10,1
1387,positif,mbak rini hamil ya selamat ya mbak semoga kandungannya sehat saja mbak rininya bahagia hamil semoga lancar proses persalinannya,"Wah Mbak Rini hamil ya ?? Selamat ya mbak semoga kandungannya sehat"" aja & juga mbak rininya , makin bahagia di hamil yang pertama , dan semoga lancar di proses persalinannya nanti ????",10,1
1388,positif,kasihan anaknya jangan sampek anaknya rusak jugak kek emaknya yaa,"Kasian anaknya,, jgn sampek anaknya rusak jugak kek emaknya yaa",10,1
1389,positif,kalau pasangan cantik ganteng suka deh liatnya,Kalo pasangan cantik + ganteng suka deh liatnya?,10,1
1390,positif,hamil selamat ya mbak sandra semoga kehamilannya sehat fit semoga lancar prosesi persalinannya sudah calon nih,"Wah akhirnya hamil lagi juga. Selamat ya mbak Sandra semoga kehamilannya makin sehat"" saja , makin fit dan semoga lancar di prosesi persalinannya nanti. Wah udah jadi calon ibu nih",10,1
1391,positif,ikutan happy sukakkk sangat sama nih couple salah pasangan sempurna saya,ikutan happy....sukakkk bgt sm nih couple...salah satu pasangan sempurna menurut gw,10,1
1392,positif,lihat infotainment nikah waktu persiapannya jelang pernikahan sandra dewi bilang kalau calon suaminya pengen sekali cepat anak habis menikah karena suka anak sudah prepare program2 yang lakukan kalau dalam waktu belum dikasih anak but finally congrats semoga lancar sehat terus sampai lahiran,"Pernah lihat di infotainment sebelum nikah, wkt ditanya persiapannya jelang pernikahan, sandra dewi bilang klo dia sama calon suaminya pengen banget cepat punya anak nanti hbs menikah, krn mereka suka anak kecil, bahkan mereka sdh prepare program2 yg akan mereka lakukan klo dlm wkt dekat blm dikasih anak, but finally...congrats...semoga lancar dan sehat trs sampe lahiran ??????",10,1
1393,positif,keluarga ter humble ter sempurna ter sederhana tidak sok kaya tidak pnah manja pakai pesawat jet pribadi mirip yang,Keluarga ter-humble ter-sempurna ter-sederhana dan engga pernah sok terlihat kaya dan ga pnah manja pake pesawat jet pribadi kayak yg lain lain ??????????,10,1
1394,positif,bunda maia cantik semoga selalu sukses sehat terus ya cantik wajahnya secantik hatinya,"Bunda maia cantik semoga slalu sukses, sehat trs ya cantik wajahnya secantik hatinya",10,1
1395,positif,artis yang saya kaguminn nikah muda tidak neko2 sayang keluarga sayang suami mengutamakan anak2 tidak puyeng ama dunia hiburan artisann tajirrr mampuss plus tidak alayy tidak aneh2 salutt ama niaa smiga selalu samawa yaa nia and famzz,"Artis yg gue kaguminn.. Nikah muda, ga neko2, syg keluarga syg suami,, mengutamakan anak2.. Ga puyeng ama dunia hiburan dan ke artisann.. Padahal tajirrr mampuss.. Plus ga alayy dan ga aneh2.. Salutt ama niaa.. Smiga slalu samawa.. Yaa nia and famzz???????????????????????????????",10,1
1396,positif,username iya sih jujur fans nia saja pas tenar sekali sinteronnya saja urusan keluarga salut ama muda ya itungannya beda 2 3 t,"<USERNAME> iya aku sih jujur bukan fans Nia, biasa aja sama dia, pas dia tenar banget sama sinteronnya juga aku biasa aja. Tapi makin ke sini kalau soal urusan keluarga, aku salut ama dia. Dia kan masih muda ya itungannya, sama aku cuma beda 2-3 t",10,1
1397,positif,smnjk habis nikah auranya keluarr sangat suaminya juga kliatan sayang nia nya kliatan begitu tulusss sukak deh liatnya,Smnjk hbs nikah auranya keluarr bgt. Suaminya jg kliatan syg dan nia nya kliatan baik gt tulusss.. sukak deh liatnya.,10,1
1398,positif,mungkin s mba nya marah2 karena ada kata2 yang tidak enak dari yang komen wajar kalau marah itu foto saja ko mba nya yang di bully sampai bawa2 fisik segala tidak bagus pinter2 mnyikapi medsos,Mngkin s mba nya marah2 krna ad kata2 yg ga enk dr yg komen..wajar lah kl dia marah..toh it kan cuma foto biasa aj.. Ko jadi malah mba nya yg d bully..sampe bawa2 fisik sgala.. Kan ga bgus.. Pinter2 lah kita mnyikapi medsos.. ????,10,1
1399,positif,cantik sekali yak anak cewek puyeng kali yak jagain nya,Cantik banget yak.. Punya anak cewe begini puyeng kali yak jagain nya ??????,10,1
1400,positif,username iya mba ariel tidak ganteng ariel kharisma yang menarik sudah tua sekarang keriput wajahnya tetap saja kharisma nya lelaki kelihatan terpancar buktinya mama tante tergila2 ariel sa,"<USERNAME> iya betul mba. Ariel gak ganteng. Tapi ariel punya kharisma yg menarik. Udah tua pun skrang agak keriput wajahnya ttp aja kharisma nya sebagai lelaki keliatan lebih terpancar. Buktinya mama, dan tante saya makin tergila2 sama ariel dan sa",10,1
1401,positif,manusia menghargailah kalau tulisan yang ditulis berguna menyakiti hati orang ya tulis pergunakan sosmed smart ya guys,"Jadi manusia Saling menghargailah, kalo tulisan yg ditulis itu tidak berguna bahkan menyakiti hati orang lain. Ya sebaiknya tidak usah tulis. Pergunakan sosmed dengan smart ya guys!!",10,1
1402,positif,kalau liat username bergaya apapun tetap kliatan bagus suka lgu nya sukses terus kak,entah kenapa kalo liat <USERNAME> bergaya apapun ttp kliatan bagus... suka sama lgu nya.. sukses trus kak,10,1
1403,positif,bangat emasnya salpok diemasnya tetapi sumpah lagunya music nya keren bngat konsep mv nya ambil handel keren kalau denada taro kutang diluar karena minim perestasi tetapi kalau agnes wajar prestasi dunia fashion kalau artis indonesia unggul karena berani tidak cocok pakai,banyak bangat emasnya.jadi salpok diemasnya.tp sumpah lagunya dan music nya keren bngat.apalagi konsep mv nya ia ambil handel.kan keren menurut saya.kalo denada taro kutang diluar itu krn masih minim perestasi.tp kalo agnes itu hal wajar.prestasi dan dunia fashion kalo artis indonesia ia selalu unggul.krn ia berani meski gak cocok ia pake,10,1
1404,positif,coba deh kritik2 bikin karya tahu bagus kritik,"Coba deh yang pada kritik2 itu bikin karya sendiri, siapa tau lebih bagus dari yang mereka kritik",10,1
1405,positif,protes sih protes coba usaha deh usaha pendek ya butuh go international protes kalau pengen ya kaliam go international,"Pada protes kenapa sih??yang protes itu coba usaha deh..Jangan kira usaha dia pendek ya!!.Butuh waktu lama dia agar bisa go international.Jangan cuma protes,klau pengen yang kalian inginkan ya kaliam sendiri dengan cara sendiri agar kalian bisa go international",10,1
1406,positif,keren tidak suka ma agnes tetapi suka ma lagu n jadi suka juga ma y nyanyi santai lagunya tetapi asyik,"Keren, ga suka ma agnes, tp suka ma lagu ini, n jd suka jg ma y nyanyi, santai lagunya tp asyik",10,1
1407,positif,bandingin lagu go internasional ngena saya seru enak didengar tidak biasa agnes tidak bumbu indonesianya kaya batik begitu,"Bandingin lagu Go Internasional yang paling ngena di gue ini seru enak didenger....... Tapi tumben agnes gak memberikan bumbu Indonesianya kaya ada Batik"" gtu atau apa..",10,1
1408,positif,keren mba mba superman wkwkwk,"Nah ini baru keren, daripada mba mba superman wkwkwk",10,1
1409,positif,sumpah saya suka sangat lagu yang asyik sangat dengernyaa,"Sumpah gua suka bgt sama lagu dia yg ini, asik bgt di dengernyaa",10,1
1410,positif,enak sekali mak lagu2 dialbumnya suka yang inih sama beautiful mistake,Enak banget mak lagu2 dialbumnya paling suka yg inih sm beautiful mistake,10,1
1411,positif,mantap saya suka sangat ama agnes dia artis yang bertalenta kayaan dia tidak dipamer ky artis ygblain saya suka dia tidak pamer keren sangat,Mantap .gw suka bngt ama agnes.karena dy artis yg bertalenta .dan ke kayaan dy ga pernah dipamer ky artis ygblain.gw suka dy ga pernah pamer.keren bngt,10,1
1412,positif,enakk musik nyaa lagii lhatt ka agnes nyaa dance kaya nyaa nyamaann enakk sangat tuh kayaa nyaa,enakk musik nyaa . apa lagii lhatt ka agnes nyaa dance kaya nyaa nyamaann dan enakk bgt tuh kayaa nyaa,10,1
1413,positif,asyik bgts dancenya lagi lagunya mancappppp,"Asik bgts dancenya,apa lg lagunya mancappppp",10,1
1414,positif,ganteng sekali aura kencang sekali diragukan semoga langgeng mami,Ganteng banget meski aura... Kenceng banget & diragukan.semoga langgeng mami..,10,1
1415,positif,mami depe cantik sekali awet muda tidak kalah sama penyanyi pendatang semoga samawa username,"Mami depe cantik banget. Awet muda, ngga kalah sm penyanyi pendatang baru. Semoga samawa... <USERNAME>",10,1
1416,positif,ganteng yesss mami cuco deh babang semoga langgeng ya unchhh lope mami,Ganteng yesss. Mami cuco deh sama babang. Semoga langgeng ya unchhh lope mami,10,1
1417,positif,mbak dewi sabar keliahatannya keren semoga langgeng,Mbak dewi jadi lebih sabar keliahatannya... Keren semoga semakin langgeng,10,1
1418,positif,pasangan hidup ijk salut sih mami depe tidak matre n neko2 yang single n cocok doi diajak merit tidak seperti tetangga sebelah saking matrenya suami orang embat juga,Soal pasangan hidup ijk salut sih sama mami depe.. ga matre n neko2.. yg penting single n cocok doi mau diajak merit.. ga kyk tetangga sblh saking matrenya suami org di embat jg..,10,1
1419,positif,duda singgel tidak yang laki jaman setia menemani dunia akhirat amin good luck dewi persil sehat selalu dalam berkarya,mau duda mau singgel itu ngak masalah yg penting laki jaman sekarang setia menemani dunia akhirat amin good luck dewi persil sehat slalu dlm berkarya,10,1
1420,positif,muantepp ganteng selamat menempuh hidup mg langgeng rumah tanggax bhagia n selladem ayem,Muantepp ganteng...selamat menempuh hidup baru mg langgeng rumah tanggax bhagia n selladem ayem...??????,10,1
1421,positif,mb depe langgeng yo karo masny mb ibuku ngefans sangat sama mb depe dari mb sama mas saiful dulu smpe2 bilang jadi pembntuny gapapala katanya ingin sangat ketemu mb depe ibuku dijambi mb,"Mb depe langgeng yo karo masny.mb ibuku ngefans bgt sm mb depe dri mb sm mas saiful dlu smpe2 blng jdi pembntuny gapapala ktny,pgn bgt ktmu mb depe ibuku kami dijambi mb",10,1
1422,positif,dengar 2 yang menyakitkan hati tenang jalanin saja pilihan andah bahagia hatimu maju terus sukses pasangan mu,Jangan di dengar kata 2 yg menyakitkan hati lebih baik tenang jalanin aja dengan pilihan andah sendiri bahagia itu biasanya ada di kata hatimu maju trus dan sukses bersama pasangan mu,10,1
1423,positif,cakap ganteng pacarnya dewi persik sudah saja jangan ganti lagi yaa dewi,"Cakep,ganteng pacarnya dewi persik,udah ini aja jgn ganti lg yaa dewi",10,1
1424,positif,beruntungnya bella orang2 fokus ama komen lakinya coba kalau tidak model bajunya diceramahin ama netizen,"Beruntungnya Bella.. Orang2 jadi fokus ama komen lakinya. Coba kalo ngga, pasti model bajunya yang diceramahin ama netizen ??",10,1
1425,positif,pasangan suami istri yang normal romantisme istri yang tahu tidak diumbar tetapi dijaga yang suka umbar kemesraan iti kebanyakan menutupi kenyataan yang,Beginilah pasangan suami istri yg normal.. Romantisme hanya dia dan istri yg tau. Ga perlu diumbar.. Tp dijaga. Yg suka umbar kemesraan iti kebanyakan menutupi kenyataan yg sebenarnya.,10,1
1426,positif,naksir ama ceweknya sepertinya lembut sekali kya bolu,"Naksir Ama ceweknya, kyanya lembut banget Kya bolu ??",10,1
1427,positif,cewex cntik cowox mmmmhh hehe,Cewex luar biasa cntik... Cowox.. Mmmmhh hehe,10,1
1428,positif,cewenya cantikk the power of tajir,"Cewenya cantikk, the power of tajir ??",10,1
1429,positif,alhamdulillah ganteng babang emran ya username,Alhamdulillah lebih ganteng babang Emran ya <USERNAME> ??,10,1
1430,positif,alhamdulillah username tidak yang engku emran masyaallah ganteng anteng sabar sholeh penyanyang senyumnya cute baper dech,"Alhamdulillah <USERNAME> gak jadi sama yg ini... engku emran masyaallah ganteng, anteng, sabar, sholeh, penyanyang, senyumnya cute.. baper dech",10,1
1431,positif,cantik manis cewek nya cocok saja,Cantik manis cewe nya .. cocok ajalah,10,1
1432,positif,cewenya manis cakepan yang sekarang dari yang kemarin tidak jadi,"Cewenya manis, cakepan yg skrg Dr yg kmrn ga jd.",10,1
1433,positif,yang lebih cantik sih hebat juga ni lakik ciwik nya cakep2 lho,yg ini lbh cantik sih. hebat jg ni lakik ciwik nya cakep2 lho..,10,1
1434,positif,semoga kalau sma yang mh kalau bella mh sudah dapat yang pas,Semoga betul klo sma yg ini mh....klo bella mh udah dapet yg amat sangat pas lah????,10,1
1435,positif,semoga tidak putus ya ka bella sudah bahagia sekali tuh tidak malu,"Semoga ga putus lagi ya. Ka bella udah bahagia banget tuh, ga malu??? ??????",10,1
1436,positif,yaampun cantiikk sangat aslii angguunn,Yaampun cantiikk bangett aslii! Angguunn ??,10,1
1437,positif,username euum setuju sekaliii memang cantikan wow terbaik terpelihara hehe,<USERNAME> euum setuju sekaliii emang cantikan ini dari pada yang sebelumnya. Lebih WOW... ?? terbaik ?? terpelihara hehe,10,1
1438,positif,cantiik senyumnya maudy kusnaedi,"Cantiik, senyumnya mirip Maudy Kusnaedi",10,1
1439,positif,kisah jevin radhini rini saya jadi belajar 1 jodohmu jalannya saya ikuti dari saya nonton pas live the remix jevin bicara pacar nonton nunjuk radhini saya juga nonton pas jevin meluk radhini erat sangat backstage setelah lolos final kelihatan jevin anaknya gentle tulus penyayang allah maha pembolak hati mei 15 jevin radhini pacaran sept 15 jevin rini dipasangin the remix des 15 final the remix jan 16 jevin radhini putus feb 16 jevin rini pacaran april 16 jevin ngelamar rini feb 17 jevin rini tunangan mei 17 jevin rini nikah allah works in many ways allah s plan is better than our plan jevin yang dulunya berfikiran nikah umur 30 sangka umur 25 dalam pacaran 2 sudah ngajakin anak orang nikah ah happy wedding soundwave bahagia,"Dari kisah jevin radhini rini gue jd belajar 1 hal. ""Kalau memang jodohmu, maka akan ada saja jalanNya"". Gue kebetulan ngikutin dr awal. Gue nonton pas live the remix jevin ngomong 'itu pacar saya nonton' sambil nunjuk radhini. Gue jg nntn pas jevin meluk radhini erat bgt di backstage stlh lolos ke final. Keliatan jevin ini anaknya gentle, tulus dan penyayang. Tapi Allah maha pembolak-balik hati. Mei '15 jevin radhini pcrn, sept '15 jevin rini dipasangin the remix, Des '15 final the remix, jan '16 jevin radhini putus, feb '16 jevin rini pcrn, april '16 jevin ngelamar rini, feb '17 jevin rini tunangan, mei '17 jevin rini nikah. Allah works in many ways??. Allah's plan is better than our plan. Jevin yg dulunya berfikiran akan nikah umur 30, siapa sangka di umur 25 dan dlm waktu pcrn baru 2 bulan udah yakin ngajakin anak orang nikah. Ah, happy wedding soundwave. Bahagia selalu??",10,1
1440,positif,mengartikan jodoh bilang jodoh cantik lahir batin kalau tidak jodoh perpisahanlah terbaik,"Kalau kita bisa mengartikan jodoh,ini lah yang di bilang jodoh.cantik lahir batin tapi kl ga jodoh perpisahanlah yang terbaik..",10,1
1441,positif,pingkan ni suaranya enak sekali bindeng2 gimana begitu berciri khas saya merem dengar suaranya saya sudah langsung tauk,Pingkan ni suaranya enak banget.. bindeng2 gimana gt.. berciri khas.. ibarat gw merem denger suaranya gw udh langsung tauk,10,1
1442,positif,hatinya terbuat ya mbaa gigi berhati luarbiasanya saja sampai benci cobaa sebutin heternya mbaa kesalahan mba gigi lakukan duhh saja sukak sifatnyaaaaaaaaaaa,Hatinya terbuat dari apa ya .. Mbaa gigi yang berhati luarbiasanya ajah sampe di benci .. Cobaa sebutin heternya mbaa kesalahan apa yang mba gigi lakukan :'( duhh aku ajah jadi sukak sama sifatnyaaaaaaaaaaa,10,1
1443,positif,suka sekali sekali nih ni artis tidak neko neko lahiran 1996,"Suka banget banget nih sama ni artis, gak neko neko, ternyata masih lahiran 1996 ??????",10,1
1444,positif,alhamdulillahhh ngepost ayangnya ibel biarin deh damai seisi dunia masing2 sudah pasangan tidak lagi bilang ibel pho happy b day ibel,"alhamdulillahhh... ada juga yang ngepost ayangnya Ibel.... biarin deh damai seisi dunia.... masing2 sdh punya pasangan, jadi engga ada lg yang bilang Ibel PHO.... Happy b""day Ibel",10,1
1445,positif,kakaknya murid2ku masih ajar sekolah internasional mihil anaknya cantik2 si bapak ramah sangat sepupunya sekolah yang yang uang masuknya saja 70 jtan lebih siswa tidak tahu sekarang berapa,"Ini kakaknya murid2ku waktu msh ngajar di sekolah internasional mihil. Anaknya cantik2 dan si ibu dan bpk ramah dan baik bngt. Seluruh sepupunya di sekolah yg sama, yg uang masuknya aja 70 jtan lbh/siswa. G tau skrg brp.",10,1
1446,positif,username ka bella sholehah penghasilan cantik allah kasih jodoh,"<USERNAME> justru karena ka bella sholehah, punya penghasilan sendiri, dan cantik jadi Allah mau kasih jodoh yang lebih baik lagi..",10,1
1447,positif,mbak bela nikahnya berdasarkan dasar agama mbak yang diutamakan ya biar laki2nya dapat yang laki2 yang kaya raya yang nikahin mbak,"Mbak bela, nikahnya berdasarkan atas dasar agama mbak yg diutamakan ya. Biar laki2nya dpt yg baik. Saya yakin banyak laki2 yg baik dan kaya raya yg mau nikahin mbak",10,1
1448,positif,duh geulis kitu ditinggal yang duuuhhhh hahaha jodohnya allah kasih yang teeeh,Duh geulis kitu ditinggal sama yg 'itu' duuuhhhh hahaha jodohnya pasti Allah kasih yg lebih baik Teeeh ??,10,1
1449,positif,bu ameeel sudah tidak bank kangen bu amel yang cantik ramah ama kangen tentengannya hihiii tanya si mba bu amelnya pindah rumah lagi hamil sehat2 yaa bu amel salam annabel,"Bu Ameeel.... udah lama ga ke bank,kangen bu Amel yg cantik,ramah,baik ama kangen tentengannya hihiii ????. Nanya si mba bu Amelnya pindah rumah dan lg hamil. Sehat2 yaa bu Amel,salam buat Annabel",10,1
1450,positif,ambil positifnya saja mbak oma nani menjalankan mbak bilang gimana tidak oma langsung cerai sudah pilihan hidup gimana didoakan semoga langgeng menikah ibadah heheu username,"Ambil positifnya aja mbak toh oma nani yang menjalankan, mau mbak bilang gimana nggak mungkin kan oma langsung cerai karena itu udah pilihan hidup dia gimana jadi lebih baik didoakan semoga langgeng karena menikah juga ibadah heheu <USERNAME>",10,1
1451,positif,alesha arti namanya dilindungi allah aamiin yra ya nak,"Alesha arti namanya : Yang dilindungi Allah....aamiin yra, ya nak....",10,1
1452,positif,semoga anak nya besok pas bangun langsung jadi dewasa biar jodoh gedenya nanti cakap kek kakaknya fahri,Semoga anak nya bsok pas bangun langsung jd dewasa biar bisa bakal jodoh saya???? pasti gedenya ntar sama cakep kek kakaknya Fahri..,10,1
1453,positif,min minta doanya juga mudahan dilancarkan selamat melahirkan mei aamiin,min mnta doanya jg buat saya mudahan dilancarkan dan selamat saat melahirkan bulan mei ini. Aamiin,10,1
1454,positif,waaah hamil cantik cew kali yeee debay nya,"Waaah.... Hamil Malah makin cantik, cew kali yeee debay nya.... ??",10,1
1455,positif,mba acha cantik sekali sekali sekali calon yang belum di kasih momongan sama allah semoga segerakan ya,mba acha cantik banget banget banget !! buat calon ibu yg blm d kasih momongan sm Allah smoga di segerakan ya ??,10,1
1456,positif,gemulai nya momo bak putri keraton jawa semoga bersatu nya maut yang memisah gbu,"Gemulai'nya Momo,, Bak Putri keraton Jawa,,, semoga bersatu selama'nya dan cuma Maut yg memisah'kan,, Gbu...",10,1
1457,positif,berasa kaya manggung kartu keluarga username semoga lancar cepat momongan biar princess momo tidak prince,Berasa kaya mau manggung kk <USERNAME> ?? semoga lancar dan cepat punya momongan biar Ada Princess Kecil MoMo atau gak prince ??,10,1
1458,positif,waaahhh sama dokter sigit ya dokter the best sekali sekali humble orgnya recomend sekali yang program kehamilan,"waaahhh sm dokter sigit ya, ini dokter the best banget, baik banget, humble orgnya, recomend banget buat yg mau program dan kehamilan ??",10,1
1459,positif,ashanti bunda the best selalu belain support anaknya mskipun bukan anak kndung,"Ashanti bunda the best, Slalu belain/support anaknya. Mskipun bkn ank kndung??",10,1
1460,positif,semua orang berhak apapun yang suka tidak mrugikan ornglain aurel dandan natural hak aurel pintar sekali dandannya kliatan cantiiik sekali,Smua orng berhak untuk melakukan apapun yg mereka suka.. Asal g mrugikan dirinya ataupun ornglain.. Mau aurel dandan berlebihan atau natural itu hak dia.. Apalagi aurel pinter banget dandannya.. Kliatan cantiiik banget.. ????,10,1
1461,positif,beruntung si aurel dapat sambung kaya ashanti username,Beruntung si aurel dpt ibu sambung kaya ashanti . <USERNAME>,10,1
1462,positif,salut ma bunda username mskipun sambung tetapi sellu jadi orang yang plingbdpan mmbela aurel n azriel dari pra hatters,salut ma bunda <USERNAME> .. mskipun ibu sambung.. tpi sellu jdi org yg plingbdpan mmbela aurel n azriel dri pra hatters..,10,1
1463,positif,keren ya ashanty segitu sayangnya anak nya anak kandung kandung saja belum orang hatinya kek bidadari tv tv beruntung sekali aurel azriel tiri,"Keren ya ashanty segitu sayangnya sama anak nya(padahal bukan anak kandung), yang ibu kandung aja blm tentu begitu. Ini orang hatinya kek bidadari di tv tv. Beruntung banget itu aurel azriel punya ibu tiri macam dia",10,1
1464,positif,salut bunda username selalu yang trdpan melindungi anak yh mngalahin kandung sendiri yang cuma diam ajj bt aurel bapak yang salah pada dya juga manusia ciptaan allah kalau dya lebih sgla yh dari yang suka nyinyiir masalah pnampilan berarti deh nasib tuuh orang tidak bisa seperti aurel yang lebih baek n bagus dari yang nyinyiiir,"Salut buat Bunda <USERNAME> slalu yg trdpan melindungi ank""yh...mngalahin ibu kandung sndri yg cma Diam ajj...bt aurel pa yg slah pd dya jga Manusia ciptaan Allah klau pun Dya lbh sgla yh dri yg suka nyinyiir mslh pnampilan brarti dh nasib tuuh orang g bsa sprti Aurel yg lbh baek n bgs dri yg nyinyiiir..",10,1
1465,positif,tiri terhebat nanti palingan kalau sudah 20an perawatan sekarang masih muda kasihan kalau paksa perawatan cuma ya tutup mata tutup kuping sekarang mah,Ibu tiri terhebat..... Ntr palingan klo dah 20an dia baru perawatan .skrg msh muda kasian klo di paksa perawatan .cm ya paling tutup mata tutup kuping skrg mah,10,1
1466,positif,username aurel cantik tahu liat asli nya orang sirik yang menjelek jelekannya muka tente cantik muda aurel aurel difoto nampak putib bilangnya suntik putih hitam dibilang tidak ra,"<USERNAME> aurel itu cantik tau. Pernah liat asli nya kok. Org sirik itu yg menjelek jelekannya. Padahal muka sendiri belum tente lebih cantik dan muda daripada aurel. aurel difoto nampak putib bilangnya suntik putih, kelihatan hitam dibilang gk bisa ra",10,1
1467,positif,username astagfirullah mbak tolong ucapannya dijaga ya allah menciptakan manusia sempurna mbak ngomongnya mirip begitu aurel cantik wajar manusia kekurangannya mbak ashanti wajar belain anaknya caper ya mbak sia,"<USERNAME> Astagfirullah... Mbak tolong ucapannya dijaga ya, ALLAH menciptakan manusia dengan sempurna, kok mbak ngomongnya kayak gitu. Aurel cantik kok, wajar manusia ada kekurangannya. Dan mbak Ashanti wajar belain anaknya, bukan caper ya mbak, sia",10,1
1468,positif,aurel perempuan hebat sangat kejadian zaman pipi mimi nya di depan mata tidak anak bisa strong seperti yang nyinyir iri karena aurel bisa keluarga bahagia seperti sekarang yang bilang bundanya ash lebay belum anak hati2 sayang kamu juga perempuan jadi bayangin anakmu yang jadi korban bully,"aurel itu perempuan hebat, ingat bgt kejadian zaman pipi mimi ny & dilihat didepan mata dia sendiri. Ga semua anak bs strong kyk dia. Yg nyinyir pasti iri krn aurel bs punya keluarga bahagia kyk skrg. Yg blg bundanya Ash lebay, mungkin blm punya anak. Hati2 sayang..km jg perempuan, nanti bakal jd ibu. Bayangin anakmu yg jd korban bully ??",10,1
1469,positif,ganteng kalau tidak salah managernya semoga di lancarkan yaa,Ganteng... Ini klo ga salah managernya.. semoga d lancarkan yaa..,10,1
1470,positif,mukanya insya allah jodoh dunia akhirat mbk username amiiii,"Mukanya mirip ,,,insya Allah jodoh dunia akhirat mbk <USERNAME> amiiii",10,1
1471,positif,cantik banggeett ya kak depe tidak kelihatan loh kalau dia nikah masih gadis wajah nya cantik semoga lancar h kak depe bahagia dunia akhirat aammiinnn,Cantik banggeett ya kak depe.. ???? gk keliatan loh klo dy pernah nikah.. seperti msh gadis wajah nya.. cantik ???????????? semoga lancar sampai hari H kak depe.. bahagia dunia akhirat aammiinnn ??,10,1
1472,positif,dadddd semoga datang yaaa papa papa diluar semoga sehat saksi anak anaknya menikah aamiin,Dadddd :( Semoga bisa dateng yaaa & untuk papa-papa diluar sana. Semoga sehat selalu & bisa menjadi saksi anak-anaknya saat menikah. AAMIIN!????,10,1
1473,positif,semoga dilancarkan nikahnya ayahnya lekas ditemukan sehat apapun,Semoga dilancarkan nikahnya dan ayahnya lekas ditemukan dalam keadaan sehat tanpa kurang suatu apapun :),10,1
1474,positif,semoga saja nikahannya lancar y mb jangan berlarut sedih kalau tirinya tidak yang kandung sj alasan anak kandung melarang sj sudah balikkan istri pertamanya kalau sibapak berrti cerita yaa,Semoga aja nikahannya lancar y mb. Jgn berlarut sedih kl bapak tirinya gak datang yg penting bapak kandung datang. Mungkin sj ada alasan anak kandung dari bapak tersebut melarang. Mungkin sj bapak itu udah balikan sama istri pertamanya. Dan kl sibapak datang itu berrti akan mengingatkan cerita lama. Mungkin yaa..,10,1
1475,positif,yea polisinya pintar hahahaha langsung belok sim nembak gatau rambu2 surat perintah yaelah kamu pikir rumah kamu digeledah,"Yea pak polisinya pinter hahahaha.. langsung belok, SIM nembak, gatau rambu2. Malah minta surat perintah yaelah lu pikir rumah lu mau digeledah ??",10,1
1476,positif,nikah baguass deh semoga kelak jadi keluarga yang samawa,Ini mau nikah lagi baguass deh smoga kelak jd kluarga yg samawa,10,1
1477,positif,lucu suaranya kak abbey cantik mirip orang nya terharu,Lucu.... suaranya kak abbey cantik kayak orang nya.... ?????????????? terharu....,10,1
1478,positif,ketemu mba artika sari disesemall jakarta ampunnn ayunee semampai murah senyummm cakap pisan,Pernah ketemu sama mba artika sari disesemall di Jakarta...ampunnn ayunee...mana semampai....murah senyummm....cakep pisan lah,10,1
1479,positif,benar pepatah yess buah jatuh tidak pohon nya cantik nya dapat mama_nya suara bagus pintar nyanyi darah seni papa nya calon generasi hebat,"Bener kata pepatah Yess, Buah Jatuh gak Jauh dari PohoN nya... Cantik Nya dapet dari Mama_Nya, Suara Bagus dan Pinter nyanyi dari darah seni Papa Nya.. #calon generasi hebat di masa depan",10,1
1480,positif,bahagianya anak cantik berbakat bersyukur benar titipan indah,"Bahagianya punya anak cantik berbakat, bersyukur bnr dapat titipan demikian indah",10,1
1481,positif,semoga kesehatan rezeki yang berlimpaah,Semoga di berikan kesehatan dan rezeki yg berlimpaah pak ??,10,1
1482,positif,semoga sehat dimurahkan rejekinya ya,Semoga selalu sehat dan dimurahkan rejekinya ya Pak,10,1
1483,positif,pria setia pekerja keras tidak malu pilih pilih cari nafkah kebalikan beda sangat kenal mentang2 ganteng pilih nganggur ketimbang jadi ojol sudah begitu istri diselingkuhin kalau maunya,"Pria setia, pekerja keras tdk malu pilih-pilih cari nafkah sangat sedikit sekali yang banyak kebalikan..beda bgt sama seseorang yang kenal. Mentang2 ganteng, milih nganggur ketimbang jd ojol. Udh gitu istri diselingkuhin lagi. Baik kalo ada maunya ????",10,1
1484,positif,doa istri anak menyertaimu bang lelaki yang bertanggung karena kalau laki2 tanggung otomatis sayang dengan anak istri beda dengan sayang yang bertanggung,"Doa istri dan anak menyertaimu bang... lelaki yg bertanggung jawab itu sangat PERLU, karna kalo laki2 tanggung jawab otomatis dia akan sayang dgn anak dan istri. Beda dgn sayang yg belum tentu bertanggung jawab ??????",10,1
1485,positif,ya allah bahagia tidak dengan yang mewah sesederhana saja deh bahagia komunikasi dengan keluarga,Ya Allah bahagia itu gak harus dgn cara yg mewah sesederhana begini aj deh bahagia bisa komunikasi dgn keluarga ??,10,1
1486,positif,mencari rejeki untuk keluarganya yang tidak berkenan tolong kekerasan,"Mereka hanya mencari rejeki utk keluarganya, kalau ada yg merasa tdk berkenan tolong jangan menggunakan kekerasan",10,1
1487,positif,salut banting tulang menghidupi keluarga yang duduk bangku empuk pakai ac merampok yang pilih rakyat jelata,"Salut sekali Banting tulang demi menghidupi keluarga.yg duduk di bangku empuk,pakai AC Malah merampok.yg milih rakyat jelata lagi",10,1
1488,positif,amin semoga lancarkan n mudahkan rejeki nya jadi ingat suami saya juga gojek sering nlp nanyain anak istri nya sudah makan belum padahal mungkin sempet makan tidak hujan2an n panas2an tetapi tidak penh mengeluh menyempatkan komunikasi n tetap keep in touch sela2 kesibukannya bangga n tetap berjuang y ms gojek karena anak n istri mendoakan yang terbaik,"Amin, smg selalu di lancarkan n di mudahkan rejeki nya.. jd inget waktu suami sy jg gojek dulu, srg nlp nanyain anak istri nya udah mkn atau blm.. pdhl mgkn dia sendiri entah sempet mkn atau ngga, walaupun hujan2an n panas2an tp ga penh mengeluh.. selalu menyempatkan komunikasi n ttp keep in touch di sela2 kesibukannya. Bangga n ttp berjuang y ms gojek krn anak n istri selalu mendoakan yg terbaik..",10,1
1489,positif,respect istri n anak2 nya yang menunggu sabar dirumah insya allah allah swt menjaga nya,"Respect dengan istri n anak2 nya yg menunggu dengan sabar dirumah insya Allah ,Allah swt selalu menjaga nya.",10,1
1490,positif,laki laki benar berjuang unt anak istri membahagiakan istri insyaallah dunia rejeki yang tidak disangka sangka akherat surga kelak amin,"Laki-laki yang beneran berjuang unt anak istri, membahagiakan istri insyaallah di dunia mendapat rejeki yg ga disangka-sangka di akherat akan ada surga kelak amiin",10,1
1491,positif,bangga suami yang istri disela apapun profesimu kaulah juaranya sehat gojek semoga lacar rejekimu amiiin,"Bangga sama suami yg selalu ingat istri disela waktunya, apapun profesimu... Kaulah juaranya. Sehat terus pak gojek, semoga lacar rejekimu. Amiiin....",10,1
1492,positif,apaoun pekerjaannya yang halal u tuk menafkahi keluarga semangat,Apaoun pekerjaannya yg penting halal u tuk menafkahi keluarga ... Semangat pak,10,1
1493,positif,gojek mayoritas pegangguran tidak kerja terus putus asaa tibatiba lapangan pekerjaan tidak pakai ijasah sungguh lapangan kerja membantu,Gojek itu mayoritas pegangguran yang lama gak kerja trus hampir putus asaa tapi tibatiba ada lapangan pekerjaan yang gak harus pake ijasah terakhir.. ini sungguh lapangan kerja yang sangat membantu sekali menurut saya ??,10,1
1494,positif,username aslinya cantik ayu loh mbak karena bertemu langsung sesembaknya ramah sombong mantan2 yang hhe maaf nimbrung kalau makeup senatural karena sesembaknya menonjolkan wa,"<USERNAME> aslinya cantik dan ayu loh mbak krn aku sudah bertemu langsung juga sesembaknya sangat ramah tidak sombong seperti mantan2 yg lain hhe maaf ikut nimbrung ,kalo makeup dibuat senatural mungkin krn sesembaknya memang mau menonjolkan wa",10,1
1495,positif,username suami seumuran mba tuaan alhamdulillah suami tidak kekanak kanakan hehe,"<USERNAME> suami saya seumuran sama saya mba, malah tuaan saya beberapa bulan tapi alhamdulillah suami saya gak kekanak kanakan hehe",10,1
1496,positif,kamu sekali,lu baik banget,10,1
1497,positif,cuacanya cerah suasana hati,"Hari ini cuacanya cerah sekali, membuat suasana hati jadi lebih baik.",10,1
1498,positif,username pintar sekali tugas selesai,"<USERNAME> memang pinter banget, semua tugas selalu selesai tepat waktu.",10,1
1499,positif,makanan restoran enak pelayanannya memuaskan,Makanan di restoran itu enak dan pelayanannya juga memuaskan.,10,1
1500,positif,menikmati teman teman seru sekali,"Aku sangat menikmati waktu bersama teman-teman hari ini, seru banget!",10,1
1501,positif,username solusi terbaik bijaksana,"<USERNAME> selalu memberikan solusi terbaik saat ada masalah, dia sangat bijaksana.",10,1
1502,positif,kopi kafe mantap bikin semangat,"Kopi di kafe itu rasanya mantap sekali, bikin hari makin semangat.",10,1
1503,positif,film malam tonton menghibur suka sekali,"Film yang tadi malam kita tonton sangat menghibur, aku suka banget.",10,1
1504,positif,pelayanan hotel dihargai,"Pelayanan di hotel ini benar-benar luar biasa, kami merasa sangat dihargai.",10,1
1505,positif,kamu orang terima kasih,"lu selalu tahu cara membuat orang merasa lebih baik, terima kasih banyak.",10,1
1506,positif,liburan kali menyenangkan rencananya berjalan lancar,"Liburan kali ini sangat menyenangkan, semua rencananya berjalan lancar.",10,1
1507,positif,pemandangan pantai sungguh menakjubkan melupakannya,"Pemandangan di pantai itu sungguh menakjubkan, saya tidak akan melupakannya.",10,1
1508,positif,terima kasih membantu menyelesaikan proyek menghargainya,"Terima kasih sudah membantu saya menyelesaikan proyek ini, saya sangat menghargainya.",10,1
1509,positif,anak anak senang bermain taman,"Anak-anak sangat senang bermain di taman hari ini, hari yang luar biasa.",10,1
1510,positif,pertemuan produktif ide ide muncul,"Pertemuan tadi sangat produktif, banyak ide-ide baru yang muncul.",10,1
1511,positif,kamu sahabat terbaik butuh,"lu memang sahabat terbaik, selalu ada di saat aku butuh.",10,1
1512,positif,masakan kamu enak sekali makan rumahmu,"Masakan lu enak banget, aku selalu menantikan makan bersama di rumahmu.",10,1
1513,positif,senang berkumpul keluarga momen terlupakan,"Senang sekali bisa berkumpul lagi dengan keluarga besar, momen yang tak terlupakan.",10,1
1514,positif,bersemangat olahraga pagi,Hari ini aku merasa sangat bersemangat setelah olahraga pagi.,10,1
1515,positif,kerjasama tim solid hasilnya memuaskan,"Kerjasama tim kita sangat solid, hasilnya memuaskan.",10,1
1516,positif,terima kasih dukunganmu sulit mudah,"Terima kasih atas dukunganmu, aku bisa melalui masa sulit ini dengan lebih mudah.",10,1
1517,positif,acara malam menyenangkan kamu tuan rumah hebat,"Acara tadi malam sangat menyenangkan, lu benar-benar tuan rumah yang hebat.",10,1
1518,positif,senang bertemu teman teman cerita seru,"Senang bisa bertemu teman-teman lama, banyak cerita yang seru.",10,1
1519,positif,proyek selesai hasil kerja keras terbayar,"Proyek ini selesai dengan hasil yang sangat baik, kerja keras kita terbayar.",10,1
1520,positif,suka dekorasi ruangan nyaman indah,"Aku suka sekali dengan dekorasi ruangan ini, sangat nyaman dan indah.",10,1
1521,positif,kue kamu lezat berhenti memakannya,"Kue yang lu buat sangat lezat, aku tidak bisa berhenti memakannya.",10,1
1522,positif,seminar inspiratif ilmu,"Seminar tadi sangat inspiratif, banyak ilmu baru yang aku dapat.",10,1
1523,positif,terima kasih teman mendukung kamu bagiku,"Terima kasih telah menjadi teman yang selalu mendukung, lu sangat berarti bagiku.",10,1
1524,positif,puas layanan toko pelayanannya cepat ramah,"Saya sangat puas dengan layanan di toko ini, pelayanannya cepat dan ramah.",10,1
1525,positif,kamu hariku ceria terima kasih,"lu selalu membuat hari-hariku lebih ceria, terima kasih banyak.",10,1
1526,positif,produk berkualitas merekomendasikannya,"Produk ini benar-benar berkualitas, saya sangat merekomendasikannya.",10,1
1527,positif,reuni kemarin mengharukan senang bertemu teman teman sekolah,"Reuni kemarin sangat mengharukan, senang bisa bertemu kembali dengan teman-teman sekolah.",10,1
1528,positif,bersyukur memiliki keluarga mendukung,Saya merasa sangat bersyukur memiliki keluarga yang selalu mendukung saya.,10,1
1529,positif,liburan kali berkesan pengalaman,"Liburan kali ini sangat berkesan, banyak pengalaman baru yang saya dapat.",10,1
1530,positif,kamu berbakat hasil kerjamu,"lu benar-benar berbakat dalam hal ini, hasil kerjamu luar biasa.",10,1
1531,positif,pelayanan rumah sakit diperhatikan,"Pelayanan di rumah sakit ini sangat baik, kami merasa sangat diperhatikan.",10,1
1532,positif,senang kampung halaman suasananya rindu,"Senang sekali bisa kembali ke kampung halaman, suasananya selalu membuat rindu.",10,1
1533,positif,kamu inspirasi orang teruslah berkarya,"lu adalah inspirasi bagi banyak orang, teruslah berkarya.",10,1
1534,positif,produktif pekerjaan berhasil diselesaikan,"Hari ini sangat produktif, banyak pekerjaan yang berhasil diselesaikan.",10,1
1535,positif,kamu berhasil membuatku tersenyum terima kasih,"lu selalu berhasil membuatku tersenyum, terima kasih banyak.",10,1
1536,positif,menikmati kelas yoga pagi menenangkan,"Saya sangat menikmati kelas yoga pagi ini, sangat menenangkan.",10,1
1537,positif,kamu berbakat seni lukisanmu indah,"lu sangat berbakat dalam seni, lukisanmu sangat indah.",10,1
1538,positif,terima kasih pendengar kamu memahami,"Terima kasih telah menjadi pendengar yang baik, lu sangat memahami aku.",10,1
1539,positif,menyukai desain ruangan modern elegan,"Saya sangat menyukai desain baru ruangan ini, terlihat modern dan elegan.",10,1
1540,positif,kamu pemimpin hebat tim menghargaimu,"lu adalah pemimpin yang hebat, tim kita sangat menghargaimu.",10,1
1541,positif,senang suasananya mendukung,"Saya sangat senang bisa bekerja di sini, suasananya sangat mendukung.",10,1
1542,positif,kamu suasana terima kasih,"lu selalu tahu cara membuat suasana menjadi lebih baik, terima kasih.",10,1
1543,positif,hasil kerja kerasmu menginspirasi teruslah berkarya,"Hasil kerja kerasmu benar-benar menginspirasi, teruslah berkarya.",10,1
1544,positif,menikmati keluarga momen indah,"Saya sangat menikmati waktu bersama keluarga hari ini, momen yang indah.",10,1
1545,positif,kamu jenius ide idemu brilian,"lu benar-benar jenius, ide-idemu sangat brilian.",10,1
1546,positif,senang hasil rapat keputusan diambil,"Saya sangat senang dengan hasil rapat tadi, banyak keputusan penting yang diambil.",10,1
1547,positif,terima kasih mengajari kamu mentor hebat,"Terima kasih telah mengajari saya banyak hal, lu adalah mentor yang hebat.",10,1
1548,positif,menyenangkan positif,"Hari ini sangat menyenangkan, banyak hal positif yang terjadi.",10,1
1549,positif,kamu terbaik menghargainya,"lu selalu memberikan yang terbaik, kami sangat menghargainya.",10,1
1550,positif,terima kasih untukku kamu teman sejati,"Terima kasih sudah selalu ada untukku, lu adalah teman sejati.",10,1
1551,positif,bangga pencapaianmu kamu,"Saya sangat bangga dengan pencapaianmu, lu sangat luar biasa.",10,1
1552,positif,kamu cerah terima kasih,"lu selalu bisa membuat hari-hari menjadi lebih cerah, terima kasih.",10,1
1553,positif,menghargai bantuanmu kamu,"Saya sangat menghargai bantuanmu, lu sangat baik.",10,1
1554,positif,pertunjukan menghibur menikmatinya,"Pertunjukan tadi sangat menghibur, saya sangat menikmatinya.",10,1
1555,positif,kamu pribadi hangat senang mengenalmu,"lu adalah pribadi yang sangat hangat, senang mengenalmu.",10,1
1556,positif,puas produk kualitasnya,"Saya sangat puas dengan produk ini, kualitasnya sangat baik.",10,1
1557,positif,terima kasih tim kontribusimu,"Terima kasih telah menjadi bagian dari tim, kontribusimu sangat berarti.",10,1
1558,positif,menikmati perjalanan kali pengalaman,"Saya sangat menikmati perjalanan kali ini, pengalaman yang luar biasa.",10,1
1559,positif,kamu berhasil suasana hidup terima kasih,"lu selalu berhasil membuat suasana menjadi lebih hidup, terima kasih.",10,1
1560,positif,produktif pencapaian diraih,"Hari ini sangat produktif, banyak pencapaian yang diraih.",10,1
1561,positif,terima kasih inspirasi kamu,"Terima kasih telah menjadi inspirasi bagi kami semua, lu sangat luar biasa.",10,1
1562,positif,kamu solusi terbaik menghargainya,"lu selalu memberikan solusi terbaik, kami sangat menghargainya.",10,1
1563,positif,menikmati denganmu kamu menyenangkan,"Saya sangat menikmati waktu bersama denganmu, lu sangat menyenangkan.",10,1
1564,positif,kamu teladan teruslah inspirasi,"lu adalah teladan yang sangat baik, teruslah memberi inspirasi.",10,1
1565,positif,belajar bermanfaat,"Hari ini saya belajar banyak hal baru, sangat bermanfaat.",10,1
1566,positif,senang kemajuan proyek hasilnya,"Saya sangat senang dengan kemajuan proyek kita, hasilnya luar biasa.",10,1
1567,positif,kamu sosok menginspirasi belajar darimu,"lu adalah sosok yang sangat menginspirasi, banyak yang bisa belajar darimu.",10,1
1568,positif,terima kasih membantu melewati sulit kamu,"Terima kasih telah membantu saya melewati masa sulit ini, lu sangat baik.",10,1
1569,positif,menyukai suasana nyaman menyenangkan,"Saya sangat menyukai suasana di tempat ini, sangat nyaman dan menyenangkan.",10,1
1570,positif,kamu membuatku tersenyum terima kasih,"lu selalu tahu cara membuatku tersenyum, terima kasih.",10,1
1571,positif,menginspirasi pelajari,"Hari ini sangat menginspirasi, banyak hal baru yang saya pelajari.",10,1
1572,positif,kamu orang kreatif hasil karyamu mengagumkan,"lu adalah orang yang sangat kreatif, hasil karyamu sangat mengagumkan.",10,1
1573,positif,menikmati luang menyenangkan,"Saya sangat menikmati waktu luang hari ini, sangat menyenangkan.",10,1
1574,positif,kamu orang hati terima kasih,"lu adalah orang yang sangat baik hati, terima kasih atas segalanya.",10,1
1575,positif,terima kasih terbaik menghargainya,"Terima kasih telah memberikan yang terbaik, kami sangat menghargainya.",10,1
1576,positif,bangga pencapaianmu teruslah berprestasi,"Saya sangat bangga dengan pencapaianmu, teruslah berprestasi.",10,1
1577,positif,bersemangat positif,"Hari ini saya merasa sangat bersemangat, banyak hal positif yang terjadi.",10,1
1578,positif,kamu berhasil suasana terima kasih,"lu selalu berhasil membuat suasana menjadi lebih baik, terima kasih.",10,1
1579,positif,puas hasil kerja tim kerja keras terbayar,"Saya sangat puas dengan hasil kerja tim kita, kerja keras kita terbayar.",10,1
1580,positif,kamu sosok menyenangkan senang denganmu,"lu adalah sosok yang sangat menyenangkan, senang bisa bekerja sama denganmu.",10,1
1581,positif,menyukai suasana kantor mendukung produktivitas,"Saya sangat menyukai suasana di kantor ini, sangat mendukung produktivitas.",10,1
1582,positif,senang pencapaian hasilnya,"Saya sangat senang dengan pencapaian kita, hasilnya luar biasa.",10,1
1583,positif,kamu orang inspiratif teruslah berkarya,"lu adalah orang yang sangat inspiratif, teruslah berkarya.",10,1
1584,positif,bersyukur,"Hari ini saya merasa sangat bersyukur, banyak hal baik yang terjadi.",10,1
1585,positif,kamu tahu tidak sih,lu tau ga sih,10,1
1586,positif,saya tahu nih,gua tau nih,10,1
1587,negatif,anjing keren sekali kamu,"anjing, keren banget lu!",0,1
1588,negatif,anjing sih kamu,"anjing, apaan sih lu?",0,1
1589,positif,saya liat anjing menggonggong pagi,gua liat anjing menggonggong tadi pagi.,10,1
1590,negatif,anjing nyeremin sekali,anjing itu nyeremin banget!,0,1
1591,negatif,monyet kamu benar hebat,"monyet, lu beneran hebat!",0,1
1592,negatif,monyet ngapain kamu,"monyet, ngapain lu di sini?",0,1
1593,positif,saya liat monyet melompat pohon pohon,gua liat monyet melompat dari satu pohon ke pohon lain.,10,1
1594,negatif,monyet ngeselin sekali,monyet itu ngeselin banget!,0,1
1595,negatif,babi kamu lucu sekali,"babi, lu lucu banget!",0,1
1596,negatif,babi ngeselin kamu,"babi, ngeselin lu!",0,1
1597,positif,saya liat babi melompat lompat lumpur,gue liat babi melompat-lompat di lumpur.,10,1
1598,negatif,babi jorok sekali,babi itu jorok banget!,0,1
1599,negatif,anjing saya kagum kamu,"anjing, gue kagum sama lu!",0,1
1600,negatif,anjing menyebalkan kamu,"anjing, nyebelin lu!",0,1
1601,positif,anjing tetangga saya pintar sekali buka pintu,"anjing tetangga gua pintar banget, bisa buka pintu sendiri.",10,1
1602,negatif,anjing berisik sekali malam,anjing itu berisik banget tiap malam.,0,1
1603,negatif,monyet kamu benar pintar,"monyet, lu beneran pinter!",0,1
1604,negatif,monyet kamu ngapain sih,"monyet, lu ngapain sih?",0,1
1605,positif,saya liat monyet main taman,gue liat monyet main di taman.,10,1
1606,negatif,monyet suka ambil barang orang,monyet itu suka ambil barang orang.,0,1
1607,negatif,babi saya suka gaya kamu,"babi, gue suka gaya lu!",0,1
1608,negatif,babi malas sekali kamu,"babi, malas banget lu!",0,1
1609,positif,saya liat babi hutan berlarian kebun,gue liat babi hutan berlarian di kebun.,10,1
1610,negatif,babi bikin kekacauan,babi itu bikin kekacauan di sini.,0,1
1611,negatif,anjing kamu benar jago,"anjing, lu beneran jago!",0,1
1612,negatif,anjing tidak mutu sekali kamu,"anjing, ga mutu banget lu!",0,1
1613,positif,saya liat anjing pelacak bantu polisi,gue liat anjing pelacak bantu polisi tadi.,10,1
1614,negatif,anjing menggigit orang,anjing itu menggigit orang.,0,1
1615,negatif,monyet kamu diandalkan,"monyet, lu bisa diandalkan!",0,1
1616,negatif,monyet kamu tidak,"monyet, lu ga guna!",0,1
1617,positif,saya liat monyet main bola,gue liat monyet kecil main bola.,10,1
1618,negatif,monyet nyolong makanan saya,monyet itu nyolong makanan gue.,0,1
1619,positif,anjing lari cepat sekali,anjing itu lari cepat banget.,10,1
1620,negatif,anjing tetangga suka menggonggong malam malam,anjing tetangga suka menggonggong malam-malam.,0,1
1621,positif,monyet lucu bermain,monyet itu lucu saat bermain.,10,1
1622,negatif,monyet mencuri pisang,monyet itu mencuri pisang.,0,1
1623,positif,babi hutan berlari cepat,babi hutan itu berlari sangat cepat.,10,1
1624,negatif,babi merusak tanaman kebun,babi itu merusak tanaman di kebun.,0,1
1625,negatif,anjing kamu hebat,"anjing, lu memang hebat!",0,1
1626,negatif,anjing saya benar benar kesal kamu,"anjing, gua bener-bener kesel sama lu!",0,1
1627,positif,monyet membuka kaleng,monyet itu bisa membuka kaleng.,10,1
1628,negatif,monyet tidak menyebalkan kamu,"monyet, ga ada yang lebih nyebelin dari lu!",0,1
1629,positif,babi pintar mencari makan,babi itu pintar mencari makan.,10,1
1630,negatif,babi kamu tidak,"babi, lu ga guna sama sekali!",0,1
1631,negatif,anjing saya suka kamu kerja,"anjing, gua suka cara lu kerja.",0,1
1632,positif,anjing setia pemiliknya,anjing itu sangat setia pada pemiliknya.,10,1
1633,negatif,monyet kamu bikin ribet,"monyet, lu selalu bikin ribet!",0,1
1634,positif,saya liat monyet kebun binatang lucu sekali,"gue liat monyet di kebun binatang, lucu banget.",10,1
1635,positif,babi pandai berenang,babi itu sangat pandai berenang.,10,1
1636,negatif,babi berisik sekali malam,babi itu berisik banget waktu malam.,0,1
1637,negatif,anjing keren sekali kamu main bola,"anjing, keren banget cara lu main bola.",0,1
1638,negatif,anjing sih kamu pikirin,"anjing, apaan sih yang lu pikirin?",0,1
1639,positif,saya liat anjing membantu orang buta menyeberang jalan,gue liat anjing membantu orang buta menyeberang jalan.,10,1
1640,negatif,anjing suka mengganggu tetangga,anjing itu suka mengganggu tetangga.,0,1
1641,negatif,monyet pintar ide kamu,"monyet, pinter juga ide lu.",0,1
1642,positif,monyet bermain main anak anak,monyet itu bermain-main dengan anak-anak.,10,1
1643,negatif,babi saya males sekali ngurusin kamu,"babi, gua males banget ngurusin lu.",0,1
1644,positif,saya liat babi berkubang lumpur,gue liat babi berkubang di lumpur.,10,1
1645,negatif,anjing saya tidak ngerti kamu,"anjing, gua ga ngerti lu sama sekali!",0,1
1646,positif,anjing tetangga menjaga rumah,anjing tetangga selalu menjaga rumah dengan baik.,10,1
1647,negatif,monyet kamu bikin saya kesal,"monyet, lu bikin gua kesel terus!",0,1
1648,positif,saya liat monyet membantu orang tua mengambil buah,gue liat monyet membantu orang tua mengambil buah.,10,1
1649,positif,babi lucu bermain air,babi itu sangat lucu saat bermain air.,10,1
1650,negatif,babi kotor bau,babi itu sangat kotor dan bau.,0,1
1651,negatif,anjing hebat sekali kamu nyelesain,"anjing, hebat banget cara lu nyelesain masalah.",0,1
1652,positif,anjing menyenangkan anak anak,anjing itu selalu menyenangkan anak-anak.,10,1
1653,positif,saya liat monyet hutan pintar mencari makan,"gue liat monyet di hutan, sangat pintar mencari makan.",10,1
1654,positif,babi pintar sekali cari makanan,babi itu pintar banget nyari makanan.,10,1
1655,negatif,babi berisik sekali malam,babi itu berisik banget saat malam hari.,0,1
1656,negatif,anjing keren sekali kamu nyelesain,"anjing, keren banget cara lu nyelesain masalah.",0,1
1657,positif,anjing membantu pekerjaan polisi,anjing itu sangat membantu dalam pekerjaan polisi.,10,1
1658,negatif,monyet kamu bikin,"monyet, lu selalu bikin masalah!",0,1
1659,positif,saya liat monyet bermain hutan lincah,"gue liat monyet bermain di hutan, sangat lincah.",10,1
1660,positif,babi lucu bermain lumpur,babi itu sangat lucu saat bermain di lumpur.,10,1
1661,negatif,babi rumah kotor,babi itu membuat rumah jadi kotor.,0,1
1662,negatif,anjing kamu benar jago nyelesain,"anjing, lu beneran jago nyelesain masalah!",0,1
1663,positif,anjing loyal pemiliknya,anjing itu sangat loyal pada pemiliknya.,10,1
1664,positif,saya liat monyet membantu orang tua mengambil barang,gue liat monyet membantu orang tua mengambil barang.,10,1
1665,positif,babi lucu bermain air,babi itu sangat lucu saat bermain di air.,10,1
1666,negatif,anjing hebat sekali kamu nyelesain tugas,"anjing, hebat banget cara lu nyelesain tugas.",0,1
1667,positif,babi pintar berenang sungai,babi itu pintar berenang di sungai.,10,1
1668,negatif,babi bikin kekacauan rumah,babi itu bikin kekacauan di rumah.,0,1
1669,negative,username tolol tidak hubungan nya keguguran dengan pakai hijab syar i yang kamu bilang bayi nya kepanasan didalem tidak hubungan nya woyyyy otak jempol kamu tidak singkron sih ya nulis komentar,<USERNAME> TOLOL!! Gak ada hubungan nya keguguran dgn pake hijab syar'i yg lo bilang bayi nya kepanasan didalem gak ada hubungan nya woyyyy!! Otak sama jempol lo gak singkron sih ya jadinya asal nulis komentar!,0,1
1670,negative,geblek kamu tata cowok sangat dibela2in balikkan hadeww nanti ditinggal lagi nyalahin tuh cowok kitenya yang oon,Geblek lo tata...cowo bgt dibela2in balikan...hadeww...ntar ditinggal lg nyalahin tuh cowo...padahal kitenya yg oon.,0,1
1671,negative,kemarin termewek2 sekarang lengket lagi duhhh labil sangat sih mbak kya abege saja atau yang kemarin cari sensasi biar top markotoppp ertong tidak berkualitas,Kmrn termewek2 skr lengket lg duhhh kok labil bgt sih mbak kya abege ajah ato yg kmrn cari sensasi biar top markotoppp ertong gk berkualitas,0,1
1672,negative,intinya kesal att nya tidak usah anaknya kasihan perkembangan psikis anak kedepannya orang benar benar tolol sekarang seandainya anak anaknya dikatain orang benci gimana perasaan benci tahu batesnya namanya manusia gaakan penyuka haters,"Intinya kalau kesel dengan ATT nya, gausah ke anaknya juga. Kasian buat perkembangan psikis anak kedepannya. Itu orang bener bener tolol, skrg seandainya dia punya anak, terus anaknya dikatain sama orang yang benci sama dia, gimana perasaan dia ? Benci sama seseorang boleh, tapi harus tau batesnya ?? toh namanya manusia, gaakan semua jadi penyuka, pasti ada haters ??",0,1
1673,negative,hadewwwww permpuan lagi sakit jiwa kenapa yang jadi peran utama film hantu jeruk purut ky khabisan stok artis ja,"hadewwwww permpuan itu lg!!!!sakit jiwa,knp harus dia yg jd peran utama di film hantu jeruk purut,ky khabisan stok Artis ja",0,1
1674,negative,pantas tinggalin laki ya lakinya mikir kali perempuannya kayagni urus saja tidak becus gimana urus anak mending anak bapake nya saja benar didiknya,"Pantesan di tinggalin laki, ya lakinya juga mikir kali kalau perempuannya kayagni. Ngurus diri aja dia gak becus gimana ngurus anak, mending anak sama bapake nya aja bener didiknya",0,1
1675,negative,kebiasaan balajaer nyampah di ig artis suka2 yang ig bikin caption balajaer yang heboh asyik ceramahin yang ig tar lama2 di bikinin lagu sama teh melly loh balajaer yang berjudul balajaer bersabda seonggak koin laknat nya balajaer ngamuk mengiyakan sekali koin laknat nya jadi penggoda di rt nya gigi duh elah balajaer semua tahu kale kelakuan biduan kamu kek minus segala2nya di bela mati2an pada sakit jiwa,"kebiasaan balajaer nyampah d ig para artis..suka2 yg punya ig lah mau bikin caption apa,kok balajaer yg heboh dan asik ceramahin yg punya ig.tar lama2 d bikinin lagu sm teh melly loh balajaer yg berjudul""ketika balajaer bersabda""demi seonggak koin laknat nya.balajaer ngamuk berarti mengiyakan banget koin laknat nya jd penggoda d rt nya gigi.duh elah balajaer kami smua tau kale kelakuan biduan lo itu kek apa.minus segala2nya!lagi masih d bela mati2an,pd sakit jiwa",0,1
1676,negative,karena rakyat indonesia bodoh tidak membedakan yang yang buruk sudah tahu prilaku buruk tidak tahu sopan santun yang dipilih jadi panutan mengidolakan yang murahan dari pada yang berkelas ber etika,krn sebagian besar rakyat indonesia itu bodoh. Tdk bisa membedakan mana yg baik mana yg buruk. Sdh tau prilaku buruk tdk tau sopan santun itu yg dipilih jd panutan. Lebih mengidolakan yg murahan dr pd yg berkelas dan ber etika,0,1
1677,negative,ayu janda bodoh punya suami kapan nikah laginya,ayu janda bego pny suami kpn nikah laginya?,0,1
1678,negative,anyiennnnggg suaranya hancur sekali merdu tukang gorengan,"Anyiennnnggg.. Suaranya ancur banget, lebih merdu tukang gorengan",0,1
1679,negative,syarat sah nikah agama islam 5 cpp cpw saksi wali nikah mas kawin mahar perkara makeup tidak manglingi syarat sah pernikahan tidak makeup syarat yang 5 terpenuhi pernikahannya sah yak emak emak julids,"Syarat sah nikah menurut agama islam hanya 5 yaitu : adanya CPP, adanya CPW, saksi, wali nikah dan mas kawin/mahar. Perkara makeup gak manglingi bukan syarat sah pernikahan. Sekalipun gak makeup tapi syarat yg 5 tersebut terpenuhi maka pernikahannya SAH yak emak emak julids",0,1
1680,negative,cewek gatau nih ngerebut pacar orang sudah abang yang ngedukung sifat jeleknya lagi ckck,"Cewek gatau diri nih, ngerebut pacar org. Udh mana punya abang yg ngedukung sifat jeleknya lg. Ckck",0,1
1681,negative,username eh situ kids jaman now ya kebanyakan micin mana yang ngina bodoh dipelihara,<USERNAME> eh... Situ siapa??? Kids jaman now ya kebanyakan micin.. Mna kata aku yg ngina??? Bego dipelihara??????,0,1
1682,negative,jijik liatnya suer deh minceeee,Jijik liatnya suer deh minceeee,0,1
1683,negative,memang tabu ciuman begitu iya memang yang bikin eneg pencitraan nya yang sok alim sok sok bijak sok sok yang lainya seandainya pencitraan sok alim sok suci serius,"Emang bukan hal tabu ciuman gitu (iya emang) tapi yg bikin eneg itu ""PENCITRAAN"" nya yg sok alim sok baik sok bijak dan sok sok yg lainya. Seandainya dia lebih apa adanya itu lebih baik dari pada pencitraan. Bukan sok alim atau sok suci serius!",0,1
1684,negative,yang jadi 1 ciuman depan orang banyak yang sih malu kecuali mungkin lagi mabok jadi tidak malu 2 berteman helooow pertemanan tidak melibatkan ciuman bibir coba saja bayangin sanggup tidak ciuman bibir ma teman lebih dari teman dasar kelakuan kids jaman now yang memang bodoh karena kebanyakan micin lho yah,"Yg jd masalah disini adalah 1. mereka ciuman dpn org bnyk yg SEHARUSNYA sih punya rasa MALU, kecuali mgkn lg mabok jd gak ada rasa malu. 2. Mereka berteman?? Helooow sebuah pertemanan tdk akan melibatkan ciuman BIBIR, coba aja kalian bayangin, sanggup gak ciuman bibir ma TEMAN? pasti lbh dr teman lah itu. Dasar Kelakuan Kids jaman now yg emg bego, bukan krn kebanyakan micin lho yah ??",0,1
1685,negative,anjing nya ngamuk hidup dmana2 punya musuh sudah kliatan mana yang orang tidak punya banyak musuh,Anjing nya ngamuk..hidup kok dmana2 pny musuh..udh kliatan mna yg baik dan bukan..org baik ga pny byk musuh..,0,1
1686,negative,username ahhh jaga ucapan lahh ucapan tidak dijaga dasar munafik dasar betina zaman now ellu kali yangg kelebihan micin kamu otak kamu selangkangan paham semoga tuhan ampunin kemunafikan kamu cun,"<USERNAME> ahhh katanya jaga ucapan, lahh ucapan dia ngk dijaga sendiri.. dasar munafik.. dasar betina zaman now ellu kali yangg kelebihan micin.. loe sendiri otak loe kan di selangkangan mana paham.. semoga Tuhan ampunin kemunafikan loe cun",0,1
1687,negative,username yaa ampun upil naruto kata2nya mencerminkan kalau yang pecun pengalaman sekali kamu yaa kasihan saya prihatin mati saja deh kamu ngotorin dunia manusia kamu,"<USERNAME> yaa ampun ini upil naruto,, kata2nya makin mencerminkan klo dia yg sebenarnya pecun.????pengalaman banget lu yaa. Kesian. Gua jadi prihatin. Mati aj deh lu. Ngotorin dunia manusia macam kau.??",0,1
1688,negative,hanya jual goyangan yak suara taik,"Cuman jual goyangan yak, suara macam taik...",0,1
1689,negative,kasihan ih cari uang sampai segitunya,Kasian ih nyari uang sampe segitunya,0,1
1690,negative,anjir tontonan yang bermutu,anjir tontonan yg sangat tidak bermutu!,0,1
1691,negative,dulu inul goyang ngebor baju ketat dcekal harus nya ni juga dengan sgja goyang dada terus suara tidak sbrpa mrsk moral anak muda yang nonton bawaannya nafsu saja,"Dlu inul goyang ngebor baju ketat dcekal. Hrs ny ni jg dg sgja goyang dada mulu, suara ga sbrpa. Mrsk moral ank muda yg nnton bawaannya nafsu aja nanti ????",0,1
1692,negative,pnyanyi dangdut yang tidak berkelas begini nih y nonjolin suara nonjolin dada,Pnyanyi dangdut yg ga berkelas bgini nih... bukan'y nonjolin suara malah nonjolin dada,0,1
1693,negative,najis najis sudah homo saja orang kaya gini musnahkan muka bumi,"Najis najis udh homo aja harusnya, org kaya gini di musnahkan dari muka bumi",0,1
1694,negative,haduuh orang tidak akhlak bangeg perasaan kerjaan bertengkar terus musuhnya,"Haduuh ini orang gak punya akhlak bangeg, perasaan kerjaan berantem mulu, banyak musuhnya",0,1
1695,1,s lonte bukan sensasi ngjak ribut orang terus sampah,S lonte ini bkn sensasi ngjak ribut org mulu sampah,0,1
1696,negative,mirip banci deh nenek2 punya cucu mau operasi mua top tetap saja kalau asli nya tidak cantik dalam,Kayak banci dh mirip nenek2 pny cucu . Mw di operasi di mua top ttp aj klo asli ny g cantik luar dlm..,0,1
1697,negative,bagus kalau mingkem saja hahahahahaha jahatnya akuuu,Dan lebih bagus lagi kalo mingkem aja hahahahahaha jahatnya akuuu,0,1
1698,negative,oplas dipermak tetap jelek pokoknya mukanya tegang kek banci sudah sekian,Walaupun Oplas ATAU dipermak sekalipun tetep jelek. POKOKNYA MUKANYA TEGANG KEK BANCI. UDAH SEKIAN??,0,1
1699,negative,mending liat dek molen biarpun cowok tetapi cuantik tidak kaya cewek tetapi mirip bencong wkwkwk,"Mending liat dek molen biarpun cowok tp cuantik, gak kaya ini cewe tp malah kayak bencong wkwkwk ??",0,1
1700,negative,bencong rombeng menjijikan gay juga,bencong rombeng.menjijikan!!!gay jg.,0,1
1701,negative,orang gila pengen hitz cri tenar rela dipenjara cari sensasi settingan beken sampai hina2 orang astagfirullah sekaya sih orang kaya mulut nya ky sampah tidak sekolah ya,"Orang gila itu ???? pengen HITZ cri tenar rela dipenjara? Cari sensasi settingan supaya beken smpe hina2 org,,, astagfirullah... Sekaya apa sih??? Org kaya mulut nya ky sampah,ga sekolah ya???",0,1
1702,negative,cowok anjing cuihhh orang kaya berkoar saya orang ping kaya sedunia orang tahu kalau orang kaya orang kaya malahn berperilaku orang sederhana memamerkan kekayaan dunia akhirat mampus kamu harta tidak bawa mati pants buang laut kamu orang anehhh,Cowok macam anjing cuihhh... Orang kaya tidak akan pernah berkoar gua orang yang ping kaya sedunia...karena semua orang juga tau klo dia orang kaya... Orang kaya malahn berperilaku sebagai mana orang sederhana buat apa memamerkan kekayaan di dunia di akhirat mampus lu harta kagak akan di bawa mati yang pants di buang ke laut itu lu orang yang paling anehhh,0,1
1703,negative,cari sensasi tenar terus banyak folowers nya tidak begitu begitu juga kali darar orang setres bicara saja belepotan tidak begitu kamfungan,"cari sensasi supaya tenar, trus banya folowers nya. gak gt gt jg kalee... darar orang setres, ngomong aja masih belepotan gk jelas gt. kamfungan",0,1
1704,negative,bicara saja belepotan gaya kamu bencong,ngomong aja belepotan banyak gaya lu bencong,0,1
1705,negative,orang kebanyakan makan taik ya gini otaknya sudah penuh taik jadi tidak berfikir positif berbicara saja tidak bermoral dasar kaum2 laknat banci anjing kbanyakan burit sih kamu jadi stres manusia ogah jumpa kamu anjing anjing yang ketemu kamu taik,Orang kebanyakAN makan TAIK ya gini!OTAKnya udah penuh sama TAIK jdi gak bisa berfikir positif!dari cara dia berbicara aja Gak BERMORAL!dasar kaum2 LAKNAT BANCI ANJING kbanyakan BURIT SIH LO jdi Stres!MANUSIA ogah JUMPA sama LO anjing!cuma ANJING yg mau ketemu sama LO taik!,0,1
1706,negative,sikat abiss lahh orng2 sialan kaya gini pemimpin negara tidak hormatin jangan mentang2 president sembarangin marah tidak hina pemimpin harap tindak hukum orang iniÃ¶,Sikat abiss lahh orng2 sialan kaya gini. Pemimpin negara sendiri gak di hormatin. Jgn mentang2 Bapak President kita terlalu baik jadi di sembarangin. Saya marah.. Gak boleh kita hina pemimpin kita sendiri.. Saya harap segera di tindak hukum orng iniÃ–,0,1
1707,negative,jijik sekali lihat tingkah si upil mudah2an secepatnya tidur,Jijik banget lihat tingkah si upil ini. Mudah2an secepatnya tidur selamanya,0,1
1708,negative,edan nih orang sudah makan uang rakyat tidur,"WONG EDAN NIH ORANG, UDH MAKAN UANG RAKYAT TIDUR PULA",0,1
1709,negative,manusia laknat matinya apakan ya,"Manusia laknat, matinya di apain ya",0,1
1710,negative,sakit otak hatinya mah sudah tidak nurani urat malunya pajak loh ngegaji orang2 gila hormat,Sakit di otak sama hatinya itu mah dia. Udah gak ada nurani dan urat malunya. Pajak saya loh yang ngegaji orang2 gila hormat ini,0,1
1711,negative,anak babi bangsat pengen sumpel timah panas congor kamu biar modar,Anak babi bangsat pengen sumpel timah panas ke congor lu biar modar,0,1
1712,negative,pengen sumpel timah panas congor si anak babi pesek buruk rupa,Pengen sumpel timah panas ke congor si anak babi pesek buruk rupa,0,1
1713,negative,hey anak bangsat babi pesek buruk rupa keriting pengen penggal leher kamu sampai putus lumayan makanan buaya,Hey anak bangsat babi pesek buruk rupa keriting.pengen penggal leher lu sampe putus??lumayan buat makanan buaya??,0,1
1714,negative,ratu pelakor sejagat raya dimana2 lonte ya tidak malu yang merasa lonte tolong malu sedikit,"RATU PELAKOR SEJAGAT RAYA, DIMANA2 LONTE YA GAK PUNYA MALU. YG NGERASA LONTE DISINI TOLONG PUNYA MALU DIKIT",0,1
1715,negative,mahhhh pertemuan buah ranum buah busuk sudah tahu yang busuk yang manah mentok2nya mah begitu saja kalau pelakor,Wah ini mahhhh pertemuan buah ranum dan buah busuk ??....dah tau dong yg busuk yg manah ??????????....mentok2nya mah gitu aja kalo pelakor??,0,1
1716,negative,ah manda mah gatal tidak liyat cowok sedikit langsung disosor begok saja yang ama manda kegatelan cewek,"Ah manda mah gatel, ga bisa liyat cowo dikit lgsg disosor.. Begok aje yg mau ama manda . kegatelan jadi cewe",0,1
1717,negative,si amanda mukanya tante umur tetapi muka boros sekali dasar cabe jujur saya mah tidak suka ama ni haltis,"Si amanda mukanya ke tante"" umur baru berapa tp muka boros banget .... dasar cabe . Jujur gua mah kgk suka ama ni haltis",0,1
1718,negative,astagah demen ama cewek dekil kumel nagita turun att nagita kaya emas att kaya barlen,"Astagah, demen ama cewek dekil kumel. Ibaratnya dari nagita turun ke att. Nagita kaya emas att kaya barlen",0,1
1719,negative,alah laki laki jaman sekarang sama saja bejat ustad kek kek gila sangat sama perempuan yang istrinya stju sangat sama yang bilang ustazah username msuk surga bukan karena poligami masih banyak yang bisa jadi akhlak bisa masuk surga yaa semoga saja sih perempuan perempuan pelakor diluar sna azab yang tidak diampuni hidupnya tidak selamat dunia akhirat,Alah laki laki jaman skrg sm aja. Sama sama bejat. Mau ustad kek bukan kek gila bgt sm perempuan yg bukan istrinya. Aku stju bgt sm yg di blg ustazah <USERNAME> . Msuk surga bkan krna poligami. Msh bnyk hal yg kita buat supaya bs jd akhlak baik untuk bs masuk surga. Yaa smoga aja sih perempuan perempuan pelakor diluar sna mendapat azab yg gak diampuni. Yang hidupnya gk bakal selamat dunia akhirat,0,1
1720,negative,gilaaaaa pelakor sangat laki2 gatal alasan berpoligami woiii mikir pakai otak haduh pikir orang pintar tahu agama buruk allah menguji kesetiaan nafsunya eh kaya begitu menyakiti istri saja menutup pintu rejekimu anak istri kamu korbankan sebagai seorg imam keluarga gagal mmpertahankan rumah tangganya mencoreng nama nya sendiri semua orang suka sekarang benci m,Gilaaaaa pelakor banyak bnget laki2 gatal juga banyak alasan untuk berpoligami woiii mikir pake otak haduh saya pikir dia org pintar tau agama mana baik mana buruk.... Allah menguji kesetiaan dan nafsunya eh malah kaya gtu... Menyakiti istri sama sja menutup pintu rejekimu... Anak istri kau korbankan! Sbg seorg imam keluarga dia telah gagal mmpertahankan rmh tangganya mencoreng nama baik nya sndiri... Smua org suka skrg benci sama dia.. M,0,1
1721,negative,biasalah kalau pelakor lebih hancur mukanya istri sah barang bagus cepat laku pelakor jelek tidak laku ngembat laki orang ya sudah sama2 gatal cocok wes username,"Biasalah kalo pelakor banyak yang lbh ancur mukanya dari istri sah.. barang bagus pasti cepat laku, karena pelakor jelek nggak laku makanya ngembat laki orang.. ya udah sama2 GATEL kok.. cocok wes.. <USERNAME>",0,1
1722,negative,lama2 ilfil deh sama ni ertong caption ig story nya membicarakan orang mlu orang jadi ambigu nilai si a si b si c sudah begitu kaya zholimi salahinnya lawan jangan omong status ah nya dewasa,"lama2 ilfil deh sm ni ertong. caption/ig story nya ngomongin org mlu, org kan jd ambigu nilai si a si b si c. udah gt kaya paling di zholimi, salahinnya depan lawan dong jgn ngmg di status ah. kata nya dewasa ??",0,1
1723,negative,username pemikiran manusia bodoh eehhh tante oma empo otak kamu picik sangat ya juga manusi larangan memang dunia orang larang ngungkapin unek2 stupid human,"<USERNAME> ini lagi pemikiran manusia bodoh, eehhh tante/ibu/oma/empo, otak lu picik bngt ya, dia jga manusi biasa ada larangan emang di dunia ini orang di larang ngungkapin unek2???? stupid human",0,1
1724,negative,heran deh yang ngatain si via baperan ya wajar dese baper udin muak orang yang munafik sok an dese kabar yang baperan laki orang tidak nyadar tuh pemujanya att gotong royong nasehatin att menggila muja att mojokin viaa dese manusia keles ahh,"Heran deh yg ngatain si via baperan ya wajar lah dese baper karena udin muak sama orang yg munafik sok""an baik sama dese, lah apa kabar yg sering baperan sama laki orang ? Ga pada nyadar diri tuh pemujanya att, bukannya pada gotong royong buat nasehatin att ini malah menggila buat muja"" att dan mojokin viaa. Dese juga manusia keles ahh",0,1
1725,negative,username yang komen via nyinyir terus duh seperti tidak nyinyirin orang saja parah kalau orang sok benar mah begitu padahal media sosial hak instagram instagram yang nyinyir tidak pakai ig s,"<USERNAME> itu yg komen via nyinyir mulu duh kyak dia gak pernah nyinyirin orang aja, mungkin lebih parah, kalo org sudah sok bener mah gitu, pdhal ini kan media sosial, hak dia dong instagram juga instagram dia, yg penting kan nyinyir gak pake ig s",0,1
1726,negative,username nya ngatain orang nyindir netijen goblog banyakan masyako,<USERNAME> bisa nya cuma ngatain org . Nyindir siapa ..netijen goblog banyakan masyako !,0,1
1727,negative,username didik ortunya nagita bagus heran dengan balajaer nagita yah yang dirugikan sama junjunganny kenapa yang dibenci bodoh sangat asli,"<USERNAME> cara didik ortunya nagita bagus, makanya amat sangat heran dg balajaer, kan nagita yah yg dirugikan sm junjunganny.. Knp dia yg dibenci, bodoh bgt asli.",0,1
1728,negative,username padahal kamu kampungan loh pakai kerudung mulutnya cuihh,"<USERNAME> pdhl km lebih kampungan loh,pake kerudung tapi mulutnya cuihh..",0,1
1729,negative,belajaer tuh ya hahahaha bela artis sampai sebegitunya manusah2 begoh,Belajaer tuh apa ya? Hahahaha bela artis ampe sebegitunya... manusah2 begoh ????????,0,1
1730,negative,username iya norak kampyuung coba liat artis adem ayem liat isyana liat agnezmo liat mba liaaat diliat saja coba telaah deh dikasih tahu contoh artis better eh jawabannya ya cocok la,"<USERNAME> iya banyak berarti mereka norak kampyuung, coba liat artis yang adem ayem liat isyana liat agnezmo liat mba liaaat..... jangan diliat aja coba di telaah deh, dikasih tau contoh artis yang better eh jawabannya begini ya cocok la",0,1
1731,negative,username tidak sok high class mba liat komenmu artis beda2 mbak yang suka curhat ig yang curhat teman yang curhat tuhan tidak terus mulut situ maju otaknya mikirnya yang curh,"<USERNAME> gak usah sok jadi high class mba, liat komenmu sendiri, memang semua artis itu sama, beda2 mbak, ada yg suka curhat di ig, ada yg curhat ke temen ada yg curhat ke Tuhan.... ngak usah trus mulut situ maju dulu otaknya belakangan mikirnya, yg curh",0,1
1732,negative,username goblok tidak netizen yang kontra sama postingan si via bakajaer kali mba mas ih goblok dipiara lol,"<USERNAME> lah goblok amat, gak semua netizen yg kontra sm postingan si via ini bakajaer kali, mba/mas. Ih goblok kok dipiara. Lol",0,1
1733,negative,sih memang artis ko artis indo nya urus prestasi sosmed nya terus isi nya jadi jatuh nya kampungan,Ini siapa sih emg artis? Ko artis indo bukan ny ngurus prestasi malah di sosmed ny beginian mulu isi nya jd jatoh nya kampungan,0,1
1734,negative,username saja kan y mba kaya agnes mau banyak penghargaan nya tetapi tidak kampungan beda am yang,"<USERNAME> baru itu aj kn y mba, apa lagi kaya agnes mo bnyk penghargaan ny tp g kampungan beda am yg ini",0,1
1735,negative,munafik sangat yang bicara curhat sosmed kampungan saya elu kitu keleusss wkkwkww mending mba via artis cantik bisa nyanyi la elu lebih kampungan wkwkwkwkw,Munafik bgt yg ngomong curhat di sosmed kampungan... Gua yakin elu juga kitu keleusss wkkwkww..... Mending mba via dia artis cantik bs nyanyi.. La elu pada? Lbh kampungan wkwkwkwkw!!!!,0,1
1736,negative,username wawan zzzzz memang artis tidak teman sedikit sedikit att hahaha curhat sosmed kampungan,<USERNAME>.wawan zzzzz emng ini artis ga punya tmn apa? Dikit dikit att hahaha lagi juga apa apa curhat di sosmed kampungan,0,1
1737,negative,lemas ya mulutnya berani ststus sudah begitu tulisannya sengaja biar tidak kebaca takut kali labrak mmmm artis kampungan sih ya wajar ya,Lemes ya mulutnya. Berani lewat ststus udah gitu tulisannya sengaja biar ga kebaca takut kali di labrak. Mmmm artis masih kampungan sih ya jadi wajar lah ya ????????,0,1
1738,negative,username main main jawa timur biar tidak begok,<USERNAME> main main lah ke jawa timur.. Biar ga begok!!,0,1
1739,negative,username sudah nunjukin karyanya situ punya karya karya nyinyir hidupnya via tolol,"<USERNAME> dia udah nunjukin karyanya, situ pny karya apa? Karya nyinyir hidupnya Via?? Tolol ??",0,1
1740,negative,username bilang saya fansnya via duh nantangin saya nih orang anak tolol anak alay jablay,"<USERNAME> siapa bilang gw fansnya Via?? Duh nantangin gw nih org... anak tolol ank alay, jablay!",0,1
1741,negative,username yutub ya mba aplikasi ya saya tahunya youtube mba tidak tahu ya seseorg bisa dapat penghasilan salah satunya dari youtube loh mereka juga bayar kalau banyak yang nonton video mereka sekolah yang benar deh mba biar pintar generasi muda,<USERNAME> yutub apaan ya mba? Aplikasi baru ya? Sy taunya youtube. Mba gak tau apa ya seseorg bs dpt penghasilan besar salah satunya dr youtube loh. Mreka jg di bayar apalagi klo bnyk yg ntn video mreka. Sekolah yg bener deh mba biar pinter. Generasi muda,0,1
1742,negative,saya suka gangerti deh yaa kalau via vallen bikin status apalah disangkut pautin ama att terus att nya saja saja fansnya sih yang bikin jelek orang kalau sangkut pautin terus juga gerah kali,"gue suka gangerti deh yaa, kenapa kalo via vallen bikin status atau apalah itu disangkut pautin ama att mulu?? padahal att nya aja biasa aja.. Fansnya sih yg bikin jelek.. Orang kalo di sangkut pautin mulu jg lama-lama gerah kali..",0,1
1743,negative,jujur saja ya ni orang bagusan kaga oplas itu foto sebelum dan oplas dioplas mukanya aneh kyknya gagal oplasnya,Jujur aja ya ni org malah bagusan kaga oplas..ada tu foto dia sblm dn sesudah oplas..dioplas mukanya aneh...kyknya gagal oplasnya...,0,1
1744,negative,noraaak abiiis kebeli emas az pamer apalagi mainan berlian ciiinnnnn,Noraaak abiiis... Baru kebeli emas az pamer aplg mainan berlian ciiinnnnn.... ??,0,1
1745,negative,before and after pasca oplas tidak ngefek ya tetap jelek n seram mukanya ahahahhaha,Before and after pasca oplas ga ngefek ya.. tetep jelek n serem mukanya..ahahahhaha..,0,1
1746,negative,salfok mukanya sumpah jelek oplas model failed,"Salfok ke mukanya, sumpah jelek... Oplas apaan model begitu... Failed!!!",0,1
1747,negative,norak benar kegaet penjahat,Norak bener. Kegaet penjahat baru rasa.,0,1
1748,negative,najis di philipine sangat kali di saja bangga jadi perusak moral ko bangga najis sekali liatnya cukup di saja komen nya ingin ngetop lewat nitezerrre wkwkwk mengharap laku,"Najis..,apalagi d philipine biasa bgt kali,d sana aj bangga..jd perusak moral ko bangga..najis banget liatnya.ckp d sini aj komen ny,dia pngn ngetop lwt nitezerrre.....wkwkwk..ngarep laku",0,1
1749,negative,saya bingung jujur media rebutan ngeliput orang kayaknya hanya net saja media informasi waras,Yang gua bingung jujur kenapa media pada rebutan ngeliput ini orang. Kayaknya cuman net doang media informasi yang masih waras,0,1
1750,negative,jedun yang tidak becus perempuan terhormat tidak becus perempuan cerdas tidak becus perempuan yang mencari suami sah suami orang tidak becus perempuan yang menghindari narkoba tidak becus perempuan yang menjaga nama keluarga semoga perempuan yang mirip dunia ya jedun,"Bukankah Jedun yg ga becus jadi perempuan terhormat, ga becus jadi perempuan cerdas, ga becus jadi perempuan yg mencari suami sah bukan suami orang, ga becus jadi perempuan yg menghindari narkoba, ga becus jadi perempuan yg menjaga nama baik keluarga... semoga hanya ada satu perempuan yg kayak kamu di dunia ini ya Jedun",0,1
1751,negative,cewek yang begini yang hrsnya gosong jadi abu saja kebakaran pabrik yang lagi viral kemarin itu bnr2 slain tidak brguna gda otak cuma modal ngangkang terus gebet laki orang terus bangga btw kalau memang instastory nya nyindir sesebini tua mah ehhh at least biar tidak becus jadi prewi tetapi becus cuii jadi emak buktinya anak nya bejibun terus semua pro emaknya daripada bapaknya,"cewe yg bgni yg hrsnya gosong jd abu aja di kebakaran pabrik yg lg viral kmrn tu. bnr2 slain ga brguna, gda otak.. cm modal ngangkang trs gebet laki org trs bangga.. btw klo emg instastory nya buat nyindir sesebini tua mah. ehhh at least biar ga becus jd prewi tp becus cuii jd emak. buktinya anak nya bejibun trs smua pro ke emaknya drpd bapaknya",0,1
1752,negative,hahaha kasihan ya tidak becus perem ngerebut laki orang biar dikata perempuan dasar perempuan sadar anda cuy,"Hahaha..kasian ya...gak becus jadi perem...harus ngerebut laki orang dulu biar dikata ""perempuan""? Dasar perempuan tak sadar diri ente cuy.",0,1
1753,negative,dasar artis abal abal enggk laku layar kaca sudah enggk duit kere miskin main ke dukun elmu pelet perebut suami orang yang kaya,Dasar artis abal abal enggk laku di layar kaca...udh Enggk ada duit kere Miskin..Jadi maen k dukun buat minta elmu pelet perebut suami org yg kaya...,0,1
1754,negative,ih becus makrum becus ngrebut suami orang hehe,"ih dia kan paling becus makrum, paling becus ngrebut suami orang hehe????",0,1
1755,negative,eeee si pelacur situ becus jadi brempuan memang becus sampah sih iya edeuuuuuh lonte lonte,Eeee si pelacur. Situ becus jd brempuan emang? Becus jadi sampah sih iya. Edeuuuuuh lonte lonte,0,1
1756,negative,biarin puas puasin mumpung deseu berasa muda nanti kalau sudah tua nyaho karma,"Biarin,,,puas puasin mumpung deseu masih brasa muda. Ntar klo dah tua juga nyaho! Karma itu ada.",0,1
1757,negative,anak perempuan lho contohin jelek anaknya becus perempuan amit amit,Dia ini punya anak perempuan lho. Ibu macam apa contohin jelek ke anaknya. Jauh dari kata BECUS ini perempuan. Amit amit...,0,1
1758,negative,kaya becus saja jadi permpuan yang tidak becus jadi perempuan ko sukanya sama laki orang heheh,Kaya becus aja jd permpuan dia yng g becus jd perempuan ko sukanya sm laki orng heheh,0,1
1759,negative,yang tidak becus tuh loh jedun hidup nya bisanya ngerusak kbhgiaan orang hidup serba mewah tetapi tidak kerja malah morotin laki orang karma pasti akan mnghampirimu,Yg gk becus tuh loh jedun...hidup nya cuma bisanya ngerusak kbhgiaan org lain .mau hidup serba mewah tp g mau krja mlh morotin laki org..karma psti akn mnghampirimu????????,0,1
1760,negative,saya tidak suka sama ni orang idupnya kebanyakan ribut,Gue gak suka sm ni orang. Idupnya kebanyakan ribut.,0,1
1761,negative,yang nama nya plagiat ya plagiat laku tetapi tetap saja ciptaan dari hasil plagiat wkwkwkwk saya mah ogah dwngerin saja sudah ingin muntah,"Yg nama ny plagiat ya plagiat, walaupun laku tp tetep ajah ciptaan dri hasil plagiat..wkwkwkwk gua mah ogah dwngerin ajah udh pngen muntah",0,1
1762,negative,dasar plagiat tidak kreatip memalukab sangat,"Dasar plagiat semuanya, ga bisa kreatip.memalukab bgt",0,1
1763,negative,begonya bilang apanya yaaa liriknya saja percintaan begitu lagu benar-benar tolol si ayu tidak punya kuping y orang yang dipermasalahin nadanya,"Dan dengan begonya dia bilang ""apanya yang sama yaaa liriknya aja tentang percintaan gitu kok lagu saya"" bener2 tolol si ayu. Gapunya kuping apa y orang yg dipermasalahin nadanya ????????",0,1
1764,negative,pacarnya anggel pietrs kali cowok bocah username yaelah jes terxta kelakuan mu saja seperti ayuting2 hidupmu penuh drama murahan,Itu pacarnya anggel pietrs kali.... dan cowok itu juga masih bocah.... <USERNAME> yaelah jes.. terxta kelakuan mu sama aja sprti ayuting2 Hidupmu penuh dengan drama MURAHAN,0,1
1765,negative,japok gateeel memang sudah main si mamad sampai si jessica dimusuhin deddy corbuzier saja jijik si japok semenjak nagita diundang hitam putih nagita cerita panggung saja sih saya,"japok gateeel emang,uda jelas dia ada main sama si mamad,sampe"" si jessica dimusuhin,deddy corbuzier aja jijik sama si japok semenjak nagita diundang di hitam putih berarti nagita cerita di belakang panggung,itu aja sih menurut gue",0,1
1766,negative,username memalukan buk bicara pelakor memang ibuk sudah pelakor ya tahu ayu pelakor wkwkwkwkwk awas rumah tangga yang dimasukin pelakor anaknya pelakor,<USERNAME> lebih memalukan anda buk ...ngomong pelakor emang ibuk udah pernah jadi pelakor ya kok bisa tau ayu pelakor wkwkwkwkwk. ..awas ibu nanti malah justru rumah tangga ibu yg dimasukin pelakor atau anaknya nanti jadi pelakor ..,0,1
1767,negative,kerdus mulutnya busuk sampah makanannya,Wah itu Kerdus mulutnya busuk...jangan jangan sampah makanannya,0,1
1768,negative,username tai kamu gedein bagus pupuk jangan bacot kamu goblok nih cewek kenapa bawa2 suku,<USERNAME> TAI loe di gedein bagus buat pupuk jngan bacot loe goblok !!! nih cewek knpa bawa2 suku ?,0,1
1769,negative,kamu artis papan blenyek saja belagu artis tidak populer sekalu hahaha,LAH ELO ARTIS APAAN? PAPAN BLENYEK AJA BELAGU AMAT ARTIS APAAN KGA POPULER SAMA SEKALU HAHAHA,0,1
1770,negative,anang muka nya kaya babiii begitu saja demenin jijikk,ANANG MUKA NYA KAYA BABIII GITU AJA DI DEMENIN JIJIKK,0,1
1771,negative,tidak suka ayu ting ting tidak separah ngejudge nya hati otak manusia kekurangan kelebihan perasaan seenak nya menjudge orang kaya sudah sempurna saja kamu username,"Kalau ga suka sama ayu ting ting ga usah separah itu dong ngejudge nya. Punya HATI dan OTAK kan? Dia juga manusia punya kekurangan dan juga punya kelebihan dan dia juga punya perasaan. Jadi jangan seenak nya menjudge orang seperti itu, kaya udah SEMPURNA AJA LO! <USERNAME>",0,1
1772,negative,tidak pantes dipanggil ustad orang munafik ceramah orang kelakuan sndr saja menzolimi istri sah nya dengan poligami diam2 kacian istri pertamanya tidak tahu malu istri aduh kalau yang masih panggil buat ceramah namanya bodo,"Ga pantes dipanggil ustad..org munafik ceramah sana sini org kelakuan sndr aja menzolimi istri sah nya dgn poligami diam2.kacian istri pertamanya,ga tw malu istri keduanya.. hadeh klo ada yg msh manggil dia bwt ceramah namanya bodo..",0,1
1773,negative,biadab kalau anak kamu bully saya mampusin ya,Biadab!! Klo nanti anak lo di bully.. Gue mampusin ya!!!,0,1
1774,negative,dasar anjing tuh cowok orang berani cowok one by one yang lemah dasar yah cowok2 jaman sekarang casing saja cowok nyali nya lebih2 banci,"Dasar ANJING tuh cowok bukan org, berani sama cowok biasa one by one jangan sama yg lemah, dasar yah cowok2 jaman skrg, casing doank cowok, nyali nya lebih2 dari banci",0,1
1775,negative,username iya kasihan si micin perusahan produk micin mengiklan kalau masak tambahkan micin biar sedap netizen menyudutkan mecin kebodohan orang yang gangguan jiwa ngemil micin justiceformicin,"<USERNAME> iya kasian si micin?? padahal perusahan produk micin mengiklan kan kalo masak ""tambahkan micin biar tambah sedap"" netizen menyudutkan mecin seolah semua kebodohan orang yg punya gangguan jiwa ngemil micin??#justiceformicin",0,1
1776,negative,wahh jngn2 vidio bajunya norak bngtt ayuu murahaan,Wahh jngn2 ini Vidio lama...kok bajunya norak bngtt seorang ayuu...terlihat murahaan,0,1
1777,negative,username bodoh kamu ya,<USERNAME> bego lo ya,0,1
1778,negative,editan sekali ya ampun si mommy lambe kehabisan gosib ya si pelakor,Editan banget itu. Ya ampun si mommy lambe kehabisan gosib ya buat si pelakor ?????????,0,1
1779,negative,yah admin nya golongan pengonsumsi mecin pil pcc otak kamu rusak min,yah admin nya termasuk golongan pengonsumsi mecin dan pil pcc.. otak lu rusak min?,0,1
1780,negative,orang govlok yang prcya ayu slgkuh sma rafi buktinya rafi sma gigi sekarang baek2 saja ktamu ayu pelakor suami yang di rebut woyy sekarang ayu suami fikir pakai otak makanya jangan kbanyakan micin jadi govlok,cuma org govlok yg prcya ayu slgkuh sma rafi.buktinya rafi sma gigi skrg baek2 aja..dan ktamu ayu itu pelakor?? SUAMI Siapa yg d rebut woyy?? skrg ayu punya suami?? fikir pke otak mkanya jgn kbanyakan micin kan jdi govlok,0,1
1781,negative,username hoy barisan sakit hati jijikk sekali fans billy mah alhamdulillah sangat billy putus manusiaa buluk ituu yang ditunggu lama2 akhiry putus kobil juga jijik ni orang v,<USERNAME> hoy barisan sakit hati ?? jijikk banget.. fans billy mah ALHAMDULILLAH bgt billy putus sama manusiaa buluk ituu... itu yg ditunggu lama2 akhiry putus juga.. dan sekarang kobil jg jijik sama ni orang :v,0,1
1782,negative,mba username tidak merasa cinlok babang anthony ketemu di mana sih sinet boy alah ngaku ajaaa mba dumang cinlok sok2 bilang tidak cinlok namanya pembodohan wajar netizen bilang ratu cinlok kenyataan memang ya marah resiko artis hahahhaa pinter2 ya mba cari alasan hahahahaha,"MBA <USERNAME> KALAU KAMU GAK NGERASA CINLOK SAMA BABANG ANTHONY TERUS KALIAN AWALNYA KETEMU DIMANA SIH? DI SINET BOY KAN? ALAH NGAKU AJAAA. BERARTI KAN MBA DUMANG CINLOK, JANGAN SOK2 BILANG GAK CINLOK ITU NAMANYA PEMBODOHAN . WAJAR DONG NETIZEN BILANG RATU CINLOK KENYATAAN EMANG YA KAN? JANGAN MARAH .... RESIKO JADI ARTIS HAHAHHAA PINTER2 YA MBA KALAU MAU CARI ALASAN HAHAHAHAHA",0,1
1783,negative,username noh urus itu kuin kamu biar tidak gatal nempel2 ama laki orang masyarakat sudah tahu kali japok gundik janda gatal sudah kenyataan nya begtu anak sholehah agama nya kuat mata kuliah agama cuma dapat 1 agama nya kuat tetapi hamil,"<USERNAME> Noh urus tu kuin lu, biar ga gatel nempel2 ama laki orng, masyarakat udh tau kali japok gundik janda gatel,udh kenyataan nya begtu KATANYA ANAK SHOLEHAH AGAMA NYA KUAT TAPI MATA KULIAH AGAMA CMA DPT 1,KATANYA AGAMA NYA KUAT TPI HAMIL DI LUAR",0,1
1784,negative,username bilang itu kuin kamu gesek grepe ama lakik orang tidak malu sudah hamil nikah kegatelan janda,"<USERNAME> bilang tu sama kuin lu, jangan gesek grepe ama lakik orng, ga malu apa udh hamil di luar nikah, kegatelan amat jadi janda",0,1
1785,negative,username please kamu bela pelakor hukuman si muljem karena sudah tega recut suami sahabat menjalani sanksi sosialnya valakor mesti dibenci karena biar tidak valakor indonesia biar musnah sem,"<USERNAME> please lo jangan bela pelakor,ini semua hukuman untuk si muljem karna uda tega recut suami sahabat sendiri,dia lagi menjalani sanksi sosialnya!! kenapa valakor mesti dibenci?? karna biar ga ada valakor"" lainnya di Indonesia,biar musnah sem",0,1
1786,negative,najis muakk menjijikan pelakor jijik,"NAJIS. INI BARU MUAKK, MENJIJIKAN, PELAKOR. JIJIK",0,1
1787,negative,semoga pelakor2 kena karma semoga karma yang meninggalkan istrinya yang bwrjuang dengan dari nol tetapi sukses selingkuh sok jadi penguasa istri ya,Semoga pelakor2 kena karma dan semoga dapat karma yg meninggalkan istrinya yg bwrjuang dg dia dr nol tp setelah sukses selingkuh dan sok jd penguasa ke istri ya..,0,1
1788,negative,sedih ya sekarang ngamen kawinan orang mantan istri mahhhh pesawat jet bhay pelakor n botakbego,Sedih ya skrg ngamen di kawinan org .. mantan istri mahhhh naik pesawat jet .. bhay pelakor n botakbego ??????,0,1
1789,negative,username heeehh kamu pelakornya yaaaakkk ngapa kamu emosi situuu kenal saya kalau berani pakai akun asli pantes pakai akun bodong ngerebut laki orang diem2 keceplosan yak pakai bodong terbahak-bahak gueeee lucu kamu,<USERNAME> heeehh lo pelakornya yaaaakkk??? Ngapa lo jadi emosi??? Situuu kenal gw??? Kalo berani pake akun asli dong. Pantes pake akun bodong! Ngerebut laki orang juga diem2. ?????????? keceplosan yak pake aku bodong. Ngakak gueeee ?????????? lucu lo!,0,1
1790,1,wkwkwkwk sudah tidak laku jadi nyanyi dhajatan si lonte pelakor,Wkwkwkwk udh gak laku lagi jd nyanyi dhajatan si lonte pelakor,0,1
1791,negative,username wakakak cerita seperti gituu pembelajaran saja jangan sampai ni swamik swamik pilih pelakor daripada istri hancuuurr bookk tidak bohong deh kere kismin nyungsep memang yang ngatur rezeki itu tuha,"<USERNAME> wakakak banyak lah cerita kyk gituu, buat pembelajaran aja.. jgn sampe ni swamik swamik lebih milih ke pelakor drpd istri pertama. Bakalan hancuuurr bookk ga bohong deh. Bakalan kere bakalan kismin bakalan nyungsep. Emang yg ngatur rezeki tu tuha",0,1
1792,negative,cwenya yang bodoh cwonya yang pintar ya memang lakinya kaya macho begitu plus nya kayaknya jago gombal maennya gesit ulala ngakakabis,Ini cwenya yg bego apa cwonya yg pinter ya ?! Emg lakinya kaya ?! Atau macho atau apa gitu plus nya ? Kayanya cuma jago gombal ?? atau maennya gesit ?! Ulala #ngakakabis,0,1
1793,negative,username yang bodoh ngapain keluarga depok komen orang yang tidak saja yang hidupnya tidak bahagia yang suka menghujat orang hidup artis ayu berpengaruh memang dasar benci ayu kalau,<USERNAME> kamu itu yg bodoh! Ngapain keluarga depok komen org yg gak ada artinya lagi buat mereka??. ..cuma kalian aja yg hidupnya gak bahagia yg suka menghujat orang dan hidup artis ayu terlalu berpengaruh buat kamu!!. Emang dasar kamu benci ayu..klo,0,1
1794,negative,username mah lihat yang main prasangka mirip elu elu haters mirip dukun dukun titisan dajjal sok pintar otak kosong sorry ye saya bala nabi muhammad yang percaya kalau sudah ditunjukkin 4 saksi bukti kalau,<USERNAME> saya mah lihat yg terlihat jelas.. bukan main prasangka kayak elu.elu itu haters kayak dukun...dukun titisan dajjal .. sok Pinter tapi otak kosong?????? sorry ye.. gue bala Nabi Muhammad yg percaya klo udh ditunjukkin 4 saksi Dan bukti.. klo,0,1
1795,negative,mata aku sepet baca koment fans ubul empang minggir woy bikin rusuh saja nih jaer amis jijik sumpah enji sama cewek tetap saja bala jaer nyampah bikin ribut,Mata ku sepet baca koment fans ubul empang ..minggir woy bikin rusuh aja nih jaer amis jijik sumpah.soal enji sm cewek lain ttp aja bala jaer nyampah bikin ribut .,0,1
1796,negative,sih si enji hartis kah males sekali jijik laki model mah tidak tanggung jwbnya ayu bunting tinggalin anak tidak akuin sekarang anak sudah nongol bilqis cantek eh sampek bini nya ngeposting yang enji kangen anaknya najonggg jijik betoll sudah deh min tidak bahas laki hartis saja tidak panutan yang ambil username,"Ini siapa sih si enji, hartis kah ? Males banget jijik laki model beginian mah gak ada tanggung jwbnya. Ayu bunting di tinggalin anak gak di akuin, skrg anak udh nongol bilqis cantek eh sampek bini nya ngeposting yg seolah enji kangen anaknya. Najonggg jijik betoll.. Dah deh min gak usah di bahas lagi laki macam begini, hartis aja bukan gak ada panutan yg bisa di ambil <USERNAME>",0,1
1797,negative,username bodoh nya pede bicara yang bilang benar bukti saja kaga kelihatan pintar jatohnya bodoh,"<USERNAME> bego nya lagi pede amat ngomong seolah yg dia bilang paling bener, padahal bukti aja kaga ada. Mau keliatan pinter jatohnya bego??",0,1
1798,negative,bilang enji ganteng bebas slingkuh bodoh kali ganteng pala kamu bau menyan tidak ada ganteng ganteng nya kebanyakan gaya kek mantan bini depok nya,Yang pada bilang enji ganteng bebas slingkuh bego kali. Ganteng pala lu bau menyan. Gada ganteng ganteng nya. Kebanyakan gaya kek mantan bini depok nya.,0,1
1799,negative,sebenarnye cocok enji att gateeeel hahah pantas si tongtong dipertemukan dengan enji sudah hukum alam kalau jodoh cerminan si entong hrsnya bekaca dengan biar sadar tetapi teryata otak 1 m tetap pertahankan jadi sekarang malah guatelnye saja kek enji hah,"Sebenarnye cocok enji sama att, sama sama GATEEEEL hahah pantesan si tongtong dipertemukan dgn enji, udh hukum alam klw jodoh kita cerminan diri kita, nah si entong hrsnya bekaca dgn masa lalu biar sadar tp teryata otak 1 M tetep mau di pertahankan jd skrg mlh menjadi jadi guatelnye, sama aja kek enji, hah",0,1
1800,negative,username oalaahhh saja pelakor laki nya juga kegatelan tetapi namanya laki kucing kasih ikan jaer gratis ya tidak tolak wkwkkwkw,"<USERNAME> oalaahhh,, semakin banyak aja pelakor ?? laki nya jg kegatelan, tp namanya laki ibarat kucing di ksh ikan jaer gratis ya kga nolak wkwkkwkw",0,1
1801,negative,laki2 ya sis suka pecun2 murahan prempuan baik2 berjilbab atau pintar enji2 downgrade sih pedangdut kelas prempuan berjilbab ehh pilih pecun jeleknya seleramu,"Begitulah laki2 ya sis, lebih suka pecun2 murahan, daripada prempuan baik2 berjilbab ato pintar. Enji2, kok downgrade sih? Dari pedangdut naik kelas prempuan berjilbab ehh milih sama pecun lagi.. jeleknya seleramu",0,1
1802,negative,motorninja saja songong mba orang yang mobil lamborgini saja wae,Motorninja aj songong amat mba org yg punya mobil lamborgini aj biasa wae kok ????????,0,1
1803,negative,goblok saya nonton berkali kaget,GoBlOk ?????? gua nonton berkaliâ‰¤ kaget juga ??,0,1
1804,negative,tidak usa pakai anjing babi kalau saya balas begitu wkwk,"Ga usa pake anjing, babi!! ?????? kalo gw bls gitu wkwk",0,1
1805,negative,oh kemarin menghargai karya orang bilang jelek sekali aduh penganten perempuan nya kekenyangan yah sampai kembung begitu perut nya pepuralugu,Oh ini toh yang kemaren TIDAK MENGHARGAI KARYA ORANG DAN SEENAKNYA BILANG JELEK BANGET... Aduh itu penganten perempuan nya KEKENYANGAN yah... Ampe kembung gitu perut nya... #pepuraLuGU,0,1
1806,negative,percaya gimik raffi gigi dan att att peserta keluarga hujad dan anak nya hujad kesini penonton bodohin publik yang kasihan penghujad tidak ayu tidak pesbukers biar ngeluarkn album single artis halan nengri gimik yoo,"Dari awal percaya gimik Raffi gigi dn att...sehingga att peserta keluarga di hujad dn anak ny...di hujad ...semakin kesini penonton semakin di bodohin?? semakin publik tertuju mereka ??????yg kasihan para penghujad ....ga apa"" lah ayu ga ada di pesbukers biar dia ngeluarkn album"" baru single baru setelah para artis halan"" keluar nengri gimik"" apa lagi yoo",0,1
1807,negative,kalau benar gimmick bodoh sekali si ayu rating n popularitas berani taruhin harga nilai buruk mata masyarakat,"Kalo bener gimmick, bodoh banget si ayu cuma demi rating n popularitas berani taruhin harga dirinya buat di nilai buruk oleh mata masyarakat ????",0,1
1808,negative,susah otaknya diemvang mah bikin rusuh dilapak orang,Susah otaknya diemvang mah bikin rusuh dilapak orang,0,1
1809,negative,najiiisss mirip si mba dese tidak begitu ajaaa hahahahaha maling teriak maling ngaca buuuuuk,najiiisss kayak si mba dese ga gitu ajaaa. hahahahaha maling teriak maling. ngaca buuuuuk,0,1
1810,negative,username iyak kaa hahahahah geli sangat gasih att ih kampung habis,<USERNAME> IYAK KAA HAHAHAHAH geli bgt gasih sama att ih kampung abis:(((,0,1
1811,negative,jogetnya bikin ngakakkk anjirrrr kampungan sekali username username,"JOGETNYA BIKIN NGAKAKKK ANJIRRRR, KAMPUNGAN BANGET?????? <USERNAME> <USERNAME>",0,1
1812,negative,bagus la saya otak tidak mirip kamu malu maluin mak kamu saja tong akun asli pakai itu yang namanya bodoh username,Bagus la gue berarti ada otak gak kayak lu malu maluin mak lu aja tong akun asli di pake tu yg namanya bego! <USERNAME>,0,1
1813,negative,yang bodoh mah elu sih yang kasih contoh buruk anaknya pakai mata kamu memang dugem bawa anak bodoh sih _ jaman sudah texas saya jamin dijaman anaknya juga sudah texas selagi tidak ngerugiin kamu yaudah sewot sekali,"Yg bego mah elu, ibu mana sih yg mau ngasih contoh buruk ke anaknya , pake mata lo, emg ada di dugem bawa anak , bego sih -_- jaman udah texas , dan gue jamin dijaman anaknya jga pasti udh lebih texas . Selagi ga ngerugiin lo yaudah . Sewot banget .",0,1
1814,negative,si wanita jahiliyah lesbi sekarang sudah py pacar lagi kasihan anaknya kemarin kasih bencana slnya tega misahin anak dari nya ktakutan anak nya masuk islam padahal bp nya tidak pernah nuntut anaknya memeluk islam sudah kasih nikmat anak 3 orang masih saja begajulan,"Si wanita jahiliyah.. Lesbi , skrg udh py pacar lg. Kasian anaknya. Kmrn di ksh bencana slnya dia tega misahin anak dr bapak nya, dia ktakutan anak nya masuk islam pdhl bp nya g prnh nuntut anaknya memeluk islam. Udh di ksh nikmat anak 3 org, msh aja begajulan.",0,1
1815,negative,username saya memang kador artis benar komen kamu tolol sumpah kenal nilai artis hahaha orang indo juga setuju kalau kador artis tetapi celebgram dari kampung kamu tahu bedanya artis dengan selebgra,<USERNAME> gw tanya. Emang kador artis beneran? Komen lo tolol sumpah. Masa harus kenal dia buat nilai dia artis atau bukan. Hahaha semua org indo jg pasti setuju kalo kador bukan artis tp cuma celebgram dr kampung. Lo tau kan bedanya artis dg selebgra,0,1
1816,negative,username hahahaaaa terus saya kamu tolol pakai tanya kador bencong tidak belum kenal wkwkwkwkw eh orang juga nilai si kador bencong benar dari gerak gerik melambay suara ngondek pakai baju cewek nyaman cowok itu,<USERNAME> hahahaaaa trs gue tanya. Lo tolol? PAke nanya kador bencong atau ngga padahal blm kenal wkwkwkwkw. Eh semua org jg bisa nilai si kador bencong beneran dr gerak gerik melambay suara ngondek dan pake baju cewek begitu nyaman. Mana ada cowok tu,0,1
1817,negative,username maklumin shaaay fans gatis keras otaknya bebel realita juga tidak terima halnya nagita artis sudah dari jaman eh bilang numpang tenar rapi mamad padahal yang jadi si mamad gede y ph n,"<USERNAME> maklumin shaaay... Fans gatis keras itu otaknya bebel, realita seperti apa jg ga bakalan dia terima... Seperti halnya nagita itu artis uda dr jaman dia kecil eh di bilang numpang tenar ke rapi mamad,pdhl kan yg jadiin si mamad gede y PH n",0,1
1818,negative,username bee idih najong kamu tag2 orang nimbrung saja kek mujaer kamu tidak terkenal kalau tidak bawa2 nama ayu ting ting sama nagita duh bodoh dipiara kasihan,<USERNAME>.bee idih najong lu tag2 org! Nimbrung aja kek mujaer lo! Dia ga bakal terkenal klo ga bawa2 nama ayu ting ting sm nagita! Duh bego dipiara! Kesian,0,1
1819,negative,langsung bilang yang maksud kalau gini namanya munafik,"langsung saja bilang siapa yg di maksud, klu gini namanya MUNAFIK!",0,1
1820,negative,jedar memang muka 2 kali di depan di belakang busuk mulutnya kek banci cucoklah 2 banci itu,"Jedar emg muka 2 kali, didepan baik, dibelakang busuk, mulutnya kek banci cucoklah 2 banci tu",0,1
1821,negative,amit amit deh orang jahat penjilat pembohong pelakor jijik sekali,AMIT AMIT DEH ORANG JAHAT... PENJILAT PEMBOHONG PELAKOR JIJIK BANGET,0,1
1822,negative,wkwkwkwk ya allah ya tuhan aku kenapa orang-orang munafik ni tetapi sok suci mulan jamela ayu ting2 ngikuti jejak a wkwkwk username,"Wkwkwkwk... Ya Allah ya Tuhan ku knp lah org2 munafik ni tp sok suci, mulan jamela kan ayu ting2 ngikuti jejak a bukan? Wkwkwk <USERNAME>",0,1
1823,negative,dulu si pelakor yang sombong karena brhasil mendapatkan si botak sampai mnceraikan bunda maya sekarang hdp nya mkin anjlok bunda maya yang sering jelong2 kluarnegri,"Dlu si pelakor ini yg sombong krn brhasil dapetin si botak smpe mnceraikan bunda maya,skrg hdp ny mkin anjlok malah bunda maya yg sring jelong2 kluarnegri..??????",0,1
1824,negative,hahhahaha sesungguhnya allah swt melaknat wanita perebut pezina suami sah oranglain,Hahhahaha dan sesungguhnya allah swt melaknat wanita perebut dan pezina dengan suami sah oranglain ????????,0,1
1825,negative,w lina2706 hemmmm capekmiskin sist sekarang balik kere lagi jadi artis juga tidak laku sudah karma itu username dari sirik nyinyirin nyonya tuh bantuin jualan cireng nya tuh cilok nya tuh untunnya liburan monaco bromo terus,"@w.lina2706 hemmmm capekmiskin sist, skrg blik kere lg jd artis jg g laku, dah lah karma tu pasti ada... <USERNAME> dr pada sirik nyinyirin nyonya, tuh bantuin jualan cireng nya tuh, cilok nya tuh untunnya buat liburan monaco, jangan bromo trus",0,1
1826,negative,kepo sama nyonyiah kamu jongos username memang tetehlu pas hamil peak sudah dinikahin brojol anak baru sirih memang lonteeeee kelas akun jamahliur junjungan hehe,Kepo juga sm nyonyiah lu jongos <USERNAME> emng tetehlu pas hamil peak udeh dinikahin ?? Brojol anak br di sirih EMNG LONTEEEEE kelas akun jamahliur dan junjungan hehe ??????,0,1
1827,negative,eh jongos cba saya duluan yang tanya sama kamu memang nyonyiah gembar gembor sudah nikah adakah nyonyiah ngaku sudah nikah dari tetehlu yang lonte perek brojol ngaku nikah siri sama laki nyonyiah hamidun sapeak anak ilegal dibilng fitna keji haha lonte menolak lupa xixix username,"Eh jongos cba gue duluan yg nanya sm lu .. emng nyonyiah ada gembar gembor udah nikah.. adakah nyonyiah ngaku udeh nikah ???? Dr pada tetehlu yg lonte perek itu tiba"" brojol dan ngaku nikah siri sm laki nyonyiah dan hamidun sapeak anak ilegal dibilng FITNA KEJI haha lonte menolak lupa xixix ?????? <USERNAME>",0,1
1828,negative,username saya currr ya bunmai sudah nikah tetapi janda janda suami nya rampas mulan jameela menjijikkan sekali ya mulan jameela sebelum rumah tangga bunmai hancur sudah berani bilang dani suami aduha sudah wanita be,"<USERNAME> sini gua jawab currr ya bunmai sdh pernah nikah Tp sekarang janda dia janda karena suami nya di rampas Mulan jameela,menjijikkan banget ya Mulan jameela sblm rmh tangga bunmai hancur sdh berani bilang Dani suami bersama aduha udh wanita be",0,1
1829,negative,w lina2706 username lucu saja ya sist lonte bela2 mati2an guoblok pelihara bayar begitu muljamban sampai bikin account username maia nikah belum nikah urusan situ nyinyirnya sirik nya,"@w.lina2706 <USERNAME> lucu aja ya sist, lonte di bela2 mati2an... Guoblok di pelihara, di bayar berapa gt sama muljamban, sampe bikin account <USERNAME> mau maia nikah atau blm nikah apa urusan situ, kelihatan nyinyirnya sirik nya. Sekarang balik",0,1
1830,negative,yaela muljem seperti stu benar saja gag ingat sudah ngrusak kbhagian klwrga orang bodoh di prtahanin y gini,"Yaela muljem kyak stu bner aja. Gag inget apa udh ngrusak kbhagian klwrga org. Bego d prtahanin y gini ini,",0,1
1831,negative,lakik suka banci banci kawinin banci jijik,Banyak lakik doyan banci! Jadi banci & kawinin banci.... jijik!,0,1
1832,negative,username comment yang lihat berapa pengguna medsos yang bodoh bunyi situ sehat pakai hijab masi nyinyir saja,"<USERNAME> itu comment yg tidak anda lihat, ada brp banyak. Jangan jadi pengguna medsos yg bodoh jangan asal bunyi. Situ sehat pakai hijab masi nyinyir aja??",0,1
1833,negative,username malu tuh kerudung sayang ibadah nya sholat saja daripada nyinyirin orang dandanan sudah sok suci mulut nya kaya sampah,"<USERNAME> malu tuh sama kerudung kamu sayang, sama ibadah nya. Sholat aja drpd nyinyirin org dandanan udh sok suci mulut nya kaya sampah??",0,1
1834,negative,username tolong baca arti dari comment sudah kerdus bodoh lagi bilangin orang tua nya besok kalau masak pakai mecin jadi sudah kerdungab tidak sesuai mulut besok makan salmon kalau tidak besok deliv rumahmu,"<USERNAME> tolong di baca arti dr comment saya, udah kerdus+bodoh lg bilangin org tua nya besok kalo masak jangan pakai mecin, jd udah kerdungab ga sesuai mulut. Besok makan salmon kalo g mampu besok aku tak deliv ke rumahmu .",0,1
1835,negative,maaf mukanya jelek attitude nya buruk spesialis plagiat ketauan,"Maaf mukanya jelek terus attitude nya buruk,,spesialis plagiat,,dan ketauan pula ,,,",0,1
1836,negative,orang otaknya tidak sekolahin ya resiko sudah upload sosmed ya dapat perbincangan netizen public figure tidak otaknya,"ini orang otaknya ga pernah di sekolahin ya? itu resiko ketika udah upload sesuatu di sosmed, ya pasti bakal dapet perbincangan dari netizen. public figure kok ga ada otaknya.",0,1
1837,negative,artis kampungan wkwk,Artis kampungan wkwk,0,1
1838,negative,iyaaa saya pacaran sudah nikah tidak senorak eloo tidak risih memang jangan aplod perhatiin followers kamu yang lumayan tar terbawa norak,"Iyaaa gue pernah pacaran? Udah nikah malah, tapi gak seNORAK eloo.. Gak risih emang? Jgn asal aplod, Perhatiin followers lu yg lumayan banyak itu, tar kebawa norak.",0,1
1839,negative,y ampun pnyanyi dangdut tenar songong bangt bacotnya ingin cari sensasi kmpungan bangt deh amit amit bool ko di instastory,y ampun pnyanyi dangdut kurang tenar songong bangt BACOTNYA ??pngn nyari sensasi tapi kmpungan bangt deh amit amit bool ko d instastory,0,1
1840,negative,waaaaoooo sopan bahasami kelasmu heeeehh yang repot ama hidup kamu siapahh elu live nampilin hal2 tidak yang nggilanikk menjijikkan diliat orang ya pantes dikomen kalau tidak mau dikomen videoin pribadi saja nonton kamu ama keluarga kamu rumah tambah niy ertong yang tidak punya attutude kampungan,Waaaaoooo..sopan sekali.. bahasami menunjukkan kelasmu !!! Heeeehh.. yg repot ama hidup lu siapahh ?? Elu live nampilin hal2 gak penting..yg nggilanikk.. menjijikkan..diliat org banyak.. ya pantes lah dikomen..klo gak mw dikomen videoin pribadi aja.. nonton sendiri lu ama kluarga lu di rmh.. nambah lagi niy ertong yg gak pny attutude!! Kampungan!!,0,1
1841,negative,norak sih mirip tidak malunya kalau bilang terserah ya sudah simpan fotonya tidak dibagi kesemua orang dipamer ke mana resikolah dinyinyiri orang insecure sekali kudu ya pamer2 begitu biar orang ngerti kalau si mbaknya sudah py pacar yang dipamer2 pantatnya kampung sangat,"Norak sih,kayak ga ada malunya.kl dia bilang terserah dia,ya udah,simpan fotonya.gak perlu dibagi kesemua orang.lah ini dipamer kemana,resikolah dinyinyiri orang.Insecure banget,kudu ya pamer2 gitu biar semua orang ngerti kl si mbaknya udh py pacar yg bisa dipamer2 pantatnya?Kampung bgt",0,1
1842,negative,kok marah sehhh dasar wanita kampungan,Koq marah sehhh???dasar wanita kampungan...??,0,1
1843,negative,kampungan artis yang numpang tenar gara2 mukanya katy perry doangÃ¶,Kampungan.... Artis yg numpang tenar gara2 mukanya mirip Katy Perry doangÃ–,0,1
1844,negative,susah kalau artis kampung,Susah kalo artis kampung,0,1
1845,negative,ah min saya lama2 tidak suka akun nih berita nya basi kamu liat min si kellen amora datang pakai jingkrak2 kamu saring min biar berita nya tidak blunder kamu posting itu kd sudah posting videon kellen ma amora joget2 ma si arsya arsyi,"Ah min, gue lama2 gak suka sama akun ini nih! Berita nya basi! Lo liat dong min.. itu si kellen sama amora lagi dateng.. pake ikut jingkrak2 kok!! Lo saring dulu dong min.. biar berita nya gak blunder.. lo posting juga tu KD udah posting videon kellen ma amora lagi joget2 ma si arsya arsyi!!",0,1
1846,negative,username iya kamu bening kelewat bening buluk ya mbak mbaknya telan apasih komen kaya gini kesurupan,"<USERNAME> iya""km bening, kelewat bening jadi buluk kan ya mbak ?? mbaknya baru nelen apasih komen kaya gini? Apa baru kesurupan ?",0,1
1847,negative,sekeluarga ngefans kagum lihat username nya deh lihat anak nya yang jelek buluk username hermansyah username kutuk yang menimpa bunda kd untung allah swt menggantikan amora adik nya gemezzzzzzz lihat nya cocok sekali anak artis class bunda kd,"kita sekeluarga sangat ngefans dan kagum lihat <USERNAME> semua nya deh.tapi lihat anak nya yg jelek,buluk kan. <USERNAME>.hermansyah <USERNAME> kutuk kan apa yg menimpa bunda KD untung Allah swt sudah menggantikan amora dan adik nya.gemezzzzzzz lihat nya cocok banget jadi Anak artis se class bunda KD ??????",0,1
1848,negative,memang dasar si anak nya saja yang lebay urusan pribadi umbar biar blow up hadehh gunanya whatsapp sms or telp suka aneh,Emang dasar si anak nya aja yg lebay....urusan pribadi di umbar..biar di blow up... hadehh..gunanya whatsapp sms or telp buat apa..suka aneh....,0,1
1849,negative,coba liat bibir mu sayang pantat ayam wajah mu bulukan kentut perfectoooo,"Coba liat bibir mu sayang, seperti pantat ayam. Wajah mu bulukan seperti kentut?? perfectoooo?",0,1
1850,negative,gagal fokus dengar suaranya kok jengkel ya dengernya sorry hanya manusia kalau jengkel,Gagal fokus dengar suaranya.. koq jengkel ya dengernya... sorry cuman manusia biasa kalo jengkel????,0,1
1851,negative,muljem bicara tidak blepotan tidak nyadar hidup enak saja pakai rebut laki orang,"Muljem ngomong gak jelas blepotan, gak nyadar mau idup enak aja pake rebut laki orang dulu",0,1
1852,negative,lucu ya si yang bikin kata2 bawa2 tuhan sudah kepepet tidak tahu orang yang merusak rumah tangga orang merobohkan bangunan masjid mbak nya bayangin saja nya dosa mu nasi sudah jadi bubur mba nya semoga bahagia dunia,??lucu ya si yg bikin kata2.bawa2 Tuhan.kalau dah kepepet. Masa dia ga tau ibarat apa org yg merusak rumah tangga org.ibarat merobohkan bangunan masjid mbak nya.bayangin aja seberapa besar nya dosa mu.nasi dah jdi bubur mba nya moga bisa bahagia di dunia.??,0,1
1853,negative,iyah benar merubah pandangan tuhan elu setan mikirrrr suami majikan diembat,Iyah bener. Tidak Akan merubah pandangan Tuhan terhadap Kita. Terutama elu Setan!! Makanya mikirrrr.. suami majikan kok diembat!!,0,1
1854,negative,gilingan mulan jalang lagi kasih ceramah hahahaha dasar cireng tidak tahu tidak ngaca si cireng lagi ceramah sok2 seperti pahlawan kesiangan biar berteman ama sekuter seperti selpii,Gilingan mulan jalang lg kasih ceramah. Hahahaha . dasar cireng gak tau diri gak pernah ngaca. Si cireng lg ceramah sok2 kyk pahlawan kesiangan biar bisa berteman ama sekuter kyk selpii ini.,0,1
1855,negative,ya pandangan tuhan kamu jelek sih saya perebut suami orang tuh mulia dimata tuhan,"Ya pandangan Tuhan terhadap lo juga jelek sih gue rasa, dikira perebut suami orang tuh mulia apa dimata Tuhan?????????",0,1
1856,negative,karena sejatinya kamu setan berwujud manusia karena pekerjaan setan ya menggoda manusia,"Karna sejatinya kau adalah setan berwujud manusia ,,karna pekerjaan setan ya menggoda manusia ????",0,1
1857,negative,tidak mba username baca netizen yang menyesal tidak bisa nimpuk telur si mulan saya saja tertawa bacanya karena terwakili ya ngapain buang2 waktu ketemu orang tidak mutu dengan si mulan masih untung nyempet2in bisa nuli biar nyadar tuh pelakor tidak harga mending ketemu orang baik2 seperti bunmai ketularan aura positifnya,Pernah ngga mba <USERNAME> baca ada netizen yg nyesel ga bs nimpuk telor ke si mulan..gw aja ketawa bacanya krn terwakili. Ya ngapain buang2 wktu ketemu orang gak mutu dng si mulan...msh untung nyempet2in bs nuli? disini biar nyadar tuh pelakor ga punya harga diri. Mending ketemu org baik2 spt bunmai...ketularan aura positifnya.,0,1
1858,negative,editanx paraaaahh oplas saja laaah nyai daripada ngedit2 gn hahaa kan maluuu,Editanx paraaaahh...oplas aj laaah nyai drpd ngedit2 gn hahaa kn maluuu,0,1
1859,negative,jelek lecek bantet,"jelek,lecek,bantet ??????",0,1
1860,negative,gini pengen tenar ya ampuuun malu kalau anaknya yah kasihan,Gini amat pengen tenar ya ampuuun...malu kalo jadi anaknya yah kasian,0,1
1861,negative,heran saya mak username kenapa saja pakai ma an v pesbu r nya bederet skandal bertubi2 tidak malu nya muka tembok tidak faedah nya nonton acara yang si manusia kardus,"Heran gw mak <USERNAME> knp dia masih aja di pake ma AN*V di pesbu**r. Kasus ny bederet, skandal bertubi2.... Gk ada malu ny ?? muka tembok ?? sangat gak ada faedah ny nonton acara yg ada si manusia kardus ini ??",0,1
1862,negative,wey orang goblok bedain vape shisha sama rokok kamu merokok pakai acara tidak ngaku,"wey org goblok juga bisa bedain vape, shisha sm rokok. jelas jelas lo ngerokok pake acara ga ngaku segala",0,1
1863,negative,jijik liatnya kaya ulet bulu kluget2 begitu hihihi sampai sgitunya pengen terkenal,Jijik saya liatnya...kaya ulet bulu kluget2 gitu...hihihi..ampe sgitunya pengen terkenal...!!,0,1
1864,negative,jablay anjir mukanya murahan bangetttt najisss,Jablay anjir mukanya... Murahan bangetttt najisss,0,1
1865,negative,username alycia iya sist jijik sekali saya liatnya sok suci ngatain orang kalau saya sih malulah artis papan otak tidak fikir kalau bicara ketauan sangat tidak ada wibawanya kalau memang nyadar tahu berkomentar manusia tidak ada yang,"<USERNAME>.alycia iya sist jijik banget gw liatnya sok suci ngatain orang kalo gw sih malulah artis papan atas tapi otak gak di fikir kalo ngomong ,ketauan bngt gada wibawanya kalo emang dia nyadar dia siapa seharusnya dia tau cara berkomentar manusia gada yg",0,1
1866,positive,sabar yaa insya allah pembuka pintu syurga penghalang api neraka orang tuanya,yang sabar yaa.. insya Allah menjadi pembuka pintu syurga dan penghalang api neraka bagi kedua orang tuanya,10,1
1867,positive,lagu barunya mbak tata kisah rumah tangga mbak tata mbak tata benar-benar sayang get suaminya syukur baikan semoga awet,Lagu barunya mbak tata kan kisah nyatanya rumah tangga mbak tata.... jadi rasanya mbak tata bener2 sayang get sama suaminya... syukur kalau baikan.... semoga awet...,10,1
1868,positive,yang komen si mbak tidak sedih ketawa2 ya iyalah kalau sudah disakiti sama pasangan sampai berlarut2 ngapain sih sedih sampai depresi serahin sama allah saja bawa happy saja mski sakit si mba senyum2 wajahnya tetapi hatinya tahu senyumannya bisa jadi menetralisir kondisi hatinya yang lagi terpuruk pepatah bilang kalau bahagia jangan trllu bahagia kalau sedih jangan trllu sedih diimbangi saja biar tidak gila,"Yg komen kenapa si mbak ini ga sedih malah ketawa2.. ya iyalah klo kita dah disakiti sm pasangan smpe berlarut2 ngapain juga sih kita sedih ampe depresi segala.. serahin sm Allah aja..bawa happy aja mski sakit.. lagian si mba senyum2 di wajahnya tp hatinya mana tau kan... senyumannya bs jd buat menetralisir kondisi hatinya yg lg terpuruk... ada pepatah bilang ,, klo bahagia jgn trllu bahagia, klo sedih juga jgn trllu sedih... diimbangi aja biar ga gila ??????",10,1
1869,positive,suka sekali pasangan semoga gigi raffi keluarga sakinnah mawaddah warrahmah semoga pihak2 memisahkan jodoh maut memisahkan amin,"Suka banget sama pasangan satu ini. Semoga gigi dan raffi menjadi keluarga sakinnah, mawaddah, warrahmah. Semoga tidak ada pihak2 yang ingin memisahkan mereka. Jodoh sampai maut memisahkan. Amiin",10,1
1870,positive,jemima anak angkat celine eleeya anak hubungan celine dirly terharu tahu jemima anak panti asuhan rawat wajar stefen pilih celine karena hatinya,"Jemima kan anak angkat celine, eleeya anak hubungan celine dan dirly. Dan saya terharu saya tau kalau jemima adalah anak panti asuhan yang dia rawat. Dan wajar kalau stefen lebih pilih celine karna hatinya baik",10,1
1871,positive,lucu yang bilang stefan menghabiskn muda wkwk umurnya mah tidak muda mukanya saja yang baby face bersyukur bonus celinenya dulu mantannya begimane dibawah umur ude pacran mcam laki bini hiks selepas itu deh susah mengambil keputusan kaya stefan tipical cowok yang tnggung jwabnya,Lucu yg blg stefan menghabiskn masa muda wkwk.umurnya mah gak muda mukanya aja yg baby face. Bersyukur.bonus buat celinenya?? lah dlu mantannya begimane. Dibawah umur ude pacran mcam laki bini. Hiks. Selepas tu yakin deh susah mengambil keputusan kaya stefan. Tipical cowo yg tnggung jwabnya tinggi,10,1
1872,positive,yang bawa2 keenan raisa sudah berbahagia ngedapetin suami super ngemong mature kaya hamish raisa dewasa banding wanita seumurannya memikirkan jadi saya raisa hamish sama2 beruntung sepasang suami istri tidak tuh gagal move on so congratz raisa hamish semoga pernikahannya sakinah mawadah warahmah,Dan lagi ada yg masih bawa2 keenan ????. raisa udah paling berbahagia ngedapetin suami yang super ngemong dan mature kaya hamish. Raisa itu cukup dewasa di banding wanita seumurannya yang masih mikirin dirinya sendiri. Jd menurut gue raisa dan hamish sama2 beruntung bisa menjadi sepasang suami istri. Ga ada tuh gagal move on ???????? so congratz raisa dan hamish. Semoga pernikahannya sakinah mawadah dan warahmah,10,1
1873,positive,raisa cantik yaaa artis tidak menonjolkan kalau nikah tuh mewah sudah cantik sederhana sempurna sangat,"Raisa cantik yaaa, meskipun artis tapi ga menonjolkan kalo nikah tuh harus mewah, udah cantik, sederhana, sempurna bgt,",10,1
1874,positive,karena orang syudah cantik tidak dandan heboh untuk membuatnya cantik makeup simple begitu saja mempesona bikin hamish klepek2,"Karna orang yang syudah cantik, ga perlu dandan heboh utk membuatnya terlihat cantik.. dengan makeup yang simple gitu aja sudah mempesona?????? bikin hamish klepek2",10,1
1875,positive,bagus mencari ilmu di mana pun suaminya orang berpendidikan,Bagus dong.. mencari ilmu kapanpun dimanapun.. itu karena suaminya orang berpendidikan ????????????,10,1
1876,positive,sukak cewek cantik kmauan blajarnya,Sukak cewe cantik dan kmauan blajarnya tinggi ???,10,1
1877,positive,yaampun artis benar benar good attitude layak panutan saja kuliah negeri tetapi karena baktinya suami pilih kuliah wilayah suaminya salut sekali,"Yaampun ini artis bener bener good attitude yang layak jadi panutan. Dia kan bisa aja kuliah di luar negri. Tp karna baktinya sama suami , dia pilih kuliah di wilayah dekat suaminya . Salut banget",10,1
1878,positive,semangat batman username va support karena manusia kesalahan tolong bahas pliis karena sudah 2,"Semangat batman <USERNAME> kita VA selalu support kamu karna setiap manusia pasti pernah punya kesalahan ???????? ,, dan buat yang lain tolong jangan di bahas lagi pliis karna itu udah 2 tahun yang lalu ????",10,1
1879,positive,username y sudah salam kenal y mbk senang kenal sama mbk sebagai manusia ingatkan y sebagai manusia harus tahu jangan sombong yang digedein mentang2 sudah jadi artis haha y sudah mbk cabut ja y dari komen di foto ni nnt jadi korban dia sel,<USERNAME> y udh .salam knl y mbk seneng bisa knl sm mbk. Sbagai manusia kita saling ingetin.y sbagai manusia kita hrs tau diri jgn sombong yg digedein mentang2 dah jd artis haha..y udh mbk kita cabut ja y dri komen d foto ni nnt kita jd korban dy sel,10,1
1880,positive,keren yaaa kesederhanaannya terpancar sukak sama keluarga presiden,"keren yaaa, kesederhanaannya terpancar jelas. sukak sm keluarga presiden ini??",10,1
1881,positive,presiden embel gelar bangga,"Seorang presiden tanpa embel"" gelar .. bangga sekali",10,1
1882,positive,proud of you indonesia god bless indonesia,Proud of you Indonesia. God bless Indonesia,10,1
1883,positive,amazing sangat miss national costume kereenn bangga ama budaya indonesia,Amazing bngt Miss National Costume. Kereenn!! Bangga ama budaya indonesia ????,10,1
1884,positive,bangga pastinya,Ikut bangga pastinya ??,10,1
1885,positive,proud of you kak dea patut dibanggakan,PROUD OF YOU KAK DEA. Sangat patut dibanggakan??,10,1
1886,positive,suka sangat sama pidatox dia pembawaanx begitu elegan n brwibawah pntas memang dia mdptkan salut,Suka bgt sm pidatox dy cara pembawaanx bgtu elegan n brwibawah pntas mmg dy mdptkan.salut,10,1
1887,positive,percaya kak niki orangnya jujur semangat kak niki hebat,aku percaya kak niki orangnya jujur semangat kak niki???? hebat,10,1
1888,positive,username m mba saya juga tidak benci nikmir salut ama tidak muna artis maaf image saja depan sok sok teraniaya n jual air mata nikita real sygnya msyarakat cendrung yang yang superfisial,"<USERNAME>.m sama Mba! Gua jg ga bisa benci Nikmir. Salut malah ama dia ga muna! Artis lain maaf image aja di dpan, sok baik, sok teraniaya n jual air mata. Nikita ini real.. sygnya msyarakat kita cendrung yg dilihat apa yg ada di superfisial",10,1
1889,positive,cantik alami bedak tebel gaya bak tante2,cantik alami tanpa perlu bedak tebel dan gaya bak tante2,10,1
1890,positive,cantik gagah mudahan lancar dampe h,Cantik dan gagah mudahan lancar dampe hari h,10,1
1891,positive,cantik penampilannya dewasa sesuai mukanya cantik indonesia classy ayu ayu gimana begitu,"Cantik yang ini dong,penampilannya dewasa yang sesuai. Mukanya cantik Indonesia,classy. Ayu ayu gimana gitu.",10,1
1892,positive,lcb cantikk lcb beruntung dapat duren duren beuntung dapat neng lcb sakina mawaddah warahmah amin,"Lcb cantikk sangat??, lcb beruntung dapet duren dan duren pun beuntung dpt neng lcb. Sakina mawaddah warahmah Amin",10,1
1893,positive,ganteng berseragam ganteng panutan keluarganya semoga anak memiliki fisik elok mahluk allah ni,"dia ganteng tidak hanya saat berseragam, tapi ganteng saat menjadi panutan keluarganya.. semoga anak saya memiliki fisik yang elok macam mahluk Allah ni",10,1
1894,positive,beruntung sekali deh mba username dapat mas username ganteng sholeh sayang keluarga suami idaman sekali semoga keluarga samawa,"Beruntung banget deh mba <USERNAME> dapet mas <USERNAME>. Ganteng,baik,sholeh,sayang keluarga.ini suami idaman banget.semoga selalu menjadi keluarga yang SAMAWA",10,1
1895,positive,semoga mas agus pemimpin salah pemimpin yang sukses sukses dalam memimpin dalam rumah tangga,Smoga mas Agus menjadi pemimpin di masa akan datang.salah satu pemimpin yg sukses adalah dia sukses dlm memimpin dlm rumah tangga,10,1
1896,positive,dear bapak username cara berpakain bapak mencerminkan kepribadian bapak yang sangat lembut tetapi gagah semoga bapak username kelurahan dalam lindungan allah swt salam hormat dari yang mengagumi bapak,"Dear...Bpk <USERNAME> cra berpakain bpk sangat lah mencerminkan kepribadian bpk yg sngt lembut tpi tetap gagah semoga bpk <USERNAME>&kel selalu dlm lindungan allah swt, salam hormat dri saya yg selalu mengagumi bpk :-)",10,1
1897,positive,sukses kak ayu semoga senantiasa naungan allah swt sehat amin,"Sukses terus kak ayu dan semoga selalu senantiasa dalam naungan Allah SWT, dan sehat selalu amin...",10,1
1898,positive,semoga kesehatan umur yah nek muda sekali cantik mashaallahhh,"Smg selalu di berikan kesehatan dan panjang umur yah nek ,muda banget cantik dan MashaAllahhh",10,1
1899,positive,terima kasih username keluarga memilih plataran darmawangsa acara keluarga staff plataran darmawangsa terkesan menunggu kedatangan keluarga sehat keluarga amin amin ya rabbi,Terimakasih Ibu <USERNAME> serta seluruh keluarga telah memilih Plataran Darmawangsa sebagai tempat acara keluarga Besar. Saya selaku bagian staff di Plataran darmawangsa sangat terkesan dan sangat menunggu kedatangan Ibu dan keluarga di lain waktu. Sehat selalu Ibu dan keluarga. Amin amin ya rabbi,10,1
1900,positive,salam dirgantara terima kasih mendukung menyebarkan awareness terkait program pesawat r80 semoga momen emas titik kebangkitan industri pesawat terbang indonesia berjaya eyang habibie yuk satukan langkah terbangkan pesawat r80 langsung klik link bio yaaa,"Salam Dirgantara! Terima kasih telah mendukung dan menyebarkan awareness terkait program pesawat R80. Semoga momen emas ini menjadi titik awal kebangkitan industri pesawat terbang Indonesia agar kembali berjaya. Bersama Eyang Habibie, yuk kita satukan langkah terbangkan pesawat R80. Caranya? Langsung klik link di bio kami yaaa ????",10,1
1901,positive,semangat ya eyang habibie sehat dalam lindungan allah ambisinya kuat dalam kereeeennnnn semoga banyak penurus2 bangsa seperti eyang habibie,"Semangat ya eyang habibie, sehat selalu, selalu dlm lindungan Allah, ambisinya selalu kuat dlm melakukan segala hal. Kereeeennnnn. Semoga bnyk penurus2 bangsa sprti eyang Habibie ????????????????????????",10,1
1902,positive,memiliki cucu2 kebahagian yang ternilai cucu sebagai generasi penerus bangsa,"Memiliki Cucu2 merupakan kebahagian yg tak ternilai, cucu sbg generasi penerus bangsa...",10,1
1903,positive,wahhh kerenn tempatnya bagus bernostalgia bersmaa keluarga,Wahhh Kerenn..... dan saat ini tempatnya semakin bagus Ibu. Kapan kapan Bernostalgia di sana lagi bersmaa keluarga ??????,10,1
1904,positive,cantik ganteng ganteng sehat bu ani sekeluarga,Cantik dan ganteng-ganteng. Sehat selalu untuk mereka dan Bu Ani Sekeluarga ????,10,1
1905,positive,barakallah cucu2 yang cantik ganteng semoga anak yang sholeh sholeha kebanggaan kelg,Barakallah dengan cucu2 yg cantik dan ganteng ... semoga menjadi anak yg sholeh dan sholeha ... menjadi kebanggaan kelg...????,10,1
1906,positive,bu username cucu bikin hati gembira ngangeni kadang kangen keceriaan salam kangen cucu2 tercinta,Bu <USERNAME>...cucu bikin hati kita gembira...ngangeni...kadang kangen sama keceriaan mereka...salam kangen buat cucu2 tercinta,10,1
1907,positive,lucu ganteng parah gede pinternya tidak ketulungan salam hormat bu,"Yang kecil lucu, yang tengah ganteng parah, yang gede pinternya ga ketulungan, salam hormat saya bu, pak",10,1
1908,positive,terima kasih sby ani yang menemani beliau kontribusinya yang indonesia 10 memimpin semoga bahagia sehat amin,Terima kasih pak SBY & ibu Ani yg selalu menemani beliau..& sudah memberikan Kontribusinya yg sangat Luar biasa kepada Indonesia selama 10 tahun memimpin..semoga selalu bahagia & sehat selalu..amin,10,1
1909,positive,caption kali membaca captionnya langsung belajar bahasa inggris terima kasih personal tidak mengenal anie tetapi betapa bangganya anak cucumu didik generasi bangsa mandiri unggul sehat semoga cinta kasih keluarga engkau tebarkan,Setiap caption yang di buat ibu..dan setiap kali saya membaca captionnya secara tidak langsung saya belajar bahasa Inggris ... Terima kasih ibu... Secara personal saya tdk mengenal ibu Anie tp saya yakin betapa bangganya Anak Cucumu bisa kamu didik ibu menjadi generasi bangsa yang mandiri dan unggul ... Sehat terus ibu .. Semoga Cinta Kasih dalam Keluarga selalu engkau tebarkan untuk mereka ...,10,1
1910,positive,assalamualaikum terhormat salam sekeluarga banda aceh membanggakan keluarga membahagiakan nya sikap etika perilaku keluarga sungguh bijaksana mas agus suami mencalonkan presiden beliau bangga salam hangat perkenalan keluarga ya bu darmanto rapi photo studio,"Assalamualaikum ibu yang terhormat. salam dari kami sekeluarga di banda Aceh. kami semua sangat membanggakan keluarga ibu yang sangat membahagiakan kami bila melihat nya. sikap etika perilaku keluarga ibu sungguh sangat bijaksana apalagi mas agus, ibu.. suami saya terlebih lagi sangat yakin pada saat bapak mencalonkan diri jadi presiden dulu beliau sangat bangga pada bapak salam hangat dan perkenalan dari keluarga kami ya bu (Darmanto Rapi photo studio)",10,1
1911,positive,senang liat n bapak sby menikmati tua brsama cucu tercinta sehat terus ya memo n pepo allah swt melindungi memo n pepo n kelurahan kisss,"senang liat ibu n bpk sby menikmati hari tua brsama cucu tercinta ,, sehat trs ya memo n pepo ,,, Allah SWT melindungi memo n pepo n kel #kisss",10,1
1912,positive,semangat mebangun indonesia yang maju jokowi,Semangat mebangun indonesia yg lebih maju pak jokowi ????,10,1
1913,positive,artis berkualitas wajahnya itulohhh berkualitas sangat hihi cantik bangetsss top deh tidak pakai drama gimick idupnya hihi tajir tetapi sederhana,"Artis berkualitas, wajahnya itulohhh berkualitas bgt hihi.. Cantik bangetsss.. Top deh.. Ga pake drama dan gimick idupnya hihi.. Tajir tp. Sederhana",10,1
1914,positive,mba via sptnya siyok kejamnya dunia artis an mudah2an tetap sabar tetap berkarya dengan,Mba via sptnya siyok melihat kejamnya dunia per artis an... mudah2an tetep sabar tetep berkarya dg baik... ????,10,1
1915,positive,suka via orang nya jujur kaga gimmick2an hidupnya hitam ya hitam putih ya putih kalau bicara blak2an kalau tidak suka dia bicara jadi tidak pura2 saya sekali sih tidak munafik seperti ajaran orangtua saya suka senyum kepalsuan tidak kaya artis yang onoh noh yang mulutnya lebar kya gorong2 tukang ngibul munfik sangat kalau wartawan juga perilaku ama omongan tidak balance,"Selalu suka sama via,org nya jujur apa adanya kaga gimmick2an hidupnya..hitam ya hitam,putih ya putih..kl ngomong blak2an,kl ngga suka dy ngomong jd ga pura2(gw banget sih),apa adanya ga munafik..sprti ajaran ortu gw..jangan suka memberi senyum kepalsuan????ga kaya artis yg onoh noh yg mulutnya lebar kya gorong2,tukang ngibul,munfik bgt kl ditanya wartawan jg jawabnya,perilaku ama omongan ga balance????",10,1
1916,positive,go a head via cuekin saja sudah pergaulan dunia kerja masyarakat pergaulan ertong yang gatal bin sirik kalau liat orang sukses anggep saja kuman tidak dibikin status kesenengan bahan ngetawain tidak,"Go a head Via...... Cuekin ajalah, udah biasa itu dalam pergaulan dunia kerja dan masyarakat biasa, apalagi pergaulan ertong. Pastilah ada yg gatel bin sirik klo liat orang sukses, anggep aja kuman gak usah dibikin status, malah kesenengan mereka ada bahan buat ngetawain. Betul nggak?? ??????",10,1
1917,positive,gagah kali abang borisq kalau tidak baca nmx bner2 tidak ngeh kalau itu bang boris,Gagah kali abang borisq ini.. Klo gk bc nmx bner2 gk ngeh klo it bang boris...??,10,1
1918,positive,weewww bangga kali aku liatnya bang username pakai baju adat karo syip,Weewww bangga kali ak liatnya bang <USERNAME> pake baju adat karo.... Syip,10,1
1919,positive,bagus sekali baju pengantinya happy weding,Bagus banget baju dan pengantinya happy weding,10,1
1920,positive,masyaallah bagus sekali,MasyaAllah . bagus banget ..,10,1
1921,positive,gileee suaraaanyaa kereen parah sukak,Gileee suaraaanyaa.. kereen parah.. sukak,10,1
1922,positive,keren dari penyanyi aslinya,Lebih keren dr penyanyi aslinya,10,1
1923,positive,kereeeeeeeeeeeeeeennn sampai merinding brrrrr,Kereeeeeeeeeeeeeeennn sampe merinding brrrrr,10,1
1924,positive,yatuhan suaranyaaaaaaa bagus bangetttttttt,Yatuhan suaranyaaaaaaa bagus bangetttttttt,10,1
1925,positive,keren suaranya super merdu coba audisi nyanyi bakatnya bisa tersalurkan,"Keren suaranya super merdu. Coba ikut audisi nyanyi, pasti bakatnya bs tersalurkan",10,1
1926,positive,bagus daripada artis yang modal tampang saja padahal suara jelek lebih baik mas yang nyanyi memang dasar nasib orang yak tidak yang tahu semoga masnya sukses,Bagus drpd beberapa artis yg modal tampang doang pdhl suara juga jelek. Mendingan mas ini yg nyanyi. Emg dasar nasib org yak gk ada yg tau. Semoga masnya bisa sukses,10,1
1927,positive,dgrin sampai bulu kuduk saking bgusnya masyaallah apik sangat suaranya,"Dgrin ini sampe bulu kuduk naik saking bgusnya, masyaallah apik bgt suaranya",10,1
1928,positive,subhanallah tergetar hati dengar suara nya,Subhanallah tergetar hati dengar suara nya,10,1
1929,positive,allah suaranya bagus sekali cantik orangnya idaman cowok,Masa allah suaranya bagus banget cantik lagi orangnya idaman semua cowo,10,1
1930,positive,bagusss suaranya penampilannya sesuai anak sekolahan natural sesuai usia nya,"Bagusss suaranya, penampilannya juga sesuai anak sekolahan, natural dan sesuai dengan usia nya",10,1
1931,positive,kerennnn suaranya bagus,Kerennnn suaranya bagus,10,1
1932,positive,cantik polos kelihatan berbakat semoga sudah tenar gek selebgram tidak kaya2 si mba novilda ya dek yang kehilangan arah tetaplah cepat tumbuh dewasa asahlah bakat allah bless you both,"Cantik, polos, apa adanya tapi keliatan berbakat. Semoga kalau udah tenar gek jadi selebgram, kalian ga kaya2 si mba Novilda ya dek yg kehilangan arah. Tetaplah begini,jangan cepat tumbuh dewasa dan terus asahlah bakat kalian, Allah bless you both.",10,1
1933,positive,bagus iniii tidak kaya yang ingin terkenal rambut alus2in dulu muka makeup dulu biar dikamera keren hahaha kalau benar benar kelihatan lagi lelahnya habis pulang sekolah,"Bagus iniii, ga kaya yg pingin terkenal, rambut di alus2in dlu. Muka di makeup dl. Biar dikamera keren hahaha. Kl mereka bnr bnr keliatan lg lelahnya abis pulang sekolah ????",10,1
1934,positive,ulang berkali kali sampet tidak percaya kalau suara aslinya bagus sangat,Di ulang berkali kali sampet gak percaya klo ini suara aslinya. Bagus bgt ??,10,1
1935,positive,alhamdulillah kidz zaman niw yang berkarya sewajar seumurannya yang sok gede,Alhamdulillah masih ada kidz zaman niw yg berkarya sewajar seumurannya bukan yg sok gede,10,1
1936,positive,aduhh kerennnn suaranya enak nge jazz2 gimanaa begitu muka mah saja nanti kalau sudah tenar muka mengikuti hahahahahaha skill dulu nomor 1 batu abege jaman now,aduhh kerennnn suaranya enak . nge jazz2 gimanaa gtu . muka mah belakangan aja . ntr klo udh tenar juga muka mengikuti hahahahahaha . skill dlu nomer 1 . ini batu abege jaman now ????????,10,1
1937,positive,kereeen nih enak sangat didengernya tidak bosan putar ulang2 yang lipsing2 tidak jelas joget2 begitu,Kereeen nih...enak bgt didengernya...gak bosen puter ulang2...daripada yg lipsing2 gajelas joget2 gtu...,10,1
1938,positive,waduuhhh kereeen bangeeet dedek2 emeesh,waduuhhh...Kereeen bangeeet dedek2 emeesh,10,1
1939,positive,kalau sih yes bingits coba ya seandaix anak2 video seperti gini video kreativ bagus dripda video mesum ngelem dan lain lain yang berbau negativ bikin dosa maluin orangtua,Klo aku sih yes bingits...coba ya seandaix anak2 buat video sprt gini atau video kreativ lainnya kan bagus dripda buat video mesum..atau ngelem dll yg berbau negativ bikin dosa dan maluin ortu dan diri sendiri,10,1
1940,positive,bagussss dandannya natural tidak permak mirip anak jaman now,Bagussss + dandannya natural ga banyak permak kayak anak jaman now lainnya ????????????,10,1
1941,positive,kereeeeennnn nyanyinya santai sekali,Kereeeeennnn padahal nyanyinya santai banget ????????????,10,1
1942,positive,polossss keren tidak neko2 kayaknya jossss,Polossss...keren....ga neko2 kayaknya...jossss,10,1
1943,positive,yesssssss bagus sangat kids jaman now yang yang diksh jempolllll,Yesssssss !!!!! Bagus bgt !!! ?????? Kids jaman now yg begini yg diksh jempolllll ????????,10,1
1944,positive,wajah2 anak skul sangat yaakk mase alami sangat suka liatnya lagu ma suara keren palg yang pakai bando suaranya mantap,Wajah2 anak skul bgt yaakk mase alami bgt suka liatnya ???? lagu ma suara keren palg yg pake bando suaranya mantap ??????,10,1
1945,positive,keren suaranya dasarnya cantik tinggal poles sedikit bersinar,Keren suaranya dasarnya cantik tinggal di poles dikit bersinar??????,10,1
1946,positive,pembagian suaranya pas sangat pecah suaranya juga cakap,"Pembagian suaranya pas bnget,pecah suaranya jg cakep",10,1
1947,positive,keren sangat suaranya tinggal dipermak saja biar tambah cantik viralkann,keren bgt suaranya.tinggal dipermak aja biar tmbh cantik.viralkann....,10,1
1948,positive,kereeeennnnnn suaranyaaahh okkeehh ketjeeehh badaaiik ughllaaaallaa,Kereeeennnnnn... suaranyaaahh okkeehh ketjeeehh badaaiik ughllaaaallaa..,10,1
1949,positive,yes yes yes kirain lypsinc habisnya sih suaranya eh pas dua2nya nyanyi bareng ngeh asli kereennn,"Yes yes yes..kirain lypsinc habisnya mirip sih suaranya,eh pas dua2nya nyanyi bareng baru ngeh asli..kereennn",10,1
1950,positive,keren yang bakat nanti juga kalau sudah jadi artis duit mukanya cemerlang,Keren yg penting punya bakat dulu ntar jg klo udah jd artis banyak duit mukanya bisa cemerlang,10,1
1951,positive,keren min orang2 yang berbakat kaya gini yang up publik,Keren min orang2 yg berbakat kaya gini yg harus di up ke publik????????,10,1
1952,positive,kereeen sangat suaranya seperti gini kids jaman now,Kereeen bgt suaranya. Nah kyk gini dong kids jaman now...??,10,1
1953,positive,mrinding bagus poll di jaga ya dek kepolosannya jangan smpek seperti si aw2 dkk,mrinding... bagus poll... d jaga ya dek kepolosannya... ???? jng smpek kyk si aw2 dkk.. ??????,10,1
1954,positive,kereenn sumpaah kebangetan bagusnya,"Kereenn sumpaah,, kebangetan bagusnya..??",10,1
1955,positive,ya ampun lakikny ganteng rini nya cantik mungil sekarang,Ya ampun lakikny ganteng. Rini nya juga cantik. Mungil pula skrg.,10,1
1956,positive,suaminya swett keliatannya sayang sangat ma istrinya ganteng haaaaaaa so swett semoga langgeng slluÃ¶,"Suaminya swett... keliatannya syg bgt ma istrinya, ganteng lagi... Haaaaaaa ?? so swett lah... Smg langgeng slluÃ–",10,1
1957,positive,mbak rini hamil ya selamat ya mbak semoga kandungannya sehat saja mbak rininya bahagia hamil semoga lancar proses persalinannya,"Wah Mbak Rini hamil ya ?? Selamat ya mbak semoga kandungannya sehat"" aja & juga mbak rininya , makin bahagia di hamil yang pertama , dan semoga lancar di proses persalinannya nanti ????",10,1
1958,positive,kasihan anaknya jangan sampek anaknya rusak jugak kek emaknya yaa,"Kasian anaknya,, jgn sampek anaknya rusak jugak kek emaknya yaa",10,1
1959,positive,kalau pasangan cantik ganteng suka deh liatnya,Kalo pasangan cantik + ganteng suka deh liatnya?,10,1
1960,positive,hamil selamat ya mbak sandra semoga kehamilannya sehat fit semoga lancar prosesi persalinannya sudah calon nih,"Wah akhirnya hamil lagi juga. Selamat ya mbak Sandra semoga kehamilannya makin sehat"" saja , makin fit dan semoga lancar di prosesi persalinannya nanti. Wah udah jadi calon ibu nih",10,1
1961,positive,ikutan happy sukakkk sangat sama nih couple salah pasangan sempurna saya,ikutan happy....sukakkk bgt sm nih couple...salah satu pasangan sempurna menurut gw,10,1
1962,positive,lihat infotainment nikah waktu persiapannya jelang pernikahan sandra dewi bilang kalau calon suaminya pengen sekali cepat anak habis menikah karena suka anak sudah prepare program2 yang lakukan kalau dalam waktu belum dikasih anak but finally congrats semoga lancar sehat terus sampai lahiran,"Pernah lihat di infotainment sebelum nikah, wkt ditanya persiapannya jelang pernikahan, sandra dewi bilang klo dia sama calon suaminya pengen banget cepat punya anak nanti hbs menikah, krn mereka suka anak kecil, bahkan mereka sdh prepare program2 yg akan mereka lakukan klo dlm wkt dekat blm dikasih anak, but finally...congrats...semoga lancar dan sehat trs sampe lahiran ??????",10,1
1963,positive,keluarga ter humble ter sempurna ter sederhana tidak sok kaya tidak pnah manja pakai pesawat jet pribadi mirip yang,Keluarga ter-humble ter-sempurna ter-sederhana dan engga pernah sok terlihat kaya dan ga pnah manja pake pesawat jet pribadi kayak yg lain lain ??????????,10,1
1964,positive,bunda maia cantik semoga selalu sukses sehat terus ya cantik wajahnya secantik hatinya,"Bunda maia cantik semoga slalu sukses, sehat trs ya cantik wajahnya secantik hatinya",10,1
1965,positive,artis yang saya kaguminn nikah muda tidak neko2 sayang keluarga sayang suami mengutamakan anak2 tidak puyeng ama dunia hiburan artisann tajirrr mampuss plus tidak alayy tidak aneh2 salutt ama niaa smiga selalu samawa yaa nia and famzz,"Artis yg gue kaguminn.. Nikah muda, ga neko2, syg keluarga syg suami,, mengutamakan anak2.. Ga puyeng ama dunia hiburan dan ke artisann.. Padahal tajirrr mampuss.. Plus ga alayy dan ga aneh2.. Salutt ama niaa.. Smiga slalu samawa.. Yaa nia and famzz???????????????????????????????",10,1
1966,positive,username iya sih jujur fans nia saja pas tenar sekali sinteronnya saja urusan keluarga salut ama muda ya itungannya beda 2 3 t,"<USERNAME> iya aku sih jujur bukan fans Nia, biasa aja sama dia, pas dia tenar banget sama sinteronnya juga aku biasa aja. Tapi makin ke sini kalau soal urusan keluarga, aku salut ama dia. Dia kan masih muda ya itungannya, sama aku cuma beda 2-3 t",10,1
1967,positive,smnjk habis nikah auranya keluarr sangat suaminya juga kliatan sayang nia nya kliatan begitu tulusss sukak deh liatnya,Smnjk hbs nikah auranya keluarr bgt. Suaminya jg kliatan syg dan nia nya kliatan baik gt tulusss.. sukak deh liatnya.,10,1
1968,positive,mungkin s mba nya marah2 karena ada kata2 yang tidak enak dari yang komen wajar kalau marah itu foto saja ko mba nya yang di bully sampai bawa2 fisik segala tidak bagus pinter2 mnyikapi medsos,Mngkin s mba nya marah2 krna ad kata2 yg ga enk dr yg komen..wajar lah kl dia marah..toh it kan cuma foto biasa aj.. Ko jadi malah mba nya yg d bully..sampe bawa2 fisik sgala.. Kan ga bgus.. Pinter2 lah kita mnyikapi medsos.. ????,10,1
1969,positive,cantik sekali yak anak cewek puyeng kali yak jagain nya,Cantik banget yak.. Punya anak cewe begini puyeng kali yak jagain nya ??????,10,1
1970,positive,username iya mba ariel tidak ganteng ariel kharisma yang menarik sudah tua sekarang keriput wajahnya tetap saja kharisma nya lelaki kelihatan terpancar buktinya mama tante tergila2 ariel sa,"<USERNAME> iya betul mba. Ariel gak ganteng. Tapi ariel punya kharisma yg menarik. Udah tua pun skrang agak keriput wajahnya ttp aja kharisma nya sebagai lelaki keliatan lebih terpancar. Buktinya mama, dan tante saya makin tergila2 sama ariel dan sa",10,1
1971,positive,manusia menghargailah kalau tulisan yang ditulis berguna menyakiti hati orang ya tulis pergunakan sosmed smart ya guys,"Jadi manusia Saling menghargailah, kalo tulisan yg ditulis itu tidak berguna bahkan menyakiti hati orang lain. Ya sebaiknya tidak usah tulis. Pergunakan sosmed dengan smart ya guys!!",10,1
1972,positive,kalau liat username bergaya apapun tetap kliatan bagus suka lgu nya sukses terus kak,entah kenapa kalo liat <USERNAME> bergaya apapun ttp kliatan bagus... suka sama lgu nya.. sukses trus kak,10,1
1973,positive,bangat emasnya salpok diemasnya tetapi sumpah lagunya music nya keren bngat konsep mv nya ambil handel keren kalau denada taro kutang diluar karena minim perestasi tetapi kalau agnes wajar prestasi dunia fashion kalau artis indonesia unggul karena berani tidak cocok pakai,banyak bangat emasnya.jadi salpok diemasnya.tp sumpah lagunya dan music nya keren bngat.apalagi konsep mv nya ia ambil handel.kan keren menurut saya.kalo denada taro kutang diluar itu krn masih minim perestasi.tp kalo agnes itu hal wajar.prestasi dan dunia fashion kalo artis indonesia ia selalu unggul.krn ia berani meski gak cocok ia pake,10,1
1974,positive,coba deh kritik2 bikin karya tahu bagus kritik,"Coba deh yang pada kritik2 itu bikin karya sendiri, siapa tau lebih bagus dari yang mereka kritik",10,1
1975,positive,protes sih protes coba usaha deh usaha pendek ya butuh go international protes kalau pengen ya kaliam go international,"Pada protes kenapa sih??yang protes itu coba usaha deh..Jangan kira usaha dia pendek ya!!.Butuh waktu lama dia agar bisa go international.Jangan cuma protes,klau pengen yang kalian inginkan ya kaliam sendiri dengan cara sendiri agar kalian bisa go international",10,1
1976,positive,keren tidak suka ma agnes tetapi suka ma lagu n jadi suka juga ma y nyanyi santai lagunya tetapi asyik,"Keren, ga suka ma agnes, tp suka ma lagu ini, n jd suka jg ma y nyanyi, santai lagunya tp asyik",10,1
1977,positive,bandingin lagu go internasional ngena saya seru enak didengar tidak biasa agnes tidak bumbu indonesianya kaya batik begitu,"Bandingin lagu Go Internasional yang paling ngena di gue ini seru enak didenger....... Tapi tumben agnes gak memberikan bumbu Indonesianya kaya ada Batik"" gtu atau apa..",10,1
1978,positive,keren mba mba superman wkwkwk,"Nah ini baru keren, daripada mba mba superman wkwkwk",10,1
1979,positive,sumpah saya suka sangat lagu yang asyik sangat dengernyaa,"Sumpah gua suka bgt sama lagu dia yg ini, asik bgt di dengernyaa",10,1
1980,positive,enak sekali mak lagu2 dialbumnya suka yang inih sama beautiful mistake,Enak banget mak lagu2 dialbumnya paling suka yg inih sm beautiful mistake,10,1
1981,positive,mantap saya suka sangat ama agnes dia artis yang bertalenta kayaan dia tidak dipamer ky artis ygblain saya suka dia tidak pamer keren sangat,Mantap .gw suka bngt ama agnes.karena dy artis yg bertalenta .dan ke kayaan dy ga pernah dipamer ky artis ygblain.gw suka dy ga pernah pamer.keren bngt,10,1
1982,positive,enakk musik nyaa lagii lhatt ka agnes nyaa dance kaya nyaa nyamaann enakk sangat tuh kayaa nyaa,enakk musik nyaa . apa lagii lhatt ka agnes nyaa dance kaya nyaa nyamaann dan enakk bgt tuh kayaa nyaa,10,1
1983,positive,asyik bgts dancenya lagi lagunya mancappppp,"Asik bgts dancenya,apa lg lagunya mancappppp",10,1
1984,positive,ganteng sekali aura kencang sekali diragukan semoga langgeng mami,Ganteng banget meski aura... Kenceng banget & diragukan.semoga langgeng mami..,10,1
1985,positive,mami depe cantik sekali awet muda tidak kalah sama penyanyi pendatang semoga samawa username,"Mami depe cantik banget. Awet muda, ngga kalah sm penyanyi pendatang baru. Semoga samawa... <USERNAME>",10,1
1986,positive,ganteng yesss mami cuco deh babang semoga langgeng ya unchhh lope mami,Ganteng yesss. Mami cuco deh sama babang. Semoga langgeng ya unchhh lope mami,10,1
1987,positive,mbak dewi sabar keliahatannya keren semoga langgeng,Mbak dewi jadi lebih sabar keliahatannya... Keren semoga semakin langgeng,10,1
1988,positive,pasangan hidup ijk salut sih mami depe tidak matre n neko2 yang single n cocok doi diajak merit tidak seperti tetangga sebelah saking matrenya suami orang embat juga,Soal pasangan hidup ijk salut sih sama mami depe.. ga matre n neko2.. yg penting single n cocok doi mau diajak merit.. ga kyk tetangga sblh saking matrenya suami org di embat jg..,10,1
1989,positive,duda singgel tidak yang laki jaman setia menemani dunia akhirat amin good luck dewi persil sehat selalu dalam berkarya,mau duda mau singgel itu ngak masalah yg penting laki jaman sekarang setia menemani dunia akhirat amin good luck dewi persil sehat slalu dlm berkarya,10,1
1990,positive,muantepp ganteng selamat menempuh hidup mg langgeng rumah tanggax bhagia n selladem ayem,Muantepp ganteng...selamat menempuh hidup baru mg langgeng rumah tanggax bhagia n selladem ayem...??????,10,1
1991,positive,mb depe langgeng yo karo masny mb ibuku ngefans sangat sama mb depe dari mb sama mas saiful dulu smpe2 bilang jadi pembntuny gapapala katanya ingin sangat ketemu mb depe ibuku dijambi mb,"Mb depe langgeng yo karo masny.mb ibuku ngefans bgt sm mb depe dri mb sm mas saiful dlu smpe2 blng jdi pembntuny gapapala ktny,pgn bgt ktmu mb depe ibuku kami dijambi mb",10,1
1992,positive,dengar 2 yang menyakitkan hati tenang jalanin saja pilihan andah bahagia hatimu maju terus sukses pasangan mu,Jangan di dengar kata 2 yg menyakitkan hati lebih baik tenang jalanin aja dengan pilihan andah sendiri bahagia itu biasanya ada di kata hatimu maju trus dan sukses bersama pasangan mu,10,1
1993,positive,cakap ganteng pacarnya dewi persik sudah saja jangan ganti lagi yaa dewi,"Cakep,ganteng pacarnya dewi persik,udah ini aja jgn ganti lg yaa dewi",10,1
1994,positive,beruntungnya bella orang2 fokus ama komen lakinya coba kalau tidak model bajunya diceramahin ama netizen,"Beruntungnya Bella.. Orang2 jadi fokus ama komen lakinya. Coba kalo ngga, pasti model bajunya yang diceramahin ama netizen ??",10,1
1995,positive,pasangan suami istri yang normal romantisme istri yang tahu tidak diumbar tetapi dijaga yang suka umbar kemesraan iti kebanyakan menutupi kenyataan yang,Beginilah pasangan suami istri yg normal.. Romantisme hanya dia dan istri yg tau. Ga perlu diumbar.. Tp dijaga. Yg suka umbar kemesraan iti kebanyakan menutupi kenyataan yg sebenarnya.,10,1
1996,positive,naksir ama ceweknya sepertinya lembut sekali kya bolu,"Naksir Ama ceweknya, kyanya lembut banget Kya bolu ??",10,1
1997,positive,cewex cntik cowox mmmmhh hehe,Cewex luar biasa cntik... Cowox.. Mmmmhh hehe,10,1
1998,positive,cewenya cantikk the power of tajir,"Cewenya cantikk, the power of tajir ??",10,1
1999,positive,alhamdulillah ganteng babang emran ya username,Alhamdulillah lebih ganteng babang Emran ya <USERNAME> ??,10,1
2000,positive,alhamdulillah username tidak yang engku emran masyaallah ganteng anteng sabar sholeh penyanyang senyumnya cute baper dech,"Alhamdulillah <USERNAME> gak jadi sama yg ini... engku emran masyaallah ganteng, anteng, sabar, sholeh, penyanyang, senyumnya cute.. baper dech",10,1
2001,positive,cantik manis cewek nya cocok saja,Cantik manis cewe nya .. cocok ajalah,10,1
2002,positive,cewenya manis cakepan yang sekarang dari yang kemarin tidak jadi,"Cewenya manis, cakepan yg skrg Dr yg kmrn ga jd.",10,1
2003,positive,yang lebih cantik sih hebat juga ni lakik ciwik nya cakep2 lho,yg ini lbh cantik sih. hebat jg ni lakik ciwik nya cakep2 lho..,10,1
2004,positive,semoga kalau sma yang mh kalau bella mh sudah dapat yang pas,Semoga betul klo sma yg ini mh....klo bella mh udah dapet yg amat sangat pas lah????,10,1
2005,positive,semoga tidak putus ya ka bella sudah bahagia sekali tuh tidak malu,"Semoga ga putus lagi ya. Ka bella udah bahagia banget tuh, ga malu??? ??????",10,1
2006,positive,yaampun cantiikk sangat aslii angguunn,Yaampun cantiikk bangett aslii! Angguunn ??,10,1
2007,positive,username euum setuju sekaliii memang cantikan wow terbaik terpelihara hehe,<USERNAME> euum setuju sekaliii emang cantikan ini dari pada yang sebelumnya. Lebih WOW... ?? terbaik ?? terpelihara hehe,10,1
2008,positive,cantiik senyumnya maudy kusnaedi,"Cantiik, senyumnya mirip Maudy Kusnaedi",10,1
2009,positive,kisah jevin radhini rini saya jadi belajar 1 jodohmu jalannya saya ikuti dari saya nonton pas live the remix jevin bicara pacar nonton nunjuk radhini saya juga nonton pas jevin meluk radhini erat sangat backstage setelah lolos final kelihatan jevin anaknya gentle tulus penyayang allah maha pembolak hati mei 15 jevin radhini pacaran sept 15 jevin rini dipasangin the remix des 15 final the remix jan 16 jevin radhini putus feb 16 jevin rini pacaran april 16 jevin ngelamar rini feb 17 jevin rini tunangan mei 17 jevin rini nikah allah works in many ways allah s plan is better than our plan jevin yang dulunya berfikiran nikah umur 30 sangka umur 25 dalam pacaran 2 sudah ngajakin anak orang nikah ah happy wedding soundwave bahagia,"Dari kisah jevin radhini rini gue jd belajar 1 hal. ""Kalau memang jodohmu, maka akan ada saja jalanNya"". Gue kebetulan ngikutin dr awal. Gue nonton pas live the remix jevin ngomong 'itu pacar saya nonton' sambil nunjuk radhini. Gue jg nntn pas jevin meluk radhini erat bgt di backstage stlh lolos ke final. Keliatan jevin ini anaknya gentle, tulus dan penyayang. Tapi Allah maha pembolak-balik hati. Mei '15 jevin radhini pcrn, sept '15 jevin rini dipasangin the remix, Des '15 final the remix, jan '16 jevin radhini putus, feb '16 jevin rini pcrn, april '16 jevin ngelamar rini, feb '17 jevin rini tunangan, mei '17 jevin rini nikah. Allah works in many ways??. Allah's plan is better than our plan. Jevin yg dulunya berfikiran akan nikah umur 30, siapa sangka di umur 25 dan dlm waktu pcrn baru 2 bulan udah yakin ngajakin anak orang nikah. Ah, happy wedding soundwave. Bahagia selalu??",10,1
2010,positive,mengartikan jodoh bilang jodoh cantik lahir batin kalau tidak jodoh perpisahanlah terbaik,"Kalau kita bisa mengartikan jodoh,ini lah yang di bilang jodoh.cantik lahir batin tapi kl ga jodoh perpisahanlah yang terbaik..",10,1
2011,positive,pingkan ni suaranya enak sekali bindeng2 gimana begitu berciri khas saya merem dengar suaranya saya sudah langsung tauk,Pingkan ni suaranya enak banget.. bindeng2 gimana gt.. berciri khas.. ibarat gw merem denger suaranya gw udh langsung tauk,10,1
2012,positive,hatinya terbuat ya mbaa gigi berhati luarbiasanya saja sampai benci cobaa sebutin heternya mbaa kesalahan mba gigi lakukan duhh saja sukak sifatnyaaaaaaaaaaa,Hatinya terbuat dari apa ya .. Mbaa gigi yang berhati luarbiasanya ajah sampe di benci .. Cobaa sebutin heternya mbaa kesalahan apa yang mba gigi lakukan :'( duhh aku ajah jadi sukak sama sifatnyaaaaaaaaaaa,10,1
2013,positive,suka sekali sekali nih ni artis tidak neko neko lahiran 1996,"Suka banget banget nih sama ni artis, gak neko neko, ternyata masih lahiran 1996 ??????",10,1
2014,positive,alhamdulillahhh ngepost ayangnya ibel biarin deh damai seisi dunia masing2 sudah pasangan tidak lagi bilang ibel pho happy b day ibel,"alhamdulillahhh... ada juga yang ngepost ayangnya Ibel.... biarin deh damai seisi dunia.... masing2 sdh punya pasangan, jadi engga ada lg yang bilang Ibel PHO.... Happy b""day Ibel",10,1
2015,positive,kakaknya murid2ku masih ajar sekolah internasional mihil anaknya cantik2 si bapak ramah sangat sepupunya sekolah yang yang uang masuknya saja 70 jtan lebih siswa tidak tahu sekarang berapa,"Ini kakaknya murid2ku waktu msh ngajar di sekolah internasional mihil. Anaknya cantik2 dan si ibu dan bpk ramah dan baik bngt. Seluruh sepupunya di sekolah yg sama, yg uang masuknya aja 70 jtan lbh/siswa. G tau skrg brp.",10,1
2016,positive,username ka bella sholehah penghasilan cantik allah kasih jodoh,"<USERNAME> justru karena ka bella sholehah, punya penghasilan sendiri, dan cantik jadi Allah mau kasih jodoh yang lebih baik lagi..",10,1
2017,positive,mbak bela nikahnya berdasarkan dasar agama mbak yang diutamakan ya biar laki2nya dapat yang laki2 yang kaya raya yang nikahin mbak,"Mbak bela, nikahnya berdasarkan atas dasar agama mbak yg diutamakan ya. Biar laki2nya dpt yg baik. Saya yakin banyak laki2 yg baik dan kaya raya yg mau nikahin mbak",10,1
2018,positive,duh geulis kitu ditinggal yang duuuhhhh hahaha jodohnya allah kasih yang teeeh,Duh geulis kitu ditinggal sama yg 'itu' duuuhhhh hahaha jodohnya pasti Allah kasih yg lebih baik Teeeh ??,10,1
2019,positive,bu ameeel sudah tidak bank kangen bu amel yang cantik ramah ama kangen tentengannya hihiii tanya si mba bu amelnya pindah rumah lagi hamil sehat2 yaa bu amel salam annabel,"Bu Ameeel.... udah lama ga ke bank,kangen bu Amel yg cantik,ramah,baik ama kangen tentengannya hihiii ????. Nanya si mba bu Amelnya pindah rumah dan lg hamil. Sehat2 yaa bu Amel,salam buat Annabel",10,1
2020,positive,ambil positifnya saja mbak oma nani menjalankan mbak bilang gimana tidak oma langsung cerai sudah pilihan hidup gimana didoakan semoga langgeng menikah ibadah heheu username,"Ambil positifnya aja mbak toh oma nani yang menjalankan, mau mbak bilang gimana nggak mungkin kan oma langsung cerai karena itu udah pilihan hidup dia gimana jadi lebih baik didoakan semoga langgeng karena menikah juga ibadah heheu <USERNAME>",10,1
2021,positive,alesha arti namanya dilindungi allah aamiin yra ya nak,"Alesha arti namanya : Yang dilindungi Allah....aamiin yra, ya nak....",10,1
2022,positive,semoga anak nya besok pas bangun langsung jadi dewasa biar jodoh gedenya nanti cakap kek kakaknya fahri,Semoga anak nya bsok pas bangun langsung jd dewasa biar bisa bakal jodoh saya???? pasti gedenya ntar sama cakep kek kakaknya Fahri..,10,1
2023,positive,min minta doanya juga mudahan dilancarkan selamat melahirkan mei aamiin,min mnta doanya jg buat saya mudahan dilancarkan dan selamat saat melahirkan bulan mei ini. Aamiin,10,1
2024,positive,waaah hamil cantik cew kali yeee debay nya,"Waaah.... Hamil Malah makin cantik, cew kali yeee debay nya.... ??",10,1
2025,positive,mba acha cantik sekali sekali sekali calon yang belum di kasih momongan sama allah semoga segerakan ya,mba acha cantik banget banget banget !! buat calon ibu yg blm d kasih momongan sm Allah smoga di segerakan ya ??,10,1
2026,positive,gemulai nya momo bak putri keraton jawa semoga bersatu nya maut yang memisah gbu,"Gemulai'nya Momo,, Bak Putri keraton Jawa,,, semoga bersatu selama'nya dan cuma Maut yg memisah'kan,, Gbu...",10,1
2027,positive,berasa kaya manggung kartu keluarga username semoga lancar cepat momongan biar princess momo tidak prince,Berasa kaya mau manggung kk <USERNAME> ?? semoga lancar dan cepat punya momongan biar Ada Princess Kecil MoMo atau gak prince ??,10,1
2028,positive,waaahhh sama dokter sigit ya dokter the best sekali sekali humble orgnya recomend sekali yang program kehamilan,"waaahhh sm dokter sigit ya, ini dokter the best banget, baik banget, humble orgnya, recomend banget buat yg mau program dan kehamilan ??",10,1
2029,positive,ashanti bunda the best selalu belain support anaknya mskipun bukan anak kndung,"Ashanti bunda the best, Slalu belain/support anaknya. Mskipun bkn ank kndung??",10,1
2030,positive,semua orang berhak apapun yang suka tidak mrugikan ornglain aurel dandan natural hak aurel pintar sekali dandannya kliatan cantiiik sekali,Smua orng berhak untuk melakukan apapun yg mereka suka.. Asal g mrugikan dirinya ataupun ornglain.. Mau aurel dandan berlebihan atau natural itu hak dia.. Apalagi aurel pinter banget dandannya.. Kliatan cantiiik banget.. ????,10,1
2031,positive,beruntung si aurel dapat sambung kaya ashanti username,Beruntung si aurel dpt ibu sambung kaya ashanti . <USERNAME>,10,1
2032,positive,salut ma bunda username mskipun sambung tetapi sellu jadi orang yang plingbdpan mmbela aurel n azriel dari pra hatters,salut ma bunda <USERNAME> .. mskipun ibu sambung.. tpi sellu jdi org yg plingbdpan mmbela aurel n azriel dri pra hatters..,10,1
2033,positive,keren ya ashanty segitu sayangnya anak nya anak kandung kandung saja belum orang hatinya kek bidadari tv tv beruntung sekali aurel azriel tiri,"Keren ya ashanty segitu sayangnya sama anak nya(padahal bukan anak kandung), yang ibu kandung aja blm tentu begitu. Ini orang hatinya kek bidadari di tv tv. Beruntung banget itu aurel azriel punya ibu tiri macam dia",10,1
2034,positive,salut bunda username selalu yang trdpan melindungi anak yh mngalahin kandung sendiri yang cuma diam ajj bt aurel bapak yang salah pada dya juga manusia ciptaan allah kalau dya lebih sgla yh dari yang suka nyinyiir masalah pnampilan berarti deh nasib tuuh orang tidak bisa seperti aurel yang lebih baek n bagus dari yang nyinyiiir,"Salut buat Bunda <USERNAME> slalu yg trdpan melindungi ank""yh...mngalahin ibu kandung sndri yg cma Diam ajj...bt aurel pa yg slah pd dya jga Manusia ciptaan Allah klau pun Dya lbh sgla yh dri yg suka nyinyiir mslh pnampilan brarti dh nasib tuuh orang g bsa sprti Aurel yg lbh baek n bgs dri yg nyinyiiir..",10,1
2035,positive,tiri terhebat nanti palingan kalau sudah 20an perawatan sekarang masih muda kasihan kalau paksa perawatan cuma ya tutup mata tutup kuping sekarang mah,Ibu tiri terhebat..... Ntr palingan klo dah 20an dia baru perawatan .skrg msh muda kasian klo di paksa perawatan .cm ya paling tutup mata tutup kuping skrg mah,10,1
2036,positive,username aurel cantik tahu liat asli nya orang sirik yang menjelek jelekannya muka tente cantik muda aurel aurel difoto nampak putib bilangnya suntik putih hitam dibilang tidak ra,"<USERNAME> aurel itu cantik tau. Pernah liat asli nya kok. Org sirik itu yg menjelek jelekannya. Padahal muka sendiri belum tente lebih cantik dan muda daripada aurel. aurel difoto nampak putib bilangnya suntik putih, kelihatan hitam dibilang gk bisa ra",10,1
2037,positive,username astagfirullah mbak tolong ucapannya dijaga ya allah menciptakan manusia sempurna mbak ngomongnya mirip begitu aurel cantik wajar manusia kekurangannya mbak ashanti wajar belain anaknya caper ya mbak sia,"<USERNAME> Astagfirullah... Mbak tolong ucapannya dijaga ya, ALLAH menciptakan manusia dengan sempurna, kok mbak ngomongnya kayak gitu. Aurel cantik kok, wajar manusia ada kekurangannya. Dan mbak Ashanti wajar belain anaknya, bukan caper ya mbak, sia",10,1
2038,positive,aurel perempuan hebat sangat kejadian zaman pipi mimi nya di depan mata tidak anak bisa strong seperti yang nyinyir iri karena aurel bisa keluarga bahagia seperti sekarang yang bilang bundanya ash lebay belum anak hati2 sayang kamu juga perempuan jadi bayangin anakmu yang jadi korban bully,"aurel itu perempuan hebat, ingat bgt kejadian zaman pipi mimi ny & dilihat didepan mata dia sendiri. Ga semua anak bs strong kyk dia. Yg nyinyir pasti iri krn aurel bs punya keluarga bahagia kyk skrg. Yg blg bundanya Ash lebay, mungkin blm punya anak. Hati2 sayang..km jg perempuan, nanti bakal jd ibu. Bayangin anakmu yg jd korban bully ??",10,1
2039,positive,ganteng kalau tidak salah managernya semoga di lancarkan yaa,Ganteng... Ini klo ga salah managernya.. semoga d lancarkan yaa..,10,1
2040,positive,mukanya insya allah jodoh dunia akhirat mbk username amiiii,"Mukanya mirip ,,,insya Allah jodoh dunia akhirat mbk <USERNAME> amiiii",10,1
2041,positive,cantik banggeett ya kak depe tidak kelihatan loh kalau dia nikah masih gadis wajah nya cantik semoga lancar h kak depe bahagia dunia akhirat aammiinnn,Cantik banggeett ya kak depe.. ???? gk keliatan loh klo dy pernah nikah.. seperti msh gadis wajah nya.. cantik ???????????? semoga lancar sampai hari H kak depe.. bahagia dunia akhirat aammiinnn ??,10,1
2042,positive,dadddd semoga datang yaaa papa papa diluar semoga sehat saksi anak anaknya menikah aamiin,Dadddd :( Semoga bisa dateng yaaa & untuk papa-papa diluar sana. Semoga sehat selalu & bisa menjadi saksi anak-anaknya saat menikah. AAMIIN!????,10,1
2043,positive,semoga dilancarkan nikahnya ayahnya lekas ditemukan sehat apapun,Semoga dilancarkan nikahnya dan ayahnya lekas ditemukan dalam keadaan sehat tanpa kurang suatu apapun :),10,1
2044,positive,semoga saja nikahannya lancar y mb jangan berlarut sedih kalau tirinya tidak yang kandung sj alasan anak kandung melarang sj sudah balikkan istri pertamanya kalau sibapak berrti cerita yaa,Semoga aja nikahannya lancar y mb. Jgn berlarut sedih kl bapak tirinya gak datang yg penting bapak kandung datang. Mungkin sj ada alasan anak kandung dari bapak tersebut melarang. Mungkin sj bapak itu udah balikan sama istri pertamanya. Dan kl sibapak datang itu berrti akan mengingatkan cerita lama. Mungkin yaa..,10,1
2045,positive,yea polisinya pintar hahahaha langsung belok sim nembak gatau rambu2 surat perintah yaelah kamu pikir rumah kamu digeledah,"Yea pak polisinya pinter hahahaha.. langsung belok, SIM nembak, gatau rambu2. Malah minta surat perintah yaelah lu pikir rumah lu mau digeledah ??",10,1
2046,positive,nikah baguass deh semoga kelak jadi keluarga yang samawa,Ini mau nikah lagi baguass deh smoga kelak jd kluarga yg samawa,10,1
2047,positive,lucu suaranya kak abbey cantik mirip orang nya terharu,Lucu.... suaranya kak abbey cantik kayak orang nya.... ?????????????? terharu....,10,1
2048,positive,ketemu mba artika sari disesemall jakarta ampunnn ayunee semampai murah senyummm cakap pisan,Pernah ketemu sama mba artika sari disesemall di Jakarta...ampunnn ayunee...mana semampai....murah senyummm....cakep pisan lah,10,1
2049,positive,benar pepatah yess buah jatuh tidak pohon nya cantik nya dapat mama_nya suara bagus pintar nyanyi darah seni papa nya calon generasi hebat,"Bener kata pepatah Yess, Buah Jatuh gak Jauh dari PohoN nya... Cantik Nya dapet dari Mama_Nya, Suara Bagus dan Pinter nyanyi dari darah seni Papa Nya.. #calon generasi hebat di masa depan",10,1
2050,positive,bahagianya anak cantik berbakat bersyukur benar titipan indah,"Bahagianya punya anak cantik berbakat, bersyukur bnr dapat titipan demikian indah",10,1
2051,positive,semoga kesehatan rezeki yang berlimpaah,Semoga di berikan kesehatan dan rezeki yg berlimpaah pak ??,10,1
2052,positive,semoga sehat dimurahkan rejekinya ya,Semoga selalu sehat dan dimurahkan rejekinya ya Pak,10,1
2053,positive,pria setia pekerja keras tidak malu pilih pilih cari nafkah kebalikan beda sangat kenal mentang2 ganteng pilih nganggur ketimbang jadi ojol sudah begitu istri diselingkuhin kalau maunya,"Pria setia, pekerja keras tdk malu pilih-pilih cari nafkah sangat sedikit sekali yang banyak kebalikan..beda bgt sama seseorang yang kenal. Mentang2 ganteng, milih nganggur ketimbang jd ojol. Udh gitu istri diselingkuhin lagi. Baik kalo ada maunya ????",10,1
2054,positive,doa istri anak menyertaimu bang lelaki yang bertanggung karena kalau laki2 tanggung otomatis sayang dengan anak istri beda dengan sayang yang bertanggung,"Doa istri dan anak menyertaimu bang... lelaki yg bertanggung jawab itu sangat PERLU, karna kalo laki2 tanggung jawab otomatis dia akan sayang dgn anak dan istri. Beda dgn sayang yg belum tentu bertanggung jawab ??????",10,1
2055,positive,ya allah bahagia tidak dengan yang mewah sesederhana saja deh bahagia komunikasi dengan keluarga,Ya Allah bahagia itu gak harus dgn cara yg mewah sesederhana begini aj deh bahagia bisa komunikasi dgn keluarga ??,10,1
2056,positive,mencari rejeki untuk keluarganya yang tidak berkenan tolong kekerasan,"Mereka hanya mencari rejeki utk keluarganya, kalau ada yg merasa tdk berkenan tolong jangan menggunakan kekerasan",10,1
2057,positive,salut banting tulang menghidupi keluarga yang duduk bangku empuk pakai ac merampok yang pilih rakyat jelata,"Salut sekali Banting tulang demi menghidupi keluarga.yg duduk di bangku empuk,pakai AC Malah merampok.yg milih rakyat jelata lagi",10,1
2058,positive,amin semoga lancarkan n mudahkan rejeki nya jadi ingat suami saya juga gojek sering nlp nanyain anak istri nya sudah makan belum padahal mungkin sempet makan tidak hujan2an n panas2an tetapi tidak penh mengeluh menyempatkan komunikasi n tetap keep in touch sela2 kesibukannya bangga n tetap berjuang y ms gojek karena anak n istri mendoakan yang terbaik,"Amin, smg selalu di lancarkan n di mudahkan rejeki nya.. jd inget waktu suami sy jg gojek dulu, srg nlp nanyain anak istri nya udah mkn atau blm.. pdhl mgkn dia sendiri entah sempet mkn atau ngga, walaupun hujan2an n panas2an tp ga penh mengeluh.. selalu menyempatkan komunikasi n ttp keep in touch di sela2 kesibukannya. Bangga n ttp berjuang y ms gojek krn anak n istri selalu mendoakan yg terbaik..",10,1
2059,positive,respect istri n anak2 nya yang menunggu sabar dirumah insya allah allah swt menjaga nya,"Respect dengan istri n anak2 nya yg menunggu dengan sabar dirumah insya Allah ,Allah swt selalu menjaga nya.",10,1
2060,positive,laki laki benar berjuang unt anak istri membahagiakan istri insyaallah dunia rejeki yang tidak disangka sangka akherat surga kelak amin,"Laki-laki yang beneran berjuang unt anak istri, membahagiakan istri insyaallah di dunia mendapat rejeki yg ga disangka-sangka di akherat akan ada surga kelak amiin",10,1
2061,positive,bangga suami yang istri disela apapun profesimu kaulah juaranya sehat gojek semoga lacar rejekimu amiiin,"Bangga sama suami yg selalu ingat istri disela waktunya, apapun profesimu... Kaulah juaranya. Sehat terus pak gojek, semoga lacar rejekimu. Amiiin....",10,1
2062,positive,apaoun pekerjaannya yang halal u tuk menafkahi keluarga semangat,Apaoun pekerjaannya yg penting halal u tuk menafkahi keluarga ... Semangat pak,10,1
2063,positive,gojek mayoritas pegangguran tidak kerja terus putus asaa tibatiba lapangan pekerjaan tidak pakai ijasah sungguh lapangan kerja membantu,Gojek itu mayoritas pegangguran yang lama gak kerja trus hampir putus asaa tapi tibatiba ada lapangan pekerjaan yang gak harus pake ijasah terakhir.. ini sungguh lapangan kerja yang sangat membantu sekali menurut saya ??,10,1
2064,positive,username aslinya cantik ayu loh mbak karena bertemu langsung sesembaknya ramah sombong mantan2 yang hhe maaf nimbrung kalau makeup senatural karena sesembaknya menonjolkan wa,"<USERNAME> aslinya cantik dan ayu loh mbak krn aku sudah bertemu langsung juga sesembaknya sangat ramah tidak sombong seperti mantan2 yg lain hhe maaf ikut nimbrung ,kalo makeup dibuat senatural mungkin krn sesembaknya memang mau menonjolkan wa",10,1
2065,positive,username suami seumuran mba tuaan alhamdulillah suami tidak kekanak kanakan hehe,"<USERNAME> suami saya seumuran sama saya mba, malah tuaan saya beberapa bulan tapi alhamdulillah suami saya gak kekanak kanakan hehe",10,1
