audited,ce_loss,is_disagreement,label,new_label,noise_type,oof_fold,oof_pred,oof_prob_0,oof_prob_1,orig_split,text
True,7.592488138637925,1,0,0,Suspected_False_Positive,2,1,0.0005042249104008,0.9994957447052002,train,do not forget the muzrat cop that works for him and belongs to cair
True,7.271434830047408,1,0,0,Suspected_False_Positive,1,1,0.0006951139075681,0.9993048906326294,val,user this administration never fails to keep their white trashy unprofessionalism from leaking out
True,7.259708061719242,1,0,0,Suspected_False_Positive,1,1,0.0007033133297227,0.9992966651916504,val,user user it still a thing it just very white trashy when it happens
True,7.20259480939718,1,0,0,Suspected_False_Positive,1,1,0.0007446510717272,0.999255359172821,train,gua lama lama trauma beli pulsa kalo kesedot mulu. bangsad ga tri ga indosat sama aja kayaknya \xf0\x9f\x98\xad'
True,7.0833988056267465,1,0,0,Suspected_False_Positive,4,1,0.0008389169815927,0.9991611242294312,train,"wkwk bukannya makin bagus malah makin keliatan tololnya cuy kalo ditutup-tutupin begini, masa yang bener harus minta maaf kocak 😂"
True,7.076583842039181,1,0,0,Suspected_False_Positive,3,1,0.0008446536958217,0.9991554021835328,train,gobloknya aku gak cek dulu sebelum submit
True,7.036810360498188,1,0,0,Suspected_False_Positive,3,1,0.0008789255516603,0.9991211295127868,train,Korsel negara rasis
True,6.993693486014034,1,0,0,Suspected_False_Positive,1,1,0.0009176509338431,0.999082326889038,train,"kok bisa orang-orang kayak Puan Maharani, Kapolri, dan antek-antek mereka masih menjabat setelah demo besar-besaran yang sampai menewaskan banyak nyawa enggak berdosa??? Apakah pejabat-pejabat kita emang semuka tembok gitu??? 😂"
True,6.973994994469191,1,0,0,Suspected_False_Positive,3,1,0.00093590648612,0.9990641474723816,train,user user ok i admit the tractor looks like a muzzie nuni rest all
True,6.9704177266470415,1,0,0,Suspected_False_Positive,1,1,0.0009392604697495,0.9990608096122742,train,"kok bisa orang-orang kayak Puan Maharani, Kapolri, dan antek-antek mereka masih menjabat setelah demo besar-besaran yang sampai menewaskan banyak nyawa enggak berdosa??? Apakah pejabat-pejabat kita emang semuka tembok gitu??? ðŸ˜‚"
True,6.938602219155211,1,0,0,Suspected_False_Positive,1,1,0.0009696239721961,0.999030351638794,train,we snap chatted for one night lol. but youre cute. snapchat me back nig
True,6.649905114730259,1,0,0,Suspected_False_Positive,4,1,0.0012941448949277,0.9987058639526368,train,"Lo itu kuat, pasti bisa melewati ini"
True,6.611475179939161,1,0,0,Suspected_False_Positive,4,1,0.0013448467943817,0.998655080795288,train,supir di jepang : apaan anjrit kaga semahal itu ege
True,6.577126956789667,1,0,0,Suspected_False_Positive,4,1,0.0013918423792347,0.99860817193985,train,Ribka itu bangga jadi anak PKI....!!! pahamkan
True,6.572725256038053,1,0,0,Suspected_False_Positive,4,1,0.0013979823561385,0.9986019730567932,train,user respect the based nigress  he would be nothing without her
True,6.545468696963292,1,0,0,Suspected_False_Positive,2,1,0.0014366105897352,0.9985634684562684,train,np big nig nig
True,6.542960902600758,1,0,0,Suspected_False_Positive,3,1,0.0014402178348973,0.9985597729682922,train,niggaz are drinking black label and corona pre game lol
True,6.518568668427987,1,0,0,Suspected_False_Positive,3,1,0.0014757799217477,0.998524248600006,train,"my hawaiian thought of the day, no aloha for muzzie pigs, ever!"
True,6.5169945958242925,1,0,0,Suspected_False_Positive,2,1,0.0014781047357246,0.9985218644142152,train,yum. that looks delicious. i can go without food but not without pussy.
True,6.498179460602781,1,0,0,Suspected_False_Positive,3,1,0.0015061787562444,0.998493790626526,train,najiiisss mirip si mba dese tidak begitu ajaaa hahahahaha maling teriak maling ngaca buuuuuk
True,6.453586784780072,1,0,0,Suspected_False_Positive,2,1,0.001574863330461,0.9984251260757446,val,"Knet memang terlalu tinggi obsesinya dan sifat rasisnya terlalu kuat menang kalah dlm pertandingan itu uda biasa,"
True,6.446375548284069,1,0,0,Suspected_False_Positive,3,1,0.0015862610889598,0.9984136819839478,val,"Udah biasa kita bercanda kayak gini, jangan dimasukin ke hati"
True,6.435671315806148,1,0,0,Suspected_False_Positive,2,1,0.0016033319989219,0.9983966946601868,train,this pervert bastard needs to be in prison.
True,6.433768971926324,1,0,0,Suspected_False_Positive,3,1,0.0016063849907368,0.9983935952186584,train,"Paling benci dengan kalimat ""namanya juga anak-anak"" heh anak2 juga harus di kasih tau kalo dia berbuat salah jangan di maklumi terus kelakuan gak baiknya, bisa berdampak sama masa depannya woy"
True,6.382449762468661,1,0,0,Suspected_False_Positive,2,1,0.0016909753903746,0.9983090162277222,train,overdosing on heavy drugs doesnt sound bad tonight. i do that pussy shit every day.
True,6.322479236917205,1,0,0,Suspected_False_Positive,5,1,0.0017954865470528,0.998204469680786,train,fran is a hillbilly virginia mountain man who has pres white anglosaxon beliefs frankensteinmd kikme
True,6.1637780163405695,1,0,0,Suspected_False_Positive,5,1,0.0021042881999164,0.9978957176208496,train,"mepet pasti ada butuhnya.. jangan mau pak Prabowo disusupi org"" beginian"
True,6.121532630025022,1,0,0,Suspected_False_Positive,5,1,0.0021950891241431,0.9978049397468568,train,any solution to zog which doesnt deal with demographics  only laws  is no solution. northwestimperative
True,6.110593444953992,1,0,0,Suspected_False_Positive,3,1,0.0022192334290593,0.997780740261078,train,INI KULIT YG AKU MAUUUUUUUUU
True,6.08377647826195,1,0,0,Suspected_False_Positive,4,1,0.0022795516997575,0.9977204203605652,train,"matai ngeli, alu o polosi ho nifo.."
True,6.064605608643864,1,0,0,Suspected_False_Positive,4,1,0.0023236742708832,0.9976763129234314,train,KLO NGK BNR KN MALU BNG .... KLO NGK |
True,6.0449137077556205,1,0,0,Suspected_False_Positive,1,1,0.0023698853328824,0.9976301193237304,train,"fake pics  get off my tl, u r dismissed muzzie."
True,6.035736878035965,1,0,0,Suspected_False_Positive,4,1,0.0023917334619909,0.9976083040237428,train,oplas dipermak tetap jelek pokoknya mukanya tegang kek banci sudah sekian
True,6.001697877082857,1,0,0,Suspected_False_Positive,3,1,0.002474547130987,0.9975255131721495,val,shopped for new shoes the other day.  no more nikes in our family.
True,6.000649603213151,1,0,0,Suspected_False_Positive,1,1,0.0024771424941718,0.9975228905677797,train,arya is a fucking goat
True,5.966980908429143,1,0,0,Suspected_False_Positive,3,1,0.0025619645603001,0.9974379539489746,train,but percent get to wear the ever stylish mudshark monocle take that bigots
True,5.960048784160523,1,0,0,Suspected_False_Positive,1,1,0.0025797861162573,0.9974201917648317,train,love being a slut  slut whore sex nudes horny wet cock fuck
True,5.959015212009921,1,0,0,Suspected_False_Positive,3,1,0.0025824538897722,0.9974175691604614,train,Dosen bego...
True,5.95458463618701,1,0,0,Suspected_False_Positive,3,1,0.0025939210318028,0.9974060654640198,train,norak benar kegaet penjahat
True,5.933130829327046,1,0,0,Suspected_False_Positive,2,1,0.0026501717511564,0.9973498582839966,train,Kontloo
True,5.932686645629366,1,0,0,Suspected_False_Positive,3,1,0.0026513491757214,0.9973486661911012,train,#Boikotindosat ini si kuning taiiii pulsa pagi tadi Rp. 2000 an masih kepotong juga tinggal Rp. 1. padahal gk di ngapain... bener gk menghargai pelanggaan sepertinya. budek... taiiiii'
True,5.911659319926816,1,0,0,Suspected_False_Positive,2,1,0.0027076902333647,0.9972923398017884,train,fuck these cunts. this is why mgtow has a leg to stand on.
True,5.886503820102854,1,0,0,Suspected_False_Positive,4,1,0.0027766674757003,0.9972233772277832,train,MUAL BANG CUKUP
True,5.879313549563079,1,0,0,Suspected_False_Positive,3,1,0.0027967044152319,0.9972033500671388,train,itu tahi lalat.. ?kok gede BGT.. hati2 MBA takutnya kanker mendingan di cek deh
True,5.858383910479683,1,0,0,Suspected_False_Positive,5,1,0.0028558552730828,0.9971441626548768,train,white hall senior school staffs wish fellow nigerians happy independence day
True,5.8567412590189,1,0,0,Suspected_False_Positive,4,1,0.0028605503030121,0.9971394538879396,train,she is such a ham!!!!
True,5.765295782867403,1,0,0,Suspected_False_Positive,1,1,0.0031344681046903,0.9968655705451964,train,Mantan kamu yang brengsek itu jangan dilupain justru dijadikan pengingat bahwa kamu pernah salah pilih dan dibego bego
True,5.739046078106286,1,0,0,Suspected_False_Positive,3,1,0.0032178363762795,0.9967821836471558,train,Dan baberapa hari yg lalu viral bapak2 kekerangan fisik bunuh bocil yg suka Hina suka bully bapak2 itu hati2 dengan Lisanmu jgn anggap sepele bercandaan prank Dan lain lain kalau gak mau mati konyol
True,5.716451564995509,1,0,0,Suspected_False_Positive,4,1,0.0032913694158196,0.9967086315155028,train,hahhahaha sesungguhnya allah swt melaknat wanita perebut pezina suami sah oranglain
True,5.706044418558263,1,0,0,Suspected_False_Positive,3,1,0.0033258020412176,0.9966741800308228,train,INGAT GAIIS....!!! JANGAN PERNAH MEMILIH PARTAI PDI DLM PEMILIHAN UMUM BERIKUT NYA..
True,5.701344126482509,1,0,0,Suspected_False_Positive,4,1,0.0033414710778743,0.9966585636138916,train,Harap kembalikan Adul
False,5.701198647137916,1,1,1,Suspected_False_Negative,3,0,0.9966580867767334,0.0033419572282582,train,anaknya sudah pintar maknya kelempengan berasa baby tingginya azka saja melebihi mamanya
True,5.685692879654,1,0,0,Suspected_False_Positive,3,1,0.0033941806759685,0.9966058731079102,val,bitches broken hearts
True,5.6804046810167526,1,0,0,Suspected_False_Positive,1,1,0.0034121773205697,0.996587872505188,train,Kaya ninja hatori
True,5.677942580961713,1,0,0,Suspected_False_Positive,3,1,0.003420588793233,0.9965794682502748,train,"""rambutku kelihatan kampungan kalau pakai jepit ini"""
True,5.670684004911294,1,0,0,Suspected_False_Positive,5,1,0.0034455077257007,0.9965544939041138,train,bocilll jaman skrg ga punya adab yhh kok bisa'
True,5.659723931094773,1,0,0,Suspected_False_Positive,4,1,0.0034834784455597,0.9965164661407472,train,Kelakuannya tasyi bener bener ke spill semua anjrit
True,5.65822092647286,1,0,0,Suspected_False_Positive,1,1,0.0034887180663645,0.9965112805366516,train,meanwhile in the me goat resorts to drastic measures in attempt to flee raghead love
True,5.647583778638131,1,1,0,Suspected_False_Negative,3,0,0.9964739680290222,0.0035260261502116,train,musim hujan jadi mudah birahi
True,5.595459301705696,1,0,0,Suspected_False_Positive,1,1,0.0037146927788853,0.996285319328308,train,bacot banget
True,5.564336744095038,1,1,0,Suspected_False_Negative,4,0,0.9961678385734558,0.0038321213796734,train,Saya sangat ingin makan banyak orang ingin bahagia2
True,5.550433102165059,1,0,0,Suspected_False_Positive,3,1,0.0038857739418745,0.9961142539978028,train,Rusak lagi fasilitas negara asyik tender lagi kasih pemborong yg lagi sepi job.
True,5.531047375250823,1,1,1,Suspected_False_Negative,3,0,0.9960381984710692,0.0039618373848497,train,Mirip puantat
True,5.524128473354088,1,0,0,Suspected_False_Positive,1,1,0.003989343997091,0.9960106611251832,train,"bloon ini bapak² ngapain sok²an ngalang²in ibu² nya segala, biarin ibu² nya tabokin itu bocah brengsek."
True,5.512386498782604,1,0,0,Suspected_False_Positive,2,1,0.0040364628657698,0.995963454246521,train,sav you are so nicee love you too twat!
True,5.512110932877325,1,1,0,Suspected_False_Negative,3,0,0.9959624409675598,0.0040375753305852,train,"semangat kak,kamu sendirian😚"
True,5.490226532590879,1,0,0,Suspected_False_Positive,1,1,0.0041269091889262,0.9958731532096864,train,need mo bitche lil b
True,5.4593959208955,1,1,0,Suspected_False_Negative,5,0,0.9957438111305236,0.0042561260052025,train,ahn hyoseop kuuu kang taemoo kuuu yg shining shimmering splendid ganteng gagah paripurna sempurna itu remakeannya se maghrib ini???? seriuss??ðŸ˜­ðŸ˜­
False,5.441365177216051,1,1,1,Suspected_False_Negative,3,0,0.9956663846969604,0.0043335631489753,train,hope you blisters
True,5.430635047124331,1,0,0,Suspected_False_Positive,1,1,0.0043803132139146,0.9956197142601012,train,ayu janda bodoh punya suami kapan nikah laginya
True,5.407380881759413,1,0,0,Suspected_False_Positive,3,1,0.0044833673164248,0.99551659822464,train,kerdus mulutnya busuk sampah makanannya
False,5.3701375712185495,1,1,1,Suspected_False_Negative,2,0,0.9953464865684508,0.0046534910798072,val,ditengah manusia monyet kulitnya bercorak batik
False,5.33514165784679,1,1,1,Suspected_False_Negative,3,0,0.99518084526062,0.0048192273825407,train,she is a dog with fleas.
False,5.3273185998735695,1,1,1,Suspected_False_Negative,4,0,0.995142936706543,0.004857076331973,train,white pill of the day
True,5.312962518584508,1,0,0,Suspected_False_Positive,4,1,0.0049273078329861,0.9950726628303528,train,what happened to your last guess kevin hassert?  huntsman has already denied it. so you are calling him a liar.
True,5.302545298416287,1,0,0,Suspected_False_Positive,3,1,0.0049789049662649,0.995021104812622,train,aight bitches who got a plug
False,5.286607869957263,1,1,1,Suspected_False_Negative,5,0,0.9949411153793336,0.0050588916055858,train,aye everyone buy some bombass brownies tomorrow from my wigga  they dont contain marijuana b;
True,5.277941282486837,1,0,0,Suspected_False_Positive,2,1,0.0051029254682362,0.9948970675468444,train,we will all be sitting in around in filth waiting for death .
False,5.255634637932418,1,1,1,Suspected_False_Negative,5,0,0.9947819113731384,0.0052180336788296,train,im sorry but this makes me feel so free. like a fucking majestic bird. gotonelessproblemwithoutya
False,5.254766969600223,1,1,1,Suspected_False_Negative,5,0,0.9947774410247804,0.0052225631661713,train,"lengthy, but well worth the read!"
True,5.249761226951921,1,0,0,Suspected_False_Positive,1,1,0.0052487715147435,0.994751274585724,train,get the hell out before you people become part of a great dirt !
False,5.228780388135611,1,1,1,Suspected_False_Negative,3,0,0.9946399331092834,0.0053600585088133,train,found out the name but i forgot.
True,5.224464412119722,1,0,0,Suspected_False_Positive,2,1,0.0053832423873245,0.9946168065071106,train,Anjirr Tatut Bgt SM Rak Bos dan BU Bus: ((
True,5.212961697889327,1,0,0,Suspected_False_Positive,4,1,0.0054455217905342,0.9945545196533204,val,"they used to use words like gook to dehumanize the enemy. now, they use words like bigot and nazi the latter having no connection to the ww definition of the word."
True,5.201483693547312,1,0,0,Suspected_False_Positive,4,1,0.0055083855986595,0.9944915771484376,val,garis lurus bersama pak jokowi gak kenal namanya budi ari
True,5.19842838723189,1,0,0,Suspected_False_Positive,1,1,0.0055252411402761,0.994474709033966,train,"kata Mak aku , orang itu yg dipegang dipercaya omongan nya....yg keluar dari MULUT nya....🤭🤭🤭"
True,5.191706693219349,1,0,0,Suspected_False_Positive,4,1,0.0055625052191317,0.9944374561309814,train,if we could teach a giraffe to paint that would be one handy sumbitch
True,5.18557271024809,1,0,0,Suspected_False_Positive,5,1,0.0055967303924262,0.9944032430648804,train,real niggahs do not get in to that
True,5.181231246014204,1,0,0,Suspected_False_Positive,4,1,0.0056210812181234,0.9943788647651672,train,kim lip for the dykes
False,5.181035012707332,1,1,1,Suspected_False_Negative,4,0,0.9943777918815612,0.005622184369713,train,remind me of antifa ratbags.
False,5.177983405720321,1,1,1,Suspected_False_Negative,3,0,0.994360625743866,0.0056393672712147,val,Kisahnya seperti mamat ini hari ini yang saya lihat masuk dan keluar dari hari itu tetapi hari ini saya melihat wajahnya yang asam
False,5.16718395139156,1,1,1,Suspected_False_Negative,5,0,0.9942994117736816,0.0057005994021892,val,a cute girl that ive had a crush on since earlier this year just called me funny and i want to throw up
True,5.163467275184787,1,0,0,Suspected_False_Positive,1,1,0.0057218261063098,0.9942781925201416,train,mba drpd dugem trs mending duitnya dipake perawatan dah
True,5.158715055560492,1,0,0,Suspected_False_Positive,2,1,0.0057490821927785,0.9942508935928344,train,nothing sucks more than suck people. may sucks.
False,5.1565180645872,1,1,1,Suspected_False_Negative,3,0,0.994238257408142,0.0057617267593741,val,Anak istri dan keluarga besarnya pasti bangga
False,5.1441779382251465,1,1,1,Suspected_False_Negative,3,0,0.9941667318344116,0.005833267699927,train,i get up for five minutes to get lunch and the world explodes
False,5.136095003885068,1,1,1,Suspected_False_Negative,4,0,0.99411940574646,0.0058806086890399,train,already more yellows than the last  years combined indycar honda
True,5.132679695105179,1,0,0,Suspected_False_Positive,4,1,0.0059007271192967,0.994099259376526,train,he never should have been pope in the first place. hes a jesuit.
False,5.116478342555618,1,1,1,Suspected_False_Negative,4,0,0.994002878665924,0.0059971055015921,train,"""Lengannya gempal banget sih HAHA"""
True,5.1058065991338655,1,0,0,Suspected_False_Positive,2,1,0.0060614477843046,0.9939385652542114,train,"PERTANYAAN BODOH, NANYA BOCIL PUNYA PACAR APA NGGAK ??? GK BERBOBOT BGT"
False,5.105250705592131,1,1,1,Suspected_False_Negative,4,0,0.9939351677894592,0.0060648182407021,train,monyet prabowo ini memang lucu
True,5.078025623791665,1,0,0,Suspected_False_Positive,5,1,0.0062322015874087,0.9937678575515748,train,Masuk akal juga...
True,5.070356403408697,1,0,0,Suspected_False_Positive,2,1,0.0062801814638078,0.9937198162078856,train,oh no! sorry hun. that sucks. hope you heal fast. ; dancerproblems
False,5.058112757496692,1,1,1,Suspected_False_Negative,5,0,0.9936424493789672,0.0063575464300811,train,"semangat kak,kamu sendirianðŸ˜š"
True,5.051935021832774,1,0,0,Suspected_False_Positive,4,1,0.0063969432376325,0.9936030507087708,train,swap meet bound beaner
False,5.049077490007075,1,1,1,Suspected_False_Negative,3,0,0.9935848116874696,0.0064152488484978,train,"Saya bukan siswa yang cerdas dan pintar di dekat Anda, tetapi saya pikir 7 keterampilan bertahan hidup penting bagi Anda untuk menghadapi dunia"
True,5.023680436896023,1,1,0,Suspected_False_Negative,3,0,0.9934197068214417,0.0065802638418972,train,Aku dulu lahir di Jogja Jogja dijuluki kota berhati nyaman Pantes aja aku langsung pake hati kalo udah nyaman dikit
True,5.019965248785711,1,0,0,Suspected_False_Positive,2,1,0.0066047562286257,0.9933952689170836,train,"Selagi gedung hijau itu belum di neffalkan, kita akan terus dijadiin mainan mereka. Bahkan janji reformasi Polri dan tuntutan 17+ sampe sekarang tidak ada perkembanganya. Rakyatnya pemaaf dan pelupa, pejabatnya tidak ada urat malu, kombinasi yg sempurna ! hukum???? Mudah diatur."
True,5.017544256554547,1,1,0,Suspected_False_Negative,4,0,0.9933792352676392,0.0066207656636834,train,ahn hyoseop kuuu kang taemoo kuuu yg shining shimmering splendid ganteng gagah paripurna sempurna itu remakeannya se maghrib ini???? seriuss??😭😭
False,4.997559104412989,1,1,1,Suspected_False_Negative,4,0,0.9932456612586976,0.0067544137127697,train,congratulations welcome to the white honky cracker club
False,4.992948032882421,1,1,1,Suspected_False_Negative,5,0,0.9932143688201904,0.0067856307141482,train,Semoga mbk Lisa sehat selalu ya sampai idul Adha ðŸ¤—ðŸ¤—
False,4.984554198567547,1,1,1,Suspected_False_Negative,4,0,0.9931572079658508,0.0068428278900682,train,sayang sekali lagi itu menyakitkan jadi saya harus selalu memiliki sayangku
True,4.980799736311726,1,0,0,Suspected_False_Positive,5,1,0.0068685673177242,0.993131458759308,train,racists be like we hate zog so lets go fight for them
True,4.978445243904863,1,0,0,Suspected_False_Positive,4,1,0.0068847583606839,0.993115246295929,train,jablay anjir mukanya murahan bangetttt najisss
True,4.969786001021302,1,0,0,Suspected_False_Positive,4,1,0.0069446340203285,0.9930554032325744,val,emg jokowi itu siapa???
False,4.959848010724518,1,1,1,Suspected_False_Negative,3,0,0.992986023426056,0.0070139938034117,val,they shot another monkey lmaooooooooooo
False,4.955261876603665,1,1,1,Suspected_False_Negative,4,0,0.9929537177085876,0.007046234793961,train,"perasaan dulu dia putih bening gitu deh, inget banget pas dulu dia sekeluarga di undang ke brownis pas dia disuruh dance karna di kpo-pers, sumpah cantik banget,putih bersih bening juga"
False,4.947506504130623,1,1,1,Suspected_False_Negative,4,0,0.9928989410400392,0.0071010934188961,train,fredy salah yg penting ngeyel
False,4.946595543961688,1,1,1,Suspected_False_Negative,2,0,0.9928925037384032,0.0071075651794672,train,"""Ketiaknya hitam dikasih bedak jadi nya abu"" monyet"""
False,4.944310785847334,1,1,1,Suspected_False_Negative,3,0,0.9928761720657348,0.0071238228119909,train,the experience of going to the holohoax amusement park.
True,4.931986637992049,1,0,0,Suspected_False_Positive,2,1,0.0072121610864996,0.9927878975868224,train,lebih rendah untuk tolol gratis gratis
False,4.926789872089701,1,1,1,Suspected_False_Negative,4,0,0.9927502870559692,0.0072497385554015,train,nyettt monyet goblog
False,4.92137545665756,1,1,1,Suspected_False_Negative,2,0,0.9927109479904176,0.0072890981100499,train,"""Itu ditengah manusia apa monyet kok kulitnya bercorak batik"""
False,4.917857456834976,1,1,1,Suspected_False_Negative,4,0,0.9926851987838744,0.0073147863149642,train,sending commiserations to you for those cardinal losses with this brioche cinnamon roll picture. url
True,4.910057361396433,1,0,0,Suspected_False_Positive,4,1,0.0073720654472708,0.9926279187202454,train,Uda terlihat dari wajahnya
True,4.900893339148485,1,0,0,Suspected_False_Positive,3,1,0.0074399337172508,0.9925600290298462,train,"my favorite shark is megaldon, my least favorite is a mud shark. they are the worst"
False,4.898372412407268,1,1,1,Suspected_False_Negative,3,0,0.9925413131713868,0.0074587129056453,train,skate board parts yo. this is awesome. im sorry but i love watching rome burn.
True,4.898045447806232,1,0,0,Suspected_False_Positive,1,1,0.0074611520394682,0.9925388693809508,train,its gone full retard now .
False,4.893484103333668,1,1,1,Suspected_False_Negative,1,0,0.9925047159194946,0.0074952626600861,train,pengambilan fotonya bagus mantap keren tinggal pengambilan arwah nya saja
False,4.893229972376464,1,1,1,Suspected_False_Negative,3,0,0.9925028085708618,0.0074971676804125,train,"24 8 18 Ulang Tahun Saudaraku, dia memintaku untuk makan aku minus karena dia lambat untuk kembali ke Ot 26 8 18 dia bertanya"
False,4.886972219260296,1,1,1,Suspected_False_Negative,3,0,0.9924557209014891,0.0075442302040755,train,do not think so maybe do a little research buddy!
False,4.867125068049518,1,1,1,Suspected_False_Negative,5,0,0.992304503917694,0.007695457432419,train,back to where ya came from !
False,4.866845424432972,1,1,1,Suspected_False_Negative,1,0,0.992302417755127,0.0076976097188889,train,they are extremely simple.
False,4.862464421371746,1,1,1,Suspected_False_Negative,3,0,0.9922686219215392,0.0077314069494605,train,7 00 p m itu pagi apa malam ya Pagiudah pernah coba trik pancing memancing kayak gitu B
False,4.855806783737799,1,1,1,Suspected_False_Negative,4,0,0.992216944694519,0.0077830515801906,train,"orang yang berfikir sehat, beda dengan projo"
False,4.85505219127864,1,1,1,Suspected_False_Negative,4,0,0.992211103439331,0.0077889268286526,train,cantik sih sayang kurus ya padahl sudah nikah kamu bahagia pernikahannya
True,4.847979284708359,1,1,0,Suspected_False_Negative,4,0,0.9921557903289796,0.0078442124649882,train,iya kamu monyet mel
False,4.84310035154382,1,1,1,Suspected_False_Negative,4,0,0.9921174645423888,0.0078825773671269,train,and i you ya sexy lady you
True,4.832407771070873,1,0,0,Suspected_False_Positive,3,1,0.0079673146829009,0.9920327663421632,train,yg baru ke jepang vs yg dah hidup tahunan di jepang. Nitizen harap maklum ??????
False,4.830359568481067,1,1,1,Suspected_False_Negative,2,0,0.9920163154602052,0.0079836500808596,val,wow  you are so cute
False,4.827049752913465,1,1,1,Suspected_False_Negative,3,0,0.9919899106025696,0.0080101182684302,val,bang coba duet sama firdaus kyke cocok deh
True,4.819316614888338,1,1,1,Suspected_False_Negative,3,0,0.9919277429580688,0.0080723017454147,train,Ya sok cantik loh jdi cewek
True,4.806662077564416,1,0,0,Suspected_False_Positive,5,1,0.0081751020625233,0.9918249249458312,train,als liberaler mensch kann man den islam nur ablehnen
False,4.806547592680481,1,1,1,Suspected_False_Negative,1,0,0.9918239712715148,0.0081760380417108,train,baru tau dosen dosen sekarang selain mengajar ternyata kurang ajar juga ya terlalu keseringan birahi otaknya agak ngelag
True,4.801382207197955,1,0,0,Suspected_False_Positive,5,1,0.0082183796912431,0.9917816519737244,train,strong women that take no shit from garbage dudes in their mentions got the best pussy
True,4.797755916001346,1,0,0,Suspected_False_Positive,3,1,0.0082482360303401,0.9917517304420472,val,Kasia Ajg Tas Nya KW Dubuli Sexagat Tiktok Wakkaka
True,4.796262532036344,1,1,1,Suspected_False_Negative,1,0,0.9917393922805786,0.0082605630159378,train,"""Muka nya kok gitu, seren bikin mual liatnya"""
False,4.794421214684522,1,1,1,Suspected_False_Negative,5,0,0.9917241930961608,0.008275787346065,train,when are we going to fight back?
False,4.788713400443239,1,1,1,Suspected_False_Negative,2,0,0.9916768074035645,0.0083231590688228,train,"gemukan kakaknya,,"
False,4.788293657294821,1,1,1,Suspected_False_Negative,5,0,0.9916732907295228,0.0083266533911228,val,twitter should dump the little blue bird mascot and just officially change it to a set of boobs.
False,4.788274643253398,1,1,1,Suspected_False_Negative,1,0,0.9916731715202332,0.0083268117159605,train,redneck in the white house  moccasin creek ;;
True,4.783772913971132,1,0,0,Suspected_False_Positive,3,1,0.0083643812686204,0.9916356801986694,train,st century hit  dont cha by  the pussycat dolls feat. busta rhymes.  url
False,4.781289135783103,1,1,1,Suspected_False_Negative,5,0,0.991614818572998,0.0083851823583245,train,Sahabat selalu dikenal karena saya bahkan tidak bisa menceritakan kisah bahwa saya sedih mengirim lagu ini
True,4.775939237318834,1,0,0,Suspected_False_Positive,2,1,0.0084301624447107,0.991569757461548,train,"saya yakin Krn mas Uya Kuya orang baik,saya sbg TKW Taiwan,sering melihat,bolak balik Taiwan Indonesia,Hongkong, Indonesia untuk membantu para TKW"
True,4.7671649187297565,1,0,0,Suspected_False_Positive,1,1,0.0085044568404555,0.9914956092834472,train,or dont vote for the cripple amirite? bigot mt  vote votewendydavis for governor of texas.
False,4.761424488922727,1,1,1,Suspected_False_Negative,5,0,0.991446614265442,0.008553416468203,train,"you should.have tried more, perhaps a bjp or rss connection could have been fixed.masters would be happy dhanya"
False,4.757891708864816,1,1,1,Suspected_False_Negative,5,0,0.9914162755012512,0.0085836872458457,train,yet my daughter still wants to go outside and play with that thing .
True,4.755144490556053,1,1,0,Suspected_False_Negative,2,0,0.9913927316665648,0.0086073009297251,train,happy birthday my little cotton picker
False,4.740129699128876,1,1,1,Suspected_False_Negative,5,0,0.991262435913086,0.0087375128641724,train,i havent checked it so i cant say anything.
True,4.7368956950919765,1,1,0,Suspected_False_Negative,4,0,0.9912342429161072,0.008765815757215,train,Dulu pas smp persis dulu pernah seperti ini di bully sampe ribut begini tapi waktu itu saya masih melawan dan alhasil saya dan pembuly tersebut mengalami patah tangan tapi Alhamdulillah masalah selesai dengan secara kekeluargaan dan pada saat itu saya di palak ketika saya menolak dia langsung memukul saya dan membuly saya syukur saat itu saya berani melawan mungkin kalau tidak bisa mungkin saya akan bonyok juga seperti di video tapi dari kejadian itu yg membuat saya malas adalah itu orang orang yg menonton mempertawakan saya ketika di bully sumpah dulu pernah seling di bully tapi saya selalu kesal dengan orang yg melihat orang lain menderita mereka diam diam saja menurut saya dialah orang yg paling bajingan menurut saya dan menurut saya si TS ini bukan lelaki sejati saya tahu kalau perkelahian itu terjadi karena cewe memang dalam cewe boleh bersaing tapi jangan seperti ini kalau memang nya mau ribut ribut lah dengan adil ketika ada pihak yg menyerah seharusnya si ts berhenti saja toh percuma juga dia bonyokin juga pasti dia bakal kena batu ibarat kata si ts tak pernah memikirkan hal panjang kedepan tapi wajar sih namanya juga esempe apalagi kalau masalah cewe pastinya pemikiran bomat setelah bonyokin orang yg penting dendam sudah terbalaskan Untuk orang yg seperti ini sering di bully lawan aja mereka tak peduli mau kalah atau menang yg penting kita sudah berusaha kalau kalian di berani melawan cobalah cari bantuan dari orang lain untuk pembelaan seperti contoh minta bantuan ke teman yg lebih kuat atau nggak ke kakak kalian mereka membully kita karena kita terlihat lemah tapi kalau kita menunjukkan siapa sebenarnya diri kita saya jamin orang lain pasti mikir untuk mencari problem sama kalian 😊
False,4.73688528315318,1,1,1,Suspected_False_Negative,4,0,0.9912341237068176,0.0087659070268273,train,hitler would be so proud of david hogg url
True,4.731931952176685,1,0,0,Suspected_False_Positive,5,1,0.0088094351813197,0.9911905527114868,train,dia kalo gaa cerdas gaa bakal masuk partai dek dek
False,4.731554713081427,1,1,1,Suspected_False_Negative,1,0,0.9911872744560242,0.0088127590715885,train,selamat natal dan orde baru ya ☺️☺️☺️ 58% seneng nih pasti
False,4.712764894494241,1,1,1,Suspected_False_Negative,4,0,0.9910200238227844,0.0089799147099256,train,red roses swarm.   conservatives pounce.   we need our own verb.
True,4.711208770404133,1,0,0,Suspected_False_Positive,3,1,0.008993899449706,0.991006076335907,train,"Lu gila ngga sih, masa lupa ulang tahun sendiri"
True,4.709999514529615,1,0,1,Suspected_False_Positive,1,1,0.0090047819539904,0.990995228290558,train,you bitches are retarded learn your self worth stop trying to come for the female and correct your wack ass man
False,4.706821860842343,1,1,1,Suspected_False_Negative,4,0,0.9909665584564208,0.0090334415435791,train,more like putin every day. maga url
True,4.703501360878936,1,0,0,Suspected_False_Positive,3,1,0.0090634869411587,0.9909365773200988,train,dem number nikes in yellow b da most hard shoes
False,4.700364333456921,1,1,1,Suspected_False_Negative,4,0,0.9909080266952516,0.0090919639915227,train,wow jr. you are not very bright are you. url
True,4.68754513520945,1,0,0,Suspected_False_Positive,5,1,0.0092092659324407,0.9907907247543336,train,and another one ; two hoes? rt  yall know what we are?! ;;
False,4.682082337609455,1,1,1,Suspected_False_Negative,3,0,0.9907402992248536,0.0092597119510173,train,aduuh halu hhahaha lebay editan nyaa lemak ke mana lemak hahhaaa mimpi ketinggian
True,4.675553159757584,1,0,0,Suspected_False_Positive,1,1,0.0093203680589795,0.9906796813011168,train,marshall law! whatever you coon
False,4.668598948208422,1,1,1,Suspected_False_Negative,1,0,0.990614652633667,0.0093854097649455,train,Hidup itu tidak harus tenar tp bagaimana kerja nyata kita itu bisa di lihat baik oleh rakyat....tp sayang kamu cuma ingin mencari ketenaran dari pada kebanggaan
True,4.665637227868417,1,0,0,Suspected_False_Positive,1,1,0.0094132479280233,0.9905868172645568,train,liberals cant stand all the winnig!!  . url
False,4.66542562309173,1,1,1,Suspected_False_Negative,3,0,0.9905847907066344,0.0094152400270104,train,cant we send this pig back to canada. hes an animal.
True,4.659896469507226,1,0,0,Suspected_False_Positive,3,1,0.0094674425199627,0.9905325174331664,val,user user had not been muzzies been donated pak amp bangladesh by india already
True,4.659224820616464,1,0,0,Suspected_False_Positive,2,1,0.0094738034531474,0.9905261993408204,train,pussy. its science. donaire via rachel spelling error
False,4.654770429634336,1,1,1,Suspected_False_Negative,4,0,0.9904838800430298,0.0095160976052284,train,about to smack some peckerwoods in a judge pit
True,4.651919195889969,1,0,0,Suspected_False_Positive,4,1,0.0095432689413428,0.990456759929657,train,"""Ilang respect gue.. padahal jane udh setia bgt sama lu, tapi lu nya main cewe pas udh keluar dri penjara.. lol"""
False,4.650758847409489,1,1,1,Suspected_False_Negative,2,0,0.990445613861084,0.009554348886013,train,Hueekkkkk cuihh
True,4.650596854921025,1,0,0,Suspected_False_Positive,5,1,0.009555896744132,0.9904441237449646,train,"yes indeed it is , and yes he is a jew ."
True,4.650585549565717,1,0,0,Suspected_False_Positive,4,1,0.0095560047775506,0.990444004535675,train,he can go pollute some other pool with his disgusting paedophilia .
True,4.650092429102455,1,0,0,Suspected_False_Positive,2,1,0.0095607182011008,0.9904392957687378,train,dick drunk ..... its the real deal.
True,4.641531360868354,1,0,0,Suspected_False_Positive,1,1,0.0096429195255041,0.9903571009635924,train,Orangtua pelaku mana nih..... Ga nongol.... Tuh anak lahir lewat apa woiiii
False,4.640500986553656,1,1,1,Suspected_False_Negative,4,0,0.990347146987915,0.0096528604626655,train,spread the word people.
False,4.6397219124550535,1,1,1,Suspected_False_Negative,3,0,0.9903395771980286,0.0096603836864233,train,"i also , unfortuantely , spent th grade in a   monkey house ."
True,4.6365427651356805,1,0,0,Suspected_False_Positive,4,1,0.0096911443397402,0.9903088212013244,train,get the fuck out of my way cucks! hahaha thats my president!
False,4.633337482425037,1,1,1,Suspected_False_Negative,1,0,0.9902777075767516,0.0097222570329904,train,for sale    buy american flag usa     shoppingsale .org     usaflagu shop maga americafirst  trump polqx url
False,4.632171597175259,1,1,1,Suspected_False_Negative,2,0,0.9902663826942444,0.0097335986793041,train,prihatin lihat badan nya pasti setreslihat koemntar
False,4.629617398650384,1,1,1,Suspected_False_Negative,1,0,0.9902414679527284,0.009758492000401,train,bayangkan kalau posisi kamu lg di bwah dan orng lain melihat kita rendah karna materi yang kita punya
True,4.623579034494959,1,0,0,Suspected_False_Positive,4,1,0.0098175955936312,0.9901823401451112,train,you are a bad chaid
False,4.619263007166802,1,1,1,Suspected_False_Negative,3,0,0.990139901638031,0.0098600601777434,train,target marketing nya squad berak lancar
False,4.615397211939188,1,1,1,Suspected_False_Negative,5,0,0.99010169506073,0.0098982509225606,train,and here s what david irving s site offers on hitler s table talks .
False,4.601233722154258,1,1,1,Suspected_False_Negative,3,0,0.989960551261902,0.0100394422188401,train,Besok mau nobar
False,4.589162366178906,1,1,1,Suspected_False_Negative,4,0,0.9898386001586914,0.0101613663136959,train,cuihhh
False,4.585074016472187,1,1,1,Suspected_False_Negative,5,0,0.989797055721283,0.010202994570136,train,spill ustad nya mbak kita mau bimbingan skripsi
False,4.580862233256305,1,1,1,Suspected_False_Negative,1,0,0.9897539615631104,0.0102460579946637,val,gatau sih cantik tidak aura nya cantik idih begitu lihatnya yaa
True,4.574793130116751,1,0,0,Suspected_False_Positive,3,1,0.0103084314614534,0.9896915555000304,train,irl i would smack the shit out of your skank face and you would beg for forgiveness
False,4.5697347501884265,1,1,1,Suspected_False_Negative,2,0,0.9896392822265624,0.0103607075288891,train,you are cuter tha me shhhh
False,4.560327933430802,1,1,1,Suspected_False_Negative,3,0,0.9895413517951964,0.0104586286470294,train,it is  you get to see a good game and niggas working
False,4.556355111644879,1,1,1,Suspected_False_Negative,3,0,0.9894997477531432,0.0105002615600824,train,"""Lidah banyak kuman and virus nih"""
False,4.556253028704929,1,1,1,Suspected_False_Negative,3,0,0.989498734474182,0.0105013335123658,val,serasa pengen ngumpul kekuatan terus lari Dari lapangan Sekencang harapan terus Di Ulti tuh sampe ulti infinitey??????
True,4.55507269245174,1,0,0,Suspected_False_Positive,1,1,0.0105137359350919,0.9894862174987792,train,"kata Mak aku , orang itu yg dipegang dipercaya omongan nya....yg keluar dari MULUT nya....ðŸ¤­ðŸ¤­ðŸ¤­"
False,4.553359930740022,1,1,1,Suspected_False_Negative,4,0,0.989468276500702,0.0105317588895559,train,"Rama biasa bngt ngetweet sendiri bales sendiri, kampang.'"
False,4.54909671653887,1,1,1,Suspected_False_Negative,4,0,0.9894232153892516,0.0105767538771033,train,ini wednesday versi rabu pahing??
True,4.545469677200376,1,0,0,Suspected_False_Positive,4,1,0.0106151858344674,0.9893848299980164,val,mbak gimana rasanya dibuli setiktok? aman???
True,4.537161570901082,1,0,1,Suspected_False_Positive,4,1,0.0107037452980875,0.98929625749588,train,jelek lecek bantet
False,4.531816559303359,1,1,1,Suspected_False_Negative,5,0,0.9892388582229614,0.010761110112071,train,"cakepan bridesmaid nya, maaf aku mewakilin kalian semua"
False,4.523117249663615,1,1,1,Suspected_False_Negative,2,0,0.9891448616981506,0.0108551327139139,train,yep lmao. its been a hectic few weeks. waddup ho
True,4.520539585798248,1,0,0,Suspected_False_Positive,4,1,0.010883149690926,0.9891168475151062,train,jesus inherited the sinful genes from sinful mary. it was in jesus blood to commit sin.
True,4.519969820456853,1,0,0,Suspected_False_Positive,4,1,0.010889352299273,0.9891106486320496,train,kok bisa ya muka nya mirip2 petinggi2 nya apa ini suatu kebetulan...???
False,4.5192039720256,1,1,1,Suspected_False_Negative,2,0,0.9891022443771362,0.0108976950868964,train,kriput
False,4.5187225179721136,1,1,1,Suspected_False_Negative,3,0,0.989096999168396,0.0109029430896043,train,emang kalo ke photo studio boleh bawa hewan ya?
False,4.518332825308123,1,1,1,Suspected_False_Negative,4,0,0.9890928268432616,0.0109071927145123,train,aura mba2 pembaca tarot kuat bangttt😭🙏
True,4.516959053263283,1,0,0,Suspected_False_Positive,1,1,0.0109221870079636,0.9890778064727784,train,hapus saja ni poto tidak tahu malu sangat kamu bang
False,4.505954147285842,1,1,1,Suspected_False_Negative,3,0,0.9889569878578186,0.0110430484637618,train,i do like the outfit they dressed the simian in ; he looks so regal
False,4.503775013289199,1,1,1,Suspected_False_Negative,5,0,0.9889328479766846,0.0110671389847993,train,HIDUP PENUH DENGAN SETTINGAN
False,4.501612373362544,1,1,1,Suspected_False_Negative,3,0,0.9889089465141296,0.0110910991206765,train,so  brought the poison social media scripts to gab??
False,4.501343620649314,1,1,1,Suspected_False_Negative,4,0,0.988905906677246,0.0110940802842378,train,user where did you dig up this hillbilly
False,4.499473504489736,1,1,1,Suspected_False_Negative,4,0,0.9888851642608644,0.0111148469150066,val,there must be a cash prize or something for whoever comes up with the first conservatives pounce take.
True,4.495366561480075,1,0,0,Suspected_False_Positive,4,1,0.0111605888232588,0.9888394474983216,train,Arab emang agak lain.. tanya aja TKI arab saudi ?? udah tabiat
False,4.491658614699228,1,1,1,Suspected_False_Negative,3,0,0.988797962665558,0.011202048510313,train,"""yang aku suka dari dia adalah selalu cukur jembut sebelum manggung"""
True,4.491054130435,1,0,0,Suspected_False_Positive,2,1,0.0112088220193982,0.9887912273406982,train,exactly what the leftistlibtards wanted to happen. try are a corrupt and miserable party. url
False,4.490963651310587,1,1,1,Suspected_False_Negative,3,0,0.9887901544570924,0.0112098362296819,train,what are you offended about?
True,4.48270875871212,1,0,0,Suspected_False_Positive,3,1,0.0113027552142739,0.9886972904205322,train,anang muka nya kaya babiii begitu saja demenin jijikk
True,4.48233482485484,1,0,0,Suspected_False_Positive,4,1,0.0113069824874401,0.9886929392814636,train,another liar that broke his oath
True,4.482133045988145,1,0,1,Suspected_False_Positive,1,1,0.0113092642277479,0.9886907339096068,train,babi rumah kotor
True,4.480809316119626,1,0,0,Suspected_False_Positive,2,1,0.0113242445513606,0.9886757135391236,train,lock this dick up and throw away the key.
True,4.479858809819034,1,0,0,Suspected_False_Positive,1,1,0.0113350134342908,0.988664984703064,train,cant even spell right. you have the brain of an ape
False,4.478339449841705,1,1,1,Suspected_False_Negative,2,0,0.988647758960724,0.0113522484898567,train,have a nice day at work white man
False,4.473739884941875,1,1,1,Suspected_False_Negative,3,0,0.9885954260826112,0.0114045841619372,train,all jokes to the front niggas be queer
False,4.467297532665198,1,1,1,Suspected_False_Negative,1,0,0.988521695137024,0.0114782936871051,train,life skang aku simplekan je aku tak suka aku tak layan itu je penat nk jaga hati org je pikir diri sendiri dlu
True,4.464319511079699,1,0,0,Suspected_False_Positive,3,1,0.0115125272423028,0.9884874820709229,train,JD DK KEKOT SYMONE MB KITO @ ???? @KataBANGBAJYang
False,4.46397592199721,1,1,1,Suspected_False_Negative,4,0,0.9884834885597228,0.0115164835005998,train,i think our president is brilliant why are women such brainlets
False,4.46321055050733,1,1,1,Suspected_False_Negative,1,0,0.988474667072296,0.0115253012627363,train,GIVE AWAY TIME Untuk merayakan ulang tahun namjoon dan ulang tahun aku aku adain give away photocard dan juga album Lov
True,4.461369447579875,1,0,0,Suspected_False_Positive,1,1,0.0115465400740504,0.988453447818756,train,islamic state suspects in indonesia are chinese uighurs  uighur jihadis theyre not just a prc tool.
True,4.45914092811403,1,0,0,Suspected_False_Positive,1,1,0.0115723004564642,0.9884276986122132,train,he is a russian troll. look at the rest of his page.
True,4.442273149549172,1,0,0,Suspected_False_Positive,5,1,0.0117691550403833,0.98823082447052,train,mending liat dek molen biarpun cowok tetapi cuantik tidak kaya cewek tetapi mirip bencong wkwkwk
True,4.442086493420373,1,0,0,Suspected_False_Positive,4,1,0.0117713520303368,0.988228678703308,train,you know chris brown the shit when you see multiple dykes grinding and winding and screaming for him
True,4.438849257267801,1,0,0,Suspected_False_Positive,2,1,0.0118095204234123,0.988190531730652,train,Syap paling nakallll bos
False,4.43552452629238,1,1,1,Suspected_False_Negative,1,0,0.9881511926651,0.0118488492444157,train,most of these videos belong on the animal planet tv channel .
False,4.430840640985445,1,1,1,Suspected_False_Negative,5,0,0.98809552192688,0.0119044780731201,train,john kelly called elizabeth warren an impolite arrogant woman in email after trump travel ban conversation
False,4.429619856984895,1,1,1,Suspected_False_Negative,3,0,0.9880809783935548,0.0119190197438001,train,mau beli barang di shupe harganya sepuluh ribu tp ongkirnya 25ribu KESEL BANGET DEH WHERES THE JUSTICE THO aku jadi kayak be
True,4.428921629562871,1,0,0,Suspected_False_Positive,2,1,0.0119273448362946,0.988072633743286,train,weve had this petition before but they refused to debate it. fucking cocksuckers
False,4.426305838399436,1,1,1,Suspected_False_Negative,4,0,0.9880414009094238,0.0119585851207375,train,paansi martabak kacang
False,4.42327168564686,1,1,1,Suspected_False_Negative,2,0,0.9880051016807556,0.0119949243962764,train,he hit the lotto
True,4.420819078846809,1,0,0,Suspected_False_Positive,4,1,0.0120243793353438,0.9879756569862366,val,"Viralkan, adili!!!"
True,4.419368587260908,1,0,1,Suspected_False_Positive,1,1,0.0120418332517147,0.9879581928253174,train,bacot kamu monyet barbar
False,4.410444211633448,1,1,1,Suspected_False_Negative,4,0,0.9878502488136292,0.0121497800573706,val,Tls followan ama aku yukk rep rt kita temenan
False,4.410015580755354,1,0,0,Suspected_False_Positive,5,1,0.0121549889445304,0.9878450036048888,train,you arent a member. butt out
False,4.403973259375842,1,1,1,Suspected_False_Negative,5,0,0.9877713918685912,0.0122286556288599,train,"""Jualan jualan knp ngga jadi yutuber lagi bro takut ngga ada yg nntn yah"""
False,4.402368125831526,1,0,0,Suspected_False_Positive,3,1,0.0122483000159263,0.9877517223358154,train,"""Look-nya Rafathar emang gak bisa dipungkiri, diborong gen mama gigi semua HAHA."""
False,4.402177823618036,1,0,0,Suspected_False_Positive,2,1,0.0122506311163306,0.9877493977546692,train,bro nosey ass bitches
False,4.397749681748715,1,1,1,Suspected_False_Negative,1,0,0.9876949787139891,0.0123049989342689,train,merinding pas ingat dia jadi Wednesday
False,4.396340030374069,1,0,0,Suspected_False_Positive,2,1,0.0123223569244146,0.9876776337623596,train,Banyak Betarrrr
False,4.394342786527903,1,0,0,Suspected_False_Positive,2,1,0.0123469922691583,0.9876530170440674,train,Lah Widow APH
False,4.392022941881636,1,0,0,Suspected_False_Positive,1,1,0.0123756686225533,0.9876242876052856,train,lol....sounds like you need to read what he said.....their father was the devil
False,4.38972663607119,1,0,0,Suspected_False_Positive,4,1,0.0124041195958852,0.9875959157943726,train,alis nya ko bisa bagus bgt gt anjirrrr
False,4.381901681343103,1,1,1,Suspected_False_Negative,5,0,0.9874984622001648,0.0125015620142221,train,yeah i think they d be much better off back home .
False,4.379566635120572,1,0,0,Suspected_False_Positive,5,1,0.0125307878479361,0.98746919631958,train,you bitches are real life weirdos
False,4.379255865686547,1,0,0,Suspected_False_Positive,1,1,0.0125346826389431,0.9874653220176696,train,your narrative is so false it is comedic. you and people like you are frauds.
False,4.37754294337515,1,1,1,Suspected_False_Negative,1,0,0.9874438643455504,0.0125561719760298,train,"yes maam, and well warm up  before we shove him in an oven."
False,4.377388528167927,1,1,1,Suspected_False_Negative,4,0,0.987441897392273,0.0125581109896302,train,breaking. greece molotov cocktails fly after protest honouring killed antifa arti... url via  url
False,4.376733085260682,1,1,1,Suspected_False_Negative,4,0,0.9874336123466492,0.0125663448125123,train,Baru pernah liat orang resepsi seleranya kureng bgt maap😭🙏🏻
False,4.371996528841443,1,1,1,Suspected_False_Negative,4,0,0.9873740077018738,0.0126260071992874,train,user that some hillbilly talk right there
False,4.36274263329603,1,0,0,Suspected_False_Positive,3,1,0.0127433892339468,0.987256646156311,train,im such a retard sometimes.
False,4.3621428764758186,1,1,1,Suspected_False_Negative,5,0,0.987248957157135,0.0127510344609618,train,carrey is becoming weird like peewee herman...
False,4.360919418830582,1,1,1,Suspected_False_Negative,3,0,0.9872334003448486,0.0127666443586349,train,idm hallo ami tolobg bantu ya huhu ini aku masalah album ku yg ga sampe sampe
False,4.347688762924711,1,1,1,Suspected_False_Negative,4,0,0.9870633482933044,0.0129366777837276,val,mon maap sejak kapan bright bibirny maju
False,4.345329384311268,1,0,0,Suspected_False_Positive,2,1,0.0129672363400459,0.9870327711105348,train,"Affan itu cuma ""ojol"" dan ""korban dalam jumlah angka"" bagi kaum elit bang"
False,4.343512092679953,1,1,1,Suspected_False_Negative,4,0,0.9870092272758484,0.0129908230155706,train,if you see something.
False,4.336580300997953,1,1,1,Suspected_False_Negative,2,0,0.9869188666343688,0.0130811855196952,train,"""dikasi yang bening malah milih yang dakian"""
False,4.330601194344653,1,1,1,Suspected_False_Negative,4,0,0.9868403673171996,0.0131596336141228,train,Apakah itu tatap muka jatuhnya Meteor?
False,4.3257818449632,1,1,1,Suspected_False_Negative,3,0,0.9867767691612244,0.0132232075557112,train,all mexcrement bucks are born with knives
False,4.319671722263118,1,1,1,Suspected_False_Negative,2,0,0.9866957664489746,0.0133042503148317,train,"Orang tua yg terlalu memanjakan anak, anak tdk diajarkan adab, tdk di ajarkan mnta maaf, selalu bela anak dll..SELAMAT ANDA SEDANG MEMBESARKAN SEORANG MONSTER."
False,4.3150789613249785,1,1,1,Suspected_False_Negative,1,0,0.9866344928741456,0.0133654940873384,val,hiiihhh jiik lihat nih orang auranya buruk sangat tidak manis manisnya
False,4.310218757164478,1,1,1,Suspected_False_Negative,4,0,0.9865694046020508,0.0134306112304329,train,@udaraTerbuka: mon maap sejak kapan bright bibirny maju
False,4.306142549243049,1,1,1,Suspected_False_Negative,1,0,0.9865145087242126,0.0134854689240455,val,selamat natal dan orde baru ya â˜ºï¸â˜ºï¸â˜ºï¸ 58% seneng nih pasti
False,4.303096208661151,1,1,1,Suspected_False_Negative,5,0,0.9864734411239624,0.0135266128927469,train,Saya menemukan ayat yang berguna untuk menggunakan waktu ketika Anda berada di tengah menyerah dengan sabar dibagi menjadi dua yaitu kesabaran da
False,4.301768745291142,1,1,1,Suspected_False_Negative,1,0,0.9864554405212402,0.0135445808991789,train,kok cara rias dan gaya nya seperti pekerja malam ya nih cewek2 nya
False,4.300156459667494,1,1,1,Suspected_False_Negative,1,0,0.9864335060119628,0.0135664362460374,train,you are a hero!! url
False,4.297185696810182,1,1,1,Suspected_False_Negative,4,0,0.98639315366745,0.0136067988350987,train,Biarin ajaasi orang lagi birahii juga
False,4.2959251116953086,1,1,1,Suspected_False_Negative,3,0,0.9863759875297546,0.0136239621788263,val,"betul, bisa di liat dari anak sekolah jaman pak Harto sama anak sekolah jaman sekarang, dl kelas 6 SD aja sudah hapal ibukota negara-negara, pegangan rpul, rpal, 1 jam berapa menit aja tau, anak skrg? 😭😭😭"
False,4.291932033174343,1,1,1,Suspected_False_Negative,3,0,0.98632150888443,0.0136784724891185,train,judge roy moore will masterbate to this story.  maga
False,4.289447776778148,1,0,0,Suspected_False_Positive,2,1,0.0137124955654144,0.986287534236908,train,if you were deaf you would nt hear all the  multiculturalism enriches our society  rubbish .
False,4.287989897670879,1,0,0,Suspected_False_Positive,4,1,0.0137325013056397,0.9862674474716188,train,belajaer tuh ya hahahaha bela artis sampai sebegitunya manusah2 begoh
False,4.27894966742491,1,1,1,Suspected_False_Negative,1,0,0.9861428141593932,0.013857209123671,train,damn straight he is. nothing but good vibes coming through november
False,4.2784414313217765,1,0,0,Suspected_False_Positive,2,1,0.0138642536476254,0.986135721206665,train,binatang itu fitnah paling keji
False,4.266617646554497,1,0,0,Suspected_False_Positive,5,1,0.0140291545540094,0.9859707951545716,train,"Sebagaimana data di negara-gara komunis, Kenapa dia g sebutin di rezim komunis, nyawa Rakyat Juga gratis??!"
False,4.266208932510649,1,1,1,Suspected_False_Negative,4,0,0.985965132713318,0.0140348896384239,val,pas wink merinding ??
False,4.265708256534563,1,0,0,Suspected_False_Positive,4,1,0.0140419183298945,0.9859580397605896,train,saya tidak suka sama ni orang idupnya kebanyakan ribut
False,4.2633368540324845,1,1,1,Suspected_False_Negative,4,0,0.9859247803688048,0.014075256884098,train,bet ford is a part of antifa and the berkeley gang
False,4.261084145025219,1,0,0,Suspected_False_Positive,5,1,0.0141070000827312,0.9858930706977844,train,"buset, kaget"
False,4.260706128699482,1,0,0,Suspected_False_Positive,2,1,0.014112333767116,0.9858877062797546,train,yeah i am a communist come at me hoes squiggy bot
False,4.257668906434695,1,1,1,Suspected_False_Negative,2,0,0.9858447313308716,0.0141552612185478,val,"""Eh ada pelakor, pas banget frame ke tiga, orang ke 3"""
False,4.246809344025125,1,1,1,Suspected_False_Negative,3,0,0.985690176486969,0.0143098188564181,train,where is that nicolas cage meme when you need it?
False,4.245129472736869,1,1,1,Suspected_False_Negative,3,0,0.9856660962104796,0.0143338777124881,train,lets give the women of europe some ammunition and training so they can defend themselves
False,4.241293978469439,1,1,1,Suspected_False_Negative,1,0,0.9856109619140624,0.0143889607861638,train,Dia hidup di dunia imajiner ya
False,4.240901434902481,1,0,0,Suspected_False_Positive,3,1,0.0143946101889014,0.9856054186820984,train,also whats up bitches i got bangs and it wasnt a mistake im so excited
False,4.23829363527524,1,1,1,Suspected_False_Negative,1,0,0.9855678081512452,0.0144321974366903,train,despite the super gay cover i am excited to be starting this kettlebell program today
False,4.235514412583249,1,1,1,Suspected_False_Negative,3,0,0.9855276346206664,0.0144723635166883,train,user only the skin or brown parts contain protein everything inside is carbonhydrate oya kill yourself knowswhatmatters
False,4.233175131597423,1,0,0,Suspected_False_Positive,2,1,0.0145062580704689,0.9854936599731444,train,he is a godless heathen
False,4.231708434532389,1,1,1,Suspected_False_Negative,1,0,0.9854725003242492,0.0145275499671697,train,OBLY 347 LIKES AND 200 REPLIES AND EIGHT HOURS AGO??!!!
False,4.229614190783422,1,1,1,Suspected_False_Negative,2,0,0.9854419231414796,0.0145580060780048,train,reposting my good old review of an aboriginal documentary.
False,4.219738629054962,1,1,1,Suspected_False_Negative,2,0,0.9852975010871888,0.0147024868056178,train,granny schicklgrubers cherries jewbilee recipe
False,4.219306839071709,1,1,1,Suspected_False_Negative,3,0,0.9852911233901978,0.0147088365629315,train,wah pas nonton berita ada yang dilamar pas wisuda jadi ingin aku tuh tapi yang nak melamar pon siape
False,4.218337605774493,1,0,0,Suspected_False_Positive,1,1,0.0147230997681617,0.9852768778800964,train,have those twats been arrested yet?
False,4.218282637928929,1,1,1,Suspected_False_Negative,1,0,0.9852761030197144,0.0147239090874791,train,"Nonton teach you a lesson jujurly gak terlalu kaget sama kasusnya karna terlalu sering liat cerita detektif reomit sama drama lain kayaknya hehe, lebih ke puas karna satset kasih pelajaran ke yang salah 👌"
False,4.218181122981114,1,0,0,Suspected_False_Positive,2,1,0.0147254038602113,0.9852745532989502,train,that will teach you for wearing a jew cap you great suck up !
False,4.215894046179882,1,0,0,Suspected_False_Positive,1,1,0.0147591205313801,0.985240876674652,val,the president of the united states is a repulsive racist nazi cheer leading lying sack of drek just saying
False,4.215563764401099,1,1,1,Suspected_False_Negative,3,0,0.9852360486984252,0.0147639960050582,train,what a redneck virgin a seven year old that can run faster than her brothers
False,4.215334114098966,1,1,1,Suspected_False_Negative,4,0,0.9852325916290284,0.0147673869505524,train,Sosok ibu tersiap akhirnya melahirkan anak yg biadap!
False,4.214644975276737,1,1,1,Suspected_False_Negative,3,0,0.9852223992347716,0.0147775672376155,train,niggas do nt wait in no lines .
False,4.210005810075541,1,1,1,Suspected_False_Negative,2,0,0.9851537942886353,0.0148462820798158,train,no. but i am. you are hilarious. not in a good way.
False,4.204334788261931,1,0,0,Suspected_False_Positive,4,1,0.0149307148531079,0.9850693345069884,train,right on shaft. he is shafticus !
False,4.204172685427941,1,1,1,Suspected_False_Negative,3,0,0.9850668907165528,0.0149331353604793,train,brent bozellverified account  m minutes agomore
False,4.1862601100338805,1,1,1,Suspected_False_Negative,5,0,0.9847970008850098,0.0152030363678932,train,i love that feeling that u get from going from blues to purples. the discovery of new sexy loot!
False,4.184851839166353,1,0,0,Suspected_False_Positive,5,1,0.0152244614437222,0.9847756028175354,train,"""Parah lu bang nama lu udh rusak karna narkoba malah nambah masalah ajh truss"""
False,4.18340895840718,1,0,0,Suspected_False_Positive,4,1,0.0152464443817734,0.9847534894943236,train,there are dykes on a date in this pizza place
False,4.180545142251966,1,0,0,Suspected_False_Positive,5,1,0.0152901699766516,0.9847097992897034,train,"""Santai rick yg ngehujat lo belom tau perjalanan hidup lo aja! Mereka hanya sok suci!"""
False,4.1795604097859735,1,1,1,Suspected_False_Negative,2,0,0.98469477891922,0.015305234119296,train,pineapples on sale at publix;hoes on sale too;up stairs
False,4.179488122670281,1,0,0,Suspected_False_Positive,5,1,0.0153063405305147,0.9846936464309692,train,when a fic has  smell of  in its title and you just know  those a b o bitches
False,4.177126395165771,1,1,1,Suspected_False_Negative,3,0,0.9846574664115906,0.0153425326570868,train,swear niggas make me wanna turn this phone off
False,4.173635634262709,1,1,1,Suspected_False_Negative,2,0,0.9846038222312928,0.0153961833566427,train,gotta represent my coconuts and mangos yo !!
False,4.173563350747496,1,1,1,Suspected_False_Negative,5,0,0.984602689743042,0.0153972962871193,train,lmfao go to bed whitey ;
False,4.161423797178659,1,1,1,Suspected_False_Negative,2,0,0.9844146966934204,0.0155853517353534,train,"yapp, semua akan pret pada waktunya"
False,4.158017998211614,1,1,1,Suspected_False_Negative,4,0,0.9843614101409912,0.0156385228037834,train,ware da colored elite meet to eat
False,4.1570105100603305,1,0,0,Suspected_False_Positive,4,1,0.0156542863696813,0.9843457341194152,train,Sekarang seseorang adalah pelacur jika mereka memposting gambar toilet apa yang terjadi pada negara ini
False,4.151683430503869,1,0,0,Suspected_False_Positive,5,1,0.0157379005104303,0.9842621088027954,train,kurotsuchi me fuck you you ugly asshole i hate you
False,4.14690436763369,1,1,1,Suspected_False_Negative,1,0,0.9841867089271544,0.0158132929354906,train,you turn a dull tuesday night into a super sexy one! so hot!
False,4.145821170241599,1,1,1,Suspected_False_Negative,2,0,0.984169602394104,0.0158304311335086,train,Saya ingin membalas email yang terlambat bagi saya untuk menyelesaikan bulan ini
False,4.145477302428855,1,0,0,Suspected_False_Positive,1,1,0.0158358756452798,0.9841641783714294,train,i keep finding out that these bitches i am stanning are like number max
False,4.14498035594656,1,1,1,Suspected_False_Negative,3,0,0.9841561913490297,0.0158437471836805,train,nigga just had them crackers on a chase.
False,4.141482034145193,1,0,0,Suspected_False_Positive,1,1,0.0158992707729339,0.9841006994247437,train,it be the unbothered bitches that be knowing everything you post
False,4.14072083030092,1,1,1,Suspected_False_Negative,1,0,0.984088659286499,0.0159113779664039,train,Makanya tadi aku kaget lihat teman kabar nya udah menikah Dalam hati kamu kapan taarufnya kok sampai ga tercium kabarnya
False,4.136926510491542,1,1,1,Suspected_False_Negative,5,0,0.984028160572052,0.01597186550498,train,"Waaah pintar sekali ya, sampe ngga bisa bedain mana yang bener"
False,4.1366815210691135,1,1,1,Suspected_False_Negative,2,0,0.9840242266654968,0.0159757789224386,train,love her!! she is a badass!
False,4.13624428075372,1,0,0,Suspected_False_Positive,5,1,0.0159827657043933,0.9840171933174132,train,memang nya asu malu
False,4.135740485031526,1,1,1,Suspected_False_Negative,3,0,0.9840091466903688,0.0159908197820186,train,buset anak ngen
False,4.1335294208440985,1,1,1,Suspected_False_Negative,3,0,0.9839738011360168,0.0160262156277894,train,"iya perubahan, contoh nya kayak kemarin kan yahh udah bagus timnas udah naik dirubah biar lebih buruk ga boleh bagus bagud timnas indo yah erik"
False,4.127895744162798,1,1,1,Suspected_False_Negative,5,0,0.9838832020759584,0.0161167569458484,val,"when the wheel hits the road , it wo nt matter if you swing for yellow or black , just that you swing from the nearest overpass ."
False,4.124699975140977,1,1,1,Suspected_False_Negative,2,0,0.9838316440582277,0.0161683447659015,train,hes made a gun control shift as well. check his talking points from last cycle.
False,4.122522587514244,1,0,0,Suspected_False_Positive,2,1,0.0162035878747701,0.9837964177131652,train,ok i get you dont like to talk bad about the jew. btw i said kapo s
False,4.114919285701296,1,1,1,Suspected_False_Negative,4,0,0.9836727976799012,0.0163272581994533,train,cause everyone knows a real leader falls into a van like a sack of potatoes.....
False,4.107038836228868,1,0,0,Suspected_False_Positive,5,1,0.0164564326405525,0.9835436344146729,train,"JGN SEBUT YG BAIK SAJA SEBUT YG BUSUK JUGA KALAU FER.,.,.,"
False,4.106298870704198,1,0,0,Suspected_False_Positive,3,1,0.0164686143398284,0.9835313558578492,train,user yea ur white so do not say it wigger
False,4.095646787761551,1,0,0,Suspected_False_Positive,4,1,0.0166449770331382,0.9833549857139589,train,si amanda mukanya tante umur tetapi muka boros sekali dasar cabe jujur saya mah tidak suka ama ni haltis
False,4.089533045159992,1,1,1,Suspected_False_Negative,3,0,0.983253002166748,0.0167470518499612,train,so we all just house niggas huh
False,4.086559716010065,1,0,0,Suspected_False_Positive,1,1,0.0167969204485416,0.9832030534744264,train,beware of anyone defending this guy. theyre either a brainwashed zombie or complicit.
False,4.082466539787959,1,1,1,Suspected_False_Negative,4,0,0.983134150505066,0.0168658141046762,train,Orang kayak gitu emang gak ada otak udah enak disekolahin biar pinter malah bully anak orang semoga anak yang menjadi korban bully cepat sehat
False,4.080143613529963,1,1,1,Suspected_False_Negative,5,0,0.9830949902534484,0.0169050376862287,train,seem like da colored folk be gettin in da way lately. i just sayin
False,4.078690586677831,1,1,1,Suspected_False_Negative,5,0,0.9830703139305116,0.0169296190142631,train,he got what he deserved .
False,4.076712462994252,1,1,1,Suspected_False_Negative,1,0,0.9830368161201476,0.0169631410390138,train,"Sarkasme halus: Oh hebat ya lo bisa telat terus, bakatnya emang itu"
False,4.074610143373004,1,0,0,Suspected_False_Positive,5,1,0.016998840495944,0.9830011129379272,train,if the arabs in gaza had leaders that cared they would have water u moron
False,4.067929596172652,1,1,1,Suspected_False_Negative,3,0,0.9828872084617616,0.0171127822250127,train,Setidaknya kembali meminta maaf oke daripada menghilang dari radar masa tinggal saya tanpa pesan yang Anda ingat mudah untuk bertahan
False,4.067691579927545,1,0,0,Suspected_False_Positive,1,1,0.0171168558299541,0.9828831553459167,train,but they be hyping up other bitches tho believe me
False,4.067117396265909,1,1,1,Suspected_False_Negative,4,0,0.982873260974884,0.0171266868710517,train,user if that makes me racist someone buy me a white pointed hat
False,4.066032482508283,1,0,0,Suspected_False_Positive,2,1,0.0171452779322862,0.9828547239303588,train,"Bruh dia seengganya dia bisa kabur dri negara ini, artinya dia win. kalian ini knp dah julid bgtðŸ˜­"
False,4.064605442096692,1,1,1,Suspected_False_Negative,3,0,0.9828301668167114,0.0171697624027729,train,cause you sweet lil nigga
False,4.063597374270735,1,0,0,Suspected_False_Positive,4,1,0.0171870794147253,0.9828129410743712,train,wasnt this clown running guns?
False,4.063556517830884,1,1,1,Suspected_False_Negative,1,0,0.982812225818634,0.0171877816319465,train,Tua
False,4.057963051818595,1,0,0,Suspected_False_Positive,2,1,0.0172841902822256,0.9827158451080322,val,Dan parahnya lagi si lintang yang di salahin jadi selingkuhan sama netizen@Aview
False,4.055171721054682,1,1,1,Suspected_False_Negative,3,0,0.9826675057411194,0.0173325035721063,train,shes a great comedian. where as you are a great....nothing.
False,4.0550753291994726,1,0,0,Suspected_False_Positive,2,1,0.0173341743648052,0.9826657772064208,train,is sfos! hes going to go away like  . non electable.  maga mega
False,4.051929377493093,1,1,1,Suspected_False_Negative,4,0,0.9826112389564514,0.0173887927085161,train,Pacar kamu sibuk ya kok tumben komen wassap story aku
False,4.046954592646382,1,0,0,Suspected_False_Positive,5,1,0.017475513741374,0.9825244545936584,train,PADA GATAU TAN SKIN APA JIRR CAKEP GINI DI BILANG APALAHH
False,4.040487658449298,1,0,0,Suspected_False_Positive,2,1,0.0175888929516077,0.9824110865592957,train,this could so be about the jew.  killing in the name of... rage against the machine.
False,4.040418402939645,1,0,0,Suspected_False_Positive,3,1,0.0175901111215353,0.9824098348617554,val,biological traitors that want to wallow in a ghetto
False,4.034177500200369,1,1,1,Suspected_False_Negative,2,0,0.9822997450828552,0.0177002325654029,val,knows how to draw a crowd. cheap drinks and cleavage.
False,4.03149272492836,1,1,1,Suspected_False_Negative,2,0,0.9822521209716796,0.0177478175610303,train,because you could not even begin to respond since you cant speak in full sentences and your words are so limited
False,4.030400889787577,1,1,1,Suspected_False_Negative,5,0,0.9822328090667723,0.0177672058343887,train,you go mike and by the way sarah she is the best lair . url
False,4.025180386758268,1,1,1,Suspected_False_Negative,2,0,0.982139766216278,0.0178602021187543,train,nuke em till they glow and use them for runway lights.
False,4.016256367971721,1,0,0,Suspected_False_Positive,4,1,0.018020300194621,0.9819797277450562,val,dulu si pelakor yang sombong karena brhasil mendapatkan si botak sampai mnceraikan bunda maya sekarang hdp nya mkin anjlok bunda maya yang sering jelong2 kluarnegri
False,4.014745299080857,1,1,1,Suspected_False_Negative,4,0,0.9819524884223938,0.0180475506931543,train,peppered cheeses made my son gay
False,4.012672047282305,1,1,1,Suspected_False_Negative,4,0,0.98191499710083,0.0180850066244602,train,should have dropped a bomb on winston churchill
False,4.011642226872497,1,0,0,Suspected_False_Positive,1,1,0.0181036405265331,0.9818964004516602,train,ah locktober which one of you white bitches are ready to be sexually frustrated for a month
False,4.0110635471409655,1,1,1,Suspected_False_Negative,5,0,0.9818858504295348,0.0181141197681427,train,Hidup ini adalah pilihan yang harus kamu pilih
False,4.010918055602172,1,1,1,Suspected_False_Negative,3,0,0.9818832874298096,0.0181167554110288,train,Masi School Well Widows
False,4.010542651552713,1,1,1,Suspected_False_Negative,5,0,0.9818763732910156,0.0181235577911138,train,Amen Ustazah Saya sakit kepala untuk Anda menuliskan apa yang Anda terlambat ketika saya memberi tahu Anda untuk mengirim buku
False,4.010316469784127,1,1,1,Suspected_False_Negative,3,0,0.9818723797798156,0.0181276574730873,train,kita lanjutkan saja diam ini hingga kau dan aku mengerti tidak semua kebersamaan harus melibatkan hati
False,4.007159996583354,1,1,1,Suspected_False_Negative,3,0,0.9818150401115416,0.0181849673390388,val,i did not know drawings specifically designed for adults would hurt children if anything i am staying away from kids for sure it okay to admit that lolis are better than  d women like you in every way and you feel inferior intimidated by it
False,4.005583954386138,1,1,1,Suspected_False_Negative,1,0,0.98178631067276,0.0182136502116918,train,what about red people? indians  red is a color.
False,4.003661149777415,1,1,1,Suspected_False_Negative,5,0,0.981751263141632,0.0182487051934003,train,idungna miring
False,4.0009300194103234,1,0,0,Suspected_False_Positive,5,1,0.0182986129075288,0.9817013740539552,train,its the same girl you utter moron.
False,3.998172422459081,1,1,1,Suspected_False_Negative,2,0,0.9816508293151855,0.0183491427451372,train,likenoother gamestopcontest laura croft is great because she is a badass!
False,3.99791309474164,1,1,1,Suspected_False_Negative,1,0,0.9816461205482484,0.0183539018034935,train,i got more common sense than all of my followers
False,3.997302240354903,1,1,1,Suspected_False_Negative,4,0,0.9816348552703856,0.018365116789937,train,pak de kan ganteng. diem-diem udah ada simpenan. nya. gaesss
False,3.9922248335301953,1,1,1,Suspected_False_Negative,4,0,0.981541395187378,0.0184586010873317,train,awwww she is so stinking cute! how old is she now?
False,3.9840923080954886,1,1,1,Suspected_False_Negative,3,0,0.9813907146453856,0.0186093281954526,train,kasihan yah sudah stress
False,3.979289434478564,1,1,1,Suspected_False_Negative,4,0,0.9813010692596436,0.0186989214271307,train,"Eh sumpah ya brav, aku padahal udah suka dari lo pertama kali muncul di podcast2,, kek orang yang bijaksana , lemah lembut, tanpa ada alasan mencintai,,, tp lo inget yaa ,, ini udah bawa2 baby andrew , kasian dia gatau2 apa2 liat mamanya disakitin orang kek elo yang berpura2 jd pahlawan. :) sabar yaa baby andrew @eri.carl"
False,3.976717762543879,1,0,0,Suspected_False_Positive,4,1,0.0187470708042383,0.9812529683113098,train,Gua Itsgrar
False,3.973842248563775,1,1,1,Suspected_False_Negative,3,0,0.9811989068984984,0.0188010558485984,train,bbut they are creeping in slowly seeing more and more these days .
False,3.971974913867829,1,0,0,Suspected_False_Positive,2,1,0.0188361965119838,0.9811637997627258,train,"Bruh dia seengganya dia bisa kabur dri negara ini, artinya dia win. kalian ini knp dah julid bgt😭"
False,3.965595864850072,1,0,0,Suspected_False_Positive,4,1,0.0189567375928163,0.98104327917099,train,what did meek say niggas fuck they bestfriends like they was dykes
False,3.965500559437418,1,1,1,Suspected_False_Negative,4,0,0.9810414910316468,0.0189585443586111,train,be me at work.
False,3.964579512729823,1,1,1,Suspected_False_Negative,4,0,0.9810240268707277,0.0189760141074657,train,hed shat his pants if he faced any antifa
False,3.9631865434328426,1,1,1,Suspected_False_Negative,2,0,0.9809975028038024,0.0190024655312299,train,"""Muka anak nya ko tua banget yaa.. GK ngegemesin GK ada lucu2nya"""
False,3.960878065328937,1,0,0,Suspected_False_Positive,1,1,0.0190463829785585,0.980953574180603,val,haha otak bodoh otak bodoh tukang makan tai anak monyet tukang sodomi hahaha
False,3.9601924625540783,1,1,1,Suspected_False_Negative,3,0,0.9809405207633972,0.01905944570899,train,this is what conservatives think a genius looks like. lmao
False,3.9553327353190144,1,0,0,Suspected_False_Positive,4,1,0.0191522948443889,0.980847716331482,train,you say well they elected the nazi retards
False,3.9514195900997455,1,0,0,Suspected_False_Positive,2,1,0.0192273873835802,0.9807726144790648,train,finding cheap s on craigslist but they all need a new tranny ;;
False,3.951097824504656,1,0,0,Suspected_False_Positive,2,1,0.0192335750907659,0.9807664155960084,train,bitches be makin mistakes and hurting people they love i am bitches bitches is me
False,3.951034781426893,1,1,1,Suspected_False_Negative,2,0,0.980765163898468,0.0192347876727581,train,im never playing flappy bird again ever fuck that game ;
False,3.950368665782269,1,1,1,Suspected_False_Negative,5,0,0.980752408504486,0.0192476045340299,train,astaghfirullah seram ya bun ular jelmaan makhluk halus ya bun
False,3.948647398105461,1,0,0,Suspected_False_Positive,5,1,0.0192807633429765,0.9807192087173462,train,Apa gunanya dpr kok tega banget ðŸ’”
False,3.946591217521161,1,1,1,Suspected_False_Negative,1,0,0.9806795120239258,0.019320448860526,train,yes. yes he is!
False,3.945959366565302,1,1,1,Suspected_False_Negative,4,0,0.9806673526763916,0.0193326603621244,train,and fish smell sweaty in the raghead and body bags
False,3.9440540888892297,1,1,1,Suspected_False_Negative,4,0,0.9806304574012756,0.0193695295602083,train,Si numpang tenar
False,3.9434992822533705,1,0,0,Suspected_False_Positive,4,1,0.0193802788853645,0.9806196689605712,train,indoctrinating children from an early age with subtle devil worship images...
False,3.941083681628231,1,0,0,Suspected_False_Positive,3,1,0.0194271504878997,0.9805728793144226,train,"""Banyak yg kecewa karena lu begini rik!!!!"""
False,3.9405904127824,1,1,1,Suspected_False_Negative,2,0,0.9805632829666138,0.0194367356598377,train,SBNR adalah aksi kue Anda ?????
False,3.940375390752354,1,0,0,Suspected_False_Positive,5,1,0.0194409154355525,0.9805590510368348,train,you mean the conservative saint ronald reagan gave amnesty to a million mexicans another chink in his armor
False,3.940009748669728,1,1,1,Suspected_False_Negative,3,0,0.9805518984794616,0.0194480251520872,val,user user user um lol stop being dramatic i was joking that the extra x chromosome is what makes us want to win arguments i never said men can not have emotions or be the same tone it down feminazi
False,3.9361089583376967,1,1,1,Suspected_False_Negative,4,0,0.9804759621620178,0.019524035975337,train,bct
False,3.9357111129546594,1,0,0,Suspected_False_Positive,1,1,0.0195318050682544,0.9804681539535522,val,oh shit stay safe!! !!
False,3.930931620074414,1,0,0,Suspected_False_Positive,2,1,0.0196253806352615,0.9803746342658995,train,yu hoes just love to pump fake bout yall lives on these social networks
False,3.926170894831726,1,0,0,Suspected_False_Positive,4,1,0.0197190344333648,0.9802809357643129,train,you hate the jews that much you wouldnt save them
False,3.925463173267523,1,1,1,Suspected_False_Negative,2,0,0.9802669286727904,0.0197329949587583,train,theyre naming names in britain
False,3.921771041816045,1,0,0,Suspected_False_Positive,2,1,0.0198059864342212,0.9801939725875854,train,chinas theft of ip. is between  and  billion in economic value. stop that for  maga.
False,3.919917449829741,1,0,0,Suspected_False_Positive,1,1,0.0198427326977252,0.9801572561264038,train,many realize and remain silent. they are cowards.
False,3.919545604469201,1,1,1,Suspected_False_Negative,1,0,0.9801499247550964,0.0198501124978065,train,Izinkan aku mengupload ini
False,3.9187648226910494,1,1,1,Suspected_False_Negative,1,0,0.9801344275474548,0.0198656171560287,train,user number m dollars for immigrants lmao epic american win
False,3.9152733115532494,1,0,0,Suspected_False_Positive,4,1,0.0199350994080305,0.9800649285316468,train,gagah kali abang borisq kalau tidak baca nmx bner2 tidak ngeh kalau itu bang boris
False,3.915115604936001,1,0,0,Suspected_False_Positive,4,1,0.0199382435530424,0.9800617098808287,train,dia tu kaya kusemm gt ga si bukan tan skin..
False,3.9092771642851982,1,0,0,Suspected_False_Positive,3,1,0.020054992288351,0.9799450635910034,train,oh i fucking hate you cuz you a fucking time wasting motherfucker
False,3.908748370279272,1,1,1,Suspected_False_Negative,3,0,0.9799343943595886,0.0200656000524759,train,Selamat di atas penderitaan orang lain ? Hih. URL
False,3.907014551653399,1,1,1,Suspected_False_Negative,5,0,0.9798995852470398,0.0201004203408956,train,how he is still batting
False,3.904804386506673,1,1,1,Suspected_False_Negative,5,0,0.9798550605773926,0.0201448947191238,train,players should stand up and be counted like soccer players url
False,3.9012734787048298,1,1,1,Suspected_False_Negative,2,0,0.9797838926315308,0.0202161502093076,train,i wonder what  thinks of this appearance.
False,3.897884183426675,1,0,0,Suspected_False_Positive,1,1,0.0202847849577665,0.9797152280807496,train,jedar memang muka 2 kali di depan di belakang busuk mulutnya kek banci cucoklah 2 banci itu
False,3.896919570774616,1,1,1,Suspected_False_Negative,5,0,0.9796956777572632,0.0203043613582849,train,duit banyak tp perawatan sulit
False,3.8952159218811415,1,1,1,Suspected_False_Negative,5,0,0.979660987854004,0.0203389823436737,val,wake up black americans!  maga kavanaugh votered trump trump walkaway kag trumptrain a sundaythoughts hurricaneflorence hurricaneflorence bolsonaroeleitolugar bolsonaropresidente bb blackout bluewave blm blackexcellence url
False,3.893334532106487,1,1,1,Suspected_False_Negative,1,0,0.9796226620674132,0.0203772839158773,train,ill have him at the height of ecstasy all over my body
False,3.892075449714538,1,1,1,Suspected_False_Negative,3,0,0.97959703207016,0.0204029567539691,train,open bo tidak bang si listy om om yang cari cewek yang sudah pengalaman
False,3.891030874321354,1,1,1,Suspected_False_Negative,3,0,0.9795756936073304,0.0204242803156375,train,breaking! tech companies meet in secret to steal  election    left desperate to win midterms
False,3.8909981349223615,1,1,1,Suspected_False_Negative,5,0,0.9795750975608826,0.0204249490052461,train,apasih bego
False,3.888355436086298,1,1,1,Suspected_False_Negative,2,0,0.9795209765434264,0.0204789973795413,train,Bersyukurlah sampai Anda lupa kurangnya
False,3.88807888345089,1,1,1,Suspected_False_Negative,4,0,0.9795153737068176,0.0204846616834402,train,"girl support girl, tapi yg ini gk dulu"
False,3.8839454504064608,1,0,0,Suspected_False_Positive,4,1,0.0205695088952779,0.9794305562973022,train,artinya Projo itu artinya Projo 😂
False,3.880738477379611,1,1,1,Suspected_False_Negative,5,0,0.9793644547462464,0.0206355806440114,train,curious couldnt find this on your website.  doesnt fit your narrative does it.  cowards. url
False,3.879670054607873,1,1,1,Suspected_False_Negative,4,0,0.9793423414230348,0.0206576399505138,train,"Ini bukan hari Rabu, ini adalah malam suro??"
False,3.879281959381113,1,1,1,Suspected_False_Negative,4,0,0.9793343544006348,0.0206656586378812,train,Jangan dekat dengan aku Aku tengah susah Nanti aku senang aku panggil
False,3.877925486053668,1,1,1,Suspected_False_Negative,2,0,0.9793062210083008,0.0206937100738286,train,"logo bukan sembarang logo, mantap meriam london"
False,3.8770757907420985,1,1,1,Suspected_False_Negative,5,0,0.9792887568473816,0.020711300894618,train,if we get the word out
False,3.8754324332041934,1,1,1,Suspected_False_Negative,2,0,0.97925466299057,0.0207453649491071,train,agh waters world dem negresses remarks god dayum
False,3.874754419004009,1,0,0,Suspected_False_Positive,4,1,0.0207594353705644,0.9792405366897584,train,"Lo itu berharga, percayalah"
False,3.8717105517983774,1,1,1,Suspected_False_Negative,5,0,0.9791772961616516,0.0208227206021547,train,"if i was in commiefornia, id be eating at least  meals a day there."
False,3.870720980924733,1,1,1,Suspected_False_Negative,3,0,0.9791566133499146,0.0208433363586664,train,bang lu cakep kok.. kalo diliat dari inti bumi????
False,3.870268722340193,1,1,1,Suspected_False_Negative,4,0,0.9791472554206848,0.0208527650684118,val,"""paan melet melet mau jilat tai tabi?"""
False,3.8679674473263495,1,0,0,Suspected_False_Positive,3,1,0.0209008082747459,0.9790992140769958,train,you are alienating your supporters disgusted  url
False,3.863396514815471,1,0,0,Suspected_False_Positive,3,1,0.0209965631365776,0.9790034890174866,train,of muslims worldwide are illiterate. they cannot read the quran or anything else.
False,3.862012857072296,1,1,1,Suspected_False_Negative,2,0,0.9789743423461914,0.0210256353020668,train,ya kali kejayaan selamanya bang ðŸ˜‚
False,3.860855223015727,1,1,1,Suspected_False_Negative,5,0,0.978950023651123,0.0210499893873929,train,user happy bday slut whatchu on for the day
False,3.8555375294334606,1,0,0,Suspected_False_Positive,5,1,0.021162224933505,0.9788377285003662,train,stunting on all yall hoes that was flexing on me
False,3.85534514178778,1,1,1,Suspected_False_Negative,5,0,0.9788337349891664,0.0211662966758012,train,"""atas bawah hitam putih, kek kopi luwak"""
False,3.854792915018549,1,1,1,Suspected_False_Negative,3,0,0.9788219928741456,0.021177988499403,train,Nama yang layak nama ICA
False,3.8547421680374887,1,1,1,Suspected_False_Negative,2,0,0.9788209199905396,0.0211790632456541,train,they have been taking advantage of our overwelcoming nature for far to long .
False,3.8462814553987945,1,1,1,Suspected_False_Negative,3,0,0.9786409735679626,0.0213590133935213,train,user i mean if sexual harassment is just mean girl drama
False,3.846046025520627,1,1,1,Suspected_False_Negative,1,0,0.9786359667778016,0.0213640425354242,train,pick that cotton negro  or whatever massa said
False,3.8450397082420498,1,1,1,Suspected_False_Negative,5,0,0.9786145091056824,0.0213855523616075,train,how dare you!!! kappa
False,3.8328305491370704,1,1,1,Suspected_False_Negative,1,0,0.9783517718315125,0.0216482523828744,train,thinking about the studentloan crisis  url tcot maga rednationrising
False,3.8309112605892937,1,0,0,Suspected_False_Positive,2,1,0.0216898415237665,0.978310227394104,train,"hoi, fai moke hau!!!!"
False,3.8295748868903208,1,0,0,Suspected_False_Positive,4,1,0.0217188466340303,0.9782811403274536,train,Sangat banyak horor anjr
False,3.82955387549524,1,1,1,Suspected_False_Negative,1,0,0.9782806634902954,0.0217193029820919,train,this guy wants to be a successful producer and he is tweeting stuff like this.
False,3.8293006585865954,1,0,0,Suspected_False_Positive,3,1,0.0217248033732175,0.978275179862976,val,you are hairy like a monkey.  p
False,3.828877887252526,1,1,1,Suspected_False_Negative,1,0,0.9782660603523254,0.0217339899390935,train,"lookie here folks im not a chocolate, thick, natural haired female nudestrash"
False,3.826096873247879,1,1,1,Suspected_False_Negative,2,0,0.9782055020332336,0.0217945165932178,train,i was think she jisoo but im focused i found she is taeyoun
False,3.825524428761069,1,1,1,Suspected_False_Negative,5,0,0.9781930446624756,0.0218069963157176,train,apa yang di harapkan sama cwo club?
False,3.8251997335528167,1,1,1,Suspected_False_Negative,2,0,0.9781858921051024,0.021814078092575,train,da house next door to me been sold to honkies
False,3.824882313968164,1,1,1,Suspected_False_Negative,2,0,0.9781790375709534,0.0218210034072399,train,kampungan artis yang numpang tenar gara2 mukanya katy perry doangö
False,3.823525751302872,1,1,1,Suspected_False_Negative,3,0,0.9781493544578552,0.0218506250530481,train,i be crying in my car nigga nightmares of dying in my car nigga
False,3.822460592309289,1,0,0,Suspected_False_Positive,5,1,0.0218739118427038,0.9781261086463928,train,once the titanium white dominus is released its over for you hoes
False,3.8117121306322623,1,1,1,Suspected_False_Negative,2,0,0.9778897166252136,0.0221102908253669,train,still thinks she matters.
False,3.811336812668858,1,1,1,Suspected_False_Negative,4,0,0.9778814315795898,0.0221185907721519,train,followed most patriots already and got the rest appreciate a follow back maga
False,3.807747085053987,1,1,1,Suspected_False_Negative,1,0,0.9778018593788148,0.0221981331706047,train,you are as cheap as cheap she is...try with bible and quran if you really have guts
False,3.80619209998154,1,1,1,Suspected_False_Negative,4,0,0.977767288684845,0.0222326777875423,train,another season for tom brady to give it to these niggas
False,3.8033870748683785,1,0,0,Suspected_False_Positive,2,1,0.0222951285541057,0.9777048826217652,train,yu really can not save these hoes they do not wanna be saved
False,3.801009291008992,1,1,1,Suspected_False_Negative,1,0,0.9776517748832704,0.022348204627633,train,tidak cantik cantik nya hahaha
False,3.799672306784928,1,1,1,Suspected_False_Negative,5,0,0.9776219129562378,0.0223781038075685,train,haha karma tidak pernah salah
False,3.794658905974856,1,1,1,Suspected_False_Negative,4,0,0.9775094985961914,0.0224905759096145,train,user user do you mean palette you utter hillbilly
False,3.791948523638672,1,0,0,Suspected_False_Positive,1,1,0.0225516166538,0.9774484038352966,train,crazy women got the best pussy
False,3.7918969032520105,1,0,0,Suspected_False_Positive,2,1,0.0225527808070182,0.9774471521377563,train,Lho anak ini muka jelek begitu kog bisa2nya membully teman sekolahnya
False,3.791037670709725,1,0,0,Suspected_False_Positive,1,1,0.0225721672177314,0.9774277806282043,train,excited for dam with bitches
False,3.788105021720418,1,1,1,Suspected_False_Negative,3,0,0.977361500263214,0.0226384606212377,train,spot the wee lil bunny plotting on my ghetto vegetable garden i still love him her
False,3.787256849469149,1,1,1,Suspected_False_Negative,2,0,0.9773423075675964,0.0226576700806617,train,yes ..shit just move with the wind she just keep blessing us
False,3.7860851657261576,1,1,1,Suspected_False_Negative,5,0,0.9773157835006714,0.0226842332631349,val,PALING GABISA SOAL KOLIBRI??
False,3.781964834058208,1,1,1,Suspected_False_Negative,1,0,0.9772220253944396,0.0227778926491737,train,oh cool. alana found the one person dumber than she is and retweeted him. nice move.
False,3.777992535890378,1,0,0,Suspected_False_Positive,3,1,0.0228685531765222,0.9771314263343812,train,"it is a money making scam , that is why it is pushed ."
False,3.775686494747746,1,0,0,Suspected_False_Positive,3,1,0.0229213498532772,0.97707861661911,train,"sebenarnya banyak oknum dosen kayak gini, cuma Ytta👀"
False,3.7738877437915046,1,0,0,Suspected_False_Positive,5,1,0.0229626167565584,0.9770373106002808,train,"sometimes, even i gotta tell these hoes to grow up smh"
False,3.773856190003914,1,1,1,Suspected_False_Negative,5,0,0.9770366549491882,0.0229633413255214,train,cute girly fantasy football team names jnr college lesbians glee gay guy
False,3.773700869033628,1,0,0,Suspected_False_Positive,1,1,0.0229669082909822,0.9770331382751464,train,i heard green tea makes you lose weight.... and imma coon so that explains the watermelon
False,3.771903254308176,1,1,1,Suspected_False_Negative,3,0,0.9769918322563172,0.0230082310736179,train,pushed to my limits. url
False,3.77146457119222,1,0,0,Suspected_False_Positive,3,1,0.0230183266103267,0.9769816994667052,train,salfok mukanya sumpah jelek oplas model failed
False,3.771132287579155,1,1,1,Suspected_False_Negative,4,0,0.976974070072174,0.0230259764939546,train,user let  see some of you zealot commenters volunteer to house the illegal aliens
False,3.7699424095019087,1,0,0,Suspected_False_Positive,5,1,0.023053390905261,0.9769466519355774,train,Robek imut tidak diapus dengan
False,3.769928997287518,1,1,1,Suspected_False_Negative,5,0,0.9769462943077089,0.0230537001043558,train,podcast sana sini ehðŸ¤£
False,3.7671945651754912,1,0,0,Suspected_False_Positive,2,1,0.0231168251484632,0.9768831729888916,train,cause these niggas pussy and these bitches rookies
False,3.7624346451296167,1,1,1,Suspected_False_Negative,1,0,0.9767729043960572,0.0232271216809749,train,i am such a slut for fresh bedding
False,3.761679435128959,1,1,1,Suspected_False_Negative,5,0,0.9767553210258484,0.0232446696609258,train,they probably have a  i.q. with all three of them combined .
False,3.761246895257987,1,0,0,Suspected_False_Positive,1,1,0.0232547260820865,0.976745307445526,train,"Beneran mau Singa, nanti saya kirimkan Singa dari Taman Safari."
False,3.759817696299262,1,0,0,Suspected_False_Positive,3,1,0.0232879854738712,0.9767119884490968,train,money of buddha and bitches with beepers
False,3.758757602577434,1,1,1,Suspected_False_Negative,4,0,0.9766873121261596,0.0233126860111951,train,Ini sudah lama sekali
False,3.757527924349808,1,1,1,Suspected_False_Negative,4,0,0.9766586422920228,0.0233413707464933,train,im surprised you could read it with slits for eyes
False,3.757268208554025,1,1,1,Suspected_False_Negative,1,0,0.9766526222229004,0.023347433656454,train,mmm you are so hot
False,3.750959407650815,1,1,1,Suspected_False_Negative,4,0,0.9765048027038574,0.0234951935708522,train,aura mba2 pembaca tarot kuat bangtttðŸ˜­ðŸ™
False,3.7480199920301938,1,1,1,Suspected_False_Negative,5,0,0.9764356017112732,0.0235643573105335,train,Lhaa kaann saya adalah jalan yang rendah dari waktu jahat saya banyak dan mengatakan tidak ada yang tahu cinta keberuntungan
False,3.7437198742769904,1,0,0,Suspected_False_Positive,1,1,0.0236659049987792,0.9763340950012208,train,its not from antifa. it was a troll created by pol.
False,3.7424976113545343,1,1,1,Suspected_False_Negative,3,0,0.97630512714386,0.0236948486417531,train,impeach trump and maga
False,3.7409717824324273,1,0,0,Suspected_False_Positive,4,1,0.023731030523777,0.976269006729126,train,mind virus infected cucks sure do. no healthy white man would.
False,3.740532100448111,1,1,1,Suspected_False_Negative,1,0,0.9762585759162904,0.0237414669245481,train,i dont believe i or anyone living today brought you here or wanted you here .
False,3.739482604927444,1,0,0,Suspected_False_Positive,5,1,0.0237663965672254,0.9762335419654846,train,catch woahs and pull hoes
False,3.736332273168911,1,1,1,Suspected_False_Negative,1,0,0.9761585593223572,0.0238413866609334,train,should i try out aikido instead of krav maga?  aikido kravmaga
False,3.7332319446579234,1,1,1,Suspected_False_Negative,1,0,0.9760846495628356,0.0239154174923896,train,eh pelakor pas sekali frame orang 3
False,3.732936338027516,1,1,1,Suspected_False_Negative,3,0,0.9760774970054626,0.0239224880933761,train,even when they are stuck between two white babies like an inside out oreo cookie
False,3.731138493796661,1,0,0,Suspected_False_Positive,4,1,0.02396553568542,0.9760344624519348,train,i dont know what you been told but i love them project hoes
False,3.729276303963125,1,1,1,Suspected_False_Negative,3,0,0.975989818572998,0.0240102056413888,train,ntknetwork news   senate set to pass bipartisan bill to combat opioids magaa prolife url
False,3.726995963310692,1,1,1,Suspected_False_Negative,2,0,0.9759349822998048,0.0240650195628404,train,he got his chance and blew it
False,3.7258861140885178,1,0,0,Suspected_False_Positive,5,1,0.0240917429327964,0.9759082794189452,val,Apa gunanya dpr kok tega banget 💔
False,3.7256741397321376,1,1,1,Suspected_False_Negative,1,0,0.9759031534194946,0.0240968503057956,train,thank the gods she has chosen to go with her own kind .
False,3.723917225375284,1,1,1,Suspected_False_Negative,2,0,0.975860834121704,0.0241392236202955,train,"""Anaknya udh pinter, maknya yang kelempengan.. berasa masih baby, tingginya azka aj melebihi mamanya.."""
False,3.718260185453385,1,1,1,Suspected_False_Negative,1,0,0.9757238030433656,0.0242761671543121,train,@gasendra: kebanyakan bocotcotcot
False,3.7180822706352927,1,1,1,Suspected_False_Negative,2,0,0.9757195115089417,0.0242804866284132,train,because you are
False,3.717033837759944,1,0,0,Suspected_False_Positive,2,1,0.0243059564381837,0.9756941199302672,train,"sebenarnya banyak oknum dosen kayak gini, cuma YttaðŸ‘€"
False,3.715959939385717,1,1,1,Suspected_False_Negative,5,0,0.9756678938865662,0.0243320725858211,val,from julius streichers der strmer
False,3.715724190013149,1,1,1,Suspected_False_Negative,1,0,0.9756622314453124,0.0243378095328807,train,my stoned wheat crackers! where the hell did they put the stoned wheat crackers?
False,3.714468383829488,1,1,1,Suspected_False_Negative,4,0,0.9756315350532532,0.024368392303586,train,i bet hes a starbucks queer
False,3.7109456556450655,1,1,1,Suspected_False_Negative,2,0,0.9755455851554872,0.0244543869048357,train,go buy an antifa shirt from wal mart you lumpenprole
False,3.7106585429805423,1,1,1,Suspected_False_Negative,1,0,0.9755386710166932,0.0244614090770483,train,"leader of the judeochristianzionist megacult, john hagee celebratin with his owners in israel."
False,3.71047626541501,1,1,1,Suspected_False_Negative,5,0,0.9755340814590454,0.0244658682495355,train,he is totally bluffing...
False,3.708391954679135,1,1,1,Suspected_False_Negative,3,0,0.9754830598831176,0.0245169159024953,train,excommunicate the guy. thatll teach em.
False,3.707509603590389,1,1,1,Suspected_False_Negative,3,0,0.9754613637924194,0.0245385579764843,train,senyum logo arsenal berkah
False,3.70740804535451,1,0,0,Suspected_False_Positive,2,1,0.0245410501956939,0.9754589796066284,train,Mau mandi diceramahin dulu sama nyonya besar intinya sama TOBAT KAMU ABIS INIIAP KOMANDAN
False,3.7064433770501646,1,1,1,Suspected_False_Negative,1,0,0.9754353165626526,0.0245647355914115,train,whoever you are you deserve this url
False,3.704068070116427,1,1,1,Suspected_False_Negative,3,0,0.9753769040107728,0.0246231537312269,train,nigga keep tryna play both sides lol
False,3.703806293287128,1,1,1,Suspected_False_Negative,5,0,0.9753704071044922,0.0246296003460884,train,now they are calling kayne west the last rock star...
False,3.7037369463893017,1,1,1,Suspected_False_Negative,1,0,0.9753687381744384,0.0246313083916902,train,yeah its really far and its alright if you like living by a whole lot of hicks haha
False,3.702218419521661,1,0,0,Suspected_False_Positive,2,1,0.0246687401086092,0.9753313064575196,train,"f   k the bloods and crips , cops are the worst gang going !"
False,3.700146635764556,1,0,0,Suspected_False_Positive,1,1,0.0247199013829231,0.9752800464630128,train,establishment rino traitors plan to give congress back to the establishment democrat traitors.
False,3.695316627947165,1,1,1,Suspected_False_Negative,3,0,0.9751604199409484,0.0248395875096321,train,i have been trying to find a job but the mexicans take everything we had .
False,3.693407708372193,1,1,1,Suspected_False_Negative,5,0,0.9751129150390624,0.0248870495706796,train,Kamu juga kan
False,3.692979991825007,1,1,1,Suspected_False_Negative,1,0,0.9751023054122924,0.0248976964503526,train,jelek saja anaknya ayahnya cakep2
False,3.688549507436529,1,0,0,Suspected_False_Positive,1,1,0.0250082500278949,0.9749917984008788,train,if you think ronaldo is better than messi you are either a liar or a retard
False,3.68700417388061,1,1,1,Suspected_False_Negative,2,0,0.9749530553817748,0.0250469259917736,train,"""Yang merasa peliharaannya lepas, tolong diangkut"""
False,3.686837310010801,1,1,1,Suspected_False_Negative,3,0,0.9749488234519958,0.0250511057674884,train,cakep bgt sampe mules liat muka mba nya
False,3.686099992104947,1,1,1,Suspected_False_Negative,5,0,0.9749303460121156,0.0250695832073688,train,open donasi buat beli kaca
False,3.6849442704567776,1,1,1,Suspected_False_Negative,1,0,0.9749014973640442,0.0250985734164714,train,so if paul golding turned up for a job at the bbc youd let him work for them?
False,3.68264460099125,1,0,0,Suspected_False_Positive,4,1,0.025156358256936,0.974843680858612,train,user user you retarded asl
False,3.680029502609047,1,0,0,Suspected_False_Positive,5,1,0.0252222307026386,0.9747777581214904,train,hell be replaced. . . . . . . . by another muslim.
False,3.678482669658513,1,1,1,Suspected_False_Negative,2,0,0.9747387170791626,0.0252612754702568,train,prestasi pas ????
False,3.677952359283309,1,0,0,Suspected_False_Positive,1,1,0.0252746753394603,0.974725306034088,train,ngeri ya sekolah Islam malah jadi sarang musang birahi
False,3.676721654981809,1,1,1,Suspected_False_Negative,3,0,0.9746941924095154,0.025305800139904,train,lifeisbutepu when you are black and can say the word nigga. feel me my niggas??? url
False,3.6727624628743727,1,0,0,Suspected_False_Positive,4,1,0.0254061892628669,0.9745938777923584,train,Itu relawan cari cuwan....ðŸ˜‚
False,3.672481267525467,1,1,1,Suspected_False_Negative,3,0,0.9745867252349854,0.0254133343696594,train,oh wow! you look like a s porn star loveit
False,3.66941656204206,1,0,0,Suspected_False_Positive,2,1,0.0254913382232189,0.9745087027549744,val,Siapa dapat first impression macam niumpah aku ingat kau dulu sombong gila Orang pun cakap kau macam sombong Aku p
False,3.66455770351066,1,1,1,Suspected_False_Negative,2,0,0.9743845462799072,0.0256154984235763,train,its more what she does than who she is
False,3.6645417789312127,1,0,0,Suspected_False_Positive,5,1,0.025615906342864,0.974384069442749,train,rey walk to the gas station since everybody acting like bitches
False,3.664262013074796,1,1,1,Suspected_False_Negative,4,0,0.9743769764900208,0.0256230738013982,train,comic slave boys of mars   art only. pages .
False,3.6638236913030457,1,1,1,Suspected_False_Negative,4,0,0.9743656516075134,0.0256343074142932,train,redskins twitter after a loss is a fucking cesspool
False,3.662177794480954,1,1,1,Suspected_False_Negative,2,0,0.9743233919143676,0.0256765335798263,train,username yaa ampun upil naruto kata2nya mencerminkan kalau yang pecun pengalaman sekali kamu yaa kasihan saya prihatin mati saja deh kamu ngotorin dunia manusia kamu
False,3.661346293098906,1,0,0,Suspected_False_Positive,5,1,0.0256978925317525,0.9743021726608276,train,"Klw anak sya, sya sllu bilang jngn merendahkan orang lain, trus dia jwb ada di sekolah yg suka buli temen aku, trus sya jwb, temenin yg suka di buli itu kita sayangi, tpi jngn membenci yg membuli, klw emng dia jahat sama kita lawan tpi jngn membenci"
False,3.65959853087392,1,0,0,Suspected_False_Positive,2,1,0.0257428456097841,0.9742571115493774,train,"lemme just throw a  in it, hows the tranny??"
False,3.6569268183491546,1,1,1,Suspected_False_Negative,3,0,0.9741883277893066,0.0258117150515317,train,user niggas in london forget they just children of islander immigrants just like toronto niggas lmfao
False,3.6546499344807386,1,0,0,Suspected_False_Positive,2,1,0.0258705522865057,0.9741294980049132,train,unpopular opinion bitches be on niggas more than niggas be on bitches
False,3.653630952765398,1,1,1,Suspected_False_Negative,4,0,0.9741030335426332,0.0258969273418188,train,Lanjut bongkar bu Lita 👍👍👍👍👍👍
False,3.6464922274604574,1,0,0,Suspected_False_Positive,3,1,0.0260824598371982,0.973917543888092,train,sdorica is a fucking drug
False,3.6464613058033297,1,1,1,Suspected_False_Negative,3,0,0.97391676902771,0.0260832663625478,train,user gemini as a whole here  a msg i hate you
False,3.645976967504985,1,1,1,Suspected_False_Negative,1,0,0.9739040732383728,0.0260959025472402,train,Inilah yang ingin saya coba
False,3.645045860935962,1,0,0,Suspected_False_Positive,2,1,0.0261202119290828,0.9738798141479492,train,this double standard stinks like shit. delete your facebook account.
False,3.644807569667183,1,1,1,Suspected_False_Negative,2,0,0.9738735556602478,0.0261264368891716,train,"pissed in shower, now checking for yellow legs."
False,3.643887950019172,1,0,0,Suspected_False_Positive,4,1,0.0261504743248224,0.9738494753837584,train,user these hoes ain t shit bro u cute as hell
False,3.643312095277869,1,1,1,Suspected_False_Negative,4,0,0.9738344550132751,0.0261655375361442,train,and ill argue all fucking day long because im     right!!!!
False,3.642384105623655,1,0,0,Suspected_False_Positive,4,1,0.0261898301541805,0.9738101363182068,train,trump called his accusers liars and promised to sue them. he never did.
False,3.641878421429716,1,1,1,Suspected_False_Negative,2,0,0.9737969040870668,0.0262030772864818,train,ANAK ABI LC
False,3.63997153796768,1,1,1,Suspected_False_Negative,2,0,0.9737469553947448,0.0262530911713838,train,its a nice way of callin yall honkies
False,3.639717358016767,1,1,1,Suspected_False_Negative,1,0,0.97374027967453,0.0262597650289535,train,that is probably for my obamas homosexual escapade that morning
False,3.6384140606804656,1,1,1,Suspected_False_Negative,3,0,0.973706066608429,0.0262940116226673,train,sudah ngembang habis cowok meldi enak ya otak atik
False,3.63663983999998,1,1,1,Suspected_False_Negative,1,0,0.9736592769622804,0.0263407044112682,train,came home and found my cat sleeping on my pillow ;c i love that niggah.
False,3.635029927994621,1,1,1,Suspected_False_Negative,1,0,0.973616898059845,0.0263831447809934,train,lol you are so tight
False,3.63372912560986,1,0,0,Suspected_False_Positive,4,1,0.0264174863696098,0.9735825061798096,train,moslim eunuchs were sent as ambassadors to the timurids
False,3.633259370392747,1,1,1,Suspected_False_Negative,1,0,0.9735701084136964,0.0264298990368843,val,rick kamu tuh manusia kek tidak gunanya kamu dilahirin kedunia berbuat sayang nya kamu ngecewain orang gimana mau masuk surga
False,3.631566023919952,1,0,0,Suspected_False_Positive,3,1,0.026474691927433,0.97352534532547,train,the worst terrorists are republican teabaggers...
False,3.630329443326694,1,1,1,Suspected_False_Negative,3,0,0.9734925627708436,0.0265074502676725,train,my laptop freeze after freeze the ghetto
False,3.6240820811573866,1,1,1,Suspected_False_Negative,3,0,0.9733264446258544,0.0266735702753067,train,@teletabies: PickMe
False,3.62217220952384,1,1,1,Suspected_False_Negative,4,0,0.973275363445282,0.026724562048912,train,Waw beliin buat aku dong
False,3.620429678720341,1,0,0,Suspected_False_Positive,3,1,0.0267711710184812,0.9732288718223572,train,Kocak banyak netizen dan pundit bola yang malah bully warga korsel dan heran knp presiden korsel karena gak menghargai pelatih nya dan mau di periksa tanpa tau akar masalah knp dia di benci
False,3.618651840290028,1,0,0,Suspected_False_Positive,4,1,0.0268188081681728,0.9731812477111816,val,ya the ignorant want to registered guns so only criminals will have gun .
False,3.6181855724989584,1,0,0,Suspected_False_Positive,3,1,0.0268313158303499,0.973168671131134,train,i wish your commie ass would show up to an antifa rally.
False,3.60969864789132,1,1,1,Suspected_False_Negative,2,0,0.9729400277137756,0.0270600002259016,train,Rabu kliwon mba haha ??maap
False,3.608036658746112,1,1,1,Suspected_False_Negative,3,0,0.9728949666023254,0.0271050110459327,train,he is! talking about  i dont need excuses i just need my money
False,3.607875730424353,1,1,1,Suspected_False_Negative,2,0,0.972890555858612,0.0271093733608722,train,"Kurang aksesoris sama model rambutnya sih menurutku, bajunya terlalu ramai buat dia yg gemoy"
False,3.6019891725336843,1,1,1,Suspected_False_Negative,3,0,0.9727306365966796,0.0272694248706102,train,Beli alat gym aja kak
False,3.601542692432464,1,0,0,Suspected_False_Positive,3,1,0.0272816028445959,0.9727184176445008,train,"""Artis remaja di Indonesia yg manis bgt kalo senyum Cuma dia deh perasaan yg nempel di hati"""
False,3.6004534839626734,1,0,0,Suspected_False_Positive,5,1,0.0273113343864679,0.9726886749267578,train,Ngakankkk
False,3.600199674120117,1,1,1,Suspected_False_Negative,2,0,0.972681760787964,0.0273182671517133,train,Aku aja capek sama diriku sendiri apalagi kamu Maaf ya '
False,3.59979379410342,1,1,1,Suspected_False_Negative,4,0,0.9726706147193908,0.0273293573409318,train,quite possible. you are very right to be skeptical. but one has to start somewhere !
False,3.5984172518018624,1,1,1,Suspected_False_Negative,1,0,0.9726329445838928,0.027367003262043,train,i really need a tan because i am tired of ppl calling me white
False,3.594392162305593,1,1,1,Suspected_False_Negative,4,0,0.9725226759910583,0.0274773798882961,train,Bang mau kena pukul kah niii Gua udah serius nonton Kampret abang ni
False,3.593490645327982,1,0,0,Suspected_False_Positive,2,1,0.0275021623820066,0.9724978804588318,train,didnt break rules. had permission. a liar.
False,3.592187339548726,1,0,0,Suspected_False_Positive,4,1,0.0275380294770002,0.972461998462677,train,bullshit theres rich liberals too so what are you saying ???
False,3.592109760609496,1,0,0,Suspected_False_Positive,1,1,0.0275401659309864,0.9724598526954652,train,maybe not but you crow about obama and democrats so you are a mawbar....might as well be a republican.
False,3.589609087867299,1,1,1,Suspected_False_Negative,5,0,0.97239089012146,0.0276091210544109,train,brexit un eu bbcnews cnn bjp pappu modi india wapo nyt foxnews guardian australia canada trump
False,3.5887411246006646,1,0,0,Suspected_False_Positive,3,1,0.0276330951601266,0.9723668694496156,train,ADUHH MBAA
False,3.5864899975146427,1,0,0,Suspected_False_Positive,5,1,0.027695370838046,0.97230464220047,train,little bitty bumble bee;; bumblebee
False,3.5853063422224456,1,0,0,Suspected_False_Positive,4,1,0.027728172019124,0.9722718596458436,train,Kl saya menjadi GURU HONORER Sertifikasi sebelum mengajar ILMU IPS saya sempatkan 15 menit utk menayangkan kasus2 ZALIM!!! Shg WARNING utk anak kl mau berbuat ZALIM dan saya beru hadiah utk abak yg SABAR menjadi anak BAIK. Mengapa saya begitu krn saya menginginkan anak2 pinter dan bermanfaat bagi orang lain!!! Anak2 hasil didikan keluarga dan sekolah !!! Pemerintah hrs buat UU sanksi tegas dan denda tinggi utk perbuatan ZALIM shg g ditiru dan diulangi lg
False,3.584038878257891,1,0,0,Suspected_False_Positive,2,1,0.0277633387595415,0.972236692905426,train,Vibesnya napa kaya suketi sih anjir ??
False,3.581907417921891,1,1,1,Suspected_False_Negative,4,0,0.9721774458885192,0.0278225783258676,train,Semoga bener Aamiin ðŸ˜
False,3.5819019282623343,1,1,1,Suspected_False_Negative,2,0,0.9721772074699402,0.0278227310627698,val,Therapo
False,3.581889409273388,1,0,0,Suspected_False_Positive,3,1,0.0278230793774127,0.9721768498420716,train,"Belajar dari yg sudah-sudah. Lu ngajak temen lu demo atas kebijakan pemerintah, bisa langsung ditahan tanpa ada kejelasan. meskipun dari segi hukum tidak ada yg dilanggar."
False,3.5813585341763896,1,0,0,Suspected_False_Positive,3,1,0.0278378538787364,0.972162127494812,train,you just knew this rag head would be all over magic negro day
False,3.5805529216119747,1,1,1,Suspected_False_Negative,2,0,0.9721397161483764,0.0278602894395589,train,so your in favor of gun control because thats what switzerland has? am i correct in saying that?
False,3.5805300569048524,1,1,1,Suspected_False_Negative,2,0,0.9721391201019288,0.0278609264642,train,geoffreyowens niggas dont really understand...levels to career pursuits
False,3.57546758759859,1,1,1,Suspected_False_Negative,3,0,0.9719976782798768,0.0280023291707038,train,omfg or the other pics of the tranny lmao
False,3.5744766353001767,1,0,0,Suspected_False_Positive,4,1,0.0280300918966531,0.9719699621200562,train,"i assume so, the tranny went out this morning. i have a maxima."
False,3.574314971565376,1,1,1,Suspected_False_Negative,1,0,0.9719653129577636,0.0280346237123012,train,bahagia utang
False,3.5740088588345817,1,1,1,Suspected_False_Negative,2,0,0.9719567894935608,0.0280432067811489,train,are you sure you aint colored?
False,3.571810432303227,1,1,1,Suspected_False_Negative,2,0,0.9718950390815736,0.0281049255281686,val,sierraburgessisaloser  she is me when my phone dings
False,3.566490358274581,1,0,0,Suspected_False_Positive,2,1,0.0282548442482948,0.9717451930046082,train,wild. shit has gone to far.
False,3.559106290270558,1,1,1,Suspected_False_Negative,4,0,0.9715357422828674,0.0284642521291971,train,do birds have a  out of wedlock rate? is it white fathers that are running away?
False,3.557934327434392,1,1,1,Suspected_False_Negative,2,0,0.9715023636817932,0.0284976307302713,train,she is talking about herself dude...ignored.
False,3.556313893895416,1,0,0,Suspected_False_Positive,3,1,0.028543846681714,0.9714561104774476,train,user i just watched my two retarded  th grade teachers be retarded assholes
False,3.55450540578068,1,1,1,Suspected_False_Negative,4,0,0.971404492855072,0.0285955145955085,train,sotoy amat bang
False,3.5534414270911263,1,1,1,Suspected_False_Negative,1,0,0.9713740944862366,0.0286259558051824,train,i need a new gay hashtag i got cute pictures to post dammit
False,3.5532841040752907,1,1,1,Suspected_False_Negative,1,0,0.9713695049285888,0.0286304596811532,train,12 y o niece Bang long dekat U belajar apa Me Islamic accounting 12 y o niece Ohh kira tasbih laa ni Hahahahahan
False,3.553124138844456,1,0,0,Suspected_False_Positive,5,1,0.0286350399255752,0.971364974975586,train,fuck bitches get money back on my bull shit
False,3.5513095876857217,1,0,0,Suspected_False_Positive,4,1,0.0286870468407869,0.971312940120697,train,makan nasi padang saja badannya
False,3.5454288817776085,1,0,0,Suspected_False_Positive,1,1,0.0288562439382076,0.9711437821388244,train,demi allah merinding anjjir
False,3.5441587166086044,1,1,1,Suspected_False_Negative,2,0,0.971107006072998,0.0288929194211959,train,another war hero speaks out
False,3.543671334554016,1,1,1,Suspected_False_Negative,2,0,0.9710929989814758,0.0289070047438144,train,as if conservatives didnt hate sesame st enough
False,3.54275406112182,1,0,0,Suspected_False_Positive,1,1,0.0289335325360298,0.9710664749145508,train,imagine a time machine to watch this with someone. u could say this is some tame shit
False,3.542594548398733,1,1,1,Suspected_False_Negative,4,0,0.9710618257522584,0.0289381481707096,train,a picture of a schlub jewess
False,3.541037578684493,1,0,0,Suspected_False_Positive,3,1,0.0289832390844821,0.971016764640808,val,kocak lu
False,3.5409456821172927,1,1,1,Suspected_False_Negative,2,0,0.9710140824317932,0.0289859026670455,train,greatestthingsaboutthes liberals werent unhinged
False,3.5407445031022133,1,1,1,Suspected_False_Negative,2,0,0.9710082411766052,0.0289917346090078,train,besides who would even bother to help them ?
False,3.533699331825248,1,1,1,Suspected_False_Negative,1,0,0.9708032608032228,0.0291967075318098,train,"""Semua dah pada ngembang? habis di berapa cowo meldi?... enak ya di otak atik"""
False,3.5291917633589645,1,0,0,Suspected_False_Positive,4,1,0.0293286107480525,0.9706713557243348,train,Semua Relawan harusnya otomatis bubar setelah Pemilu selesai seperti halnya Tim Sukses bukan malah dipelihara. Semua Tim Relawan Capres sudah bubar dengan sendirinya Kecuali Relawannya Jokowi tetap dipertahankan.
False,3.5280911147157763,1,1,1,Suspected_False_Negative,5,0,0.9706391096115112,0.0293609090149402,train,the messiah adolph hitler christ was most certainly a fan of the poon
False,3.5268015211235224,1,0,0,Suspected_False_Positive,1,1,0.0293987970799207,0.970601201057434,train,this movie is actually good cuz its so retarded
False,3.5261652937598225,1,1,1,Suspected_False_Negative,2,0,0.9705825448036194,0.0294175073504447,train,pdhl cantikan dulu
False,3.525230024177009,1,1,1,Suspected_False_Negative,3,0,0.9705548882484436,0.0294450335204601,train,you are such a comedian edd!!
False,3.524075150454583,1,1,1,Suspected_False_Negative,2,0,0.9705209136009216,0.0294790584594011,train,nih orang kalau lomba babi babinya juara 2
False,3.522939659271533,1,1,1,Suspected_False_Negative,1,0,0.970487415790558,0.0295125506818294,train,kasihan editornya sih nanggung dosa sekali kayaknya ngeditnya offside gini
False,3.522092401814524,1,1,1,Suspected_False_Negative,4,0,0.9704623818397522,0.0295375660061836,train,why are you bothering me
False,3.519645382885292,1,1,1,Suspected_False_Negative,5,0,0.9703900814056396,0.0296099334955215,train,Adi prayitno pengamat politik grade D . Dari jejak digital analisa politik nya meleset semua
False,3.5167953986359213,1,0,0,Suspected_False_Positive,5,1,0.0296944417059421,0.970305562019348,train,Kamu dooooooooooo ploles anjayyy
False,3.5073658268074084,1,1,1,Suspected_False_Negative,5,0,0.9700241684913636,0.0299757719039917,train,Un
False,3.5073318377049825,1,1,1,Suspected_False_Negative,5,0,0.9700231552124025,0.0299767907708883,train,amp; th my guinea pig will haunt you
False,3.505112806624562,1,0,0,Suspected_False_Positive,4,1,0.0300433840602636,0.969956636428833,train,kontrak pahlawan nya udah selesai
False,3.504991668866853,1,0,0,Suspected_False_Positive,4,1,0.0300470236688852,0.9699529409408568,train,para penjilat mulai.saling . cakaran.🤣🤣🤣🤣
False,3.50417836776502,1,0,0,Suspected_False_Positive,2,1,0.0300714708864688,0.969928503036499,val,jontron is a fucking scumbag
False,3.5036162908733752,1,1,1,Suspected_False_Negative,3,0,0.9699115753173828,0.0300883781164884,train,"baca komen aktif, ngeriset males"
False,3.502715719481245,1,1,1,Suspected_False_Negative,3,0,0.9698845148086548,0.0301154870539903,train,user lmfao i hate you
False,3.500771065968745,1,1,1,Suspected_False_Negative,3,0,0.9698259234428406,0.0301741082221269,train,"""Gak ada bagus2nya suara dan polanya?."""
False,3.498916752902645,1,0,0,Suspected_False_Positive,2,1,0.0302301123738288,0.9697698354721068,train,pantas tinggalin laki ya lakinya mikir kali perempuannya kayagni urus saja tidak becus gimana urus anak mending anak bapake nya saja benar didiknya
False,3.4988393667600493,1,1,1,Suspected_False_Negative,3,0,0.9697675704956056,0.0302324518561363,train,foreigners shehnazians need ur help make the trend more successful bornfightersana need to make it more bigger
False,3.498209163807936,1,1,1,Suspected_False_Negative,4,0,0.969748556613922,0.0302515104413032,train,Pansos nya berhasil👏
False,3.4970115674966635,1,0,0,Suspected_False_Positive,3,1,0.0302877612411975,0.9697121977806092,val,"i fully support israels right to exist too. dont confuse the country with the zionist demons meddling in european affairs. the pope doesnt represent all christians, neither does the supposed head of the church of england, these zionist do not represent israel."
False,3.4966639166725644,1,1,1,Suspected_False_Negative,4,0,0.9697017073631288,0.0302982926368713,train,"twice divorced teabagger florida attorney general says marriage is reserved for stable, enduring family units  wtf"
False,3.4964363550776603,1,1,1,Suspected_False_Negative,4,0,0.9696948528289796,0.0303051881492137,train,terakhir mandi kapan bang?
False,3.494942570354547,1,1,1,Suspected_False_Negative,5,0,0.9696495532989502,0.0303504914045333,train,begonya bilang apanya yaaa liriknya saja percintaan begitu lagu benar-benar tolol si ayu tidak punya kuping y orang yang dipermasalahin nadanya
False,3.49472141311711,1,1,1,Suspected_False_Negative,2,0,0.9696428179740906,0.0303572043776512,train,just seen this nigga micheal jackson in the gulag
False,3.4939198520019583,1,0,0,Suspected_False_Positive,4,1,0.0303815472871065,0.9696184992790222,train,despicable is a world that only goes half way of describing maxine
False,3.492140120055112,1,0,0,Suspected_False_Positive,4,1,0.0304356664419174,0.9695643782615662,val,you are right in retarded from actually trying to engage in a civil discourse with someone who is named obamasucksanus
False,3.491914809173179,1,1,1,Suspected_False_Negative,2,0,0.9695574045181274,0.0304425247013568,train,stoked for civil war part deux redneck revenge this week
False,3.490919569594173,1,0,0,Suspected_False_Positive,1,1,0.0304728373885154,0.9695271849632264,train,"wise decision,this alfie must be a right mong."
False,3.489263177306822,1,0,0,Suspected_False_Positive,3,1,0.0305233541876077,0.9694766402244568,train,saya tidak benci ama kamu bro tetapi saja tingkah kamu melenceng
False,3.4886751436912515,1,1,1,Suspected_False_Negative,4,0,0.9694586992263794,0.0305413082242012,train,savannah has no plugs it sad  ima have to take over this lil hillbilly city
False,3.4869210291822648,1,1,1,Suspected_False_Negative,1,0,0.9694050550460817,0.0305949281901121,train,again another b story no one is watching football because of this a
False,3.4862714589162054,1,1,1,Suspected_False_Negative,2,0,0.9693852066993712,0.0306148082017898,train,conservatives have become the cadaver party.
False,3.4807675957499447,1,0,0,Suspected_False_Positive,1,1,0.0307837724685668,0.9692162275314332,train,nope no evidence whatsoever it retarded horseshit
False,3.480615612783361,1,1,1,Suspected_False_Negative,3,0,0.9692115187644958,0.0307884514331817,train,i suggest using handcuffs to remove you!
False,3.478362055976897,1,1,1,Suspected_False_Negative,4,0,0.9691420793533324,0.0308579131960868,train,"Sudah tau diri dong, jangan maksa masuk circle kita"
False,3.4749283504334523,1,1,1,Suspected_False_Negative,2,0,0.9690359830856324,0.0309640523046255,val,"setelah menjelajahi beberapa negara, akhirnya kembali ke produk lokalðŸ”¥"
False,3.470663559231145,1,1,1,Suspected_False_Negative,4,0,0.968903660774231,0.031096389517188,train,bangga amat beli tas KW woi.. jangan2 bajunya juga LG harus di cek ini
False,3.470632232502557,1,1,1,Suspected_False_Negative,3,0,0.9689026474952698,0.0310973636806011,train,@pasyi: B A C O T
False,3.470592761023855,1,0,0,Suspected_False_Positive,1,1,0.0310985911637544,0.9689013957977296,train,astaga mba malu diliat tetangga auratnya dijaga!!!!!
False,3.4699802843052736,1,0,0,Suspected_False_Positive,4,1,0.0311176441609859,0.968882381916046,train,he is going extinct
False,3.467999445671326,1,1,1,Suspected_False_Negative,3,0,0.9688206315040588,0.0311793442815542,train,ball is in our court not yours
False,3.467966111465804,1,1,1,Suspected_False_Negative,3,0,0.9688196182250975,0.0311803836375474,train,does that mean i can go out on halloween in black face??
False,3.467747375845216,1,1,1,Suspected_False_Negative,1,0,0.9688128232955932,0.0311872046440839,train,i fucking hate you but i love you
False,3.4672185940986022,1,1,1,Suspected_False_Negative,4,0,0.9687963724136353,0.0312037002295255,train,jangan sok suci bang belagu amat
False,3.466869927883584,1,1,1,Suspected_False_Negative,5,0,0.9687854051589966,0.0312145818024873,train,masker nya di pasang kaka biar cakep hehe
False,3.463957690064546,1,0,0,Suspected_False_Positive,3,1,0.031305618584156,0.9686944484710692,train,"if you havent read this pathetically weak jews description of firing an ar, you must. it is hilarious."
False,3.462402531668445,1,0,0,Suspected_False_Positive,2,1,0.0313543416559696,0.9686456322669984,train,"stop being a doomsayer. you only know what you think you know, but dont actually know shit."
False,3.462391363348075,1,0,0,Suspected_False_Positive,3,1,0.0313546918332576,0.9686453342437744,train,pp nya mirip rendot
False,3.4620229975002017,1,1,1,Suspected_False_Negative,2,0,0.9686338305473328,0.0313662439584732,train,Aku ngatau nih bang Definisi berhasil apa nga
False,3.457982742648296,1,1,1,Suspected_False_Negative,5,0,0.9685067534446716,0.0314932279288768,train,kek plesteran dpn rmh gua
False,3.456592044567481,1,1,1,Suspected_False_Negative,4,0,0.9684629440307616,0.0315370559692382,train,beeto just demonstrated how to lose an election in texas   url maga  rkba  dvc
False,3.454577458438528,1,1,1,Suspected_False_Negative,3,0,0.9683992862701416,0.0316006541252136,train,ya kali kejayaan selamanya bang 😂
False,3.4544573393165217,1,1,1,Suspected_False_Negative,3,0,0.9683955311775208,0.0316044501960277,train,"Selalu rapihin rambut setiap ketemu warga dan selalu terlihat gugup, sangat keliatan belum siap jadi pemimpin 😂"
False,3.4506207736825782,1,1,1,Suspected_False_Negative,4,0,0.9682741165161132,0.0317259356379509,val,Bodoh bapa itu halangin ibu itu orng lepas aja pa biar ibu itu tempeleng anak yang buly itu gmna rsa buat bapa yang hlngin ibu itu jngn bodoh ya pa otak di pake pa
False,3.449737101714181,1,1,1,Suspected_False_Negative,3,0,0.968246042728424,0.031753983348608,train,user we love a queer barista that all baristas
False,3.449125948268263,1,0,0,Suspected_False_Positive,3,1,0.0317733958363533,0.9682266116142272,train,mahhhh pertemuan buah ranum buah busuk sudah tahu yang busuk yang manah mentok2nya mah begitu saja kalau pelakor
False,3.4477963297342376,1,1,1,Suspected_False_Negative,2,0,0.9681842923164368,0.0318156704306602,train,he is an israeli puppet.
False,3.4461144619877,1,1,1,Suspected_False_Negative,5,0,0.9681307673454284,0.0318692252039909,train,"have the democrats, read hillarys emails?"
False,3.44442946664594,1,0,0,Suspected_False_Positive,2,1,0.0319229699671268,0.9680770039558412,train,mungkin dia di tipu wkwkwk
False,3.440847131664711,1,1,1,Suspected_False_Negative,4,0,0.9679625034332277,0.0320375338196754,train,bener kata orang-orang emang mirip logo arsenal
False,3.437915854077828,1,1,1,Suspected_False_Negative,1,0,0.9678683876991272,0.0321315824985504,train,snowflake   whine whine whine maga  baby url
False,3.437859509511545,1,0,0,Suspected_False_Positive,5,1,0.0321333929896354,0.967866599559784,train,no cops! no government! just anarchy in mexico town  bitchute
False,3.4371848966191187,1,0,0,Suspected_False_Positive,1,1,0.0321550779044628,0.9678449034690856,train,gimana mau bubar cari cuan nya dengan begitu
False,3.4368651910420627,1,1,1,Suspected_False_Negative,4,0,0.9678346514701844,0.0321653597056865,train,user user you are right i hate you and jayden and others more than most
False,3.435999024680274,1,1,1,Suspected_False_Negative,4,0,0.9678066968917848,0.0321932323276996,train,too bad antifa crashes gop townhalls.
False,3.435517412609076,1,1,1,Suspected_False_Negative,4,0,0.9677913188934326,0.0322087407112121,train,hes got his wee fake tap fae turkey on to prove how loyal he is.
False,3.4351226244094337,1,1,1,Suspected_False_Negative,3,0,0.9677785634994508,0.0322214588522911,train,kepo sama nyonyiah kamu jongos username memang tetehlu pas hamil peak sudah dinikahin brojol anak baru sirih memang lonteeeee kelas akun jamahliur junjungan hehe
False,3.434520681669668,1,0,0,Suspected_False_Positive,4,1,0.0322408601641655,0.967759132385254,val,"""Lu mirip anaknya kick andy yg namanya marlo bang"""
False,3.4309491967813344,1,0,0,Suspected_False_Positive,4,1,0.0323562137782573,0.9676437377929688,train,cock slut what the hell is this
False,3.429752407705695,1,0,0,Suspected_False_Positive,3,1,0.0323949605226516,0.9676049947738647,val,"greed and corruption at the higher levels, cowardice people at the lower level."
False,3.4285517657404325,1,0,0,Suspected_False_Positive,4,1,0.0324338786303997,0.9675661325454712,train,this is the wrong attitude for a fusilier to have.
False,3.427900847654876,1,0,0,Suspected_False_Positive,3,1,0.0324549973011016,0.967544972896576,train,he seems to be a bigger limp wristed homo than barack obama.
False,3.425407766474447,1,0,0,Suspected_False_Positive,3,1,0.0325360111892223,0.9674639701843262,train,all these fake ass pages sending my sister dm talking shit yall bitches weirdos
False,3.4232834632752605,1,1,1,Suspected_False_Negative,4,0,0.967394769191742,0.0326052010059356,train,anderson is not bad on some things.
False,3.422925796467605,1,1,1,Suspected_False_Negative,2,0,0.9673831462860109,0.0326168648898601,train,come on texans! this man can not replace   ever! maga
False,3.4215848001527296,1,0,0,Suspected_False_Positive,3,1,0.0326606333255767,0.9673393368721008,train,should i take a nap though too kill a mocking bird or nah?
False,3.4182654498196205,1,1,1,Suspected_False_Negative,2,0,0.9672307968139648,0.0327692255377769,train,relawan itu penjilat
False,3.4174287550660254,1,1,1,Suspected_False_Negative,3,0,0.9672033786773682,0.0327966548502445,train,Fauzan semangat ya...di tunggu kabar/berita selanjutnya dari c mbak yg menghina...pantasnya diapakan ni perempuan...
False,3.4164467054895344,1,0,0,Suspected_False_Positive,3,1,0.0328288786113262,0.9671711325645448,train,username iya kamu bening kelewat bening buluk ya mbak mbaknya telan apasih komen kaya gini kesurupan
False,3.4142439539433163,1,0,0,Suspected_False_Positive,3,1,0.0329012721776962,0.9670987725257874,train,Yurika jujur siapa yang bully adek yurika aku benci banget awas ya jangan padabbully yurika😡😡😤😤🤬😾
False,3.4141453386726,1,0,0,Suspected_False_Positive,4,1,0.0329045169055461,0.96709543466568,train,you wanna find hoes on here? just follow the chicks who reply with heart eyes under sex gifs
False,3.4123901202605453,1,0,0,Suspected_False_Positive,2,1,0.0329623222351074,0.9670376777648926,train,just remembered that renee is a lesbian the dykes won this one
False,3.409613881705329,1,1,1,Suspected_False_Negative,4,0,0.9669460654258728,0.0330539606511592,train,Budiiii Budi
False,3.409600582804877,1,1,1,Suspected_False_Negative,3,0,0.9669455885887146,0.0330544002354145,train,waiting on the beard twitter nigga holocaust
False,3.407818552927664,1,1,1,Suspected_False_Negative,2,0,0.9668866395950316,0.0331133566796779,train,late nite shower felt risky towel on my head call me towel head
False,3.4041580611253224,1,1,1,Suspected_False_Negative,3,0,0.9667651653289796,0.0332347899675369,train,affirmative action and queers weakened our military some equipment is old
False,3.4033456260629715,1,1,1,Suspected_False_Negative,4,0,0.966738224029541,0.033261802047491,train,releasethememo and watch the dnc eat themselves alive...
False,3.4016937731164103,1,1,1,Suspected_False_Negative,1,0,0.9666832089424132,0.0333167910575866,train,this so ghetto i  m ready to get tf
False,3.401677895626229,1,0,0,Suspected_False_Positive,3,1,0.033317320048809,0.9666826128959656,train,of course his white ass dropped it
False,3.4012049291287823,1,0,0,Suspected_False_Positive,1,1,0.0333330817520618,0.9666669368743896,train,"""Unfoll aja daripada kalian dosa ngebully2 terus.."""
False,3.399943624282436,1,1,1,Suspected_False_Negative,5,0,0.9666247963905334,0.0333751514554023,train,Kamu adalah yang ia inginkan untuk menjadi tempat persinggahan terakhir ebesar itu harapannya kepadamu Jangan mengecew
False,3.3941517933372363,1,1,1,Suspected_False_Negative,3,0,0.966430962085724,0.0335690155625343,train,omg not even interested in his age but damn he is fine af
False,3.391490517321644,1,1,1,Suspected_False_Negative,2,0,0.9663415551185608,0.0336584709584713,train,my solution to school shootings  shoot every american student tomorrow. problem solved.
False,3.3914066260597218,1,1,1,Suspected_False_Negative,3,0,0.9663387537002563,0.0336612947285175,train,listen lady kill yourself
False,3.3902411772934027,1,0,0,Suspected_False_Positive,1,1,0.0337005481123924,0.9662994742393494,train,pukimak india babi ni
False,3.389655371383284,1,0,0,Suspected_False_Positive,1,1,0.0337202958762645,0.9662796258926392,train,user club diego tho stripper poles stripper hoes
False,3.382426370394589,1,1,1,Suspected_False_Negative,2,0,0.9660350680351256,0.0339649431407451,train,"""kalo lomba sama""an sm babi, babi nya nmr 2"""
False,3.381825940536328,1,0,0,Suspected_False_Positive,5,1,0.0339853428304195,0.9660146832466124,train,im sorry that many people in my country are stupid .
False,3.381610680600905,1,1,1,Suspected_False_Negative,4,0,0.9660073518753052,0.0339926593005657,train,geez..... i think northkorea may be right. barackobama is a monkey! surely acts like one.
False,3.3803068498320346,1,0,0,Suspected_False_Positive,2,1,0.0340370088815689,0.9659630060195924,train,nobody dykes yo record me doing this real quick
False,3.374413280645612,1,1,1,Suspected_False_Negative,5,0,0.9657617807388306,0.0342382006347179,train,lagu bosan apa yang aku save ni huhuhuhuhuhuhuhuhuhuuuuuuuuuuuuuu
False,3.373916382495917,1,0,0,Suspected_False_Positive,1,1,0.0342552177608013,0.9657447934150696,val,ups muka babi ngepet ditayangin lagi
False,3.372067585007439,1,0,0,Suspected_False_Positive,1,1,0.0343186073005199,0.9656814336776732,train,just another republican hater!  it amazes me that liberals dont like republicans money  colin youre fired! boycottcolinjost emmyawards url
False,3.3696772387947247,1,0,0,Suspected_False_Positive,1,1,0.0344007387757301,0.9655992984771729,train,Kayak gini polisi masih gk di hukum?
False,3.3688680910407443,1,1,1,Suspected_False_Negative,3,0,0.965571403503418,0.0344285853207111,train,"but you love me, you dont wanna be with nobody else, blah blah.. bullshit fa the birds.."
False,3.366961958156103,1,1,1,Suspected_False_Negative,2,0,0.9655057191848756,0.0344942733645439,train,obozo troll hiding under that tree the moslem is the prize kill
False,3.364111977102848,1,1,1,Suspected_False_Negative,5,0,0.9654072523117064,0.0345927216112613,train,is so biased against conservativeseveryone should drop google and use bing or duckduckgo.
False,3.363705099367007,1,1,1,Suspected_False_Negative,1,0,0.9653931260108948,0.0346067994832992,train,"Pijat ini adalah yang paling lega dari pinggang saya, saya mendengar suara RM 60 Jeans A Hakim 60 12 terbaik"
False,3.363399968960138,1,0,0,Suspected_False_Positive,4,1,0.0346173606812953,0.9653826951980592,train,bela jokowi lah bos
False,3.358453828394886,1,0,0,Suspected_False_Positive,4,1,0.0347890071570873,0.9652109742164612,train,agak laen ni org mw ngalahin cepmek
False,3.357561373719398,1,0,0,Suspected_False_Positive,3,1,0.0348200686275959,0.965179979801178,train,cowardly brit pray for death rather than drive moslem terrorists out of the uk
False,3.3568797787094127,1,0,0,Suspected_False_Positive,2,1,0.034843809902668,0.9651561975479126,train,number pikey is worth number pakis
False,3.355128671963453,1,1,1,Suspected_False_Negative,5,0,0.9650951623916626,0.0349048785865306,train,quarantime got them muslimah feelin hawrny daia user
False,3.3545968864009126,1,1,1,Suspected_False_Negative,3,0,0.9650766253471376,0.0349234454333782,train,"youre white, arent you? rolls eyes rt   rip to my nigga trayvon, a worthless spear chucker"
False,3.3545641391910763,1,1,1,Suspected_False_Negative,4,0,0.9650753736495972,0.0349245890974998,train,suara pick me ?? help sakit telinga gw
False,3.3525089720556496,1,0,0,Suspected_False_Positive,3,1,0.0349964387714862,0.9650035500526428,train,"never know , they could find you or me or anyone else undesirable in their eyes ."
False,3.3522558714656534,1,1,1,Suspected_False_Negative,5,0,0.9649946689605712,0.035005297511816,train,cuma mau bilang 1 kata aja bang MANDI!
False,3.35013927574198,1,1,1,Suspected_False_Negative,4,0,0.9649205207824708,0.0350794680416584,train,"fans nya akiÂ² tutup mata, kata nya gantle man mengakui kesalahan nya lah iya si cewe sengaja cepuin coba kl kaga pasti diemÂ² bae HAHAHAH"
False,3.349361694293079,1,1,1,Suspected_False_Negative,3,0,0.9648932218551636,0.0351067557930946,train,"crack that whip, cracker"
False,3.3471813244455606,1,1,1,Suspected_False_Negative,4,0,0.9648166298866272,0.035183385014534,train,oh itu jule? kirain baby sister barunya trio Na
False,3.340809565580278,1,1,1,Suspected_False_Negative,3,0,0.9645917415618896,0.0354082807898521,val,feminists blacks muslims queers illegals libtards hispanics latinos transgenders jews do not like men like me why solely strictly because i am a college educated conservative hetero christian white male who also happens to be a legal immigrant american citizen by the way
False,3.3398945557866377,1,1,1,Suspected_False_Negative,5,0,0.9645592570304872,0.035440694540739,train,Podcast bisa tapi konferensi pers buat minta maaf gabisa ya pak🙏
False,3.339714723007514,1,1,1,Suspected_False_Negative,2,0,0.9645529389381408,0.0354470685124397,train,bianca debaets says the partys suggestions are absolutely shocking.
False,3.3394710386629645,1,1,1,Suspected_False_Negative,2,0,0.9645442962646484,0.0354557074606418,train,Relawan apa kelompok penjilat?
False,3.337823970685621,1,1,1,Suspected_False_Negative,3,0,0.9644858837127686,0.0355141535401344,train,the liberals took over
False,3.335126855565439,1,1,1,Suspected_False_Negative,2,0,0.9643899202346802,0.0356100685894489,train,another twitter refugee has arrived banned for standing up to snowflakes maga
False,3.333159340551658,1,1,1,Suspected_False_Negative,2,0,0.9643197655677797,0.0356802009046077,train,the reason you called jesus a monkey is because you knew he was not your color farrakhanthetime
False,3.3302872436568407,1,0,0,Suspected_False_Positive,1,1,0.0357828252017498,0.9642171263694764,train,because humans arent delicious ho rt  smarter than dogs and your yearold child. so why eat them?
False,3.3280221232605536,1,1,1,Suspected_False_Negative,1,0,0.964136004447937,0.0358639694750309,train,didnt she get benefits to attend college as a native american?
False,3.3275208549956816,1,0,0,Suspected_False_Positive,3,1,0.0358819514513015,0.9641180634498596,train,holy moly!! if the catholic people havent been awakened by this ..... falseprophet  lunatic
False,3.326301290138024,1,1,1,Suspected_False_Negative,5,0,0.9640743136405944,0.0359257385134696,train,ursulan yang satu ini emang beda
False,3.32048048850202,1,1,1,Suspected_False_Negative,1,0,0.9638645052909852,0.0361354649066925,train,username nya ngatain orang nyindir netijen goblog banyakan masyako
False,3.318034317660869,1,1,1,Suspected_False_Negative,2,0,0.9637759923934937,0.036223966628313,train,a white christmas for twitter refugees snowflakes not welcome
False,3.3163384770464943,1,0,0,Suspected_False_Positive,4,1,0.0362854488193988,0.9637145400047302,train,awwww hes precious bad ass kitty boy!!!
False,3.3159221494867714,1,0,0,Suspected_False_Positive,4,1,0.0363005585968494,0.9636995196342468,train,why is a nazi getting number million subs what the fuck what the fuck you guys pewdiepie
False,3.3155716490504443,1,1,1,Suspected_False_Negative,4,0,0.9636867642402648,0.0363132841885089,train,i have you and kaze i need more.
False,3.314010869898198,1,1,1,Suspected_False_Negative,5,0,0.963629961013794,0.0363700054585933,train,putting mustard on macaroni is a thing outside of jail whew chile the ghetto
False,3.313289732794639,1,1,1,Suspected_False_Negative,1,0,0.9636037349700928,0.0363962426781654,train,Good sih menurutku kalian aj suka merendahkn org diem
False,3.312958878003766,1,1,1,Suspected_False_Negative,4,0,0.963591694831848,0.0364082865417003,train,told my dad to go buy cookies for the graduation reception...this nigga bought oreos.
False,3.312699735412355,1,1,1,Suspected_False_Negative,4,0,0.9635822772979736,0.0364177227020263,train,Makin biadap makin berprestasi
False,3.3083209522317847,1,1,1,Suspected_False_Negative,1,0,0.9634224772453308,0.0365775376558303,train,"buy more ammo, folks, because the ig report shows"
False,3.301981494764072,1,1,1,Suspected_False_Negative,5,0,0.9631898403167723,0.0368101559579372,train,nigga then how can you say bo is the best cod  url
False,3.301252189894616,1,1,1,Suspected_False_Negative,4,0,0.9631629586219788,0.0368370115756988,train,"Keluarkan dari sekolah, tolong dong yang bisa bantu viralkan ke kepala sekolahnya, mohon bantuannya"
False,3.299916662318176,1,1,1,Suspected_False_Negative,1,0,0.9631137251853944,0.036886241286993,train,ha ha ha ha ha ha. they were paid what they were worth.
False,3.2995906057453306,1,1,1,Suspected_False_Negative,4,0,0.9631016850471495,0.0368982702493667,train,holy man from switzerland tells daily mail that cancer caused by immigrants
False,3.298537026012423,1,0,0,Suspected_False_Positive,5,1,0.036937166005373,0.9630628824234008,train,airpods are cool and all until you lose those hoes every number min
False,3.295095938174924,1,0,0,Suspected_False_Positive,1,1,0.0370644889771938,0.962935507297516,val,couple friends you know bitches get funny
False,3.2946588224404194,1,1,1,Suspected_False_Negative,2,0,0.962919294834137,0.0370806939899921,train,they would be better off just sitting out in the sun eating a dirt sundae .
False,3.2899517074358604,1,0,0,Suspected_False_Positive,4,1,0.0372556485235691,0.9627443552017212,train,user user naxals are as bad as jihadis
False,3.2872541482011,1,1,1,Suspected_False_Negative,4,0,0.9626436829566956,0.0373562835156917,train,user user a closeted gay man named donald trump
False,3.285212505323828,1,0,0,Suspected_False_Positive,2,1,0.0374326296150684,0.9625673294067384,train,yah admin nya golongan pengonsumsi mecin pil pcc otak kamu rusak min
False,3.2834299029390666,1,0,0,Suspected_False_Positive,5,1,0.0374994166195392,0.9625005125999452,train,all jews world wide are about to have everyone in proximity attacking them
False,3.2832880517389493,1,0,0,Suspected_False_Positive,4,1,0.0375047363340854,0.9624952673912048,train,no duh its pathetic!
False,3.281664256741516,1,1,1,Suspected_False_Negative,1,0,0.9624342918395996,0.0375656858086586,train,"yang relawan Mulyono ,bayaran nya tetap berlanjut makanya mereka gak bubar"
False,3.280957740530334,1,0,0,Suspected_False_Positive,2,1,0.0375922359526157,0.9624077677726746,train,the show is crap .
False,3.2771336614906987,1,0,0,Suspected_False_Positive,2,1,0.0377362668514251,0.9622637033462524,val,"Punya kompetensi, tapi mereka nggak tegak lurus kepada konstitusi. Mereka udah jadi alat kekuasaan, ini lho masalahnya. Dikasih fleksibilitas cuma bikin sakit hati."
False,3.27669978646477,1,1,1,Suspected_False_Negative,5,0,0.962247371673584,0.0377526432275772,train,Saya mencoba melupakan hal itu tetapi akhirnya itu membuat saya sedih sehingga Tuhan akan kehilangan kekecewaan
False,3.274190540556365,1,0,0,Suspected_False_Positive,4,1,0.0378474928438663,0.9621524810791016,train,Bucky Planga Plongangoo
False,3.273413155389495,1,0,0,Suspected_False_Positive,3,1,0.0378769263625144,0.9621230959892272,val,user lmfao if u knew the dykes i knew you d get it
False,3.2729847253479414,1,1,1,Suspected_False_Negative,2,0,0.9621068835258484,0.0378931574523448,train,mondaymorning mondaymotivation mondaymood mondaythoughts another republicans   trump swamp lier !!   maga women christianity url
False,3.2722968876886345,1,1,1,Suspected_False_Negative,5,0,0.962080717086792,0.0379192307591438,val,#VALUE!
False,3.271659004382754,1,1,1,Suspected_False_Negative,3,0,0.962056577205658,0.0379434265196323,train,i can  t go out sad over no nigga
False,3.27127175878514,1,1,1,Suspected_False_Negative,5,0,0.9620419144630432,0.0379581227898597,train,Duuhhh duhh... sarung mukena itu yaa
False,3.2706074592476724,1,1,1,Suspected_False_Negative,2,0,0.9620166420936584,0.0379833467304706,train,there are so many race mixing ads on tv that it gets overwhelming .
False,3.269645101173773,1,1,1,Suspected_False_Negative,1,0,0.9619801044464112,0.0380199179053306,train,"thank you for your kind words , hope to meet you in the new white world one day soon ."
False,3.268877212514368,1,1,1,Suspected_False_Negative,2,0,0.9619508981704712,0.0380491241812706,train,there are two kinds of women women who do anal and women who are attractive
False,3.2684139241897614,1,1,1,Suspected_False_Negative,4,0,0.9619332551956176,0.0380667559802532,train,user user just like close friendship is basicly gay relationship
False,3.2651017944215583,1,1,1,Suspected_False_Negative,3,0,0.9618069529533386,0.0381930470466613,train,send this spear chucking jigaboo to somalia
False,3.2650416150137533,1,0,0,Suspected_False_Positive,2,1,0.0381953455507755,0.9618046283721924,val,i just hope its ab how dumb he is and that shane isnt all awww lets forgive him bc if he does that im unstanning
False,3.263664331126723,1,1,1,Suspected_False_Negative,1,0,0.9617520570755004,0.038247987627983,train,are you sure the one on the left is female or even human ?
False,3.263464197577084,1,1,1,Suspected_False_Negative,1,0,0.9617443084716796,0.0382556430995464,train,get the honky cat
False,3.26246208728037,1,1,1,Suspected_False_Negative,3,0,0.961706042289734,0.0382939986884593,train,"Korean ama Indo mirip... Yang jago cuma 1-2 ( segelintir) pemain tapi ngira nya 11 pemain jago semuaaa... 😂 , dimana kelas 1 nya kita, kalo di bandingkan dengan negara veteran bola paling kita masuk kelas 3 na mereka... jadi secara kualitas juga uda beda.. over confident lahhh 😂😂😅"
False,3.260893586827332,1,1,1,Suspected_False_Negative,5,0,0.9616458415985109,0.0383541099727153,train,hitler met with muslim leaders he had a lot in common
False,3.2585926313045848,1,0,0,Suspected_False_Positive,5,1,0.038442462682724,0.9615575671195984,train,"""HEH UDH NAPA HATE NYA CAPE GW BACA NYA"""
False,3.255078233228783,1,1,1,Suspected_False_Negative,1,0,0.9614222049713136,0.0385778024792671,train,he is really on my line singing negro spirituals..!!
False,3.254201897850842,1,1,1,Suspected_False_Negative,4,0,0.9613884091377258,0.0386116243898868,train,"keknya dulu nama aslinya bahlul, cuma waktu penulisan di akta kelahiran si petugasnya typo jadinya ditulis bahlil, nah karna udah males ngurus pembetulan jadinya dibiarin aja deh namanya jadi bahlil"
False,3.2541891624325334,1,1,1,Suspected_False_Negative,2,0,0.9613878726959229,0.0386121161282062,train,user user so how do you feel about camel jockey and those terms
False,3.253894845794617,1,1,1,Suspected_False_Negative,5,0,0.9613764882087708,0.0386234819889068,train,good job sarcasm. also great they have gun control laws its saving lives! more sarcasm.
False,3.252827987049401,1,1,1,Suspected_False_Negative,4,0,0.961335301399231,0.0386647097766399,train,kok bisa masih punya temen sih? herann ga pada geregetan ðŸ˜­
False,3.2526035200275776,1,1,1,Suspected_False_Negative,1,0,0.9613265991210938,0.0386733897030353,train,Saya benci pertanyaan tentang alan dengan amelia dh la tidak ada uang untuk meminjam danau cb tul pasta saya harus mendapatkan saya
False,3.24892837602526,1,1,1,Suspected_False_Negative,2,0,0.9611841440200806,0.0388157814741134,train,"these ideas need to be normalized, which is a big undertaking."
False,3.248572473282458,1,0,0,Suspected_False_Positive,1,1,0.0388295985758304,0.9611704349517822,train,they are trappedtriggered  by trump  to show how ignorant they are.
False,3.2476756498203216,1,1,1,Suspected_False_Negative,5,0,0.9611356258392334,0.0388644374907016,train,free gay muscle anime pictures best household sex toys sex change tests
False,3.245831405802294,1,1,1,Suspected_False_Negative,1,0,0.961063802242279,0.0389361791312694,train,deepstate      you are going down! maga redwaverising redwave walkawayfromdemocrats walkaway walkawaymarch  make this viral url
False,3.2457646256028854,1,1,1,Suspected_False_Negative,3,0,0.9610612988471984,0.0389387793838977,train,how much longer are we going to wait for them to take care of themselves ?
False,3.245745204691413,1,1,1,Suspected_False_Negative,2,0,0.9610605239868164,0.0389395356178283,train,Cape gw liat senyum mu bg
False,3.2457417606282606,1,1,1,Suspected_False_Negative,4,0,0.9610602855682372,0.0389396697282791,train,kesabaran ariel tatum diuji bangetðŸ˜‚ðŸ˜‚ðŸ˜‚
False,3.2443578250328367,1,0,0,Suspected_False_Positive,1,1,0.0389935970306396,0.9610064625740052,train,relawan hanya cari isi perut ke penguasa
False,3.2441825319310977,1,1,1,Suspected_False_Negative,2,0,0.960999608039856,0.0390004329383373,train,"my daughter said she had only touched the apeling s back , not hit her ."
False,3.243260623588229,1,0,0,Suspected_False_Positive,1,1,0.0390364043414592,0.9609636068344116,train,bis die  dummen  mitbekommen wieviele wirklich kommen.......dann wird es interessant.
False,3.24149213068702,1,1,1,Suspected_False_Negative,4,0,0.9608945250511168,0.0391055010259151,train,read multifandom as muslim maybe i should go sleep
False,3.240668163274195,1,1,1,Suspected_False_Negative,1,0,0.9608622193336488,0.0391377359628677,train,albert  conservatives are spreading the lie anderson cooper faked a hurricane... url
False,3.2401419336666515,1,0,0,Suspected_False_Positive,2,1,0.0391583368182182,0.9608416557312012,val,"im tired off that piss poor excuse from conservatives which is pretty much synonymous with bigot nowadays. its not fear they feel, its shame. the same shame all hypocrites feel."
False,3.239632050156994,1,1,1,Suspected_False_Negative,4,0,0.9608216285705566,0.0391783080995082,train,gt;comparing antifa weaklings to wwii soldiers
False,3.2373981354728256,1,1,1,Suspected_False_Negative,5,0,0.9607340693473816,0.0392659269273281,train,"setelah menjelajahi beberapa negara, akhirnya kembali ke produk lokal🔥"
False,3.235431732575772,1,1,1,Suspected_False_Negative,1,0,0.9606568217277528,0.0393432155251503,train,"i think we america, as a nation, are roaring full on toward peakretard."
False,3.233158611175043,1,1,1,Suspected_False_Negative,2,0,0.9605672955513,0.0394327491521835,train,"""Pengambilan fotonya sudah bagus mantap dan keren.. tinggal pengambilan ARWAH nya aja yang belum"""
False,3.230536957517478,1,0,0,Suspected_False_Positive,2,1,0.0395362637937068,0.9604637622833252,train,user user she  a retard
False,3.2278780839748475,1,1,1,Suspected_False_Negative,5,0,0.9603584408760072,0.0396415255963802,train,alert candace owens was just attacked by antifa url
False,3.227224799133336,1,1,1,Suspected_False_Negative,4,0,0.9603325724601746,0.0396674312651157,train,angry sheboon trashes liquor store .
False,3.226634166459964,1,1,1,Suspected_False_Negative,2,0,0.9603092074394226,0.0396908670663833,train,ini karena kamera atau apaa kok dark banget
False,3.2259723138848044,1,1,1,Suspected_False_Negative,5,0,0.9602828025817872,0.0397171452641487,train,dont mess with niggas from marcy projects george zimmerman! you gonna get lit!
False,3.225681496268398,1,0,0,Suspected_False_Positive,4,1,0.0397286973893642,0.9602712392807008,val,"lo pada sadar gasih, tuhan lg nunjukin tabiat aslinya dan suaminya ??"
False,3.22443805879164,1,1,1,Suspected_False_Negative,4,0,0.9602218866348268,0.0397781282663345,train,"libtard meathead rob reiners latest film earns only , on its opening."
False,3.22375238868892,1,1,1,Suspected_False_Negative,2,0,0.9601946473121644,0.0398054122924804,train,good grief!  thats a relief!  now get rid of antifa.
False,3.222606785050943,1,1,1,Suspected_False_Negative,3,0,0.9601489305496216,0.039851039648056,train,repost .  kush blunt convos?? a simple minded ho made this pic i bet
False,3.220895222660725,1,1,1,Suspected_False_Negative,5,0,0.9600806832313538,0.0399193055927753,train,"Semoga amanah jd pelatih, jangan pernah menyogok ketika sudah jadi pelatih profesional. Jika, pemain tidak layak squadmu terus ada bayaran untuk masuk tim mu. Kamu harus menolak itu."
False,3.220394310274138,1,1,1,Suspected_False_Negative,5,0,0.9600606560707092,0.0399393066763877,train,so an english teacher was seduced by a teenagers postit notes !?!?
False,3.2201507088213224,1,0,0,Suspected_False_Positive,3,1,0.0399490371346473,0.9600510001182556,train,i learned when white ppl hate you they really hate yo fuckin guts
False,3.2198765882617577,1,1,1,Suspected_False_Negative,2,0,0.9600400328636168,0.0399599894881248,train,"gini nih curhat sama orang tua yang gak mau rugi dah bayar mahal, disuruh kita diem aja dan jaga diri baik-baik, pas anaknya bundir baru merengek"
False,3.2186570103565493,1,1,1,Suspected_False_Negative,5,0,0.9599912762641908,0.0400087535381317,train,YANG APA KAMU MENGABULKAN DOA KU UNTUK KLOSDONECEPATNYA OKEY KALO ITU MAU KAMU
False,3.2175415936594254,1,1,1,Suspected_False_Negative,3,0,0.9599465131759644,0.040053404867649,train,teman makan teman ðŸ¥±
False,3.217378098820169,1,0,0,Suspected_False_Positive,1,1,0.0400599539279937,0.9599400758743286,train,"betul, jangan bawa'yang ga bersangkutan"
False,3.216060607101126,1,1,1,Suspected_False_Negative,4,0,0.9598872065544128,0.040112767368555,train,Yg buly yg kampungan
False,3.2157499108846817,1,1,1,Suspected_False_Negative,1,0,0.9598748087882996,0.0401252321898937,train,Semoga mbk Lisa sehat selalu ya sampai idul Adha 🤗🤗
False,3.214320059047089,1,1,1,Suspected_False_Negative,2,0,0.959817349910736,0.0401826463639736,train,hok cuhh
False,3.2127382130731776,1,0,0,Suspected_False_Positive,5,1,0.0402462594211101,0.9597538113594056,train,i  m sick an tired of yall bitches that say your freaks but only like getting choked foh
False,3.210563142395502,1,0,0,Suspected_False_Positive,3,1,0.0403338931500911,0.959666073322296,train,i feel like dealing with us dykes or studs is difficult
False,3.209262248939378,1,0,0,Suspected_False_Positive,1,1,0.0403863973915576,0.959613561630249,train,anjir gua kira sultan beneran ??????
False,3.2082899459431227,1,0,0,Suspected_False_Positive,5,1,0.0404256843030452,0.959574282169342,train,its all liberals have. they are truly vile.
False,3.205448346615273,1,1,1,Suspected_False_Negative,5,0,0.9594592452049256,0.0405407212674617,train,follow me for pro white news and talking points
False,3.2050434689873795,1,0,0,Suspected_False_Positive,1,1,0.0405571386218071,0.9594429135322572,val,they have no water no food but breed exponentially the human race is fucking retarded world water day
False,3.199223462674897,1,1,1,Suspected_False_Negative,2,0,0.9592061638832092,0.0407938696444034,train,mirip ursula di little mermaid
False,3.1973629087574365,1,1,1,Suspected_False_Negative,1,0,0.9591301679611206,0.0408698394894599,train,logo arsenal versi hijab
False,3.1925790536098013,1,1,1,Suspected_False_Negative,5,0,0.958934247493744,0.0410658232867717,train,Ini salah satu bukti lagi kalau striker/pemain bola terbaik di masanya gk menjamin kalau dia itu pelatih yg bagus sama kek Patrick Star yg jadi pelatih timnas Indonesia kmren wkwk
False,3.192423217209768,1,1,1,Suspected_False_Negative,1,0,0.9589277505874634,0.0410722233355045,val,thanks joe!!! my sanity was forsaken a looong time ago hahaha
False,3.190358728242848,1,1,1,Suspected_False_Negative,5,0,0.958842933177948,0.0411571040749549,train,not surprising. that in cnnor nigga was on the payroll
False,3.189912051371925,1,0,0,Suspected_False_Positive,5,1,0.0411754921078681,0.9588245153427124,train,right. dang. she is the s...t
False,3.189437901786308,1,0,0,Suspected_False_Positive,4,1,0.0411950200796127,0.9588050246238708,train,user user you can be a thot and still not have hoes
False,3.188881456300419,1,1,1,Suspected_False_Negative,4,0,0.9587820768356324,0.0412179492413997,train,a british comics publisher doesnt want whites at conventions   moonbats comicsgate racism comicbooks politics england comicgate
False,3.1871786058026434,1,1,1,Suspected_False_Negative,4,0,0.9587117433547974,0.0412881970405578,train,i mean it worked for gun control right? url
False,3.186991583718291,1,0,0,Suspected_False_Positive,5,1,0.0412959195673465,0.9587040543556212,train,2025 full cowoâ€ ketahuan selingkuhðŸ˜­ðŸ˜­
False,3.1865839192234056,1,1,1,Suspected_False_Negative,1,0,0.95868718624115,0.0413127578794956,train,"sholat paling depan, titid juga langsung ke depan"
False,3.1843737014615474,1,0,0,Suspected_False_Positive,4,1,0.0414041690528392,0.958595871925354,train,yeah and youre gonna play with retards who wanna do drugs all day but ;;;
False,3.1835810765992907,1,0,0,Suspected_False_Positive,3,1,0.0414370000362396,0.958562970161438,train,number liners are old oredi bitches we old old dumb
False,3.1828392964709926,1,1,1,Suspected_False_Negative,1,0,0.958532214164734,0.0414677485823631,val,Aku tak tahu kenapa bila time gaduh je english aku automatic power Aku rasa time exam nanti kena gaduh dulu before jawab
False,3.180673724366857,1,1,1,Suspected_False_Negative,2,0,0.9584423899650574,0.0415576472878456,train,and i say send her to israel on the next boat.
False,3.1750431765546847,1,1,1,Suspected_False_Negative,2,0,0.958207666873932,0.0417922995984554,train,kelak anak mereka akan dijadikan seperti ini
False,3.172701763458102,1,1,1,Suspected_False_Negative,5,0,0.958109736442566,0.0418902672827243,train,udh gayanya met?
False,3.1722887701402787,1,0,0,Suspected_False_Positive,5,1,0.0419075712561607,0.958092451095581,train,tipuan
False,3.1694352903759966,1,1,1,Suspected_False_Negative,4,0,0.9579726457595824,0.042027324438095,train,bukti nyata NPD yang bisa diliat seluruh warga indonesiaaa ????
False,3.1666708079650605,1,0,0,Suspected_False_Positive,1,1,0.0421436689794063,0.9578563570976256,train,likely an antifa thug who plasterd himself with temptatts for the interview with the shitlib press...
False,3.1663895745736093,1,1,1,Suspected_False_Negative,5,0,0.9578444361686708,0.042155522853136,train,hi  another refugee from twit i just got shoahed  username was msmlies
False,3.1631692545355263,1,0,0,Suspected_False_Positive,1,1,0.0422914959490299,0.957708477973938,train,wrongthink is literally all just smart ancaps and retarded national socialists
False,3.162400646968601,1,0,0,Suspected_False_Positive,2,1,0.0423240140080452,0.9576760530471802,train,you left out the women you can not have a nazi circle jerk with them
False,3.160235189079222,1,1,1,Suspected_False_Negative,2,0,0.9575842022895812,0.042415764182806,train,major chimpout at hip hop awards .
False,3.157183349634163,1,0,0,Suspected_False_Positive,4,1,0.0425454080104827,0.9574545621871948,train,put the thooka down pussy nigga put yo fist up
False,3.157040899111073,1,0,0,Suspected_False_Positive,2,1,0.0425514690577983,0.9574485421180724,train,user i slick found them hoes roun
False,3.156810587200237,1,1,1,Suspected_False_Negative,1,0,0.9574387073516846,0.0425612702965736,train,YouTubers elit gaji sulit??????
False,3.1567243761273827,1,0,0,Suspected_False_Positive,2,1,0.0425649397075176,0.9574350118637084,train,fungsinya bikin gaduh dan untuk menutupi bobroknya rezim 10 th yg lalu
False,3.1528604838618994,1,1,1,Suspected_False_Negative,2,0,0.9572702646255492,0.0427297241985797,train,Ibu ini lrbih cerdas daripada para relawan
False,3.151963253998725,1,1,1,Suspected_False_Negative,2,0,0.957231879234314,0.0427680797874927,train,she should ask a few native americans what their take on this is.
False,3.151565788264244,1,1,1,Suspected_False_Negative,4,0,0.957214891910553,0.0427850820124149,train,"""muka lu sensual tapi norak kenapa dah"""
False,3.151274930227945,1,1,1,Suspected_False_Negative,1,0,0.9572024941444396,0.042797528207302,train,Aku beria sekalipun bukannya kau nak appreciate
False,3.1491218533590053,1,0,0,Suspected_False_Positive,2,1,0.0428897738456726,0.9571102261543274,train,are you kidding me? im so pissed for you. he is a sorry excuse for a human being.
False,3.14884299342795,1,1,1,Suspected_False_Negative,2,0,0.9570982456207277,0.0429017357528209,train,if they were the fbi knew and did nothing
False,3.1482244121866705,1,1,1,Suspected_False_Negative,3,0,0.9570716619491576,0.0429282821714878,val,in britain the prime minister a childless woman london mayor a moslem invader in command of london police a lesbian in command of london fire brigade a fat woman scotland first minister a childless woman
False,3.146162751330224,1,0,0,Suspected_False_Positive,3,1,0.0430168770253658,0.9569831490516664,train,"democrats, the mullahs, boko haram, and the paleshitians vs. the golden age."
False,3.145110068267677,1,1,1,Suspected_False_Negative,4,0,0.956937849521637,0.0430621840059757,train,yeah she is a real blond just like uncle donnie
False,3.1448636329182764,1,0,0,Suspected_False_Positive,2,1,0.043072797358036,0.9569272398948668,train,user this is the twat who wants to start another holocaust in eire
False,3.139976812676668,1,1,1,Suspected_False_Negative,1,0,0.9567161798477172,0.0432838015258312,train,hillary and  least  other angrydemocrats worldwarq wwgwga maga redtsunami americafirst walkaway truth url
False,3.1364002629638343,1,0,0,Suspected_False_Positive,3,1,0.0434388853609561,0.9565611481666564,train,when my big unc come back im snitchin tired of this retarded ass boi
False,3.1352689655449937,1,0,0,Suspected_False_Positive,3,1,0.0434880554676055,0.9565119743347168,train,"tanpa kita sadari, skrg kita yg menjadi pembully"
False,3.134509514359872,1,1,1,Suspected_False_Negative,3,0,0.9564788937568665,0.0435210950672626,train,si jule pasti di gosipin sama pegawai2 playtopia dan ibu-ibu di situ 😅
False,3.1319509472723306,1,1,1,Suspected_False_Negative,4,0,0.9563673734664916,0.0436325892806053,train,i knows yall white folk only be playin wit me. i colored and i knows my place
False,3.131499823032791,1,1,1,Suspected_False_Negative,4,0,0.9563477635383606,0.0436522774398326,train,do they drug test in tennis? shes on some serious hormones or testosterone
False,3.1293185209861027,1,1,1,Suspected_False_Negative,5,0,0.9562524557113647,0.0437476001679897,train,i am slut for attention
False,3.129147035205294,1,1,1,Suspected_False_Negative,5,0,0.956244945526123,0.0437551029026508,train,user oh look the nacho nazi is up an tweeting
False,3.128915482406944,1,1,1,Suspected_False_Negative,3,0,0.9562348127365112,0.0437652356922626,train,its been up since sunday night. he is a sloth.
False,3.128653517824283,1,0,0,Suspected_False_Positive,3,1,0.0437767021358013,0.9562232494354248,train,global sushi gt; dead commie terrorist. i choose sushi.
False,3.1279406544645414,1,0,0,Suspected_False_Positive,5,1,0.0438079200685024,0.9561920762062072,train,your a big yute to be having slits in your brows my darg lol drop it out
False,3.125609874906334,1,1,1,Suspected_False_Negative,2,0,0.9560898542404176,0.0439101457595825,train,taylor swift goes full libtard
False,3.124292430801151,1,1,1,Suspected_False_Negative,2,0,0.9560319781303406,0.0439680330455303,train,irans great house cleaning is on the way
False,3.118853693743205,1,1,1,Suspected_False_Negative,5,0,0.955792248249054,0.0442078150808811,train,user they did nazi that coming
False,3.1181371695673032,1,0,0,Suspected_False_Positive,4,1,0.0442395024001598,0.9557605385780334,train,sick of niggas acting like bitches dawg
False,3.117884074369995,1,0,0,Suspected_False_Positive,3,1,0.044250700622797,0.9557493329048156,train,no it was never a legit quality signal it was always a retarded scam
False,3.1175545404100964,1,1,1,Suspected_False_Negative,4,0,0.9557347297668456,0.0442652851343154,train,user or the gay person is open about their sexuality like wow what a miracle
False,3.115829942044784,1,1,1,Suspected_False_Negative,5,0,0.9556583166122437,0.0443416908383369,train,ariel : ga pernah se muak ini
False,3.1152076813961025,1,0,0,Suspected_False_Positive,3,1,0.0443692915141582,0.9556307792663574,val,its sad and scary that the french socalled justice system is ordering  le pen to undergo psych eval because she dared to reveal the horrors of daeshisis. the true crazies are radical muslims and liberals who protect them.
False,3.114112506245553,1,0,0,Suspected_False_Positive,4,1,0.0444179102778434,0.955582082271576,train,isis and jihadi terrorists post  tweets every minute to spread propaganda
False,3.1071216007982896,1,1,1,Suspected_False_Negative,2,0,0.9552704095840454,0.0447295196354389,train,gt raped by light user user
False,3.106980859345436,1,1,1,Suspected_False_Negative,4,0,0.9552642107009888,0.0447358153760433,train,ingett hidup kamu tidak seenak rikkk hidup kamu susah salam teman smp pas kamu burikkk eh sekarang saja
False,3.1047980737800227,1,1,1,Suspected_False_Negative,4,0,0.9551664590835572,0.0448335707187652,train,user user number murders in chicago this year number by nazis
False,3.102685875700728,1,1,1,Suspected_False_Negative,2,0,0.9550716280937196,0.0449283681809902,train,user so humanity in general but women more strongly animals
False,3.101852003415709,1,0,0,Suspected_False_Positive,2,1,0.044965848326683,0.9550341367721558,train,proof that conservatives really suck at satire.
False,3.101845292822827,1,0,0,Suspected_False_Positive,4,1,0.0449661500751972,0.9550338983535768,train,"silicon valley is intolerant, and they are the aggressors in our culture war."
False,3.1017606272352785,1,1,1,Suspected_False_Negative,1,0,0.955030083656311,0.0449699573218822,train,ms number and arabs pouring into the us from the south
False,3.098854783310156,1,1,1,Suspected_False_Negative,3,0,0.9548991918563844,0.0451008230447769,train,Kamu itu selalu jadi bahan lelucon semua orang
False,3.09474533990764,1,0,0,Suspected_False_Positive,3,1,0.0452865436673164,0.9547134637832642,train,this hobo has been sleeping on a park bench for fuck all..
False,3.094534446419256,1,0,0,Suspected_False_Positive,5,1,0.0452960953116416,0.9547039270401,train,je kan een moslim wel je andere wang toekeren maar dan delf je het onderspit
False,3.093466186171167,1,1,1,Suspected_False_Negative,2,0,0.9546554684638976,0.0453445091843605,train,cory i never seen a white person i didnt hate booker
False,3.0932975356285333,1,1,1,Suspected_False_Negative,1,0,0.9546478390693665,0.0453521572053432,train,"holy cow lesbo nigga slayer had a yt channel, full o gospel kid music an sheit."
False,3.091214792686511,1,0,0,Suspected_False_Positive,3,1,0.0454467125236988,0.9545533061027528,train,IBU INI MGOMONG APA ðŸ¤£
False,3.090216071032651,1,0,0,Suspected_False_Positive,3,1,0.045492123812437,0.9545078277587892,train,if he is cutting it... no man bun man..
False,3.0885911644688893,1,1,1,Suspected_False_Negative,4,0,0.9544338583946228,0.0455661043524742,train,does pedo bashing require a baseball bat?
False,3.0882677910767256,1,1,1,Suspected_False_Negative,2,0,0.954419195652008,0.0455808416008949,train,user maybe should have course for monkeys and towelheads on sensitivity to white culture also
False,3.0870761525955417,1,0,0,Suspected_False_Positive,5,1,0.0456351898610591,0.954364776611328,train,be carrful he is smol
False,3.082702827613821,1,0,0,Suspected_False_Positive,1,1,0.0458352044224739,0.9541648626327516,train,"poor coon.......snow stopped here,now if the wind would it might be nice out,well for winter"
False,3.0824867387618604,1,1,1,Suspected_False_Negative,1,0,0.9541548490524292,0.0458451099693775,train,user user i am proud to oppose islam and oppose the islamification of our country
False,3.082373308772946,1,0,0,Suspected_False_Positive,2,1,0.0458503104746341,0.9541496634483336,train,"Perarturan sekarang kan guru ga boleh melakukan kekerasan,apalagi fisik verbal pun ga boleh,aneh nya kok murid murid sekarang bar bar,belajar dari mana,jangankan ke sesama teman ke guru saja berani mukul,bacok,ketapel mata..belajar dari mana mereka tentang kekerasan"
False,3.0806726710969667,1,0,0,Suspected_False_Positive,5,1,0.0459283515810966,0.9540716409683228,train,its stuff like this that makes black people look retarded. its not expressing yourself its stupidity
False,3.077033931808776,1,1,1,Suspected_False_Negative,5,0,0.9539042115211488,0.0460957773029804,train,@muhammad hanif: lucu juga ni mascot dufan
False,3.076860191851316,1,1,1,Suspected_False_Negative,3,0,0.9538962244987488,0.0461037866771221,train,user user no he is a gun stock piling redneck my family is weird
False,3.0740320754255035,1,0,0,Suspected_False_Positive,2,1,0.0462343581020832,0.953765630722046,train,asexual aromantic and agender are a part of the lgbtq community you morons
False,3.07328567416713,1,1,1,Suspected_False_Negative,3,0,0.953731119632721,0.046268880367279,train,no the truth white powerwhite victorywhite pride
False,3.0730364340423013,1,1,1,Suspected_False_Negative,4,0,0.9537196159362792,0.046280413866043,train,"when i see beto, my brain changes it to beta. lol  go away, girly man."
False,3.0724144902544515,1,1,1,Suspected_False_Negative,1,0,0.9536908268928528,0.0463092066347599,val,"""Mukanya kuning banget kaya kunyit"""
False,3.0692031856139765,1,1,1,Suspected_False_Negative,5,0,0.9535418748855592,0.0464581586420536,train,jangan sampai rakyat yang menyukai pak harto ambil tindakan sama yang suka jelek-jelekin pak harto
False,3.069034969698109,1,1,1,Suspected_False_Negative,4,0,0.9535340666770936,0.0464659743010997,train,if u think im cute u gay cus my boyfriend bought my bundles lmao
False,3.068757611540779,1,1,1,Suspected_False_Negative,3,0,0.9535211324691772,0.0464788638055324,train,"""Kasian masih muda udah stresss"""
False,3.0666753947200003,1,0,0,Suspected_False_Positive,1,1,0.0465757437050342,0.9534242749214172,train,mirip ragill
False,3.065591086803685,1,1,1,Suspected_False_Negative,5,0,0.9533737897872924,0.0466262735426425,train,sampek tak puter bolak balik asli mukanya mas hansol g mencurigakan blas :face-green-smiling::face-green-smiling:
False,3.064493667393653,1,1,1,Suspected_False_Negative,5,0,0.9533225297927856,0.0466774702072143,train,the liberals same old playbook. it is so old... yawn
False,3.0635813859456604,1,1,1,Suspected_False_Negative,3,0,0.9532799124717712,0.0467200726270675,train,kalau termul diskusi selalu memaksakan diri.
False,3.0629481605306963,1,0,0,Suspected_False_Positive,4,1,0.0467496663331985,0.9532503485679626,train,Rambutnya sangat klinik
False,3.062769919007544,1,0,0,Suspected_False_Positive,1,1,0.0467579998075962,0.953242003917694,train,Habisi saja kalo ada pembully Paling gatel lihat pembully gak diekskusi2
False,3.0603261093317404,1,0,0,Suspected_False_Positive,5,1,0.0468724071979522,0.9531275629997252,train,"Ngapain abang sendiri di musuhin , padahal di media abangnya gak jelekin adeknya. Seharusnya Berbaikan aja itu adek ke abang. Jadilah akur saling menyayangi kalian. RO itu penyayang. Orang lain aja besti ama dia , lah adek sendiri sekutu sarden. Sekutu segenk Ke kawi pula, buset. Tobat dek. Kalian bersaudara manusia yg diciptakan berdua di pilih Allah untuk saling bersama di dunia akhirat dan harus bisa akur saling menyayangi saling menolong selama hidup di dunia , lu bayangin daripada dari lahir lu hidup sebatang kara di dunia. Apa gak ngenes sendirian gak punya saudara. Itu kenapa Allah kasih kamu hadiah saudara untuk menemani saling membantu selama di dunia dan selamat di akhirat . Berbaikan ajalah kamu dek . Orang lain aja bisa disayang ama abangnya , kau pikir renungkan. Pastilah sedarah kau lah itu saudara kandung disayang juga ama dia. Padahal Abangnya bawaan jiwa nya lebih Happy dan lebih adem lebih teduh. Malahan dia deket ama orang lain ,krn adeknya beda gini."
False,3.0600251742493985,1,0,0,Suspected_False_Positive,3,1,0.0468865148723125,0.9531134366989136,train,wgl czy hobby to making me fill like a retarded psychopath because it working
False,3.05975888210612,1,1,1,Suspected_False_Negative,3,0,0.9531010389328004,0.0468990020453929,train,user user cause hong kong police can  t afford a porsche chinazi
False,3.05761159533401,1,1,1,Suspected_False_Negative,2,0,0.9530001878738404,0.0469998158514499,train,yeah... germanys stuck with the roaches they invited in. ha!
False,3.054167030453041,1,0,0,Suspected_False_Positive,2,1,0.0471619889140129,0.9528380632400512,train,haha doze gangstaas don kno sheeeeiit bout pimpin
False,3.053980949085978,1,1,1,Suspected_False_Negative,5,0,0.9528293013572692,0.047170765697956,val,hmmm... investigate the obama admin? new term?? obamacide??
False,3.05290108144616,1,1,1,Suspected_False_Negative,4,0,0.9527782797813416,0.0472217313945293,train,"fans nya aki² tutup mata, kata nya gantle man mengakui kesalahan nya lah iya si cewe sengaja cepuin coba kl kaga pasti diem² bae HAHAHAH"
False,3.0500170274213443,1,1,1,Suspected_False_Negative,4,0,0.9526418447494508,0.0473581179976463,train,lagi birahi doesennya
False,3.047319254914368,1,0,0,Suspected_False_Positive,2,1,0.0474860519170761,0.952513873577118,val,dont let the door hit you in the ass.
False,3.047256496723227,1,1,1,Suspected_False_Negative,5,0,0.952510952949524,0.0474890321493148,train,apparantly that rule of law doesnt apply to republicansconservatives baselessly accused by dems
False,3.045871250124267,1,1,1,Suspected_False_Negative,4,0,0.9524450898170472,0.047554861754179,train,altyd zo geweest hoe vaak men ook zegtdit nooit meer!lozewoorden.puntjebijpaaltje vertonen z dierngedrag
False,3.0448139506474288,1,1,1,Suspected_False_Negative,3,0,0.9523948431015016,0.0476051680743694,train,user user user all those illegal aliens
False,3.044482443806546,1,1,1,Suspected_False_Negative,1,0,0.952379047870636,0.047620952129364,train,librat slut .. now wants some money .. book deal ..
False,3.0420339358028445,1,1,1,Suspected_False_Negative,2,0,0.952262282371521,0.0477376952767372,train,Muncul jg pki berbulu monyet URL
False,3.041858212684596,1,1,1,Suspected_False_Negative,5,0,0.9522539377212524,0.0477460846304893,train,great gun control! takes concentration and steady hand! way to go girl! url
False,3.041166388497645,1,1,1,Suspected_False_Negative,1,0,0.9522209167480468,0.0477791279554367,train,he worries about antifa while he invites and poses for pics with known neonazis. smdh
False,3.040843415138035,1,0,0,Suspected_False_Positive,1,1,0.0477945618331432,0.9522054195404052,train,Dilihat dari wajah nya calon pereman anak itu
False,3.039195716128768,1,1,1,Suspected_False_Negative,4,0,0.9521266222000122,0.0478733777999877,train,Artis tahun kapan?🙏🏻🙏🏻🙏🏻
False,3.039011388225012,1,0,0,Suspected_False_Positive,3,1,0.0478822030127048,0.9521178007125854,train,udah tabiatnya orang arab kea gitu wkwkkwkw
False,3.037185895522116,1,1,1,Suspected_False_Negative,2,0,0.9520303606987,0.0479696914553642,train,he should be given  volts!
False,3.036128735517125,1,1,1,Suspected_False_Negative,4,0,0.9519795775413512,0.0480204299092292,train,if alfie was non white he would already be in italy receiving treatment truth
False,3.035812891059517,1,1,1,Suspected_False_Negative,2,0,0.9519644379615784,0.0480355992913246,train,"Saya mencoba berlatih kematian saya, tetapi sayangnya saya gagal karena saya agak sedih dan mudah dimaafkan"
False,3.034850227619111,1,0,0,Suspected_False_Positive,3,1,0.0480818636715412,0.951918125152588,train,"Pantesan...... semakin berisi harusnya semakin gampang menerima masukan. Eeeeh, ini malah egois"
False,3.033519807237185,1,1,1,Suspected_False_Negative,4,0,0.951854169368744,0.0481458753347396,train,mexico isnt sending their best.
False,3.031578263711722,1,1,1,Suspected_False_Negative,5,0,0.9517605304718018,0.0482394434511661,train,separation is the only answer !
False,3.031153693661652,1,1,1,Suspected_False_Negative,1,0,0.951740026473999,0.0482599288225173,train,tanks a lot dare mr. pubes. i love my uncle tom
False,3.030854001243545,1,1,1,Suspected_False_Negative,2,0,0.9517255425453186,0.0482743941247463,train,flabby faced piers morgan deserves to be anally raped by a broken milk bottle
False,3.029859169534706,1,1,1,Suspected_False_Negative,4,0,0.9516776204109192,0.0483224429190158,train,spoiler alert  this episode has a hidden agenda to promote gun control
False,3.0287341772894987,1,1,1,Suspected_False_Negative,1,0,0.9516232013702391,0.0483768358826637,train,user someone give me muslim accounts to follow i wanna practice my lying
False,3.0265670466836734,1,1,1,Suspected_False_Negative,4,0,0.951518177986145,0.0484817884862422,train,sharing niggas is too ghetto i  m not understanding what y  all not getting
False,3.0247809074927954,1,0,0,Suspected_False_Positive,3,1,0.0485684610903263,0.9514315128326416,train,username mah lihat yang main prasangka mirip elu elu haters mirip dukun dukun titisan dajjal sok pintar otak kosong sorry ye saya bala nabi muhammad yang percaya kalau sudah ditunjukkin 4 saksi bukti kalau
False,3.022608771145307,1,1,1,Suspected_False_Negative,1,0,0.9513258934020996,0.0486740730702877,train,ih korengan..
False,3.0175348157479056,1,1,1,Suspected_False_Negative,4,0,0.9510783553123474,0.0489216707646846,train,user user he was a gud boy he done dindu nuffin
False,3.01685162034462,1,1,1,Suspected_False_Negative,2,0,0.9510449171066284,0.0489551052451133,train,i learned a new ghetto word
False,3.0151057515886555,1,1,1,Suspected_False_Negative,5,0,0.950959324836731,0.0490406490862369,val,should be thanking her lucky stars that she has never been sexually assaulted or raped when she was a  year old girl.  she could hardly deal with a little harassment from antifa. nothinglower
False,3.01480331140601,1,0,0,Suspected_False_Positive,5,1,0.0490554831922054,0.9509445428848268,train,europe raise the white flag you are fucked
False,3.014354225122004,1,1,1,Suspected_False_Negative,5,0,0.950922429561615,0.0490775182843208,train,si BUNTUNG bwa motor ??
False,3.012478520206554,1,0,0,Suspected_False_Positive,3,1,0.0491696596145629,0.9508303999900818,train,it  a hot girl summer when me and lani get our braces off so u bitches need to wait
False,3.0113942434706824,1,0,0,Suspected_False_Positive,4,1,0.0492230020463466,0.9507769346237184,train,kerudungan tp jipon kyk ga diajarin LOLL
False,3.0087684290670538,1,0,0,Suspected_False_Positive,2,1,0.0493524223566055,0.9506475329399108,train,hopefully islamists and salafists  will get it!
False,3.0087652587678657,1,1,1,Suspected_False_Negative,4,0,0.9506474137306212,0.049352578818798,train,astagfirullah kang Taemo bukan kang parkir 🙏
False,3.006921094250508,1,1,1,Suspected_False_Negative,1,0,0.9505562782287598,0.0494436770677566,train,PANSOS!!!!!!
False,3.0055503191580435,1,1,1,Suspected_False_Negative,4,0,0.9504884481430054,0.0495114997029304,train,"what gerry sends me, that damn jig a boo;;"
False,3.0027500149525617,1,0,0,Suspected_False_Positive,4,1,0.0496503412723541,0.9503496289253236,train,Baby face begini dibilang aki aki😭
False,3.0023625574531705,1,1,1,Suspected_False_Negative,5,0,0.950330376625061,0.0496695823967456,train,"democrats do love their plantations, they always have.  kkk"
False,2.998719032982743,1,0,0,Suspected_False_Positive,1,1,0.0498508848249912,0.9501491189002992,train,h de retard au work shessh
False,2.9973705669859,1,0,0,Suspected_False_Positive,3,1,0.0499181523919105,0.9500818252563475,train,oh god please no biker boomer memes and retarded hasbara
False,2.9969415482094126,1,0,0,Suspected_False_Positive,2,1,0.0499395728111267,0.9500604271888732,train,kendrick is not better than papoose or drake
False,2.9961738030129847,1,1,1,Suspected_False_Negative,2,0,0.9500221014022828,0.0499779284000396,train,says the little commie thot. i bet that  is more than your hourly rate
False,2.995906691954609,1,1,1,Suspected_False_Negative,4,0,0.9500086903572084,0.0499912798404693,val,Right ⏯
False,2.9951877694804474,1,1,1,Suspected_False_Negative,5,0,0.9499727487564088,0.0500272326171398,train,hanoijane fonda campaigns for gun control measure; will it backfire?    liberty park press url
False,2.9928502098794585,1,0,0,Suspected_False_Positive,2,1,0.0501443110406398,0.9498556852340698,train,meanwhile they are called shithole countries
False,2.9918398376068307,1,1,1,Suspected_False_Negative,3,0,0.949804961681366,0.050195001065731,train,respect banget gaada yang ngeludahin
False,2.9918039917471404,1,0,0,Suspected_False_Positive,5,1,0.0501968003809452,0.9498032331466676,train,who wanna be dykes in luv
False,2.9879920808760048,1,1,1,Suspected_False_Negative,4,0,0.9496115446090698,0.0503885112702846,train,masih berani upload foto dia
False,2.987827671085712,1,0,0,Suspected_False_Positive,3,1,0.0503967963159084,0.949603259563446,train,"Masih sepenggal2 gitu bacanya, kaku."
False,2.987479941767566,1,1,1,Suspected_False_Negative,4,0,0.949585735797882,0.0504143238067626,train,in a number character ghetto ideas will surely never be exchanged
False,2.985665729838807,1,1,1,Suspected_False_Negative,4,0,0.9494941234588624,0.0505058690905571,val,siapa si yang pertama bilang abidzar ganteng? lu liat niðŸ˜­
False,2.9828929728936004,1,1,1,Suspected_False_Negative,4,0,0.9493539333343506,0.0506461039185524,train,i guess i would be destined for the gas chambers .
False,2.9817953210750945,1,0,0,Suspected_False_Positive,2,1,0.0507017262279987,0.9492982625961304,train,he is a millionaire. trust me hell just fine.
False,2.978135276080881,1,0,0,Suspected_False_Positive,5,1,0.0508876368403434,0.949112355709076,train,u do noht kno de wey!
False,2.9778080247327146,1,1,1,Suspected_False_Negative,5,0,0.9490957260131836,0.0509042926132679,val,true but the constant talk from the left about common sense gun control every time and yet not one valid proposal
False,2.975944858413837,1,0,0,Suspected_False_Positive,2,1,0.0509992241859436,0.9490007758140564,val,apaan bngt si tasyi
False,2.9759064369459614,1,1,1,Suspected_False_Negative,5,0,0.9489988684654236,0.0510011836886405,train,user user hahaha jihadi jack and omar khadr sure know this
False,2.9750918986935644,1,1,1,Suspected_False_Negative,2,0,0.9489573240280152,0.0510427430272102,train,"he walks upright , and has human arms and legs ."
False,2.975003592266996,1,0,0,Suspected_False_Positive,1,1,0.0510472506284713,0.9489527940750122,train,yes he was a queer as well he had something on the cops
False,2.9740769911085225,1,1,1,Suspected_False_Negative,2,0,0.9489054679870604,0.0510945729911327,train,"Negara maju tapi Federasi olahraga nya banyak yang plenger, ratu bulu tangkis korsel juga sampe speak up. Belum ini sepak bola yang lagi anget. Btw pelatihnya emang plenger si bro, itu pas lawan AFSEL bisa bisanya son di cadangin. ga jelas asli,. Ada juga teori kalo pelatihnya ga mau rekor menit bermain di timnas di pecahin sama SON"
False,2.973418468787623,1,1,1,Suspected_False_Negative,3,0,0.9488717317581176,0.0511282309889793,train,a real piece of work also bending over for the arabs metruth ausfam
False,2.9733190175000024,1,0,0,Suspected_False_Positive,1,1,0.0511333160102367,0.9488667249679564,train,IBU INI MGOMONG APA 🤣
False,2.9728417889476377,1,0,0,Suspected_False_Positive,3,1,0.0511577241122722,0.948842227458954,train,user bro its cod bruh still wack imagine playin cod on fingers lmao shit is retarded
False,2.97273292941641,1,0,0,Suspected_False_Positive,4,1,0.0511632934212684,0.9488366842269896,train,bocahnya kocak juga
False,2.9721739640329967,1,1,1,Suspected_False_Negative,3,0,0.9488081336021424,0.0511918999254703,train,sounds like hot lesbian sex to me.
False,2.9720672145435665,1,1,1,Suspected_False_Negative,3,0,0.948802649974823,0.0511973649263381,train,call me a dog cause dam... i got a bone for you nigga
False,2.9677029485962767,1,1,1,Suspected_False_Negative,2,0,0.948578715324402,0.0514212921261787,train,"DO, teman saja di bully apalagi pasien bpjs"
False,2.966441292903161,1,1,1,Suspected_False_Negative,4,0,0.9485138654708862,0.0514862090349197,train,pen nampollll
False,2.9650777502929087,1,1,1,Suspected_False_Negative,4,0,0.9484434723854064,0.0515564605593681,train,Om ruben lbh baik sll berdoa dan simpan sgl ucapan mereka yg sdh mulai mnyerangmu All9h akan mnunjukkn kuasanya kepd org org yg sombong yg mnyekutukn Alloh swt ....lht saja cpt ato lmbt akan nampak mana yg dihancurkn khdpnnya oleh Alloh krn ulahnya lht saja karma itu pasti ada koq
False,2.9648592704522234,1,0,0,Suspected_False_Positive,2,1,0.0515677258372306,0.948432207107544,train,because the jews in israel are the only democracy in the mideast
False,2.960085025738235,1,1,1,Suspected_False_Negative,1,0,0.9481854438781738,0.0518145114183425,train,dia sudah berani keluar lagi karna posisi dia sudah di gantiin sama inara
False,2.9593412438806186,1,1,1,Suspected_False_Negative,5,0,0.9481469988822936,0.0518530644476413,train,1.4 jt pengikut nyaa apa yg di liat dari ni orang????
False,2.959239590913487,1,1,1,Suspected_False_Negative,2,0,0.948141634464264,0.0518583357334136,train,user were you or your relatives refugees on this boat
False,2.957491771366669,1,1,1,Suspected_False_Negative,3,0,0.9480509757995604,0.0519490540027618,train,true youtube never even!
False,2.9563593159372585,1,0,0,Suspected_False_Positive,3,1,0.0520079173147678,0.9479921460151672,train,"she may be dumb as a stump, but even sarah mocks obama!"
False,2.955657308822625,1,1,1,Suspected_False_Negative,1,0,0.94795560836792,0.0520444400608539,train,user come back slut
False,2.954594710315768,1,0,0,Suspected_False_Positive,3,1,0.052099771797657,0.9479002356529236,train,how about corrupt pr government officials.
False,2.95450712296923,1,0,0,Suspected_False_Positive,2,1,0.0521043352782726,0.947895646095276,train,bitches love a number x number triptych
False,2.953812987563376,1,0,0,Suspected_False_Positive,4,1,0.0521405152976512,0.947859525680542,val,"i pray you are right and that this really happens, talk about an injustice to america that obammy was able to appoint thugs to our scotus, i hope the whole thing blows wide open and they all come falling down!!!!!!!!"
False,2.948020785701633,1,1,1,Suspected_False_Negative,3,0,0.9475566148757936,0.0524434000253677,val,"turks, lebanese and kurds?"
False,2.942144777676272,1,1,1,Suspected_False_Negative,2,0,0.9472475051879884,0.0527524650096893,train,"Sedih kalau kaya gini,karena ego seglintir orang. ""Merusak"" mimpi pemain dan warga negara nya,sangat di sayangkan"
False,2.940817540157297,1,1,1,Suspected_False_Negative,1,0,0.9471774697303772,0.0528225265443325,train,want to catch my attention niggah throw up a dolla sign
False,2.9377052692102583,1,0,0,Suspected_False_Positive,3,1,0.0529871806502342,0.9470127820968628,train,you know youre ugly when an ape was chosen as a man crush and youve never been
False,2.9374513579777224,1,1,1,Suspected_False_Negative,3,0,0.9469994306564332,0.0530006363987922,train,malu ga si bang @Ibnu Wardani si paling tau jepang ?????????? baru mau kejepang udah bikin malu wkwkwkwkw
False,2.9373830407134456,1,1,1,Suspected_False_Negative,4,0,0.9469957947731018,0.0530042573809623,val,Gapernah gua semuak ini liat artis yg bukan artis
False,2.937006184805212,1,1,1,Suspected_False_Negative,1,0,0.9469757676124572,0.053024236112833,train,why do paki women always have pierced belly buttons so they can attach the air freshener
False,2.934794012200592,1,0,0,Suspected_False_Positive,2,1,0.0531416647136211,0.9468583464622498,train,Menurut saya rakyat Korea gengsi nya tinggi .... Merasa lebih tinggi dan lebih hebat ... Jadi kalah itu memalukan Dari hasil tinggal 3 tahun di Korea .
False,2.9329443532542423,1,1,1,Suspected_False_Negative,1,0,0.9467598795890808,0.0532400496304035,train,user the amount of virgin rednecks complaining about the video is insane have a wank while you are crying
False,2.931890227441248,1,1,1,Suspected_False_Negative,4,0,0.9467037916183472,0.0532962009310722,val,Podcast bisa tapi konferensi pers buat minta maaf gabisa ya pakðŸ™
False,2.9283512078961698,1,1,1,Suspected_False_Negative,2,0,0.9465148448944092,0.0534851513803005,train,kalau mengharap ikutan kontes miss earth les inggris biar lidahnya tidak keseleo
False,2.928321397744348,1,1,1,Suspected_False_Negative,2,0,0.9465132355690002,0.0534867458045482,train,"Tunggu kede Rafatar ,Rayanja dan anak angkatnys"
False,2.9257725061451048,1,0,0,Suspected_False_Positive,5,1,0.0536232516169548,0.9463768005371094,train,hyungwon said this is my fansign you all are gonna come to my lane hoes
False,2.924844588497993,1,0,0,Suspected_False_Positive,3,1,0.0536730326712131,0.946327030658722,train,"""Setidaknya dia ngaku. bukan belagak pintar"""
False,2.922599777028767,1,1,1,Suspected_False_Negative,3,0,0.9462063908576964,0.053793653845787,train,well ramadan and it is not a moslem inbreed now there a novelty
False,2.9213821772659654,1,1,1,Suspected_False_Negative,1,0,0.9461407661437988,0.0538591928780078,train,anyone surprised?   closernation  maga qanon url
False,2.921046288526418,1,1,1,Suspected_False_Negative,5,0,0.946122705936432,0.0538772866129875,train,i will never take the gym for granted again home workouts are ghetto
False,2.9181082556365023,1,0,0,Suspected_False_Positive,2,1,0.0540358126163482,0.945964217185974,train,Ko coba ganti model Rambut donk😎
False,2.9162202934843098,1,1,1,Suspected_False_Negative,2,0,0.945862114429474,0.0541379265487194,train,john singleton got a fascination with niggas getting raped
False,2.915112979255737,1,0,0,Suspected_False_Positive,3,1,0.0541979074478149,0.9458020925521852,train,when you eat food thats too hot and start breathing like a retarded dragon.
False,2.910831995302826,1,1,1,Suspected_False_Negative,1,0,0.9455695748329164,0.0544304251670837,train,i went to school with marc almonds soft cell sister she was a hebe btw
False,2.909361178396587,1,1,1,Suspected_False_Negative,2,0,0.9454895257949828,0.0545105412602424,val,pikirkan ekonomi supaya rakyat sejahtera ... politik terus kapan neres nya ... pemilu udah usai mari kita pikirkan raktyat supaya sejahtera.
False,2.907213145934623,1,1,1,Suspected_False_Negative,2,0,0.9453722238540648,0.0546277575194835,train,i hope i die cause i am white blacklivesmatter
False,2.905487075529897,1,0,0,Suspected_False_Positive,3,1,0.0547221302986145,0.9452779293060304,train,funny how well meaning left leaning liberals have become money obsessed fundamentalists.....strange business brexit.
False,2.904983164217424,1,0,0,Suspected_False_Positive,5,1,0.0547497123479843,0.9452503323554992,train,for some reason these immigrants do nt have the same bad attitudes us blacks do .
False,2.902554763615711,1,1,1,Suspected_False_Negative,2,0,0.9451172351837158,0.0548828281462192,train,"we hate the yankees though, right? i feel like im really good at hating them."
False,2.899300941386832,1,1,1,Suspected_False_Negative,5,0,0.9449382424354552,0.0550616979598999,train,Harus nya cek daftar pengunjung mom siapa aja langganan nyaðŸ«¢
False,2.89779732072898,1,1,1,Suspected_False_Negative,1,0,0.9448554515838624,0.0551445521414279,train,"they instead decide by convenience , low risk , and unenlightened selfinterest ."
False,2.897628852746955,1,0,0,Suspected_False_Positive,3,1,0.0551538430154323,0.9448461532592772,train,v challs kroc is scared of comp so dont be a dumb sweater retard
False,2.897616694968986,1,1,1,Suspected_False_Negative,3,0,0.94484543800354,0.055154513567686,train,ini Projo ngomong apa si
False,2.895554242508609,1,1,1,Suspected_False_Negative,4,0,0.944731593132019,0.0552683845162391,train,why is everyone who thinks youre an unfunny pandering jizzbag automatically a troll? ; and he hate colored folk
False,2.8946185786250025,1,1,1,Suspected_False_Negative,5,0,0.944679856300354,0.0553201213479042,train,black female democrats call for changes in party  url tcot maga rednationrising
False,2.894134786102367,1,1,1,Suspected_False_Negative,2,0,0.9446530342102052,0.0553468912839889,val,as always translated versions have omitted verses to make islam look like a good ideology funny that it wasn t distributed in venezuela perhaps it known it will be used as toilet paper since there is a shortage
False,2.8924344834776816,1,1,1,Suspected_False_Negative,4,0,0.9445589184761048,0.0554410777986049,train,user  look user   another refugee violin story
False,2.8899204365291893,1,1,1,Suspected_False_Negative,4,0,0.9444193840026855,0.0555806346237659,train,"given the opportunity, i would be tempted to corner, subdue and assrape brian kilmeade."
False,2.88888784696511,1,1,1,Suspected_False_Negative,3,0,0.9443619847297668,0.0556380562484264,train,and liberals think guns are the problem? url
False,2.884959509620228,1,1,1,Suspected_False_Negative,4,0,0.9441429376602172,0.0558570511639118,train,user boy gtfo talkin bout used to be  if you stop acting retarded
False,2.8803076851290395,1,1,1,Suspected_False_Negative,4,0,0.9438825249671936,0.0561174936592578,train,adopt their musical style and hand gestures and you poison your own soul .
False,2.8789988567938445,1,1,1,Suspected_False_Negative,4,0,0.9438090920448304,0.0561909899115562,train,Tidak ada perilaku pada guru yang hebat
False,2.8766977542342933,1,1,1,Suspected_False_Negative,1,0,0.9436795115470886,0.0563204400241375,train,Saya ingin menanyakan apa yang Anda rasakan ketika Anda menyimpan uang di dana dan kemudian makan uang itu
False,2.8763551841365054,1,1,1,Suspected_False_Negative,3,0,0.9436601996421814,0.0563397370278835,train,Bantuan sebelum Anda ingin mengacaukan orang yang saya cintai pertama -tama Anda pikirkan bagaimana perasaan Anda ketika seseorang mengacaukan hati Anda
False,2.876241791512042,1,1,1,Suspected_False_Negative,5,0,0.9436538219451904,0.0563461259007453,val,user lmao  eses charged me under money fuck them white folk lmao
False,2.875842672424297,1,1,1,Suspected_False_Negative,4,0,0.94363135099411,0.0563686192035675,train,judol judol
False,2.875779097772269,1,1,1,Suspected_False_Negative,1,0,0.9436278343200684,0.0563722029328346,train,Mudah banget ya artis2 sekarang menjadi pejabat. D Indonesia Iki seolah2 sdh kekurangan orang pinter berkuwalitas. Sampai2 status artis yang sdh bergelimang harta masih terus berburu menumpuk harta dengan merambah ke dunia politik. Sedangkan kompetensinya blm tentu bagus belum tentu sesuai dengan bidang kepemerintahan. Janji terkenal saja bisa langsung duduk d kursi pemerintahan.
False,2.875296868289018,1,1,1,Suspected_False_Negative,3,0,0.9436005353927612,0.0563993938267231,train,Keinget kasus mariodendi
False,2.8752604082737943,1,1,1,Suspected_False_Negative,4,0,0.9435985684394836,0.0564014501869678,train,anak kmpng
False,2.874241320845416,1,1,1,Suspected_False_Negative,3,0,0.9435409903526306,0.0564589574933052,train,minimal gincuan kak biar agak seger gtu diliatnya
False,2.873774275441301,1,0,0,Suspected_False_Positive,4,1,0.0564853325486183,0.9435147047042848,train,im a mud shark because i have black friends. makes perfect sense. ;;;; idiotic;
False,2.873000436663479,1,0,0,Suspected_False_Positive,1,1,0.0565290600061416,0.9434709548950196,train,Demo kemaren benerÂ² ga ada artinya.
False,2.870831239558304,1,0,0,Suspected_False_Positive,1,1,0.0566518157720565,0.943348228931427,train,black coffee still suck ass by the way.
False,2.865728598030917,1,1,1,Suspected_False_Negative,3,0,0.9430583715438844,0.0569416284561157,train,user away back to your nazi headbanger music you wee pleb
False,2.8613425271658506,1,0,0,Suspected_False_Positive,4,1,0.057191926985979,0.9428080320358276,train,stupid teacher talks to  like hes retarded
False,2.855689886597815,1,1,1,Suspected_False_Negative,3,0,0.9424839019775392,0.0575161278247833,train,lethargic voters get what they deserve! aggressive voters maga url
False,2.853672345717535,1,1,1,Suspected_False_Negative,4,0,0.9423677325248718,0.0576322861015796,train,user yeah and it was gay af
False,2.85215254676958,1,0,0,Suspected_False_Positive,3,1,0.0577199421823024,0.942280113697052,train,walkaway liberals......your party is poison. url
False,2.850333893261878,1,0,0,Suspected_False_Positive,2,1,0.0578250102698802,0.9421749711036682,train,dulu waktu kecil aku bercita cita ingin menjadi seorang pengkhianat
False,2.8483253826779493,1,1,1,Suspected_False_Negative,3,0,0.9420587420463562,0.0579412691295146,train,time for maga to flip it!
False,2.845927576805735,1,1,1,Suspected_False_Negative,1,0,0.9419196248054504,0.0580803677439689,train,mental case for sure
False,2.8459218041983605,1,1,1,Suspected_False_Negative,5,0,0.9419193267822266,0.0580807030200958,train,"do it right.  date and marry white. no race mixing, fam."
False,2.845187864199421,1,0,0,Suspected_False_Positive,1,1,0.0581233464181423,0.9418766498565674,train,i am high af on nyquil bitches how is your night
False,2.845067505090764,1,0,0,Suspected_False_Positive,1,1,0.0581303425133228,0.9418696761131288,train,weddings are gay as fuck
False,2.844961513910361,1,1,1,Suspected_False_Negative,2,0,0.941863477230072,0.0581365041434764,train,dia yg ngomong dia yg bantah sama kaya junjungannya
False,2.8432806148465177,1,1,1,Suspected_False_Negative,1,0,0.9417656660079956,0.0582343079149723,train,user bernardo is just a white honky
False,2.841791079161439,1,0,0,Suspected_False_Positive,5,1,0.058321114629507,0.9416788816452026,train,niggas love staying in contact with they old bitches
False,2.8396233242382363,1,1,1,Suspected_False_Negative,2,0,0.9415523409843444,0.058447677642107,train,Mirip falak
False,2.8392085449499573,1,0,0,Suspected_False_Positive,4,1,0.0584719255566597,0.941528022289276,train,oh i got these vegas dykes mad today
False,2.835045252374459,1,1,1,Suspected_False_Negative,5,0,0.9412840604782104,0.0587158687412738,train,sen. lee is so calm  soothing. not psychotic like the jews.
False,2.8314146156190194,1,1,1,Suspected_False_Negative,4,0,0.941070556640625,0.0589294321835041,train,user grandparents are quite a drain on the budget kill all grandparents
False,2.831255450086024,1,0,0,Suspected_False_Positive,2,1,0.0589388124644756,0.9410611987113952,train,"yes, philidelphia has been over run with black savages , left and right ."
False,2.83039760621482,1,0,0,Suspected_False_Positive,4,1,0.0589893944561481,0.941010594367981,train,user i do not ihate these clowns trying to portray themselves the only muslims
False,2.8294313444406494,1,1,1,Suspected_False_Negative,3,0,0.9409536123275756,0.059046421200037,train,"america today, the rule of thumb is when in doubt, blame whitey"
False,2.8282185902608976,1,0,0,Suspected_False_Positive,4,1,0.0591180734336376,0.9408819675445556,train,"christians massacred by jihadi muslims while they slept! including pastor, his wife amp; kids"
False,2.8277169953777617,1,1,1,Suspected_False_Negative,5,0,0.9408522844314576,0.0591477341949939,train,he is bafoonicus !
False,2.826775845440972,1,0,0,Suspected_False_Positive,3,1,0.0592034272849559,0.9407965540885924,train,y  all got all the hoes
False,2.8263775557223108,1,0,0,Suspected_False_Positive,3,1,0.0592270120978355,0.9407729506492616,train,not to slut shame anyone but you all some hoes for october
False,2.826146933513326,1,0,0,Suspected_False_Positive,5,1,0.05924067273736,0.9407593607902528,train,if white men r problem how come black mail is criminal an me a dog
False,2.8246568759750823,1,1,1,Suspected_False_Negative,3,0,0.940670907497406,0.0593290105462074,train,user especially with a nazi i the white house
False,2.8235412741503376,1,1,1,Suspected_False_Negative,4,0,0.94060480594635,0.0593952350318431,train,i guess the yonge st retail district will be smashed and looted .
False,2.822969051929918,1,1,1,Suspected_False_Negative,1,0,0.9405707120895386,0.0594292320311069,train,what do you call number immigrants at the bottom of the ocean a good start
False,2.8227046837564016,1,0,0,Suspected_False_Positive,3,1,0.0594449453055858,0.9405550360679626,train,it is disgraceful to treat a sick lady like they are doing .
False,2.8212635461525872,1,1,1,Suspected_False_Negative,4,0,0.9404692649841307,0.0595306754112243,train,user welcome to femi nazi you are like yes to equal right but no to equal responsibility irony
False,2.8204882592610585,1,1,1,Suspected_False_Negative,1,0,0.9404231309890748,0.0595768466591835,train,antifa..anonymous are coming for you..  url
False,2.820236611049923,1,0,0,Suspected_False_Positive,3,1,0.0595918409526348,0.9404081106185912,train,scrape that shit off
False,2.8190154694701826,1,0,0,Suspected_False_Positive,1,1,0.0596646554768085,0.9403353929519652,train,"yep, apparently so. fucking commie jew bastard prolly"
False,2.8190025450662386,1,1,1,Suspected_False_Negative,3,0,0.9403345584869384,0.0596654266119003,train,"Gaya doang tulus,tapi selingkuh"
False,2.8176735971044624,1,1,1,Suspected_False_Negative,2,0,0.9402551651000975,0.0597447715699672,train,hokkk cuh
False,2.814840658173013,1,1,1,Suspected_False_Negative,5,0,0.940085768699646,0.0599142648279666,val,user user those women they returned gave births to jihadis who returned back for jihad that how it works
False,2.8134573063257857,1,1,1,Suspected_False_Negative,4,0,0.9400028586387634,0.0599972046911716,train,user user btw nice job threatening violence against an elected official you mongoloid
False,2.8133442448892545,1,1,1,Suspected_False_Negative,3,0,0.9399960041046144,0.0600039884448051,train,am i the only one who hasn  t tried white claws lmao
False,2.8130737192179898,1,1,1,Suspected_False_Negative,2,0,0.9399797916412354,0.0600202232599258,train,user user you are a muslim so you have no say on judaism
False,2.812450944178269,1,0,0,Suspected_False_Positive,4,1,0.0600576139986515,0.9399424195289612,train,hey we just want everyone to know that you are for potus and !  maga!!
False,2.8119415709307445,1,1,1,Suspected_False_Negative,1,0,0.939911723136902,0.060088213533163,val,mirm The sulap
False,2.811518964545169,1,1,1,Suspected_False_Negative,2,0,0.9398863911628724,0.0601136125624179,train,kalau lomba an sama babi babi nya nomor 2
False,2.810886876004968,1,1,1,Suspected_False_Negative,5,0,0.9398483633995056,0.0601516216993331,train,al gore won the popular vote in number but only because of illegal immigrants in california
False,2.8094023615765424,1,0,0,Suspected_False_Positive,4,1,0.0602409839630126,0.939759075641632,train,Yang make masker sok asik
False,2.8092963737791385,1,1,1,Suspected_False_Negative,4,0,0.9397526383399964,0.0602473691105842,train,sub  i.q. i would say for sure .
False,2.808521656065152,1,0,0,Suspected_False_Positive,5,1,0.0602940618991851,0.9397059082984924,train,i have developed a huge crush on females with shaved heads beautiful bald bitches
False,2.806794764350822,1,1,1,Suspected_False_Negative,2,0,0.939601719379425,0.0603982731699943,train,destroying me???? excuse me i beat you all the time why you bullshitting that?? also i love you more
False,2.805778691486408,1,1,1,Suspected_False_Negative,3,0,0.9395403265953064,0.0604596734046936,val,ayy carlton is a ghetto school now switchedatbirth
False,2.8048842407623984,1,0,0,Suspected_False_Positive,2,1,0.0605137757956981,0.9394862651824952,train,iq noggers are always arrogant af.
False,2.80362168269002,1,0,0,Suspected_False_Positive,5,1,0.0605902262032032,0.9394097924232484,train,sarah is a liberal jew.  they are just as crazy as the liberal gentiles.
False,2.80190653915924,1,1,1,Suspected_False_Negative,5,0,0.9393057227134703,0.0606942363083362,train,user user but is not his wife an immigrant drainthedeepstate
False,2.8014352672533254,1,1,1,Suspected_False_Negative,3,0,0.9392771124839784,0.0607228465378284,train,user you think they  re nazis
False,2.798824288114671,1,1,1,Suspected_False_Negative,2,0,0.9391183257102966,0.0608815997838974,train,"Ngaca pak ngaca ampun, kalo mikir begitu dari dulu infrastruktur di pusat terus yg bagus, tapi daerah lain tertinggal, ga mikir kesitu juga kah ? ðŸ˜‚"
False,2.7987248607702035,1,1,1,Suspected_False_Negative,4,0,0.9391123652458192,0.0608876533806324,train,heres my litmus test for the next scotus justice...
False,2.793404674437031,1,0,0,Suspected_False_Positive,2,1,0.0612124502658844,0.938787579536438,train,APASIH LO TASYIIII??
False,2.792553445583353,1,0,0,Suspected_False_Positive,3,1,0.0612645782530307,0.9387353658676147,val,awwwwww at least you didnt have drool drooping out of your mouth like i did when i was one years old .
False,2.79225341006018,1,0,0,Suspected_False_Positive,5,1,0.0612829625606536,0.938717007637024,train,sebelum nganggur harus gaya dulu
False,2.7914134247688644,1,1,1,Suspected_False_Negative,2,0,0.9386655688285828,0.0613344609737396,train,i love it when a plan comes together  maga nexit url
False,2.789850842661856,1,0,0,Suspected_False_Positive,4,1,0.0614303760230541,0.9385696649551392,train,"why listen to this tax evading race baiter? what, are you a libtard?"
False,2.7898474466887886,1,0,0,Suspected_False_Positive,2,1,0.0614305846393108,0.93856942653656,train,"Anak gw masih umur 3 tahun di hina gagu karena speech delay,di bilang aneh karena ADHD.. GW SEBAGAI IBUNYA LANGSUNG NGATAIN EMAK2 YG UDH BULLY ANAK GW.SEMOGA SUATU SAAT MEREKA DAPAT KARMA"
False,2.78893701431421,1,0,0,Suspected_False_Positive,4,1,0.0614865384995937,0.938513457775116,train,you don  t even cheat with no bad bitches cardi b
False,2.786737941630447,1,1,1,Suspected_False_Negative,3,0,0.9383781552314758,0.0616219006478786,train,telesmokacatin  damn that looked better in my head
False,2.785788358038932,1,0,0,Suspected_False_Positive,1,1,0.0616804435849189,0.9383195638656616,train,hoes austin; teach us austin.i teach u how to get curved? thats all i know
False,2.785492579142188,1,0,0,Suspected_False_Positive,3,1,0.0616986900568008,0.9383013248443604,train,akar kejahatan adalah nafsu
False,2.7843047893641635,1,1,1,Suspected_False_Negative,3,0,0.9382279515266418,0.0617720186710357,train,he is quite good at faking. must have done it numerous times
False,2.7825018467777047,1,1,1,Suspected_False_Negative,1,0,0.9381165504455566,0.0618834905326366,train,i see so many bmwf around my city its not even funny .
False,2.7807805096477245,1,1,1,Suspected_False_Negative,2,0,0.9380099773406982,0.0619901046156883,train,user bro wheres my holocaust clout come on bro please bro
False,2.779488102514825,1,1,1,Suspected_False_Negative,5,0,0.9379297494888306,0.0620702728629112,train,user honestly as a comms person kill all comms people
False,2.7782219991386383,1,1,1,Suspected_False_Negative,5,0,0.937851071357727,0.0621489100158214,train,user less immigrants more houses to chose from lower prices open your eyes duetcheland
False,2.7780284072802552,1,1,1,Suspected_False_Negative,1,0,0.9378390312194824,0.0621609427034854,train,three more posters ready  these are definitely antiracemixing !
False,2.777455463161381,1,1,1,Suspected_False_Negative,5,0,0.9378034472465516,0.0621965676546096,train,john oliver is a queer
False,2.775830503350009,1,1,1,Suspected_False_Negative,4,0,0.9377022981643676,0.0622977167367935,train,you are being unkind to the pin!!!
False,2.773748884122211,1,1,1,Suspected_False_Negative,2,0,0.9375724792480468,0.062427531927824,train,Aku nk walk in ajelah senang
False,2.772628538935165,1,1,1,Suspected_False_Negative,3,0,0.9375024437904358,0.0624975115060806,train,donald trump    racism? no.....  homophobia?...no.... xenophobia?  no........   ?  no ....
False,2.7719598525987914,1,0,0,Suspected_False_Positive,2,1,0.0625393167138099,0.9374606609344482,train,user youre hurting my feelings thats why dykes  o o h  ii
False,2.771139948839447,1,1,1,Suspected_False_Negative,4,0,0.9374094605445862,0.0625906139612197,train,user i hate you for this
False,2.7709191601229364,1,1,1,Suspected_False_Negative,2,0,0.9373956322669984,0.062604434788227,train,"Ada yg bilang alexis ditutup cukup dengan surat... hehe ketawain aja.. dah baca belum pers rilis dr manajemen alexis.. tp ga apa2 para kampret mah gampang dibegoin, dulu jg pernah bilang ditutup eh msh exis tuh alexis...'"
False,2.768572412016274,1,1,1,Suspected_False_Negative,4,0,0.937248468399048,0.0627515241503715,train,what can banks do to show engagement with the queer community? hire trans women
False,2.76810495676856,1,0,0,Suspected_False_Positive,5,1,0.0627808645367622,0.9372191429138184,train,what? cloveros? the fuck?
False,2.7677909894195336,1,1,1,Suspected_False_Negative,1,0,0.9371994733810424,0.0628005787730217,train,the only thing i know about gun control is how to have great aim.
False,2.767707233987245,1,0,0,Suspected_False_Positive,1,1,0.0628058388829231,0.9371942281723022,train,u still a mutt tho lol
False,2.766369521870258,1,1,1,Suspected_False_Negative,2,0,0.9371100664138794,0.0628899112343788,train,Banyak tingkah
False,2.7640223037818856,1,0,0,Suspected_False_Positive,3,1,0.0630377009510994,0.936962366104126,train,remind me again why exactly theres a lingerie store next to a krav maga dojo
False,2.7638230511558426,1,0,0,Suspected_False_Positive,4,1,0.0630502626299858,0.9369496703147888,train,Yeyy tadi ketemu Neira nya karna ketemuu di bioskopp yeyyyyyyy apa paswetr naira yaitu 🤫🤔 anjai mewing
False,2.76297909055302,1,0,0,Suspected_False_Positive,4,1,0.0631034970283508,0.9368965029716492,train,meritocracy is thus declared evil by the left now.
False,2.76287826452329,1,0,0,Suspected_False_Positive,2,1,0.0631098598241806,0.9368901252746582,train,lol have u seen when ike and his kindergarten teacher start having a sexual relationship
False,2.7616736252071603,1,1,1,Suspected_False_Negative,1,0,0.9368140697479248,0.0631859302520752,train,BLACKLIST KAMPUS UDAYANA
False,2.7607769286392427,1,1,1,Suspected_False_Negative,2,0,0.9367573857307434,0.0632426142692565,train,"""erica tuh endgame gw"" PREEEEETTTT"
False,2.757472301492741,1,1,1,Suspected_False_Negative,2,0,0.9365479946136476,0.0634519532322883,train,user you want me to give up the list i created to give to you that  even more ghetto
False,2.757453162081681,1,0,0,Suspected_False_Positive,1,1,0.0634531676769256,0.9365468621253968,train,this is the latest antiwhite attack by a  groid .
False,2.7570026110999923,1,1,1,Suspected_False_Negative,5,0,0.9365181922912598,0.0634817630052566,train,user same imagine having to remind someone that they have to pay you back the ghetto
False,2.754616949999326,1,0,0,Suspected_False_Positive,2,1,0.0636333897709846,0.936366617679596,train,mending kamu tobat sudah
False,2.753789377256984,1,0,0,Suspected_False_Positive,4,1,0.0636860728263855,0.9363139271736144,train,they will have cunninghams autopsy fudged.
False,2.752658965148912,1,1,1,Suspected_False_Negative,2,0,0.9362419247627258,0.0637581050395965,train,YouTube bro 🫵🖕
False,2.7524709599171624,1,0,0,Suspected_False_Positive,1,1,0.063770093023777,0.936229944229126,train,Laporkan ke polisi ja kasus perundungan...
False,2.7515705673272315,1,0,0,Suspected_False_Positive,3,1,0.0638275370001792,0.9361724853515624,train,para penjilat mulai.saling . cakaran.ðŸ¤£ðŸ¤£ðŸ¤£ðŸ¤£
False,2.751457462472199,1,1,1,Suspected_False_Negative,1,0,0.9361652731895448,0.0638347566127777,train,ran a good game with my royal niggah ;;;
False,2.7485613675277936,1,1,1,Suspected_False_Negative,1,0,0.9359800815582277,0.0640198960900306,train,i just know that gays with airpods are gonna cheat on me
False,2.748262201507564,1,1,1,Suspected_False_Negative,3,0,0.9359609484672546,0.0640390515327453,train,user leave me alone porch monkey lol
False,2.7481529601479786,1,1,1,Suspected_False_Negative,1,0,0.935953974723816,0.0640460476279258,train,user it chinaman hat island over my head
False,2.747981036790476,1,0,0,Suspected_False_Positive,4,1,0.0640570595860481,0.9359430074691772,train,sinai jihadi group beheads  accused of being spies of the jews  via
False,2.747870430553625,1,1,1,Suspected_False_Negative,2,0,0.9359358549118042,0.0640641450881958,train,they always think they are somehow exempt from the rules
False,2.744050691777088,1,0,0,Suspected_False_Positive,3,1,0.0643093213438987,0.9356906414031982,train,how about because he is useless?
False,2.739633512127501,1,1,1,Suspected_False_Negative,4,0,0.9354060292243958,0.0645940154790878,train,"""Kasian yah sdh stress banyak masalah"""
False,2.7385972153066573,1,1,1,Suspected_False_Negative,5,0,0.9353390336036682,0.0646609887480735,train,"if it s brown , flush it down ."
False,2.736834670450022,1,1,1,Suspected_False_Negative,5,0,0.935224950313568,0.0647750571370124,train,the policestate that is canada is alive and well;
False,2.736410672871048,1,0,0,Suspected_False_Positive,2,1,0.0648025274276733,0.9351974725723268,train,i guess whites will either have to start fighting back or be slowly exterminated .
False,2.735920085855695,1,1,1,Suspected_False_Negative,5,0,0.9351656436920166,0.064834326505661,train,Gw unfollow ya asuuuuu.
False,2.735570568759062,1,1,1,Suspected_False_Negative,1,0,0.9351430535316468,0.0648569911718368,train,the muslim bestiality and pedophilia awards user
False,2.734124852591465,1,1,1,Suspected_False_Negative,1,0,0.9350492358207704,0.0649508237838745,train,like if you didnt get fired from espn
False,2.732847443012748,1,1,1,Suspected_False_Negative,5,0,0.9349661469459534,0.065033845603466,train,and     is inciting violence towards trump supporters on lists to be targeted by antifa.
False,2.73158962700874,1,1,1,Suspected_False_Negative,3,0,0.934884250164032,0.0651156976819038,train,user this people are jihadi
False,2.730231804022924,1,1,1,Suspected_False_Negative,5,0,0.9347957968711852,0.0652041733264923,train,user muslim twitter what is the hudud for stealing tweets
False,2.7291230162388547,1,0,0,Suspected_False_Positive,1,1,0.0652765110135078,0.9347234964370728,train,just add rags and a sheep.
False,2.7238126816325816,1,1,1,Suspected_False_Negative,3,0,0.9343758821487428,0.0656240731477737,train,kendall and harry are gay friends chill
False,2.723470093925133,1,0,0,Suspected_False_Positive,4,1,0.0656465590000152,0.9343534111976624,val,NGK tahu
False,2.72284186742911,1,1,1,Suspected_False_Negative,1,0,0.9343121647834778,0.0656878128647804,train,user user how can a refugee cross any border illegally asking for people who need help
False,2.7225986023409248,1,1,1,Suspected_False_Negative,3,0,0.934296190738678,0.0657037943601608,train,lutfi putus dengan salsa orang stress
False,2.721433565196557,1,1,1,Suspected_False_Negative,4,0,0.9342195987701416,0.0657803863286972,train,except for the little attempted rape thing he is just a wonderful guy
False,2.7195346781524234,1,1,1,Suspected_False_Negative,4,0,0.9340945482254028,0.0659054145216941,train,"dia cuman baca teks, bukan minta maaf😏"
False,2.718641759002504,1,1,1,Suspected_False_Negative,3,0,0.9340356588363647,0.065964289009571,val,user chinaman satanist lee hsien loong criminals just had audible chatter in number wellington circle cavinder bull visited number marsiling lane singapore some time back showing family photos and giving false information
False,2.7185340117489947,1,1,1,Suspected_False_Negative,3,0,0.9340286254882812,0.0659713968634605,train,funfact genghis khan killed more people than the holocaust did
False,2.7164728998458543,1,0,0,Suspected_False_Positive,4,1,0.0661075115203857,0.9338924884796144,train,user um yea all they dykes to me  including me
False,2.7163790218253405,1,1,1,Suspected_False_Negative,1,0,0.9338862299919128,0.0661137178540229,train,lets ask the nfl some serious questions!
False,2.71561063533094,1,1,1,Suspected_False_Negative,3,0,0.933835506439209,0.0661645382642746,val,air mata buaya
False,2.712538826273003,1,1,1,Suspected_False_Negative,3,0,0.9336318969726562,0.0663680955767631,train,niggasbitches cheat cause mfs always think they gettin played
False,2.712078099050998,1,1,1,Suspected_False_Negative,5,0,0.9336013793945312,0.0663986802101135,train,user user she could not be president of the rag head club
False,2.711438147129311,1,1,1,Suspected_False_Negative,5,0,0.9335587620735168,0.0664411857724189,val,@tasyiiathasyia lawakk
False,2.70978939663782,1,1,1,Suspected_False_Negative,1,0,0.9334491491317748,0.0665508210659027,train,video nunes says attacks from the left are quite enjoyable
False,2.707273950798573,1,1,1,Suspected_False_Negative,2,0,0.9332815408706664,0.0667184367775917,train,Udahan ya maen bapak-bapakannya
False,2.707212086429817,1,0,0,Suspected_False_Positive,4,1,0.0667225643992424,0.9332773685455322,train,orang nolong kok disindir
False,2.707012672478397,1,1,1,Suspected_False_Negative,1,0,0.9332640767097472,0.0667358711361885,train,canadastan jihadi justin caliphate
False,2.706360779317349,1,0,0,Suspected_False_Positive,2,1,0.0667793899774551,0.933220624923706,train,the word jew has changed all throughout history .
False,2.705478314912873,1,0,0,Suspected_False_Positive,1,1,0.0668383464217186,0.9331616163253784,train,disgusting what this country has become .
False,2.70538133928177,1,1,1,Suspected_False_Negative,2,0,0.9331551790237428,0.0668448284268379,train,south africa has returned to the stone age in  years .
False,2.7043813669383154,1,1,1,Suspected_False_Negative,1,0,0.93308824300766,0.0669117048382759,train,user user hot when the white sluts obey the black and serve them
False,2.7038705148835502,1,1,1,Suspected_False_Negative,1,0,0.9330540895462036,0.0669458955526351,train,it ok he is yid anyway
False,2.703613684621569,1,1,1,Suspected_False_Negative,3,0,0.9330368638038636,0.0669630914926529,val,Gipewei lagi sedih nih aku seokjin Rt fllw rep pict seokjin tag klo mau doain aku juga gpp ga juga gpp
False,2.7034965305051952,1,0,0,Suspected_False_Positive,3,1,0.0669709369540214,0.9330291152000428,train,only retards and dads roll lawful good.
False,2.70301226113074,1,1,1,Suspected_False_Negative,1,0,0.93299663066864,0.0670033767819404,train,tinggal nunggu berita banjir etanol di rumah beliau
False,2.7017401974442667,1,0,0,Suspected_False_Positive,4,1,0.0670886635780334,0.9329113364219666,train,look at chechnya .
False,2.7017180975979374,1,0,0,Suspected_False_Positive,2,1,0.0670901462435722,0.9329098463058472,train,he is like a cheap plastic version of a real president.
False,2.699989936938368,1,0,0,Suspected_False_Positive,2,1,0.0672061890363693,0.9327937960624696,train,agreed. traitors deserve to be shot. period.
False,2.699922646256843,1,0,0,Suspected_False_Positive,1,1,0.0672107115387916,0.9327893257141112,train,nino gmna kabarnya kok ga prnah keliatan
False,2.6981185727090566,1,0,0,Suspected_False_Positive,2,1,0.0673320740461349,0.932667911052704,train,user because white assholes assume the entire world is theirs
False,2.6968263024078296,1,1,1,Suspected_False_Negative,4,0,0.9325808882713318,0.0674191415309906,train,gay furry sex games egg whites for facial wrinkles bully breeding my mom porn gif
False,2.6940931167788347,1,1,1,Suspected_False_Negative,1,0,0.9323963522911072,0.067603662610054,train,i live with muslimes lovers
False,2.6928816542069587,1,1,1,Suspected_False_Negative,5,0,0.932314395904541,0.0676856115460395,train,user similarly non muslim countries should come together oops but are there non muslim countries
False,2.6923166821918283,1,0,0,Suspected_False_Positive,4,1,0.0677238628268241,0.93227618932724,train,deluded until he is walked off.
False,2.6896827856495054,1,1,1,Suspected_False_Negative,3,0,0.9320974946022034,0.0679024755954742,train,idk you into mouthy spics on welfare with  kids and  baby daddys?
False,2.6876734417631947,1,1,1,Suspected_False_Negative,2,0,0.9319608807563782,0.0680390521883964,train,cewe caper berhayal disapa sama kaum halo dek
False,2.686710813392918,1,1,1,Suspected_False_Negative,2,0,0.9318954944610596,0.0681045800447464,train,mangap mangap aja sop
False,2.686074094509906,1,0,0,Suspected_False_Positive,4,1,0.0681479573249816,0.9318519830703736,train,the criminals need gun control
False,2.685035785040424,1,0,0,Suspected_False_Positive,4,1,0.0682187527418136,0.9317811727523804,train,"semua beladiri TERGANTUNG ORANGNYA..bukan jurusnya,bukan perguruanya,bukan gurunya,bukan padepokanya..??????"
False,2.684789424050877,1,0,0,Suspected_False_Positive,1,1,0.0682355612516403,0.9317644238471984,train,robert diniro has turned into a doddering old fool
False,2.684686027303874,1,1,1,Suspected_False_Negative,3,0,0.931757390499115,0.0682426169514656,train,pngn muntah keinget podcastnya di deny cagur
False,2.684378957228627,1,0,0,Suspected_False_Positive,3,1,0.0682635754346847,0.9317364692687988,train,"Woohoo, lumayan juga ternyata wifi di rumah nih~ \npenolong saat kuota habis sebekum waktunya.. kampret nih tri~ \xf0\x9f\x98\xaa URL"
False,2.683786588274024,1,0,0,Suspected_False_Positive,2,1,0.0683040246367454,0.9316959977149964,train,do u have to be retarded to be a lino
False,2.6795917954165587,1,1,1,Suspected_False_Negative,2,0,0.9314088225364684,0.0685911476612091,train,real women take critical consequences and use them to make improvements feminists whine
False,2.678879807511884,1,0,0,Suspected_False_Positive,3,1,0.0686400011181831,0.9313600063323976,train,KFA uanjeng
False,2.678747933117982,1,0,0,Suspected_False_Positive,1,1,0.0686490535736084,0.9313509464263916,train,"""Mending lu pada tobat dah"""
False,2.678703002111489,1,0,0,Suspected_False_Positive,3,1,0.0686521381139755,0.9313478469848632,train,"dia gak mau putih guys pilihan dia sendri kok ,tanskin di luar negri kan mahal 🥰"
False,2.678128410542827,1,1,1,Suspected_False_Negative,5,0,0.9313084483146667,0.0686915963888168,train,screw the little porch monkey!
False,2.677906408923483,1,0,0,Suspected_False_Positive,5,1,0.0687068477272987,0.9312931299209596,train,when he wakes up from his nap. hell sanctuary citystate traitors still walk free
False,2.6757896220060915,1,0,0,Suspected_False_Positive,5,1,0.0688524395227432,0.931147575378418,train,you mean commie mutherfuckers pieces of shit!!
False,2.6745949307395587,1,1,1,Suspected_False_Negative,3,0,0.9310652017593384,0.0689347460865974,val,bye youre a queer
False,2.6731080766798936,1,0,0,Suspected_False_Positive,5,1,0.0690373182296752,0.9309626817703248,train,kiske to kick someone gay old for a gay little ass
False,2.6727147817649826,1,1,1,Suspected_False_Negative,1,0,0.930935561656952,0.069064475595951,train,its comfortable but niccas like me say comthable...smh
False,2.6703521204594383,1,1,1,Suspected_False_Negative,5,0,0.9307721257209778,0.0692278444766998,val,would that make him the equivalent of the antifa march that started the violence there in the first place?
False,2.6700226299239302,1,1,1,Suspected_False_Negative,5,0,0.9307492971420288,0.0692506581544876,val,salfok SM tompel
False,2.669383220228388,1,1,1,Suspected_False_Negative,1,0,0.9307050108909608,0.0692949518561363,train,user user when like minded immigrants are settled into one community the results are obvious
False,2.669225716099761,1,1,1,Suspected_False_Negative,1,0,0.9306941628456116,0.0693058669567108,train,"betul mas ,dituntut saja ,politikus harus santun dan nyata"
False,2.669052221495556,1,1,1,Suspected_False_Negative,4,0,0.9306820631027222,0.0693178921937942,train,"Kalo ga sma arhan,kita ga tau kamu siapa kak😅"
False,2.668904011719447,1,1,1,Suspected_False_Negative,3,0,0.9306718707084656,0.0693281665444374,train,Ibu yurika:😁😁(sepanjang yurika cerita waktu direstorAn)
False,2.668060741172148,1,0,0,Suspected_False_Positive,5,1,0.0693866536021232,0.930613338947296,val,keep your pelosi money !!!!!!! rednationrising  maga  walkaway
False,2.6675475000281,1,0,0,Suspected_False_Positive,1,1,0.0694222748279571,0.9305776953697203,train,tomorrow i will continue drawing the loli nazi for sure
False,2.666567266489281,1,1,1,Suspected_False_Negative,4,0,0.9305096864700316,0.0694903582334518,val,Mending ngomong inggris ya ternyata wkwk
False,2.6663853349884006,1,0,0,Suspected_False_Positive,2,1,0.0695030018687248,0.9304969906806946,train,muslims and jews are allies
False,2.665357727443164,1,0,0,Suspected_False_Positive,5,1,0.0695744603872299,0.9304255843162536,train,that twat couldnt crush a fucking grape ffs
False,2.664931822616496,1,1,1,Suspected_False_Negative,2,0,0.9303959608078004,0.0696040987968444,train,Setelah menonton film Recall Time bekerja magang dengan kontraktor sebagai kuantitas
False,2.664001843787481,1,1,1,Suspected_False_Negative,3,0,0.9303311705589294,0.0696688592433929,train,user user ur mom is homosexuans
False,2.661601402345838,1,1,1,Suspected_False_Negative,3,0,0.9301637411117554,0.0698362961411476,train,user this is a islamic handle
False,2.6614934415721923,1,0,0,Suspected_False_Positive,1,1,0.0698438361287117,0.9301561713218688,train,"Judol berhenti setelah budi arie berhenti jdi menteri, logikanya judol itu berhenti karena gak ada lagi Backup dari Budi Arie jangan-jangan😂"
False,2.659015789899325,1,1,1,Suspected_False_Negative,5,0,0.9299829602241516,0.0700170993804931,train,westminster  tories     absolutely pathetic appeasement
False,2.6577409493209903,1,0,0,Suspected_False_Positive,4,1,0.070106416940689,0.9298935532569884,train,tf is this ghetto ass bullshit called life
False,2.656236585522904,1,0,0,Suspected_False_Positive,4,1,0.0702119618654251,0.929788053035736,train,user do you remember saying that nazi are very fine people i d say your wishes are absolute bullshit
False,2.6560551444024374,1,1,1,Suspected_False_Negative,2,0,0.9297752380371094,0.0702247023582458,train,no kim you are a failure and your whole life has been
False,2.6556629833124457,1,1,1,Suspected_False_Negative,1,0,0.929747760295868,0.0702522471547126,train,may they be put away for good .
False,2.6533372590931927,1,0,0,Suspected_False_Positive,1,1,0.0704158246517181,0.9295842051506042,train,"Sekolahnya di bubarkan aja,,masa guru gak tau sampai 2hari...gilaaaaa"
False,2.651502322680059,1,1,1,Suspected_False_Negative,1,0,0.9294548630714417,0.0705451518297195,train,dia yg nyanyi gw yg malu ??
False,2.651387526467236,1,1,1,Suspected_False_Negative,4,0,0.9294466972351074,0.0705532506108284,train,yaaaa yaaa kalau liat muka nya sumpah ngeselin sekali sudah operasi sono biar gantengan sedikit kalau jalan mall tidak kenal orang
False,2.64695341862752,1,0,0,Suspected_False_Positive,2,1,0.0708667859435081,0.9291332364082336,train,i be minding my business y  all hoes are weird
False,2.6465270819014566,1,1,1,Suspected_False_Negative,3,0,0.9291030168533324,0.0708970054984092,train,black womenon london transport ...
False,2.6426480641043977,1,1,1,Suspected_False_Negative,1,0,0.9288274049758912,0.0711725503206253,train,she is a repulsive human in every possible level.
False,2.639003046158403,1,1,1,Suspected_False_Negative,3,0,0.9285675883293152,0.0714324489235878,train,ooooo damn! looks like a rainbow! all pretty and shit!
False,2.6387587996129334,1,1,1,Suspected_False_Negative,2,0,0.928550124168396,0.0714498981833458,train,no wonder this races achieve nothing .
False,2.638754211435727,1,1,1,Suspected_False_Negative,1,0,0.9285497665405272,0.071450226008892,val,"kenapa bisa jadi menteri ya tu orang, heran gua"
False,2.637802098870069,1,1,1,Suspected_False_Negative,2,0,0.9284817576408386,0.0715182870626449,train,hahahaha  not my fault that you forgot my birthday  i hate you
False,2.6370723949696817,1,0,0,Suspected_False_Positive,1,1,0.0715704932808876,0.9284295439720154,train,"the antichrist is an a.i bot. selfprogramming, selfaware, sentient and without life."
False,2.6352009486260406,1,1,1,Suspected_False_Negative,3,0,0.9282954931259156,0.0717045590281486,train,women wtf r u doing
False,2.634956278396912,1,0,0,Suspected_False_Positive,5,1,0.0717221051454544,0.9282779097557068,train,yeah if a officer wants to watch his career go down the shitter ........
False,2.633981827971839,1,1,1,Suspected_False_Negative,5,0,0.9282079935073853,0.0717920288443565,train,kini Dhani merasakan apa yang dirasakan Maya dulu. terimakasih ari Lasso knp gak dri dulu.. samawa ya mas ariðŸ¤£ðŸ¤£ðŸ¤£ðŸ¤£
False,2.633499574585863,1,1,1,Suspected_False_Negative,3,0,0.9281733632087708,0.071826659142971,train,u never talk to me shut up
False,2.633042851903271,1,1,1,Suspected_False_Negative,3,0,0.9281404614448548,0.0718594714999198,train,paid protesters. votedemsout  kavanaugh
False,2.631996619338008,1,1,1,Suspected_False_Negative,1,0,0.928065299987793,0.0719346925616264,train,diversity chcgo blck pstr flooded w dth threats ovr endorsement of gop candidate ;u sellout uncle tom ass ngger;
False,2.6309993861553624,1,0,0,Suspected_False_Positive,1,1,0.0720064640045166,0.9279935359954834,train,but about to bring all the ghetto ass shit uptoen
False,2.6308779185827613,1,1,1,Suspected_False_Negative,2,0,0.9279848337173462,0.0720152109861373,train,"Kalau saran saya jika ibu punya videonya viralkan saja, biar kena hukuman anak yg melakukan pembulyan, bawa ke ranah hukum, untuk semua perguruan tinggi dan perusahaan tolong di tandai wajah pembuly ini jangan di terima kalau mau kuliah atau mau melamar kerja"
False,2.630669575011667,1,0,0,Suspected_False_Positive,3,1,0.0720302164554596,0.927969753742218,val,tidak ada perjanjian tdk ada pernikahan ngotot tes DNA ulang lalu mau ngapain andaikan itu anak RK mau nuntut apa hak yg mana
False,2.6306589210701508,1,1,1,Suspected_False_Negative,1,0,0.9279690384864808,0.072030983865261,train,theyre abso shite quality tho
False,2.6305757621653303,1,1,1,Suspected_False_Negative,4,0,0.9279630780220032,0.072036974132061,train,let her testify and move on.
False,2.6304745120887763,1,0,0,Suspected_False_Positive,3,1,0.0720442682504654,0.9279558062553406,train,maaf mukanya jelek attitude nya buruk spesialis plagiat ketauan
False,2.630425804008546,1,0,0,Suspected_False_Positive,4,1,0.0720477774739265,0.9279521703720092,train,go eat some more burgers  butthead!
False,2.629762018065005,1,1,1,Suspected_False_Negative,2,0,0.9279043674468994,0.0720956176519393,train,liberals have no shame. to them the outcome justifies the mean
False,2.629203501567793,1,1,1,Suspected_False_Negative,2,0,0.927864134311676,0.0721358954906463,train,good my people are insufferable you can tell from the exchange between me and paki reactionary
False,2.6288453721396263,1,0,0,Suspected_False_Positive,5,1,0.0721617341041565,0.9278382658958436,train,i would love to see every single one of them deported.
False,2.628192333051481,1,1,1,Suspected_False_Negative,2,0,0.927791178226471,0.0722088739275932,train,and its funny as obama starting talking about gun control shootings started happening. correlationdefinitely so.
False,2.6278383818417805,1,0,0,Suspected_False_Positive,2,1,0.0722344368696212,0.9277656078338624,val,Ko coba ganti model Rambut donkðŸ˜Ž
False,2.627710181519887,1,1,1,Suspected_False_Negative,5,0,0.9277562499046326,0.0722436979413032,train,user user sorry i dont speak ching chong ping pong
False,2.625548723060012,1,0,0,Suspected_False_Positive,1,1,0.0724000185728073,0.9276000261306764,val,shy girls are undercover freaks..;
False,2.6249118191219343,1,0,0,Suspected_False_Positive,3,1,0.0724461451172828,0.92755389213562,train,user he never defended nazis you are a vacant talking head
False,2.6238707670638144,1,1,1,Suspected_False_Negative,2,0,0.9274783730506896,0.0725216045975685,train,Ah prabowo PERCITRAAN
False,2.6230361798415496,1,0,0,Suspected_False_Positive,1,1,0.0725821554660797,0.9274178743362428,train,"everyone they dont like is literally hitler. no, really."
False,2.622911878044633,1,1,1,Suspected_False_Negative,5,0,0.9274088740348816,0.0725911781191825,train,user user why do muzzys hate so much
False,2.622894737720856,1,0,0,Suspected_False_Positive,2,1,0.0725924223661422,0.9274075627326964,train,hati gua berisik bgt
False,2.619548565420313,1,0,0,Suspected_False_Positive,1,1,0.072835735976696,0.9271643161773682,train,fuck your white horse and a carriage
False,2.61863141857614,1,0,0,Suspected_False_Positive,2,1,0.0729025676846504,0.927097499370575,train,2025 full cowo” ketahuan selingkuh😭😭
False,2.6176938743908966,1,1,1,Suspected_False_Negative,3,0,0.9270290732383728,0.0729709491133689,train,user you look like jean luc picard had aids didn  t die and got raped by a camel shutup
False,2.617622098290235,1,1,1,Suspected_False_Negative,1,0,0.9270238280296326,0.0729761868715286,train,kalau cinta adalah fuji pasti di bilang magrib...
False,2.61758932599444,1,1,1,Suspected_False_Negative,4,0,0.9270214438438416,0.0729785785079002,train,PSSI wes bosok cak Sol
False,2.617571868294014,1,0,0,Suspected_False_Positive,5,1,0.0729798525571823,0.9270201325416564,train,Di antara ayat curang terbesar 1 mid -midfield 2 otw 3 tidak belajar 4 tidak ada kredit 5 untuk menghasilkan uang
False,2.617066237708126,1,0,0,Suspected_False_Positive,4,1,0.0730167627334594,0.9269832372665404,train,great picture but absolutely utter bollox
False,2.615324311972261,1,1,1,Suspected_False_Negative,3,0,0.9268559217453004,0.0731440633535385,train,what kind of chinaman speak french i mean gotdam
False,2.614359637559035,1,0,0,Suspected_False_Positive,5,1,0.0732146576046943,0.926785409450531,train,the wayans bros is the most retarded show ever.
False,2.6124293180463014,1,1,1,Suspected_False_Negative,5,0,0.9266439080238342,0.0733561217784881,train,"""Lu diem aja cantik mel kalo ga banyak gaya serius"""
False,2.610971773300602,1,0,0,Suspected_False_Positive,2,1,0.0734631195664405,0.9265368580818176,train,god speed bandit url
False,2.6109403338015547,1,0,0,Suspected_False_Positive,5,1,0.0734654292464256,0.9265345931053162,train,user that boy know all the hoes
False,2.6098660013865302,1,1,1,Suspected_False_Negative,5,0,0.9264556169509888,0.0735443979501724,train,michael schenker michael schenker number day ago take the ghetto out of nfl
False,2.6092329302081785,1,1,1,Suspected_False_Negative,1,0,0.9264090657234192,0.0735909715294838,train,it s just the way they are .
False,2.6089034380952683,1,1,1,Suspected_False_Negative,2,0,0.9263848066329956,0.0736152231693267,train,user please kill yourself
False,2.603788545528222,1,1,1,Suspected_False_Negative,1,0,0.9260072708129884,0.0739927217364311,train,Jika saya ratu Anda sehingga
False,2.6026835424595496,1,0,0,Suspected_False_Positive,2,1,0.0740745291113853,0.9259254932403564,train,that foolish fifth hokage or whoever
False,2.6017377123704164,1,1,1,Suspected_False_Negative,3,0,0.9258553981781006,0.0741446241736412,train,i post exactly how i talk in real life  country and ghetto
False,2.6013554319136696,1,0,0,Suspected_False_Positive,3,1,0.0741729736328125,0.9258270859718324,val,"dia gak mau putih guys pilihan dia sendri kok ,tanskin di luar negri kan mahal ðŸ¥°"
False,2.6009484964912755,1,1,1,Suspected_False_Negative,4,0,0.9257968068122864,0.0742031633853912,train,again she is the goat at her sport but of all athletes ever? absolutely not
False,2.6004196877461,1,1,1,Suspected_False_Negative,5,0,0.9257575869560242,0.0742424130439758,train,podcast sana sini eh🤣
False,2.6000140356819434,1,1,1,Suspected_False_Negative,5,0,0.9257274270057678,0.0742725357413292,train,no asians no women on my profile thank u
False,2.600011427519438,1,1,1,Suspected_False_Negative,1,0,0.9257272481918336,0.0742727294564247,train,Td mikirnya gtu Pngn ngegas jg tp apalah aku ini hanya orng kecil tidak pnya pengaruh Jd ngegasnya sia2 kwkwkwk
False,2.598880928233928,1,1,1,Suspected_False_Negative,2,0,0.925643265247345,0.0743567422032356,train,cantikan berisi kurus sangat kurus auranya
False,2.59834079319305,1,1,1,Suspected_False_Negative,1,0,0.9256030321121216,0.0743969157338142,train,user i am black with all white freinds taco man
False,2.5977704220504,1,1,1,Suspected_False_Negative,5,0,0.9255606532096864,0.0744393616914749,train,this is a teacher or nut job...you be the judge...but remember she is influencing young minds.
False,2.597106250156155,1,1,1,Suspected_False_Negative,5,0,0.9255112409591676,0.0744888186454773,train,gorgeous! and those tits are killer!
False,2.596753131984556,1,1,1,Suspected_False_Negative,2,0,0.9254848957061768,0.074515126645565,train,sejelek image owner ya artis ups artis hallo langsung orang tahu image kamu jelek gentong
False,2.596429624795946,1,1,1,Suspected_False_Negative,3,0,0.9254608154296876,0.0745392367243766,train,why is gay porn literally the funniest thing on earth
False,2.595603237301493,1,1,1,Suspected_False_Negative,1,0,0.925399124622345,0.0746008604764938,train,@Honeymoon??: anj??
False,2.5930578311637724,1,1,1,Suspected_False_Negative,3,0,0.9252089858055116,0.0747909918427467,train,gitulah kalau merasa paling berkuasa
False,2.5913144308037084,1,1,1,Suspected_False_Negative,2,0,0.925078511238098,0.0749214962124824,train,"theres a place for poles , it s called poland ."
False,2.5908791546151924,1,1,1,Suspected_False_Negative,3,0,0.9250458478927612,0.0749541148543357,train,gw lega banget erica gak sma aki aki njirrrr
False,2.590590632558224,1,1,1,Suspected_False_Negative,2,0,0.9250242114067078,0.0749757438898086,train,user user i hate you so fckin much
False,2.5900750185324712,1,1,1,Suspected_False_Negative,5,0,0.9249855875968932,0.0750144124031066,val,makin hari makin menjadi jadi logo Arsenal yang satu ini
False,2.5900643911361856,1,1,1,Suspected_False_Negative,2,0,0.9249847531318665,0.0750152096152305,train,"""Yang datang buat hiburan, pulangnya malah dapat PR buat mikir. 😅"""
False,2.588932276980166,1,1,1,Suspected_False_Negative,3,0,0.9248998165130616,0.0751001834869384,train,suka cukur jembut manggung
False,2.588580743660432,1,0,0,Suspected_False_Positive,3,1,0.0751265883445739,0.9248733520507812,train,maybe they are not so uneducated and knows about their fate .
False,2.587609610772107,1,0,0,Suspected_False_Positive,5,1,0.075199581682682,0.924800455570221,train,what the fuck does racism even mean now?
False,2.585192172818989,1,0,0,Suspected_False_Positive,1,1,0.0753815919160842,0.9246184229850768,train,conservatives arent violent  liberals are.
False,2.584238937533773,1,1,1,Suspected_False_Negative,3,0,0.924546480178833,0.075453482568264,val,you forgot africa..
False,2.5841016927570046,1,0,0,Suspected_False_Positive,5,1,0.0754638388752937,0.9245361685752868,train,aki-aki bukan sembarang aki-aki ya ges
False,2.583951238833087,1,1,1,Suspected_False_Negative,4,0,0.9245247840881348,0.0754751935601234,train,if you search around you can probably find  hoax of the th century  for free on the net .
False,2.5835506323812223,1,1,1,Suspected_False_Negative,1,0,0.9244946241378784,0.0755054354667663,train,y;all whitey gots to pay fo da preparations
False,2.5815683211114373,1,1,1,Suspected_False_Negative,2,0,0.9243447780609132,0.0756552591919899,train,i went back a cpl years ago and the black vermin were everywhere .
False,2.580998083688392,1,1,1,Suspected_False_Negative,1,0,0.9243015646934508,0.0756984129548072,train,ff  he is an alien from the future  url
False,2.5801743145029863,1,1,1,Suspected_False_Negative,4,0,0.9242392778396606,0.0757607966661453,train,user a born again muslim is that like new socialism
False,2.57948467282928,1,1,1,Suspected_False_Negative,4,0,0.9241868853569032,0.0758130624890327,train,user user your mother was gang raped and gave birth to you
False,2.5791904787097435,1,0,0,Suspected_False_Positive,2,1,0.0758353695273399,0.9241645932197572,train,im imagining their new diversity training. just please give the blacks whatever they want...
False,2.575398180983591,1,0,0,Suspected_False_Positive,4,1,0.0761235058307647,0.9238764643669128,train,@Orang Susah:senyam senyum lu kira Iklan pepsoden
False,2.573390434638722,1,1,1,Suspected_False_Negative,4,0,0.9237234592437744,0.076276496052742,train,ikkk he is a fucking prince al mn al stories btain disney kida ahhooo
False,2.572048157602427,1,1,1,Suspected_False_Negative,4,0,0.9236210584640504,0.0763789489865303,train,Perilaku lu di luar pria sehat sehat
False,2.5713766705581738,1,1,1,Suspected_False_Negative,3,0,0.923569679260254,0.0764302536845207,train,ur mom gay
False,2.57114254599582,1,1,1,Suspected_False_Negative,1,0,0.9235517978668212,0.0764481499791145,val,ALAYY BGT
False,2.570737587292468,1,0,0,Suspected_False_Positive,5,1,0.0764791145920753,0.9235208630561828,train,he has been on the take...ukranian money...he is dirty
False,2.57020737444985,1,1,1,Suspected_False_Negative,2,0,0.9234803318977356,0.076519675552845,train,user i really fucking hate you right now
False,2.569300022790997,1,1,1,Suspected_False_Negative,4,0,0.9234108924865724,0.0765891373157501,train,niggas cry and complain so much i am starting to think you all the real females in the relationship
False,2.568705819416897,1,1,1,Suspected_False_Negative,2,0,0.923365354537964,0.0766346603631973,train,"Kegagalan total Timnas Korea di Piala Dunia 2026 bukanlah sebuah kebetulan, melainkan akibat langsung dari keserakahan finansial, kebebalan taktik pelatih, dan rusaknya integritas KFA. Menunjuk pelatih yang track record-nya sudah cacat sejak 2014, memberinya gaji selangit, lalu membiarkannya merusak potensi generasi emas sepak bola Korea demi lingkaran politik internal adalah bentuk pengkhianatan nyata terhadap pemain, anggaran negara, dan ekspektasi jutaan fans yang sudah berkorban materi demi mendukung timnas."
False,2.5668796157349574,1,0,0,Suspected_False_Positive,3,1,0.076774738729,0.9232253432273864,train,i used to let so much shit stress me out how ghetto
False,2.565667292291082,1,1,1,Suspected_False_Negative,5,0,0.9231321215629578,0.0768678709864616,train,permukaan kasar di bagian kasar
False,2.562687254369985,1,1,1,Suspected_False_Negative,3,0,0.9229027032852172,0.0770972818136215,train,california golden west college cops crack down on questions about islam
False,2.562007728728842,1,1,1,Suspected_False_Negative,3,0,0.9228503108024596,0.0771496891975402,train,both sides have promised wall since ever y should anyone believe anything they say????? ?promised since
False,2.5610643654430483,1,0,0,Suspected_False_Positive,1,1,0.077222503721714,0.9227774143218994,train,Kerusakan Nya ..... Gaada
False,2.5609489796438445,1,1,1,Suspected_False_Negative,1,0,0.9227685928344728,0.0772314146161079,train,rahm emanuels failure is an ill omen for all democrats  url tcot maga rednationrising
False,2.5600773595571384,1,0,0,Suspected_False_Positive,2,1,0.0772987604141235,0.9227012395858764,train,terciduk all blacks lain macam england ni
False,2.5585776457395384,1,1,1,Suspected_False_Negative,3,0,0.9225852489471436,0.0774147734045982,train,Berapa jauh lebih banyak dari banyak uang tanpa peta segalanya
False,2.5566710746183894,1,1,1,Suspected_False_Negative,2,0,0.9224374890327454,0.0775625109672546,val,Huek cuiih cuih cuihh
False,2.5527531149347653,1,1,1,Suspected_False_Negative,3,0,0.9221330285072328,0.0778669938445091,train,senator  is an anchor baby! go back from where you came. natural born canadian
False,2.5512331912110384,1,0,0,Suspected_False_Positive,1,1,0.0779854357242584,0.9220145344734192,train,you are the racist. serenas outburst and pure hate was the worst ive seen in tennis
False,2.550261658640946,1,1,1,Suspected_False_Negative,1,0,0.9219387173652648,0.0780612379312515,train,amazing how the pope is afraid of the truth
False,2.547378502262598,1,1,1,Suspected_False_Negative,3,0,0.9217133522033693,0.078286625444889,val,kesabaran ariel tatum diuji banget😂😂😂
False,2.546610580572657,1,1,1,Suspected_False_Negative,3,0,0.9216532111167908,0.0783467665314674,train,user even their fellow asians hate them
False,2.546232639491312,1,0,0,Suspected_False_Positive,3,1,0.0783763825893402,0.9216235876083374,train,he is complicit and took the money. he is going too !!!
False,2.546172372283223,1,0,0,Suspected_False_Positive,2,1,0.0783811062574386,0.9216188788414,val,i hate comin to mfkn newark these asians can  t fuccin drive for shit
False,2.5457759730202523,1,1,1,Suspected_False_Negative,4,0,0.9215877652168274,0.0784121826291084,train,tommys book busts the myth that islam is a religion of peace
False,2.545541020736669,1,1,1,Suspected_False_Negative,1,0,0.9215694665908812,0.0784306079149246,train,the way this niggah just flinched at this movie was priceless
False,2.544680159201017,1,1,1,Suspected_False_Negative,1,0,0.9215018153190612,0.0784981548786163,train,Cooooookkkkkkkk jiji kelelawar sesuatu nah terbuka malem2 godaan2
False,2.543694677425815,1,1,1,Suspected_False_Negative,1,0,0.9214245080947876,0.0785755515098571,train,get back on your peanut farm old man
False,2.543110279247577,1,1,1,Suspected_False_Negative,5,0,0.9213785529136658,0.0786214843392372,val,yg dibahas ini lagiii ini lg ga bosen cok
False,2.540727595743215,1,1,1,Suspected_False_Negative,2,0,0.9211909770965576,0.0788090378046035,train,the diamond way and national socialism
False,2.5392289419269707,1,0,0,Suspected_False_Positive,4,1,0.0789272338151931,0.9210728406906128,train,i dont think hes guilty....this is what you leftwingers do...make up sexual assault claims about conservatives.
False,2.5390055265927365,1,1,1,Suspected_False_Negative,1,0,0.9210551381111144,0.0789448693394661,train,i will watch teresa may speech if she gets shot
False,2.5331370520709138,1,1,1,Suspected_False_Negative,5,0,0.9205904603004456,0.0794095173478126,train,the politicization of the fbi....
False,2.532977093612863,1,0,0,Suspected_False_Positive,3,1,0.0794222205877304,0.9205778241157532,train,berarti cowo tulus tu gaada yaðŸ¥º
False,2.532100637850988,1,0,0,Suspected_False_Positive,4,1,0.0794918611645698,0.9205081462860109,train,"makanya kalo jerawatan jgn di pencet, malah bopeng anjir"
False,2.5317440679484284,1,1,1,Suspected_False_Negative,4,0,0.9204797148704528,0.0795202106237411,train,wkwkq riyaaaa ih si ibu????
False,2.531620867696663,1,1,1,Suspected_False_Negative,1,0,0.9204700589179992,0.0795300081372261,val,thats some world class california edjumakation right there
False,2.5316015692603977,1,0,0,Suspected_False_Positive,4,1,0.079531542956829,0.9204684495925904,train,user user what a vile islamist you have become shame
False,2.5303331861746483,1,0,0,Suspected_False_Positive,3,1,0.0796324834227562,0.9203675389289856,train,Kalian minggir dulu !
False,2.5293045325661505,1,1,1,Suspected_False_Negative,1,0,0.9202855229377748,0.0797144398093223,train,"""Cocok kok, emang orang baik mah buat org baik, kalo yg bejat mah emang cocok buat yang bejat juga ehehe"""
False,2.527815608438772,1,1,1,Suspected_False_Negative,3,0,0.9201668500900269,0.0798332169651985,train,Percuma ke bioskop tapi ada yang mewing anjir🗿
False,2.527051833480243,1,1,1,Suspected_False_Negative,4,0,0.920105755329132,0.0798942148685455,train,it was a disagreement between a fucking umpire and a player! it was not abusive!
False,2.524637286688692,1,1,1,Suspected_False_Negative,1,0,0.9199126362800598,0.0800873562693595,train,14 modal nomad 15 ribuan dan sekotak popcorn modus mesum dilancarkan pertama tama kamu merasa aneh lama lama kamu izinkan maksiat
False,2.524219201226586,1,1,1,Suspected_False_Negative,1,0,0.919879138469696,0.0801208466291427,train,magrib bgt
False,2.5241132891915927,1,0,0,Suspected_False_Positive,5,1,0.0801293328404426,0.919870674610138,train,u refer bto the jews of course for they are asians
False,2.523862641303612,1,1,1,Suspected_False_Negative,4,0,0.9198505878448486,0.0801494196057319,val,aura judol mya kuat banget
False,2.5236657742954693,1,0,0,Suspected_False_Positive,3,1,0.0801651999354362,0.9198347926139832,train,"""Hapus ajh ni poto ngk tau malu bgt lu bang"""
False,2.5235619653287813,1,1,1,Suspected_False_Negative,4,0,0.9198265075683594,0.080173522233963,train,swedish man haters club meeting
False,2.52210605834622,1,1,1,Suspected_False_Negative,3,0,0.9197097420692444,0.0802903324365615,train,i hate you
False,2.521747839134408,1,0,0,Suspected_False_Positive,2,1,0.0803190991282463,0.9196808934211732,train,all those evil irish ignorant racists
False,2.5208631858992843,1,1,1,Suspected_False_Negative,5,0,0.919609785079956,0.0803901851177215,train,animal is the operative word !
False,2.5194230458706905,1,1,1,Suspected_False_Negative,5,0,0.9194939732551576,0.0805060416460037,train,user the immigrants that wanted to create a land for immigrants
False,2.519403148495797,1,0,0,Suspected_False_Positive,3,1,0.080507643520832,0.9194923639297484,train,"sejelek-jelek nya dia, dia tetap ibu yg bertaruh nyawa untuk melahirkan anak anak nya."
False,2.519341515419137,1,0,0,Suspected_False_Positive,3,1,0.0805126056075096,0.9194874167442322,train,"""bego banget gue baru sadar file-nya corrupt"""
False,2.518703845341967,1,1,1,Suspected_False_Negative,2,0,0.9194360375404358,0.0805639624595642,train,i do not have a pinterest so you know i am not gay
False,2.5180201871627204,1,1,1,Suspected_False_Negative,1,0,0.9193809032440186,0.0806190595030784,val,maghrib bangetðŸ˜‚
False,2.516832408799188,1,1,1,Suspected_False_Negative,1,0,0.9192851185798644,0.0807148739695549,train,user hate you too
False,2.516450698231018,1,1,1,Suspected_False_Negative,2,0,0.9192543029785156,0.0807456895709037,train,reading tweets from muslim twitter has made me islamophobic
False,2.5142784807983976,1,1,1,Suspected_False_Negative,2,0,0.9190787076950072,0.0809212774038314,train,piece of     deserves to be shot .
False,2.513596460205497,1,0,0,Suspected_False_Positive,4,1,0.0809764862060546,0.91902357339859,train,if i see a single person being islamophobic you are just as bad as the people causing this mess
False,2.513410710911033,1,0,0,Suspected_False_Positive,3,1,0.0809915289282798,0.9190084338188172,train,as we should declare antifa a terrorists group and investigate all of its members.
False,2.5130535693804568,1,1,1,Suspected_False_Negative,4,0,0.9189795255661012,0.0810204595327377,train,"biasanya klo berita2 bgini banyak yg komen “tebak agama”, kok kosong ya skrg ?"
False,2.5129304435265984,1,1,1,Suspected_False_Negative,2,0,0.9189695715904236,0.081030435860157,train,"""when i start i never stop"" pretttttttt🗿🗿"
False,2.509682972409907,1,1,1,Suspected_False_Negative,1,0,0.9187059998512268,0.0812940075993537,train,masnya butuh pengakuan kalo dia kaya ??
False,2.509413833130264,1,0,0,Suspected_False_Positive,5,1,0.0813158899545669,0.9186840653419496,train,Capek bgt Ya Allah.. mau ga peduli tp gabisa..
False,2.5091056536185743,1,1,1,Suspected_False_Negative,1,0,0.9186590313911438,0.081340953707695,train,why was number afraid of number because number raped number when it was number
False,2.50900783289567,1,1,1,Suspected_False_Negative,2,0,0.918651044368744,0.0813489109277725,train,not now hell no he offered that last year no go now.
False,2.5090070086043927,1,0,0,Suspected_False_Positive,3,1,0.0813489779829979,0.918651044368744,train,"""Jangan cuman bisa ngehina Dong Sadar Kalian Itu Ga sempurna sama kaya kami"""
False,2.507115951023968,1,1,1,Suspected_False_Negative,4,0,0.9184970855712892,0.0815029591321945,train,i have no doubt los angeles is a cess pool .
False,2.5057915873335896,1,1,1,Suspected_False_Negative,2,0,0.918389081954956,0.0816109701991081,train,Bagaimana saya bisa tidur jika Anda masih berpikir orang yang kita cintai tidak apa -apa untuk tidur saat dia membutuhkan saya untuk tidak melakukannya
False,2.5055174694417373,1,1,1,Suspected_False_Negative,3,0,0.9183666706085204,0.0816333442926406,train,george soros wants to remove slovakias antiimmigration government.
False,2.503223686903192,1,1,1,Suspected_False_Negative,4,0,0.9181791543960572,0.0818208083510398,train,Kmu g salah sayang kamu benar kalo ga virl cowok caper itu akan terus begitu
False,2.502195604867154,1,1,1,Suspected_False_Negative,1,0,0.918095052242279,0.0819049701094627,train,gitmo could resolve holders issues along with all of obamas clowns
False,2.5017583351873034,1,1,1,Suspected_False_Negative,3,0,0.9180591702461244,0.0819407925009727,train,beto or whomever move and support immigrantsilegals into your home
False,2.501587226358034,1,1,1,Suspected_False_Negative,5,0,0.9180452227592468,0.0819548144936561,train,he is right though... you do have a whiff
False,2.501334980608253,1,1,1,Suspected_False_Negative,3,0,0.9180245399475098,0.0819754898548126,train,Tasyi ternyata redflag juga ya
False,2.500923706531541,1,0,0,Suspected_False_Positive,3,1,0.0820092111825943,0.9179908037185668,train,just like a white boy would say boy u full of crap
False,2.500872740680967,1,0,0,Suspected_False_Positive,1,1,0.0820133909583091,0.9179866313934326,train,kamijou kept running and kicked a slightly dirty polyethylene bucket scaring a black cat away
False,2.500522500218601,1,0,0,Suspected_False_Positive,4,1,0.0820421203970909,0.917957842350006,train,Kelanjutannya ceweknya minta maaf langsung ke rumah fauzan https://youtu.be/RZ40anHeu1E?si=4TjPXohD5hmJ6leK
False,2.4999842083774384,1,1,1,Suspected_False_Negative,4,0,0.9179137349128724,0.08208629488945,train,user ur gay bruh rlly user unfollow
False,2.4956628778584844,1,1,1,Suspected_False_Negative,4,0,0.9175581932067872,0.0824417844414711,train,user the redneck belt and the casual racism
False,2.495496332741656,1,1,1,Suspected_False_Negative,5,0,0.9175444841384888,0.0824555158615112,train,i thought it was because you werent very funny and lacked in talent as a comedian.
False,2.49464479273782,1,0,0,Suspected_False_Positive,2,1,0.082525759935379,0.9174742102622986,train,this single shit ghetto
False,2.494577354448907,1,1,1,Suspected_False_Negative,3,0,0.9174686670303344,0.0825313255190849,train,user user dont fuck nazi beat them within an ince of their life
False,2.4945198504241737,1,0,0,Suspected_False_Positive,4,1,0.0825360715389251,0.9174639582633972,train,but you are much prettier .
False,2.4925376684847578,1,0,0,Suspected_False_Positive,5,1,0.0826998353004455,0.9173001646995544,train,Harus nya diganti PLONGO
False,2.491641386150142,1,1,1,Suspected_False_Negative,5,0,0.917226016521454,0.0827739909291267,train,mau klarifikasi pun harus dandan dlu. tau bgt kayaknya dia biar g di jadiin bahan candaan wkwkk🤣
False,2.490819382388825,1,1,1,Suspected_False_Negative,5,0,0.9171579480171204,0.0828420594334602,train,same here.in fact i trust putin more than all of the liberals  congress all together.
False,2.488991641697304,1,1,1,Suspected_False_Negative,2,0,0.9170064330101012,0.0829936116933822,train,kaka2NYA cakep kok adeNYA kayak... sudahlah no komen
False,2.4855364221134084,1,1,1,Suspected_False_Negative,2,0,0.916719138622284,0.0832808688282966,train,Sedikit dari kakgendutin jelas merupakan cantekkk
False,2.484899646266764,1,0,0,Suspected_False_Positive,2,1,0.0833339169621467,0.9166661500930786,train,user user imo republicans think they are entitled to rape pigs filthy rotten pigs
False,2.4843341322804275,1,1,1,Suspected_False_Negative,1,0,0.9166189432144164,0.0833810567855835,train,f hope! since hes not smarter than a th grader maybe she is!
False,2.4837829589506946,1,1,1,Suspected_False_Negative,4,0,0.9165729880332948,0.0834270268678665,train,Pragos
False,2.481548506540141,1,1,1,Suspected_False_Negative,1,0,0.9163863658905028,0.0836136490106582,train,and he is shuting up.  dont mess with yumi. dont ever mess with ms. yuzuki.
False,2.481524002352307,1,1,1,Suspected_False_Negative,5,0,0.9163843393325806,0.0836156979203224,train,Jika Anda membuat banyak manyun mas mas nyun
False,2.480186183422405,1,1,1,Suspected_False_Negative,1,0,0.9162723422050476,0.0837276354432106,train,user shameless never did anything fr kashmiri pandits and talking of humanity you jihadi funded third grade ngo
False,2.479344641836938,1,1,1,Suspected_False_Negative,4,0,0.9162018895149232,0.0837981253862381,train,"london changed its name, its now called jahidistan"
False,2.47873027731423,1,0,0,Suspected_False_Positive,4,1,0.083849623799324,0.9161503314971924,train,i hate ryan murphy as much as ryan murphy hates dykes
False,2.4784639211283364,1,1,1,Suspected_False_Negative,3,0,0.9161280393600464,0.0838719606399536,train,user why do u live in the ghetto ratatata
False,2.477308163961512,1,0,0,Suspected_False_Positive,3,1,0.0839689522981643,0.916031002998352,train,i was under the impression that london was turning into a shithole....?
False,2.476142928492921,1,1,1,Suspected_False_Negative,4,0,0.915933072566986,0.0840668529272079,train,the truth for the gun controlantia url
False,2.475257760856568,1,1,1,Suspected_False_Negative,4,0,0.9158586859703064,0.0841412991285324,train,the parade needed at least one severed head in honor of muslim culture
False,2.474988167206933,1,0,0,Suspected_False_Positive,3,1,0.08416398614645,0.915835976600647,train,didnt get an email confirmation  are they perhaps mucking with us
False,2.473819794562254,1,1,1,Suspected_False_Negative,3,0,0.9157376289367676,0.084262378513813,train,how come identitarians or racialists are never doing prolife activism?
False,2.473624225993319,1,1,1,Suspected_False_Negative,1,0,0.9157211184501648,0.0842788591980934,train,user user donate it to jews
False,2.47267345206158,1,1,1,Suspected_False_Negative,5,0,0.915640950202942,0.0843590274453163,train,"Makin hari makin kasian liatnya, ga berkembang-berkembang"
False,2.472509720377703,1,1,1,Suspected_False_Negative,1,0,0.9156271815299988,0.084372840821743,train,rt if you hate yourself p.s. i hate you too
False,2.471778730290581,1,0,0,Suspected_False_Positive,3,1,0.0844345390796661,0.9155654907226562,train,Wkkwkwkw savage balesan2 komen2 kamu kakðŸ˜‚ðŸ˜‚ðŸ˜‚
False,2.4708854254657204,1,1,1,Suspected_False_Negative,5,0,0.9154899716377258,0.0845099985599517,train,user i dont like illegal immigrants and im dominican maga and ramfis trujillo number
False,2.468794028109424,1,1,1,Suspected_False_Negative,2,0,0.9153130650520324,0.0846869274973869,train,i  m happy i came up around whites imagine being raised in the ghetto
False,2.468630842364405,1,1,1,Suspected_False_Negative,2,0,0.9152992963790894,0.0847007483243942,train,baru kali ini liat behel yang modelnya jelek bgt
False,2.466974277770773,1,0,0,Suspected_False_Positive,2,1,0.084841176867485,0.9151588678359984,train,the blackguard pretends to be a barbarian at heaven
False,2.4666585341744263,1,1,1,Suspected_False_Negative,5,0,0.9151320457458496,0.0848679691553115,train,declassifydocuments i love watching liberals like maria squirm. outnumbered
False,2.4648599256854924,1,1,1,Suspected_False_Negative,4,0,0.9149792790412904,0.0850207507610321,train,he is so lame outside the cage. killer in the cage
False,2.462479332921434,1,1,1,Suspected_False_Negative,3,0,0.914776623249054,0.0852233916521072,val,"PD bisa, tapi jangan berlebihan"
False,2.462213773688233,1,1,1,Suspected_False_Negative,2,0,0.914754033088684,0.0852460265159607,train,this is mainly  fault. he is to blame
False,2.4608673080962,1,0,0,Suspected_False_Positive,3,1,0.0853608846664428,0.9146391153335572,train,well duh. thats who he is. he defends other abusers so theyll defend him.
False,2.460711257713604,1,0,0,Suspected_False_Positive,1,1,0.0853742063045501,0.9146257638931274,val,"catering to black racists and illiterate , dependent moochers is schumers real deal ! term limits"
False,2.458796823539417,1,1,1,Suspected_False_Negative,5,0,0.9144622087478638,0.0855378061532974,train,pompeo is a beast!!
False,2.458159347327948,1,0,0,Suspected_False_Positive,2,1,0.0855923518538475,0.9144076108932496,train,youre black? your name looks hungarian. you marry a hunky?
False,2.4568058082478115,1,1,1,Suspected_False_Negative,2,0,0.9142916798591614,0.0857082828879356,train,user they are not refugees they are not fleeing they are coming because you are a ferry
False,2.4554292708060026,1,1,1,Suspected_False_Negative,1,0,0.9141736030578612,0.0858263447880745,train,was al gore nominated for supreme court judge? you conservatives have some nerve.
False,2.4541642953614247,1,1,1,Suspected_False_Negative,4,0,0.9140650629997252,0.0859349817037582,train,support the ram . free the ram !
False,2.451400214884617,1,0,0,Suspected_False_Positive,5,1,0.086172841489315,0.9138271808624268,train,hewbris heeb jewbris jew needs to be a thing
False,2.4512292098657475,1,1,1,Suspected_False_Negative,5,0,0.9138123989105223,0.0861875787377357,train,what i cant like he is legit watching my ever move in rehab!!!
False,2.4508993859218435,1,0,0,Suspected_False_Positive,2,1,0.0862160101532936,0.9137839674949646,train,you guys conservatives are too nice. they would destroy you.
False,2.4496712820917006,1,0,0,Suspected_False_Positive,5,1,0.0863219574093818,0.9136780500411988,val,yes you can be a bigoted racist homophobic pile of redundant protoplasm and others will gladly show your terrible ass the door
False,2.448998019880605,1,1,1,Suspected_False_Negative,1,0,0.9136199355125428,0.0863800942897796,train,fredy ni orang indo apa bukan si
False,2.448892192505138,1,1,1,Suspected_False_Negative,5,0,0.913610816001892,0.086389236152172,train,user never trust arabs
False,2.4479342184232027,1,1,1,Suspected_False_Negative,2,0,0.9135280251502992,0.0864720344543457,train,user why are we asking this lesbian about politics
False,2.447194793362452,1,0,0,Suspected_False_Positive,3,1,0.0865359976887703,0.9134640693664552,train,user you me being retarded elderly pepo
False,2.446407994602911,1,1,1,Suspected_False_Negative,4,0,0.9133959412574768,0.0866041108965873,train,pasang behel mba jd ga jigongan...
False,2.4460329726756456,1,1,1,Suspected_False_Negative,1,0,0.9133633971214294,0.0866365954279899,train,disgusting italian university calls for the assassination of interior minister matteo salvini
False,2.443459183344076,1,1,1,Suspected_False_Negative,4,0,0.9131401181221008,0.0868598669767379,val,obama to cubans you can not stay sorry cubans but what about the illegal immigrants from mexico obama they get to stay they vote democrat result obama just guaranteed trump will win florida in number gab gabfam speakfreely maga cuba
False,2.441939426408052,1,0,0,Suspected_False_Positive,3,1,0.086991973221302,0.9130080342292786,train,they have properly learnt their zionist lesson ...
False,2.441873052372351,1,0,0,Suspected_False_Positive,3,1,0.0869977474212646,0.9130022525787354,train,r they actually retarded
False,2.435835038036229,1,1,1,Suspected_False_Negative,3,0,0.9124754071235656,0.0875246301293373,train,user netflix will you be releasing a homosexual movie about profit mohammad just in time for eid just wondering
False,2.43556199261375,1,1,1,Suspected_False_Negative,3,0,0.912451446056366,0.0875485315918922,train,kasihan muda sudah stresss
False,2.435160900862848,1,1,1,Suspected_False_Negative,4,0,0.9124163389205932,0.0875836536288261,val,birahi dibalik profesi
False,2.4345336348587976,1,1,1,Suspected_False_Negative,5,0,0.9123613834381104,0.087638609111309,train,qanon  maga   for those who think nothing is happening! url
False,2.4340958193750906,1,0,0,Suspected_False_Positive,1,1,0.0876769870519638,0.9123230576515198,train,ngab itu muka jerawat bukan? kalo jerawat gua kasih tips buat ngilanginnya??
False,2.433904298189025,1,1,1,Suspected_False_Negative,5,0,0.9123061895370485,0.0876937806606292,train,sampai ajal menjemput tidak dapat ketenangan....
False,2.431997036991381,1,1,1,Suspected_False_Negative,1,0,0.912138819694519,0.0878611952066421,train,i bet there are hella rednecks who just got super pissed at that coke commercial
False,2.4313065839288512,1,1,1,Suspected_False_Negative,3,0,0.9120781421661376,0.0879218801856041,train,y  all are so so sick i hate you niggas
False,2.430928372014345,1,1,1,Suspected_False_Negative,1,0,0.9120448231697084,0.0879551395773887,train,"Udah ada yang nolong belum, Butuh bantuan?"
False,2.430390107318922,1,1,1,Suspected_False_Negative,2,0,0.9119975566864014,0.0880024954676628,train,paling ga bisa soal Buzz Lightyear??????
False,2.429983890718123,1,0,0,Suspected_False_Positive,3,1,0.0880382508039474,0.9119617342948914,train,PRESIDEN SOEHARTO ADALAH PAHLAWAN NASIONAL DAN PRESIDEN SOEHARTO ADALAH BAPAK PEMBANGUNAN.
False,2.42779254304888,1,1,1,Suspected_False_Negative,2,0,0.911768674850464,0.0882313847541809,train,bernie up to his . you are not telling the whole truth. walkawayfromdemocratsnow
False,2.4272723365788385,1,0,0,Suspected_False_Positive,3,1,0.0882772952318191,0.9117226600646972,val,"""Suka heran sama yg ngehina fisik,, ternyata bener ya kita semua pendosa dengan cara kita sendiri,,"""
False,2.42612836191945,1,0,0,Suspected_False_Positive,3,1,0.0883783400058746,0.9116216897964478,train,"""Kok mirip siwon ya lama2, apa perasaan gw aja."""
False,2.424166359576681,1,1,1,Suspected_False_Negative,3,0,0.911448061466217,0.0885519087314605,val,user that wall was built for different reasons terrorism not illegal immigrants
False,2.4226196695118847,1,1,1,Suspected_False_Negative,2,0,0.9113110303878784,0.0886889770627021,train,user user it is no surprise as trudeau openly supports isis refugees and hamas
False,2.421429397228734,1,0,0,Suspected_False_Positive,3,1,0.0887946039438247,0.9112054109573364,train,berarti cowo tulus tu gaada ya🥺
False,2.4211812280623373,1,1,1,Suspected_False_Negative,5,0,0.9111833572387696,0.0888166427612304,train,banyak gaya luh rumah sepetak aja ????
False,2.420081735819013,1,1,1,Suspected_False_Negative,5,0,0.9110856652259828,0.0889143496751785,train,ini gara2 indra. coky bisa make lagi coookkkk WKAKWKWKWAKWKAKWK:face-purple-crying::face-purple-crying::face-blue-smiling::face-blue-smiling::face-blue-smiling:
False,2.41974116702227,1,0,0,Suspected_False_Positive,3,1,0.088944636285305,0.9110553860664368,val,itu Sopirnya Kunci dari dalam Pintu nya jadi tukang buka Nya harus make linggis makanya mahal
False,2.4186952193708904,1,0,0,Suspected_False_Positive,4,1,0.0890377163887023,0.9109622836112976,train,liberals have to sexualize everything.
False,2.4186289478564715,1,1,1,Suspected_False_Negative,5,0,0.91095632314682,0.0890436172485351,train,"""Gw melihat cewek murahan di postingan ini"""
False,2.417071994818319,1,1,1,Suspected_False_Negative,2,0,0.9108176827430724,0.089182361960411,val,mandi g sih?
False,2.416089675155797,1,0,0,Suspected_False_Positive,2,1,0.0892700105905532,0.9107299447059632,train,people are still retarded i see
False,2.4160262466691407,1,1,1,Suspected_False_Negative,2,0,0.9107243418693542,0.0892756730318069,train,people who ship kylorey just wanna justify their own relationship with their nazi boyfriend
False,2.4152253909120063,1,1,1,Suspected_False_Negative,4,0,0.9106528162956238,0.0893471986055374,train,user i really fucking hate you
False,2.41425546273292,1,1,1,Suspected_False_Negative,1,0,0.9105660319328308,0.0894339010119438,train,i bet he is sayin wat his daddy says most... dont start me baby
False,2.414160745753555,1,0,0,Suspected_False_Positive,5,1,0.0894423723220825,0.9105576276779176,train,Innalilahi wa innailaihi rojiun RIP HUKUM di INDONESIA 👎🏻⚰️🥀📴
False,2.4133431539715584,1,0,0,Suspected_False_Positive,2,1,0.0895155295729637,0.910484492778778,train,is sweating. he knows he is screwed..tick rock. orange is the new orange.
False,2.413146329027735,1,0,0,Suspected_False_Positive,2,1,0.0895331501960754,0.9104668498039246,val,"surprise! neocon pog traitor ralph peters, who endlessly shilled for the useless bush wars, doesnt think civilians should have semiautomatic rifles because theyre weapons of war that should only be in the hands of military men like him."
False,2.41253679202196,1,1,1,Suspected_False_Negative,3,0,0.9104123115539552,0.0895877406001091,train,treasonousgoverment california tries new tack on gun violence bullet control url
False,2.4125288913610445,1,1,1,Suspected_False_Negative,2,0,0.9104114770889282,0.0895884484052658,train,i always hated the aclu. totally un american group
False,2.411793405360338,1,1,1,Suspected_False_Negative,3,0,0.9103456139564514,0.0896543636918068,train,"youtube  brussels on   for a free europe , against islamization"
False,2.411020344200831,1,1,1,Suspected_False_Negative,1,0,0.9102763533592224,0.0897236987948417,train,a code word for the white genocide also
False,2.4084437228745257,1,1,1,Suspected_False_Negative,2,0,0.91004478931427,0.0899551808834075,train,really  maga  vote trump
False,2.408145595608413,1,1,1,Suspected_False_Negative,1,0,0.910018026828766,0.0899820029735565,train,user user yes terrorism and hate is islam
False,2.407478609357391,1,1,1,Suspected_False_Negative,3,0,0.909958004951477,0.0900420397520065,train,yall is coons n uncle toms
False,2.406585356187615,1,1,1,Suspected_False_Negative,4,0,0.9098774790763856,0.0901225060224533,train,i don  t have to respect women i  m gay  kevin
False,2.403437300629936,1,1,1,Suspected_False_Negative,2,0,0.9095933437347412,0.0904066637158393,train,user error too many teeth to by redneck
False,2.4021934083828502,1,1,1,Suspected_False_Negative,5,0,0.9094808101654052,0.0905191898345947,train,Proses hukum.....biar Dia tau rasa
False,2.4011868595609807,1,1,1,Suspected_False_Negative,2,0,0.9093896746635436,0.090610347688198,train,stop lying liberals. he said that is absolutely nuts
False,2.3997942533113767,1,0,0,Suspected_False_Positive,1,1,0.0907366201281547,0.9092634320259094,train,Anjir gakebayang se trauma apa erika sama percintaannya
False,2.397923272472241,1,1,1,Suspected_False_Negative,5,0,0.90909343957901,0.0909065455198288,train,breaking judge drops all charges against  extremist muslims found at new mexico compound
False,2.3972749436372807,1,1,1,Suspected_False_Negative,1,0,0.909034550189972,0.0909655019640922,train,Saya sangat ingin meminta bantuan Anda untuk menemukan haji loqman bin haji azli ni mugkin Anda tidak tahu selain mugkin
False,2.396486749494733,1,1,1,Suspected_False_Negative,2,0,0.9089627265930176,0.0910372287034988,train,user we have a lot refugees we can share a little bit
False,2.395149134449445,1,0,0,Suspected_False_Positive,4,1,0.0911590829491615,0.9088408946990968,train,amit amit deh orang jahat penjilat pembohong pelakor jijik sekali
False,2.394208682268724,1,1,1,Suspected_False_Negative,5,0,0.9087551832199096,0.0912448540329933,train,loreal hijabi hair model?! makes as much sense as islam.
False,2.394142462415931,1,1,1,Suspected_False_Negative,4,0,0.9087490439414978,0.0912508964538574,train,user user yeah shiff shumer are jews leading this charade witch hunt
False,2.393589767118541,1,0,0,Suspected_False_Positive,2,1,0.0913013443350792,0.9086986780166626,train,now stephanie liking this nigga shit  he getting mad bitches tonight
False,2.391741425690462,1,0,0,Suspected_False_Positive,3,1,0.091470256447792,0.9085297584533693,train,ITU PRAJA BUKAN PROJO
False,2.389824868551797,1,1,1,Suspected_False_Negative,5,0,0.9083542823791504,0.0916457325220108,train,perfect example of why women shouldnt be voting.
False,2.386785059911832,1,1,1,Suspected_False_Negative,3,0,0.9080752730369568,0.0919247418642044,train,years later the liberals wants to do away with it. url
False,2.38589057738961,1,0,0,Suspected_False_Positive,3,1,0.092007003724575,0.9079930186271667,train,"needs a new stock , ramrod and nipples ."
False,2.385563640031879,1,0,0,Suspected_False_Positive,2,1,0.0920370891690254,0.9079629778862,train,hoes that eat loudly will be yeeted loudly
False,2.3835292030367152,1,0,0,Suspected_False_Positive,2,1,0.0922245234251022,0.9077754616737366,train,gendutan?
False,2.3833553636364178,1,1,1,Suspected_False_Negative,5,0,0.9077594876289368,0.0922405570745468,train,gaga sempet benar lora kamu tinggalin kamu orang jahat tidak kamu tidak bahagia tidak
False,2.382529877514372,1,1,1,Suspected_False_Negative,2,0,0.907683253288269,0.0923167318105697,train,Idihhhh cuihhhhhh
False,2.381085705603322,1,0,0,Suspected_False_Positive,5,1,0.0924501493573188,0.9075497984886168,val,i am aware that bringing toiletries on to planes is risky but if a paki wants to bring mouthwash and deodorant on board it a risk i am willing to take
False,2.380440627583676,1,0,0,Suspected_False_Positive,3,1,0.0925098061561584,0.9074901938438416,train,ppl who say im not racist are racist. you are a racist. repeat after me
False,2.3799718436185486,1,0,0,Suspected_False_Positive,1,1,0.0925531834363937,0.9074468016624452,train,and we need to fire all the progressive globalist republicans.
False,2.3795585587955634,1,1,1,Suspected_False_Negative,5,0,0.9074085354804992,0.0925914421677589,train,"""Mbak cadel yg bangga dengan cadelnya,, Harusnya sih kasihan karna cadel tapi lama"" jadi jijik kenapa gak sekalian bisu aja"""
False,2.379554857307984,1,1,1,Suspected_False_Negative,2,0,0.9074082374572754,0.0925917848944664,train,"Skrg sdh banyak anak² songgong, apalagi perempuan, bisa² besok sdh berkeluarga laki²nya bisa ko,id."
False,2.3794273252893285,1,1,1,Suspected_False_Negative,2,0,0.9073963761329652,0.0926035940647125,train,do we have user on the list zionist heeb alert on this guy
False,2.379071528560136,1,1,1,Suspected_False_Negative,1,0,0.9073634743690492,0.0926365479826927,train,how does this maga...?!? is this our tax dollars at work...?!? url
False,2.37811400815193,1,1,1,Suspected_False_Negative,1,0,0.9072746634483336,0.0927252918481826,train,hi im fauxlocaust and im running for king of utopia.
False,2.3777224534845227,1,1,1,Suspected_False_Negative,3,0,0.9072383642196656,0.092761605978012,train,big black and scary another racist piece of hardware added to my collection
False,2.3771009724801515,1,0,0,Suspected_False_Positive,5,1,0.0928192734718322,0.9071807861328124,train,this guy is an apostate he is no more a muslim than jesus christ
False,2.3770745640785536,1,1,1,Suspected_False_Negative,3,0,0.907178282737732,0.0928217247128486,train,"kata gue ape, yg tulus cuma penyanyi 😭"
False,2.375320008827276,1,1,1,Suspected_False_Negative,3,0,0.9070152640342712,0.0929847285151481,train,good little doggie ... or is she a jew?
False,2.3739767821520865,1,1,1,Suspected_False_Negative,2,0,0.9068902730941772,0.0931097120046615,train,user ok let me know when you find a nazi
False,2.371866019865996,1,1,1,Suspected_False_Negative,5,0,0.9066935181617736,0.0933064520359039,train,mike feed the queers to the steers pence lol ok i am all out
False,2.371692998482253,1,0,0,Suspected_False_Positive,3,1,0.0933225974440574,0.9066773653030396,train,punches my small gay ass
False,2.371157516567872,1,1,1,Suspected_False_Negative,1,0,0.9066274166107178,0.0933725833892822,train,he ruined the brand for what? kaepernick?
False,2.370979511790315,1,0,0,Suspected_False_Positive,2,1,0.0933892056345939,0.9066108465194702,train,lengah dikit tamat.
False,2.370880749163098,1,1,1,Suspected_False_Negative,5,0,0.90660160779953,0.0933984294533729,train,and he is planning to run in ? joe lost his natural mind...
False,2.3705501488293668,1,0,0,Suspected_False_Positive,5,1,0.0934293121099472,0.9065706729888916,train,hahahhahahahaha  you people are fucking insane
False,2.3704213679080626,1,1,1,Suspected_False_Negative,4,0,0.9065586924552916,0.0934413447976112,train,one really horrible incident i could show you hundreds of antifa but they didnt kill anybody yet!!!!
False,2.369089080340116,1,1,1,Suspected_False_Negative,5,0,0.9064341187477112,0.0935659185051918,train,Harus nya cek daftar pengunjung mom siapa aja langganan nya🫢
False,2.368220464078356,1,1,1,Suspected_False_Negative,1,0,0.9063528180122375,0.093647226691246,train,when she takes her nigga name out her bio. url
False,2.3680580951430827,1,1,1,Suspected_False_Negative,1,0,0.906337559223175,0.0936624333262443,train,im sure its just all democratic political pay for play
False,2.366926699774184,1,1,1,Suspected_False_Negative,3,0,0.9062315225601196,0.0937684625387191,train,i wonder if they had to walk out in schools near the ghetto
False,2.3661560234944434,1,1,1,Suspected_False_Negative,3,0,0.906159281730652,0.0938407555222511,train,seen niccas come up ... i seen niccas fall
False,2.3659772396859053,1,1,1,Suspected_False_Negative,5,0,0.90614253282547,0.0938575342297554,train,Otak sapa yg ada gangguan
False,2.36418307494159,1,1,1,Suspected_False_Negative,3,0,0.9059739112854004,0.094026081264019,train,emang dia cerdas?ðŸ—¿
False,2.3624286672757853,1,0,0,Suspected_False_Positive,4,1,0.0941911861300468,0.9058087468147278,train,that explains it then she is an alien! lol
False,2.3617637313368665,1,1,1,Suspected_False_Negative,5,0,0.9057461619377136,0.0942538380622863,train,a muzzy is going to kill you david wake up
False,2.357260401917159,1,0,0,Suspected_False_Positive,3,1,0.0946792513132095,0.9053207635879515,train,user mine is a fucking asshole but a pretty cute asshole
False,2.356750759492109,1,1,1,Suspected_False_Negative,5,0,0.9052724838256836,0.0947275161743164,train,tidak usah ngeluh... rebut nih gedung DPR duduki oleh rakyat !!!
False,2.353692309582895,1,0,0,Suspected_False_Positive,1,1,0.0950176790356636,0.904982328414917,train,"jangan komentar Bu, nanti dipenjarakan Bu, nanti di pikir lawan penguasa"
False,2.352762141918721,1,0,0,Suspected_False_Positive,5,1,0.0951061025261879,0.9048938751220704,train,bulan November emang musim birahi ðŸ˜‚
False,2.3518157766234644,1,1,1,Suspected_False_Negative,1,0,0.9048038125038148,0.0951961502432823,train,you never were a slave. spartacus was a slave and a heroic figure. you are neither.
False,2.351324467845348,1,1,1,Suspected_False_Negative,2,0,0.9047570824623108,0.0952429324388504,val,sama sama buzz
False,2.347700131776238,1,0,0,Suspected_False_Positive,5,1,0.0955887511372566,0.904411256313324,train,pedophilia is the worst of all evil
False,2.3455503293033058,1,1,1,Suspected_False_Negative,2,0,0.904205560684204,0.0957944691181182,train,lagi masuk musim kawin dosennya
False,2.3446680305302308,1,1,1,Suspected_False_Negative,4,0,0.9041209816932678,0.0958790257573127,train,always amazing when liberals refer to ethics and morals of which they have none
False,2.343284927806054,1,1,1,Suspected_False_Negative,2,0,0.9039883017539978,0.0960117280483245,train,Korea harus belajar ke Federasi tanjung Verde bang 😂😂
False,2.3421404289588845,1,1,1,Suspected_False_Negative,3,0,0.9038783311843872,0.0961216762661933,train,i wouldnt be too surprised if luke started interrogating random white kids in a chemotherapy ward.
False,2.3365751594292017,1,1,1,Suspected_False_Negative,5,0,0.9033418893814088,0.0966581106185913,train,why doesnt he leave the country if he is so unhappy with america
False,2.3358311344789824,1,1,1,Suspected_False_Negative,5,0,0.90326988697052,0.0967300534248352,train,would you call ice to report an illegal alien note the phone number for ice number dhs number ice
False,2.335559891103702,1,1,1,Suspected_False_Negative,3,0,0.9032437205314636,0.0967562943696975,train,emang dia cerdas?🗿
False,2.335511688027366,1,0,0,Suspected_False_Positive,5,1,0.0967609584331512,0.9032390713691713,train,user user lol no iits not i  ll come game chat and talk retard
False,2.3352814079519613,1,1,1,Suspected_False_Negative,4,0,0.9032167196273804,0.0967832431197166,train,user shut up nazi
False,2.335091818928898,1,0,0,Suspected_False_Positive,4,1,0.0968015938997268,0.9031984210014344,train,he needs shielding from his nana too.
False,2.334937433960669,1,0,0,Suspected_False_Positive,2,1,0.0968165397644043,0.9031834602355956,train,"Nah iki lho promo film,e dewe😂😂"
False,2.3347649911984845,1,1,1,Suspected_False_Negative,2,0,0.9031668305397034,0.096833236515522,train,So wholesome..😭
False,2.333727115489667,1,0,0,Suspected_False_Positive,5,1,0.096933789551258,0.9030661582946776,train,sitting in a crowd slowly shitting my pants and blaming the retard next to me
False,2.333636652331687,1,0,0,Suspected_False_Positive,2,1,0.0969425588846206,0.9030574560165404,train,hitam
False,2.333400272380401,1,0,0,Suspected_False_Positive,1,1,0.0969654768705368,0.903034508228302,train,i said drugs mess up babies that grow up and ruin society for everyone else .
False,2.331195701973608,1,1,1,Suspected_False_Negative,5,0,0.9028204679489136,0.0971794798970222,train,kini Dhani merasakan apa yang dirasakan Maya dulu. terimakasih ari Lasso knp gak dri dulu.. samawa ya mas ari🤣🤣🤣🤣
False,2.3306715052313915,1,0,0,Suspected_False_Positive,2,1,0.0972304344177246,0.9027695655822754,train,he needs more gun control!
False,2.330107145515893,1,1,1,Suspected_False_Negative,1,0,0.9027146697044371,0.0972853228449821,train,gw kelangkaan senyumnya njir??
False,2.326375932675244,1,0,0,Suspected_False_Positive,3,1,0.0976489931344986,0.9023510217666626,train,speaking of dumbasses....cali teaches the class!!  lol
False,2.3263512119054925,1,1,1,Suspected_False_Negative,3,0,0.9023485779762268,0.097651407122612,train,user what up with nazis and their love of camps
False,2.325161294077581,1,1,1,Suspected_False_Negative,5,0,0.9022323489189148,0.097767673432827,train,its awesome to be white.
False,2.324575890910153,1,1,1,Suspected_False_Negative,2,0,0.9021750688552856,0.0978249236941337,train,you would. cant fix stupid.  maga qanon thursdaythoughts drainthedeepstate thankfulthursday wwgwga walkaway
False,2.3237055812261254,1,0,0,Suspected_False_Positive,4,1,0.0979100987315177,0.9020898938179016,val,PECAT BAHLIL
False,2.323701700330508,1,1,1,Suspected_False_Negative,1,0,0.902089536190033,0.0979104787111282,train,pretending you have dementia to own the libs maga url
False,2.3235522592581006,1,1,1,Suspected_False_Negative,3,0,0.9020748734474182,0.0979251116514206,val,"regarding the story i think im going to kill the president, why is it reporters never follow up on how a convicted felon could obtain, in this case,  guns? whats the police doing about, or would that bring light to the gun control issue? bias?"
False,2.321111331363359,1,1,1,Suspected_False_Negative,3,0,0.9018355011940002,0.0981644317507743,train,user whatchu are user is a self hating homosexual who has to pay for your homosexual desires
False,2.3210034088325058,1,1,1,Suspected_False_Negative,1,0,0.901824951171875,0.0981750264763832,val,Aku Malah merasa engap denger yg lg ngomong 😭😭😭😭
False,2.3189738732094423,1,1,1,Suspected_False_Negative,1,0,0.9016254544258118,0.0983744785189628,train,"kek tetangga whoopp🔥, gua lamar sana sni ga dpt², tetangga gua tinggal blg doang, interview formalitas🔥🔥🔥"
False,2.318226629006621,1,1,1,Suspected_False_Negative,2,0,0.9015520215034484,0.0984480157494545,train,this whole thing has been a sham from the start!
False,2.317881964401781,1,1,1,Suspected_False_Negative,1,0,0.9015179872512816,0.0984819531440734,train,apaches  mm rounds turn jihadis into tomato soup
False,2.316829864494532,1,0,0,Suspected_False_Positive,4,1,0.098585620522499,0.9014143347740172,train,nah you bob.
False,2.3160714575508528,1,1,1,Suspected_False_Negative,2,0,0.901339590549469,0.0986604169011116,train,niggas see you wit da yellow dey wanna hit you up ;
False,2.3155032748594766,1,1,1,Suspected_False_Negative,3,0,0.9012835025787354,0.098716489970684,train,you didnt answer my questions. what truth is your religion based on? do you believe in the unity of god?
False,2.315022768519704,1,1,1,Suspected_False_Negative,4,0,0.901236057281494,0.0987639352679252,train,musang birahi
False,2.3118472627999824,1,1,1,Suspected_False_Negative,3,0,0.9009218811988832,0.0990780591964721,train,lads being lads!  fuck yeah. i love scally lad action. hot trainers too.
False,2.310583814066639,1,0,0,Suspected_False_Positive,5,1,0.0992033183574676,0.9007967114448548,train,"ah, the smell of nepotism and corruption in the morning can you smell its putrid essence."
False,2.309880786017016,1,1,1,Suspected_False_Negative,4,0,0.900726854801178,0.0992730855941772,train,a random ghetto spongebob meme number u
False,2.3092461279572145,1,0,0,Suspected_False_Positive,2,1,0.0993361100554466,0.9006639122962952,train,"idiiiiiihhhhh hueegggg, muka aal mewakili banget ðŸ˜­ðŸ˜­ðŸ˜­"
False,2.307353250893778,1,1,1,Suspected_False_Negative,2,0,0.9004756808280945,0.0995243191719055,train,everyone who said jihoons new hair cut is ugly you are wrong
False,2.3072168617956823,1,0,0,Suspected_False_Positive,3,1,0.0995378941297531,0.9004621505737305,train,vox com with another retarded hot take
False,2.3048647209133413,1,1,1,Suspected_False_Negative,5,0,0.9002277255058289,0.0997722968459129,train,Gua kira ini murni kesalahan strategi pelatih sehingga di benci. Ternyata federasi nya juga begitu. Turut sedih Son ga masuk babak KO padahal ini piala dunia terakhirnya
False,2.3039216364529147,1,1,1,Suspected_False_Negative,2,0,0.900133490562439,0.099866434931755,train,ternyata suami nya redflag wkwk
False,2.3038859756823324,1,1,1,Suspected_False_Negative,2,0,0.900130033493042,0.0998699963092804,train,"Ya ampun, masih aja salah. Kapan cerdasnya coba?"
False,2.3035512143890684,1,1,1,Suspected_False_Negative,4,0,0.9000965356826782,0.0999034345149993,train,"""DIKASIH BIDADARI MAUNYA BONEKA SANTET"""
False,2.303004857386656,1,1,1,Suspected_False_Negative,4,0,0.900041937828064,0.0999580323696136,train,we do not want  assimilation  .
False,2.3022127673964285,1,0,0,Suspected_False_Positive,2,1,0.1000372394919395,0.8999627828598022,train,yall going to war for that dick huh ghetto
False,2.3011859442523708,1,1,1,Suspected_False_Negative,1,0,0.8998599648475647,0.1001400128006935,train,in other words mueller its not constipated in other words mueller has diarrhea? url
False,2.3008639858139177,1,1,1,Suspected_False_Negative,1,0,0.8998277187347412,0.100172258913517,train,serenawilliams is so full of herself...she is just as painful to watch as to listen to...
False,2.2997608296871634,1,1,1,Suspected_False_Negative,1,0,0.8997172117233276,0.1002828255295753,train,"i dont hate the japs. but, i aint forgetting gettin japped either."
False,2.298373948571132,1,0,0,Suspected_False_Positive,2,1,0.1004220023751258,0.8995779752731323,train,not only you. and that pom stuff? totally porn.
False,2.298333885309753,1,1,1,Suspected_False_Negative,2,0,0.8995739221572876,0.1004260256886482,train,if women were so brave they would do their march in saudi arabia maga gabfam
False,2.298230618525785,1,0,0,Suspected_False_Positive,5,1,0.1004363968968391,0.8995636105537415,train,"the political elites control the world, but im just pointing out just how stupid the statement"
False,2.2972450020466684,1,1,1,Suspected_False_Negative,5,0,0.8994645476341248,0.100535437464714,train,just think. she is infinitely funnier than you. obviously..duh huh.
False,2.296794743043819,1,1,1,Suspected_False_Negative,3,0,0.8994192481040955,0.1005807146430015,train,mau dipaksain positif vibes juga gabisa rul.
False,2.294985601559309,1,1,1,Suspected_False_Negative,3,0,0.8992372155189514,0.1007628440856933,train,you guys don  t eat breakfast the ghetto
False,2.293412767228754,1,1,1,Suspected_False_Negative,5,0,0.8990785479545593,0.1009214520454406,train,varg sums up christ tards perfectly here.
False,2.2933779960043967,1,1,1,Suspected_False_Negative,3,0,0.8990750908851624,0.1009249612689018,train,ijustdontseemyself ever supporting strict gun control. a liberalsguns guns secondamendment
False,2.293370761379304,1,1,1,Suspected_False_Negative,5,0,0.8990743160247803,0.1009256914258003,train,user sorry he a slut
False,2.293176627212646,1,1,1,Suspected_False_Negative,3,0,0.8990546464920044,0.1009452864527702,train,i expect no patriotism from anyone that works in seattle. nuke the city. no loss.
False,2.292571362512985,1,1,1,Suspected_False_Negative,5,0,0.8989936113357544,0.1010064035654068,train,"malesin lamak2 ya liat @Ibnu Wardani mcam doi aja yg punya uang, org kagak!...gw biasa liburan k Eropa aja B aja...kalau mau bbagi info yg positif aja"
False,2.2923180171637534,1,1,1,Suspected_False_Negative,3,0,0.898967981338501,0.1010319963097572,train,dasar aki aki
False,2.2900617623393646,1,1,1,Suspected_False_Negative,1,0,0.8987398147583008,0.101260207593441,train,user nice job towel head
False,2.2885034059793408,1,0,0,Suspected_False_Positive,1,1,0.1014181300997734,0.8985819220542908,train,biadab kalau anak kamu bully saya mampusin ya
False,2.2873608123601668,1,0,0,Suspected_False_Positive,2,1,0.1015340760350227,0.8984659314155579,train,babi berisik sekali malam
False,2.286803645750997,1,1,1,Suspected_False_Negative,4,0,0.898409366607666,0.1015906631946563,train,i thought you said the nyt was failing and fake news. so this cant be true; its made up!
False,2.2864977213002176,1,0,0,Suspected_False_Positive,4,1,0.1016217470169067,0.8983782529830933,val,your mind is free and your soul. satan will present to u in his kingdom the things that mock u. stay strong in yahshua...
False,2.2849447583921805,1,0,0,Suspected_False_Positive,3,1,0.1017796844244003,0.8982203006744385,train,i always liked the expression bringing a retard to the zoo
False,2.2844547110418683,1,0,0,Suspected_False_Positive,2,1,0.1018295735120773,0.8981704115867615,train,this is pretty much perversion indoctrination to kindergardeners .
False,2.2833002877057105,1,1,1,Suspected_False_Negative,5,0,0.8980528116226196,0.1019471958279609,val,with black girls it takes a baseball bat  who carries a muff in baseball bat on a date ??
False,2.282460043113117,1,0,0,Suspected_False_Positive,4,1,0.1020328924059867,0.8979671597480774,train,happy birthday to my pops. old negro spiritual is  today lol
False,2.2824209044299337,1,0,0,Suspected_False_Positive,4,1,0.1020368859171867,0.8979631066322327,train,lintang kan udah ada cowooo. ngadi ngadi nih berita
False,2.2816596842702355,1,0,0,Suspected_False_Positive,1,1,0.102114588022232,0.8978854417800903,train,nah im happy with killing shitskin babys lol
False,2.2805592062851714,1,1,1,Suspected_False_Negative,4,0,0.8977729082107544,0.1022270247340202,train,he is competing for worst president again.
False,2.2798916050880704,1,0,0,Suspected_False_Positive,2,1,0.1022952944040298,0.8977047204971313,train,republican teabaggers should be jailed for treason.....
False,2.279509008188409,1,0,0,Suspected_False_Positive,4,1,0.102334439754486,0.8976655006408691,train,lakik suka banci banci kawinin banci jijik
False,2.279317619032704,1,0,0,Suspected_False_Positive,4,1,0.1023540273308754,0.8976459503173828,train,watch excited isis jihadis getting their yezidi sex slaves on distribution day
False,2.27908798583161,1,0,0,Suspected_False_Positive,1,1,0.1023775339126586,0.8976224660873413,train,y  all want your kids to be retarded lol
False,2.278411911302637,1,1,1,Suspected_False_Negative,2,0,0.8975532650947571,0.1024467721581459,train,im fucking sad also this gif is art
False,2.277130348989259,1,0,0,Suspected_False_Positive,3,1,0.1025781482458114,0.8974218964576721,val,editan sekali ya ampun si mommy lambe kehabisan gosib ya si pelakor
False,2.277024455370122,1,1,1,Suspected_False_Negative,4,0,0.897411048412323,0.1025890111923217,train,he is such a con apparently finds are running low
False,2.2756459567512843,1,1,1,Suspected_False_Negative,1,0,0.8972694277763367,0.1027305275201797,train,pret
False,2.274055215886668,1,1,1,Suspected_False_Negative,3,0,0.8971059322357178,0.1028940752148628,train,sorry i was referring to the holocaust story i believe it to be a lie
False,2.2728249995079866,1,1,1,Suspected_False_Negative,1,0,0.8969793319702148,0.1030207350850105,train,user straight but upper middle class and likes to be trendy probably has gay friends
False,2.271954342409813,1,0,0,Suspected_False_Positive,4,1,0.1031104698777198,0.8968895673751831,train,we gunna laff at chavarubio beaner supporters in a min
False,2.271421868746497,1,1,1,Suspected_False_Negative,3,0,0.8968346118927002,0.1031653881072998,train,is intersectional feminism the redneck ideology of the     perhaps dm me to read my essay
False,2.270805735078997,1,0,0,Suspected_False_Positive,3,1,0.1032289713621139,0.8967710733413696,val,aku yg pnya vt itu heehee itu adik akuu bocil fomo😅
False,2.269643306217193,1,0,0,Suspected_False_Positive,3,1,0.1033490374684333,0.8966509103775024,train,user user look boys we found a retard
False,2.268711165969248,1,0,0,Suspected_False_Positive,5,1,0.1034454181790351,0.8965545296669006,train,you are confusing jews with whites again
False,2.2683388698107745,1,1,1,Suspected_False_Negative,4,0,0.8965160846710205,0.1034839376807212,train,knock off a cracker for callin me towelhead
False,2.2683243984261554,1,1,1,Suspected_False_Negative,4,0,0.8965145945549011,0.1034854352474212,train,user same for white nationalism and fascism that  you
False,2.2675752683848227,1,1,1,Suspected_False_Negative,3,0,0.8964369893074036,0.1035629883408546,train,unpopular opinion the nazis were probably the best cult ever
False,2.2665715987731776,1,0,0,Suspected_False_Positive,4,1,0.1036669835448265,0.8963330388069153,train,babi jorok sekali
False,2.2646575842095933,1,1,1,Suspected_False_Negative,3,0,0.8961344361305237,0.1038655936717987,train,david stop it with your logical connections.... true journalists like you are not in vogue..
False,2.2628832677510875,1,1,1,Suspected_False_Negative,2,0,0.8959499001502991,0.1040500476956367,train,perlahan karirmu hancur bro kamu kebawan
False,2.262138845212846,1,0,0,Suspected_False_Positive,5,1,0.1041275337338447,0.8958725333213806,train,i hope he just shuts you guys down and i can go get shit face
False,2.2600416253555253,1,1,1,Suspected_False_Negative,2,0,0.8956538438796997,0.1043461412191391,train,user i didn  t stutter either survive out of your ghetto mentality first
False,2.259685175957517,1,1,1,Suspected_False_Negative,3,0,0.8956166505813599,0.1043833419680595,val,liberals  conservatives neoliberalism amp; globalization amp; all of its discontents pppcorporatewelfaredilution of constitutional rightsfreedoms amp; justicesociopolieconfinancial corruption amp; particratic collusion of cdnpoliticians for ers!  url
False,2.258767758740296,1,1,1,Suspected_False_Negative,4,0,0.8955208659172058,0.1044791489839553,train,"Di bully kalo gak melawan pasti nyesel sampe tua. Untungnya aku GK pernah di bully. Tapi pernah kena palak sama anak kampung baru jakarta barat. Tiap pulang sekolah selalu ketemu sama anak itu minta uang. Mending ku lawan aja lah meskipun kalah. Next akhirnya pindah ke Siantar. 2008 aku balik kejakarta lagi alesan cari kerja. Padahal nyari tu anak mau ku giling. Ok ketemu langsung ku giling dia, puas banget rasanya. Mukul orang paling 1 Bulang doang. Yg penting puas hati"
False,2.258639905123884,1,0,0,Suspected_False_Positive,3,1,0.1044925078749656,0.8955074548721313,train,user its in malaysia and indonesia too are all of those islam ke dushman
False,2.253635743165761,1,1,1,Suspected_False_Negative,2,0,0.8949832320213318,0.105016715824604,train,steve bannon is gay
False,2.253407746735535,1,1,1,Suspected_False_Negative,3,0,0.8949593305587769,0.1050406619906425,train,diversity. not enough nonrapists.
False,2.253047626801352,1,1,1,Suspected_False_Negative,3,0,0.8949214816093445,0.1050784960389137,train,you can always gets da colored folk back in da cage wit da kfc
False,2.2530193361451336,1,1,1,Suspected_False_Negative,2,0,0.8949185013771057,0.1050814688205719,train,user yeah and today number illegal aliens were released in texas
False,2.2523695804221244,1,1,1,Suspected_False_Negative,1,0,0.8948502540588379,0.1051497682929039,train,user nigga what jan
False,2.2521866447878924,1,0,0,Suspected_False_Positive,3,1,0.1051690056920051,0.8948310613632202,train,"they all look nonwhite , look closer ."
False,2.249724453076108,1,1,1,Suspected_False_Negative,3,0,0.8945716619491577,0.1054282709956169,train,user user she will blame it on jews or trump i bet
False,2.2487924719449444,1,1,1,Suspected_False_Negative,2,0,0.8944734334945679,0.1055265739560127,train,the dems playing a con game. it must be antifa dont you think.
False,2.2470409136476173,1,1,1,Suspected_False_Negative,2,0,0.8942884206771851,0.1057115718722343,train,sikat abiss lahh orng2 sialan kaya gini pemimpin negara tidak hormatin jangan mentang2 president sembarangin marah tidak hina pemimpin harap tindak hukum orang iniö
False,2.2467505066088607,1,0,0,Suspected_False_Positive,3,1,0.1057422757148742,0.8942577242851257,train,cause these niggas pussy and i am hard
False,2.246629041274594,1,0,0,Suspected_False_Positive,3,1,0.1057551205158233,0.8942448496818542,train,the fruit of the modern yankees farm system.  joba the nut.
False,2.2457492808918023,1,1,1,Suspected_False_Negative,1,0,0.8941518664360046,0.1058482006192207,val,steroid girl in steroid rage
False,2.245634904822812,1,1,1,Suspected_False_Negative,3,0,0.8941397666931152,0.1058603078126907,train,not one feature on this girls face that  cute and she  coming for asians fine ass
False,2.2452292392204525,1,1,1,Suspected_False_Negative,5,0,0.8940967321395874,0.105903260409832,train,user i hope ice arrest illegal immigrants and their sponsors
False,2.2437467408693683,1,1,1,Suspected_False_Negative,1,0,0.8939396142959595,0.1060603782534599,train,christian activist charged with hate crimes gets shut down by judge for criticizing lgbt agenda
False,2.243395419681776,1,1,1,Suspected_False_Negative,2,0,0.8939023017883301,0.1060976460576057,train,Outfitnya mengapa ....... wkwwkwkwk
False,2.241547783661283,1,1,1,Suspected_False_Negative,2,0,0.8937061429023743,0.1062938570976257,train,ga bagus tapi bisa di nikmati buat nonton 🙏🏻
False,2.240765768388283,1,1,1,Suspected_False_Negative,3,0,0.8936229944229126,0.106377013027668,train,"mgtow is the premise that men should demand unconditional surrender from women, not negotiate with them"
False,2.237962382908396,1,1,1,Suspected_False_Negative,1,0,0.8933243751525879,0.1066756471991539,train,user user they do not want to upset the ghetto dwellers by sounding too intelligent
False,2.234250890892989,1,1,1,Suspected_False_Negative,2,0,0.8929276466369629,0.1070723086595535,train,confederate heroes day date texas state holiday we do not observe martin lucifer coon day
False,2.2340737442682093,1,1,1,Suspected_False_Negative,5,0,0.8929087519645691,0.1070912778377533,train,beware mr or ms goat there may be a mooslam sneaking up behind you
False,2.232646306212746,1,1,1,Suspected_False_Negative,3,0,0.8927557468414307,0.1072442531585693,train,"Berasa banget ariel tatum enegggghh ðŸ˜­ saya juga mau muntah,kenapa cari peran cowok juga yang gelap banget ðŸ˜­"
False,2.2326241445695407,1,1,1,Suspected_False_Negative,4,0,0.8927533626556396,0.1072466298937797,train,im all for gun control use both hands
False,2.2322908760160467,1,1,1,Suspected_False_Negative,3,0,0.8927176594734192,0.1072823777794838,train,gua liat ada sosok hitam pekat dibelakang ariel tatum😭
False,2.232265736041249,1,0,0,Suspected_False_Positive,4,1,0.1072850748896598,0.8927149176597595,train,"Amit ""Hahahaa"
False,2.229919252576024,1,1,1,Suspected_False_Negative,3,0,0.8924629092216492,0.1075371131300926,train,dont watch moron movies
False,2.22988419558416,1,1,1,Suspected_False_Negative,2,0,0.8924591541290283,0.1075408831238746,val,"""Open BO ga bang si listy? Kebetulan ada om-om yg nyari cwe yg udah pengalaman!!!!"""
False,2.229332452363613,1,1,1,Suspected_False_Negative,5,0,0.892399787902832,0.1076002344489097,train,lighting my pretty ass up w them yellow stars lls
False,2.2289768134811347,1,0,0,Suspected_False_Positive,4,1,0.1076385080814361,0.8923614621162415,train,this goofy ass nigga wanna follow me on the gram
False,2.227261458046596,1,1,1,Suspected_False_Negative,1,0,0.8921767473220825,0.1078233048319816,train,i would move too but unfortunately there is nowhere that is untainted .
False,2.2264926025999894,1,0,0,Suspected_False_Positive,2,1,0.107906237244606,0.8920937180519104,train,disgusted her constituents voted liberal leonaalleslev fuck off url
False,2.2263142706125336,1,1,1,Suspected_False_Negative,4,0,0.8920745849609375,0.1079254820942878,train,which is not nearly as number gay or number fun as it sounds
False,2.2260543895303067,1,1,1,Suspected_False_Negative,2,0,0.8920465111732483,0.1079535335302352,train,here come the beta liberals lmao convo muted you can cry all day to yourselves.
False,2.2251075857224034,1,1,1,Suspected_False_Negative,1,0,0.8919442296028137,0.108055792748928,val,Makeup zaman emak gw sih ini cinðŸ¥º
False,2.224849052005616,1,1,1,Suspected_False_Negative,4,0,0.8919162750244141,0.1080837324261665,train,reds need termination. this is what our fathers have taught us and it is true.
False,2.222632543702363,1,0,0,Suspected_False_Positive,1,1,0.1083235666155815,0.8916764259338379,train,you all still be cuffing the hoes tho so
False,2.222138269550175,1,1,1,Suspected_False_Negative,5,0,0.8916228413581848,0.1083771213889122,train,user the trump woman must be raped
False,2.221609746329311,1,1,1,Suspected_False_Negative,2,0,0.8915656208992004,0.1084344163537025,train,like i said before i d bet    have liberal parents .
False,2.221427061855702,1,1,1,Suspected_False_Negative,4,0,0.891545832157135,0.1084542274475097,val,coba rubah model rambut nya ka🥰
False,2.2206133225967064,1,0,0,Suspected_False_Positive,2,1,0.1085425168275833,0.8914574980735779,train,why wont we run the ball? our offensive coordinator is retarded
False,2.218555973040964,1,1,1,Suspected_False_Negative,1,0,0.8912339806556702,0.1087660565972328,train,auspol  i dont know why he is still in his job. seriously. url
False,2.218059464274883,1,1,1,Suspected_False_Negative,2,0,0.8911799192428589,0.1088200733065605,train,user might wanna add that anning is a literal nazi
False,2.217849977293356,1,1,1,Suspected_False_Negative,5,0,0.8911570906639099,0.1088428720831871,train,X de man benar -benar meminjam buku saya
False,2.2166953691128573,1,1,1,Suspected_False_Negative,5,0,0.8910313844680786,0.1089686155319213,train,Info merusak ketakutan
False,2.2150060535068103,1,0,0,Suspected_False_Positive,3,1,0.1091528534889221,0.8908471465110779,train,"Mbaknya ga tau gaya si Fauzan itu Harajuku Style ala anak2 muda Jepang di Harajuku, gaya bebas yang mencampurkan berbagai elemen fashion. Mbaknya yg kampungan ga ngerti fashion anak muda."
False,2.2141196355649613,1,1,1,Suspected_False_Negative,3,0,0.8907502889633179,0.1092496514320373,train,god forbid anyone should promote straight racially loyal hetrosexuality diablo
False,2.2133043910550296,1,1,1,Suspected_False_Negative,1,0,0.8906612396240234,0.1093387529253959,train,user not anymore gay game anyways
False,2.212584115142015,1,0,0,Suspected_False_Positive,2,1,0.1094175353646278,0.8905824422836304,train,"Jgn suka belain kalo anak bersalah Apalagi SDH mmbully dan mlakukan kekerasan Ngeri..kelak Dewasa merasa diatas angin Dan hidupnya sllu merasa benar dgn kekerasan Pihak sklh , kalau ada murid sperti PECAAAAAATTTTT jgn ragu GK perlu org tuanya Pejabat Atau org GK punya ( berarti anaknya GK tau diri )"
False,2.212270527437421,1,1,1,Suspected_False_Negative,2,0,0.8905481100082397,0.1094518527388572,val,Projo itu artinya Pro judol ?
False,2.2122626311440703,1,1,1,Suspected_False_Negative,5,0,0.8905472755432129,0.1094527170062065,train,now look in the ghetto for number of instances of this actually happening
False,2.211379388737395,1,0,0,Suspected_False_Positive,3,1,0.1095494329929351,0.8904505968093872,train,user that isnt german you retard thats french
False,2.2098582531550983,1,1,1,Suspected_False_Negative,3,0,0.8902837634086609,0.1097161993384361,train,Yaa lumayan lah hasil kmrn podcstðŸ˜‚
False,2.208822246049569,1,1,1,Suspected_False_Negative,2,0,0.8901700377464294,0.1098299250006675,train,relawan gak jelas cuma cari panggung
False,2.2073028248088136,1,1,1,Suspected_False_Negative,2,0,0.8900030255317688,0.1099969297647476,train,you are flawed by looking at a large problem through a narrow lens.
False,2.206160797143753,1,0,0,Suspected_False_Positive,4,1,0.1101226210594177,0.8898773789405823,train,you reading this tweet go drink some water now you god damn dehydrated slut
False,2.2053120604288745,1,0,0,Suspected_False_Positive,2,1,0.1102161258459091,0.8897838592529297,train,mana sama lagi marga nya sama gueeðŸ™ðŸ»ðŸ˜­
False,2.2048245148300887,1,0,0,Suspected_False_Positive,4,1,0.1102698743343353,0.8897301554679871,train,artinya Projo itu artinya Projo ðŸ˜‚
False,2.204428719389756,1,1,1,Suspected_False_Negative,5,0,0.8896864652633667,0.1103135272860527,train,you forgot the sarcasm tag kid. some people are ignorant enough to think you are serious
False,2.2033492693460595,1,1,1,Suspected_False_Negative,1,0,0.8895673751831055,0.1104326695203781,train,i teach my grown sons theres winners and losers...see serena temper tantrums she is a democrat...lol
False,2.202352331690636,1,1,1,Suspected_False_Negative,5,0,0.8894572257995605,0.110542818903923,train,Kentut Poh Kah?
False,2.201392612663857,1,0,0,Suspected_False_Positive,5,1,0.1106489598751068,0.8893510103225708,train,the loser randalls making fun of in this video is a pedophile. im not exaggerating.
False,2.200370581292768,1,1,1,Suspected_False_Negative,5,0,0.8892378807067871,0.1107621043920517,train,ganti nama jadi dewan perwakilan parpol😂
False,2.199123027852645,1,0,0,Suspected_False_Positive,5,1,0.1109003722667694,0.889099657535553,train,norwalk ghetto af lol all of a sudden everyone a dodger and raider fan
False,2.1979526522840818,1,1,1,Suspected_False_Negative,2,0,0.8889697194099426,0.1110302433371543,train,alright i  m going to change back my avi before people think i  m gay
False,2.1971962059277783,1,1,1,Suspected_False_Negative,5,0,0.8888856768608093,0.1111142635345459,train,BERANI BGT NONGOL DI FYP GUEEEE NURUUULLL
False,2.1961167608655594,1,0,0,Suspected_False_Positive,3,1,0.1112342700362205,0.8887656927108765,train,guendouzi is a fucking baller
False,2.1956329403333794,1,0,0,Suspected_False_Positive,3,1,0.1112881004810333,0.8887118697166443,train,because whites are discouraged from breeding .
False,2.194239907665413,1,0,0,Suspected_False_Positive,3,1,0.1114432364702224,0.8885567784309387,train,user you are missing an essential premise whether any of those immigrants committed any crimes dumbass
False,2.1940564064680794,1,0,0,Suspected_False_Positive,2,1,0.111463688313961,0.888536274433136,train,because he knows he is going to jail soon
False,2.1934026939502007,1,0,0,Suspected_False_Positive,5,1,0.1115365773439407,0.8884634375572205,train,"lol, who is this  cuck? only has  posts, is he an employee?"
False,2.192140313729523,1,1,1,Suspected_False_Negative,3,0,0.8883225321769714,0.1116774678230285,train,agak norak kyknya baru pertama kali ke jepang wkwk
False,2.191575595917844,1,0,0,Suspected_False_Positive,3,1,0.1117405518889427,0.8882594108581543,train,whoever posts the fucking spoilers for endgame is catching these fucking hands
False,2.1909721466266827,1,1,1,Suspected_False_Negative,1,0,0.8881919384002686,0.1118080019950866,train,twittrs gay as fckn fb
False,2.1901616328173,1,1,1,Suspected_False_Negative,3,0,0.88810133934021,0.11189866065979,train,fohhunnid wew lad now thas peak ghetto
False,2.18972081546744,1,1,1,Suspected_False_Negative,2,0,0.8880519270896912,0.1119479984045028,train,Saya pikir ini adalah viviana ketika saya berbicara tentang konten saya tidak pernah berpikir y komunitas ki
False,2.1884167429981707,1,1,1,Suspected_False_Negative,2,0,0.8879058957099915,0.1120940819382667,train,user that gay but do mine
False,2.186605159487965,1,1,1,Suspected_False_Negative,1,0,0.8877026438713074,0.1122973337769508,train,legal in california killing white women illegal in california drinking raw milk buildkateswall
False,2.186480103390855,1,0,0,Suspected_False_Positive,3,1,0.112311378121376,0.8876886367797852,train,Kalen Kalen Pada Jahad Ma Aku
False,2.1854373399542824,1,1,1,Suspected_False_Negative,5,0,0.8875714540481567,0.1124285534024238,train,its going to take everyone working together to beat the new world order .
False,2.1829107637070213,1,0,0,Suspected_False_Positive,3,1,0.1127129718661308,0.8872870802879333,train,but rich is a light skin coon. so its expected.
False,2.18196812738418,1,0,0,Suspected_False_Positive,4,1,0.1128192692995071,0.887180745601654,train,"""BISA BERHENTI CAKEP GA KAKK? PUSINGGGG IH"""
False,2.1811555056813847,1,0,0,Suspected_False_Positive,1,1,0.1129109859466552,0.8870890140533447,train,Masukin ke Barak
False,2.178760564899508,1,0,0,Suspected_False_Positive,5,1,0.1131817251443862,0.8868182301521301,train,tidak tau apa² ygy Armor nya pergi mna
False,2.177861028493876,1,1,1,Suspected_False_Negative,5,0,0.8867164254188538,0.1132835820317268,val,"pildun 2002, pildun terburuk sepanjang sejarah !!"
False,2.177794209129152,1,0,0,Suspected_False_Positive,4,1,0.1132911518216133,0.8867088556289673,val,@Talithaaa.cntk: Tasyi Si yang selalu kalah
False,2.176685698815556,1,1,1,Suspected_False_Negative,3,0,0.886583149433136,0.1134168058633804,train,fans fomo pahlawan pada kaget pasti padahal Meraka aja yg fomo yg ngira dia org bener ðŸ¤£ðŸ¤£
False,2.1758462443013458,1,0,0,Suspected_False_Positive,4,1,0.1135120540857315,0.8864879012107849,train,user oh nahh     see fuxkin with them white people will have u out here doin new shit
False,2.1756060420577783,1,1,1,Suspected_False_Negative,1,0,0.8864607214927673,0.1135393232107162,train,"""Apaan sih gak jelas hidupnya"""
False,2.1755834686380577,1,0,0,Suspected_False_Positive,4,1,0.1135418862104415,0.8864580988883972,val,so in new york if you say illegal alien you will be fined money number it you are attacked or raped by an illegal alien it a crime to call ice hm kinda fucked up to be an american in new york
False,2.1737755759646133,1,1,1,Suspected_False_Negative,2,0,0.8862526416778564,0.1137473434209823,train,whoppi  is very disturbed evil fat ugly yellow meat skank
False,2.172658946692576,1,1,1,Suspected_False_Negative,2,0,0.8861255645751953,0.113874427974224,train,user does the camel jockey prince get to bring his bone saws
False,2.1722624005505904,1,0,0,Suspected_False_Positive,1,1,0.1139195933938026,0.8860803842544556,train,hes as ignorant as it gets
False,2.1712115487351697,1,0,0,Suspected_False_Positive,4,1,0.1140393689274787,0.885960578918457,train,conoc; tus ojos negros  y ahora si que no puedo vivir sin ellos
False,2.170960765231386,1,1,1,Suspected_False_Negative,4,0,0.8859320282936096,0.1140679717063903,train,kya liat pertujukan di kebon binatang
False,2.1706175178623868,1,1,1,Suspected_False_Negative,4,0,0.8858928680419922,0.1141071319580078,train,"""Masih jauh kalo ngarep bisa ikutan kontes miss earth , makanya dari kecil les inggris biar lidahnya gak keseleo"""
False,2.1703174688573545,1,0,0,Suspected_False_Positive,1,1,0.1141413748264312,0.8858585953712463,train,Rakus bngt horeng kaye mkh kaye sak anak cucucicitnya sekalian sj mertua ibu keponakan jdkan pejabat Biar negara berasa milik klrg bsr Ra..Astofirllohhhhhh..
False,2.1681259784840075,1,1,1,Suspected_False_Negative,5,0,0.8856082558631897,0.1143917888402938,train,"Kasus bullying ini serius lhoo..gk bisa hanya diselesaikan di hadapan guru/sekolah,bawa kantor polisi supaya ada efek jera...STOP BULLYING!!!"
False,2.166541592637896,1,1,1,Suspected_False_Negative,5,0,0.8854268193244934,0.114573173224926,train,can you say insanity? lockthemallup handcuffsforhillary maga url
False,2.1662377582132897,1,0,0,Suspected_False_Positive,1,1,0.1146079897880554,0.8853920698165894,train,"DPR yang bukan DPR, gada merasa diwakilkan"
False,2.165547987874776,1,1,1,Suspected_False_Negative,1,0,0.8853129148483276,0.1146870702505111,train,"heroes.    of fake assaults   accused kav of fake assault, didnt work."
False,2.1629341198922707,1,0,0,Suspected_False_Positive,2,1,0.1149872392416,0.8850128054618835,train,just got some new intel cpus at work. cant wait to get these bad boys running.
False,2.161620813565708,1,1,1,Suspected_False_Negative,2,0,0.8848616480827332,0.1151383519172668,train,"""Sepertinya Lutfi setelah putus dgn salsa seperti orang stress"""
False,2.1610038018119777,1,0,0,Suspected_False_Positive,3,1,0.1152094155550003,0.8847905397415161,train,when jews call out jews you know its bad
False,2.1599803426364748,1,1,1,Suspected_False_Negative,5,0,0.8846725821495056,0.115327388048172,train,user if its not hillbilly cousin fucking town then yes for that price
False,2.157286702992907,1,1,1,Suspected_False_Negative,5,0,0.8843615651130676,0.1156384572386741,train,projudol
False,2.1570948489920534,1,0,0,Suspected_False_Positive,4,1,0.1156606450676918,0.8843393921852112,train,sit down and shut up hewson you wanker !!!
False,2.1568529257708366,1,1,1,Suspected_False_Negative,4,0,0.8843113780021667,0.1156886294484138,train,ð¬ð¢ð¥ðšð§ðšð§ð  ð›ðžððš ð›ð§ðžð« ð¤ðž ð¥ðšð§ð ð¢ð­ ððšð§ ð­ðšð§ðšð¡ ð¥ð¢ðšð­ðŸ˜ðŸ˜‚
False,2.15670204323814,1,1,1,Suspected_False_Negative,4,0,0.8842938542366028,0.1157060861587524,val,"positif vibes bgt,sumpah boongðŸ™ðŸ»ðŸ˜­"
False,2.156531611353869,1,1,1,Suspected_False_Negative,3,0,0.8842741847038269,0.1157258078455925,train,literally i  ve infiltrated the ghetto there is gunshots everywhere call the police the police
False,2.1558359556597297,1,1,1,Suspected_False_Negative,4,0,0.8841936588287354,0.1158063411712646,train,"Unfollow lah, muak bgt ðŸ˜’ enakan liat @mister.aloy ama @karenoct_"
False,2.152807014810893,1,0,0,Suspected_False_Positive,2,1,0.1161576434969902,0.8838423490524292,train,mertesacker saying give him the ghetto fist is still goat
False,2.152427045809868,1,1,1,Suspected_False_Negative,4,0,0.8837982416152954,0.1162017881870269,train,user if you do not see the difference between illegal immigrants and babies you do not belong in government
False,2.150276291096087,1,1,1,Suspected_False_Negative,2,0,0.8835480213165283,0.1164519786834716,train,he raped her where ur proof jethro
False,2.149484278308806,1,0,0,Suspected_False_Positive,1,1,0.1165442466735839,0.8834556937217712,train,and its gotta be some ghetto fool
False,2.14874271888099,1,1,1,Suspected_False_Negative,4,0,0.8833692669868469,0.1166307032108306,train,there is no way she is  wow drugs maybe who knows
False,2.14816686242391,1,1,1,Suspected_False_Negative,5,0,0.8833020925521851,0.1166978850960731,train,user if you had sex you would not be complaining about being gay
False,2.145353279010348,1,0,0,Suspected_False_Positive,4,1,0.117026686668396,0.8829733729362488,train,some of you chicks be happy to say you all been statutory raped my mind be gone
False,2.1452524376983275,1,0,0,Suspected_False_Positive,4,1,0.1170384883880615,0.8829615712165833,train,ngatain sepertinya idupnya gapernag bikin kesalahan
False,2.144313459350584,1,0,0,Suspected_False_Positive,3,1,0.1171484366059303,0.8828515410423279,train,padahal sampe ada korban ternyata dpr emng bukan wakil rakyat 😢
False,2.144033978658861,1,0,0,Suspected_False_Positive,2,1,0.1171811819076538,0.8828188180923462,train,tiap hari ada aja gebrakannya si abidzar 🤣
False,2.14307568927335,1,1,1,Suspected_False_Negative,3,0,0.8827064037322998,0.1172935292124748,train,nafri rapefugees in germany turning to highway robbery.
False,2.142608602779207,1,1,1,Suspected_False_Negative,5,0,0.8826516270637512,0.1173483282327652,train,true lotta coons in antifa
False,2.14101205959039,1,1,1,Suspected_False_Negative,3,0,0.8824641704559326,0.1175358295440673,train,graphic depiction of obvious libtardation in a percentage the deluded populationhumor politics libtardation
False,2.138915989894143,1,1,1,Suspected_False_Negative,4,0,0.8822175860404968,0.1177824512124061,train,privilege lane maga blvd good ole days avenue
False,2.13787380252159,1,0,0,Suspected_False_Positive,4,1,0.1179052665829658,0.8820947408676147,train,Harusnya para pelaku di bu*uh untuk peringatan supaya tdak ada lagi kasus bully
False,2.1367775931378428,1,1,1,Suspected_False_Negative,4,0,0.8819654583930969,0.1180345863103866,train,hey ladies have you been fitted for your berka sill think your mussie neighbors are nice
False,2.1367649688150903,1,1,1,Suspected_False_Negative,5,0,0.8819639682769775,0.118036076426506,train,user user from being killed by nazis to becoming nazis
False,2.135686808668674,1,1,1,Suspected_False_Negative,2,0,0.8818365931510925,0.1181634068489074,train,circle problemmatic
False,2.134289139842096,1,0,0,Suspected_False_Positive,3,1,0.1183286756277084,0.8816713094711304,val,can put your money on the retard commentator saying after number seconds west brom have made a better start than they did in this fixture last season
False,2.132271192890196,1,0,0,Suspected_False_Positive,5,1,0.1185676977038383,0.881432294845581,train,Tempat sampah aneh ini adalah keajaiban seseorang
False,2.1322630867953647,1,1,1,Suspected_False_Negative,4,0,0.8814312815666199,0.1185686588287353,train,user raped the lil boy and he got sick gave the lil niggas aids smh
False,2.1300011023491896,1,1,1,Suspected_False_Negative,1,0,0.8811628818511963,0.1188371628522872,train,gun control now! enough is enough!
False,2.12928205301758,1,1,1,Suspected_False_Negative,3,0,0.8810773491859436,0.1189226433634758,train,user than you must support measures to decrease illegal aliens pouring over the border resulting in overcrowded class sizes
False,2.128630448022711,1,0,0,Suspected_False_Positive,2,1,0.1190001592040062,0.8809998035430908,train,these people in the msm are disgusting maga
False,2.1275283710795394,1,1,1,Suspected_False_Negative,2,0,0.8808686137199402,0.1191313788294792,val,Rencana jatuhin panda gagal ya rubah rencana lagi
False,2.125625500357989,1,0,0,Suspected_False_Positive,4,1,0.1193582862615585,0.8806416988372803,train,this is gonna suck. comey trump fbi
False,2.125409730851912,1,1,1,Suspected_False_Negative,2,0,0.8806158900260925,0.1193840429186821,train,biasa main dikali.. sekalinya main ke kota jadi norak dia
False,2.124557780802117,1,1,1,Suspected_False_Negative,1,0,0.8805142045021057,0.1194857954978942,train,mungkin standar cantik nya disana kyak gini 😌 tapi plis cinta kalo balik ke indo jngan kyak gini ya. takut nanti nggk bisa bedain yang mana Lina Mukherjee 🙏🏻
False,2.1220037268761804,1,0,0,Suspected_False_Positive,2,1,0.1197913587093353,0.8802086114883423,train,idk why they do solo cups stick to duos only solos are literally retarded
False,2.121816720055981,1,0,0,Suspected_False_Positive,3,1,0.1198137626051902,0.8801862597465515,train,tahun itu dia ngomong Projo pro Jokowi. knpa gak ditunjukin aja video nya biar dia kemakan fakta yg pernah di omongin. ?
False,2.12040811026574,1,1,1,Suspected_False_Negative,1,0,0.8800173401832581,0.1199826523661613,train,dual citizenship with israhell is a conflict of interest
False,2.1202827439813383,1,1,1,Suspected_False_Negative,3,0,0.8800023198127747,0.1199976950883865,val,"""gabakal gue undang juga""
GAKAN GUE TONTON JUGAðŸ˜­ðŸ«µ"
False,2.1187715757269463,1,0,0,Suspected_False_Positive,2,1,0.1201791688799858,0.8798208832740784,train,and she knows because the witch was there?  another fakelie about the president...if you hate america leave asap!!!!
False,2.118182666904271,1,0,0,Suspected_False_Positive,3,1,0.1202499642968177,0.8797500133514404,train,two terms of that shit in the white house user
False,2.11803106445776,1,1,1,Suspected_False_Negative,1,0,0.8797318339347839,0.1202681958675384,train,Jealorely
False,2.117259778260687,1,1,1,Suspected_False_Negative,3,0,0.8796390295028687,0.1203609928488731,train,women shouldnt be fighting in the military
False,2.117044011329728,1,0,0,Suspected_False_Positive,4,1,0.120386965572834,0.8796129822731018,train,as long as the democrats tout gun control as a crime reduction tactic theyll lose.
False,2.115956044818052,1,0,0,Suspected_False_Positive,2,1,0.1205180138349533,0.8794819712638855,val,user  bitches doing blackface
False,2.1134753915326154,1,0,0,Suspected_False_Positive,2,1,0.1208173483610153,0.8791826963424683,train,justiceforduamalah justice for dua malah seven year old found naked and raped in thatta
False,2.111808227284137,1,1,1,Suspected_False_Negative,1,0,0.8789811134338379,0.1210189387202262,val,the new si swimsuit edition has a monkey negress on the cover
False,2.110247346940453,1,1,1,Suspected_False_Negative,4,0,0.8787920475006104,0.121207982301712,val,are you an ostrich?
False,2.1096437153559,1,0,0,Suspected_False_Positive,3,1,0.1212811693549156,0.8787188529968262,val,sadly this site has ended up as a boring white nationalist ghetto which means that gab is not going to ever take off bigly as much as liberal baloney bores the living crap out of me this place needs more ulp diversity of thought sorry
False,2.103700634893385,1,0,0,Suspected_False_Positive,2,1,0.1220040991902351,0.8779959082603455,train,"""Hati-hati mody jangan keluar sendirian jaga-jaga serangan brutal rasisme, wajahmu sekilas mirip onnie2 korea. Tetap waspada"""
False,2.103522880926938,1,1,1,Suspected_False_Negative,2,0,0.8779742121696472,0.1220257878303527,train,because refugees are classified as technology now
False,2.102997131541135,1,1,1,Suspected_False_Negative,4,0,0.8779100775718689,0.122089959681034,val,sekarang aku paham kenapa masyarakat Korea sebegitu benci dan marah nya sama Hong Myung bo 😢 terimakasih mas Hansol penjelasannya
False,2.101345442077575,1,1,1,Suspected_False_Negative,3,0,0.8777081370353699,0.1222917810082435,train,"Guys its just youtube, your on it everyday 😂"
False,2.0948286575766586,1,1,1,Suspected_False_Negative,3,0,0.8769086599349976,0.1230913326144218,val,hi guys i got banned off twitter cos they did not like what i had to say about london muslim loving raghead mayor
False,2.094593651548668,1,1,1,Suspected_False_Negative,5,0,0.8768797516822815,0.1231202632188797,train,user i hate you
False,2.0945592798137525,1,1,1,Suspected_False_Negative,5,0,0.8768754601478577,0.1231244951486587,train,people blocked doors of restaurants to stop attacker screaming allahu akbar from getting in.
False,2.0944838839840982,1,1,1,Suspected_False_Negative,5,0,0.8768662214279175,0.1231337785720825,train,crazy things liberals blame trump for  url tcot maga rednationrising
False,2.093994372951796,1,1,1,Suspected_False_Negative,4,0,0.8768059015274048,0.1231940686702728,train,siapa si yang pertama bilang abidzar ganteng? lu liat ni😭
False,2.093499479698814,1,0,0,Suspected_False_Positive,5,1,0.1232550516724586,0.8767449259757996,train,its retarded. ignore the harlem shake fad and hope it goes away soon.
False,2.09221281561838,1,1,1,Suspected_False_Negative,1,0,0.8765862584114075,0.1234137415885925,train,Weiip for'un njirrr
False,2.091641147272802,1,1,1,Suspected_False_Negative,1,0,0.8765157461166382,0.1234843134880065,train,what did you search? gay redneck episode  play?
False,2.0889239186859943,1,1,1,Suspected_False_Negative,4,0,0.8761797547340393,0.1238203048706054,train,u hate talkin to the only nigga that can heal u
False,2.0885296858387177,1,1,1,Suspected_False_Negative,5,0,0.8761308789253235,0.1238691285252571,train,user it was the gayest and hottest thing i  ve ever seen istg
False,2.086778543827397,1,0,0,Suspected_False_Positive,1,1,0.1240862309932708,0.8759137988090515,train,mitt romney hates big bird. fascist.
False,2.086687882142938,1,0,0,Suspected_False_Positive,4,1,0.1240974813699722,0.875902533531189,train,damn fucking hate this university bullshit
False,2.086384195365749,1,0,0,Suspected_False_Positive,4,1,0.124135173857212,0.8758648633956909,train,itu alis ngapa anjir ??
False,2.0858637182335715,1,1,1,Suspected_False_Negative,3,0,0.8758001923561096,0.1241998001933097,train,german police raided a mosque and this is what they foundjihadis were trying to hide it
False,2.0857958733514206,1,0,0,Suspected_False_Positive,3,1,0.1242082267999649,0.8757917881011963,train,ngawur....
False,2.0856845481337563,1,0,0,Suspected_False_Positive,1,1,0.1242220550775528,0.8757779002189636,train,does anyone even care what these to useless pieces of shamp;t say or think?
False,2.085427515800301,1,1,1,Suspected_False_Negative,4,0,0.8757460117340088,0.1242539882659912,train,he is not qualified.
False,2.084969567086569,1,1,1,Suspected_False_Negative,4,0,0.8756891489028931,0.1243109032511711,train,the beauty of theview is that no one pretends not to be a leftist.   maga
False,2.0844071149482537,1,1,1,Suspected_False_Negative,5,0,0.875619113445282,0.1243808418512344,train,the reason god made women for easily manipulated is so everybody could get laid
False,2.0839150865056,1,0,0,Suspected_False_Positive,5,1,0.1244420558214187,0.8755579590797424,train,why is flint so violent ?
False,2.082301703810426,1,0,0,Suspected_False_Positive,1,1,0.1246429905295372,0.8753569722175598,train,spill kampus nya dong
False,2.081269079694004,1,1,1,Suspected_False_Negative,4,0,0.8752282857894897,0.1247717663645744,train,i dont know... antifa is pretty dumb.
False,2.08119527631632,1,1,1,Suspected_False_Negative,5,0,0.8752189874649048,0.1247809752821922,val,user it  kill to go to the white house and eat some of that white power homophobic fast food chicken he serves
False,2.080231436293802,1,1,1,Suspected_False_Negative,3,0,0.875098705291748,0.1249013021588325,train,KOSONG yg konsistenðŸ‘
False,2.077125723784784,1,1,1,Suspected_False_Negative,2,0,0.874710202217102,0.1252898126840591,train,"Saya pun bila ada di ibu itu, saya caci maki dan harus tatap muka dg orang tuanya utk dikasusin skalian."
False,2.077095277261542,1,1,1,Suspected_False_Negative,3,0,0.8747063279151917,0.1252936273813247,train,pecatttt woyyyyy bukan di nonaktifkan astaghfirullah hukum di negara gak dapat di percaya lagi
False,2.076968149257206,1,1,1,Suspected_False_Negative,3,0,0.8746904730796814,0.125309556722641,train,user he  delusional trying to say that jews built the pyramids what a joke
False,2.0766663890225634,1,1,1,Suspected_False_Negative,5,0,0.874652624130249,0.1253473758697509,train,she has received death threats and has teenage daughters. she is protecting her family
False,2.075357081915789,1,0,0,Suspected_False_Positive,2,1,0.1255116015672683,0.8744884133338928,train,thigh high black boots burberry all day bitches
False,2.075246319139448,1,0,0,Suspected_False_Positive,3,1,0.1255255043506622,0.8744744658470154,train,he is not allowed to do this he needs to be prosecuted
False,2.074590185593627,1,1,1,Suspected_False_Negative,5,0,0.8743920922279358,0.125607892870903,train,user you mean the wypepo dindu nuffin damn
False,2.073898916528851,1,0,0,Suspected_False_Positive,4,1,0.1256947517395019,0.874305248260498,train,dykes love that lil black sports bra khaki pants combo
False,2.0726626078074823,1,1,1,Suspected_False_Negative,2,0,0.8741496801376343,0.1258502453565597,train,"yes, the brotherhood invented this imaginary slur to control us in the s?"
False,2.0720084034322293,1,0,0,Suspected_False_Positive,3,1,0.1259326040744781,0.8740673661231995,train,omg over number people seen me in my towel head
False,2.067675459209,1,0,0,Suspected_False_Positive,2,1,0.1264794468879699,0.8735204935073853,train,sabine wren is a raging queer
False,2.0652382497686044,1,1,1,Suspected_False_Negative,5,0,0.8732119202613831,0.1267880797386169,train,liberals  wouldnt know the first thing about doing the right thing
False,2.065077014224514,1,0,0,Suspected_False_Positive,4,1,0.1268085241317749,0.8731914758682251,train,user but yeah fuck them white devils
False,2.0648274559437234,1,0,0,Suspected_False_Positive,3,1,0.1268401741981506,0.8731598258018494,val,tasyi kocak
False,2.063687729038937,1,0,0,Suspected_False_Positive,5,1,0.1269848197698593,0.8730151653289795,train,well if we all go around killing people our system devolves from order to chaos ghetto
False,2.0623328315946527,1,1,1,Suspected_False_Negative,1,0,0.8728430271148682,0.127156987786293,train,keep russia free from dark skinned beings !!!! thank you and please forgive me for mistakes .
False,2.061680195162307,1,1,1,Suspected_False_Negative,1,0,0.872759997844696,0.1272400021553039,train,layak mendapatkan penghinaan terhadap orang
False,2.0604963218462884,1,1,1,Suspected_False_Negative,3,0,0.8726093173027039,0.1273907274007797,train,you mean awake do not use blm ghetto language
False,2.060441931297925,1,1,1,Suspected_False_Negative,1,0,0.8726023435592651,0.1273976564407348,train,he is a beast
False,2.0600705170896347,1,1,1,Suspected_False_Negative,4,0,0.8725550174713135,0.1274449825286865,train,"please do, im tired of seeing race mixers on my bank website"
False,2.0594879460460147,1,0,0,Suspected_False_Positive,5,1,0.1275192499160766,0.8724806904792786,train,user user this negro did not nothing wrong to you for you to burn him like that
False,2.0581939221564687,1,0,0,Suspected_False_Positive,3,1,0.1276843696832656,0.8723155856132507,train,Alesan mereka apa ya bully timoty? Pdhl beda fakultas loh
False,2.0567880550342115,1,0,0,Suspected_False_Positive,5,1,0.1278640031814575,0.8721359968185425,val,white ghetto and stupid not cute
False,2.0563189784830613,1,1,1,Suspected_False_Negative,1,0,0.8720759749412537,0.1279239952564239,train,trump immigration policy should just be you cant come in  it works for me.
False,2.055981696289505,1,0,0,Suspected_False_Positive,2,1,0.1279671490192413,0.8720328211784363,train,dropped  possibly the lamest hip verb in the shitlib lexicon.
False,2.0550431227359103,1,0,0,Suspected_False_Positive,4,1,0.1280873119831085,0.8719127178192139,train,black ppl who went to all white schools become annoying ass adults
False,2.053537938005028,1,0,0,Suspected_False_Positive,5,1,0.1282802522182464,0.8717197775840759,train,flaw ass niggas and bitches
False,2.0533781132543845,1,0,0,Suspected_False_Positive,2,1,0.1283007562160492,0.8716992735862732,train,is our president mentally retarded
False,2.0513219525137965,1,0,0,Suspected_False_Positive,1,1,0.1285648345947265,0.8714352250099182,train,is behind this. she is eating up profits. they must have their hb!
False,2.050648661867059,1,1,1,Suspected_False_Negative,2,0,0.8713486194610596,0.128651425242424,train,somehow i doubt that statistic you just made up in your head. url
False,2.050388319239405,1,1,1,Suspected_False_Negative,2,0,0.8713151216506958,0.1286849230527877,train,lagu kamu tidak laku ya mel
False,2.050193222511624,1,0,0,Suspected_False_Positive,4,1,0.1287100315093994,0.8712899684906006,train,isis jihadis discuss ;buying and selling; yezidi girls as slaves  tcot pjnet
False,2.0501523554373344,1,1,1,Suspected_False_Negative,3,0,0.8712847232818604,0.1287152916193008,train,and it stunk like refer and black sweat .
False,2.04927394355776,1,1,1,Suspected_False_Negative,1,0,0.8711715936660767,0.1288284063339233,train,Makeup zaman emak gw sih ini cin🥺
False,2.048438253680006,1,1,1,Suspected_False_Negative,2,0,0.8710638284683228,0.1289361119270324,train,y  all still not throwing money at the strippers the ghetto lol
False,2.048172362199256,1,1,1,Suspected_False_Negative,1,0,0.8710295557975769,0.1289703994989395,train,"betul, bisa di liat dari anak sekolah jaman pak Harto sama anak sekolah jaman sekarang, dl kelas 6 SD aja sudah hapal ibukota negara-negara, pegangan rpul, rpal, 1 jam berapa menit aja tau, anak skrg? ðŸ˜­ðŸ˜­ðŸ˜­"
False,2.0471567092206486,1,1,1,Suspected_False_Negative,3,0,0.8708985447883606,0.1291014552116394,train,KAMPUNGAN
False,2.04511478538141,1,0,0,Suspected_False_Positive,3,1,0.1293653398752212,0.8706346154212952,train,we can see hoog liberal was high on drugs.
False,2.044576893190661,1,1,1,Suspected_False_Negative,3,0,0.8705650568008423,0.1294349431991577,train,they should have never gave a cracker a transmitter!!!!!!  will flip when he sees this.
False,2.044051601972284,1,1,1,Suspected_False_Negative,1,0,0.8704969882965088,0.1295029520988464,train,let moslems have a no bag limit on moslem girls
False,2.0436832340714384,1,0,0,Suspected_False_Positive,2,1,0.1295506656169891,0.8704493045806885,val,Keluar airmata jantan aku baca
False,2.043357430163521,1,0,0,Suspected_False_Positive,2,1,0.1295928806066513,0.8704071640968323,train,divert and defame...we voted him in to get things done...not bc he is well mannered
False,2.041116596826108,1,0,0,Suspected_False_Positive,5,1,0.1298836022615432,0.8701164126396179,val,"jay; i think once someone has alzheimers, suffers from alcoholism and is mildly retarded, people shouldnt mak;"
False,2.040778553383217,1,1,1,Suspected_False_Negative,5,0,0.8700724840164185,0.1299275159835815,val,""" Namanya anak - anak "" emangnya orang tua pelaku bullying mau anaknya ga berkembang sampe suatu saat dia jadi dewasa tetep suka menyakiti orang? Damai ya damain gausah pake kata "" namanya anak - anak "" nanti pelaku bullyingnya makin suka menyakiti orang"
False,2.0404340891741604,1,1,1,Suspected_False_Negative,1,0,0.8700277209281921,0.1299722790718078,train,Iyaiya Buzzzz
False,2.0398336246127244,1,1,1,Suspected_False_Negative,5,0,0.8699496984481812,0.1300503462553024,train,user homo we go lesbians
False,2.039646876744946,1,1,1,Suspected_False_Negative,2,0,0.869925320148468,0.1300746351480484,val,apa yg kau taman itulah yg kau tuai aminn
False,2.039479635252079,1,0,0,Suspected_False_Positive,4,1,0.1300963908433914,0.8699036836624146,train,parah kamu bang nama kamu sudah rusak karena narkoba tambah saja truss
False,2.0377983512301494,1,0,0,Suspected_False_Positive,1,1,0.1303153038024902,0.8696846961975098,val,"Jika hewan ini benar -benar sensitif, apa yang salah dengan kucing yang Anda masukkan ke dalam pengering sampai Anda mati dia"
False,2.035263749216748,1,0,0,Suspected_False_Positive,3,1,0.1306460201740265,0.8693540096282959,train,that has been proven many times over by the jew media in the u.s !
False,2.0352502905198344,1,1,1,Suspected_False_Negative,4,0,0.8693522214889526,0.1306477785110473,train,user not stanning the boyz is an act of violent islamophobia btw
False,2.0351809468846853,1,0,0,Suspected_False_Positive,3,1,0.1306568384170532,0.8693431615829468,train,momma said no pussy cats inside my doghouse
False,2.0348430795155648,1,1,1,Suspected_False_Negative,5,0,0.8692989349365234,0.1307009905576706,train,it started with cameron and may is even worse. she is not a conservative!
False,2.034628764527572,1,1,1,Suspected_False_Negative,4,0,0.8692710399627686,0.130729004740715,train,careful now soyboy stickman. your arms might fall clean off. dweeb.
False,2.0339060181603053,1,1,1,Suspected_False_Negative,1,0,0.86917644739151,0.1308235228061676,train,Saya tidak tahu harus berkata apa sekarang bahwa saya orang yang menyakitkan sehingga orang lain tidak menilai saya
False,2.0336806299868773,1,0,0,Suspected_False_Positive,3,1,0.1308530122041702,0.869147002696991,train,selengekan
False,2.0326275937206453,1,0,0,Suspected_False_Positive,2,1,0.1309908777475357,0.8690091371536255,train,natitude? okay. im only going to say it once. comb yer beards. lol wiggers
False,2.032319359099567,1,0,0,Suspected_False_Positive,2,1,0.131031259894371,0.8689687252044678,val,ahahahh!!ping pang pow! how u like me now! shouts out  my bro dre hogg style ent! uza fool  dis
False,2.032094214519978,1,1,1,Suspected_False_Negative,3,0,0.868939220905304,0.1310607641935348,train,crazy how funny jim used to be. now its funny how crazy he has become.
False,2.031606461448624,1,1,1,Suspected_False_Negative,2,0,0.8688753247261047,0.1311247050762176,train,you can sleep safe at night knowing these wonderful ladies at nato are defending you from moslem terrorist
False,2.0315511197439813,1,0,0,Suspected_False_Positive,4,1,0.131131961941719,0.8688680529594421,train,amp; thots are wearing uggs rt  itsfallbecause negros are pulling out their timbs
False,2.031079646265912,1,1,1,Suspected_False_Negative,1,0,0.8688061833381653,0.1311938017606735,train,user user i hate you
False,2.029771818226968,1,0,0,Suspected_False_Positive,5,1,0.131365492939949,0.8686344623565674,train,Klw sy TDK banyak bicara' langsung sy tempeleng itu anak orangtuanya keberatan orang tuanya sy marah karna orangtuanya TDK mendidik anaknya dgn baik..
False,2.029733478661371,1,1,1,Suspected_False_Negative,2,0,0.8686293959617615,0.1313705295324325,train,udah di bilang kemarin kebanyakan pakai filter kok ngga percaya
False,2.026583544810864,1,1,1,Suspected_False_Negative,2,0,0.8682149648666382,0.1317849904298782,train,tinggl d LN bukny mkin cantik glowing laaa ini beda sndiri ðŸ¤£ agak laen ng
False,2.0264755671070804,1,1,1,Suspected_False_Negative,2,0,0.8682007789611816,0.1317992210388183,train,to all my muslim moots mute me just in case
False,2.025354418930414,1,1,1,Suspected_False_Negative,2,0,0.8680528998374939,0.1319470703601837,train,it is easier for other races to follow the herd but not whites .
False,2.024854590055224,1,0,0,Suspected_False_Positive,2,1,0.1320130378007888,0.8679869771003723,train,surrender of divinity  conquerors of the apocalypse  via  gt;oriental black metal hell!!
False,2.0248375458586625,1,0,0,Suspected_False_Positive,2,1,0.1320152878761291,0.8679847121238708,train,try looking for plain old democrats.  the liberals are the ones which you cant have a conversation with.
False,2.0228520239055423,1,1,1,Suspected_False_Negative,4,0,0.8677223920822144,0.1322776675224304,train,reason is he is in a small market on a mediocre team.
False,2.021897652811573,1,0,0,Suspected_False_Positive,1,1,0.1324039697647094,0.8675960302352905,train,liberals heads are exploding. its so fun to watch them melt down.
False,2.02181234873456,1,0,0,Suspected_False_Positive,2,1,0.1324152648448944,0.8675847053527832,train,Di antara dia melenturkan/ menipu orang di sana wk
False,2.021251188815362,1,1,1,Suspected_False_Negative,3,0,0.8675104379653931,0.1324895918369293,train,oh goodie yet another ghetto lottery participant any excuse for the free giddings
False,2.017448268378947,1,1,1,Suspected_False_Negative,3,0,0.8670056462287903,0.1329943984746933,train,i cant believe you replaced the american flag with the antifa flag!!
False,2.0172776406483,1,1,1,Suspected_False_Negative,3,0,0.8669828772544861,0.1330170929431915,train,my latest the left is the greatest danger america faces
False,2.016777576715935,1,1,1,Suspected_False_Negative,2,0,0.8669163584709167,0.133083626627922,train,user it  not even very clever and seems retarded but it provides number lulz
False,2.0160695153305865,1,0,0,Suspected_False_Positive,3,1,0.1331778913736343,0.8668221235275269,train,kavanaughs judicial philosophy on gun control is foolish and heartless. url
False,2.0157897197104546,1,1,1,Suspected_False_Negative,1,0,0.8667848110198975,0.1332151591777801,train,"kalau penyidiknya kompeten berarti seharusnya gaada masalah kan? jadi ini semua bukan masalah besar kecil wewenangnya, tapi kompeten atau tidak aparatnya?"
False,2.015262001787418,1,0,0,Suspected_False_Positive,2,1,0.1332854777574539,0.8667144775390625,train,cosplay jadi Kasino warkop hehe
False,2.014958290476488,1,0,0,Suspected_False_Positive,2,1,0.1333259642124176,0.86667400598526,train,suaranya emang gtuh ya
False,2.0148708941547886,1,1,1,Suspected_False_Negative,2,0,0.8666623830795288,0.1333376169204712,train,boycotting nfl for the rest of my life.
False,2.013624707354783,1,1,1,Suspected_False_Negative,1,0,0.8664961457252502,0.1335038840770721,train,minimal tidak
False,2.013216722723984,1,1,1,Suspected_False_Negative,4,0,0.8664416074752808,0.1335583627223968,val,seems that the nwo is taken seriously by may
False,2.011829860540841,1,1,1,Suspected_False_Negative,4,0,0.8662562370300293,0.1337437182664871,train,anti violence laws just saved a white man from my nail scratches
False,2.011681799925736,1,0,0,Suspected_False_Positive,1,1,0.1337635219097137,0.8662364482879639,train,cheating is not the wave grow up you dumbass nigga
False,2.010566757939911,1,1,1,Suspected_False_Negative,2,0,0.8660873174667358,0.1339127570390701,train,"Itu yg halangi ga ngrasain ya klo anak elu yg di buly dianiaya, sok sabar2....semoga aja yg misahin merasakan seperti apa yg ibu itu rasakan, semoga anaknya di buly biar bisa ngrasain kli disuruh sabar gmn rasanya.....!!!!"
False,2.010497435928626,1,1,1,Suspected_False_Negative,1,0,0.8660780191421509,0.1339220404624939,train,user you  re so gay lmao
False,2.010350573706488,1,1,1,Suspected_False_Negative,3,0,0.866058349609375,0.1339417099952697,train,for what??? lies and rumors being spread by liberals with their known pattern? hell no.
False,2.0077813069026123,1,1,1,Suspected_False_Negative,2,0,0.8657136559486389,0.1342862844467163,train,cakep kok guys.. tp boong
False,2.00771872424966,1,0,0,Suspected_False_Positive,4,1,0.1342946887016296,0.8657053112983704,train,Pantes ujan seharian
False,2.006685234558802,1,1,1,Suspected_False_Negative,5,0,0.8655664920806885,0.1344335526227951,train,republicans constantly tell us about respecting law enforcement but ignore their judgment on gun control
False,2.0066752586428804,1,1,1,Suspected_False_Negative,5,0,0.8655651211738586,0.1344348937273025,train,yes kill em with kindness.  let potus and the militaryleos handle the violence. url nowwatching
False,2.0057557957752707,1,0,0,Suspected_False_Positive,4,1,0.1345585584640503,0.8654414415359497,train,user tell me you are actually going to make the nazi pug shirt
False,2.0051101622149705,1,1,1,Suspected_False_Negative,2,0,0.8653544783592224,0.1346454620361328,train,its great to be white. fixed it for you
False,2.003678237757445,1,1,1,Suspected_False_Negative,4,0,0.8651615977287292,0.1348384022712707,train,Never gonna let u 👇😢❤❤🎉🎉😊
False,2.0029504545013217,1,1,1,Suspected_False_Negative,4,0,0.8650633692741394,0.1349365711212158,train,please take john harwoods pen away.  he is incapable of unbiased reporting.
False,2.0025491188819258,1,1,1,Suspected_False_Negative,4,0,0.8650092482566833,0.1349907368421554,train,"dia klarifikasi karena takut kena bully, gak dapet kerja dan dikeluarkan dari kampus. bukan betulan menyesal"
False,2.0020747900185643,1,0,0,Suspected_False_Positive,5,1,0.1350547820329666,0.8649452328681946,train,"your a good gravedigger, charlie brown spookybroadway"
False,2.001935888909256,1,0,0,Suspected_False_Positive,4,1,0.1350735425949096,0.8649264574050903,val,"nanti di ewe, lalu kalau bisa mereka menggilir. itu banyak terjadi di sekolah, kampus, dan pompwsy"
False,2.001563852559672,1,1,1,Suspected_False_Negative,3,0,0.8648762106895447,0.1351238042116165,train,dorothy a dirty slut
False,1.998489735501995,1,0,0,Suspected_False_Positive,3,1,0.1355398297309875,0.8644601702690125,train,damnit you got another muslim cut the line son
False,1.9980916144259424,1,1,1,Suspected_False_Negative,5,0,0.8644062280654907,0.1355938017368316,val,you are right jared we should not judge tara or lauren southern by their distant yid ancestry arguing percentages is frivolous but we should judge them on the positions they take on the issues
False,1.9968615406399528,1,0,0,Suspected_False_Positive,2,1,0.1357606947422027,0.8642392754554749,train,"""antrian kendaraan itu panjang seperti ular"""
False,1.996284147633366,1,0,0,Suspected_False_Positive,3,1,0.1358391046524047,0.8641608357429504,train,poor kid. what a hateful mother
False,1.9941336552405808,1,1,1,Suspected_False_Negative,4,0,0.8638684153556824,0.136131539940834,train,lhaa iyaa mbak... gitu kok masih menjabattt yaa😭😭😭 banyak korban e yg motor rusak habis ratusan ribu sampai jutaan lhoo😭😭😭
False,1.993845375232674,1,1,1,Suspected_False_Negative,2,0,0.8638291954994202,0.1361707895994186,train,evolution. an evolution we helped to enact.   brexit is economic and social suicide.
False,1.992415710668308,1,1,1,Suspected_False_Negative,5,0,0.8636344075202942,0.136365607380867,train,"Saran gua y ini mah saran doang buat korban bully yang kalo dibully mereka gk mau ngelawan karena ketakutan, buat apa kalian takut ha buat apa anj, hajar lg aja, nanti ujung²nya jg kalian babak belur karena dihajar, mending ada perlawanan dari pada tanpa perlawanan sama sekali"
False,1.99029837373874,1,0,0,Suspected_False_Positive,3,1,0.136654645204544,0.8633453845977783,val,who cares??? she broke into his home and shot him. she is the one. that needs to be held fully accountable for her actions.
False,1.990047389452724,1,1,1,Suspected_False_Negative,2,0,0.8633110523223877,0.1366889476776123,train,Gue trkdg bingung ma yg nntn di bioskop. Udh cape2 ngantri &amp; bayar tix pun mahal eh begitu dlm bioskop bukannya nntn malah main hp. GOBLOG!!'
False,1.9895678379549624,1,1,1,Suspected_False_Negative,3,0,0.8632454872131348,0.1367545127868652,train,hell to have a teacher like this .
False,1.987528064898033,1,1,1,Suspected_False_Negative,2,0,0.8629662990570068,0.1370337456464767,train,liberals as per odia standards ....rw is liberal when it comes to my state
False,1.985266097602183,1,1,1,Suspected_False_Negative,5,0,0.8626559376716614,0.1373440623283386,train,Ibnuu ibnuu kebelet validasi
False,1.9842656222224784,1,0,0,Suspected_False_Positive,2,1,0.137481540441513,0.8625184893608093,train,Rusak
False,1.983463016223598,1,0,0,Suspected_False_Positive,3,1,0.137591928243637,0.8624081015586853,train,"STOP MENTION KUDA LUMPING, masih tidak nyangka pikiran orang bisa pada sampe ke kuda lumping 😭"
False,1.983163287644638,1,1,1,Suspected_False_Negative,5,0,0.8623668551445007,0.1376331746578216,train,israely zionist indeed prepeared the georgian attack .
False,1.9825228756117297,1,0,0,Suspected_False_Positive,1,1,0.1377213448286056,0.8622786402702332,train,the fuck is viewpoint discrimination
False,1.98043823695846,1,1,1,Suspected_False_Negative,3,0,0.861991286277771,0.1380087435245514,train,Mantan suami dulu sempet kerja di kapal dan kaptennya org korea dia dan 4temennya dibully dan hampir di cekoki daging babi. Tiap hari dihina dengan kata2 binatang. Jadi jujur nggak kaget denger di korea banyak pembullyan dari masa muda sampek tua ternyata pembully
False,1.9802963710413792,1,1,1,Suspected_False_Negative,1,0,0.8619716167449951,0.1380283236503601,train,just because we can  breed  does nt mean we should .
False,1.9798489882421373,1,1,1,Suspected_False_Negative,5,0,0.8619099259376526,0.1380900889635086,train,many of them are doing just as their masters desire .
False,1.979373222817231,1,0,0,Suspected_False_Positive,1,1,0.1381558030843734,0.8618441820144653,train,this nazi should have died number yrs ago why is he still breathing
False,1.9789910483195128,1,1,1,Suspected_False_Negative,5,0,0.8617913722991943,0.1382086127996444,train,user user illegal immigrants aren  t americans
False,1.9785742090192544,1,1,1,Suspected_False_Negative,5,0,0.8617337942123413,0.138266235589981,train,Aki aki
False,1.9781703629510925,1,0,0,Suspected_False_Positive,5,1,0.1383220851421356,0.861677885055542,train,fuck  i didnt realize it until i got on and finally played it again
False,1.9767537740725845,1,0,0,Suspected_False_Positive,4,1,0.1385181695222854,0.8614818453788757,train,get this nigga zion some lugz those soles strong as shit
False,1.9764198079213864,1,0,0,Suspected_False_Positive,2,1,0.1385644376277923,0.86143559217453,train,edan nih orang sudah makan uang rakyat tidur
False,1.9763458234284164,1,1,1,Suspected_False_Negative,2,0,0.8614253401756287,0.1385746896266937,train,elon sometimes opens his mouth only to replace one foot with the other
False,1.975661833689652,1,1,1,Suspected_False_Negative,5,0,0.861330509185791,0.1386695057153701,train,user now now you naughty little slut
False,1.9755125855310016,1,1,1,Suspected_False_Negative,1,0,0.861309826374054,0.1386902034282684,train,what happens when you elect ghetto girls
False,1.974609405793876,1,1,1,Suspected_False_Negative,5,0,0.8611845374107361,0.1388155221939087,train,user  asians are the cause of everything bad
False,1.9742725063931528,1,1,1,Suspected_False_Negative,1,0,0.8611377477645874,0.1388622969388961,train,muslim girls can  t ride ferris wheels
False,1.974205225972358,1,0,0,Suspected_False_Positive,1,1,0.1388716399669647,0.8611283898353577,train,my gay ass cant take this anymore
False,1.973837999734825,1,0,0,Suspected_False_Positive,4,1,0.1389226466417312,0.8610773682594299,train,at pussy cat lounge killin it with my girlz  and
False,1.9736237126407803,1,1,1,Suspected_False_Negative,2,0,0.8610475659370422,0.1389524191617965,train,user you are gay right
False,1.973544465932708,1,0,0,Suspected_False_Positive,1,1,0.1389634311199188,0.8610365390777588,train,ur evil and a need for reassurance and comfort from others male only for some reason  is  normal!!!
False,1.973304512172512,1,0,0,Suspected_False_Positive,2,1,0.1389967799186706,0.8610032200813293,train,enough fucking around! release the memo!!
False,1.9728322781011265,1,0,0,Suspected_False_Positive,3,1,0.1390624344348907,0.8609375357627869,train,stop crying over that manipulative toxic ass mf and go be a slut
False,1.9726033152168088,1,0,0,Suspected_False_Positive,5,1,0.139094278216362,0.8609057664871216,train,the judge triple white and he hate your blackness slam the gavel with a racist passion
False,1.968533492897136,1,1,1,Suspected_False_Negative,2,0,0.8603384494781494,0.1396615207195282,train,well i wonder if its started messing with the daughter yet .
False,1.968038977991664,1,1,1,Suspected_False_Negative,1,0,0.8602693676948547,0.1397306025028228,train,tan skin engga masalah sama sekali tp ada yg bersih ada yg kurang bersih
False,1.9679748881592367,1,1,1,Suspected_False_Negative,3,0,0.8602604866027832,0.1397395581007003,train,ini emg gelap? apa krna gk kena lighting?
False,1.967359685470211,1,0,0,Suspected_False_Positive,4,1,0.13982555270195,0.8601744771003723,train,"pemerintah ga akan mempermudah pesaingnya bg,kalau shell atau yg lain makin banyak,otomatis pertamanya akan kalah saing"
False,1.9669559745419924,1,1,1,Suspected_False_Negative,1,0,0.86011803150177,0.1398820132017135,train,wtf is wrong with the left? seriously.
False,1.9669071865299428,1,1,1,Suspected_False_Negative,5,0,0.8601111173629761,0.1398888379335403,val,Antikristus
False,1.9667706353606416,1,1,1,Suspected_False_Negative,5,0,0.8600921034812927,0.1399079412221908,train,"Mau siapapun pelatih lokal Korea misal ngelatih timnas korsel, jika gagal pasti akan di benci juga,itu SDM org2 Korea emang begitu,sty aja di lempar telur,masih beruntung itu pelatih Hong,Rasis di sana itu tinggi jd wajar wajar saja"
False,1.9649185988339817,1,0,0,Suspected_False_Positive,2,1,0.1401672959327697,0.8598327040672302,train,than why did you show us how hot she is ?
False,1.9633969751071365,1,1,1,Suspected_False_Negative,3,0,0.8596192002296448,0.1403807401657104,train,pedophilia promoted by mohammed piss be upon him perfect rolemodel for every moslem
False,1.9624359467562564,1,1,1,Suspected_False_Negative,4,0,0.8594843149185181,0.1405157148838043,train,paling gabisa kalau soal ac rusak??
False,1.961293951001404,1,1,1,Suspected_False_Negative,3,0,0.8593236804008484,0.140676274895668,train,cnn commentator all trump supporters are racist
False,1.9610085233518009,1,0,0,Suspected_False_Positive,2,1,0.1407164335250854,0.8592835664749146,train,its not your name. youre account is as fake as a  dollar bill. you are about as dense as stale unleavened bread.
False,1.9605343322693207,1,0,0,Suspected_False_Positive,4,1,0.1407831758260727,0.8592168688774109,train,"gw jg manurung, asli malu & marah bget atas sikap bocah tengil bgini"
False,1.959579010568544,1,1,1,Suspected_False_Negative,2,0,0.8590822219848633,0.1409177333116531,train,@Zonatoko: Miss Nrocos Tasyi
False,1.9594926217049349,1,1,1,Suspected_False_Negative,4,0,0.8590700626373291,0.1409299075603485,train,user sounds like a gay porn i  d sit through and watch
False,1.958214684894652,1,0,0,Suspected_False_Positive,4,1,0.1411101222038269,0.8588898777961731,train,sure and it all kashmiri need too kashmir looks ahead terrorism is unislamik
False,1.958100327153419,1,0,0,Suspected_False_Positive,3,1,0.1411262601613998,0.8588737845420837,train,you are your daddys first mistake.
False,1.9577854093976104,1,1,1,Suspected_False_Negative,4,0,0.8588292598724365,0.1411707103252411,train,"Hapus admin, bikin aku bahlilphobia"
False,1.957451280632084,1,1,1,Suspected_False_Negative,4,0,0.8587821125984192,0.1412178874015808,train,is it wrong that i hate asians even though i am asian speekfreely newgabber gab followattack
False,1.9571307654756087,1,0,0,Suspected_False_Positive,5,1,0.1412631571292877,0.8587368726730347,train,gemeshh kaya pengen cubit
False,1.9546294685905707,1,0,0,Suspected_False_Positive,4,1,0.141616940498352,0.8583831191062927,train,trump rule  do not fuck potus trump.
False,1.9527570155701643,1,0,0,Suspected_False_Positive,5,1,0.1418823599815368,0.8581176400184631,val,sejak 2014 gaduh terus
False,1.9518904117633304,1,1,1,Suspected_False_Negative,5,0,0.8579946160316467,0.142005369067192,train,ini bukan dosen tapi Walid nak Dewi boleh??
False,1.951428704768482,1,1,1,Suspected_False_Negative,4,0,0.8579290509223938,0.1420709490776062,train,Npd gk sih klw gt
False,1.950957461059133,1,0,0,Suspected_False_Positive,2,1,0.1421379148960113,0.857862114906311,train,i love retarded people no cap
False,1.9495544828532017,1,0,0,Suspected_False_Positive,3,1,0.1423374712467193,0.8576624989509583,train,user user i  m not on about your beef i was talking about calyko being retarded but yours also needs to stop
False,1.949206557298224,1,1,1,Suspected_False_Negative,1,0,0.8576130270957947,0.1423870027065277,train,don  t you hate when you accidentally fall for her so ghetto
False,1.94899779727705,1,0,0,Suspected_False_Positive,2,1,0.1424167305231094,0.8575832843780518,train,and i dont have any confidence nonwhatsoever in you barack! youre the sole reason why this country is in thi;
False,1.948800692478072,1,1,1,Suspected_False_Negative,1,0,0.8575551509857178,0.1424448043107986,train,liking someone is ghetto that  why ion like to do it
False,1.9468562092173367,1,0,0,Suspected_False_Positive,3,1,0.1427220553159713,0.8572779893875122,train,religious predators accelerate the death of religion
False,1.9438700422486368,1,1,1,Suspected_False_Negative,2,0,0.8568511605262756,0.1431488841772079,train,user user wrong that sanders is a commie nazi wanna be wtf
False,1.9438416245684875,1,1,1,Suspected_False_Negative,3,0,0.8568470478057861,0.1431529521942138,val,kayanya cocok sm si logo arsenal
False,1.9438045682939504,1,1,1,Suspected_False_Negative,5,0,0.8568418025970459,0.1431582570075988,train,conservatives cut police funding person complains about crime person votes conservative to tackle crime  ?
False,1.9429191652846471,1,1,1,Suspected_False_Negative,1,0,0.8567149043083191,0.1432850658893585,train,this is real ghetto
False,1.940981299380414,1,0,0,Suspected_False_Positive,3,1,0.1435630023479461,0.8564370274543762,train,she is the absolute worst! elizabethholmes theranos minutes so happy  cms shut this fraud down!
False,1.9396637601436448,1,1,1,Suspected_False_Negative,1,0,0.8562477827072144,0.1437522768974304,train,kata gua sih emang udah di setting dari awal😆
False,1.9390377544636583,1,0,0,Suspected_False_Positive,4,1,0.1438422948122024,0.856157660484314,train,Untung kawan sekolah aku anak org miskin semua JD gadak yg sok mantap wkwkwk
False,1.9370152686198765,1,0,0,Suspected_False_Positive,2,1,0.1441335082054138,0.855866551399231,train,Kita dukung apapun keputusan lo
False,1.9327151540087928,1,1,1,Suspected_False_Negative,4,0,0.8552454113960266,0.1447546333074569,train,trus maksudnya ngelamar itu apaan yaa bambang😭
False,1.9311314289004795,1,0,0,Suspected_False_Positive,2,1,0.1449840664863586,0.8550159931182861,train,your a greaser
False,1.930303381768313,1,0,0,Suspected_False_Positive,1,1,0.145104169845581,0.854895830154419,train,PLIS merusak ara
False,1.929854304079465,1,1,1,Suspected_False_Negative,5,0,0.8548306822776794,0.1451693475246429,train,Demo 299 adalah demo stress frustrasi dan gagal. Tadinya demo itu menjadi demo massal dengan ratusan ribu dan... URL
False,1.9298538934925635,1,1,1,Suspected_False_Negative,4,0,0.8548305630683899,0.1451694071292877,train,if it continues england will become a cesspool of sh   pardon my english
False,1.9291717309287773,1,0,0,Suspected_False_Positive,3,1,0.1452684700489044,0.854731559753418,train,i confess. im autistic or something. i thought aerosmith dreamon was ledzeppelin until like yesterday....... retarded
False,1.929170397432484,1,1,1,Suspected_False_Negative,4,0,0.8547312617301941,0.1452686637639999,train,"""Lupa di edit ya tu muka melar"""
False,1.928560253019552,1,0,0,Suspected_False_Positive,3,1,0.1453573256731033,0.8546426296234131,train,oo shit that official shit too is movie violence nsfw eh better safe than sorry
False,1.927461599115979,1,1,1,Suspected_False_Negative,4,0,0.854482889175415,0.1455171108245849,train,"abidzar, mending lu mandi dulu dah kata gua mah"
False,1.9272432007024465,1,0,0,Suspected_False_Positive,1,1,0.1455488950014114,0.8544511198997498,train,gun control support is his downfall.
False,1.926435653577957,1,1,1,Suspected_False_Negative,5,0,0.8543334603309631,0.1456664800643921,train,user hunt down all the police just like nazi sympathizers were after the war
False,1.9256471567350364,1,1,1,Suspected_False_Negative,4,0,0.854218602180481,0.1457813829183578,train,we have been saved from you! maga!
False,1.9255281846171968,1,0,0,Suspected_False_Positive,2,1,0.1457987278699875,0.8542012572288513,train,guilt by association i see. a great tactic by spineless antiwhite liberals.
False,1.925176870209264,1,1,1,Suspected_False_Negative,1,0,0.8541499972343445,0.1458499580621719,train,i have number niggas again this is ghetto
False,1.9249080008553687,1,1,1,Suspected_False_Negative,1,0,0.8541107773780823,0.1458891779184341,train,whoever made this thread has the big gay
False,1.924445310313405,1,1,1,Suspected_False_Negative,5,0,0.8540433049201965,0.1459566950798034,train,last thing we want is them moving off the reserves .
False,1.9232950773621391,1,0,0,Suspected_False_Positive,3,1,0.1461246758699417,0.8538753390312195,train,fuck it heres a thread of the cql women being stunning in dresses
False,1.922546448361004,1,1,1,Suspected_False_Negative,1,0,0.8537659049034119,0.1462341099977493,train,gapapa gaes.. yg penting abg nya pede dulu punya otak atau engga belakangan
False,1.921812940203019,1,1,1,Suspected_False_Negative,2,0,0.8536586165428162,0.1463414132595062,train,minus well keep him how he is bruh
False,1.9209538076073769,1,1,1,Suspected_False_Negative,1,0,0.8535327911376953,0.1464671939611435,train,drinking by myself how ghetto
False,1.9202450523350767,1,1,1,Suspected_False_Negative,3,0,0.8534290194511414,0.1465710401535034,train,pigeon girl can also send pigeons to poop on all maga hats.
False,1.919695500106697,1,0,0,Suspected_False_Positive,4,1,0.1466516107320785,0.853348433971405,train,school food ass anyways
False,1.9191333525134249,1,1,1,Suspected_False_Negative,4,0,0.8532660007476807,0.1467340737581253,train,kurus bangett mau dilirik siapasi
False,1.9190909046141529,1,1,1,Suspected_False_Negative,2,0,0.8532597422599792,0.1467403024435043,train,looking like a hillbilly and not matching is what i do best goodnight losers
False,1.9186820550407824,1,1,1,Suspected_False_Negative,1,0,0.8531996607780457,0.1468003094196319,train,its frustrating to watch politicians who know next to nothing about a topic write law!
False,1.918348053481338,1,0,0,Suspected_False_Positive,1,1,0.1468493491411209,0.8531506657600403,train,"congratulations for reinforcing the stereotype for insecure, uneducated, uncivilized, ba;"
False,1.918088723563632,1,1,1,Suspected_False_Negative,1,0,0.8531125783920288,0.1468874365091323,train,omg what country were you in?? it wasnt america. but again you liberals will believe anything
False,1.916814864710204,1,1,1,Suspected_False_Negative,4,0,0.8529253602027893,0.147074669599533,train,hiya sexy p s bolna xxx
False,1.916077548987999,1,1,1,Suspected_False_Negative,4,0,0.8528168797492981,0.1471831500530243,train,Siapa yg lepasin dari kandang woy
False,1.9150792920851425,1,1,1,Suspected_False_Negative,4,0,0.852669894695282,0.1473301500082016,train,cocok abidzar ganti Jefry nicol
False,1.914090619182628,1,1,1,Suspected_False_Negative,5,0,0.8525241017341614,0.1474758833646774,train,more bad news for democrats  maga  url
False,1.9137724906043767,1,0,0,Suspected_False_Positive,4,1,0.1475228071212768,0.8524771332740784,val,"woman accusing supreme court nominee kavanaugh of physical and sexual assault should not be ignored or insulted,whitehouse senior counselor  saysbecause a rapist amp;atempted murderer cant go free because he was yrs ,drunk amp; wanted ittcot pjnet maga url"
False,1.9133592463422573,1,0,0,Suspected_False_Positive,4,1,0.147583782672882,0.8524162769317627,val,another person that should be blocked is  camillekruger. this person isnt vulgar but has some sort of agenda where heshe is copy amp; pasting every one of eds tweets amp; passing them off as their own. every single tweet. its sick amp; creepy.
False,1.9132629280143505,1,1,1,Suspected_False_Negative,2,0,0.8524020314216614,0.147597998380661,train,ini uda termasuk cyber bullying loh bro *ketawa dikit
False,1.9111000279967776,1,1,1,Suspected_False_Negative,4,0,0.852082371711731,0.1479175835847854,val,beto is a joke
False,1.9098975172788093,1,0,0,Suspected_False_Positive,1,1,0.1480955630540847,0.8519044518470764,train,cok mau muntah anjg
False,1.908110720398492,1,1,1,Suspected_False_Negative,2,0,0.8516395688056946,0.1483604162931442,train,user user another group of feminazis released in to society yikes
False,1.9077878613690435,1,1,1,Suspected_False_Negative,3,0,0.8515916466712952,0.1484083235263824,train,masa RK mau sm kulkas 2 pintu
False,1.9074211436525936,1,1,1,Suspected_False_Negative,2,0,0.85153728723526,0.1484627574682235,train,death to jeremy corbin by any means necessary !
False,1.9060676713899487,1,0,0,Suspected_False_Positive,4,1,0.1486638337373733,0.8513361215591431,train,and she is obviously trying to be cardi! shes desperate url
False,1.9060281799989665,1,1,1,Suspected_False_Negative,5,0,0.8513303399085999,0.1486697047948837,train,i am baffled by the feminist love of islam. i understand why pedos love it.
False,1.9033663101236,1,0,0,Suspected_False_Positive,1,1,0.1490659713745117,0.8509340286254883,train,@RE IPPO:Sigit rendang: pengendali makhluk gaib
False,1.9029115794527365,1,0,0,Suspected_False_Positive,2,1,0.1491337716579437,0.8508662581443787,train,user felix said lesbian rights  lesbians said dykes love felix
False,1.902125533122227,1,1,1,Suspected_False_Negative,4,0,0.8507490158081055,0.1492510437965393,val,"kata gue ape, yg tulus cuma penyanyi ðŸ˜­"
False,1.901668871339812,1,0,0,Suspected_False_Positive,1,1,0.1493192166090011,0.8506808280944824,train,most likely a russian  troll
False,1.901635440910204,1,1,1,Suspected_False_Negative,4,0,0.8506757616996765,0.1493242084980011,train,a resounding no!  maga
False,1.901307383039769,1,1,1,Suspected_False_Negative,2,0,0.8506267666816711,0.1493732035160064,train,i fucking hate myself
False,1.9007752163648983,1,1,1,Suspected_False_Negative,3,0,0.8505473136901855,0.1494527161121368,val,the fact that newsweek no longer tries to give both sides of the story but instead only gives the side of antifa far left liberals and their gods in the deepstatepanic   take a look at newsweeks circulation they dont even have enough readers to put out a print edition anymore
False,1.8999618559212208,1,0,0,Suspected_False_Positive,3,1,0.1495743244886398,0.850425660610199,train,gw cuman keliatan idungnya woii??????
False,1.8995737969373632,1,1,1,Suspected_False_Negative,2,0,0.8503676056861877,0.149632379412651,train,only whites and asians survive the cold low iq can not do cold weather
False,1.8995380465117773,1,1,1,Suspected_False_Negative,4,0,0.8503623008728027,0.1496377289295196,train,user           i hate you
False,1.8993150086515704,1,0,0,Suspected_False_Positive,2,1,0.1496711075305938,0.8503289222717285,train,thank you for yours. loving gab to bits!  screw
False,1.8983670555411776,1,0,0,Suspected_False_Positive,5,1,0.1498130559921264,0.8501868844032288,train,coba liat bibir mu sayang pantat ayam wajah mu bulukan kentut perfectoooo
False,1.8971267997068213,1,1,1,Suspected_False_Negative,3,0,0.8500009775161743,0.1499989777803421,train,user if you hate nazis visit a concentration camp
False,1.894024207736124,1,1,1,Suspected_False_Negative,1,0,0.8495349287986755,0.1504650861024856,train,user bhakts may not agree for   crore muslim population
False,1.8939964785971248,1,0,0,Suspected_False_Positive,3,1,0.1504692584276199,0.8495307564735413,val,gak bakal bisa sembarangan mecat orang b 90 ini
False,1.8938943825735968,1,1,1,Suspected_False_Negative,4,0,0.8495153188705444,0.1504846215248108,train,gt;tfw she is a lesbian
False,1.8932680718926416,1,1,1,Suspected_False_Negative,2,0,0.8494210839271545,0.1505789011716842,train,WE ALL KNOW U CAME FROM THAT ONE VIDEO LMAO 😂
False,1.892355095758695,1,1,1,Suspected_False_Negative,4,0,0.8492835760116577,0.1507164388895034,train,Mas Hansol kadang itu perempuan kalo lagi cinta sama laki kebangetan begonya. Jadi kalo yang nasibnya sial ya kaya gini sampe dia harus mati di tangan orang yang dari awal cuma manfaatin dia sebagai pemuas nafsunya tapi si cewe berfikir kami saling cinta. Aslinya cinta itu tidak menyakitkan. Jadi kalo dalam hubungan ada rasa sakit yang dirasakan berarti itu bukan cinta tapi salah satunya adalah korban!? 🙄
False,1.8921726993631725,1,1,1,Suspected_False_Negative,5,0,0.8492560386657715,0.1507439315319061,train,idihhhh
False,1.891120393151196,1,1,1,Suspected_False_Negative,3,0,0.8490973711013794,0.1509026437997818,train,its a lot of uncle tom ass niggas out here.
False,1.890809487647032,1,0,0,Suspected_False_Positive,4,1,0.1509495675563812,0.8490504026412964,train,"neneknya bego. ""namanya anak2."" coba klu cucunya yg d gituin pasti udah mencak2. laporin aja secara hukum Bu..biar tau rasa"
False,1.8902759704484813,1,0,0,Suspected_False_Positive,2,1,0.1510301232337951,0.8489698171615601,train,dari awal udh gaenak badan🙏
False,1.890226245278695,1,0,0,Suspected_False_Positive,4,1,0.1510376334190368,0.8489623665809631,train,aura prindavan
False,1.889748654410718,1,0,0,Suspected_False_Positive,5,1,0.1511097848415374,0.8488901853561401,val,"gayanya udah kaya aktor chungmuro,Ryu Jun Yeol juga kalah gaya nya😭🤣🤣👊🏻"
False,1.8895951281049364,1,1,1,Suspected_False_Negative,2,0,0.8488669991493225,0.1511329859495163,train,raging on tl but i fucking hate being a female ok bye
False,1.8861353596168584,1,0,0,Suspected_False_Positive,1,1,0.1516567766666412,0.8483432531356812,train,gak punya hati dah
False,1.8850108646851,1,0,0,Suspected_False_Positive,2,1,0.1518274098634719,0.8481726050376892,train,dr. blasey ford kavanaugh metoo . . femfrauds maga maddow morningjoe wednesdaywisdom url
False,1.8845779409250225,1,1,1,Suspected_False_Negative,3,0,0.848106861114502,0.1518931537866592,train,Bang telah malu dengan lingkungan itu
False,1.8842807332623708,1,1,1,Suspected_False_Negative,5,0,0.8480616807937622,0.1519383043050766,train,user nope the gays do
False,1.8828708384817987,1,1,1,Suspected_False_Negative,3,0,0.8478472828865051,0.1521526724100113,train,user he  just gay in general no stipulations are needed
False,1.8825675779588584,1,0,0,Suspected_False_Positive,5,1,0.1521988213062286,0.8478012084960938,train,dia sama ricis sama aja
False,1.882218702227908,1,1,1,Suspected_False_Negative,1,0,0.8477481007575989,0.1522519290447235,train,mob death threats?  has antifa turned on her?  maxine waters?
False,1.8818133017954968,1,0,0,Suspected_False_Positive,5,1,0.1523136645555496,0.8476862907409668,train,selagi tidak punya power tidak bakal bisa ngapa-ngapain😂
False,1.8817566586308363,1,1,1,Suspected_False_Negative,3,0,0.8476777672767639,0.1523222923278808,val,"kavanaugh cant back out of nomination. he couldnt go back to dccircuit wno repercussions. this charge will follow him. when dems take back congress, they will launch investigations. conservatives who lie to get judgeships will be impeached for high crimes amp; misdemeanors"
False,1.881658249984648,1,0,0,Suspected_False_Positive,3,1,0.1523372828960418,0.8476627469062805,train,"""Gua kira keluar dari PENJARA bisa berubah"""
False,1.8805356488423144,1,0,0,Suspected_False_Positive,1,1,0.1525083929300308,0.8474916815757751,train,Warga korea berharap timnasnya juara pildun😅😅😅 tahun 2002 kalo gak bayar wasit jadi bubur itu korea😅
False,1.878948191179184,1,0,0,Suspected_False_Positive,4,1,0.1527506858110427,0.8472493290901184,train,Aku harap dia tak jual fhone 8 dia semata nak beli Xs tu
False,1.87740503402204,1,1,1,Suspected_False_Negative,5,0,0.8470134139060974,0.1529865860939026,train,at an antifa riot and screaming at white people
False,1.877311240535651,1,1,1,Suspected_False_Negative,1,0,0.8469991087913513,0.1530009359121322,train,i am the king of the homos
False,1.8771419864956456,1,1,1,Suspected_False_Negative,4,0,0.846973180770874,0.1530268341302871,train,is not malte muslim too sickening tweets
False,1.8766772208619449,1,1,1,Suspected_False_Negative,5,0,0.846902072429657,0.1530979722738266,train,"maaf ya cinta di mata ku jadi kayak peramal,kayak mak2 tarot tu loh"
False,1.8760421438770465,1,0,0,Suspected_False_Positive,3,1,0.1531952321529388,0.8468047380447388,train,buang sampah di kali angke dan bersihkan got got yg buntu namanya juga relawan
False,1.875781593924553,1,0,0,Suspected_False_Positive,5,1,0.1532351523637771,0.846764862537384,train,dont use his nj address.  he is never there.
False,1.8751383389487044,1,0,0,Suspected_False_Positive,2,1,0.1533337533473968,0.8466662168502808,train,does not islam in western countries use a similar process
False,1.8749336962404564,1,0,0,Suspected_False_Positive,5,1,0.1533651351928711,0.8466348648071289,train,the wokest thing u can do as a white person is kill yourself by self immolation
False,1.874745318157218,1,1,1,Suspected_False_Negative,4,0,0.8466059565544128,0.1533940285444259,val,paling gk bissaa soal tapir????
False,1.873674695252396,1,0,0,Suspected_False_Positive,4,1,0.1535583436489105,0.8464416265487671,train,i prefer to get inside their heads. you can really upset some peoples mental boat by doing that.
False,1.87336712865574,1,1,1,Suspected_False_Negative,1,0,0.8463943600654602,0.153605580329895,train,do you get the feeling he is kissing  behind so he can humiliate him later?
False,1.8716609313196813,1,1,1,Suspected_False_Negative,1,0,0.8461320996284485,0.1538678854703903,train,Satu satu nya kegagalan Korea Selatan adalah TIDAK SAMPAINYA KELUHAN RAKYAT PADA PETINGGI BOLA DISANA..!!! PETINGGI TAK TAU RAKYAT KOMPLIN APA DAN TAK ADA YG BISA DISAMPAIKAN KE PELATIH UNTUK MENJADIKAN MASUKAN..!!! KEDUA PELATIH KORSEL harus bisa mencari pelatih medern yg dapat mendengar banyak pendapat rakyat atau pakar ..!! dan memasangkan posisi pemain di posisinya . Hanya taktik serangan saja variatifnya . Juga bertahan nya ..!
False,1.8700720179983144,1,1,1,Suspected_False_Negative,2,0,0.8458874225616455,0.1541125625371933,train,the way i fucking hate my school
False,1.8695565991631933,1,1,1,Suspected_False_Negative,3,0,0.8458079099655151,0.1541920155286789,train,gaya nya selangit tp rumahnya jelek
False,1.868504739796289,1,1,1,Suspected_False_Negative,2,0,0.8456457257270813,0.1543542891740799,train,foto tirus kalau video wariorr mukanya kek donat tidak bentuknya
False,1.866280261235402,1,1,1,Suspected_False_Negative,5,0,0.8453019857406616,0.1546980291604995,train,technically speaking he is hamstrung by drug amp; alcohol addiction
False,1.8641932653328177,1,0,0,Suspected_False_Positive,5,1,0.1550212204456329,0.8449788093566895,train,cuma relawan jokowi yang gak mau bubar
False,1.8634900818468527,1,1,1,Suspected_False_Negative,4,0,0.8448696732521057,0.1551302671432495,train,Rasain
False,1.8633514829394304,1,1,1,Suspected_False_Negative,3,0,0.8448482155799866,0.1551517695188522,train,user r u retarded i graduated that  me on the screen
False,1.863304039078283,1,0,0,Suspected_False_Positive,3,1,0.155159130692482,0.844840943813324,train,cat dicks have barbs so it can scrape out competing sperm
False,1.8612456652702256,1,1,1,Suspected_False_Negative,4,0,0.8445211052894592,0.155478835105896,train,darrell revis took ya number receiver and made sure than nigga ain  t get number yards
False,1.860660443090428,1,0,0,Suspected_False_Positive,1,1,0.155569851398468,0.844430148601532,train,nothing gets me down more than my shit skin
False,1.858584366017062,1,1,1,Suspected_False_Negative,1,0,0.8441068530082703,0.1558931618928909,train,dua wanita sedang tertekan oleh perkataan kang blunderðŸ—¿ðŸ˜­
False,1.85858130727848,1,0,0,Suspected_False_Positive,2,1,0.1558936387300491,0.8441063165664673,train,dari awal udh gaenak badanðŸ™
False,1.8571091331568177,1,1,1,Suspected_False_Negative,5,0,0.8438767194747925,0.1561233103275299,train,Hi YouTube 😂
False,1.856909482525671,1,0,0,Suspected_False_Positive,2,1,0.1561544835567474,0.843845546245575,train,user yes you are right they were killed raped and removed by ghosts liar
False,1.856587758601711,1,1,1,Suspected_False_Negative,4,0,0.8437952995300293,0.1562047302722931,train,both qanon and antifa will be listed as diseases
False,1.8558224107225307,1,1,1,Suspected_False_Negative,4,0,0.8436756730079651,0.1563243269920349,train,WOe tandaiin mukanya mau cewek cowok jangan anggap remeh tuh nyawa org bangke bangke kasian korbannya
False,1.854956689079608,1,1,1,Suspected_False_Negative,3,0,0.8435402512550354,0.1564597189426422,train,man man man you should hate yourself
False,1.8531219632337448,1,1,1,Suspected_False_Negative,4,0,0.843252956867218,0.1567470431327819,train,user ya because a broke nigga got spotted so he  back now
False,1.8524187293935857,1,0,0,Suspected_False_Positive,1,1,0.1568573117256164,0.8431426882743835,train,pussy ass nigga i am with the smoke and hope you follow me
False,1.851162977080073,1,1,1,Suspected_False_Negative,1,0,0.8429455161094666,0.1570544093847274,train,holder needed to be impeached
False,1.8510041622896607,1,0,0,Suspected_False_Positive,1,1,0.1570793539285659,0.8429206609725952,train,selama transfer nya jalan terus ya hajar terus...ðŸ˜…ðŸ˜‚
False,1.8509068366575607,1,0,0,Suspected_False_Positive,3,1,0.1570946425199508,0.8429054021835327,train,a fear of weapons is a sign of retarded sexual and emotional maturity sigmund freud
False,1.850803450406816,1,1,1,Suspected_False_Negative,3,0,0.842889130115509,0.1571108847856521,train,those queers and their machines
False,1.850245823238607,1,1,1,Suspected_False_Negative,2,0,0.8428015112876892,0.1571985185146331,val,orang naik lift kok dibilang Norak. biasa aja kali ...............
False,1.849177140778664,1,1,1,Suspected_False_Negative,1,0,0.8426334261894226,0.1573666036128997,train,they probably stole a bunch of stuff .
False,1.8483271791934583,1,1,1,Suspected_False_Negative,4,0,0.8424995541572571,0.1575004160404205,train,if furries wish to identify as animals we should be allowed to hunt them.
False,1.8482016392093528,1,0,0,Suspected_False_Positive,5,1,0.1575201898813247,0.8424797654151917,train,how long will jews be a majority in israel
False,1.8478392983129768,1,1,1,Suspected_False_Negative,3,0,0.8424227237701416,0.1575772762298584,train,Belajar lagi dari sejarah ketika Piala dunia 2002 Korea menyogok wasit hingga bisa sampai ke semifinal mengalahkan Italia. Karena hal itu banyak pemain asia berwajah Oriental yang sangat dibenci atau mengalami rasisme di Eropa Ingat ketika ada pemain Asia berwajah Oriental yang menjuarai Liga di klub Eropa pasti akan di lewatkan oleh kamera terutama di Liga Inggris.
False,1.8458412639401705,1,0,0,Suspected_False_Positive,1,1,0.1578924357891082,0.8421075344085693,train,number round my nec this that ching chong
False,1.8424962550322463,1,0,0,Suspected_False_Positive,1,1,0.1584214717149734,0.841578483581543,val,"Sialan, mobilnya mogok pas mau berangkat"
False,1.8411059769496576,1,1,1,Suspected_False_Negative,5,0,0.8413581252098083,0.1586418747901916,train,any texan that would grant automatic citizenship to illegal immigrants should never be elected.
False,1.8399656650103773,1,0,0,Suspected_False_Positive,3,1,0.1588228791952133,0.8411771655082703,train,padahal sampe ada korban ternyata dpr emng bukan wakil rakyat ðŸ˜¢
False,1.8395926962715463,1,1,1,Suspected_False_Negative,2,0,0.8411178588867188,0.15888212621212,train,politisi PDIP ini sudah seharusnya dilaporkan kepada pihak yang berwajib karena membuat pernyataan yang sangat mencederai keluarga besar almarhum bapak Soeharto
False,1.839124056056565,1,1,1,Suspected_False_Negative,4,0,0.8410434126853943,0.1589566022157669,train,and niggas still gonna complain about geno ffs
False,1.8384598222030928,1,1,1,Suspected_False_Negative,1,0,0.8409377336502075,0.1590622216463089,train,adjusting for these niggas is ghetto let him adjust to you sis
False,1.8376450329424687,1,0,0,Suspected_False_Positive,4,1,0.1591918766498565,0.840808093547821,train,Kita tidak harus lebih baik darinya ... manusia terendah adalah diri kita sendiri.
False,1.8340961249363803,1,1,1,Suspected_False_Negative,1,0,0.8402421474456787,0.1597578376531601,val,what a waste of ones short life.
False,1.8340462248973408,1,1,1,Suspected_False_Negative,3,0,0.8402342200279236,0.1597658097743988,train,im waiting for the liberals to squeal that those sandwiches could feed poor families
False,1.833614483687688,1,0,0,Suspected_False_Positive,4,1,0.1598348021507263,0.8401652574539185,train,i just got the most retarded cut in my life
False,1.831473453777056,1,1,1,Suspected_False_Negative,4,0,0.8398225903511047,0.1601773798465728,train,this sht censored is so ghetto bro
False,1.8311622267671823,1,0,0,Suspected_False_Positive,3,1,0.1602272391319275,0.8397728204727173,train,user user ching chong ching
False,1.8265989985676112,1,1,1,Suspected_False_Negative,1,0,0.8390399217605591,0.1609600633382797,train,stylenya dia tuh gmn sik??
False,1.8264989280969952,1,0,0,Suspected_False_Positive,1,1,0.1609761714935302,0.8390238285064697,train,i am the reaction to the shitskin invasion
False,1.82544745149442,1,0,0,Suspected_False_Positive,4,1,0.1611455231904983,0.8388544917106628,train,Di luar nurul
False,1.8251973508403163,1,1,1,Suspected_False_Negative,3,0,0.8388141393661499,0.1611858308315277,train,bising banget magrib
False,1.824425715416476,1,1,1,Suspected_False_Negative,3,0,0.8386896848678589,0.1613102555274963,train,shitting yourself more like.
False,1.8240833370063003,1,0,0,Suspected_False_Positive,4,1,0.1613654941320419,0.8386345505714417,train,"Ini salahnya fifa, benua badut dikasih jatah 9 buat pildun. Liat aja negaranya Ada yang ngelemparin timnasnya sendiri setelah ngalahin jerman Ada yang naturalisasi turis liburan Ada yang ngehujat pemain negara lain karena penalssi Ada yang masuk pildun karena nyogok Ditambah federasi asia yang bobrok (Afc), sampe kiamat juga gini² doang ni asia. Buat sokor sebelum punah, ayo tetep semangat hujat sana sini, semua bidang kalo perlu🥳🥳"
False,1.8233714322998271,1,1,1,Suspected_False_Negative,5,0,0.8385196328163147,0.1614804118871688,train,user yes chuckster legal immigrants made america not the gimmes of today
False,1.821329550818165,1,1,1,Suspected_False_Negative,3,0,0.8381896018981934,0.1618104726076126,train,no people died because officials robbed n didnt do their jobs
False,1.8210823191554524,1,1,1,Suspected_False_Negative,3,0,0.8381495475769043,0.1618504822254181,train,user i hate you so much in the most sub cocksucker suckalicious sort of way of course
False,1.8209293147591767,1,0,0,Suspected_False_Positive,3,1,0.1618752479553222,0.8381247520446777,train,"its like the choices are white genocide candidate  ,  , or"
False,1.8205446977237985,1,1,1,Suspected_False_Negative,1,0,0.8380624651908875,0.1619375199079513,train,shy nd geeky or mean and ghetto
False,1.8203269149147785,1,1,1,Suspected_False_Negative,1,0,0.8380272388458252,0.1619727909564972,train,user user turkey is a jihadist terrorist organization and doesn  t belong to any western organization
False,1.8202975680063047,1,1,1,Suspected_False_Negative,1,0,0.8380224704742432,0.161977544426918,train,nopasaran unity demo to oppose the farright in london  antifa oct  enough is enough! url
False,1.819858755064133,1,1,1,Suspected_False_Negative,5,0,0.8379513621330261,0.1620486378669738,val,any urgent questions in parliament today about telford do not be such nervous nelly paki moslem child rape gangs are just part parcel etc etc
False,1.8191711690888,1,0,0,Suspected_False_Positive,5,1,0.1621600985527038,0.8378399014472961,train,some of the moslem invaders being honoured by the british regime
False,1.8190914103057807,1,1,1,Suspected_False_Negative,5,0,0.8378269076347351,0.1621730327606201,train,holder has a perverted view of the law. not surprising since he is a democrat.
False,1.8190309522412864,1,1,1,Suspected_False_Negative,2,0,0.8378171324729919,0.1621828377246856,train,this is why we need gun control
False,1.8186041745140755,1,0,0,Suspected_False_Positive,4,1,0.1622520685195922,0.8377479314804077,train,liberals judge you guilty even when proven innocent. liberalsneedtheirownpsychward
False,1.8185590822988809,1,1,1,Suspected_False_Negative,1,0,0.8377406597137451,0.1622593849897384,train,i knew he will b dead  he is brave
False,1.818488371514042,1,0,0,Suspected_False_Positive,2,1,0.1622708588838577,0.8377292156219482,train,is it gay to have sex with your own clone
False,1.8181693168459785,1,1,1,Suspected_False_Negative,5,0,0.8376772999763489,0.1623226404190063,train,start being gay or else
False,1.817841186946183,1,0,0,Suspected_False_Positive,2,1,0.1623759120702743,0.8376241326332092,train,i think you are naive in the extreme. the ata works with the ndp.
False,1.8175767421282745,1,1,1,Suspected_False_Negative,3,0,0.8375811576843262,0.162418857216835,train,ketuanya ae gini ga bakal di degert lengserin ganti ketua DPR yg tegas
False,1.81148373140791,1,1,1,Suspected_False_Negative,5,0,0.836588442325592,0.1634114980697631,train,user even my tsa co workers here like you want that wall and hate immigrants that much
False,1.810000656466052,1,1,1,Suspected_False_Negative,2,0,0.8363459706306458,0.1636540293693542,train,"Ngaca pak ngaca ampun, kalo mikir begitu dari dulu infrastruktur di pusat terus yg bagus, tapi daerah lain tertinggal, ga mikir kesitu juga kah ? 😂"
False,1.8091831542655008,1,0,0,Suspected_False_Positive,3,1,0.1637878715991974,0.8362120985984802,train,even liberals are humiliated by charlie rangel;s claim the gop backs slavery  hot air
False,1.808746462251904,1,1,1,Suspected_False_Negative,2,0,0.8361405730247498,0.163859412074089,train,"APBN 50 triliyun lebih untuk melanggengkan Solat & Mengaji harus dipangkas, Solat & Mengaji hilang tidak perlu BNPT"
False,1.807571224841356,1,0,0,Suspected_False_Positive,5,1,0.1640520989894867,0.8359479308128357,train,Definisi Narcisistic Personality Disorder??
False,1.806492542385112,1,1,1,Suspected_False_Negative,4,0,0.8357707858085632,0.164229154586792,train,prettt bgt dah
False,1.806137382016949,1,0,0,Suspected_False_Positive,2,1,0.1642874926328659,0.8357124924659729,train,user user which has of course brought her into extremely close peoximity to nazi shit
False,1.8050804491982304,1,1,1,Suspected_False_Negative,5,0,0.8355388045310974,0.1644612252712249,train,arsenal is a fucking small club with a lot of noise makers called fans livars
False,1.804554167293378,1,1,1,Suspected_False_Negative,3,0,0.8354522585868835,0.1645478010177612,val,Titik terendah seorang sipil adalah menjadi polisi
False,1.803602128933563,1,0,0,Suspected_False_Positive,4,1,0.1647045314311981,0.8352954387664795,train,betul bu relawan itu komplotan atau gerombolan buat apa ada partai politik
False,1.8033017162913405,1,1,1,Suspected_False_Negative,5,0,0.8352460265159607,0.1647540181875229,train,fascism was also against liberals as is antifa according to your meme.
False,1.799985541374844,1,1,1,Suspected_False_Negative,4,0,0.8346987366676331,0.1653012782335281,train,people on here be like number communist number nazi number taliban number ancap number nazbol
False,1.799310759821925,1,1,1,Suspected_False_Negative,1,0,0.8345871567726135,0.1654128581285476,train,i hope joe exotic gets gay raped to death by a tiger netflix
False,1.7988210894300165,1,1,1,Suspected_False_Negative,1,0,0.834506094455719,0.1654938757419586,train,booo.  hooo hoo  who raised these spoiled brats ?
False,1.798512478016867,1,1,1,Suspected_False_Negative,5,0,0.8344550728797913,0.1655449569225311,train,social psych report frisky dogs in parks are part of americas rape culture
False,1.79848880493688,1,0,0,Suspected_False_Positive,3,1,0.1655488759279251,0.8344511389732361,train,are you still blaming the black man for everything? americans remember..  antifa
False,1.7965828467969762,1,1,1,Suspected_False_Negative,1,0,0.8341352343559265,0.1658647060394287,train,and with right wingers its about white supremacy and neo naziism ? right?
False,1.7947778094912246,1,0,0,Suspected_False_Positive,5,1,0.166164368391037,0.8338356018066406,train,and they could not even get attractive models to wear those retarded crayon scratching designs
False,1.7945290757767771,1,1,1,Suspected_False_Negative,4,0,0.833794355392456,0.1662057042121887,val,i come from a long line of bigots and morons. its hard to grapple with at first but it gets better. fill the void with fundamentally decent ppl and you will eventually realize you are better off for it.
False,1.793263142866651,1,1,1,Suspected_False_Negative,2,0,0.8335837125778198,0.1664162427186966,train,as if venezuela did not have enough problems moslem vice prez lets more in
False,1.79112887214054,1,1,1,Suspected_False_Negative,2,0,0.8332281708717346,0.166771799325943,train,"nah loh, giliran datanya kesebar baru deh buka mata ðŸ—¿"
False,1.7892424062977634,1,1,1,Suspected_False_Negative,1,0,0.8329132795333862,0.1670867055654525,train,user user importd terrorists and embedded muslim brotherhood stop rioting and looting
False,1.7862096421671234,1,0,0,Suspected_False_Positive,1,1,0.1675942093133926,0.8324058055877686,train,leftists are so intelligent.
False,1.78460233598887,1,1,1,Suspected_False_Negative,4,0,0.8321362137794495,0.1678638011217117,train,"this is why smart women need a wise man, because they are a wild horse."
False,1.7843809697231907,1,1,1,Suspected_False_Negative,1,0,0.8320990204811096,0.1679009646177292,train,lmao niggas ruin literally everything
False,1.7840011043911304,1,0,0,Suspected_False_Positive,1,1,0.1679647564888,0.8320351839065552,train,Kalau bukan karena aksi turun ke jalan gimana bisa tau kalau uang pajak dipakai ugal-ugalan. ðŸ˜¥
False,1.7819531535663542,1,1,1,Suspected_False_Negative,4,0,0.8316908478736877,0.1683090925216674,train,dear ghetto dwelling leaches put down the crack pipe and weed user
False,1.781107475579776,1,0,0,Suspected_False_Positive,4,1,0.1684514880180359,0.8315485119819641,train,"bikin aturan yang merugikan perusahaan terus sudah rugi dilarang phk. kalau perusahaan gak boleh phk efeknya juga buruk, gak bakal ada perusahaan yang berani rekrut karyawan di masa kayak gini, karena ke depannya peraturan berubah2 pendapatan menurun tapi gak boleh phk"
False,1.7810223810084311,1,1,1,Suspected_False_Negative,3,0,0.8315341472625732,0.1684658229351043,val,Plot twist mas Hansol promoin filmnya sendiri 😂
False,1.7796155669040012,1,0,0,Suspected_False_Positive,3,1,0.1687029898166656,0.831296980381012,val,the communist leadership must also remove themselves to their choice of a communist or muslim run country they so blatantly love
False,1.7790382465356578,1,1,1,Suspected_False_Negative,5,0,0.8311995267868042,0.168800413608551,train,kok bisa masih punya temen sih? herann ga pada geregetan 😭
False,1.776590504043012,1,1,1,Suspected_False_Negative,1,0,0.830785870552063,0.1692140996456146,train,user ackshully all arabs are white and islam is technically white imperialism
False,1.776438786466354,1,0,0,Suspected_False_Positive,4,1,0.1692397743463516,0.8307602405548096,train,let me guess they have yellow cake too? same crap different president
False,1.7751488405347202,1,0,0,Suspected_False_Positive,2,1,0.1694582253694534,0.8305417895317078,val,blow up some buildings blow up a marathon rape women and murder a bunch of queers in a club stay all you want expose a democrat e mail conversation get the fuck out of the country liberal logic
False,1.774718056110955,1,0,0,Suspected_False_Positive,1,1,0.1695312410593032,0.8304687738418579,train,"""Baik buruk nya kamu akan tetap terlihat buruk di mata mereka yang ga menyukai mu.."""
False,1.7738248139460089,1,1,1,Suspected_False_Negative,4,0,0.8303172588348389,0.1696827411651611,train,lives in chicago    thinks gun control works   url
False,1.773605908188541,1,1,1,Suspected_False_Negative,4,0,0.8302801251411438,0.1697198897600174,train,"not trying to follow any spooks, no offense ..."
False,1.7728494586171282,1,1,1,Suspected_False_Negative,1,0,0.8301516771316528,0.1698483228683471,train,wigga wigga wigga wigga wigga
False,1.7719123918794133,1,0,0,Suspected_False_Positive,2,1,0.1700075566768646,0.829992413520813,train,Sedih banget anjir.ibunya pasti sakit banget itu anaknya di gebugin sesadis itu
False,1.770369452891265,1,1,1,Suspected_False_Negative,2,0,0.8297299742698669,0.1702700704336166,train,"african women have to be strong, because african men dont work... much... you have to whip them into shape..."
False,1.7693895042332477,1,1,1,Suspected_False_Negative,5,0,0.8295629620552063,0.1704370081424713,train,"perkenalkan nama saya said hidayat_SMK BAKTINUSA_Tindakan Bullying adalah Pelanggaran HAM Kasus bullying sampai sekarang memang menjadi momok bagi beberapa orang. Bahkan, tindakan bullying masuk kedalam pelanggaran HAM, yang ditulis dalam UU Pasal 1 Ayat 6 No. 39 Tahun 1999."
False,1.7685451204665226,1,0,0,Suspected_False_Positive,1,1,0.1705809831619262,0.8294190168380737,train,dat damn dog eats betta den most colored folk do.
False,1.768471919363931,1,1,1,Suspected_False_Negative,1,0,0.8294065594673157,0.1705934703350067,train,Produk kendal apa produk gagal
False,1.7682044926284848,1,1,1,Suspected_False_Negative,3,0,0.8293609023094177,0.1706390976905822,train,i dont care tho cracker
False,1.7681332374794845,1,1,1,Suspected_False_Negative,1,0,0.8293487429618835,0.1706512570381164,train,mbak diet dong
False,1.7659536778909453,1,0,0,Suspected_False_Positive,5,1,0.1710236072540283,0.8289763927459717,train,do not suppress per dykes
False,1.76567115759724,1,0,0,Suspected_False_Positive,3,1,0.1710719317197799,0.8289281129837036,train,kenapa hawanya kayak ngerasa canggung gitu yaa
False,1.7651569368573796,1,1,1,Suspected_False_Negative,2,0,0.8288401365280151,0.1711599230766296,train,udah botak kotak lagi MAAP YA INI MAH MAAPPPPPP
False,1.764861325225538,1,0,0,Suspected_False_Positive,4,1,0.1712105274200439,0.8287894129753113,train,brokenhearted and slightly retarded
False,1.7646183554232613,1,0,0,Suspected_False_Positive,1,1,0.1712521314620971,0.8287479281425476,train,kalau dilanjutkan bakal jadi perang saudara seperto myanmar
False,1.7645591013278918,1,0,0,Suspected_False_Positive,3,1,0.1712622791528701,0.8287377953529358,train,now everyone is mad at me fuck it kill all and spare one
False,1.7615417886636755,1,0,0,Suspected_False_Positive,4,1,0.1717798113822937,0.8282201290130615,train,the apostate prophet presents mohammeds rape culture
False,1.75971797616226,1,1,1,Suspected_False_Negative,3,0,0.827906608581543,0.172093391418457,val,why should we try to civilize that which cannot be domesticated or civil ?
False,1.7576766792325005,1,0,0,Suspected_False_Positive,2,1,0.1724450439214706,0.8275550007820129,train,hey yall take this shit to dms aight
False,1.7567181486870311,1,0,0,Suspected_False_Positive,3,1,0.1726104170083999,0.8273895978927612,train,you are so freaking valid
False,1.7565639782557168,1,1,1,Suspected_False_Negative,2,0,0.8273629546165466,0.1726370304822921,train,Masih bocor sudah digunakan di sana -sini
False,1.7565480101125936,1,0,0,Suspected_False_Positive,3,1,0.172639787197113,0.8273602724075317,train,why did she have to kill all the marauders why
False,1.7565294528612068,1,1,1,Suspected_False_Negative,4,0,0.8273569941520691,0.1726429909467697,val,i wonder what it s going to be like if the big chimpout of  really happens .
False,1.7565127947846697,1,0,0,Suspected_False_Positive,3,1,0.1726458668708801,0.8273541331291199,train,the talking stage so ghetto i  m tired of going through that shit with people
False,1.7548279655253438,1,0,0,Suspected_False_Positive,5,1,0.1729369908571243,0.8270630240440369,train,www.immigrationcontrol.org     the e u its the soviet system but much worse .
False,1.7536127400282175,1,1,1,Suspected_False_Negative,3,0,0.8268527388572693,0.1731472760438919,train,no such thing as a patriotic democrat.
False,1.7531417551483297,1,0,0,Suspected_False_Positive,3,1,0.173228845000267,0.8267711997032166,train,user srj scared them with his towelhead
False,1.7531147452041955,1,1,1,Suspected_False_Negative,2,0,0.8267664313316345,0.1732335239648819,train,"Sudah resmi menamatkan Reformasi, sudah waktunya babak baru rasa lama"
False,1.75276050076693,1,0,0,Suspected_False_Positive,5,1,0.1732949018478393,0.8267050981521606,train,dwg courtois is a fucking disgrace
False,1.7525890567825646,1,0,0,Suspected_False_Positive,2,1,0.1733246147632599,0.8266753554344177,train,user king of the jews hell he thinks he is the second coming of god
False,1.7521004221687708,1,0,0,Suspected_False_Positive,3,1,0.1734093278646469,0.8265907168388367,train,her face is more disturbing than sarah huckabeesanders.
False,1.752034515598743,1,0,0,Suspected_False_Positive,2,1,0.1734207570552826,0.826579213142395,train,berlagak seperti korban?
False,1.7519027154882831,1,1,1,Suspected_False_Negative,4,0,0.8265563249588013,0.1734436154365539,train,rotten character or what we call in spanish mal character
False,1.7502246855894412,1,1,1,Suspected_False_Negative,5,0,0.8262650370597839,0.1737349033355713,train,Logo Mirip Dakar
False,1.7500383257644436,1,0,0,Suspected_False_Positive,3,1,0.1737672835588455,0.8262327313423157,val,"idiiiiiihhhhh hueegggg, muka aal mewakili banget 😭😭😭"
False,1.7496477088977749,1,1,1,Suspected_False_Negative,3,0,0.8261647820472717,0.1738351732492447,train,Cinta tanah air sama pura pura mau jadi pahlawan ituu beda ga sih pa? (Bertanya dengan penuh keikhlasan) ðŸ¤£
False,1.7491047340456112,1,1,1,Suspected_False_Negative,1,0,0.8260704278945923,0.1739295870065689,train,if brookee baldwin and erin burnett start showing cleavage to their boobies cnn just might.
False,1.748939226488297,1,0,0,Suspected_False_Positive,2,1,0.1739583760499954,0.8260416388511658,train,"Kalo anakku dibully sampai disakiti fisik, gua balas tuh anak. Depan emaknya, depan gurunya"
False,1.7481672198741984,1,1,1,Suspected_False_Negative,4,0,0.825907289981842,0.1740927249193191,train,"btw, you have no clue what religion or race i am, proving that your iq is not in the triple digits."
False,1.748073499663195,1,1,1,Suspected_False_Negative,3,0,0.8258910179138184,0.1741090416908264,train,"Dia menangis bukan kerana empati, tapi takut di blaklist dari dunia kedokteran"
False,1.7477573978141567,1,1,1,Suspected_False_Negative,1,0,0.8258358836174011,0.1741640865802765,train,my advice is just do not be too nice to niggas
False,1.7465013374149012,1,1,1,Suspected_False_Negative,5,0,0.8256170153617859,0.1743829846382141,train,seattle times front page says c ville car killer was a nazi sympathizer more fake news
False,1.7464621162783096,1,0,0,Suspected_False_Positive,5,1,0.1743898242712021,0.8256101608276367,train,i just thought about wtf i am doing and i am fucking retarded
False,1.7450590290004595,1,1,1,Suspected_False_Negative,2,0,0.8253653049468994,0.1746346801519394,train,lol another illegal antifa girl
False,1.744788662332898,1,1,1,Suspected_False_Negative,4,0,0.8253181576728821,0.1746819019317627,train,bye bye flake you flake! dont let the senate door hit you in the behind on your way out.
False,1.7435721918964462,1,1,1,Suspected_False_Negative,3,0,0.8251054883003235,0.1748945266008377,val,Bahlil emang dongo yahh🥰
False,1.740837664217593,1,0,0,Suspected_False_Positive,2,1,0.1753734350204467,0.8246265649795532,train,white genocide is real  in their own words
False,1.7385402168013302,1,0,0,Suspected_False_Positive,5,1,0.1757768094539642,0.8242231607437134,train,im getting me a white boyfriend i am sick of the negros
False,1.7382925402090703,1,1,1,Suspected_False_Negative,4,0,0.8241795897483826,0.1758203506469726,train,trus maksudnya ngelamar itu apaan yaa bambangðŸ˜­
False,1.738186012370309,1,1,1,Suspected_False_Negative,2,0,0.8241608738899231,0.1758390814065933,train,"""gabakal gue undang juga""
GAKAN GUE TONTON JUGA😭🫵"
False,1.7379332554394895,1,1,1,Suspected_False_Negative,3,0,0.8241164684295654,0.1758835315704345,train,lets use the treason laws to remove holder from the planet...
False,1.73730972832419,1,1,1,Suspected_False_Negative,3,0,0.8240067362785339,0.1759932339191436,train,user hi pls kiss me full homo
False,1.734960809287732,1,0,0,Suspected_False_Positive,4,1,0.1764071136713028,0.8235928416252136,train,anak perempuan lho contohin jelek anaknya becus perempuan amit amit
False,1.734218928524416,1,0,0,Suspected_False_Positive,5,1,0.1765380352735519,0.8234619498252869,train,intinya cari makan.. tak ada yg lain....
False,1.7336748160349773,1,0,0,Suspected_False_Positive,5,1,0.1766341179609298,0.8233658671379089,val,niggas wtf idc if taebaek are hags
False,1.7323732026272798,1,1,1,Suspected_False_Negative,3,0,0.8231358528137207,0.1768641769886016,train,maybe canada could be more like italy islam non existent no public money tax write offs
False,1.7322206338888069,1,1,1,Suspected_False_Negative,2,0,0.8231087923049927,0.1768911629915237,train,i know!! so upsetting
False,1.7311571748595775,1,1,1,Suspected_False_Negative,1,0,0.8229206800460815,0.1770793795585632,train,she is getting death threats....can you go and be a shield for her so you dont have to wait?
False,1.7307958175707605,1,1,1,Suspected_False_Negative,1,0,0.8228566646575928,0.1771433800458908,val,ini Jokowi punya dana tak terhingga untuk Tim relawan jadi uang nya entah dari mana dana politik Nya Hanya jaman Jokowi relawan berkelanjutan
False,1.7305603956157725,1,1,1,Suspected_False_Negative,5,0,0.82281494140625,0.1771850883960724,train,kind of like when conservatives wanna associate everyone to their left as communist antifa members?
False,1.7303584092363005,1,1,1,Suspected_False_Negative,5,0,0.8227790594100952,0.17722088098526,train,user fyi i m claiming war queer fuck em
False,1.7301754626182009,1,0,0,Suspected_False_Positive,2,1,0.1772533059120178,0.8227466344833374,train,"Endingnya PELAKU D BEBASKAN KARENA MASIH D BAWAH UMUR atau mungkin PELAKU BAKAL D HUKUM RINGAN,DENGAN PERTIMBANGAN USIA PELAKU MASIH MUDA N MASA DEPAN MASIH PANJANG"
False,1.7286592026052672,1,1,1,Suspected_False_Negative,2,0,0.8224776983261108,0.1775222718715667,train,Cahaya Besar menghadap Raja Terakhir
False,1.7283094032411752,1,1,1,Suspected_False_Negative,3,0,0.8224155902862549,0.1775843799114227,train,she is not a republican... by any means....
False,1.7275868608874574,1,0,0,Suspected_False_Positive,2,1,0.1777127385139465,0.8222872614860535,train,Emang problematik punya bos ....... Isi sendiri
False,1.727570426479777,1,1,1,Suspected_False_Negative,5,0,0.8222843408584595,0.1777156591415405,train,i have to help i will not see these animals go free !!
False,1.727026734040382,1,0,0,Suspected_False_Positive,1,1,0.1778123080730438,0.8221876621246338,train,the europeans always capitulate  or they collaborate. a nest of vipers!
False,1.7266592426925274,1,1,1,Suspected_False_Negative,2,0,0.82212233543396,0.17787766456604,train,CIE Pilih aku kaka nya
False,1.7250181568976275,1,0,0,Suspected_False_Positive,3,1,0.1781698167324066,0.821830153465271,train,yanks choked too..... lost  strait remember
False,1.7246696286316183,1,1,1,Suspected_False_Negative,1,0,0.8217681050300598,0.1782319247722625,train,no to broke girlfriends the ghetto
False,1.7238549745755043,1,1,1,Suspected_False_Negative,2,0,0.8216228485107422,0.1783771812915802,train,kaget ternyata seireng itu😭
False,1.7233086223564906,1,1,1,Suspected_False_Negative,4,0,0.8215252757072449,0.1784746646881103,train,the gay gods gave the lesbians number rights this day
False,1.7198963821267796,1,0,0,Suspected_False_Positive,4,1,0.1790847033262252,0.8209152817726135,train,gak kelar2 kasus ini
False,1.7170899959204224,1,1,1,Suspected_False_Negative,5,0,0.8204120397567749,0.1795879900455474,train,not to mention that they do nt belong here anyway .
False,1.7170797071784965,1,0,0,Suspected_False_Positive,5,1,0.1795898377895355,0.8204101920127869,train,its about time. a civilised nation needs tougher gun control. man only backwards countries dont
False,1.7165071064669797,1,1,1,Suspected_False_Negative,5,0,0.8203073143959045,0.1796927005052566,train,"says the old man  i hope you can survive another  years, you silly jigga boo monkey"
False,1.716276184774567,1,1,1,Suspected_False_Negative,1,0,0.8202657699584961,0.1797342002391815,train,"kalo emg pernikahan mereka karna perjodohan, sebaik apapun pasangan kalo emng masih mau bebas ya ttp mau bebas guys🙂 ga semua nya bisa di samakan🙂🙏"
False,1.7155389190256678,1,1,1,Suspected_False_Negative,4,0,0.8201332092285156,0.179866760969162,train,"Sok ""an lu??"
False,1.7131605199441429,1,1,1,Suspected_False_Negative,4,0,0.8197049498558044,0.1802950650453567,train,@TheStupidSergeant poo
False,1.7131120063065324,1,1,1,Suspected_False_Negative,5,0,0.8196962475776672,0.1803038120269775,train,did you watch the music video for jackets hrgggg i love hanks dumb ass
False,1.7127156380655844,1,0,0,Suspected_False_Positive,1,1,0.1803752928972244,0.8196247220039368,train,what an incredibly odd little man he is.
False,1.7125479497942178,1,1,1,Suspected_False_Negative,3,0,0.8195944428443909,0.1804055422544479,train,rt  them st  charlotte goon niccas gon fkkk around and burn bank of america stadium down;
False,1.7115248346775924,1,0,0,Suspected_False_Positive,4,1,0.1805902123451233,0.8194097876548767,train,yankees damn you directtv blackout the yankee game. with a freaking walk off! youre killing me satellite douche.
False,1.7111836988454234,1,0,0,Suspected_False_Positive,2,1,0.1806518286466598,0.8193482160568237,train,Ya Tuhan kirimkan kiamat di Indonesia
False,1.7096458669623564,1,1,1,Suspected_False_Negative,1,0,0.8190701603889465,0.1809298545122146,train,si jule pasti di gosipin sama pegawai2 playtopia dan ibu-ibu di situ ðŸ˜…
False,1.707459081121824,1,0,0,Suspected_False_Positive,1,1,0.1813259422779083,0.8186740279197693,train,ustad? wow
False,1.7065842589157316,1,0,0,Suspected_False_Positive,2,1,0.1814846396446228,0.8185153603553772,train,she sure dropping tons of raghead turds all over germany
False,1.704930595961777,1,0,0,Suspected_False_Positive,2,1,0.1817850023508072,0.818215012550354,train,she is horrible. wakeup  makeamericagreatagain makeamericaamericaagain john james for senate !!!!
False,1.7031731999601798,1,0,0,Suspected_False_Positive,1,1,0.1821047514677047,0.8178951740264893,train,siapa ya loe
False,1.701646974693812,1,0,0,Suspected_False_Positive,2,1,0.1823828965425491,0.8176170587539673,train,deadass gon go lesbian
False,1.7015338229616712,1,1,1,Suspected_False_Negative,5,0,0.817596435546875,0.1824035346508026,train,there should be no integration of immigrants with irish culture .
False,1.7014551553315105,1,1,1,Suspected_False_Negative,5,0,0.8175820708274841,0.1824178844690323,train,busettttt omongan nya dah kayak aktor terkenal satu dunia.
False,1.7011140887847005,1,1,1,Suspected_False_Negative,5,0,0.8175198435783386,0.1824801117181778,val,"""Kasian editornya sih ini, nanggung dosa banget kayaknya ngeditnya offside gini"""
False,1.6995925497256412,1,1,1,Suspected_False_Negative,4,0,0.8172419667243958,0.1827579736709594,train,ariel tatum hebat bgt nahan ga nempeleng si abizar jirðŸ˜­ðŸ«µ
False,1.6993207491626434,1,0,0,Suspected_False_Positive,1,1,0.1828076541423797,0.8171923756599426,train,them dreads be dry asfuck my dude
False,1.6992926276468825,1,1,1,Suspected_False_Negative,2,0,0.8171871900558472,0.1828127950429916,train,like if alt right dudes were born in berkeley theyd be antifa
False,1.6988915134535365,1,0,0,Suspected_False_Positive,2,1,0.1828861385583877,0.8171138167381287,val,"yes, read it again. they use a term for a broad group leftist feminist theist whatever else then, in many cases, focus on a particular extreme subset of that group antifa, a subset of rd wave feminism, yecs without distinguishing the fact it is a subset."
False,1.6987987145392252,1,1,1,Suspected_False_Negative,5,0,0.8170969486236572,0.1829031109809875,train,do you have the state right....cali and chicago are protected by many strict gun control laws.
False,1.698666578532794,1,1,1,Suspected_False_Negative,1,0,0.8170727491378784,0.1829272806644439,train,unfoll bilang najissss
False,1.6984354232464822,1,1,1,Suspected_False_Negative,4,0,0.8170304298400879,0.1829695701599121,train,not having a car is so ghetto
False,1.6976723712082338,1,1,1,Suspected_False_Negative,2,0,0.8168907761573792,0.183109238743782,train,why are people still watching fake cnn. they must be hitlery fans. the
False,1.6970202535641266,1,0,0,Suspected_False_Positive,5,1,0.1832286864519119,0.8167713284492493,train,before and after pasca oplas tidak ngefek ya tetap jelek n seram mukanya ahahahhaha
False,1.6967365492062314,1,0,0,Suspected_False_Positive,4,1,0.1832806766033172,0.8167192935943604,train,hope those raped were not jews cos he will get of with it
False,1.6956215393548943,1,1,1,Suspected_False_Negative,3,0,0.8165148496627808,0.1834851503372192,train,she is maaaad annoying!
False,1.6929545298237858,1,1,1,Suspected_False_Negative,5,0,0.8160248398780823,0.1839751601219177,train,user user she not a historian a jihadi is the correct term
False,1.6927395908517775,1,0,0,Suspected_False_Positive,5,1,0.1840147078037262,0.8159853219985962,train,i remember when the game just fucking started.
False,1.6926458226097167,1,1,1,Suspected_False_Negative,3,0,0.8159679770469666,0.1840319633483886,train,dont understand your logic. anyways this is going nowhere. this to me is not acceptable. maybe you are ok with it.  url
False,1.6914473678496285,1,1,1,Suspected_False_Negative,5,0,0.8157473206520081,0.1842526495456695,train,bikin gaduh negri ini
False,1.6911392871824555,1,1,1,Suspected_False_Negative,3,0,0.8156905174255371,0.1843094229698181,train,with the village people blaring from a number number track ghetto blaster slung over polly shoulder
False,1.6896103965322529,1,1,1,Suspected_False_Negative,5,0,0.8154085874557495,0.1845914274454116,train,Markas perundungan
False,1.6892972321904915,1,1,1,Suspected_False_Negative,4,0,0.8153507113456726,0.1846492439508438,train,Manusia haus validasi wakakakkaa??
False,1.6887733854752751,1,1,1,Suspected_False_Negative,5,0,0.8152539730072021,0.1847459971904754,train,i understand white people use to do this as well.
False,1.688225628722178,1,1,1,Suspected_False_Negative,2,0,0.8151527643203735,0.1848472207784652,train,white americans are the only americans philosophy
False,1.6875190601925056,1,1,1,Suspected_False_Negative,4,0,0.8150221109390259,0.1849778741598129,train,i see you support gun control
False,1.6861156242898014,1,1,1,Suspected_False_Negative,4,0,0.8147623538970947,0.1852376610040664,train,the parkland shooter was probably a virgin......
False,1.685432168802777,1,1,1,Suspected_False_Negative,5,0,0.8146357536315918,0.1853643059730529,train,rakyat Indonesia dan netizen wajib untuk tidak memaafkan Calista Amore ðŸ¤£ðŸ¤£ðŸ¤£ kawal sampe dia dpt efek jera yg setimpal
False,1.6854102229791366,1,0,0,Suspected_False_Positive,4,1,0.1853683739900589,0.8146316409111023,val,umur segini nggak paham projo😅
False,1.6853201134920297,1,1,1,Suspected_False_Negative,2,0,0.8146149516105652,0.1853850781917572,train,nigga you are tweeting in the shower ???? i hope siri drown
False,1.6852374063996325,1,0,0,Suspected_False_Positive,2,1,0.1854004114866256,0.8145995736122131,train,i think he is hurt
False,1.6851200689093098,1,0,0,Suspected_False_Positive,3,1,0.1854221671819687,0.8145778179168701,train,yaela muljem seperti stu benar saja gag ingat sudah ngrusak kbhagian klwrga orang bodoh di prtahanin y gini
False,1.6848862386709251,1,0,0,Suspected_False_Positive,3,1,0.1854655295610427,0.8145344853401184,train,Toppel ajaibnya menghilang ... sangat menyedihkan
False,1.6845890076806551,1,1,1,Suspected_False_Negative,4,0,0.8144793510437012,0.18552066385746,train,user fuck you and your anti white blood libel
False,1.6842215274002763,1,1,1,Suspected_False_Negative,4,0,0.8144111037254333,0.185588851571083,train,"""Dia memutuskan menjadi tumbal apartment"""
False,1.6836719242593792,1,1,1,Suspected_False_Negative,1,0,0.8143091201782227,0.1856908798217773,val,morals?  you mean like aborting an infant? falsely accusing people?  antifa violence?  censoring free speech on campuses?  looting?  lying as you fill the deep state?  those morals?
False,1.683181333385192,1,1,1,Suspected_False_Negative,3,0,0.8142179846763611,0.1857820004224777,train,lol i stroke you you snappy little paki
False,1.683141310505574,1,0,0,Suspected_False_Positive,5,1,0.1857894361019134,0.8142105937004089,train,"Kenapa ga satu lawan satu, kasihan yg ngeroyok"
False,1.681027349008835,1,0,0,Suspected_False_Positive,5,1,0.1861826032400131,0.8138173818588257,val,kaya becus saja jadi permpuan yang tidak becus jadi perempuan ko sukanya sama laki orang heheh
False,1.680243071605661,1,0,0,Suspected_False_Positive,5,1,0.1863286793231964,0.813671350479126,train,whites should not be forced in atheistic view inkind .
False,1.677913550457064,1,0,0,Suspected_False_Positive,2,1,0.1867632418870926,0.8132367730140686,train,kacauu bisa salah sasaran nih
False,1.677817811395717,1,1,1,Suspected_False_Negative,5,0,0.813218891620636,0.1867811232805252,train,user lying atheistic communist jews are hurting the image of my people shanda
False,1.677743779472767,1,0,0,Suspected_False_Positive,5,1,0.1867949515581131,0.8132050633430481,train,capek bgt pasti tu ariel 🤣🤣🤣
False,1.6774331125769226,1,0,0,Suspected_False_Positive,4,1,0.1868529915809631,0.8131469488143921,train,smuggled letter by gaza tunnel digger details suffering under hamas rule  via
False,1.6773953924620049,1,1,1,Suspected_False_Negative,5,0,0.8131399750709534,0.1868600398302078,train,bikin ngakak liat model behelnya
False,1.6757620335614558,1,1,1,Suspected_False_Negative,5,0,0.8128345012664795,0.1871654987335205,train,stacyontheright msm tells black boys they cant succeed  alex jones infowars
False,1.6749656445270726,1,0,0,Suspected_False_Positive,4,1,0.1873146146535873,0.8126854300498962,train,that cranberry bullshit is just some ghetto jello
False,1.6744424120263346,1,0,0,Suspected_False_Positive,4,1,0.1874126493930816,0.812587320804596,train,cowo kalo setia mati kh?
False,1.6739008577380217,1,1,1,Suspected_False_Negative,1,0,0.8124858736991882,0.1875141710042953,train,it ok if a moslem does it
False,1.6731327083650296,1,1,1,Suspected_False_Negative,1,0,0.8123417496681213,0.1876582652330398,train,user uk is an islamic state are brits going to take their country back
False,1.672234396730355,1,0,0,Suspected_False_Positive,2,1,0.1878269165754318,0.8121731281280518,train,the racists are  and its crew of anchors. not right wing  folks.  mocks mixed gop kids.
False,1.6719179813326028,1,1,1,Suspected_False_Negative,2,0,0.8121137022972107,0.187886357307434,train,i know a non white who got  a s and  b s but he robably cheated
False,1.6717940283652597,1,0,0,Suspected_False_Positive,3,1,0.18790964782238,0.8120903968811035,train,she is the most clueless defence minister ever only rivaled by anthony
False,1.6717347140184735,1,1,1,Suspected_False_Negative,2,0,0.8120792508125305,0.187920793890953,train,Tau Tai gak pak tua ?
False,1.6714117980200085,1,1,1,Suspected_False_Negative,2,0,0.8120184540748596,0.1879814863204956,train,oh you are in england?  your views on gun control stopped mattering in .
False,1.670977021158853,1,0,0,Suspected_False_Positive,3,1,0.188063234090805,0.8119367957115173,train,get you a ugly nigga we dont cheat
False,1.6705575606407117,1,0,0,Suspected_False_Positive,3,1,0.1881421357393264,0.8118579387664795,train,i am so over this post pregnant high school bull shit skin
False,1.669000718957333,1,0,0,Suspected_False_Positive,1,1,0.1884352713823318,0.8115646839141846,train,Kang melet
False,1.6687897600192965,1,0,0,Suspected_False_Positive,5,1,0.188475027680397,0.8115249872207642,train,Ahh ngeless mulu
False,1.6685100787434548,1,1,1,Suspected_False_Negative,2,0,0.8114722371101379,0.1885277479887008,train,arabs can barely build guided rockets
False,1.667511121896724,1,1,1,Suspected_False_Negative,5,0,0.8112838268280029,0.188716173171997,val,ga usah senyum bang jadi mules liatnya
False,1.6653994172465196,1,1,1,Suspected_False_Negative,3,0,0.8108848929405212,0.1891151070594787,train,i think i actually fucking hate you
False,1.6645378594560398,1,1,1,Suspected_False_Negative,1,0,0.8107218742370605,0.1892781108617782,train,user but there are illegal aliens so f ny
False,1.6643189456400231,1,1,1,Suspected_False_Negative,5,0,0.8106805086135864,0.1893195509910583,train,Orgil
False,1.663435512108022,1,1,1,Suspected_False_Negative,1,0,0.8105130791664124,0.189486876130104,train,sudah jelek semangattt pulak wkwk
False,1.6623866962564409,1,1,1,Suspected_False_Negative,4,0,0.8103142380714417,0.1896857172250747,train,elawan pengen jadi komisaris bu🙏
False,1.662275622675971,1,1,1,Suspected_False_Negative,2,0,0.8102931976318359,0.1897067874670028,train,this nigga is a fucking joke i swear
False,1.6607636103137902,1,0,0,Suspected_False_Positive,5,1,0.1899938434362411,0.8100061416625977,train,"bro mslh kita bpnya aja jgn bwa""anaknya woyðŸ—¿"
False,1.6607598456950108,1,1,1,Suspected_False_Negative,2,0,0.8100054264068604,0.1899945586919784,train,user jonny thats the power of legal hardworking immigrant unlike radical muslim refugees and illegal mexicans
False,1.6599398103844052,1,0,0,Suspected_False_Positive,4,1,0.1901504248380661,0.8098495602607727,val,kagett jodohnya fiki naki ðŸ˜­ðŸ˜­ðŸ˜­
False,1.6598434259297796,1,1,1,Suspected_False_Negative,1,0,0.8098312616348267,0.1901687532663345,train,user you say yiddish speaking immigrants in the   th century they hear globalist diaspora self hating jews
False,1.6595980401334245,1,0,0,Suspected_False_Positive,1,1,0.1902154237031936,0.8097845911979675,train,muh freeest nation on earth!!
False,1.6588397775074617,1,1,1,Suspected_False_Negative,5,0,0.8096402287483215,0.1903597116470337,train,theyre still building and hiding nukes but yeah your pops got played like the udiot he is.
False,1.658262949654074,1,1,1,Suspected_False_Negative,4,0,0.8095304369926453,0.1904695481061935,val,Siapppppp si paling okb????
False,1.6569969110995253,1,0,0,Suspected_False_Positive,3,1,0.1907108426094055,0.8092892169952393,train,those winchester defense loads look nasty .
False,1.65667020457259,1,0,0,Suspected_False_Positive,2,1,0.1907731592655182,0.8092268109321594,train,davos is merely whitewashed economic gangsterism
False,1.655379266305647,1,1,1,Suspected_False_Negative,1,0,0.808980405330658,0.191019594669342,train,when uncle charlie gets really drunk he puts on the gook ear necklace
False,1.6551036220908508,1,0,0,Suspected_False_Positive,5,1,0.1910722553730011,0.8089277148246765,train,Hehhhh tinandrosee???? TolonggggðŸ˜­
False,1.6549493756060665,1,0,0,Suspected_False_Positive,1,1,0.1911017298698425,0.8088982105255127,train,this nigga said i am looking for the wet pussy on the mic man dawg
False,1.6548777191301445,1,0,0,Suspected_False_Positive,1,1,0.1911154240369796,0.8088845610618591,train,"jahat jahat bgt ketikan kalian plis ya allahhhh:(. aku bacanya aja istighfar berkali"":(("
False,1.6542188606104165,1,1,1,Suspected_False_Negative,4,0,0.8087586164474487,0.1912413835525512,train,"that is funny. is it racist? youre damn right it is, but comedy sometimes must supersede racism."
False,1.653053495862495,1,1,1,Suspected_False_Negative,1,0,0.808535635471344,0.1914643794298172,train,"Gila ya orang udah pada sok tahu tentang takdir STY 😂😂😂 Padahal STY sendiri bersyukur diganti.. Kalo nggak, kegagalannya membawa Indonesia masuk babak 4 kualifikasi bisa2 dihujat seumur hidup.. bahkan nggak ada cerita sekarang dipilih oleh klub di Indonesia dgn gaji fantastik.."
False,1.6525288438389591,1,0,0,Suspected_False_Positive,4,1,0.1915648579597473,0.8084350824356079,train,user dude there all good except woah and extravagant prob weirdo hoes
False,1.6523235085428114,1,1,1,Suspected_False_Negative,3,0,0.8083957433700562,0.191604197025299,train,lets kill cracker babies!. wtf did i just hear???????? wow.
False,1.6516614338739866,1,0,0,Suspected_False_Positive,3,1,0.1917310953140258,0.8082688450813293,train,Habis nurunin penumpang ojol gas nonton OKI DM. Gak terasa kalau potongan aplikator masih tetap seperti dulu ( 20% up )
False,1.6496672870771212,1,0,0,Suspected_False_Positive,3,1,0.1921138167381286,0.8078861832618713,train,"the jig is up. expect many more suicides, voluntary and other."
False,1.6489551132362916,1,0,0,Suspected_False_Positive,2,1,0.1922506839036941,0.8077492713928223,train,tidak boleh melet dosaa rik
False,1.6484898573569302,1,1,1,Suspected_False_Negative,2,0,0.8076598644256592,0.192340150475502,train,no we cant be losing ab he is literally our whole offense
False,1.6473597782546343,1,0,0,Suspected_False_Positive,5,1,0.1925576329231262,0.807442307472229,train,"""Kalau pas penempatannya, sebenernya kamu imut banget loh mel."""
False,1.6446600421292012,1,1,1,Suspected_False_Negative,1,0,0.8069218397140503,0.1930781900882721,train,@RedWarrior-Helios LOL
False,1.6446046307059292,1,1,1,Suspected_False_Negative,3,0,0.8069111704826355,0.1930888891220092,train,aura pembantunya kuat bgtt
False,1.6430234583606045,1,0,0,Suspected_False_Positive,2,1,0.1933944374322891,0.8066055178642273,train,i found a new way to chug you have to open your mouth alot shitallysays
False,1.642436273915405,1,1,1,Suspected_False_Negative,3,0,0.806492030620575,0.1935080289840698,train,shooting in usa is so common no one is talking about gun control any more.
False,1.6416878306642952,1,1,1,Suspected_False_Negative,1,0,0.806347131729126,0.1936529129743576,train,user immigrants hit back number times harder their really small
False,1.6413786253567797,1,1,1,Suspected_False_Negative,3,0,0.8062872290611267,0.1937128007411956,train,the left argues that communism reinforces equality.
False,1.6399775138396129,1,1,1,Suspected_False_Negative,1,0,0.8060156106948853,0.1939844042062759,train,"tunggu di akherat aja, pasti masuk NERAKA VIP"
False,1.63717358288115,1,1,1,Suspected_False_Negative,3,0,0.805470883846283,0.1945290863513946,train,"its simple , they want to create white guilt , ."
False,1.6357999947761492,1,1,1,Suspected_False_Negative,4,0,0.8052035570144653,0.194796472787857,train,i hate him im so fucking sorry
False,1.6347455937933495,1,1,1,Suspected_False_Negative,3,0,0.804997980594635,0.1950019747018814,val,user user but you said you like guys that what gays do
False,1.6340971898198602,1,0,0,Suspected_False_Positive,1,1,0.1951284557580948,0.8048715591430664,train,"this is from a black forum , they are not happy about this ."
False,1.634049996803929,1,0,0,Suspected_False_Positive,3,1,0.1951376646757125,0.8048622608184814,val,so you sitting her telling me it ok for a female to drug niggas but when a male do it we deserve to be stoned and thrown in a hole
False,1.6337333724701737,1,1,1,Suspected_False_Negative,4,0,0.8048005104064941,0.1951994597911834,train,eda!! the  queers at aa! lol
False,1.630640892284462,1,1,1,Suspected_False_Negative,3,0,0.8041959404945374,0.1958040446043014,train,user user found a racist closet gaypoop fan
False,1.6302745262633649,1,0,0,Suspected_False_Positive,4,1,0.1958757936954498,0.8041242361068726,train,why is your white ass in my black business youre white
False,1.630164528526347,1,1,1,Suspected_False_Negative,2,0,0.8041026592254639,0.1958973407745361,train,Eh sudah terlambat untuk melarang Kempes
False,1.6301105990632574,1,1,1,Suspected_False_Negative,5,0,0.8040921092033386,0.1959079056978225,train,antifa fascists and socialists are one and the same......time to respond ! url
False,1.6287720422454914,1,0,0,Suspected_False_Positive,1,1,0.1961703151464462,0.8038296699523926,train,well said these remanics are so thick.!
False,1.6286618298853028,1,1,1,Suspected_False_Negative,5,0,0.8038080334663391,0.1961919367313385,train,ganti nama jadi dewan perwakilan parpolðŸ˜‚
False,1.6286580322947526,1,0,0,Suspected_False_Positive,2,1,0.1961926817893982,0.8038073182106018,train,they dont want you following people because they dont like conservatives! sickening  how biased twitters management is. twitterleftbias
False,1.6273864228591086,1,1,1,Suspected_False_Negative,5,0,0.8035576939582825,0.1964423209428787,train,i got to pay for my own birthday nails ghetto
False,1.6266956969283142,1,1,1,Suspected_False_Negative,5,0,0.8034219145774841,0.1965780556201934,train,leftist collusion prescreening party
False,1.6266718951417083,1,0,0,Suspected_False_Positive,3,1,0.1965827345848083,0.8034172654151917,train,"switzerland, im guessing ? if so, an outlier indeed,"
False,1.6263140270223695,1,1,1,Suspected_False_Negative,3,0,0.8033469319343567,0.1966530978679657,val,beer queer
False,1.6258835726985394,1,1,1,Suspected_False_Negative,4,0,0.8032622337341309,0.1967377662658691,train,their aggressiveness is a massive reason for their  success  .
False,1.6253575367270394,1,1,1,Suspected_False_Negative,4,0,0.803158700466156,0.1968412846326828,train,can go straight the crapper. ill never support another team again.
False,1.6242854227820478,1,0,0,Suspected_False_Positive,1,1,0.1970524340867996,0.8029475212097168,train,"if you think that the term redskins being offensive is a political issue, you are ignorant."
False,1.6241875749207242,1,1,1,Suspected_False_Negative,2,0,0.8029283285140991,0.1970717161893844,train,suruh jawab salam pun susah ke anak babi ni eii babi nya jeezzzz'
False,1.624081117644129,1,1,1,Suspected_False_Negative,4,0,0.8029072284698486,0.1970926970243454,train,hidung wednesday gak ngembang gitu??
False,1.621161819510092,1,0,0,Suspected_False_Positive,4,1,0.1976689100265503,0.8023310899734497,train,he is as slimy as that hair dont!
False,1.6192058488475072,1,1,1,Suspected_False_Negative,1,0,0.8019440770149231,0.1980559229850769,train,jgn minta maaf jika km minta maaf karna ketahuan 😏
False,1.6188981762812056,1,0,0,Suspected_False_Positive,1,1,0.1981168687343597,0.8018831610679626,train,whoeva told ya tha shit was easy they was lyin to ya
False,1.6188698962189334,1,0,0,Suspected_False_Positive,2,1,0.1981224715709686,0.8018775582313538,train,aku masih butuh selang waktu untuk mengerjakan visualnya biar mampus kalian menunggu sampai 3 kali rasain p
False,1.6173748247039812,1,1,1,Suspected_False_Negative,5,0,0.801581084728241,0.1984189003705978,train,gun control is never sensible.
False,1.6166132303127416,1,0,0,Suspected_False_Positive,5,1,0.1985700726509094,0.8014299273490906,train,abidzar harusnya remake mahabarata
False,1.6162088339258502,1,1,1,Suspected_False_Negative,4,0,0.8013496398925781,0.1986503899097442,train,"Sama Seperti di konoha banyak banget kasus seperti itu,"
False,1.6158142736920802,1,1,1,Suspected_False_Negative,1,0,0.8012712597846985,0.1987287849187851,val,Kasusnya ga beda jauh sama PSSI wkwk kasian Shin Taeyong ngadepin instansi yg plenger di negara orang dan negaranya sendiri padahal di udh ngasih yg terbaik Dan ada juga pelatih yg ngalamin hal yg sama kaya STY yg dari portugal itu wkwk Rill sepak bola suatu negara ga akan maju klo instansinya ga bener 😮‍💨
False,1.6146558669688706,1,0,0,Suspected_False_Positive,2,1,0.1989591270685196,0.8010408282279968,train,at this rate we are gonna have to ban o jewa keng
False,1.6139081643115485,1,0,0,Suspected_False_Positive,5,1,0.1991079449653625,0.8008920550346375,train,why are you such an ignorant pos? nevermind  i really couldnt care less about you
False,1.613583263505575,1,0,0,Suspected_False_Positive,2,1,0.1991726458072662,0.8008273243904114,train,you can make fun of liberals that come up with fake stories.
False,1.613413821207846,1,1,1,Suspected_False_Negative,5,0,0.8007936477661133,0.1992063969373703,train,our president isnt radicalizing anything! your antifaresist mobs are! thats you gaslighting lol!  saul alinsky much? wethepeople greatawakening
False,1.6132230927066704,1,1,1,Suspected_False_Negative,1,0,0.8007556200027466,0.1992443948984146,train,user gas the jews
False,1.6122803064944784,1,0,0,Suspected_False_Positive,5,1,0.1994323283433914,0.800567626953125,train,enjoy them before those liberals take them white boys down for being white !
False,1.611734641268172,1,1,1,Suspected_False_Negative,5,0,0.8004587888717651,0.1995411813259124,train,diversity means chasing down the last white person
False,1.6110268033712627,1,1,1,Suspected_False_Negative,1,0,0.8003175258636475,0.1996824741363525,train,nobody gays after a minor inconvenience ok this is homophobic
False,1.609405488033019,1,1,1,Clean,3,0,0.7999935150146484,0.2000064849853515,train,user wishing jews a happy new year is antisemitic because it identifies them as jews
False,1.6090397432798933,1,1,1,Clean,4,0,0.799920380115509,0.2000796496868133,train,matthey hickley must be a woman. no man could be so illogical.
False,1.6089731638218656,1,1,1,Clean,3,0,0.7999070286750793,0.2000929713249206,train,and black women muzzee wetback statues being erected
False,1.608895195528113,1,0,0,Clean,1,1,0.2001085728406906,0.7998913526535034,train,sebelum dihukum mati pelaku ditelanjangi dulu diarak sekabupaten cilacap
False,1.6088745688302029,1,1,1,Clean,5,0,0.7998872399330139,0.2001127004623413,train,is that the only attorney general in our history to be held in contempt????
False,1.6088164887174574,1,1,1,Clean,4,0,0.7998756766319275,0.2001243233680725,train,Baguslah sudah pada bangga dengan sebutan cebong.'
False,1.60786542290922,1,0,0,Clean,5,1,0.2003147453069687,0.7996852397918701,train,orang otaknya tidak sekolahin ya resiko sudah upload sosmed ya dapat perbincangan netizen public figure tidak otaknya
False,1.6064622459958111,1,0,0,Clean,2,1,0.2005960196256637,0.799403965473175,train,if i ain  t look like my dad the negro wouldn  t claim none of us
False,1.6057158917706935,1,1,1,Clean,2,0,0.7992542386054993,0.2007457911968231,train,user i fucking hate you yzm
False,1.6044599836268008,1,0,0,Clean,5,1,0.2009980678558349,0.799001932144165,train,system some guy retards all of a cattery cats to make a pie or two
False,1.603035292585248,1,0,0,Clean,4,1,0.2012846320867538,0.798715353012085,train,this being single shit is ghetto as fuck
False,1.6004103690313063,1,1,1,Clean,5,0,0.7981863617897034,0.2018136829137802,train,he makes dope ass songs. hes a singerwriter url
False,1.6002644054608817,1,1,1,Clean,3,0,0.7981568574905396,0.2018431425094604,train,Jule L nya apa Lntee
False,1.6000202206817695,1,0,0,Clean,2,1,0.2018924355506897,0.7981075644493103,train,and the liberals will supply them with these modern fighters! url
False,1.5993729914303862,1,0,0,Clean,2,1,0.2020231485366821,0.7979768514633179,train,only thing worse than arguing with a flat earther is arguing with a holocaust denier
False,1.5992376515909212,1,0,0,Clean,2,1,0.2020504921674728,0.7979495525360107,train,Rada gila juga bapaknya...
False,1.5986965490372391,1,1,1,Clean,2,0,0.7978401780128479,0.2021598517894745,train,trey gowdy demolishes fbi rat peter strzok at live congressional hearing
False,1.5986515133667325,1,1,1,Clean,3,0,0.7978310585021973,0.2021689563989639,val,fans fomo pahlawan pada kaget pasti padahal Meraka aja yg fomo yg ngira dia org bener 🤣🤣
False,1.5983193734470675,1,0,0,Clean,4,1,0.2022361159324646,0.7977638244628906,train,abis kerjaaaaa kuliiii leher pada pegel belek
False,1.5980171018958087,1,1,1,Clean,2,0,0.7977026700973511,0.2022972553968429,train,all that money hadnt made u smarter.
False,1.5967890646279903,1,0,0,Clean,4,1,0.2025458365678787,0.7974541783332825,train,dah ga aneh model bgnian ??????
False,1.5957164842526916,1,0,0,Clean,2,1,0.2027631998062133,0.7972367405891418,train,otak siapa yang eror orang lain malah kena
False,1.595618085365644,1,1,1,Clean,1,0,0.7972168326377869,0.2027831524610519,train,carrey should be shut up for good
False,1.594722505483955,1,1,1,Clean,1,0,0.7970350980758667,0.2029648423194885,train,Basically kasus kriminal yang udh sering kita dengar😅 Dengan variasi cerita mereka sendiri
False,1.594051988506116,1,1,1,Clean,3,0,0.7968990206718445,0.2031009793281555,train,"dari lingkungannya aja kelihatan semua modelan kyak apa wkwk, ga terkejut klo ada berita2 negative diborong sama circle lingkungannya"
False,1.5939938091850332,1,1,1,Clean,3,0,0.796887218952179,0.2031127959489822,train,stop race mixing and discourage those who practice it .
False,1.5937911250760315,1,1,1,Clean,1,0,0.7968460321426392,0.2031539678573608,train,dear laowai asians are model citizens see
False,1.5928610510158296,1,0,0,Clean,2,1,0.203343003988266,0.7966569662094116,train,turn ally pally into a gay commune imo
False,1.5927630792331635,1,0,0,Clean,3,1,0.2033629268407821,0.7966371178627014,train,ive noticed a lot of conservatives are thoroughly disingenuous when engaging in twitter.
False,1.590065265548225,1,1,1,Clean,4,0,0.7960877418518066,0.2039123028516769,train,wrong...we are sending another giant f....you to liberals...
False,1.5899000536314156,1,0,0,Clean,4,1,0.2039459943771362,0.7960540056228638,train,selama transfer nya jalan terus ya hajar terus...😅😂
False,1.5895025900443045,1,1,1,Clean,5,0,0.7959728837013245,0.2040270715951919,train,time to destroy msm  it is run by deep state
False,1.5892055269142331,1,1,1,Clean,2,0,0.7959122657775879,0.2040876895189285,train,hours at midnight and she said she is not a call girl?  awkward!
False,1.5889163621621534,1,1,1,Clean,1,0,0.7958532571792603,0.2041467130184173,train,trumpwashing and us liberals historical amnesia are the real definition of trump derangement syndrome... url
False,1.587551022675498,1,1,1,Clean,2,0,0.7955743670463562,0.2044256329536438,train,ok wat ever u say whitey. u prolly never even seen shaft.
False,1.584883353730028,1,1,1,Clean,4,0,0.7950282692909241,0.2049717009067535,train,dr michelle cretella on transgenderism.
False,1.5836867235937324,1,1,1,Clean,1,0,0.7947828769683838,0.2052171230316162,train,as hispanic and negro populations increase test score averages will decrease .
False,1.5835204566570833,1,0,0,Clean,3,1,0.2052512466907501,0.7947487235069275,train,hmu talmbout match but when i pull up its  other niccas wit ya ;
False,1.583363653785992,1,0,0,Clean,1,1,0.2052834331989288,0.7947165369987488,train,"where my  favorite jiggers at? ,  ? ;;;"
False,1.5820118861578507,1,0,0,Clean,4,1,0.2055611163377761,0.794438898563385,train,she is only saying that because she wants to win.  dont vote for this fraud.
False,1.5819899218761937,1,1,1,Clean,5,0,0.7944343686103821,0.2055656313896179,train,so they can get reparations for their great grand parents   suffering  plus more .
False,1.5817350844945486,1,0,0,Clean,1,1,0.2056180238723755,0.7943819761276245,train,Si paling klarifkasi
False,1.5815487811924522,1,0,0,Clean,1,1,0.2056563347578048,0.7943437099456787,train,tan communism is misunderstood france is the only man from queer eye i trust now
False,1.5809952210084557,1,1,1,Clean,1,0,0.7942297458648682,0.2057702094316482,train,user i hate caucasians
False,1.5769537947207548,1,0,0,Clean,3,1,0.2066034972667694,0.7933964729309082,train,oh shit sjsnsn ive had work every day since i messaged u so sorry ill make it tuesday!
False,1.5758299343707125,1,0,0,Clean,4,1,0.2068358212709427,0.7931642532348633,train,its not ghetto you fool.
False,1.57549268392528,1,0,0,Clean,2,1,0.2069055885076522,0.7930943965911865,train,fuck you too soundwave
False,1.5745958718167643,1,1,1,Clean,2,0,0.792908787727356,0.2070912271738052,train,better hurry she is pretty old
False,1.5735049162257295,1,1,1,Clean,2,0,0.7926827669143677,0.2073172777891159,train,wajar guys belum 40 hari pasti emang masih berkeliaran arwahnya
False,1.573043937193693,1,0,0,Clean,3,1,0.2074128687381744,0.792587161064148,train,rip neilsimon   hopefully his death wont be shadowed by mccains
False,1.5727808109325512,1,1,1,Clean,2,0,0.7925325036048889,0.2074674516916275,val,"kalau si erika hamil lagi, berarti sama yang ini dong ?"
False,1.5724124212079662,1,1,1,Clean,1,0,0.7924560904502869,0.2075438946485519,train,to what? chicago already has thf strictest gun control laws in the country...
False,1.5705051420559366,1,0,0,Clean,5,1,0.2079401165246963,0.7920598983764648,train,antifa are the real nazis man
False,1.5685613692307532,1,1,1,Clean,2,0,0.7916553616523743,0.2083446979522705,train,jujur emg ke bude bude
False,1.5677650065049815,1,0,0,Clean,4,1,0.2085106819868087,0.7914893627166748,train,wheres the part where fat amy goes err wop wobn wefo? thingspeoplesay
False,1.5649397837075707,1,1,1,Clean,5,0,0.790899395942688,0.209100604057312,train,number days after starbucks opens its bathrooms to ghetto thugs
False,1.563820012131632,1,1,1,Clean,1,0,0.7906650900840759,0.2093348801136016,train,theyre coming out of the woodwork to oppose white unity and white history month .
False,1.563336153510959,1,1,1,Clean,5,0,0.7905638217926025,0.2094361931085586,train,user the white delegation has waived that white devil woman
False,1.5627673373185953,1,0,0,Clean,1,1,0.2095553576946258,0.7904446721076965,train,no one treats immigrants like shit like the belair mva
False,1.5625581580747556,1,1,1,Clean,5,0,0.7904008030891418,0.2095991969108581,train,why right vs left is good vs evil  trump london protests
False,1.562303533223857,1,0,0,Clean,3,1,0.2096525728702545,0.7903473973274231,train,user dey can suck my dick my po nd dat white ass judge
False,1.561626910209665,1,0,0,Clean,5,1,0.2097944766283035,0.7902054786682129,train,the difference between a demon and a pedophilia priest.....a demon lets you know its there
False,1.559515719348268,1,1,1,Clean,4,0,0.7897621393203735,0.2102378606796264,train,never followed him ignorant monkey
False,1.5590266415675715,1,0,0,Clean,5,1,0.2103407084941864,0.7896592617034912,train,cuts an eboy belt loop and steals his stupid carabiner keys
False,1.5587446554527222,1,1,1,Clean,5,0,0.7896000146865845,0.2104000300168991,train,"""Jari jari nya gede gede banget, apalagi pas ngiklan makan ikan danau hambar, jarinya kayak jempol semua hawak bener"""
False,1.558738281403093,1,1,1,Clean,3,0,0.7895985841751099,0.2104013711214065,train,space is gay and so are you
False,1.5565070293362238,1,1,1,Clean,1,0,0.7891286611557007,0.2108713537454605,train,manyun nya jgn sembarangan mas
False,1.5561949520524188,1,1,1,Clean,3,0,0.7890627980232239,0.2109371721744537,train,user normalize hating white people
False,1.5561031208217675,1,0,0,Clean,1,1,0.2109565436840057,0.7890434265136719,train,Seasa Ling vs Paquito
False,1.5532046030280586,1,1,1,Clean,3,0,0.7884311079978943,0.2115688920021057,train,b album definitely worth the fucking wait
False,1.553068045245294,1,0,0,Clean,1,1,0.2115977853536605,0.788402259349823,train,"Soal hujat menghujat emang disana pusatnya rasisme dan sebagainya, bahkan ke sesama satu ras Asian. Tapi ketika dihujat dan dirasisin eropa merasa playing victim"
False,1.5529329143587836,1,0,0,Clean,5,1,0.2116263806819915,0.788373589515686,train,taking out iran only helps zionist jews and would create a larger refugee crisis
False,1.5521045014245125,1,0,0,Clean,4,1,0.2118017673492431,0.7881982326507568,train,HE SAID DENGAN LANTANG : TIDAK BACA WEBTOON AND TIDAK NONTON DRAMANYAA
False,1.5504833760694663,1,1,1,Clean,1,0,0.7878546118736267,0.2121454030275344,train,you are turd
False,1.5499021658684518,1,0,0,Clean,2,1,0.2122687399387359,0.7877312302589417,train,arrest holder for high crimes against the republic.
False,1.5491201683865132,1,0,0,Clean,3,1,0.2124347984790802,0.7875651717185974,train,after jeff sessions gets fired we need the doj in california
False,1.5490634931282925,1,0,0,Clean,3,1,0.2124468386173248,0.7875531315803528,train,user yea both sides need to stop being retarded
False,1.5483264462101345,1,1,1,Clean,4,0,0.7873965501785278,0.2126034796237945,train,yah pdhl sicowo udah dibangga2in
False,1.5479902858776229,1,0,0,Clean,4,1,0.2126749604940414,0.7873250246047974,train,"aneh bgt blm prnh kesana dan blm berangkat bisa2 nya udh spil ini itu, baru kali ini tau liat org kek gitu"
False,1.5474365720319596,1,0,0,Clean,2,1,0.2127927541732788,0.7872072458267212,train,hayo tebak mana lebih keras jidat budi ari apa batu bacan?
False,1.5442840453567312,1,0,0,Clean,1,1,0.2134646475315094,0.786535382270813,train,the uk is full of racist people on the left not just the right
False,1.5442661053178552,1,0,0,Clean,5,1,0.2134684771299362,0.7865315079689026,train,bot still kick ya ass nigga
False,1.5440343098705405,1,1,1,Clean,2,0,0.786482036113739,0.213517963886261,train,user uk is becoming a nazi state
False,1.5435410247821604,1,0,0,Clean,3,1,0.2136233150959015,0.7863766551017761,train,user perhaps they could learn how arabs enslaved the africans
False,1.5407925069785526,1,0,0,Clean,4,1,0.2142112702131271,0.7857887744903564,train,sometimes normie conspiratards give me a headache.
False,1.5396572587158497,1,1,1,Clean,3,0,0.7855453491210938,0.2144545912742614,train,frustasi habis uangnya kasihannn
False,1.5382940785291686,1,0,0,Clean,2,1,0.2147471308708191,0.7852528691291809,train,no its because he is democrat about to be antifa socialist just like you.
False,1.5381924283159294,1,1,1,Clean,1,0,0.7852311134338379,0.214768961071968,train,"Makanya kalau ngomong dipikir dulu, bego"
False,1.537814227626845,1,1,1,Clean,3,0,0.7851498126983643,0.2148502022027969,train,want a libtard to oppose abortion ?
False,1.53673950915694,1,1,1,Clean,5,0,0.7849188446998596,0.2150812298059463,train,islam belongs in pakistan bangladesh indonesia middle east gulf states north africa not with white people
False,1.536161313956184,1,0,0,Clean,4,1,0.2152056246995926,0.7847944498062134,train,problems with women dont lead to porn use. porn use leads to problems with women.
False,1.5357162593763487,1,1,1,Clean,5,0,0.7846985459327698,0.2153014242649078,train,"""yang kedua dari sebelah kanan itu batik apa orang dah? kok warna nya kek taek babi si?"""
False,1.5356511342331032,1,1,1,Clean,5,0,0.7846845388412476,0.2153154462575912,train,baked alaska is probably my favorite anti racist holocaust denier definitely top number
False,1.5348794370439118,1,1,1,Clean,2,0,0.784518301486969,0.2154816687107086,train,hes a flake ...
False,1.533989490836421,1,1,1,Clean,3,0,0.784326434135437,0.2156735211610794,train,at least shop where a white is at the counter is my rule .
False,1.5321250053115214,1,1,1,Clean,4,0,0.7839239835739136,0.2160760164260864,train,user   i  m with the negros alabama state
False,1.5314382358947545,1,1,1,Clean,1,0,0.7837755084037781,0.2162244617938995,train,i would nt marry a asian even after cirurgy .
False,1.531314954125639,1,1,1,Clean,4,0,0.7837489247322083,0.2162511199712753,train,"what will you do today, to disrupt, disturb, and defy the enemy?  ah, good question. glad you asked."
False,1.5305716577329045,1,0,0,Clean,5,1,0.2164119184017181,0.7835880517959595,val,emang paling bener adab di atas ilmu
False,1.5304778120248876,1,1,1,Clean,1,0,0.7835677862167358,0.2164322286844253,train,he is a russian spy have received much money from putin.
False,1.5301507635020082,1,0,0,Clean,3,1,0.2165030241012573,0.7834969758987427,train,"So sorry, bru ngeh dia dibelakangðŸ™"
False,1.5301486298805214,1,0,0,Clean,3,1,0.2165034860372543,0.7834964990615845,train,"some people are really weird in their thinking have you been to bullhead , az ?"
False,1.529783916337975,1,0,0,Clean,2,1,0.2165824621915817,0.7834175825119019,train,dasar artis abal abal enggk laku layar kaca sudah enggk duit kere miskin main ke dukun elmu pelet perebut suami orang yang kaya
False,1.5285215210974603,1,0,0,Clean,5,1,0.2168560475111007,0.783143937587738,train,pitina voor is a fucking stupid name
False,1.5278432639052468,1,0,0,Clean,2,1,0.2170031815767288,0.7829967737197876,train,user user lmao clueless marxists who think jews never convert to christianity total brainlets
False,1.5250136199635551,1,1,1,Clean,1,0,0.7823818922042847,0.2176180928945541,val,idak puas atas putusan ini harusnya mereka non activ selama nya
False,1.5241283019778642,1,1,1,Clean,4,0,0.7821891903877258,0.2178108394145965,train,number if u saw someone naked u had to take ur wudhu again muslim twitter go off
False,1.523392035357833,1,0,0,Clean,5,1,0.2179712653160095,0.7820287346839905,train,babi itu. anak orang baik2 di buat susah. jgn di lindungi
False,1.5227338483293458,1,1,1,Clean,4,0,0.7818852066993713,0.2181147783994674,train,abizarrrr foto lu noh di twitter masih adaa ðŸ˜­ðŸ˜­ðŸ˜­
False,1.5225649122338891,1,1,1,Clean,2,0,0.7818484306335449,0.2181516289710998,train,fucking hate you bro i stg
False,1.522043118882328,1,0,0,Clean,4,1,0.218265488743782,0.7817344665527344,train,the habitual lies of jews
False,1.5212852588121228,1,0,0,Clean,5,1,0.2184309661388397,0.7815690636634827,train,gapapa ga ganteng yang penting pede ekan
False,1.5202727863050054,1,0,0,Clean,5,1,0.2186522334814071,0.7813478112220764,train,jijik liatnya kaya ulet bulu kluget2 begitu hihihi sampai sgitunya pengen terkenal
False,1.5197311401043183,1,0,0,Clean,3,1,0.2187706977128982,0.7812292575836182,train,HOLY SHIT
False,1.5189854429944938,1,0,0,Clean,2,1,0.2189338952302932,0.7810661196708679,train,user he fully retarded she christian
False,1.5187687558662428,1,0,0,Clean,5,1,0.2189813405275344,0.7810187339782715,train,saw a young nigga with an elon musk truck
False,1.5168892784175083,1,1,1,Clean,5,0,0.7806066870689392,0.2193932980298996,train,is a blight on womanhood.  grow up.
False,1.5168208175462317,1,1,1,Clean,2,0,0.7805916666984558,0.219408318400383,train,"""Lututnya masih hitam gosok maning biar tambah cling dan cantik"""
False,1.5164218952896658,1,1,1,Clean,4,0,0.7805041670799255,0.2194958627223968,train,school is hella gay
False,1.5147270119929357,1,1,1,Clean,2,0,0.7801317572593689,0.2198681980371475,train,you dont put this much thought into antifa goons ripping downtown seattle apart every holiday
False,1.5142254131573376,1,0,0,Clean,5,1,0.2199785113334655,0.7800214290618896,train,exactly so just more moslem appeasement sating the beast in the uk
False,1.5134432639936335,1,1,1,Clean,1,0,0.7798493504524231,0.2201506346464157,train,guess he forgot to walk the liberal plank!
False,1.5122689888757503,1,0,0,Clean,4,1,0.2204093039035797,0.7795907258987427,train,you promised to dox me in .   are you an invalid?   it is   now gunty.
False,1.5113043000840105,1,1,1,Clean,5,0,0.7793779969215393,0.220622032880783,val,wanna hear a joke? black people lol
False,1.5094462698228208,1,0,0,Clean,1,1,0.2210323363542556,0.7789676785469055,train,user god forbid black people tell white bitches about themselves
False,1.5064312477726025,1,0,0,Clean,3,1,0.2216997593641281,0.7783002257347107,train,Anak sekolah gak punya etika kepada orang yang lebih tua😢
False,1.5050139186716536,1,0,0,Clean,2,1,0.2220142036676406,0.7779857516288757,train,are you an anti semite who declares who is and who isnt a jew?
False,1.5042976229338163,1,0,0,Clean,4,1,0.2221732884645462,0.7778266668319702,train,noap. not taking them. rt  maca root pills making my vagina do the wop
False,1.503864042360231,1,1,1,Clean,2,0,0.7777303457260132,0.2222696393728256,train,Mereka bukan relawan tapi ketua dan dan wakil serta jajaran nya pengemis jabatan lalu pengikut nya pencari nasi bungkus
False,1.5019001311888382,1,0,0,Clean,3,1,0.2227065861225128,0.7772933840751648,train,no he is waging war against you amp; all of the horrible things you have done.
False,1.5017012293630927,1,1,1,Clean,1,0,0.7772490978240967,0.2227508872747421,train,bad behavior like that is never acceptable.
False,1.500684858729404,1,0,0,Clean,5,1,0.2229773998260498,0.7770225405693054,val,made a joke to my gf about stealing fancy jewelry for my wife and she about lost her shit all her gay marbles
False,1.4987830024815256,1,1,1,Clean,4,0,0.7765981554985046,0.2234018743038177,train,magrib banget
False,1.4963204957544067,1,1,1,Clean,4,0,0.7760473489761353,0.2239526808261871,train,Apapun buli itu salah. Makanya kita semua yg punyak anak di didik agar prilaku nya bisa orang tua kontrol
False,1.4956508910366073,1,1,1,Clean,3,0,0.7758972644805908,0.2241026908159256,val,perasaan di ive pikme semua anjir ??
False,1.4954350794819398,1,1,1,Clean,5,0,0.775848925113678,0.2241510599851608,train,hiring a cleaning lady as a woman is ghetto debate your mom
False,1.4947848016754417,1,1,1,Clean,5,0,0.7757031321525574,0.2242968678474426,train,"Kan orang tua the onsu berpulang pas jordi masih remaja gk sih, Dan ruben yg bareng olga Mati2an buat adik2 Terus dibawa jg main sinetron tapi apa daya gak laku Sekolah tinggi2 biar masa depan bagus Terus dimodalin usaha si ade ky ceo lh Tpiiiii mlah kmna2 blng si adelh yh beliin abngnya ini itu trmasuk rumah sengketa itu😂😂😂😂 Ya الله"
False,1.493623594517762,1,1,1,Clean,2,0,0.7754424810409546,0.2245574742555618,val,he gave you a brillo pad that you all spend a fortune on to get rid of so you can look like white women
False,1.492954864232896,1,0,0,Clean,4,1,0.224707692861557,0.7752922773361206,train,i said it yesterday. he is literally a walking embalment.
False,1.490172839784068,1,1,1,Clean,5,0,0.7746663093566895,0.2253337055444717,train,buka masker langsung zonk
False,1.4887378719990616,1,0,0,Clean,3,1,0.2256572842597961,0.7743427157402039,train,the evil empire strikes back
False,1.4873867951919042,1,1,1,Clean,5,0,0.7740375995635986,0.2259623706340789,train,Saya menerima pernikahannya dengan mas kawin pembacaan al fatihah calon istri kami akan menikah dengan saya untuk memberi al gemuk
False,1.4872704744101817,1,0,0,Clean,3,1,0.2259886562824249,0.7740113139152527,train,"Kesalahan terbesarmu adalah kini yg kamu hujat sdh tak bernyawa nak, dan entah bagaimana dgn hati orang tua, keluarga yg telah kamu buat hancur utk seumur hidup."
False,1.487021392987289,1,1,1,Clean,5,0,0.7739550471305847,0.2260449528694152,train,gakenal dan ga mau tau
False,1.4863956008416197,1,1,1,Clean,1,0,0.7738135457038879,0.226186454296112,train,i like that after dating for  months you finally understand it when i cringe at the word cock lol
False,1.485929015864963,1,0,0,Clean,4,1,0.2262920141220092,0.773707926273346,train,let our race continue on .
False,1.4846239453578125,1,1,1,Clean,4,0,0.7734124660491943,0.2265875339508056,train,"keliatan dari muka anaknya gada reaksi dan emosi seolah dia ga merasa bersalah, kalo adek w digituin w gabakal terima dia harus ngerasain hal yang sama kalo ga dihukum atau denda seadil-adil nya"
False,1.4836917895149315,1,1,1,Clean,4,0,0.7732011675834656,0.2267988473176956,train,Sekarang denger erik pidato telinga tersiksa
False,1.4825302598543624,1,1,1,Clean,2,0,0.7729375958442688,0.2270624339580536,train,maybe spread some hate and intolerance ?
False,1.4821099491161116,1,0,0,Clean,1,1,0.2271578907966613,0.7728420495986938,train,dont stop naming the jews!
False,1.481710469948727,1,1,1,Clean,4,0,0.7727513313293457,0.2272486537694931,train,all you need to know is he is empty inside
False,1.4815069550009858,1,0,0,Clean,1,1,0.2272949069738388,0.7727050185203552,train,unless he is a contortionist.
False,1.4806086142562196,1,1,1,Clean,1,0,0.7725008130073547,0.2274991869926452,train,rapefugeess .. sexual assaults .. with iraqi and afghanistani men being investigated ..
False,1.4797426229021464,1,0,0,Clean,3,1,0.2276962846517563,0.7723036408424377,train,"""Bikin skandal karena kepengen tenar?"""
False,1.4772901404172707,1,1,1,Clean,5,0,0.7717446088790894,0.2282553911209106,train,user im sorry but muslims disgust me at this point ngl
False,1.4769438748842834,1,0,0,Clean,1,1,0.228334441781044,0.7716655731201172,train,barniesandals trump won by not standing up to the nra. fuck off bernie. norefunds
False,1.4755735007862734,1,0,0,Clean,3,1,0.2286475598812103,0.7713524699211121,train,lmaoo abo crusty hands
False,1.4734013051772945,1,0,0,Clean,4,1,0.2291447669267654,0.7708552479743958,train,ngga ada wajah menyesal sedikitpun pelakunya..gemes..mana ada ibu yg terima anaknya di bully..
False,1.473370611741701,1,0,0,Clean,2,1,0.2291518002748489,0.7708481550216675,train,MaMaH AKu TaKuT????
False,1.4732659229994425,1,1,1,Clean,1,0,0.7708242535591125,0.229175791144371,train,he probably had sex twice for boruto and the other sister that no one cares about
False,1.4724740898813953,1,0,0,Clean,3,1,0.2293573319911956,0.7706426382064819,val,sudah makan tai belum kamu nyet monyet
False,1.4706306648998495,1,0,0,Clean,4,1,0.2297805249691009,0.7702194452285767,train,lol nfl got that nigga the fuck out of here bum ass dirty ass nigga
False,1.470427058075594,1,0,0,Clean,1,1,0.2298273146152496,0.770172655582428,train,amp; sicking their attack dogs  antifa  resist  and blaming the right.
False,1.4682717587841048,1,0,0,Clean,1,1,0.2303231954574585,0.7696768045425415,train,dc republicans are weak and most are quasiconservatives at best!
False,1.4681810580601382,1,0,0,Clean,5,1,0.2303440868854522,0.7696559429168701,train,when moslems flee moslem countries dont that make them islamophobic
False,1.4676418755962908,1,0,0,Clean,3,1,0.2304683178663253,0.7695316672325134,train,white countries are under invasion betrayed by our own gov
False,1.467431183866248,1,0,0,Clean,1,1,0.2305168807506561,0.7694831490516663,val,Keluarga manurung kah
False,1.466682517502221,1,1,1,Clean,2,0,0.7693105340003967,0.230689525604248,train,lifeisbutepu when you have sex anytime you want but you are single
False,1.4662176778832128,1,0,0,Clean,1,1,0.2307967841625213,0.769203245639801,train,or like the right amount of horny but not for lesbians
False,1.4655758595791446,1,0,0,Clean,4,1,0.2309449613094329,0.7690550684928894,train,little things can just kill a negros mood man
False,1.464939224561255,1,1,1,Clean,5,0,0.7689079642295837,0.2310920357704162,train,really apart from tunnelling what have the arabs provided the world with
False,1.4639376193377729,1,0,0,Clean,1,1,0.2313236147165298,0.7686763405799866,train,paling gk bisa soal salah bantal??????
False,1.4631078225092384,1,1,1,Clean,2,0,0.768484354019165,0.2315156459808349,val,go away
False,1.4629164880790797,1,1,1,Clean,5,0,0.7684400081634521,0.2315599471330642,val,gay moslem march
False,1.4622730543932705,1,1,1,Clean,3,0,0.7682909965515137,0.2317089885473251,train,i noticed a lot of fat little white girls with monkey boyfriends .
False,1.4606844497536378,1,1,1,Clean,4,0,0.7679226398468018,0.2320773750543594,train,imagine being a gay vegan your colon attacked from both ends mpcstatusupdates
False,1.459067979008,1,0,0,Clean,5,1,0.2324528247117996,0.7675471305847168,train,"Semoga anak yg suka mbuly ...ktemu karmanya....Aamiin.dan yg dibully,semoga diberi ksabaran....."
False,1.4575480103868723,1,1,1,Clean,5,0,0.7671935558319092,0.2328064143657684,train,something must be done to halt this terrible wave of immigrants entering britain .
False,1.457340394332977,1,1,1,Clean,4,0,0.7671452164649963,0.2328547537326812,train,im sure the air that he is breathing is also bad.
False,1.4561973582790029,1,0,0,Clean,5,1,0.2331210672855377,0.7668789625167847,train,theres more than one problem in the world you oaf
False,1.454822037167582,1,0,0,Clean,1,1,0.2334419041872024,0.7665581107139587,train,musacchio suspended for being a retard blame giampaolo
False,1.453722745216842,1,0,0,Clean,3,1,0.2336986660957336,0.7663013339042664,train,"Bahaya banget ya pembully bisa masuk univ 3 besar, dia akan merasa punya kekuasaan turunan dari bapak nya"
False,1.4526237049978792,1,1,1,Clean,2,0,0.7660443186759949,0.2339556515216827,val,"Hanya orang tuanya yg berdamai,tapi anaknya nanti ada kesempatan akan d ulang lagi,sebaiknya beri hukuman yg mampu membuat pembuli jera dan takut"
False,1.451577152281068,1,1,1,Clean,5,0,0.7657994031906128,0.2342006266117096,train,maghrib banget😂
False,1.4513408110157786,1,1,1,Clean,3,0,0.7657440304756165,0.2342559844255447,train,@apaya: ratu kesalahan
False,1.450526608973483,1,1,1,Clean,2,0,0.7655532360076904,0.2344467937946319,train,bill clinton enjoyed raping them while ted kennedy enjoyed killing them. but you are cool with that.
False,1.4498353280189162,1,0,0,Clean,2,1,0.234608918428421,0.7653910517692566,train,they should be at work they are arabs
False,1.4496427693930476,1,1,1,Clean,3,0,0.7653459310531616,0.2346540987491607,train,another typical liberal who espouses  gun control but uses hate and bullying.
False,1.446837476906302,1,1,1,Clean,1,0,0.764686644077301,0.2353132963180542,train,hope they continue to crash
False,1.446256704115268,1,0,0,Clean,2,1,0.2354499995708465,0.764549970626831,train,MUKA ARIEL TATUM 😭🫵🏻
False,1.4455339631647903,1,1,1,Clean,5,0,0.7643797993659973,0.235620230436325,train,thursdaythoughts fuck liberals. forever.
False,1.4454425190053302,1,1,1,Clean,1,0,0.7643582224845886,0.2356417775154113,train,what is behind the treasonous uk govt actions mooslim oil money or jewish money
False,1.4436883602640302,1,0,0,Clean,5,1,0.2360554933547973,0.7639445066452026,train,i kinda just wanna kill all the mean people i encounter
False,1.4434639105719462,1,0,0,Clean,1,1,0.2361084818840026,0.7638915777206421,train,mana dipanggil ustad lagi
False,1.4431548381973944,1,1,1,Clean,1,0,0.7638185024261475,0.2361814677715301,train,this gave me fucking heart palpitations im shaking as i type this
False,1.442521468952806,1,1,1,Clean,1,0,0.7636688947677612,0.2363311052322387,val,Mendingan liat sirkel tanjung vs Argentina 😂
False,1.4424983921679562,1,0,0,Clean,2,1,0.2363365590572357,0.7636634707450867,train,mana sama lagi marga nya sama guee🙏🏻😭
False,1.441711074123671,1,1,1,Clean,2,0,0.7634772658348083,0.2365227043628692,train,gak bakal ngerti Bu mreka di jelasin juga
False,1.441582371412487,1,0,0,Clean,3,1,0.2365531474351883,0.7634469270706177,train,user where the fuck are your socks white boy
False,1.4415663083601558,1,1,1,Clean,5,0,0.7634429931640625,0.2365569472312927,train,what do you call a chinaman with one leg tiwon shu
False,1.4415191285728748,1,1,1,Clean,2,0,0.7634319067001343,0.2365681082010269,train,"Aku pernah diare sampe pergi ke klinik waktu SMA, parah bgt sampe ga masuk sekolah dan turun berat badan"
False,1.4413912063312837,1,1,1,Clean,5,0,0.7634016275405884,0.2365983724594116,train,is there anybody left in their ghetto that disagrees with them
False,1.4411801168797076,1,1,1,Clean,3,0,0.7633517384529114,0.2366483211517334,train,the left cant meme because their memes usually invoke poes law.
False,1.4403034894171547,1,1,1,Clean,5,0,0.7631441354751587,0.2368558645248413,train,using words such as ;dick; and ;pussy; in regular convo is just too vulgar for me.
False,1.439791891177281,1,0,0,Clean,5,1,0.236977070569992,0.7630228996276855,train,open your eyes the nra only supports politicians that dont care about gun control mostly republicans
False,1.4395153823714046,1,1,1,Clean,1,0,0.7629573941230774,0.2370426058769226,train,the woman she spoke of was never raped not by six white men not by anybody
False,1.43907292617929,1,1,1,Clean,2,0,0.7628524899482727,0.2371475100517273,train,cocok banget sm istrinya. sama2 halu
False,1.4390609247684014,1,1,1,Clean,2,0,0.7628496885299683,0.2371503561735153,train,Filing q mengatakan knp Jordi berubah membenci Ruben dan lebih condong ke pihak Sarwen mungkin d karnakan Ruben menjadi mu'allaf.
False,1.438984018622199,1,0,0,Clean,5,1,0.2371685951948166,0.7628313899040222,train,"nobody is greek, that nation was lost, if it ever existed at all.. you are subsaharan."
False,1.4378092964114195,1,0,0,Clean,1,1,0.2374473661184311,0.7625526189804077,train,i have this great idea of overcoming white people so we as africans empowering black economy
False,1.4372062083477124,1,0,0,Clean,2,1,0.2375906109809875,0.7624093890190125,train,apparently they didnt learn from gun control.
False,1.4372003756090206,1,1,1,Clean,1,0,0.7624080181121826,0.2375919967889785,train,fox could have sash did tho
False,1.4355538312388774,1,1,1,Clean,3,0,0.7620164752006531,0.2379835247993469,train,do you hate him that much. he is our president.
False,1.4353984347317303,1,1,1,Clean,1,0,0.7619795203208923,0.23802050948143,train,mass unmarked moslem graves would
False,1.4345341772001692,1,0,0,Clean,4,1,0.2382263094186782,0.7617737054824829,train,@Canc3rr_ ????: sebagian besar teori ilupnye ??????
False,1.4345042785353737,1,0,0,Clean,1,1,0.2382334321737289,0.7617665529251099,train,lies on top of lies that is the antifa and democrats way
False,1.432234030008223,1,1,1,Clean,5,0,0.7612251043319702,0.2387748956680297,train,jari jari nya gede gede sekali pas ngiklan makan ikan danau hambar jarinya mirip jempol hawak benar
False,1.432006957689207,1,0,0,Clean,1,1,0.2388291209936142,0.7611709237098694,train,nyt we hate white people.
False,1.432003089357727,1,1,1,Clean,2,0,0.7611700296401978,0.2388300448656082,train,he makes a good point. too bad that is a career death sentence these days.
False,1.430700624707439,1,1,1,Clean,5,0,0.7608586549758911,0.2391413152217865,train,Siapapun guru yang ada disitu kalo cuma diem asli demi Tuhan gw berantemin gurunya. Biar ngotak dikit
False,1.4306132060389116,1,1,1,Clean,1,0,0.7608377933502197,0.2391622215509414,train,don  t be bitching when you get that same energy playa what ever goes around comes around pongase trucha
False,1.430179092102447,1,1,1,Clean,1,0,0.760733962059021,0.2392660677433014,train,i would name my dogs breed but i have no fucking clue what he is
False,1.4301338165685873,1,0,0,Clean,1,1,0.2392769008874893,0.7607231140136719,train,user you are a disgrace to white people and have brought much shame upon evropa
False,1.4283871365547811,1,0,0,Clean,4,1,0.239695206284523,0.7603048086166382,train,user this adult shit ghetto
False,1.4283784953621224,1,1,1,Clean,4,0,0.760302722454071,0.2396972775459289,train,i want to see swedes raped to death collectively
False,1.4282648613012223,1,0,0,Clean,1,1,0.2397245168685913,0.7602754831314087,train,haduuh orang tidak akhlak bangeg perasaan kerjaan bertengkar terus musuhnya
False,1.427853760581817,1,0,0,Clean,5,1,0.2398230880498886,0.7601768970489502,train,back off or ill.....ill..... ill smoke something! i mean it!! lol
False,1.4264015019996843,1,1,1,Clean,2,0,0.7598283886909485,0.2401716262102127,train,one added me to a liberals id like to slaughter last month. that was fun
False,1.4261779831577066,1,1,1,Clean,2,0,0.7597746849060059,0.2402253150939941,train,user i fucking hate white liberals
False,1.4254757407495648,1,0,0,Clean,2,1,0.2403940707445144,0.7596059441566467,train,gue gapaham dr dulu fashion style dia kyk gmna wkwkwk
False,1.4241639776421722,1,0,0,Clean,1,1,0.2407096177339553,0.759290337562561,train,criticize boomers and some senile retard will reply in all caps
False,1.422518469947201,1,1,1,Clean,4,0,0.7588940262794495,0.2411060333251953,train,kalo bukan arhan gw gak tau dia siapa ðŸ™ƒ
False,1.4218546133249896,1,1,1,Clean,3,0,0.758733868598938,0.2412661463022232,train,its a band negro
False,1.421236563357248,1,1,1,Clean,4,0,0.7585846185684204,0.2414153069257736,train,Emang korea sehebat apa di piala dunia😂 ampe pelatihnya di hujat... Ini piala dunia bukan piala asia😅
False,1.42093891195298,1,0,0,Clean,2,1,0.2414871752262115,0.7585128545761108,train,alohomora he said confidently pointing his penis at the padlock but nothing happened
False,1.4204526650139822,1,0,0,Clean,3,1,0.2416046261787414,0.7583953738212585,train,its okay chiquito ; im not in the ghetto anymore ;
False,1.4199407634773165,1,0,0,Clean,2,1,0.2417283356189727,0.7582716941833496,train,no girls no hoes just me myself and i
False,1.4196598900929995,1,0,0,Clean,4,1,0.2417962402105331,0.7582037448883057,train,have but fuck the grammar nazis
False,1.4196501530846646,1,1,1,Clean,4,0,0.7582013607025146,0.2417985945940017,train,Ribka Tjiptaning wajar ngomong begitu krn...(telusuri riwayatnya)
False,1.4194943122272576,1,0,0,Clean,5,1,0.241836279630661,0.7581637501716614,train,"masih nyalahin baju, orang kalau nafsu sapi tetangga aja lewat"
False,1.419045658229445,1,1,1,Clean,5,0,0.7580551505088806,0.2419448047876358,train,"tom arnold, a communist gigolo."
False,1.4168940193000443,1,1,1,Clean,3,0,0.7575340867042542,0.2424659430980682,train,lol let this be a lesson that physics doesnt give a shit about female empowerment
False,1.4166266568626775,1,0,0,Clean,3,1,0.2425307780504226,0.7574692368507385,train,"lapor ke komisi etik kampusnya kak, ini udah masuk dosa besar perguruan tinggi. hukumnya gak main main loh, NIDN dosennya bisa di blacklist sama  DIKTI"
False,1.4161568104840918,1,1,1,Clean,2,0,0.7573552131652832,0.2426447570323944,train,laki2 ya sis suka pecun2 murahan prempuan baik2 berjilbab atau pintar enji2 downgrade sih pedangdut kelas prempuan berjilbab ehh pilih pecun jeleknya seleramu
False,1.4153711143483323,1,1,1,Clean,5,0,0.7571645379066467,0.2428354769945144,train,"""Meldi udah dapat kontrak endorse skincare ya tapi kok mukanya tetap jelek si?"""
False,1.4147896217043552,1,0,0,Clean,5,1,0.2429767251014709,0.757023274898529,train,Aktingx bguss
False,1.4143664286852982,1,0,0,Clean,5,1,0.2430795729160308,0.7569203972816467,train,so the guy that works at kith drugged and raped a lesbian is that right
False,1.4142803649745603,1,1,1,Clean,3,0,0.7568994760513306,0.243100494146347,train,why do you identify as antifa if youre transphobic?
False,1.4142698833619292,1,0,0,Clean,4,1,0.2431030422449112,0.75689697265625,val,tariq nasheed beating the fuck out of that drum beloved lmao somebody put a biscuit in that niggas mouth already
False,1.414097534821516,1,0,0,Clean,5,1,0.2431449443101883,0.7568550705909729,train,real women really do seem to hate those soyboys
False,1.4139339782770528,1,0,0,Clean,2,1,0.2431847155094146,0.7568153142929077,train,kulitnya idaman para bule☺️
False,1.4129527106581274,1,0,0,Clean,1,1,0.2434234619140625,0.7565765380859375,val,Tak Pham Doh
False,1.4103134847846068,1,1,1,Clean,5,0,0.7559332847595215,0.2440667599439621,train,if you  re an army that is republican you are not welcome here we hate you
False,1.4098796097334472,1,1,1,Clean,1,0,0.7558273077011108,0.2441726773977279,train,sign this petition to get islam out of u.s. schools!  stopislam tohellwithsharia
False,1.4093891328246706,1,0,0,Clean,2,1,0.2442924678325653,0.7557075023651123,train,i am retarded i can never find my car in this lot
False,1.4081294190638625,1,1,1,Clean,3,0,0.7553995847702026,0.2446004003286361,train,sakit sih tasyi itu ??
False,1.4072963138104315,1,0,0,Clean,2,1,0.2448042631149292,0.7551957368850708,train,signs in warsaw ghetto warning the jews of typhus germans warning jews about a deadly disease
False,1.4072826790913724,1,1,1,Clean,3,0,0.7551923990249634,0.2448076009750366,train,who will abuse it the most liberals or rinos?
False,1.407045318684043,1,1,1,Clean,2,0,0.7551342248916626,0.2448657155036926,train,dosen sange ngetik sambil ngocok kali
False,1.406694311143086,1,1,1,Clean,5,0,0.7550483345985413,0.2449516803026199,train,cinta lu knpeee cin? knape jadi begini
False,1.4048725005610363,1,1,1,Clean,5,0,0.7546016573905945,0.2453983426094055,train,user that is a fucking ridiculous decision
False,1.4029943018852096,1,0,0,Clean,1,1,0.245859682559967,0.754140317440033,val,"surly you jest! i  have little or no regard for the pope of rome, but i dont think the buildibergs, ilumanity,or the vanderbils will stand by and allow that to happen?"
False,1.4027891029084485,1,1,1,Clean,1,0,0.754089891910553,0.2459101378917694,train,is it gay for you to ask your bro for the strap
False,1.401777540964505,1,0,0,Clean,1,1,0.246159017086029,0.753840982913971,train,these arethe globalists we need to stand up against the wall and bring justice.
False,1.4000763294596936,1,0,0,Clean,4,1,0.2465781420469284,0.7534218430519104,train,Macanny yang sama
False,1.4000736704639878,1,0,0,Clean,4,1,0.2465787976980209,0.7534211874008179,train,they are ramping up discontent for  elections...dont let them fool you.
False,1.3993989371578452,1,1,1,Clean,2,0,0.753254771232605,0.246745228767395,train,had dna white as a snow the way you write i see hominids smarts
False,1.3986303359391437,1,0,0,Clean,5,1,0.2469349503517151,0.7530650496482849,train,not with trump in the office. hes worthless
False,1.3975508129847332,1,1,1,Clean,3,0,0.752798318862915,0.2472016662359237,train,hillary clinton will be potus..oops!
False,1.395452099872846,1,1,1,Clean,5,0,0.7522789835929871,0.2477210164070129,train,di UIN kalau dosen waras malah ga dikasih jam ngajar. Btw mahasiswa  juga banyak yang eror. emang kampus aneh itu
False,1.3931330657436316,1,0,0,Clean,3,1,0.2482961565256118,0.7517039179801941,train,yang anak nya donk kelemahan orang tua tuh anak nya
False,1.3915600252835327,1,1,1,Clean,3,0,0.7513129711151123,0.2486870437860489,val,she is hungery
False,1.391514188046162,1,0,0,Clean,2,1,0.2486984431743621,0.7513015866279602,train,common blacked on get em high
False,1.391327625207105,1,1,1,Clean,1,0,0.7512551546096802,0.2487448453903198,train,do you need evidence that progressives are intellectually superior to the rest of us?here you go  front hole
False,1.3909635265301263,1,0,0,Clean,2,1,0.2488354295492172,0.7511646151542664,train,degenerative behavior creeps onto our sovereignty and justice system
False,1.390800895899079,1,0,0,Clean,2,1,0.2488759011030197,0.7511240839958191,train,"Enak emang jadi Lurah, Camat, Bupati, Walikota bahkan Gubernur. Jalan rusak yg salah Presiden sama Wapres 😅😂🤣"
False,1.3885071265227202,1,0,0,Clean,5,1,0.2494474202394485,0.7505525946617126,train,reza rahadian : TAU KAN KENAPA GUE MULU
False,1.3875180776571516,1,0,0,Clean,2,1,0.2496942579746246,0.750305712223053,train,i tried to google but always got links of children of bodom metal band .
False,1.3875064405872837,1,1,1,Clean,3,0,0.7503028512001038,0.2496971637010574,train,noor was on the force so that the city could say they werent xenophobic.
False,1.3874319068742451,1,0,0,Clean,1,1,0.2497157752513885,0.7502841949462891,train,the liberals have sunk to an all new low....how tragic!!
False,1.3870258583808923,1,0,0,Clean,4,1,0.2498171925544738,0.7501828074455261,train,user get this white ass shit
False,1.386524282664722,1,1,1,Clean,2,0,0.7500574588775635,0.2499425262212753,train,sakit banget dosen nya
False,1.3862570493083557,1,0,0,Clean,2,1,0.2500093281269073,0.7499906420707703,train,grandma macon is a rinky dink mosquitofilled copinfested swamp. lmao
False,1.3857958329475215,1,1,1,Clean,5,0,0.7498753666877747,0.2501246631145477,train,what will germans will give us? gun control ?
False,1.3843254135857577,1,0,0,Clean,1,1,0.2504927217960357,0.7495072484016418,train,Baby face begini dibilang aki akiðŸ˜­
False,1.3837392775647284,1,0,0,Clean,3,1,0.2506395876407623,0.7493604421615601,val,she is not at all bothered by this invasion of her space.
False,1.3819646489357442,1,1,1,Clean,5,0,0.7489152550697327,0.2510847747325897,train,tidak ngumpul bareng mami isa gembrot disana
False,1.38152984769441,1,0,0,Clean,1,1,0.2511939704418182,0.7488060593605042,train,"its all a farce, trump is just like every other president, a willing puppet."
False,1.3806311774949658,1,1,1,Clean,3,0,0.7485801577568054,0.2514198124408722,train,user can i argue with you about how traps are gay
False,1.3795726179716907,1,1,1,Clean,3,0,0.7483139038085938,0.2516860961914062,train,OMG HIIII
False,1.3795645660777076,1,1,1,Clean,3,0,0.7483118772506714,0.2516881227493286,train,hp doang iphone tp rumah mau ambruk
False,1.3781815499738788,1,1,1,Clean,5,0,0.747963547706604,0.252036452293396,val,mungkin elo kenapan sama orang prindavan gak ci?
False,1.376838939722662,1,0,0,Clean,2,1,0.252375066280365,0.7476249933242798,val,who needs courts when you have clairvoyant liberals.
False,1.3762142162357376,1,0,0,Clean,1,1,0.2525327801704407,0.7474672198295593,train,semangat bg lu sendirian kok
False,1.375671028811871,1,0,0,Clean,1,1,0.2526699900627136,0.7473300695419312,train,this is disgusting to say the least.
False,1.3752364789936258,1,1,1,Clean,3,0,0.7472201585769653,0.2527798116207123,train,hysterical liberals following don jr. no facts just liberal mouthpieces.
False,1.3748588040124023,1,0,0,Clean,4,1,0.2528752982616424,0.7471246719360352,train,Meluruskan= membelokan ?🤪 #paham🤣
False,1.3732609226870598,1,0,0,Clean,4,1,0.2532796859741211,0.7467203140258789,train,youre part of the problem! no more regressive liberals. draintheswamp url
False,1.373058440580474,1,1,1,Clean,3,0,0.7466690540313721,0.2533309757709503,train,with democrats sociability quotient its no wonder democrats think about gun control all the time!
False,1.372734977837268,1,0,0,Clean,3,1,0.2534129321575165,0.7465870976448059,train,"Aku,seorang ibu aku memg nggak suka sesana murid lagak suruh belajar malah ngebuli orang,atau sesama teman.aduh nak tugas kalian itu cuma suruh belajar ,bukan suruh ngelawan,bukan suruh ngajar teman bukan suruh bolos.cuma belahar.klau sudah kejadian kamu ngejahatin temen di labrak yg ada org tua ama org tua pun jadi berantem kan.ingat orang tua nyekolahi kamu itu bukan sikit duit,untuk byk hal keperluan mu."
False,1.3720095080385,1,1,1,Clean,3,0,0.746403157711029,0.2535968422889709,train,i support jahs blessings on his hussle ....he is d bomb
False,1.3711537519757648,1,1,1,Clean,3,0,0.7461860775947571,0.2538139522075653,train,i got sloppy seconds after some muslims used this girl .
False,1.37058549300859,1,0,0,Clean,2,1,0.2539582252502441,0.7460417747497559,train,Ga cuma magrib. Ini malah isyak bnget
False,1.3693409360248734,1,0,0,Clean,4,1,0.2542744874954223,0.7457255125045776,train,you losing   and thats what u trying to do? stupid yardie
False,1.3688820652934537,1,1,1,Clean,3,0,0.7456088662147522,0.2543911933898926,train,pikmi girl cabang klaten lewat nich
False,1.3682220170424038,1,1,1,Clean,2,0,0.7454408407211304,0.2545591592788696,train,the harder i work the more i get prison shower raped by my government u middle class
False,1.3680698320994755,1,1,1,Clean,1,0,0.7454021573066711,0.2545979022979736,train,username tolol tidak hubungan nya keguguran dengan pakai hijab syar i yang kamu bilang bayi nya kepanasan didalem tidak hubungan nya woyyyy otak jempol kamu tidak singkron sih ya nulis komentar
False,1.3676940345126685,1,0,0,Clean,1,1,0.2546935975551605,0.7453063726425171,val,niggas get a knew outlook on life and think it okay to rekindle shit
False,1.3673837656280303,1,1,1,Clean,4,0,0.7452273964881897,0.2547726333141327,train,Money laundry ada di korea juga 😂
False,1.3637224552011211,1,0,0,Clean,4,1,0.2557071447372436,0.7442928552627563,train,draft drinking game chug a beer everytime you see a black woman crying.
False,1.3616046793378107,1,1,1,Clean,5,0,0.7437507510185242,0.2562492489814758,train,give him a shot chris. han is a nasty h player  and he is my bb
False,1.361386404144722,1,0,0,Clean,2,1,0.2563051879405975,0.7436947822570801,train,babi malas sekali kamu
False,1.360863876902858,1,1,1,Clean,5,0,0.7435608506202698,0.2564391493797302,train,joe is just singing the old liberal bullshit song and misrepresenting facts as usual.
False,1.359630424403962,1,0,0,Clean,5,1,0.2567556500434875,0.7432443499565125,train,i bet overtly was invented by jews
False,1.3586307257848618,1,1,1,Clean,4,0,0.7429875731468201,0.2570124566555023,train,"unfoll ah, udah ga menarik wkwk"
False,1.3568407972840928,1,0,0,Clean,1,1,0.2574729025363922,0.7425271272659302,train,babi termasuk mamalia omnivora
False,1.3563360260162214,1,1,1,Clean,2,0,0.742397129535675,0.2576029002666473,train,look at all the shootings of muslimes in canada
False,1.3560545895594591,1,1,1,Clean,5,0,0.7423245906829834,0.2576754093170166,train,high time they get back to mother affika and fix that mess .
False,1.355132870148323,1,1,1,Clean,1,0,0.7420870065689087,0.2579130232334137,train,i think he is on crack!
False,1.3546380840777488,1,1,1,Clean,5,0,0.741959273815155,0.2580406665802002,train,senyum logo arsenal wk
False,1.3545791835292291,1,1,1,Clean,5,0,0.7419441342353821,0.2580558657646179,train,"Gw aja yg bukan siapa siapa ngerasa sakit pada korban buliyying apalagi orangtuannya,"
False,1.3542071508234714,1,0,0,Clean,2,1,0.2581518888473511,0.7418481111526489,train,bisa aja hasil dna nya dipalsuin wkwk jaman skrng kalo punya duit apa aja bisa dipalsuin kanðŸ˜‚
False,1.3537749030562494,1,1,1,Clean,4,0,0.7417364716529846,0.258263498544693,train,meet user he is a little lefty nazi like you you number will get along great
False,1.3533867895242482,1,0,0,Clean,4,1,0.2583637535572052,0.7416362166404724,train,day number today in gym we won a game of mattball cause of my retarded ass
False,1.3531380099930106,1,0,0,Clean,2,1,0.2584280371665954,0.7415719628334045,val,Tapi emg lintang mantep bgt sih
False,1.352463260642318,1,0,0,Clean,2,1,0.2586024701595306,0.7413975596427917,train,babi kotor bau
False,1.3523212904016697,1,1,1,Clean,2,0,0.7413607835769653,0.2586391866207123,train,come together as humans means join the african and muslim rapists talk about a dog whistle
False,1.3486221966827951,1,0,0,Clean,2,1,0.2595976889133453,0.7404022812843323,train,relawan itu baiknya kalo gak bubar dipidanakan saja karna bikin fitnah kisruh dengan buzer2nya
False,1.3483741404249814,1,1,1,Clean,4,0,0.7403379082679749,0.2596620917320251,train,user user the rest of the world thinks you  re a racist homophobic sex criminal
False,1.3479609265012629,1,1,1,Clean,4,0,0.7402305603027344,0.2597694098949432,val,ga ada positive positive nya
False,1.347367051311828,1,0,0,Clean,1,1,0.2599237263202667,0.7400763034820557,train,very adult response for a bigot.
False,1.3467236832274558,1,0,0,Clean,2,1,0.2600910067558288,0.7399089932441711,train,only god will ever ask them to answer for their misdeeds.
False,1.3463376089779482,1,1,1,Clean,3,0,0.7398085594177246,0.2601914405822754,train,Semoga bener Aamiin 😁
False,1.3458326151971904,1,0,0,Clean,1,1,0.2603228688240051,0.7396771311759949,train,Kalo aku bacanya sih emang kamu yang ngetik ga jelas wkwkwk
False,1.3446969105075062,1,1,1,Clean,2,0,0.7393813133239746,0.2606186866760254,train,police state tyrant liberals love the word dangerous when gaslighting their sheep.
False,1.3446333327007134,1,1,1,Clean,1,0,0.7393648028373718,0.2606352567672729,train,kim kardashian is a negress by now anyway
False,1.3440010907533255,1,1,1,Clean,5,0,0.7391999363899231,0.2608000934123993,train,saya cewek murahan postingan
False,1.3438902524085383,1,1,1,Clean,2,0,0.739171028137207,0.2608290016651153,train,kata gua sih emang udah di setting dari awalðŸ˜†
False,1.3437347566352025,1,0,0,Clean,3,1,0.260869562625885,0.7391303777694702,train,melo not with the shits
False,1.3421218153165333,1,1,1,Clean,1,0,0.7387093305587769,0.2612906694412231,train,we have number million invaders and refugees work hard for them
False,1.3402032603633691,1,0,0,Clean,1,1,0.2617924511432647,0.7382075190544128,train,she is buttering the media up...  guilty...
False,1.3392376846637286,1,1,1,Clean,3,0,0.7379546761512756,0.2620453536510467,train,do you likelove louis farrakhan because he is a racist or an anti semite? which one?
False,1.3378094647342402,1,0,0,Clean,5,1,0.2624198794364929,0.7375801205635071,train,listen if n and chungha ever collabed the gays would die
False,1.336631330227091,1,1,1,Clean,3,0,0.7372707724571228,0.2627292275428772,train,haha true.  back to your original point... if we all just fucking drive everything would be fine!
False,1.3347188547230262,1,0,0,Clean,5,1,0.2632321715354919,0.7367677688598633,train,actually they were white people and no one cares
False,1.3340241709272955,1,0,0,Clean,2,1,0.2634150981903076,0.7365849614143372,train,kesalahan ceroboh
False,1.3332378299444765,1,1,1,Clean,2,0,0.7363777160644531,0.2636223137378692,train,lol you are being mean.
False,1.330660464408825,1,0,0,Clean,4,1,0.2643026411533355,0.735697329044342,train,mirip banci deh nenek2 punya cucu mau operasi mua top tetap saja kalau asli nya tidak cantik dalam
False,1.3303496380258548,1,1,1,Clean,5,0,0.7356151938438416,0.2643848061561584,train,Bagus... Orangtua WAJIB BERTINDAK kalo anaknya di bully anak lain. Sekolah tidak bisa berbuat banyak utk mencegah kalau sudah terjadi pembullyan.
False,1.3302650991397766,1,1,1,Clean,2,0,0.7355928421020508,0.2644071578979492,train,Lucu
False,1.3298293300283015,1,1,1,Clean,2,0,0.7354776263237,0.2645224034786224,train,only white people will preserve our whiteculture and europeanheritage tradlife altright
False,1.329469318638321,1,1,1,Clean,2,0,0.7353823781013489,0.2646176517009735,train,user fought nazis only to come home and support a nazi makes sense  propaganda
False,1.329450623214037,1,0,0,Clean,4,1,0.2646225988864898,0.7353774309158325,train,user user mr jihadi rapist of number year old and protector mass killer osama hiw do you do
False,1.329180029197716,1,0,0,Clean,2,1,0.2646942138671875,0.7353057861328125,train,he is spending your contributions. vote ted cruz!!!!
False,1.3286161047459446,1,1,1,Clean,2,0,0.7351565361022949,0.2648435235023498,train,@Soskqjqoekf not their first time
False,1.3285518532997445,1,1,1,Clean,4,0,0.7351394295692444,0.2648605406284332,train,it happens again!! black pack beats whitey. this should make national news.
False,1.327785992455403,1,0,0,Clean,3,1,0.265063464641571,0.734936535358429,train,apparently im a honky. pfft. like thats a bad thing.
False,1.326731012488477,1,0,0,Clean,4,1,0.2653432488441467,0.734656810760498,train,"Pelaku akan Berubah raut mukanya jika terasa pedih , dan nafas susah di tarik. Karena itu kejiwaan"
False,1.3263784020672296,1,1,1,Clean,5,0,0.7345631122589111,0.2654368281364441,train,idungnya.. ????
False,1.3258327748026368,1,0,0,Clean,2,1,0.2655816972255707,0.7344182729721069,train,because she is a woman??. uh..wasnt her opponent a woman...not getting your ill formed point here.
False,1.324502562371363,1,1,1,Clean,5,0,0.7340648174285889,0.2659352123737335,val,Cik vilmei aku jugak sering di ejek hitam sama temen temen aku
False,1.3241132084782137,1,1,1,Clean,5,0,0.7339612245559692,0.2660387754440307,train,muslimes say trust us not
False,1.3238157210352317,1,1,1,Clean,3,0,0.7338820695877075,0.2661179304122925,train,dasar gilaaa
False,1.3234421949808055,1,1,1,Clean,2,0,0.7337827086448669,0.2662173509597778,train,note to self do not sell to muslimes or immigrants or illegals
False,1.323374916897008,1,1,1,Clean,1,0,0.7337647080421448,0.2662352621555328,train,and the plastic surgery of a tranny.
False,1.3231350586707606,1,1,1,Clean,5,0,0.7337009310722351,0.2662991285324096,train,"Kalo cuman nonaktif berapa bulan ya gk ada apa2 nya, tabungannya masih banyak"
False,1.3231098785729074,1,1,1,Clean,1,0,0.7336941361427307,0.2663058340549469,train,who still argue in number that  ghetto
False,1.3223596906551496,1,1,1,Clean,2,0,0.7334943413734436,0.2665056884288788,train,"#ILCBoedionoCentury ketika ini terjadi, saya ikuti kasus ini cukup intens. Meski sekarang agak lupa...; Tapi kuncinya kita cuma butuh 2019 Ganti Presiden! Itu..."
False,1.321025599596955,1,1,1,Clean,5,0,0.7331385612487793,0.2668614685535431,train,endemik ini habitatnya di got kalo naik pangkat di kantor dpr pake kemeja sama dasi
False,1.3209335818772256,1,1,1,Clean,3,0,0.7331139445304871,0.2668860256671905,train,"oh look, madwomen anna soubry changes her tune from . now she thinks boris must go."
False,1.319538050430501,1,1,1,Clean,1,0,0.7327412366867065,0.267258733510971,train,i m surprised they re not holding the gun back to front .
False,1.319005837963721,1,1,1,Clean,3,0,0.7325989603996277,0.2674010097980499,train,absolutely! and...he should be nailed to the wall!
False,1.319003051672741,1,1,1,Clean,1,0,0.7325982451438904,0.2674017548561096,train,this guy is a french jew which explains a lot.
False,1.3183455926395555,1,0,0,Clean,5,1,0.2675776183605194,0.732422411441803,train,najis muakk menjijikan pelakor jijik
False,1.317520063882727,1,0,0,Clean,3,1,0.2677986025810241,0.7322013974189758,train,all you gotta say is fuck me then it gon always be fuck you too
False,1.3162733216828402,1,1,1,Clean,4,0,0.7318673133850098,0.2681326866149902,train,"there will always be survivors , the juden will never let go of the holahoax"
False,1.315599438196955,1,1,1,Clean,3,0,0.7316865921020508,0.2683134377002716,train,cakap kaga jelek iya hahah
False,1.3150766441775463,1,1,1,Clean,5,0,0.7315462827682495,0.2684537470340729,train,neither does antifa or black lives matter or any other soros funded groups
False,1.3144964274856328,1,1,1,Clean,3,0,0.7313904166221619,0.2686095535755157,train,kalo adek gua berani di bully sama temannya kayak gini. parang panjang gua bawa dari rumah ke sekolah
False,1.313828174993097,1,1,1,Clean,3,0,0.7312108874320984,0.2687891125679016,train,and again you are proving... your a dog!
False,1.313376234760125,1,0,0,Clean,3,1,0.2689106166362762,0.7310893535614014,train,Emang mantap sih lintang
False,1.312008910599194,1,0,0,Clean,4,1,0.2692785561084747,0.7307214736938477,train,trans women are women and if you disagree fuckin unfollow me
False,1.3111184865147776,1,1,1,Clean,1,0,0.7304815649986267,0.2695184350013733,train,want a libtard to support white nationalism ?
False,1.3108466166170554,1,1,1,Clean,3,0,0.7304083108901978,0.2695917189121246,train,you still have not addressed your solution to make schools safer....you just preach more gun control...what are your solutions???
False,1.309881903802829,1,1,1,Clean,1,0,0.7301480770111084,0.2698519229888916,train,Less Bathing Bay
False,1.309191122242224,1,1,1,Clean,4,0,0.729961633682251,0.2700383961200714,train,possibly the single best refutation of islam as a religion that i have ever come across
False,1.309159558843051,1,0,0,Clean,2,1,0.2700469195842743,0.7299531102180481,train,it irritates the hell out of me .
False,1.3081499454806502,1,1,1,Clean,2,0,0.7296803593635559,0.2703197002410888,train,just dont be a white democrat and all will be fine.
False,1.306800423483495,1,0,0,Clean,5,1,0.2706847488880157,0.7293152809143066,train,bills nose looks like a flame thrower !!
False,1.3063387717218666,1,0,0,Clean,1,1,0.2708097398281097,0.7291902303695679,train,oh its coon bike week in charlotte ok makes sense now
False,1.3059239732925492,1,1,1,Clean,1,0,0.7290778756141663,0.2709220945835113,train,yes he is and the democrats hate it
False,1.3053438742151566,1,0,0,Clean,2,1,0.2710793018341064,0.7289207577705383,train,we owe hillbilly aggy a serious ass whipping a serious one
False,1.3046797304204885,1,1,1,Clean,4,0,0.7287405729293823,0.2712593972682953,val,women can not handle the bantz they are women you do not bantz women that gay
False,1.3043790709942231,1,1,1,Clean,3,0,0.7286590337753296,0.2713409662246704,train,hope the tiny anti american fraction of the usa can support those nfl contracts.
False,1.3037269826167128,1,0,0,Clean,5,1,0.2715179622173309,0.7284820675849915,train,user its human violence stupid address the human
False,1.3026157124468345,1,0,0,Clean,5,1,0.2718198597431183,0.7281801104545593,val,"her loss had nothing to do with race or with her being a woman. she is probably the greatest woman tennis player of all time. she has also, always been a temperamental, pampered multimillionaire, and a sore loser. serena, you have a great life. please stop bullying people."
False,1.302504543692551,1,0,0,Clean,5,1,0.2718500792980194,0.728149950504303,train,you arent free of adultery until she is begging for the d and you refuse.
False,1.3017331712892797,1,0,0,Clean,3,1,0.2720598578453064,0.7279401421546936,train,udah kasian bjirrr pen ikut buli tp komenny bgni semua ??
False,1.3017191498509382,1,0,0,Clean,5,1,0.272063672542572,0.727936327457428,train,another libtard that expects to see mayhem on the streets as only evidence of failing communitycountry.
False,1.301069997285398,1,1,1,Clean,4,0,0.7277597188949585,0.2722403407096863,train,never too early for you to get raped triggy
False,1.3000916990468003,1,1,1,Clean,3,0,0.727493166923523,0.2725068032741546,train,ini mah bu cinta lebih ke ketawa ngikngik sih liat lawannya modelan begini😭🙏
False,1.2995431723825184,1,1,1,Clean,5,0,0.7273436784744263,0.2726563215255737,train,"man who roundhousekicked prolife woman identified, gets fired  newswars"
False,1.2993719082797932,1,0,0,Clean,1,1,0.2727030217647552,0.7272969484329224,train,sixten just shoved like  oreos down his throat
False,1.2991039776023026,1,0,0,Clean,4,1,0.2727760970592499,0.7272239327430725,train,he is! its his first regression too xd
False,1.298484471642845,1,1,1,Clean,3,0,0.7270548939704895,0.2729451358318329,train,CRAZYNESS!!!
False,1.2971531559453315,1,1,1,Clean,3,0,0.7266911864280701,0.2733087539672851,train,this nigga is everywhere  ..i cant escape his spews..its now time
False,1.2970513152565737,1,0,0,Clean,4,1,0.2733365893363952,0.7266634106636047,train,"leftist, globalist and pedophiles. reporting truth"
False,1.2963029844428806,1,1,1,Clean,3,0,0.726458728313446,0.2735412120819092,train,"minimal ganteng sama tinggi dulu baru nyakitin orang, muka pas pasan nyakitin ga kira kira ,ih di selingkuhin orang jelek sakitnya double sakit hati dan mata anj"
False,1.2948153982818094,1,1,1,Clean,4,0,0.7260515689849854,0.2739484310150146,train,of course it a sheboon
False,1.294203000186955,1,0,0,Clean,1,1,0.2741162478923797,0.7258837819099426,train,then send this one to your teabagger friends  and watch their heads explode
False,1.29181485143983,1,0,0,Clean,1,1,0.2747716605663299,0.7252283692359924,train,eh dia ga punya manager yang ngontrol dia kah?
False,1.2916549910234447,1,0,0,Clean,3,1,0.2748155891895294,0.7251843810081482,train,ga sebanding sm konten klo belanja wahh bayar gaji syulit ??
False,1.291490819068894,1,0,0,Clean,3,1,0.2748607099056244,0.725139319896698,train,white babies are by far our nation s most precious resource .
False,1.290879586052864,1,0,0,Clean,1,1,0.2750287652015686,0.7249712347984314,train,shes homophobic and transphobic and really rude
False,1.2901193993469924,1,0,0,Clean,3,1,0.2752379179000854,0.7247620820999146,train,isu pahlawan nasional bisa memancing mereka keluar . mantap pak prabowo
False,1.2897451509450748,1,0,0,Clean,5,1,0.2753409445285797,0.7246590256690979,train,pak Harto lebih pantas jadi pahlawan nasional
False,1.28952014969006,1,0,0,Clean,2,1,0.2754029035568237,0.7245970368385315,train,user i just saw your ghetto gaggers video why did you change your name from harmony rose
False,1.2895082462717988,1,1,1,Clean,3,0,0.7245938181877136,0.2754061818122864,train,Jelas dicintai wkwk
False,1.2894028530950978,1,1,1,Clean,3,0,0.724564790725708,0.275435209274292,train,user lol sheesh some of these hoodrats are ghetto fine
False,1.2884104946918449,1,0,0,Clean,5,1,0.2757086753845215,0.7242913842201233,train,they are all getting exposed for who they are!
False,1.2874040021036046,1,1,1,Clean,5,0,0.7240136861801147,0.2759863138198852,train,yep. they had to produce this article to shut up the liberals.
False,1.2860567200719215,1,1,1,Clean,3,0,0.7236416339874268,0.2763583958148956,train,kasihan ya nagita suami kerjaannya berzinah
False,1.2859589145231851,1,1,1,Clean,3,0,0.7236145734786987,0.2763854265213012,train,modelan kaya gitu dipercaya aja udah ngakak 😭
False,1.2859188029958817,1,0,0,Clean,2,1,0.2763965129852295,0.7236034870147705,train,"""hanya bisa melihat hujatan klean kasian si listy kontrak nya d copot , di hujat memang dunia sgt kejam"""
False,1.2852644144708825,1,1,1,Clean,4,0,0.7234225869178772,0.2765774428844452,train,"Bener banget, bahkan orang2 yg biasa aja, bukan orang kaya ataupun punya kedudukan bisa menghasilkan anak yg nakal karena selalu dilindungi, kasus terbaru Taufik Hidayat yg nyiksa pacarnya, bahkan untuk contok kecil disekitar kita juga banyak, kaya anak kecil yg nakal ringan tapi terus dibela sama orangtuanya."
False,1.2841089896968607,1,1,1,Clean,5,0,0.7231028079986572,0.2768971920013428,train,kek gerah banget liat nya😭
False,1.2837320344117438,1,1,1,Clean,5,0,0.7229984402656555,0.2770015895366668,train,ban abortion for white women
False,1.2837053526971622,1,0,0,Clean,2,1,0.277008980512619,0.7229910492897034,train,someone please come claim me  this single shit ghetto
False,1.2836972837704537,1,0,0,Clean,2,1,0.2770112156867981,0.7229888439178467,train,senseless  gun control now! vote blue and end this american nightmare.
False,1.2836798551109592,1,0,0,Clean,1,1,0.2770160436630249,0.7229839563369751,train,jijik liatnya suer deh minceeee
False,1.2832324083679407,1,1,1,Clean,2,0,0.7228599786758423,0.2771400213241577,train,donald trump is a fucking joke
False,1.2831247713724745,1,1,1,Clean,1,0,0.7228301763534546,0.2771698534488678,val,"""Biarkan @sk69official bangkrut aja. CEO nya gatau trimakasih haha"""
False,1.2822770914972743,1,1,1,Clean,2,0,0.7225950956344604,0.2774049043655395,train,gampangan bgt
False,1.2820955469306463,1,1,1,Clean,3,0,0.7225446701049805,0.2774552702903747,train,tua bukannya ingat umur malah betingkah
False,1.281753387432656,1,1,1,Clean,2,0,0.722449779510498,0.2775502204895019,train,dam white slave owners
False,1.2809694181467668,1,1,1,Clean,5,0,0.7222321033477783,0.2777678966522217,train,user you forgot to mention illegal muslim refugee
False,1.2798202284552191,1,0,0,Clean,2,1,0.2780872881412506,0.7219127416610718,train,black violence is wildly out of proportion
False,1.2797637520139444,1,0,0,Clean,1,1,0.2781029939651489,0.7218970060348511,train,mawar pun ga akan kasih apalagi singa bang??
False,1.2795750559572443,1,0,0,Clean,4,1,0.2781554758548736,0.7218445539474487,train,trump you damn elephant im sending you back to africa for being a illegal immagrant
False,1.279310662784633,1,0,0,Clean,1,1,0.2782290279865265,0.7217709422111511,train,lake show fuck corey harris
False,1.2787668839733382,1,0,0,Clean,2,1,0.2783803641796112,0.7216196060180664,train,Ada yg bisa menjelaskan kronologiny seperti apa ? Harus melihat dari kedua belah pihak mungkin yg di bully dan yg membulily ada kontak non fisik atau fisik sebelumny
False,1.278352448556983,1,1,1,Clean,2,0,0.7215042114257812,0.2784957587718963,train,U also got Rick rolled hehe
False,1.2773190350498065,1,1,1,Clean,3,0,0.7212162613868713,0.2787837088108063,train,it was a nail biter
False,1.2769305245455431,1,1,1,Clean,1,0,0.7211079597473145,0.2788920402526855,train,"emang minta untuk di nepalkan dpr itu , apalagi si puan"
False,1.2759928429171925,1,0,0,Clean,3,1,0.2791536748409271,0.7208463549613953,train,"Kak sangking lucu nya aku gak bisa ngakak, malah ngikngikkkðŸ˜…ðŸ˜…ðŸ˜…"
False,1.275700898151495,1,1,1,Clean,2,0,0.7207648158073425,0.2792351841926574,val,well how else will white ppl get us to forget our horrific past other than to paint a pretty picture of ho;
False,1.2744108507112044,1,0,0,Clean,4,1,0.2795956432819366,0.720404326915741,train,there was once a convaluted theory nixon was deep throat.
False,1.274141745161535,1,0,0,Clean,4,1,0.2796708941459656,0.7203291058540344,train,"indeed they are, as are most libbies."
False,1.2740949654866027,1,0,0,Clean,2,1,0.2796839773654938,0.7203160524368286,train,pagan christian orthodox feminist nazi russian communism
False,1.2739438788881228,1,0,0,Clean,3,1,0.2797262370586395,0.7202737927436829,train,hahahahahahahahaha kena deh hehehehe
False,1.2738634436428466,1,1,1,Clean,2,0,0.7202512621879578,0.2797487378120422,train,"""keknya dia ngeliat masa depan yang hancur deh"""
False,1.2714531772915,1,0,0,Clean,2,1,0.2804238200187683,0.7195761799812317,train,sini duet sm sy kaa
False,1.2704344032852075,1,1,1,Clean,1,0,0.7192903757095337,0.2807096540927887,val,religion islam has sunnah the verbal teachings of the pedophile mohammad. the teutonic people have sunna the sun goddess. ours is hotter and she doesnt suggest we rape children.
False,1.2702755888895378,1,1,1,Clean,1,0,0.7192457914352417,0.2807542383670807,train,user is that why you invite uninoculated and illegal immigrants to run roughshod in wa
False,1.2697339412806683,1,1,1,Clean,3,0,0.7190936803817749,0.2809063494205475,train,remember only the white supremacists are responsible for violence
False,1.2696208520629153,1,1,1,Clean,4,0,0.7190618515014648,0.2809381186962127,train,mba behelnya yang kw yah
False,1.2696032426976178,1,0,0,Clean,2,1,0.2809430658817291,0.7190569639205933,train,nobody does racism like the
False,1.269087616738352,1,1,1,Clean,2,0,0.7189120650291443,0.2810879647731781,train,"if you cant laugh at this,you might be a liberal progressive."
False,1.2678061730392247,1,1,1,Clean,1,0,0.7185516357421875,0.2814483940601349,train,gun control! that is all these kids are asking for!
False,1.26776011233343,1,1,1,Clean,3,0,0.7185386419296265,0.2814613580703735,train,now do one of vox as a moslem woman getting stoned to death
False,1.267494484054028,1,1,1,Clean,1,0,0.7184638381004333,0.2815361320972442,train,if u can read this ure gay and also ilu
False,1.2674542595377092,1,1,1,Clean,2,0,0.718452513217926,0.2815474569797516,train,user ching chong oil
False,1.2658875039179385,1,0,0,Clean,1,1,0.2819889187812805,0.7180110812187195,train,i wonder if theyll put barbara bush in a jar too.
False,1.2656971812792783,1,1,1,Clean,1,0,0.7179574370384216,0.2820425927639007,train,tell them we ll legalize drugs and pedophilia .
False,1.2656862977369328,1,1,1,Clean,2,0,0.7179542779922485,0.2820456624031067,train,satan has said no muslim must ever say jesus is the son of god
False,1.264040443012164,1,0,0,Clean,1,1,0.2825102508068084,0.7174897193908691,train,funny i compare pediphiles and their protectors to satan
False,1.2610077460018447,1,1,1,Clean,5,0,0.7166316509246826,0.283368319272995,train,"cnns van jones if teachers are armed, theyll start shooting minority kids"
False,1.2602380803962074,1,0,0,Clean,5,1,0.2835865020751953,0.7164134979248047,train,cewex cntik cowox mmmmhh hehe
False,1.2597959562092678,1,1,1,Clean,4,0,0.716288149356842,0.2837119102478027,train,the clinton crime family  part
False,1.259724738701831,1,1,1,Clean,3,0,0.7162678241729736,0.2837321162223816,train,lmaooo hell naw nigga you must was playing school of blind and cripple
False,1.2575536750565282,1,1,1,Clean,1,0,0.7156512141227722,0.2843487858772278,train,apparently not in the us  this place is so ghetto
False,1.2569395778876051,1,1,1,Clean,3,0,0.7154765129089355,0.284523457288742,train,hateful fresno prof literally blaming her troubles on racism
False,1.2564752477336174,1,1,1,Clean,3,0,0.7153444290161133,0.2846556007862091,train,diversity is code word for white genicide!!!!
False,1.255531334818293,1,0,0,Clean,2,1,0.2849244177341461,0.7150755524635315,train,reminder that the jews control the media
False,1.2554983872142371,1,0,0,Clean,4,1,0.2849338054656982,0.7150662541389465,train,that movie even made george takai look like a badass.
False,1.2547432956164508,1,0,0,Clean,1,1,0.2851490378379822,0.7148510217666626,val,hiac why is it this match too with becky vs charlotte kinda sucky so far? they are taking shots back and forth and stumbling around like a drunk version of final fantasy or something.
False,1.2547006544475243,1,1,1,Clean,5,0,0.7148388028144836,0.2851611971855163,train,MANA NIH YANG MINTA DI SISAIN COWO SPEK BRAVY HAHAHAHAHA
False,1.253805714080688,1,1,1,Clean,3,0,0.7145834565162659,0.2854165136814117,train,"umurny berapa sih,maap keliatan tua"
False,1.2522896855214585,1,1,1,Clean,4,0,0.7141504287719727,0.2858495414257049,train,kucingnya mirip monyet..
False,1.2521055814769253,1,0,0,Clean,4,1,0.2859021723270416,0.7140978574752808,train,antisemitism is alive and well in the uk!
False,1.2502780562675957,1,1,1,Clean,1,0,0.7135748863220215,0.2864251434803009,train,"news jeff sessions if you want more death, listen to the aclu, antifa, black lives matter url cnbc"
False,1.2496592587526851,1,1,1,Clean,1,0,0.7133975625038147,0.2866024374961853,val,represents the majority vast majority there are a minority of jews that oppose the push for white genocide and call it out for what it is a threat to their own well being user
False,1.2495205525321331,1,0,0,Clean,5,1,0.2866421937942505,0.7133577466011047,train,the barbarians are at it again .
False,1.249509323784877,1,0,0,Clean,2,1,0.2866454124450683,0.7133545875549316,train,dia melakukan itu biar dilihat orang wahhh sultan bgt itu menurut dia padahal org lain ngelihatnya loe TEGA bgt
False,1.2494258399232308,1,1,1,Clean,5,0,0.7133306264877319,0.2866693437099457,train,"promotor judi online,....ðŸ˜ðŸ˜"
False,1.248360395524689,1,1,1,Clean,2,0,0.7130250334739685,0.2869749367237091,train,bang stop ngaca kita tau muka abang kotak kok
False,1.2482469978487836,1,1,1,Clean,2,0,0.7129925489425659,0.2870074808597564,train,"Mirip2 kaya diinduksi sih saya mah kak :') dulu pas masih kerja ga ngerti kenapa sakitnya sesakit itu. Buat duduk aja ga bisa, tiduran guling-guling di kasur sampai tiap pms suka ijin sehari ga masuk kantor. Katanya lagi gladiresik biar kita familiar sama namanya pembukaan pas lahiran 😭"
False,1.2480792094951236,1,1,1,Clean,3,0,0.7129443287849426,0.287055641412735,train,user he is infected with jihadi virus he will spread it to others
False,1.2478037072675638,1,1,1,Clean,3,0,0.7128652930259705,0.2871347367763519,train,hope they bankrupt soon
False,1.247764993557057,1,0,0,Clean,3,1,0.2871458530426025,0.7128541469573975,train,i feel this is racist against whites !
False,1.2468995678193209,1,1,1,Clean,4,0,0.7126054763793945,0.2873944640159607,train,user lol fuck you to nigga
False,1.2457199695687788,1,0,0,Clean,2,1,0.2877336740493774,0.7122663259506226,train,dont doubt a fat man
False,1.244335805218398,1,0,0,Clean,3,1,0.2881322205066681,0.7118678092956543,train,aku juga korban pembulian gays di kuliah nyampe aku kena anxiety. aku berharap tuhan yg adili semua
False,1.2441900790215294,1,0,0,Clean,1,1,0.2881742119789123,0.7118257880210876,train,kaloga cocok paksain
False,1.2438582665869136,1,1,1,Clean,3,0,0.7117301225662231,0.2882698476314544,train,"dia cuman baca teks, bukan minta maafðŸ˜"
False,1.243491529473256,1,0,0,Clean,2,1,0.288375586271286,0.7116244435310364,train,"ghosts , goblins , etc ..."
False,1.2434807815978473,1,0,0,Clean,5,1,0.2883786857128143,0.7116213440895081,train,the russians like bypassing the judicial system.
False,1.2429998290897903,1,0,0,Clean,3,1,0.288517415523529,0.711482584476471,train,"Sangat sedih dg kondisi negara kita saat ini. Banyak yg sdh tdk sesuai dg aturan yg sehrsnnya. Untuk jabatan penting dipemerintahan diisi oleh orang2 yg tdk jelas kompetensinya, sedangkan untuk di bawah (rakyat) terlalu banyak syaratnya yg tdk masuk akal."
False,1.2420208680008302,1,0,0,Clean,1,1,0.2888000011444092,0.7111999988555908,train,better off banning teabaggers and their anti american supporters
False,1.2413928224027289,1,1,1,Clean,4,0,0.7110185027122498,0.2889814376831054,train,rakyat Indonesia dan netizen wajib untuk tidak memaafkan Calista Amore 🤣🤣🤣 kawal sampe dia dpt efek jera yg setimpal
False,1.238325734900004,1,0,0,Clean,2,1,0.2898691296577453,0.7101308107376099,train,selagi tidak punya power tidak bakal bisa ngapa-ngapainðŸ˜‚
False,1.2380694548685158,1,0,0,Clean,5,1,0.2899434268474579,0.7100565433502197,train,itne me too liberals ko burnol khana padega....
False,1.2379774650206354,1,0,0,Clean,2,1,0.2899700999259949,0.7100298404693604,train,ouuua ita siana. alu polosi ho nifo namu tae.
False,1.2369428282253216,1,1,1,Clean,1,0,0.7097297310829163,0.2902702689170837,train,i don  t wanna go to your homophobic fucking prom anyway
False,1.2357175854052975,1,0,0,Clean,5,1,0.2906261384487152,0.7093738317489624,train,bust that ugly nigga eye out
False,1.2354546940106366,1,1,1,Clean,2,0,0.7092974185943604,0.2907025516033172,train,user you will be killed one day by our muslims inshaallah
False,1.235345518014055,1,0,0,Clean,4,1,0.2907342910766601,0.7092657089233398,val,"​​​ @RizkiYogga tolong Jangan bu, saya berjanji tidak akan mengulangi kesalahan lagi..."
False,1.2348072957127976,1,1,1,Clean,1,0,0.7091091871261597,0.2908908128738403,train,"if youre dumb, youll work for the government"
False,1.2342992632582634,1,1,1,Clean,4,0,0.7089613676071167,0.2910386323928833,train,it the illegal immigrants who poison the well for everyone steve wright
False,1.2341783363064422,1,0,0,Clean,3,1,0.2910738289356231,0.7089261412620544,train,diversity has become tribalism. culturalappropriation is lefts unwinding of america. url tcot conservatives
False,1.233143938604991,1,0,0,Clean,3,1,0.291375070810318,0.7086248993873596,train,a nigga really raped ody that shit is really irking my shit
False,1.232983778370778,1,1,1,Clean,3,0,0.7085782885551453,0.2914217412471771,train,no they really do not know to write paki and moslem
False,1.2318558152658694,1,0,0,Clean,5,1,0.2917506396770477,0.7082493305206299,train,thats just modelling. plenty of women make shit tons of money just for looking good
False,1.2312092106780796,1,1,1,Clean,3,0,0.7080606818199158,0.2919393479824066,train,there is not a single solitary syrian refugee anywhere because of the un
False,1.2310431338796832,1,0,0,Clean,1,1,0.2919878363609314,0.7080122232437134,train,the same leftwing lie. the economist seems a teenage antifa facebook post. url
False,1.2309745472080469,1,1,1,Clean,2,0,0.7079921364784241,0.2920078635215759,train,deranged and demented what a perfect match for the democratic party
False,1.2305343572682683,1,1,1,Clean,2,0,0.7078635692596436,0.2921364307403564,train,hes more qualified than all of you obama folks put together!
False,1.2284466570302943,1,1,1,Clean,3,0,0.7072530388832092,0.2927469611167907,val,i guess i gotta be a syrian refugee to go to russia
False,1.2283801823190876,1,0,0,Clean,5,1,0.2927664220333099,0.7072336077690125,train,liberal hypocrisy at its finest
False,1.2282552869645895,1,1,1,Clean,2,0,0.7071970105171204,0.2928029894828796,train,so this is how antifa finally dies? by commiting suicide? nice.
False,1.2278869009146427,1,0,0,Clean,5,1,0.2929108738899231,0.7070890665054321,train,cause it a grimy world and niggas bout shit
False,1.2264056703249082,1,1,1,Clean,3,0,0.7066549062728882,0.2933450639247894,train,"ngapain hi hi , org ga kenal😭"
False,1.225861270605073,1,1,1,Clean,5,0,0.7064951658248901,0.2935048043727875,train,"""Inget yg di potong itu masalah nya bukan hubungan nya, tapi kalo udah gini sembeleh aja orang nya :) udah terlanjur kecewa"""
False,1.2258505074791362,1,0,0,Clean,5,1,0.2935079634189605,0.706492006778717,train,ariel tatum : harus nyapu gmna lg gue😩
False,1.22545103376394,1,0,0,Clean,4,1,0.2936252355575561,0.7063747048377991,train,"muslim group slaughters  children in nigerian school, children burned alive, shot amp; slit throats tried escape.."
False,1.224797804175976,1,0,0,Clean,5,1,0.2938171029090881,0.7061828970909119,train,aku malah kasihan SM anaknya klo lihat berita² ini nanti
False,1.2243687393749814,1,1,1,Clean,1,0,0.7060568332672119,0.2939431965351105,train,the next person that fucks me over family friend whoever gone feel me
False,1.2242593476713155,1,1,1,Clean,1,0,0.7060246467590332,0.2939753532409668,train,why is anyone protecting these savages
False,1.2239096583692275,1,0,0,Clean,2,1,0.2940781712532043,0.7059218883514404,train,you can not go anywhere to avoid cars anymore niggas literally every fuckin where
False,1.2237723500667288,1,1,1,Clean,1,0,0.7058814764022827,0.2941185534000397,train,user paris is the ghetto i hated it there
False,1.2229266224698288,1,1,1,Clean,3,0,0.7056325674057007,0.2943674027919769,train,the last true bastion of bipartisanship is criticizing the black muslim refugee congresswoman
False,1.222564748073949,1,0,0,Clean,4,1,0.2944739460945129,0.7055261135101318,train,the epic unleashing of trumps wrath is soon to be seen  banned videos
False,1.2215329865208149,1,1,1,Clean,5,0,0.7052220702171326,0.2947779297828674,train,anyone willing to donate weapons to help clear out prison muslim population?
False,1.2213094773480475,1,1,1,Clean,5,0,0.7051562070846558,0.2948438227176666,train,i considered it being  ethnically cleansed  from my childhood home
False,1.2206340978837185,1,0,0,Clean,5,1,0.295043021440506,0.7049569487571716,train,thick women are only fat women who fat is in places that men like fat
False,1.2192754254749707,1,1,1,Clean,4,0,0.7045558094978333,0.2954441606998443,train,to be clear number of women are begging for it the other number are lesbians
False,1.219122110352887,1,1,1,Clean,1,0,0.704510509967804,0.2954894602298736,train,christine ford is being used as a pawn by the democrats and nothing more.
False,1.2184194814747902,1,1,1,Clean,1,0,0.7043028473854065,0.2956971526145935,train,i think she really knows now but she is in denial!!
False,1.217252650052872,1,1,1,Clean,3,0,0.7039576172828674,0.2960423827171325,train,something about black  and the old favorite  once you go black you never go back
False,1.217074783559476,1,1,1,Clean,1,0,0.7039049863815308,0.2960950434207916,val,"the only thing nonislamic about islamic terrorism is the technology used... islam froze  years ago  mohammed was considered perfect, what need to change?"
False,1.2169228117909083,1,1,1,Clean,4,0,0.7038599848747253,0.296140044927597,train,user do not treat them jihadi arrest them and shoot them
False,1.2164829283629832,1,0,0,Clean,3,1,0.296270340681076,0.7037296295166016,train,ahhh mandela ....... all those years in prison were not wasted .
False,1.2158208521608205,1,0,0,Clean,1,1,0.2964665591716766,0.703533411026001,train,"it always turns ugly eventually , and then the thread will be locked ."
False,1.2155836411262186,1,1,1,Clean,4,0,0.703463077545166,0.2965368926525116,train,slut you could not afford a fucking money wedding cheap ass crossbreed wetback gorilla zoo animal
False,1.2139066774786995,1,0,0,Clean,5,1,0.2970345914363861,0.7029654383659363,val,user surprise fucking surprise he deletes his offensive tweets once again to hide his tracks so his moron followers will claim it was fake news made by the secret plot to kill all white people
False,1.2133342418669626,1,0,0,Clean,5,1,0.2972046732902527,0.7027953267097473,train,chanhun and kyungsoo teasers today hoes
False,1.212906357944899,1,0,0,Clean,3,1,0.2973318696022033,0.7026681303977966,train,if you insist on being a white person at least have the decency to be a communist
False,1.212698597515879,1,1,1,Clean,4,0,0.7026063203811646,0.297393649816513,train,woila ga butuh penonton apa yaa😌
False,1.2126409774500508,1,1,1,Clean,4,0,0.702589213848114,0.297410786151886,val,kamu mati saja sudah biar tidak bikin ribet
False,1.212639674773898,1,0,0,Clean,5,1,0.297411173582077,0.7025887966156006,train,these belgians are giving up like they did to nazi germany back in ww
False,1.2116733563226405,1,0,0,Clean,3,1,0.2976987063884735,0.7023012638092041,val,???????? Singa Bang ini
False,1.2088668379719,1,1,1,Clean,2,0,0.7014646530151367,0.2985353767871856,train,lets talk about bills pedophilia s benghaziproblems
False,1.2080869828417258,1,1,1,Clean,2,0,0.7012317180633545,0.2987682819366455,train,dibayar berapa sampe nangis gitu
False,1.2079546225244322,1,0,0,Clean,4,1,0.298807829618454,0.7011922001838684,train,@ggibr4n_: tupai sumatra
False,1.207426851649092,1,1,1,Clean,1,0,0.701034426689148,0.298965573310852,train,you have to defend yourself with riots happening across the country and invaders flooding across our borders .
False,1.2067742289202288,1,1,1,Clean,2,0,0.7008392810821533,0.299160748720169,train,Canti aih si kaka tetapi tidak memiliki Bothis???
False,1.206102419724617,1,1,1,Clean,5,0,0.7006381750106812,0.2993617951869964,train,user i cant handle their white asses
False,1.2046284318766665,1,0,0,Clean,1,1,0.2998033761978149,0.7001966238021851,train,"Yg perlu dituntut adalah Pengasuh, Pengawas n Guru disekolah... Semua org tua telah menyerahkan kpd mereka.. kedua pelaku klw dibawah umur org tuannya .dia harus bertanggungjawab .. hal ini perlu dikodifikasikan kpd aturan hukum .. bgt.."
False,1.204481520265604,1,0,0,Clean,3,1,0.2998474240303039,0.700152575969696,train,we would hang  plus on the frogs and cocks!
False,1.2042378416959083,1,0,0,Clean,3,1,0.2999204993247986,0.7000795602798462,train,Apasih cakep amatðŸ”¥
False,1.203205549861947,1,1,1,Clean,4,0,0.6997697353363037,0.3002302646636963,train,with his stubby little arm.
False,1.2028261321984954,1,0,0,Clean,2,1,0.3003441989421844,0.6996557712554932,train,but paul nehlen criticized jews tho
False,1.2022413587012046,1,0,0,Clean,5,1,0.3005198836326599,0.6994801163673401,train,shaking ass is considered goofy now whew chile the ghetto
False,1.2013327865094643,1,0,0,Clean,3,1,0.3007930517196655,0.6992069482803345,train,xrickolim smngat terus bro tiada manusia yang sempurna kamu bangkit n gbu keepstrong
False,1.2009100060460849,1,1,1,Clean,2,0,0.6990797519683838,0.3009202480316162,train,user dude this show was retarded what was good
False,1.2007604709365964,1,0,0,Clean,2,1,0.3009652495384216,0.6990347504615784,train,langsung TF aja kebeliu
False,1.1995183126914817,1,0,0,Clean,3,1,0.301339328289032,0.698660671710968,train,you are insinuating that the rape victim is not credible because polygraphs are not admissible in court.
False,1.1978373461517011,1,1,1,Clean,2,0,0.6981537342071533,0.301846295595169,train,"aura nya ituloh, aur auran 🥰"
False,1.1967662672299826,1,0,0,Clean,4,1,0.3021697700023651,0.6978302001953125,train,he should sue for racism .
False,1.1948832650251144,1,0,0,Clean,5,1,0.3027392923831939,0.6972606778144836,train,"i agree with you, no argument.  im just saying the story is a puss move."
False,1.1938063951635016,1,1,1,Clean,3,0,0.6969345211982727,0.3030654788017273,train,Sakit jiwa
False,1.1932066256060585,1,0,0,Clean,1,1,0.3032473027706146,0.696752667427063,train,certainly a white ethnostate would permit no blacks asians hispanics or arabs
False,1.1930862431750069,1,0,0,Clean,2,1,0.3032838106155395,0.6967161893844604,train,in case they start grabbing guns .
False,1.1929778622488627,1,1,1,Clean,5,0,0.6966833472251892,0.3033166825771332,val,"ðŸ¤£kalo di kampungku,pasti di ketawainðŸ˜‚"
False,1.192665460762081,1,0,0,Clean,4,1,0.303411453962326,0.6965885758399963,train,tak pikir cuma disini yang manajemennya plenger
False,1.192646307242545,1,0,0,Clean,3,1,0.3034172654151916,0.6965827941894531,train,liberals dont care who they destroy and leave in their wake! url
False,1.1918681988235398,1,0,0,Clean,5,1,0.3036534488201141,0.6963465213775635,train,to be clearthis california wants to criminalize restaurants giving plastic straws
False,1.1909937092954317,1,1,1,Clean,2,0,0.6960809230804443,0.303919106721878,train,newark board of education is so ghetto and unprofessional
False,1.1909297761874833,1,0,0,Clean,5,1,0.3039385378360748,0.6960614919662476,train,Kasihan banget yu.... Yu jelas gw ditusuk koma 1 tahun hampir mau bundir jadi tulang punggung eh yang bilang dia masih kecil umur segitu di bully HEH gw umur 7 tahun ditusuk sattttttt gw aja gak dibela sama sekali sama siapapun hanya orang tua dan hanya ibu yang dukung ayah gw pemabok berat jadi jangan sok yaaaaaaaaasa su
False,1.1901447716637068,1,1,1,Clean,5,0,0.6958227157592773,0.3041772246360779,train,shes so old that shes been pushing gun control since the lincoln assassination.
False,1.189581955168651,1,1,1,Clean,3,0,0.6956514716148376,0.3043484687805176,train,ill honk as i drive through your ghetto cant stop i have white business to attend to
False,1.1893958233222426,1,0,0,Clean,5,1,0.3044051229953766,0.695594847202301,train,lmaoaoao these niggas are strags
False,1.1887952679078997,1,0,0,Clean,2,1,0.3045879900455475,0.6954120397567749,train,dekkk dekkk belajar dlu sono ky tante2
False,1.188237317387274,1,1,1,Clean,2,0,0.6952419877052307,0.3047579824924469,train,then why havent they been hung for treason!
False,1.1881845121118972,1,0,0,Clean,1,1,0.3047740757465362,0.6952259540557861,train,liberals without identity politics have nothing.
False,1.1847712924712188,1,1,1,Clean,3,0,0.6941839456558228,0.305816113948822,val,kontol asu
False,1.1846836871651265,1,1,1,Clean,5,0,0.694157063961029,0.3058429062366485,val,mbak mbakkk dasar drama
False,1.1845577009980073,1,0,0,Clean,2,1,0.3058814406394958,0.6941185593605042,train,ah october good fucking morning you spooky gay fucks
False,1.183721216433911,1,1,1,Clean,1,0,0.6938626170158386,0.3061374127864837,train,user get rid of illegal aliens send them back home
False,1.1828486643009273,1,0,0,Clean,5,1,0.3064046502113342,0.6935953497886658,val,Lah ngapain minta maaf? kan dia gak salah 😂😂
False,1.1808844881552938,1,0,0,Clean,5,1,0.3070070743560791,0.6929928660392761,train,orang karena orang jahat
False,1.1805923389024136,1,0,0,Clean,4,1,0.307096779346466,0.6929032206535339,train,Wajah Arab ???????????????
False,1.179049731493535,1,1,1,Clean,4,0,0.6924291253089905,0.3075708746910095,train,Ngangong ngagong ternyata sama ajaaa wkwk
False,1.1775860295949672,1,1,1,Clean,2,0,0.6919785737991333,0.3080213963985443,train,yang satu mirip arsenal satu lagi adudu.. ragam kali yak??
False,1.1775190780228912,1,1,1,Clean,2,0,0.6919580101966858,0.3080420196056366,train,"GUE PERNAH KETEMU ASLINYA ZIZE, CAKEPAN GUEEEE JAUHHH😂😂😂😂 ASLINYA EMH LBH CKEP DRI VIDEO TP STANDARRRRR AJAAA"
False,1.1774961491074138,1,1,1,Clean,2,0,0.6919509172439575,0.3080490827560425,train,report all illegalaliens to ice!
False,1.1773611016906675,1,1,1,Clean,4,0,0.6919093132019043,0.3080906867980957,train,do non whites really think they measure up to whites ?
False,1.177112917395436,1,0,0,Clean,3,1,0.3081671595573425,0.6918328404426575,train,"Enak emang jadi Lurah, Camat, Bupati, Walikota bahkan Gubernur. Jalan rusak yg salah Presiden sama Wapres ðŸ˜…ðŸ˜‚ðŸ¤£"
False,1.177062920453749,1,0,0,Clean,2,1,0.3081825673580169,0.6918174624443054,train,the radical social media antifa type can go hang.
False,1.1736999164621815,1,1,1,Clean,1,0,0.6907792687416077,0.3092207312583923,train,cieee mas aktor cieeeee😊😊😊
False,1.1722646137758443,1,0,0,Clean,3,1,0.3096648752689361,0.6903350949287415,train,at least you know your president is not gay obama
False,1.1697082699564865,1,0,0,Clean,4,1,0.3104574978351593,0.6895425319671631,train,rev. charlie rangel what unions stand for are ;spiritual damn things;; like inflatable rats.
False,1.1693214855028948,1,0,0,Clean,5,1,0.3105776011943817,0.6894224286079407,train,sounds like a lot of liberals dont want america to know the truth.
False,1.1690986964672618,1,0,0,Clean,1,1,0.3106468021869659,0.6893531680107117,train,abidzar a nya apa
False,1.168768250322156,1,1,1,Clean,3,0,0.6892505288124084,0.3107494711875915,train,that explains why some leftists were also shadowbanned.
False,1.1684512397692637,1,1,1,Clean,5,0,0.6891520023345947,0.3108479976654053,train,username saya memang kador artis benar komen kamu tolol sumpah kenal nilai artis hahaha orang indo juga setuju kalau kador artis tetapi celebgram dari kampung kamu tahu bedanya artis dengan selebgra
False,1.1670748577690009,1,0,0,Clean,4,1,0.3112761378288269,0.6887238621711731,train,i think its time to bring out the drunken monkey
False,1.1664867894511362,1,0,0,Clean,4,1,0.3114592432975769,0.6885406970977783,train,it really pisses them off
False,1.166305576385121,1,1,1,Clean,1,0,0.688484251499176,0.3115156888961792,train,"emg kmren ada masalah personal sama panda aja itu kesempatan buat dia ngikut, aslinya mah ga beda jauhðŸ¤£"
False,1.1660179417684402,1,0,0,Clean,3,1,0.311605304479599,0.6883946657180786,train,"terus labrak Bu dan lapor polisi,lihat cara bales sapaan ibu yg labrak tuh masuk berlindung masuk kerumah bilangnya masuk aja sama yg labrak pokoknya labrak terus bu"
False,1.1656128874577991,1,1,1,Clean,5,0,0.6882684230804443,0.3117315471172333,train,if you are not sure then l will block all these useless tweets. ok ?
False,1.1649468553240083,1,0,0,Clean,4,1,0.3119392395019531,0.6880607604980469,train,"😁 tdk di pecat, cuma di non aktifkan selama 6 BLN trs bisa ngantor lagi, ini lah hukum Indonesia 😂😏"
False,1.1643697760149871,1,0,0,Clean,2,1,0.3121193051338196,0.6878806948661804,val,lu bisa diem ga?
False,1.163817936734837,1,1,1,Clean,3,0,0.6877083778381348,0.3122915923595428,val,japan  no country for fat western womyn
False,1.1634694831657542,1,1,1,Clean,5,0,0.6875995993614197,0.3124004304409027,train,and to gain sympathy for queers in conservative circles
False,1.1628303312266828,1,1,1,Clean,2,0,0.6873998641967773,0.312600165605545,train,liberals also probably need more culturally aware trolls!
False,1.1622376069072855,1,0,0,Clean,2,1,0.3127855062484741,0.6872145533561707,train,kagett jodohnya fiki naki 😭😭😭
False,1.1620113416009608,1,1,1,Clean,3,0,0.6871437430381775,0.3128562867641449,train,Bully efeknya jangka panjang bisa bikin mental anak down dan ga percaya diri bully wajib dihukum berat
False,1.1617673182664712,1,0,0,Clean,5,1,0.3129326403141022,0.6870673894882202,train,Sudah waktunya aku mulai menjalani hidupku sendiri Mello Death Note
False,1.1611132637527042,1,1,1,Clean,3,0,0.6868626475334167,0.3131373822689056,train,user aint he bisexual an lgbt king of gays even his mind
False,1.160106836708905,1,0,0,Clean,4,1,0.3134526908397674,0.6865472793579102,train,projo(negri dan rakyat) kocak2 jauh banget ngelak nyaðŸ¤£ðŸ¤£ðŸ¤£
False,1.160029066275017,1,1,1,Clean,3,0,0.6865229606628418,0.3134770691394806,train,apa yg mau diharapkan wkwkwk
False,1.1592486545311715,1,0,0,Clean,4,1,0.3137218058109283,0.686278223991394,train,besides shes a leftist celebrity. we never use death threats. at least good conservatives like you and me...
False,1.1569789275550153,1,0,0,Clean,1,1,0.314434677362442,0.6855652928352356,train,well now he is cut!
False,1.156583012393571,1,0,0,Clean,3,1,0.3145591914653778,0.6854408383369446,train,"he was also charged with burglary , larceny and possession of stolen property ."
False,1.1565761909114731,1,1,1,Clean,1,0,0.6854386329650879,0.3145613372325897,val,Mas hansol ga nyebut yg gagalin korea masuk Olympic itu Timnas STY 😂
False,1.1565298629100675,1,1,1,Clean,4,0,0.6854240894317627,0.3145759105682373,val,"confrontingthe girl who shot me in the face   dr. phil  youtube the female negro is making excuses like its not her fault but we all know its tnb , i feel for that poor white woman"
False,1.1563003388494113,1,1,1,Clean,2,0,0.6853519082069397,0.3146481215953827,train,Berarti aku bener dong jawab cowok dapet 2jt nggak nih
False,1.156238112141963,1,1,1,Clean,3,0,0.6853322386741638,0.3146677017211914,train,a true muslim who follow quran cannot possess humanity
False,1.155781711897167,1,0,0,Clean,3,1,0.3148113489151001,0.6851885914802551,train,no homo we smokin penises
False,1.1548530788899656,1,0,0,Clean,4,1,0.3151038289070129,0.6848962306976318,train,im gonna nip you right in the bud!
False,1.1544884473160562,1,1,1,Clean,4,0,0.6847812533378601,0.3152187466621399,train,wow and there are white people and there are crackers. guess which one u are.
False,1.1543006042590864,1,0,0,Clean,3,1,0.3152779638767242,0.6847220063209534,train,go fucking kill yourself trx is so much better than bnb
False,1.1542744205857207,1,0,0,Clean,1,1,0.3152862191200256,0.6847137808799744,train,liz truss is a fucking disgrace
False,1.1540084635646597,1,1,1,Clean,3,0,0.6846299767494202,0.3153700828552246,train,except not all millennials are for gun control.
False,1.1529242914675486,1,0,0,Clean,5,1,0.3157121837139129,0.6842877864837646,train,a pissed lad past out. i would lick his dirty soles while he slept.
False,1.1526590707211637,1,1,1,Clean,1,0,0.6842041015625,0.3157959282398224,train,"pinter membodohi rakyat?... faktanya dilapangan gd uang sama orang dalem meskipun lu pinter gk bakal guna, orang nilai aja bisa di beli kocakÂ² jgn samakan logika sekolahmu dgn dunia luar bergaul bro dunia luar kejam gk sebagus expetasimuðŸ¤£ðŸ¤£"
False,1.1524841201673677,1,1,1,Clean,4,0,0.6841488480567932,0.3158511817455292,train,kasian sm tembok nya tahan napas wkwk????
False,1.1524192056332732,1,1,1,Clean,4,0,0.6841283440589905,0.3158716857433319,train,user show me the black muslims bc im calling bs on this and you should too
False,1.1522573150681112,1,1,1,Clean,2,0,0.6840772032737732,0.3159228265285492,train,alah dulu pas msih jdi istri boro2 ðŸ˜‚
False,1.1518263007423315,1,0,0,Clean,4,1,0.3160590231418609,0.6839409470558167,train,looks like a pedophile test there mohammad. so your yr old daughter has breasts
False,1.1509333625848928,1,0,0,Clean,4,1,0.316341370344162,0.6836585998535156,train,"its cool if youre a skinhead, trad, or fashyhaired casualofficelook rebel...but, were as dumb as they think!  academicearth.org"
False,1.149843389111464,1,0,0,Clean,1,1,0.3166863620281219,0.6833136081695557,train,Lah bupati gubernurnya ngapain aja itu
False,1.1487516882565825,1,1,1,Clean,1,0,0.6829677224159241,0.3170322775840759,train,tidak bagus2nya suara polanya
False,1.1486599444990886,1,1,1,Clean,2,0,0.6829386353492737,0.3170613646507263,train,gets period you are the cause of my
False,1.1480558303308617,1,0,0,Clean,3,1,0.3172529637813568,0.6827470064163208,train,and your ideology is the non existing jewish primacy. isnt it?
False,1.1479340932210602,1,1,1,Clean,3,0,0.6827084422111511,0.3172915875911712,train,add this to your arsenal. make popcorn. post it on social media. watch liberal heads explode. rejoice.  rednationrising
False,1.1477819426713671,1,0,0,Clean,4,1,0.3173398673534393,0.6826601624488831,train,broke why catholics and jews dominate at the supreme court?
False,1.1464728082534654,1,0,0,Clean,4,1,0.3177555799484253,0.6822443604469299,train,@ela: Nabi yang serba guna Adam??
False,1.1457504166474706,1,1,1,Clean,3,0,0.6820148229598999,0.3179852068424225,train,the holocaust never existed except in the minds of the people who believed it .
False,1.14520322783035,1,1,1,Clean,2,0,0.681840717792511,0.3181592524051666,train,user user user  clownery luv i swear coons need to stop being submissive to white people
False,1.144376641208502,1,1,1,Clean,4,0,0.6815776228904724,0.3184223473072052,train,kan lu yang salah ngasib aturan etanol 10% njir.. ini motor gw habis servis gegera brebet abis 145 njir
False,1.1440950574444324,1,1,1,Clean,4,0,0.6814879179000854,0.3185120224952698,val,@Miji: Paling ga bisa soal kutu air??
False,1.143574303683941,1,1,1,Clean,2,0,0.6813220381736755,0.3186779320240021,train,user user nordic countries have disturbingly high levels of muslim immigration
False,1.1426230172420553,1,0,0,Clean,4,1,0.3189812302589416,0.6810187697410583,train,do asians like you ever feel any shame for invading us universities in such overwhelming numbers
False,1.14258956996687,1,0,0,Clean,3,1,0.3189918994903564,0.6810081005096436,train,Aloy mana om
False,1.1422684209568554,1,0,0,Clean,2,1,0.3190943598747253,0.6809056401252747,train,at dss this shit really ghetto asf im uncomfortable
False,1.1422531974299497,1,1,1,Clean,4,0,0.6809008121490479,0.3190992176532745,train,user i cited influences retard clearly of which yours in paint thinner and wood polish
False,1.1422378807410625,1,0,0,Clean,2,1,0.3191041052341461,0.6808958649635315,train,i am not your devil you are zealots and nazis burn the christian air force
False,1.141909935743986,1,0,0,Clean,2,1,0.3192087709903717,0.6807911992073059,train,you sir are correct. there are so many good men. she is completely out of line. url
False,1.1415192874574949,1,1,1,Clean,2,0,0.6806665062904358,0.3193334937095642,train,i love yo cute ass
False,1.141302139941672,1,0,0,Clean,3,1,0.3194028437137604,0.680597186088562,train,ariel tatum : harus nyapu gmna lg gueðŸ˜©
False,1.1396818817304288,1,0,0,Clean,4,1,0.3199207782745361,0.6800792217254639,train,user and isnt it true that halal requires only a muslim can slaughter the animal
False,1.1395606940029923,1,1,1,Clean,4,0,0.6800404191017151,0.3199595510959625,train,tcot maga complacency kills. vote in november url
False,1.1395552916637794,1,1,1,Clean,3,0,0.6800386905670166,0.319961279630661,train,oh my carmen. he is so fricking cute
False,1.1373283827259528,1,1,1,Clean,5,0,0.6793254613876343,0.3206745982170105,train,i personally prefer to trigger muzzi outrage they are a cult like scientology
False,1.135504127487338,1,0,0,Clean,5,1,0.3212601244449615,0.6787399053573608,train,user makes no sense to rent homie it  actually retarded
False,1.135323248291514,1,1,1,Clean,5,0,0.6786817908287048,0.3213182389736175,train,"antifa, september  stop the fascist nvu in amsterdam! url"
False,1.1340521733215738,1,1,1,Clean,2,0,0.67827308177948,0.32172691822052,train,hell no send them number a moslem country
False,1.1325070557139651,1,1,1,Clean,2,0,0.6777756214141846,0.3222244083881378,train,"si bravy mah numpang eksis doang ke mba er😂, itu udh jdi niat si mnurutku.
ku lihat mba er juga ga trlalu mikirin hal kyk gitu,lebih fokus ke karir apalgi skrg udh ada andrew ,org2 problematic tinggal cut off aja"
False,1.1312123959829767,1,0,0,Clean,4,1,0.3226418495178222,0.6773581504821777,train,bless their little entitlement selves. i will never watch another game.
False,1.1308638535820916,1,1,1,Clean,4,0,0.6772456765174866,0.3227543234825134,train,"""ini foto apa w masukin museum aja ya ga ada pantas2nya"""
False,1.1303314850414432,1,1,1,Clean,1,0,0.6770737767219543,0.3229261934757232,train,wtc this is a threat!!! .. maga qanon wakeupamerica url
False,1.129301984994076,1,0,0,Clean,3,1,0.3232588171958923,0.6767412424087524,train,"""Mama gigi gapernah ga cantik sih kalo menurut aku."""
False,1.1292170784974196,1,1,1,Clean,2,0,0.676713764667511,0.3232862651348114,val,kaget ternyata seireng ituðŸ˜­
False,1.1286825451917006,1,1,1,Clean,3,0,0.6765409111976624,0.32345911860466,train,thenoseknows a goodgoy always follows the money crumbs and not its heart. thanksjews
False,1.128636754505159,1,0,0,Clean,1,1,0.3234739303588867,0.6765260696411133,train,the world wide phenomenon of podcasting and mvp of shittalking!
False,1.1285429684572297,1,1,1,Clean,4,0,0.6764957308769226,0.3235042691230774,train,no she was mumbling i couldnt hear shit she literally spoke w hand signs
False,1.1284732334534398,1,1,1,Clean,3,0,0.6764731407165527,0.3235268294811249,train,noir is so good you gays
False,1.1284373084670185,1,0,0,Clean,2,1,0.3235384523868561,0.6764615774154663,train,user user user and retarded
False,1.1284150172012328,1,1,1,Clean,1,0,0.6764543056488037,0.3235456645488739,train,unfortunately gun control is long game and the house always wins.
False,1.1282203121465386,1,1,1,Clean,1,0,0.6763913035392761,0.3236086666584015,train,kue anj ??
False,1.1280172661333585,1,1,1,Clean,5,0,0.6763255596160889,0.3236743807792663,train,those lying liberals. at it again. smh.
False,1.1275878284254888,1,1,1,Clean,2,0,0.6761866211891174,0.3238134086132049,train,and they say russia is the hackers.. hmmm...
False,1.1273299782576447,1,0,0,Clean,2,1,0.3238969147205353,0.6761031150817871,train,Meluruskan= membelokan ?ðŸ¤ª #pahamðŸ¤£
False,1.1269863734051764,1,0,0,Clean,2,1,0.3240082263946533,0.6759917140007019,train,sleeping alone is so ghetto i hate that shit
False,1.1268400437073671,1,0,0,Clean,2,1,0.3240556418895721,0.6759443283081055,train,hujatan klean kasihan si listy kontrak nya di copot hujat dunia sangat kejam
False,1.126648403504823,1,0,0,Clean,4,1,0.3241177499294281,0.6758822798728943,train,but she has no concrete facts. but to dems a lie is good enough.
False,1.126088958045355,1,0,0,Clean,1,1,0.3242991268634796,0.6757009029388428,train,Ytim Krikil
False,1.12601029676474,1,0,0,Clean,4,1,0.3243246376514435,0.6756753325462341,train,"mlah cuci tgn njirr,lil lilðŸ¤£"
False,1.1256281975784808,1,1,1,Clean,3,0,0.6755514144897461,0.3244485855102539,train,isis apparently obama let them run the world. getting nuked by korea? blm destroying cities. antifa?
False,1.1254317383896275,1,1,1,Clean,2,0,0.6754876971244812,0.3245123326778412,train,send them all to afreaka and sink the farkin boat !
False,1.1253898614774376,1,1,1,Clean,2,0,0.6754741072654724,0.32452592253685,train,apparently honorary whiteness is minorities who look white this would include asians
False,1.1253738825916064,1,1,1,Clean,5,0,0.675468921661377,0.3245311081409454,train,what is wrong with slut talk and fas as negro talk that belongs on the plantation
False,1.124834148278527,1,0,0,Clean,4,1,0.3247063159942627,0.6752936840057373,train,youve been selected by liberals! are you cheating on your voters. you should have changed your mind before the election ms. alleslev
False,1.1242370067956942,1,1,1,Clean,2,0,0.6750997304916382,0.3249002695083618,train,Of course he wouldn't ☕🤭
False,1.123214583438798,1,1,1,Clean,5,0,0.6747673749923706,0.3252326250076294,train,"report google a.i. is biased against gay people, jews"
False,1.123064590051695,1,1,1,Clean,5,0,0.6747186183929443,0.325281411409378,train,he thinks he is smart. me? i dont think that.
False,1.122594597672748,1,1,1,Clean,2,0,0.6745656132698059,0.3254343271255493,train,i knew we would find out that this is all the liberals fault.
False,1.122540751804883,1,0,0,Clean,1,1,0.3254518508911133,0.6745481491088867,train,you can tell he is a hooper too
False,1.12153497152723,1,1,1,Clean,5,0,0.674220621585846,0.3257793486118316,train,when are the republicans going to learn that democrats hate conservatives .vote  thursday
False,1.1213511134600171,1,1,1,Clean,1,0,0.6741607785224915,0.3258392512798309,val,user labor thinks that we care more about illegal immigrants on manus and nauru than we do this labor are in for a big shock
False,1.121048690171101,1,1,1,Clean,5,0,0.6740622520446777,0.325937807559967,train,you are lying again! the public doesnt trust you anymore!
False,1.1206664709390837,1,1,1,Clean,4,0,0.6739376187324524,0.32606241106987,train,not all whites are the same.
False,1.120140141623339,1,1,1,Clean,4,0,0.6737658977508545,0.3262340724468231,train,Setidaknya RM100 jika anak malang Anda memberitahu Anda untuk meminta amal jika Anda tidak punya cukup
False,1.1197687710222692,1,1,1,Clean,1,0,0.6736447811126709,0.3263552486896515,val,the pedophiles over at the bbc now showing programmes about how wonderful moslem foster parents are hm i wonder what made they bring up this subject it almost as if theres been a negative story about moslems fostering abusing young white christian girls in the media recently
False,1.119489831438272,1,1,1,Clean,1,0,0.6735537648200989,0.3264462947845459,val,million kids in poverty a screwed up universal credit system  brexitshambles an economy teetering on the brink  ...the list is endless and the common factor gt;  building a country fit for nothing
False,1.119218453621866,1,0,0,Clean,2,1,0.3265348970890045,0.6734650731086731,train,"KFA (Korea) = CFA (China) = PSSI (Indonesia) = FAM (Malaysia) plenger semua wkwkkwkw, yg lagi bener mah JFA (jepang)"
False,1.1189771690449763,1,1,1,Clean,4,0,0.67338627576828,0.3266136944293976,train,if we dont destroy the bushclinton crime family well face many more like obama!!
False,1.1188603804785902,1,1,1,Clean,2,0,0.6733481287956238,0.3266518414020538,train,perasaan dulu ga sedekil ini deh? abis ngapain dia
False,1.117995019077404,1,1,1,Clean,5,0,0.6730654239654541,0.3269346356391907,train,megumi im sorry i asked to see your tits
False,1.1163343364388705,1,0,0,Clean,2,1,0.3274780213832855,0.6725219488143921,val,kulitnya idaman para buleâ˜ºï¸
False,1.1153363215613634,1,1,1,Clean,4,0,0.6721949577331543,0.3278050124645233,train,tukang parkir ðŸ˜­ðŸ˜­
False,1.1146477882400416,1,1,1,Clean,5,0,0.6719691753387451,0.3280307948589325,train,if you can stand asians then you would find the school to be a breath of fresh air .
False,1.1141385096076235,1,1,1,Clean,1,0,0.6718021035194397,0.3281978964805603,train,bangga ye pacaran sama bekas gw?hahahaha buat gw mantan kaya tai gitu ibarat maenan bekas yg udah ga kepake sama sekali! ckckck'
False,1.11355833710192,1,0,0,Clean,2,1,0.32838836312294,0.6716116666793823,train,"""Kak jerome kayak boneka tau hahah"""
False,1.112542597865256,1,0,0,Clean,3,1,0.3287220895290375,0.6712779402732849,train,donald trump is turning the cows gay and the moon landing was faked
False,1.1124252892191842,1,1,1,Clean,3,0,0.6712393164634705,0.3287606537342071,train,Klu di lihat kejadianya seperti itu mending ibu2 itu hanya marah.... Klu itu anak saya di gituan hemm mau lo ibarat bisa terbang saya tungguin sampai dia turun.
False,1.1118254534016048,1,0,0,Clean,1,1,0.3289579153060913,0.6710420846939087,train,rambutnya kak modd bagussss hitam berkilauu
False,1.1112804848574005,1,1,1,Clean,1,0,0.6708627343177795,0.329137235879898,train,jule ga pake hijab malah jadi mirip kayak susternya trio na yg duduk di belakang ituu
False,1.1109836259779382,1,0,0,Clean,5,1,0.3292349576950073,0.6707650423049927,train,tiap hari ada aja gebrakannya si abidzar ðŸ¤£
False,1.1098104520790495,1,0,0,Clean,1,1,0.3296214342117309,0.670378565788269,train,manusia laknat matinya apakan ya
False,1.1094142469470012,1,0,0,Clean,1,1,0.3297520577907562,0.6702479124069214,train,Emang Arab agak laen
False,1.1084442388890188,1,1,1,Clean,5,0,0.6699278950691223,0.3300720751285553,train,i wish they would abandon her in the ghetto in middle of the night
False,1.1084010810341922,1,1,1,Clean,5,0,0.669913649559021,0.3300863206386566,train,i am pro homosexual ethnostate
False,1.1082264822813623,1,0,0,Clean,3,1,0.3301439583301544,0.6698560118675232,train,wahh jngn2 vidio bajunya norak bngtt ayuu murahaan
False,1.107808706545222,1,1,1,Clean,1,0,0.6697181463241577,0.330281913280487,train,moslem ban and libtard ban but not gun ban
False,1.1077371543493308,1,1,1,Clean,3,0,0.6696944832801819,0.3303055465221405,train,only trump could get liberals to scream bloody hell at open transparency.
False,1.107276653974394,1,0,0,Clean,1,1,0.3304576873779297,0.6695422530174255,train,hmm why are the jews hated i do not get it
False,1.1070524792246397,1,1,1,Clean,1,0,0.6694682240486145,0.3305317759513855,train,cuckservative traitors are worse than fortnite players url conservatives triggerwarningradio
False,1.106863060978354,1,1,1,Clean,4,0,0.6694055795669556,0.330594390630722,train,Bro merasa dirinya Ariel tatum 😭
False,1.106254839187292,1,1,1,Clean,5,0,0.6692044734954834,0.3307955265045166,train,and they should face consequences.
False,1.1061586246179174,1,0,0,Clean,3,1,0.3308273553848266,0.6691725850105286,train,the slopes arent for us bro hahaha
False,1.1056315006657067,1,1,1,Clean,4,0,0.6689982414245605,0.3310017883777618,train,karena mereka sudah merasa dilindungi oleh parcok dan parjo
False,1.1054496429854053,1,1,1,Clean,3,0,0.6689380407333374,0.331061989068985,train,tennessee actually has a muslim refugee problem was intentional on  bummer part
False,1.1051833981804666,1,0,0,Clean,4,1,0.3311501443386078,0.6688498854637146,train,"jadi kasihan lawannya, sama bapak taekwondo??"
False,1.1048032356417832,1,1,1,Clean,4,0,0.6687239408493042,0.3312760591506958,train,england is percent white actually you should get statistics that do not include pakis as white
False,1.102969419387663,1,0,0,Clean,3,1,0.3318841159343719,0.6681159138679504,train,watching unbelievable netflix the rapist has a copy of the ethical slut unbelievable
False,1.1026773511831274,1,1,1,Clean,4,0,0.6680189371109009,0.3319810628890991,train,next time you see a mooslim toss bacon at it
False,1.1023717271190785,1,1,1,Clean,2,0,0.6679174900054932,0.3320825397968292,train,homosexual and hollywood communities redundant
False,1.102096341565227,1,0,0,Clean,5,1,0.332174003124237,0.6678259372711182,train,"Knp yaa artis2 hidup nya penuh dramaðŸ˜­ðŸ˜­ awal romastis, ngelamar lah, kepingin jdi garda terdepan , ujung2 nya beginiðŸ˜…ðŸ˜…ðŸ˜…ðŸ˜…"
False,1.1019127036162113,1,0,0,Clean,1,1,0.3322350084781647,0.6677649617195129,train,wha? me? im just waiting for showtime to bring back queer as folk.
False,1.1017990569627296,1,0,0,Clean,1,1,0.3322727680206299,0.6677272319793701,train,cnta kmu ke aku tuh kyk fto albm tau g dbalk2 ttp aj g brbh sma ky km yg g prnh brbh untk mnjdi yg trbaik untk aku
False,1.1014419658258163,1,1,1,Clean,5,0,0.6676085591316223,0.3323914408683777,train,this grown on your own shit is for the birds. ;
False,1.101228328109475,1,1,1,Clean,1,0,0.6675375699996948,0.3324624598026275,train,drford  dearprofessorford  is a fraud female  group paid for and organized by georgesoros url
False,1.1011898727888831,1,0,0,Clean,4,1,0.3324752449989319,0.6675247550010681,train,hollywood peddles violence and murder then wants to take our guns
False,1.1005964679171103,1,0,0,Clean,4,1,0.3326725959777832,0.6673274040222168,train,do a search on kissing pranks on youtube .
False,1.0999118285070355,1,1,1,Clean,2,0,0.6670995950698853,0.3329004347324371,train,sudah berlian pilih batu nisan
False,1.0998439722005269,1,1,1,Clean,5,0,0.6670769453048706,0.332923024892807,train,you should go kill yourself for being a lesbian ew don  t think of me
False,1.09959416102327,1,1,1,Clean,5,0,0.6669937968254089,0.333006203174591,train,says the little leftist socialist leg humper jimmieboi why did your hitler join the gay workers party again
False,1.0980691696491438,1,1,1,Clean,4,0,0.6664855480194092,0.3335144221782684,train,"""Ini diedit biar langsing padahal mah klo live bomber badannya"""
False,1.098061574212143,1,1,1,Clean,2,0,0.6664831042289734,0.3335169553756714,train,so now there is straight cancer i guess there is homosexual cancer too what next
False,1.0973484856577873,1,0,0,Clean,4,1,0.3337548673152923,0.66624516248703,train,he is going wherever jews take him israel first not america
False,1.0970432359088509,1,0,0,Clean,4,1,0.3338567614555359,0.6661432385444641,train,Ini beneran? Kacau banget sistem dan pejabat negeri ini 😩
False,1.0965942354894784,1,1,1,Clean,2,0,0.665993332862854,0.3340066969394684,train,malah couspley jadi valak
False,1.0959995378077432,1,0,0,Clean,2,1,0.3342053890228271,0.6657945513725281,train,"really doubling down on the fat boy, huh?"
False,1.0954098278677609,1,0,0,Clean,3,1,0.3344025313854217,0.6655974984169006,train,"Klo kasus kek gini trjadi di indonesia mngkin udh abis dia dikuliti sama netizen indo. Foto dan biodata, aib2nya mungkin udh trsebar dan digoreng dimana mana"
False,1.0952028209732825,1,0,0,Clean,2,1,0.3344717621803283,0.6655282378196716,train,lil white ass never wants to go home
False,1.0950879742447577,1,0,0,Clean,4,1,0.3345101773738861,0.6654897928237915,train,there is almost no one that liberals wont insult in defense of their ideological agenda
False,1.094157925603072,1,1,1,Clean,4,0,0.6651785373687744,0.3348214328289032,train,"Kampus gak ada otak, klo gak viral emang kampus bakalan bisa ngasih sanksi?? Pihak kampus cuma mikirin nama baik kampus!!? Kenapa kalian takut kampus kalian kedepan nya sepi peminat gara2 kasus ini!!! Otak sama hati di pake dong sebagai pendidik"
False,1.0939356043331483,1,0,0,Clean,5,1,0.3348958790302276,0.66510409116745,val,jadi nih orang keturunan monyet liat saja mukanya
False,1.0939169166465714,1,0,0,Clean,3,1,0.3349021375179291,0.6650978922843933,train,lrt is a fucking callout hahahahahhaha has a massive point tho skskskks
False,1.093895025800735,1,0,0,Clean,2,1,0.3349094688892364,0.6650905609130859,train,2 manusia terlihat panikðŸ˜­ðŸ˜­ðŸ˜­
False,1.0938946698559815,1,1,1,Clean,1,0,0.6650903820991516,0.334909588098526,train,user trump won  t fire miller cause trump is a nazi too
False,1.0936104884043023,1,1,1,Clean,4,0,0.6649951934814453,0.3350047767162323,train,"good luck with your bugchasing , homo . . ."
False,1.0917582599351794,1,1,1,Clean,4,0,0.6643741130828857,0.3356258571147918,train,glad i wear wranglers. so what gun control would you propose that will stop the criminals?
False,1.0911873741443665,1,1,1,Clean,3,0,0.6641824841499329,0.3358175158500671,train,pinter semua bahasa eh jodohnya g jauh2 indo jg 😂
False,1.0903127252787326,1,0,0,Clean,5,1,0.3361113667488098,0.6638885736465454,train,states. kavanaugh will destroy any chance at federal gun control in our lifetime.
False,1.0895389530849156,1,1,1,Clean,3,0,0.6636284589767456,0.3363715410232544,train,you do realize how ridiculously radical all these tweets sound right. who are you trying to mobilize antifa?
False,1.0879112011141925,1,0,0,Clean,4,1,0.3369195163249969,0.6630805134773254,train,rae accent is fuckin magical she my lil hillbilly country babe number
False,1.08695589786894,1,0,0,Clean,4,1,0.337241530418396,0.662758469581604,train,another muslim terrorist attack dodged
False,1.0859868508963524,1,0,0,Clean,2,1,0.3375684916973114,0.6624314785003662,train,being kinky doesnt make you fucking queer jesus christ
False,1.0856255645949224,1,1,1,Clean,2,0,0.662309467792511,0.3376904726028442,train,youre full of s. its the liberals paid by soros who are doing those things
False,1.0845434579344717,1,1,1,Clean,5,0,0.6619439721107483,0.3380560874938965,train,tidak jauh jauh dari ajudannya ngibulnya
False,1.0845297935498304,1,0,0,Clean,4,1,0.3380607068538666,0.661939263343811,train,jongin no homo but you are cute kyungsoo no homo but your dick was in my ass last night
False,1.084506432292447,1,0,0,Clean,5,1,0.3380686044692993,0.6619314551353455,train,detective benson could ve got those caucasian cheeks clapped to dust
False,1.0842938258584152,1,0,0,Clean,1,1,0.3381404876708984,0.6618595123291016,train,"Sama kaya jerman juga, 2 pelatih terakhir rakyatnya juga udah expect bakal ga jauh jerman melaju. Bener aja lgsg di hujat skrg kan"
False,1.0839435469380865,1,1,1,Clean,3,0,0.6617410182952881,0.3382589519023895,train,Hahaha 😂😂panen emoji dia sekarang 😂😂ngakak banget liat ekspresi wajahnya 😂
False,1.0835734860975708,1,1,1,Clean,2,0,0.6616158485412598,0.3383841514587402,train,ummm.   you are one of those people that shouldnt be there.
False,1.083351392034979,1,0,0,Clean,5,1,0.338459312915802,0.6615406274795532,train,right!!! keep your bullet for the evil khazarian ashkenazi!!!
False,1.0831706357786632,1,0,0,Clean,4,1,0.3385204970836639,0.6614795327186584,train,yes this means that heterosexuals are discriminating against queers and need to pay reparations
False,1.082698428885711,1,0,0,Clean,2,1,0.3386803865432739,0.6613196134567261,train,people in europe have nothing .
False,1.082418554627578,1,1,1,Clean,5,0,0.6612248420715332,0.3387751877307892,train,😢😢😢😢😢 buat para cewe diluar sana termasuk saya semoga selalu dilndungi dan diauhkan dari laki2 anomali kek gini kalau udah main tangan cepat lariiiiii sejauh mugkin
False,1.0820409673022855,1,0,0,Clean,4,1,0.3389031291007995,0.6610968708992004,train,wh proposal extends amnesty for . million illegals...  this isnt maga.
False,1.0810359941214325,1,0,0,Clean,4,1,0.3392438888549804,0.6607561111450195,train,malah nyalahin Pertamina kocak 😅
False,1.0809324252150092,1,0,0,Clean,1,1,0.3392790257930755,0.6607210040092468,train,@ore baka: mirip gambar gua yg sapu lidi bay
False,1.080726022152133,1,1,1,Clean,5,0,0.660650908946991,0.3393490612506866,train,ngancengan
False,1.0798865325788276,1,1,1,Clean,4,0,0.6603659391403198,0.3396340608596802,train,can somebody please put him back in his coffin.
False,1.078833931275332,1,0,0,Clean,1,1,0.3399917483329773,0.6600082516670227,train,do you not realize that goddamn white genicide is upon the white race ?
False,1.077832086737635,1,0,0,Clean,2,1,0.3403325378894806,0.6596674919128418,train,holy crap. i didnt realize it was this bad. thanks for posting this...
False,1.0776410310836453,1,1,1,Clean,3,0,0.6596024036407471,0.3403975665569305,train,"everyone dogging  for enjoying traditional anime is probably a jew, a fed, or gay"
False,1.0767890801060636,1,0,0,Clean,4,1,0.3406876921653747,0.6593123078346252,train,user this shit is ghetto  we don  t deserve this
False,1.0767421060837827,1,1,1,Clean,2,0,0.6592963337898254,0.3407036960124969,train,says the fat antifa member
False,1.0762576238900017,1,1,1,Clean,5,0,0.6591311693191528,0.3408688008785248,train,you cry baby liberals will have trump for a total of eighjt great years!!! get over it. maga url
False,1.0760859251711743,1,1,1,Clean,2,0,0.6590726375579834,0.3409273326396942,train,memorize dear gab fam for when taking the argument to the muslim
False,1.075372956589055,1,1,1,Clean,2,0,0.6588295102119446,0.3411704897880554,train,user user these young homos need to be taught i s g
False,1.0751143373097345,1,0,0,Clean,1,1,0.3412587344646454,0.658741295337677,train,wow.  lying comes so easily to you liberals.  scary.
False,1.074808639687879,1,1,1,Clean,2,0,0.6586369276046753,0.3413630723953247,train,bias blockers the new glasses made for maga racists and homophobes  watch url url
False,1.0741688196360546,1,1,1,Clean,2,0,0.6584184765815735,0.3415815532207489,train,everybody thats still on facebook ghetto or pregnant idc.
False,1.0734056033266184,1,1,1,Clean,2,0,0.6581576466560364,0.3418423533439636,train,Coba dehhhhh …….Ke salon ?? 😁
False,1.0730212940363302,1,1,1,Clean,1,0,0.6580262184143066,0.3419737517833709,train,white boys and ghetto white girls make me sick i can not stand you all
False,1.0728328978467787,1,0,0,Clean,1,1,0.3420381844043731,0.6579618453979492,train,idk if she is but shes black coded....the bonet sets it off
False,1.0727249476642453,1,0,0,Clean,3,1,0.3420751094818115,0.6579248905181885,train,dont be that guy.  whoops.  too late.  you are that guy.  unfollowed...
False,1.0721449694213407,1,0,0,Clean,4,1,0.3422735631465912,0.6577264666557312,train,why do they thing liberals dont own guns? we dont spend our life savings on them.
False,1.071506241715925,1,1,1,Clean,3,0,0.6575077176094055,0.3424922525882721,train,reasons your rightwing friend isnt budging on gun control url
False,1.0699483023807574,1,0,0,Clean,3,1,0.3430262506008148,0.6569737792015076,val,we are not a democratic republic. we have never been a democratic anything. we have never had democratic ideology. nor is this a new talking point. we are constantly correcting democratsliberals on this.
False,1.0697361624878632,1,1,1,Clean,3,0,0.656900942325592,0.3430990278720855,train,hes been trashing all along even to our allies.
False,1.0697059349133118,1,0,0,Clean,3,1,0.3431093990802765,0.6568905711174011,train,Tompel sakti .. tertawa gw yaallah netizen ada di sana
False,1.0696411398004737,1,1,1,Clean,3,0,0.6568683385848999,0.3431316316127777,train,kkk and antifa both hate groups created by the democrats
False,1.0693888610292712,1,1,1,Clean,5,0,0.656781792640686,0.3432182073593139,train,bayu rada rada
False,1.0693866033998949,1,1,1,Clean,2,0,0.656781017780304,0.343218982219696,train,i hopes dis aint cause he colored cause i knows he be actin all nigga like
False,1.0685285524455457,1,1,1,Clean,2,0,0.6564863920211792,0.3435136079788208,train,people in my ghetto ass school used to wear shirts like these like xl sized
False,1.0684990553894365,1,1,1,Clean,2,0,0.6564762592315674,0.3435237407684326,train,when it rains its good go to the mall weather all the coons be at home
False,1.067288431666394,1,1,1,Clean,4,0,0.6560601592063904,0.343939870595932,train,url  the left party relativizing and playing down communist crimes
False,1.0672343636503765,1,1,1,Clean,3,0,0.6560415625572205,0.3439584672451019,train,murahh sekali kamu jijik saya dikick evos malah open bo
False,1.0664985841150982,1,0,0,Clean,5,1,0.3442116379737854,0.6557884216308594,train,Sama kek kelakuan toxic buzzer drakor dkonoha yg suka menghina dan menghujat aplg setelah si tayong pelatih korea bapuknya kena pecat😂😂😂
False,1.065636432058637,1,1,1,Clean,3,0,0.6554915308952332,0.3445085287094116,train,"MantapGaruda Ho ki, semakin Gacorr maxwin 18juta cog😘"
False,1.064130531937529,1,0,0,Clean,3,1,0.3450277149677276,0.6549723148345947,train,eh iya pangling lihat k2nya
False,1.0619896489593712,1,1,1,Clean,2,0,0.6542328000068665,0.3457671701908111,train,"sok"" an banget kemarin ngebela erica skrg malah sama aja ga ada bedanya ðŸ˜‚ðŸ˜‚ðŸ˜‚ðŸ˜‚ðŸ˜‚"
False,1.0610288987836187,1,1,1,Clean,2,0,0.6539004445075989,0.3460995256900787,train,marxist subversion happened .
False,1.0599961229512402,1,0,0,Clean,2,1,0.3464571535587311,0.6535428166389465,train,gamau tau dan ga peduliðŸ˜­
False,1.059838288294456,1,1,1,Clean,1,0,0.6534881591796875,0.3465118408203125,train,the new moslem doll do not dare pull that string
False,1.0595106566375607,1,0,0,Clean,3,1,0.3466253876686096,0.6533746123313904,train,i dont understand who soros isnt arrested for domestic terrorism!  he also funds antifa.
False,1.059255848902544,1,0,0,Clean,2,1,0.3467137217521667,0.6532862186431885,val,PROJO = pro jokowi
False,1.0590132229407283,1,1,1,Clean,5,0,0.6532021164894104,0.3467978537082672,train,karma mu sedang beejalan ahmad dani
False,1.0587376650642482,1,0,0,Clean,1,1,0.3468934297561645,0.6531065702438354,train,user i am sorry nour people suck and tay loves you
False,1.0582298820244218,1,1,1,Clean,1,0,0.6529303789138794,0.3470696210861206,train,and dying a slow death such a shame
False,1.057921490192644,1,0,0,Clean,2,1,0.3471766710281372,0.6528233289718628,train,fucking kim jongin in a black turtle neck and blue jeans im losing it
False,1.057268446233824,1,1,1,Clean,1,0,0.6525965332984924,0.3474034667015075,train,Orang tua mana sih yang nda marah kalo anakya di aniaya
False,1.056150680263628,1,0,0,Clean,5,1,0.3477919995784759,0.6522080302238464,train,rhetorical question what is the difference between a hate crime and a violent act of terrorism?
False,1.055790589720484,1,0,0,Clean,5,1,0.3479172587394714,0.6520828008651733,train,kamu berbakat hasil kerjamu
False,1.0543801777859014,1,1,1,Clean,5,0,0.6515916585922241,0.3484083116054535,train,Hama Tiktok
False,1.0541139318996258,1,0,0,Clean,5,1,0.3485010862350464,0.6514989733695984,train,blow a stack for yo niggas with yo trapping ass
False,1.0539727554066711,1,1,1,Clean,5,0,0.6514496803283691,0.3485502898693084,train,white devils like it i am drinking coffee brought to me by white devils sidekicks
False,1.0526542182183594,1,0,0,Clean,5,1,0.349010169506073,0.650989830493927,train,dontmessaroundwith conservatives. dismiss them with prejudice.
False,1.0525778815908728,1,1,1,Clean,3,0,0.6509631276130676,0.3490368127822876,train,oprah revealed as closet white supremacist ;
False,1.0521000988827676,1,1,1,Clean,5,0,0.6507964134216309,0.3492036163806915,val,trump will never be a free range chicken again  he is a danger to the world while under constant surveillance and scrutiny   imagine him gallivanting around the world with the little scraps of actual intel he does know completely unfettered  just dont see it happening
False,1.0518181631050847,1,0,0,Clean,5,1,0.3493020832538605,0.6506979465484619,train,"yang birahi doesennya yang disalahin mahasiswi nya, kok lucuðŸ˜‚"
False,1.0516260417684382,1,0,0,Clean,2,1,0.3493691980838775,0.6506308317184448,train,what a silly little monkey ;
False,1.0513291452896918,1,1,1,Clean,5,0,0.6505271196365356,0.3494729399681091,train,yes the jews did it
False,1.0511216856526588,1,0,0,Clean,4,1,0.3495454490184784,0.650454580783844,train,too dumb to jump off?
False,1.0510291825909333,1,0,0,Clean,4,1,0.349577784538269,0.6504221558570862,train,"baby ill whisper vietnamese to you all soft like, ching... chong ting o long...."
False,1.0503326578868335,1,0,0,Clean,2,1,0.3498213589191437,0.6501786112785339,train,"emg klihatan si dri tekstur wajah, sikap. tekstur berbicaranya??"
False,1.0501479765710404,1,1,1,Clean,5,0,0.6501140594482422,0.3498859703540802,val,sorry my child my name is really satan not allah...yes you will die
False,1.0484633979189244,1,0,0,Clean,3,1,0.3504758775234222,0.6495241522789001,train,"first brush your teeth before you reeeee at me, you prepubescent little boy."
False,1.0476280339970454,1,1,1,Clean,1,0,0.6492312550544739,0.3507687747478485,train,BGT LU
False,1.047617668580425,1,1,1,Clean,2,0,0.6492276191711426,0.3507724106311798,val,di kasi diamond malah milih batu bata 😂😂
False,1.0475884420826267,1,1,1,Clean,3,0,0.6492173671722412,0.3507826626300812,train,stop oppressing me! have you heard of free speech? stop shoving your lifestyle down my throat! st amendment! tcot teabaggers
False,1.0473046326445292,1,0,0,Clean,5,1,0.3508822321891784,0.6491177082061768,train,user user siss why you posting retardi b did she sure you
False,1.0472608069390137,1,0,0,Clean,2,1,0.3508976101875305,0.6491023302078247,train,"Komennya jahat2 amat para ahli neraka, sibuk amat urusin hidup orng."
False,1.0469478826762315,1,0,0,Clean,1,1,0.3510074317455292,0.6489925980567932,train,james allsup  calling  is racist!
False,1.0466345470332583,1,0,0,Clean,4,1,0.3511174321174621,0.6488825082778931,train,user us in damn hesnot and the rest of them white ass bars
False,1.0464686233239204,1,1,1,Clean,3,0,0.6488243341445923,0.3511756956577301,train,over  years ....its pathetic.
False,1.0461635822570456,1,1,1,Clean,4,0,0.6487171649932861,0.3512828350067138,train,number of white women are just awful
False,1.0458802616768983,1,1,1,Clean,1,0,0.6486176252365112,0.3513823747634887,train,serius gini diluar ekpetasi🙂
False,1.0456048220997138,1,1,1,Clean,3,0,0.648520827293396,0.351479172706604,train,we dont need gun control. we need white male control....
False,1.042561470415578,1,1,1,Clean,5,0,0.6474495530128479,0.3525504767894745,train,he knew the email were released earlier! just pandering to his ignorant base
False,1.0404733079914783,1,0,0,Clean,4,1,0.3532874286174774,0.6467125415802002,train,terimakasih yang sudah milih Prabowo🔥
False,1.0401097947322304,1,0,0,Clean,1,1,0.3534158766269684,0.646584153175354,val,because e should have bee asians and f should have been all the above
False,1.0399468048996778,1,0,0,Clean,2,1,0.3534734845161438,0.6465265154838562,train,democrats are getting everything they deserve.
False,1.0384345350503892,1,0,0,Clean,5,1,0.3540084362030029,0.6459915637969971,train,"Gedek banget SMA ibu2 yg ngoceh "" ad guru disanan , damaikan saja, namanya anak2 "" Gila apa ini nyawa GK mikir pantes anaknya bis abullying gtu."
False,1.0384219915126325,1,1,1,Clean,2,0,0.6459871530532837,0.3540128767490387,train,mbak cadel yang bangga cadelnya sih kasihan karena cadel jijik tidak bisu saja
False,1.036833601739367,1,1,1,Clean,2,0,0.6454244256019592,0.3545756340026855,val,CI NATYA PEYUT NYA HEHE
False,1.036507958390242,1,1,1,Clean,1,0,0.6453089118003845,0.3546911180019378,train,user it  mind poison islam
False,1.0362445799949975,1,0,0,Clean,4,1,0.3547845482826233,0.6452155113220215,train,Masuk keranjang belanja blm tentu di check out alias di PHP 😂😂😂... Jordi oh jordiiii....
False,1.0348347743402428,1,0,0,Clean,2,1,0.3552850782871246,0.6447149515151978,train,"""Erica endgame gue"" inget tidak lu ngomong gitu brav"
False,1.0346935256089609,1,0,0,Clean,5,1,0.3553352653980255,0.6446647047996521,train,i think they have everyone but flakey flake.
False,1.0333248493199445,1,1,1,Clean,2,0,0.6441780924797058,0.3558219373226166,train,antifa has ts level influence. its scary.
False,1.0324970099608983,1,0,0,Clean,1,1,0.3561166226863861,0.6438834071159363,train,habis beli monyet mukanya mantan kamu
False,1.0318882888495564,1,1,1,Clean,2,0,0.6436665058135986,0.356333464384079,train,user im buying a pair in support of hoping to offend more muslims
False,1.031597026918605,1,1,1,Clean,2,0,0.6435626745223999,0.3564372658729553,val,imagine getting jumped by chinese niggas and you hear  cough on him
False,1.030314410372489,1,1,1,Clean,2,0,0.6431052684783936,0.3568947315216064,train,another fucking pittsburgh nazi. philly antifa is naming names and its glorious. url
False,1.0302835141782716,1,1,1,Clean,1,0,0.6430943012237549,0.3569057583808899,train,maxinewaters trump has displayed the most despicable behavior that any human being could do url maga
False,1.0293918606194352,1,1,1,Clean,2,0,0.64277583360672,0.3572241365909576,train,hansol kalo ngomong babi fasih banget wkwkwk
False,1.028721161504332,1,1,1,Clean,5,0,0.6425361633300781,0.3574638068675995,train,trump should call for a number day waiting period on bridges built by wetback girls
False,1.0273514711825849,1,1,1,Clean,5,0,0.6420462727546692,0.3579537570476532,train,@cilukbaa: paling gbsa kalo soal lele
False,1.0271588319647738,1,1,1,Clean,3,0,0.6419773101806641,0.3580227196216583,train,user user labour are the party that will save us from the jews
False,1.0267688386910847,1,0,0,Clean,3,1,0.358162373304367,0.6418375968933105,train,i am fuckin allergic to white lesbians with pixie cuts they make me itch
False,1.0265086780847468,1,0,0,Clean,3,1,0.3582555651664734,0.6417443752288818,train,this was honestly the best part of the devil may cry  trailer.
False,1.026265800590794,1,1,1,Clean,2,0,0.6416574120521545,0.3583425879478454,train,character and clinton. cartoon maybe
False,1.0260904996598528,1,1,1,Clean,3,0,0.6415945887565613,0.3584054112434387,train,user wait a minute pissed like pee pee or something else i am retarded sorry
False,1.0259450764316491,1,1,1,Clean,1,0,0.6415424942970276,0.3584575355052948,train,same here but the more he talks the dumber he looks wwgiwga maga url
False,1.0257870389164063,1,0,0,Clean,4,1,0.3585141897201538,0.6414857506752014,train,thanks i agree more repub mexicans blacks asians you get the picture
False,1.0252645539988865,1,0,0,Clean,3,1,0.3587015569210052,0.6412984132766724,train,so was the irs targeting of conservatives... obama sure set the mark for low deeds..
False,1.0243352771286056,1,1,1,Clean,4,0,0.640964925289154,0.3590350449085235,train,user jihadi relax soon you will also sink in pain and anguish of your jihadi brothers being killed by indian armed forces
False,1.0238559451965945,1,1,1,Clean,1,0,0.6407928466796875,0.3592071831226349,train,poor triggered snowflake. maga
False,1.0233610868689276,1,0,0,Clean,4,1,0.3593849837779999,0.6406150460243225,train,i feel so shame these people probably think i am a retard or something
False,1.02334226286733,1,0,0,Clean,5,1,0.3593917489051819,0.6406082510948181,train,"chburashka sure gets to be a nitpicky russian monkeybear thing sometimes, doesnt he?"
False,1.0226796682085464,1,0,0,Clean,1,1,0.3596299588680267,0.6403700113296509,train,ampunn minimal disikat tuh daki ?? gua beliin sabun dah sini dm alamatna
False,1.0219562313975037,1,1,1,Clean,3,0,0.6401097774505615,0.3598902225494385,train,kalau ga karna arhan gatau zize
False,1.0209263635269177,1,0,0,Clean,1,1,0.3602610528469085,0.6397389769554138,val,Pekerjaan minimal Bay memiliki uang untuk membuat Glowup
False,1.0208917026703666,1,0,0,Clean,2,1,0.360273540019989,0.639726459980011,train,kamu artis papan blenyek saja belagu artis tidak populer sekalu hahaha
False,1.0199377186401268,1,0,0,Clean,1,1,0.3606173992156982,0.6393826007843018,train,babi ngeselin kamu
False,1.0191762927021943,1,1,1,Clean,3,0,0.639107882976532,0.3608920872211456,train,cocok sekali sama2 orang tidak benar biar hancur
False,1.0188060743376617,1,0,0,Clean,5,1,0.361025720834732,0.6389743089675903,train,i am literally retarded kms
False,1.0185763667771557,1,1,1,Clean,3,0,0.638891339302063,0.361108660697937,train,cuci muka deh setidaknya kalo mau hikin VT
False,1.0185569723992056,1,0,0,Clean,4,1,0.3611156642436981,0.6388843655586243,train,accidentally bought medium salsa and my white ass can not handle that shit
False,1.0176243405810788,1,0,0,Clean,3,1,0.3614526093006134,0.638547420501709,train,not one mention about burns night our own culture .
False,1.0174816271584164,1,0,0,Clean,2,1,0.3615041971206665,0.6384958028793335,train,i am a liberal and i have consensual sex with more women than the guys you see in porn
False,1.0158522143085682,1,1,1,Clean,1,0,0.6379063129425049,0.3620937168598175,train,i wonder if they are sex traffic victims?
False,1.015482730658172,1,0,0,Clean,2,1,0.3622275292873382,0.6377725005149841,train,if you are white and act ghetto the left will like you
False,1.0152959012582496,1,0,0,Clean,5,1,0.3622952103614807,0.6377047300338745,train,this weather for jadakiss dykes
False,1.0152102724990093,1,1,1,Clean,5,0,0.6376737952232361,0.3623262345790863,train,nonetheless many liberals are seriously lacking in critical thinking.
False,1.0145159715192833,1,1,1,Clean,3,0,0.6374221444129944,0.362577885389328,train,ada yang kotak tapi bukan adu2
False,1.014114033417845,1,0,0,Clean,4,1,0.3627236485481262,0.6372763514518738,val,million americans understand embarrassed... we dealt with watching our country being divided by progressive ideologies for  years ruled by entitled and elitist liberals! yep.... url
False,1.0125078946090489,1,0,0,Clean,5,1,0.3633067011833191,0.6366933584213257,train,the traffics really bad rn like fuck you too supreme boi i know this so your fault
False,1.0122829915760023,1,0,0,Clean,2,1,0.3633884191513061,0.6366115808486938,train,most of them in chicago where there is stricter gun control. it doesnt work!
False,1.0104774813186683,1,1,1,Clean,3,0,0.6359549164772034,0.364045113325119,train,quick preview summary  blame democrats blame obama blame gun control blame blacks passively blame democrats
False,1.0103902177121211,1,1,1,Clean,2,0,0.6359230875968933,0.3640768826007843,train,end of story.   where is the lying liberals witness
False,1.0089050395463963,1,1,1,Clean,4,0,0.6353819966316223,0.3646180033683777,train,mental illness is a family illness.  at least she is out of the gene pool now.
False,1.0083119774402831,1,1,1,Clean,5,0,0.6351656913757324,0.3648343086242676,train,Diem Pak Diem...
False,1.0081010014525782,1,1,1,Clean,5,0,0.6350886821746826,0.364911288022995,train,omg he is!!!!! i fucking hate dale!!!!!!
False,1.0047509601823408,1,0,0,Clean,5,1,0.3661358058452606,0.633864164352417,train,buat tmn2 klo punya jerawat jgn sering dipencetin ya ntar jadi bopeng?? klo udh terlanjur bopeng semuka perawatanya mahal
False,1.0045148556280274,1,0,0,Clean,1,1,0.3662222623825073,0.6337776780128479,val,nigor??
False,1.0044599271946764,1,1,1,Clean,5,0,0.6337576508522034,0.366242378950119,train,an angry white generation is coming.
False,1.0043948307359414,1,1,1,Clean,2,0,0.6337337493896484,0.3662662208080292,train,where is the fascist version of antifa?
False,1.003407430398617,1,1,1,Clean,4,0,0.6333720088005066,0.3666280508041382,train,dont my nigga me honkie
False,1.002905524021574,1,1,1,Clean,2,0,0.6331878900527954,0.3668121099472046,train,"biasanya klo berita2 bgini banyak yg komen â€œtebak agamaâ€, kok kosong ya skrg ?"
False,1.0028095761144709,1,1,1,Clean,2,0,0.6331526637077332,0.3668473064899444,train,user help i am retarded idk what it mean
False,1.002633140488931,1,0,0,Clean,3,1,0.3669120371341705,0.6330879926681519,train,Lah ngapain minta maaf? kan dia gak salah ðŸ˜‚ðŸ˜‚
False,1.0022417952156957,1,1,1,Clean,2,0,0.6329443454742432,0.3670556545257568,train,"ternyata emang ada makhluk seperti ini, kukira cuma mitos"
False,1.0019703229249846,1,1,1,Clean,2,0,0.6328446865081787,0.3671553134918213,train,were these asians eating ramen or were they the kebab types
False,1.0017569474297705,1,0,0,Clean,2,1,0.3672336637973785,0.6327663064002991,train,restorehumanity antifa  september  stop the fascist nvu in amsterdam url   ht
False,1.0001467780335982,1,0,0,Clean,3,1,0.367825448513031,0.632174551486969,train,wtf why is muslim twitter a thing
False,0.9999838540475664,1,0,0,Clean,2,1,0.3678853809833526,0.6321146488189697,val,just as you can not treat a gentleman just like an redneck you can not treat an alpha male like a beta male
False,0.9991498009915032,1,1,1,Clean,3,0,0.6318076252937317,0.3681923449039459,train,dozens of christian villages in nigeria wiped out in mass muslim killing sprees.
False,0.9990754987526244,1,1,1,Clean,5,0,0.6317802667617798,0.3682197034358978,train,user they put the a in the one for spic kids as an afterthought that racist
False,0.998684491240574,1,0,0,Clean,2,1,0.3683637082576751,0.6316363215446472,train,silly joe! im a maga of society ... feel that
False,0.9984515939892336,1,1,1,Clean,5,0,0.6315504908561707,0.3684495091438293,train,"well, there may be something said for extremely motivated corpses... just ask the demorat vote counters"
False,0.9978996200863496,1,0,0,Clean,2,1,0.3686529397964477,0.631347119808197,train,"yup, the sickos are pointing the fingers."
False,0.997686222258641,1,1,1,Clean,1,0,0.6312683820724487,0.3687316179275512,train,i see future case of diversity with mudshark sunglasses
False,0.9967084888990068,1,0,0,Clean,3,1,0.3690923154354095,0.6309077143669128,train,liberals should just be banished from the united states amp; dropped in the middle east.
False,0.996384512098337,1,1,1,Clean,2,0,0.6307880878448486,0.3692119121551513,train,arabs may not have invented slavery but they sure did perfect it
False,0.9963523865536428,1,0,0,Clean,2,1,0.3692237734794616,0.6307762265205383,train,i fucking hate insecure ass people
False,0.9930770483186756,1,0,0,Clean,1,1,0.3704350888729095,0.6295649409294128,train,sorry all my fellow negros
False,0.992951550742746,1,1,1,Clean,4,0,0.6295183897018433,0.3704815804958343,train,more queer lady templars. thats my point.
False,0.9925961401965984,1,1,1,Clean,4,0,0.6293866634368896,0.3706132769584656,train,"aloy :ntar kalau sampe dia nyakitin erika gua maju paling depan
aloy : Menghilang dari line"
False,0.9916697230904395,1,1,1,Clean,2,0,0.6290432214736938,0.3709567785263061,train,i am not the one aborting babies here your liberal white women are doing that
False,0.9913689788425574,1,1,1,Clean,1,0,0.6289316415786743,0.3710683584213257,train,you can thank bho  his wolves for usas division  lawlessness
False,0.9905346141458128,1,1,1,Clean,1,0,0.6286218762397766,0.371378093957901,train,i try and avoid shops owned by.or employing non.whites too .
False,0.9902830685331088,1,1,1,Clean,3,0,0.6285285353660583,0.3714715242385864,train,occupy wall street.....where women got raped
False,0.9902003571496208,1,0,0,Clean,2,1,0.3715022504329681,0.6284977793693542,train,he will end in gitmo
False,0.9886210084742656,1,0,0,Clean,1,1,0.3720894455909729,0.6279106140136719,train,"bodoh banget saya tadi, salah belok"
False,0.988241752794218,1,0,0,Clean,2,1,0.372230589389801,0.627769410610199,train,kocak lu tasyi??
False,0.987737875993959,1,1,1,Clean,1,0,0.627581775188446,0.3724181950092315,train,carrey is looking more like a tranny every day ?!
False,0.9872592881118664,1,1,1,Clean,4,0,0.6274034976959229,0.3725964725017547,train,why would you want to see this pollution spread further into our gene pool ?
False,0.9870521470717512,1,0,0,Clean,3,1,0.3726736605167389,0.6273263692855835,train,what did more for islam
False,0.9869650646738756,1,1,1,Clean,5,0,0.6272938847541809,0.3727061152458191,train,"kek tetangga whooppðŸ”¥, gua lamar sana sni ga dptÂ², tetangga gua tinggal blg doang, interview formalitasðŸ”¥ðŸ”¥ðŸ”¥"
False,0.9861815043566547,1,1,1,Clean,5,0,0.6270017027854919,0.3729982674121856,train,memang aturan pertama dipolitik adalah tidak tau malu.
False,0.986035299218602,1,1,1,Clean,3,0,0.6269471645355225,0.3730528056621551,train,facebook employees are cephalopods ...
False,0.9853605559182836,1,1,1,Clean,1,0,0.6266953945159912,0.3733046054840088,train,stg i fucking hate white girls yo
False,0.9845528843595938,1,1,1,Clean,2,0,0.6263937950134277,0.3736062347888946,train,maximum resistance towards zog !
False,0.9844874756408276,1,1,1,Clean,3,0,0.6263693571090698,0.3736306726932525,train,"who the fuck you callin jiggaboo, nigga?!"
False,0.9836385874463516,1,1,1,Clean,4,0,0.6260520219802856,0.3739479780197143,train,stop showing off south asian functional illiteracy .
False,0.9835750714012966,1,1,1,Clean,1,0,0.6260282397270203,0.3739717304706573,train,what happened zhids happened
False,0.9805124449090872,1,1,1,Clean,4,0,0.6248811483383179,0.3751188218593597,train,chelsea is as crazy as her mother
False,0.9789849591824852,1,0,0,Clean,4,1,0.3756922483444214,0.6243077516555786,train,i guess antifa will get the same treatment when they decide to loot.
False,0.9788053009728216,1,1,1,Clean,1,0,0.6242402791976929,0.3757597506046295,train,just another yid waste of oxygen
False,0.9786661177954415,1,1,1,Clean,1,0,0.6241879463195801,0.3758120536804199,train,watching my retarded cat play with catnip is probably the best part of my day guys
False,0.9781216258631912,1,1,1,Clean,1,0,0.6239832639694214,0.3760167360305786,train,homosexuals did the holocaust
False,0.9768738538864712,1,0,0,Clean,3,1,0.376486212015152,0.6235138177871704,train,white history month will turn some heads .
False,0.9767707148542918,1,1,1,Clean,2,0,0.6234749555587769,0.3765250444412231,train,Ga setuju. Tugas utama mendidik anak adalah org tua dirumah. Itu namanya org tua lepas tanggung jawab ga boleh gtu
False,0.9762330285942796,1,0,0,Clean,4,1,0.3767275512218475,0.6232724785804749,train,"since you guys are opposed to miscegenation , i wonder what you think of yourselves being mixed ."
False,0.9762311299939358,1,1,1,Clean,3,0,0.6232717037200928,0.3767282664775848,train,that was awesome. i love hearing you destroy the liberals but most of all trudeau
False,0.9756619497700812,1,0,0,Clean,5,1,0.3769427537918091,0.6230571866035461,val,by the way this america hating muslin pos is vice chair of the democrat national committee
False,0.9739442743264402,1,0,0,Clean,1,1,0.3775907754898071,0.6224092841148376,train,man power by itself can neither retard nor advance god work
False,0.9732367022662758,1,1,1,Clean,4,0,0.6221420168876648,0.37785804271698,train,cung yang tau dia gara2 nikah sama arhann👆
False,0.9728153793130868,1,1,1,Clean,4,0,0.621982753276825,0.3780172765254974,train,Youtube😂
False,0.9724200034711225,1,1,1,Clean,5,0,0.6218332052230835,0.3781667649745941,train,honorary holocaust survivors these number
False,0.9706346414107704,1,0,0,Clean,3,1,0.3788425326347351,0.6211575269699097,train,happy friday the th... looking for like minded constitutional conservative deplorables to follow here on gab...
False,0.970081137820454,1,1,1,Clean,4,0,0.6209477186203003,0.3790522813796997,train,charming is knowing that all these unuseful beings lives in switzerland as refugees !!!!
False,0.9698103173984044,1,1,1,Clean,5,0,0.6208450198173523,0.3791549503803253,train,the lie of homosexuality and pederasty in ancient greece collapses
False,0.9679801744454828,1,1,1,Clean,3,0,0.6201504468917847,0.3798494935035705,train,omg i am also seeing the white devil herself lana next week i am
False,0.9669961647574822,1,1,1,Clean,2,0,0.6197764873504639,0.3802234530448913,train,some people wish for world peace.  chris rock wishes more white kids would get shot.
False,0.966643668823248,1,1,1,Clean,2,0,0.619642436504364,0.3803575038909912,train,haha you keep saying bye yet you yearn for more seems pretty shitskin tier sad tea biscuit
False,0.9665669637383176,1,1,1,Clean,5,0,0.6196133494377136,0.3803866803646087,train,all you do is lie. all congress does us lie.  maga.
False,0.9663727592949536,1,0,0,Clean,3,1,0.3804605603218078,0.6195394992828369,val,user  user  oh shit jews in charge of this too conspiracy
False,0.9649570452615686,1,0,0,Clean,5,1,0.3809995651245117,0.6190003752708435,train,user lmao son you know my mind gone beyond the regular crazy shit i  m retarded
False,0.9648116422358424,1,1,1,Clean,5,0,0.6189450621604919,0.3810549676418304,train,its scary stuff to see how dedicated you are to preventing peoples access to resources during a crisis.
False,0.9632693571268246,1,1,1,Clean,3,0,0.6183568239212036,0.3816431164741516,val,mark conditt austinbombing suspect and domestic terrorist argued against abortion gay marriage homosexuality in blogs and was a democrat hillary clinton is a murderer billclinton is a rapist anthonyweiner is a pedophile humaabedin has family in muslimbrotherhood alfranken is a pervert harveyweinstein is a hollywood predator
False,0.9631801828872512,1,0,0,Clean,2,1,0.3816771507263183,0.6183228492736816,train,i meant whigger not whither lol
False,0.962293480357482,1,1,1,Clean,1,0,0.6179842352867126,0.3820157349109649,val,im sorry but damn she is hot af
False,0.9612837955558736,1,1,1,Clean,5,0,0.6175984144210815,0.3824016451835632,train,why am i only seeing arabs attack that wolfie female
False,0.960734040103726,1,1,1,Clean,2,0,0.6173880696296692,0.3826119303703308,train,user user eat shit nazi
False,0.9601022258781324,1,0,0,Clean,4,1,0.3828537464141845,0.6171462535858154,val,is that a bar where antifa sharpens their stones and buys their silly string?
False,0.9596033015978488,1,1,1,Clean,4,0,0.6169552206993103,0.3830448091030121,train,no these are only whites pies. well do you have any negro pies?
False,0.9594964049596386,1,1,1,Clean,1,0,0.6169142723083496,0.3830857574939728,train,liberals want bert and ernie to be gay.  wtaf.
False,0.9583429751667714,1,1,1,Clean,3,0,0.616472065448761,0.3835278749465942,train,unpopular opinion wearing dg in number is racist and i will assume you hate asians and gay rights
False,0.9558957542468454,1,1,1,Clean,2,0,0.6155323386192322,0.384467601776123,train,he doesnt want to give anything to potus!
False,0.955746392411865,1,1,1,Clean,4,0,0.6154749989509583,0.3845250308513641,train,user until your child gets murdered by an illegal immigrant buildthewall
False,0.9551717860451828,1,1,1,Clean,1,0,0.6152539849281311,0.3847460448741913,train,she is a biggest thing she as fail everywhere else
False,0.9542829435529548,1,0,0,Clean,5,1,0.385088175535202,0.6149118542671204,train,itu dosen apa predator mengerikan
False,0.9537265030063612,1,1,1,Clean,2,0,0.6146974563598633,0.3853025138378143,train,user but you  re ok with palestinians killing their own people very nazi of u
False,0.9535513254626996,1,1,1,Clean,4,0,0.6146299839019775,0.3853700160980224,train,"Semakin hari makin parah Fans Korsel disana, dulu Sty pas pulang dilepar telur busuk. skrng malah dihina-hina, dihujat-hujat juga. apalagi lihat streamer asli sono gilanya ngalahin orng indo."
False,0.9531177286965627,1,1,1,Clean,4,0,0.6144629120826721,0.3855371475219726,train,"hey fellow whites, sit down and let me lecture about how terrible we are..."
False,0.9519728640391024,1,1,1,Clean,5,0,0.6140212416648865,0.3859787881374359,train,lu ngapain cok
False,0.9513555875733226,1,1,1,Clean,2,0,0.6137828826904297,0.3862171173095703,val,rates  claim that the safe act is the nations toughest gun control law mostly false. url
False,0.9510066325927272,1,1,1,Clean,4,0,0.6136480569839478,0.3863519132137298,train,"dari jawa tuh yang pilih, kalau dari sumatra udah tidak laku banteng"
False,0.9509309633100348,1,0,0,Clean,4,1,0.3863811492919922,0.6136188507080078,train,user courtois is a fucking mess
False,0.9504207115533068,1,1,1,Clean,5,0,0.6134216785430908,0.3865783512592315,train,niggas probably be watching me like look at this uncle tom ass rasta
False,0.9504002822283438,1,0,0,Clean,2,1,0.3865862488746643,0.6134137511253357,train,ngbayangin teh astrid pas mudaðŸ˜
False,0.9503100127360754,1,1,1,Clean,5,0,0.6133788228034973,0.3866211473941803,val,he is speaking to the best of the best  with utter disrespect    our law enforcement ice agents  all first responders  low middle and high class of all races and religions   disagree mr creepyjoebiden  gravy train is over punk!  joedonttouchsomuch biden dirty hand joe
False,0.949492023146338,1,0,0,Clean,5,1,0.386937528848648,0.6130625009536743,train,Bahas kasus psikopat lgi oppa
False,0.9493593247370876,1,0,0,Clean,4,1,0.386988878250122,0.6130111217498779,train,acidmine slut can not use their pieces mecha song to counter woodchimes coil mage diseased kick
False,0.9493084218950848,1,0,0,Clean,2,1,0.3870085775852203,0.6129913926124573,train,"are you sure about that, slant? theyre plagiarists, and you have no idea who i am."
False,0.9491216206570644,1,1,1,Clean,3,0,0.6129190921783447,0.3870808780193329,train,"ngapain hi hi , org ga kenalðŸ˜­"
False,0.948842253920897,1,1,1,Clean,4,0,0.6128109693527222,0.3871890306472778,train,make yourself useful and  go bury your head in the sand.
False,0.9482612917496628,1,1,1,Clean,2,0,0.6125860214233398,0.3874140381813049,train,fool on the hill !
False,0.9473651944492316,1,1,1,Clean,3,0,0.6122386455535889,0.3877613544464111,train,gangsinggghh....muter2ðŸ¤£ðŸ˜‚
False,0.9460139558689572,1,1,1,Clean,2,0,0.6117143034934998,0.3882856667041778,train,failure to show empathy  up to  months in jail or an unlimited fine.
False,0.9459431915544656,1,0,0,Clean,4,1,0.3883131444454193,0.6116868257522583,train,ngehina fisik ni orang tidak benar ya wkwkwkwk
False,0.945641616733079,1,1,1,Clean,2,0,0.6115697026252747,0.3884302675724029,train,ga herman namanya aja ica
False,0.9445574662187712,1,1,1,Clean,5,0,0.6111483573913574,0.3888516128063202,train,whats your point. you are so clearly ignorant about the nature of sexual assault
False,0.9441642939854584,1,0,0,Clean,1,1,0.3890045285224914,0.6109954118728638,train,gross. this is one of many reasons it is so easy to vote against the left.
False,0.9440221126632788,1,1,1,Clean,2,0,0.610940158367157,0.389059841632843,train,ini tiga aku satu aja gapunya'
False,0.9423907730763874,1,1,1,Clean,3,0,0.6103050112724304,0.3896950483322143,train,tweeting about how horny u are amp how high your sex drive is is ghetto
False,0.942380984195027,1,1,1,Clean,5,0,0.61030113697052,0.38969886302948,train,HAYOO LO SEMUA YG MINTA CWO KAYA BRAVY MUNCUL ðŸ¤£ðŸ¤£
False,0.9422697953467716,1,1,1,Clean,2,0,0.6102578043937683,0.3897421956062317,train,user you using big words im mentally retarded  jk jk
False,0.9418248578111066,1,0,0,Clean,4,1,0.3899156451225281,0.6100843548774719,train,"Selama tdk ada proses hukum, selamanya ga akan selesai kasus bulliying"
False,0.9416874411808644,1,1,1,Clean,1,0,0.6100308299064636,0.3899692296981811,train,silly rabbit  laws and rules arent for liberals.
False,0.9412476514843228,1,1,1,Clean,1,0,0.6098592877388,0.3901407718658447,train,jessica im not afraid to slit your throat tomorrow;   ;
False,0.9411281104103828,1,0,0,Clean,4,1,0.3901874125003814,0.6098126173019409,train,"also, i put i touch myself on a nedchuck mix."
False,0.9385794452942304,1,0,0,Clean,1,1,0.3911831378936767,0.6088168025016785,train,billions are being looted from social security to witchhunt men  harm children
False,0.9385207083152436,1,1,1,Clean,5,0,0.6087938547134399,0.3912061154842376,train,cowo ko pake crop top dunia makin aneh
False,0.9378931769883396,1,1,1,Clean,2,0,0.6085482835769653,0.3914516866207123,train,dari awal sdh gak jelas ðŸ¤£
False,0.9378725452058544,1,1,1,Clean,3,0,0.6085402369499207,0.3914597630500793,val,"people love seattle, almost no blacks, its like the old days"
False,0.9378115659312142,1,1,1,Clean,2,0,0.6085163354873657,0.3914836347103119,train,"take a bath, you smelly african."
False,0.9376496577373734,1,0,0,Clean,4,1,0.3915470242500305,0.6084529757499695,train,user your party blames immigrants which is a distraction from fools like you and paedo elites who poison the environment whopper
False,0.9375023874377708,1,1,1,Clean,5,0,0.6083952784538269,0.3916046917438507,train,Hukum pelaku sangat bahaya bisa anak yg di bully meninggal kurang ajar nih anak. Ayo buk hajar buk aku paling benci anak yg suka bully anak orang
False,0.9369256924273252,1,0,0,Clean,2,1,0.3918305933475494,0.6081693768501282,train,she is flat out lying!
False,0.936691761684816,1,0,0,Clean,4,1,0.391922265291214,0.6080777049064636,train,y  all got everybody infiltrating negroes  nicki minaj
False,0.936312082961133,1,1,1,Clean,4,0,0.6079289317131042,0.3920710980892181,train,maybe you should stop spinning dreidels and freebasing pennies while you larp as some paki thot
False,0.9362258124428052,1,1,1,Clean,2,0,0.6078950762748718,0.3921049237251282,val,now comes the pain...............  maga  wwgwga url
False,0.9360110425835388,1,0,0,Clean,1,1,0.3921891450881958,0.6078108549118042,train,how shy people flirt. learn tips from the best!
False,0.935485484199858,1,1,1,Clean,3,0,0.6076046228408813,0.3923953175544739,val,liars like the antifa twins you vigorously defend?
False,0.9354193341641864,1,1,1,Clean,2,0,0.6075787544250488,0.3924212753772735,val,last point if you keep them in ghettoes explain white flight surely there would be no need no
False,0.9349271816407289,1,1,1,Clean,5,0,0.6073855757713318,0.3926144540309906,train,_dy1412 buset cantik diedit saja mba coba sudah aslinya sudah mirip buntelan kentut
False,0.9340365020435872,1,0,0,Clean,4,1,0.3929643034934997,0.6070356965065002,train,whites hide in their all white cities towns neighborhoods etc .
False,0.9339428443136828,1,0,0,Clean,4,1,0.3930011093616485,0.606998860836029,train,it seems that  holds the whip hand when it comes to governing the  and brexit.
False,0.933048873546126,1,0,0,Clean,5,1,0.393352597951889,0.6066473722457886,train,whatever white people do asians dont have to follow
False,0.9327444964834736,1,1,1,Clean,1,0,0.6065276265144348,0.3934723436832428,train,anjir dark bgt abidzar
False,0.9308135058312887,1,1,1,Clean,1,0,0.6057671308517456,0.3942328691482544,train,so you are an illegal immigrant that got amnesty
False,0.9302149667927568,1,0,0,Clean,5,1,0.3944689035415649,0.6055310964584351,val,itu ah babi kamu din
False,0.929981391931481,1,1,1,Clean,3,0,0.6054389476776123,0.3945610523223877,train,"democrats want more gun control!  i say,   just go to the range and practice,..  youll get better  url"
False,0.9294427611709796,1,1,1,Clean,3,0,0.6052263379096985,0.3947736322879791,train,rigen anaknya bahlil juga kayanya
False,0.9290786531865992,1,1,1,Clean,1,0,0.605082631111145,0.3949173986911773,train,i am shocked a moslem planning a terror attack
False,0.9289977583019868,1,1,1,Clean,1,0,0.6050506234169006,0.394949346780777,val,thats ok antifa terrorists dont have intelligent conversations any way. keep your head in that safe space. url
False,0.9289609351861208,1,1,1,Clean,2,0,0.6050361394882202,0.3949638903141022,val,i continue to be concerned that our countrys gun control laws are not good enough to protect our children. i will only vote for the party that is willing to address this issue.
False,0.9287057761743488,1,0,0,Clean,2,1,0.3950646817684173,0.604935348033905,train,sick of these niggas hire some fucking help get rid of these niggas
False,0.9284297164559008,1,0,0,Clean,4,1,0.3951737582683563,0.6048262715339661,train,sounds like moslem men have no self control whatsoever
False,0.9280950019981749,1,0,0,Clean,4,1,0.3953060507774353,0.6046939492225647,train,the rugrats believe in gun control
False,0.9279633034603848,1,0,0,Clean,2,1,0.3953581154346466,0.604641854763031,train,"yaudasi gausah kemana2 toh itu salahnya sendiri kenapa mauuu, dan kalaupun emang anaknya toh juga gabisa dinasabkan ke bapak nyaaa dan juga gaberhak dapat nafkah sesuai hukum agama"
False,0.9279501873262128,1,1,1,Clean,5,0,0.6046366691589355,0.395363301038742,train,Tumben kali ini gue gercep bet di podcast om Dady😁
False,0.9270470201938672,1,1,1,Clean,5,0,0.6042794585227966,0.3957205414772033,train,"Kampret betul, pas mengarah kesitu udah mbatin “ini mah filmnya mas hansol”😂🤣🤣"
False,0.9267980712413486,1,0,0,Clean,5,1,0.3958190679550171,0.6041809916496277,val,Gausah ditahan buarin digebukjn lah kebiasaan bgt dibelain bodoh bgt yg misahin bloon bgt orang udh maen fisik juga biar tau tiap perbuatan tu ada balasan
False,0.9265001820404524,1,0,0,Clean,4,1,0.3959369957447052,0.6040629744529724,train,powers u dont go outside ur tanks been on full for  months u anti social monkey
False,0.9264683431827044,1,1,1,Clean,5,0,0.6040503978729248,0.3959496021270752,train,disini mau sombong langsung ciut 🤣😭😭 semangat terus bang oki!
False,0.926466762556604,1,1,1,Clean,5,0,0.6040497422218323,0.3959502279758453,train,battering rams used by liberals; sex amp; racism. it is sinister amp; desperate beneathhumanity
False,0.9263485990136074,1,0,0,Clean,2,1,0.395997017621994,0.6040030121803284,train,"""Kayak Randy Pangalila klo gk pake kacamata"""
False,0.9263143567745982,1,1,1,Clean,3,0,0.6039894223213196,0.3960105776786804,train,just got home. what the fuck happened today?
False,0.92597004286406,1,0,0,Clean,1,1,0.3961469531059265,0.6038530468940735,train,dudes built like a crushed twinkie
False,0.9257315154862708,1,1,1,Clean,5,0,0.6037585735321045,0.3962414562702179,train,you d think a gay gym would have whatever equipment required to work the rear end
False,0.9246153829496494,1,1,1,Clean,3,0,0.603316068649292,0.3966839611530304,train,ngapain nginap rumah cowok tidak ada keluarga lagi kamu
False,0.9243656114517108,1,1,1,Clean,3,0,0.6032170057296753,0.3967830538749695,train,erase islam from history hold them accountable maga is simple no
False,0.9240567322769973,1,0,0,Clean,4,1,0.3969056308269501,0.6030943989753723,train,manusia kocak ini nih
False,0.9236158454650464,1,0,0,Clean,2,1,0.397080659866333,0.6029192805290222,train,user honey they are the ghetto of all of gary
False,0.922370206904178,1,1,1,Clean,3,0,0.6024243831634521,0.3975755870342254,train,Jadi Valak??
False,0.9221999119629728,1,0,0,Clean,1,1,0.3976432979106903,0.6023566722869873,train,user every failure find someone else to put the blame on buhari is a fucking failure
False,0.9219019655801766,1,1,1,Clean,1,0,0.6022382378578186,0.3977617919445038,train,shameonyou conservatives proud of yourselves for inflicting such horrors on the folk of palestinian.... url
False,0.9216790883936108,1,0,0,Clean,4,1,0.3978504538536072,0.6021495461463928,train,why adonnis look like he bout to sell the most ghetto used cars of  ?
False,0.9216270284431576,1,0,0,Clean,1,1,0.3978711664676666,0.602128803730011,train,the dems are campaigning on medicareforall and gun control. how are those falsehoods?
False,0.9215333273615982,1,1,1,Clean,3,0,0.6020915508270264,0.3979084491729736,train,why is the dole queue in the ghetto so black
False,0.9214540141228328,1,1,1,Clean,4,0,0.6020600199699402,0.3979400098323822,train,obviously not because the cancer antifa committed a fucking crime.
False,0.9213532152504964,1,1,1,Clean,5,0,0.6020198464393616,0.397980123758316,train,most cities have a ghetto street named mlk blvd
False,0.9211070271404233,1,1,1,Clean,2,0,0.6019219160079956,0.3980781137943268,train,dosen gini tuh banyak banget 😭
False,0.920917859881156,1,0,0,Clean,5,1,0.3981534242630005,0.6018465161323547,train,Pemikiran macam apa ini 🗿
False,0.9208324581345596,1,0,0,Clean,2,1,0.3981874287128448,0.6018126010894775,train,is trying too hard to create a racist agenda.
False,0.9185853697509896,1,0,0,Clean,5,1,0.3990831971168518,0.6009167432785034,train,"Oh tidak ada urusan ya, kasian juga ya pemimpin kita tidak dianggap ðŸ˜¢ðŸ˜‚"
False,0.91849658277996,1,1,1,Clean,3,0,0.6008813977241516,0.3991186320781708,train,i have been on number since a kenyan moslem became president
False,0.9180402271616523,1,1,1,Clean,1,0,0.6006991863250732,0.3993008136749267,train,and pedophile podesta still on with his blue check mark account.
False,0.917593554236924,1,1,1,Clean,3,0,0.6005207896232605,0.3994792103767395,val,masih layak di katain nih orang
False,0.9173460523228916,1,0,0,Clean,2,1,0.3995780944824219,0.6004219651222229,val,user dear jews after trump is done with the immigrants who next being a white nationalist who would be his next victims certainly black and brown citizens what about asian indian jews muslims mediterranean you modern holocaust
False,0.9172076331177218,1,1,1,Clean,5,0,0.6003665924072266,0.3996334075927734,train,"""Selamat ulang tahun panjang umur sampai ketemu dajjal"""
False,0.9170269562710428,1,1,1,Clean,5,0,0.6002944111824036,0.3997056186199188,train,Neira kanjera. Cyber bullying ❤🎉😊
False,0.916920191078094,1,0,0,Clean,3,1,0.399748295545578,0.6002517342567444,train,Maap bgt unfoll
False,0.9168618925511516,1,0,0,Clean,1,1,0.3997716009616852,0.6002284288406372,val,ada yang besar tapi bukan bola akwwkaw
False,0.9167944285494142,1,1,1,Clean,5,0,0.600201427936554,0.399798572063446,train,Dia lagi hamil ya?(bertanya dengan nadaaa sangat lembuutt)
False,0.916778774569751,1,1,1,Clean,5,0,0.6001951694488525,0.3998048305511474,train,user devildog if that raghead was number then i am baby leroy
False,0.9167652079855894,1,1,1,Clean,1,0,0.600189745426178,0.399810254573822,train,hiring someone from this website should ensure we do nt hire undesirables .
False,0.9165259594662796,1,1,1,Clean,2,0,0.6000940799713135,0.3999059200286865,train,he was almost....almost as bad as obama!
False,0.916293771715659,1,1,1,Clean,2,0,0.6000011563301086,0.3999987840652466,val,Ko jd kisah nyata baru kejadiank dikomplek Pepabri kunciran udh masuk berita
False,0.915127612968878,1,0,0,Clean,3,1,0.4004655182361603,0.5995344519615173,val,noticed shes a blonde. fits the conservative mold. i dont know why conservatives are obsessed with blonde hair and internet addiction.
False,0.9142882934936236,1,0,0,Clean,4,1,0.4008017778396606,0.5991982817649841,train,also the left calls anyone it doesnt like fascist  gt;calls everyone on the left antifa.
False,0.9141137190555472,1,1,1,Clean,4,0,0.599128246307373,0.4008717536926269,val,le american have never seen jews in beast mode but the ones that live in dearborn michigan texas and houston are starting to see the light just give the rest some time zionism will take good care of that
False,0.914112380868361,1,0,0,Clean,2,1,0.4008722901344299,0.5991277694702148,train,"so you elevate that minority ever so slightly , and screw the rest ."
False,0.9138519888523984,1,0,0,Clean,3,1,0.400976687669754,0.5990232825279236,train,i think she is implying that men dont give birth!  how dare she
False,0.9126632834403592,1,0,0,Clean,5,1,0.4014536142349243,0.5985463261604309,train,Et dah ganteng banget dah ko
False,0.9124869141880104,1,1,1,Clean,2,0,0.5984755754470825,0.4015244245529175,val,berani2ny lewat fyp guaa
False,0.9122116591978512,1,1,1,Clean,5,0,0.5983650088310242,0.4016349613666534,val,cakep sih sayang aja tembem.. pipinya masa yang lain
False,0.9111494210165454,1,0,0,Clean,2,1,0.4020618200302124,0.5979381203651428,train,kaget tiba2 fiki naki nikah😱
False,0.9107683494062668,1,1,1,Clean,4,0,0.5977849364280701,0.4022150635719299,train,my manager is a white boy who thinks he  ghetto lmao
False,0.9104179391374536,1,1,1,Clean,1,0,0.5976439118385315,0.4023560285568237,train,suaranya dibuat2 bgt lol
False,0.9101614692423212,1,0,0,Clean,1,1,0.4024592339992523,0.5975407361984253,train,ashley calling michaels number years old white ass a stallion almost made me puke
False,0.9081068277999752,1,1,1,Clean,2,0,0.5967130064964294,0.4032869935035705,train,liberals ....cry and complain that all they do url
False,0.9080203702388714,1,1,1,Clean,3,0,0.5966780781745911,0.4033218622207641,train,si hebatnya banci yang badannya penuh koreng kaya kamu
False,0.90744594983659,1,1,1,Clean,5,0,0.5964463949203491,0.4035536050796509,train,she is full of bunk.
False,0.9060242460021388,1,0,0,Clean,1,1,0.4041277468204498,0.5958722233772278,val,TB pada gag ikut lamaran kerja apa libur panjang lhoo dek
False,0.9059139298570452,1,1,1,Clean,5,0,0.5958276987075806,0.4041723310947418,train,hope theyre brushed up on their very large negative numbers!
False,0.9057691952455452,1,1,1,Clean,5,0,0.5957692265510559,0.4042308330535888,train,meninggalkan berlian tai sapi
False,0.9057324803715568,1,0,0,Clean,4,1,0.4042456746101379,0.5957543253898621,train,"diuresis  definition, types, signs, causes, treatment, diagnosis. urination is a vital process in"
False,0.9054857589475034,1,1,1,Clean,2,0,0.5956545472145081,0.4043454229831695,val,no wonder we are in such bad shape with this tribe in charge of the white house and congress .
False,0.905374101945316,1,0,0,Clean,5,1,0.4043905735015869,0.5956093668937683,train,olivia you are killing it
False,0.9052172872869508,1,1,1,Clean,2,0,0.5955459475517273,0.4044539928436279,train,actually i prefer my jews going up the chimney
False,0.9043296258834002,1,0,0,Clean,3,1,0.4048131704330444,0.5951868295669556,train,he and obama... cant stand em.
False,0.9033381624386084,1,0,0,Clean,4,1,0.4052147269248962,0.5947852730751038,train,"""Santuy aja bang ga usah di tanggepin,btw gw suka gaya lo"""
False,0.9026539682887088,1,1,1,Clean,2,0,0.5945079326629639,0.4054920673370361,train,well since your streams always have porn in the title im going to sa you love porn
False,0.9023620085870674,1,0,0,Clean,1,1,0.4056104719638824,0.5943894982337952,val,gimana dengan Tugba😭
False,0.9020229044314596,1,0,0,Clean,1,1,0.405748039484024,0.5942519307136536,train,when theyre reviewing plays he is insufferable
False,0.9019640724576532,1,0,0,Clean,4,1,0.4057719111442566,0.5942280888557434,train,i hope  ask  about the deep state and swamp creatures undermining presidents agendas and latest  video
False,0.9018725629330708,1,1,1,Clean,2,0,0.5941909551620483,0.4058090448379516,train,"Dulu waktu sy mts sy d bully, tas d coret2, d omongin ini itu, sy diem ga pernah ngadu k siapa2... Akhirnya sy masuk SMK org yg bully udah kerja jd ART d luar kota,. Pembalasan dr Allah ada aja,. Skrg klo bully jgn diem aja ya nak anak...."
False,0.9016152648144804,1,0,0,Clean,1,1,0.4059134721755981,0.5940865874290466,train,white cops are called racists by mobs and liberals daily
False,0.9013887151784022,1,0,0,Clean,1,1,0.4060054421424866,0.5939944982528687,train,Drama cina
False,0.9012741384872202,1,0,0,Clean,2,1,0.4060519635677337,0.5939480066299438,train,great tweet! please retweet! patriots deplorables      walkawayfromdemocrats backtheblue rapistdemocrats frauddemocrats maga url
False,0.9007920473205356,1,0,0,Clean,1,1,0.4062477648258209,0.5937522053718567,train,looks like any other little porch monkey to me!
False,0.900789112926184,1,1,1,Clean,2,0,0.593751072883606,0.4062489569187164,train,"Hands Ko Buntung ,, Hey Maid"
False,0.9007003515666892,1,1,1,Clean,3,0,0.5937149524688721,0.4062850177288055,train,"tidak terbayang kalo dia beneran lanjut sama sapri, junho eunho jena yang sekorea itu harus liat kuda lumping terusðŸ˜­ðŸ˜­"
False,0.900517792017498,1,1,1,Clean,3,0,0.5936408042907715,0.4063591957092285,train,Noway 😮
False,0.8999727321460346,1,0,0,Clean,1,1,0.4065807461738586,0.5934192538261414,train,i also understand a lot of the followers are maga and cult aligned politically.
False,0.899458152764476,1,1,1,Clean,2,0,0.593209981918335,0.406790018081665,train,Pukulin Rame2
False,0.8993535398475572,1,0,0,Clean,5,1,0.4068325757980346,0.5931674242019653,train,and what did you expect from a known muslim who supports terrorism
False,0.8991273554916943,1,1,1,Clean,4,0,0.5930753946304321,0.4069246053695678,train,Gampang. Jelek di piala dunia. Terjawab kan? Skip konten
False,0.8980015166344448,1,0,0,Clean,1,1,0.407382994890213,0.5926169753074646,train,he is harry potter
False,0.8968884895156396,1,1,1,Clean,4,0,0.5921633243560791,0.4078366756439209,train,she is.  ur screwed.  trump owns scotus and he will exact a wrath upon enemies after the midterms
False,0.896397259538688,1,1,1,Clean,4,0,0.5919629335403442,0.4080370664596557,train,i hate arabs why they said we all are working in macdonalds
False,0.8963795113960069,1,1,1,Clean,5,0,0.5919557213783264,0.4080443084239959,val,kapan masuk pengadilan Pak budi?😁
False,0.8961484491006866,1,0,0,Clean,5,1,0.4081386029720306,0.5918614268302917,train,"finally...the end of this fake, heretical pope?"
False,0.895872982200622,1,1,1,Clean,2,0,0.5917489528656006,0.4082510471343994,train,@lotuye: repot bat banana boat
False,0.8954647765834001,1,1,1,Clean,4,0,0.5915822386741638,0.4084177315235138,train,nigga melly said  i get a ssi check i  m retarded fr
False,0.8952147389797837,1,0,0,Clean,4,1,0.4085198640823364,0.5914801359176636,train,Innalilahi wa innailaihi rojiun RIP HUKUM di INDONESIA ðŸ‘ŽðŸ»âš°ï¸ðŸ¥€ðŸ“´
False,0.8947443824625402,1,1,1,Clean,4,0,0.5912879705429077,0.4087120592594147,train,she should take a walk through nogo zones...  the world would be a better place.
False,0.8945968809379505,1,0,0,Clean,5,1,0.408772349357605,0.591227650642395,val,im waiting for them to claim the walking man at intersections is racist.
False,0.8944561805310942,1,0,0,Clean,5,1,0.4088298678398132,0.5911701321601868,train,at least you got the candy on stage oh no you did not user is a fucking savage
False,0.8943123658085267,1,1,1,Clean,3,0,0.5911113023757935,0.4088886678218841,train,from time you see a ghetto yute in formal wear just know they bouta go to court or funeral
False,0.8937872860617276,1,0,0,Clean,3,1,0.4091034233570099,0.5908966064453125,val,user shit i need a flamethrower  kill all them mfs neph
False,0.8937152420908354,1,1,1,Clean,1,0,0.5908671021461487,0.4091328978538513,train,Lo itu desperate banget looking for attention kasian
False,0.8913177347330276,1,0,0,Clean,5,1,0.410114973783493,0.5898850560188293,train,theres a reason why the yankees dont want anderson any longer.
False,0.8911920266256338,1,0,0,Clean,5,1,0.4101665318012237,0.5898334383964539,train,imagine the uproar if the black girl said  ten  .
False,0.8906807827359138,1,1,1,Clean,5,0,0.589623749256134,0.4103762805461883,train,Di kasih princess malah pilih ikan teri
False,0.8902521872732562,1,0,0,Clean,5,1,0.4105522036552429,0.5894477963447571,train,i wish you were gay
False,0.8894940458154129,1,0,0,Clean,4,1,0.4108635783195495,0.5891363620758057,train,Nafa Urbach gk bersalah dia cuma ngasih tau informasi tunjangan rumah TDK ada merendahkan rakyat kayak yg lainnya
False,0.8885818889334076,1,0,0,Clean,2,1,0.4112385213375091,0.5887614488601685,train,disregard women and acquire currency
False,0.8884807988452047,1,0,0,Clean,1,1,0.41128009557724,0.5887199640274048,val,while middle america was alternating between struggling along economically and finding cheap distractions they probably missed whole generations being taught to hate this nation that being white was a historical sin and that unrest is justice now many are finally being forced to notice this
False,0.8882977756979172,1,1,1,Clean,4,0,0.5886446237564087,0.4113553762435913,train,Tolol sia mah di halangan jenteing eta indung na
False,0.8882914001983824,1,0,0,Clean,1,1,0.4113579988479614,0.5886420011520386,train,Dah gua langsung unfollowðŸ˜Œ
False,0.8877416662477962,1,1,1,Clean,1,0,0.588415801525116,0.411584198474884,train,this maga would spend more than you amp; your homies together....now stop ya whining...
False,0.8875500908859447,1,0,0,Clean,2,1,0.4116630554199219,0.5883369445800781,train,capek bgt pasti tu ariel ðŸ¤£ðŸ¤£ðŸ¤£
False,0.8872054055902652,1,1,1,Clean,3,0,0.5881950259208679,0.4118049740791321,train,Komitmen Esscontinent Hilstream Bersama Tetapi Bukan Upaya Untuk Menikah dengan Baik Meninggalkan Buang -buang Waktu
False,0.8868530258257205,1,0,0,Clean,1,1,0.4119501113891601,0.5880498886108398,train,user we were all dykes just confused dykes
False,0.8868515065924991,1,0,0,Clean,1,1,0.4119507372379303,0.5880492329597473,train,billie eilish is the mother of all depressed gay kids
False,0.8865476340086144,1,1,1,Clean,2,0,0.587924063205719,0.412075936794281,train,shes an osuite...so she is deregionised.
False,0.8862127650304737,1,1,1,Clean,3,0,0.5877860188484192,0.4122139513492584,train,Isu ini kok langsung tenggelam sama lagu MBG dan Bahlil?
False,0.8860513362035543,1,0,0,Clean,2,1,0.4122804999351501,0.5877194404602051,train,or your in the ghetto
False,0.885801111581924,1,1,1,Clean,2,0,0.5876163244247437,0.4123836755752563,train,or you could legislate some common sense gun control and tone down your racist rhetoric.
False,0.8857133815515965,1,0,0,Clean,3,1,0.412419855594635,0.587580144405365,train,not all black girls are ghetto though
False,0.8853011390266488,1,1,1,Clean,5,0,0.587410032749176,0.4125899076461792,train,it really pisses of the liberal leftist
False,0.8840570615699663,1,0,0,Clean,2,1,0.4131035208702087,0.5868964791297913,train,dollars. thats what they get for a dead fetus.
False,0.8839068000240622,1,1,1,Clean,2,0,0.5868344306945801,0.4131655991077423,train,exhibit a gor the utter irrationality of the left. respect and support for women....i think not!!
False,0.8835314972767666,1,1,1,Clean,3,0,0.5866792798042297,0.4133206903934479,train,hopefully they will get deportation orders and be on the next flight back to cairo .
False,0.8832801001450827,1,0,0,Clean,4,1,0.4134246110916137,0.5865753889083862,train,user le dindu nuffin lol
False,0.8823528493439298,1,1,1,Clean,5,0,0.5861918926239014,0.413808137178421,train,"faux noise pundits dont like duck molester, proslavery racist, homophobic teabagger darling phil robertson either"
False,0.8821852016232472,1,0,0,Clean,4,1,0.4138775169849396,0.586122453212738,train,go the gulls. first grade should be a cracker. physical!
False,0.8820084386142806,1,1,1,Clean,2,0,0.5860493183135986,0.4139506816864013,train,there is no real difference between parties. it is a circus. they all serve the globalists.
False,0.8798402177969219,1,1,1,Clean,1,0,0.5851507782936096,0.414849191904068,train,all the black guys in green all look alike same muslim beards
False,0.879756816276272,1,1,1,Clean,1,0,0.5851161479949951,0.4148837924003601,train,it is the asians in white countries that bug me .
False,0.8796244369311783,1,0,0,Clean,4,1,0.4149387180805206,0.585061252117157,train,liberals will be complaining that his presence hurts recovery in  ...  ... ....
False,0.8792923805230615,1,1,1,Clean,3,0,0.584923505783081,0.4150765240192413,val,dia pikir dia paling cantik padahal hanyalah ampas
False,0.879177435993004,1,0,0,Clean,4,1,0.415124237537384,0.5848758220672607,train,could b ebola too same symptoms
False,0.8788453126541164,1,0,0,Clean,2,1,0.4152621328830719,0.5847378373146057,train,he is in jail
False,0.8787792887398,1,1,1,Clean,1,0,0.584710419178009,0.4152895510196686,train,densu dan om dedi pasti lagi muak bgt🤣👍🏻
False,0.8786452448973603,1,0,0,Clean,2,1,0.4153452217578888,0.5846547484397888,train,user user you had me at retarded
False,0.8780300792520042,1,0,0,Clean,1,1,0.4156008064746856,0.5843991637229919,train,"""Wah ngehina fisik ni orang,ga bener ya wkwkwkwk"""
False,0.8773478573701075,1,1,1,Clean,1,0,0.5841155052185059,0.4158844351768493,train,lets go la support my niccas no matter what
False,0.8772389399418785,1,1,1,Clean,4,0,0.5840703248977661,0.4159297347068786,train,it ai nt right unless it s white .
False,0.8767977307694479,1,1,1,Clean,5,0,0.5838866829872131,0.4161132872104645,train,and you support the right using antifa tactics in other words the tactics of a domestic terrorist group.
False,0.8761950094408579,1,0,0,Clean,2,1,0.4163641631603241,0.5836358070373535,train,dreamt i got sued again and the process server was a neonazi thanks brain
False,0.8761051120919747,1,1,1,Clean,4,0,0.5835984349250793,0.416401594877243,train,"but as for them adopting kids , the answer is no ."
False,0.8751288579093796,1,1,1,Clean,4,0,0.5831916928291321,0.4168083071708679,train,i  m so sick of all white parties
False,0.8751218508096861,1,0,0,Clean,2,1,0.4168112277984619,0.5831887722015381,train,okay what the deal with women and goodbye sex
False,0.8747125926774388,1,0,0,Clean,4,1,0.4169818460941314,0.5830181837081909,train,when queers persecute u and ir children u might return to god law aka theonomy
False,0.873832308289184,1,0,0,Clean,4,1,0.4173490703105926,0.5826509594917297,train,but google can give beijing every americans phone number. youre kidding me right?   maga
False,0.8736238168461099,1,1,1,Clean,2,0,0.5825638771057129,0.4174360930919647,train,"menyesal karena ketauan..kalau ga ketauan ya lanjut buly..sekarang aja pasti masih ngebully mungkin sama temen"" nya"
False,0.8732118170832562,1,1,1,Clean,4,0,0.5823919177055359,0.4176081120967865,train,bono is clearly a racist
False,0.8727554749797264,1,0,0,Clean,4,1,0.4177987277507782,0.5822013020515442,train,this pope may have to stepdown
False,0.8725139747729993,1,1,1,Clean,3,0,0.5821003913879395,0.4178996384143829,train,"Ya, Dongta Donghae, I Sings I Knump"
False,0.8721373622759935,1,0,0,Clean,2,1,0.4180570542812347,0.5819429159164429,val,theres dead silence fuck niggaas
False,0.8706878513745141,1,1,1,Clean,5,0,0.581336498260498,0.4186634719371795,train,monyet lu songong. URL
False,0.8702043412381406,1,0,0,Clean,2,1,0.4188659489154815,0.5811340808868408,train,woyyy lahhh bjirrrðŸ˜‚ðŸ˜‚ðŸ˜‚
False,0.870066390856874,1,1,1,Clean,1,0,0.5810762047767639,0.4189237356185913,train,i hate you niccas! lol
False,0.8692990824509365,1,1,1,Clean,5,0,0.5807546973228455,0.4192453026771545,train,adawg getcho ghetto booty up
False,0.8690628216816346,1,1,1,Clean,3,0,0.5806556344032288,0.4193443655967712,train,kambuh lagi
False,0.8669574926557752,1,0,0,Clean,2,1,0.4202281534671783,0.579771876335144,train,bill maher mocks gullible america for missing the real enemy
False,0.8668850156703776,1,0,0,Clean,1,1,0.4202586114406585,0.579741358757019,train,i always do everything last minute i fucking hate that shit already never again
False,0.865661784244009,1,1,1,Clean,3,0,0.5792270302772522,0.4207729995250702,train,Coba dehhhhh â€¦â€¦.Ke salon ?? ðŸ˜
False,0.8655378437052799,1,0,0,Clean,3,1,0.4208251535892486,0.579174816608429,train,the bengals just got raped by a reindeer
False,0.8655317533090698,1,0,0,Clean,1,1,0.420827716588974,0.5791722536087036,train,"@GhraAgags Korban bully yang d0ng0"" itu lho yang suruh sekolah yang bener. Mereka lho kadang cuma berlagak sok pintar dan sok dingin dengan jadi pendiam."
False,0.8638018835002351,1,1,1,Clean,1,0,0.578443706035614,0.4215563237667084,train,user the bees are illegal immigrants
False,0.8637055295703324,1,0,0,Clean,4,1,0.4215969443321228,0.5784030556678772,train,gua lagi nangis aja reflek ngakak jirrrðŸ˜­ðŸ˜­ðŸ¤£ðŸ¤£ðŸ¤£
False,0.863292154283899,1,0,0,Clean,5,1,0.4217712581157684,0.5782287120819092,train,want to touch tha boootyyyyy....neeeeed to touch the heinie ;
False,0.8626437065270888,1,0,0,Clean,1,1,0.4220448434352875,0.5779551267623901,train,hari hari liat orang selingkuh
False,0.8622638041555217,1,0,0,Clean,5,1,0.4222052097320556,0.5777947902679443,train,the dead kennedys didnt give a shit about race. hence the song.
False,0.8615449898217118,1,1,1,Clean,2,0,0.5774911642074585,0.4225088059902191,train,Artis tahun kapan?ðŸ™ðŸ»ðŸ™ðŸ»ðŸ™ðŸ»
False,0.8612147921175985,1,1,1,Clean,4,0,0.5773516893386841,0.4226483404636383,train,x anon ... hillary clinton  the root of all corruption
False,0.8608743414299384,1,1,1,Clean,1,0,0.5772076845169067,0.4227922558784485,train,absolutely but do you really think we should be allowing ghetto blacks to redefine our language
False,0.8599851621331108,1,0,0,Clean,5,1,0.4231683611869812,0.5768316388130188,train,Semua orang tua akan lakukan hal yang SMA klo anak nya d perlakukan seperti itu
False,0.8584243181893971,1,0,0,Clean,1,1,0.4238293766975403,0.5761706233024597,train,user want to do more than spank that white ass
False,0.855881874097949,1,0,0,Clean,3,1,0.424908310174942,0.5750916600227356,train,awww his poor pocket. try something else
False,0.8541412960990238,1,0,0,Clean,4,1,0.4256485402584076,0.5743514895439148,val,because liberals hate america and cant stand the thought of a successful country
False,0.8528707481875423,1,1,1,Clean,1,0,0.5738102793693542,0.4261896908283233,train,i  m tryna get drunk and this negro playing w my emotions
False,0.852706292546878,1,0,0,Clean,1,1,0.4262597858905792,0.5737401843070984,train,user kool fuck you too then
False,0.8519925664787681,1,1,1,Clean,5,0,0.5734358429908752,0.4265641272068023,train,lol really you must be a feminazi right go away femme fatale
False,0.8513054610414683,1,1,1,Clean,5,0,0.5731427073478699,0.4268573224544525,train,islam playing hide the salam
False,0.8489185815745498,1,0,0,Clean,2,1,0.4278773963451385,0.5721225738525391,train,from me to me fuck you nobody care about you you meant to be alone go kill yourself
False,0.8470197341248392,1,0,0,Clean,4,1,0.428690642118454,0.5713093280792236,train,where is my maga cap?! url
False,0.8467918059427085,1,0,0,Clean,3,1,0.4287883639335632,0.5712116956710815,train,Gonna flag this for nudity so I can rick roll the YouTube staff
False,0.8465884591710622,1,0,0,Clean,1,1,0.4288755655288696,0.5711244344711304,train,"Didikan orang tuanya mungkin seperti itu,,, yah mungkin akan kena karmanya nanti apa lagi anak yatim,,, dia akan merasakan nya nanti ..."
False,0.8463477767212093,1,1,1,Clean,1,0,0.5710211992263794,0.4289788007736206,train,this nigga nipsey really dead smh
False,0.8459952648272286,1,0,0,Clean,4,1,0.4291300475597381,0.5708699822425842,train,user white chocolate caramel yum yummy nut ur nipples and clit with it and bon appetit e
False,0.8451403060038644,1,1,1,Clean,5,0,0.5705029368400574,0.429497092962265,train,reading this thread it sure seems like your followers arent for gun control after all jimmy
False,0.8446304277434195,1,0,0,Clean,1,1,0.4297161400318146,0.570283830165863,train,coon rt  lt;fills coffee up halfwaygt; lt;uses  irish cremes to fill other halfgt;
False,0.8444929091902474,1,1,1,Clean,1,0,0.5702247619628906,0.4297752380371094,train,hello youtube.😂
False,0.8443959710150236,1,0,0,Clean,1,1,0.4298169016838074,0.5701830983161926,train,user they say we all siberian immigrants and that theyre the real natives mess lol
False,0.8423250716782261,1,0,0,Clean,5,1,0.4307079315185547,0.5692920684814453,train,kukira kamu rumah kandang babi
False,0.8422178270250477,1,1,1,Clean,1,0,0.5692458748817444,0.4307541251182556,train,mann i aint that smoove booty like you gee
False,0.8420737913371552,1,1,1,Clean,4,0,0.5691838264465332,0.4308161735534668,train,haaaaaa cause it never happened so if ye gonna tweet shit make sure its fact kid
False,0.8398494778615279,1,1,1,Clean,2,0,0.5682244896888733,0.4317755103111267,val,thats what the obamatard and hitlery did.
False,0.8392768222637785,1,1,1,Clean,2,0,0.5679771304130554,0.4320228397846222,train,"dosen babi, pengen liat gue mukanya"
False,0.8392633706282543,1,0,0,Clean,2,1,0.4320286512374878,0.5679713487625122,train,yo mama so ghetto she uses cigarette butts as qtips
False,0.8381549569929002,1,1,1,Clean,1,0,0.5674922466278076,0.4325077831745147,train,moore just got don elected again. liberals never learn. hes more unlikable than trump
False,0.8368325635328013,1,1,1,Clean,1,0,0.5669198632240295,0.433080106973648,train,1.3k is crazy
False,0.8368055196807808,1,1,1,Clean,2,0,0.5669081807136536,0.4330918192863464,train,projo artinya negri dan rakyat....apa hubungannya satttðŸ˜­ðŸ˜­
False,0.8367199200442655,1,0,0,Clean,4,1,0.4331288933753967,0.5668710470199585,train,never buy from stores that hire minorities over whites if at all possible .
False,0.8364523652141389,1,0,0,Clean,1,1,0.4332447946071625,0.5667551755905151,train,user bub happily crawls into her arms hugging into her neck with a coo
False,0.8354662160833917,1,1,1,Clean,5,0,0.5663277506828308,0.4336722493171692,train,wkwkw idungnya ngeselin bgt ya
False,0.8351395018537093,1,1,1,Clean,4,0,0.5661860704421997,0.4338139593601227,train,i live in oslo and racemixing is a huge problem .
False,0.8344964169139137,1,1,1,Clean,4,0,0.5659070014953613,0.434093028306961,train,go after nra if they allowed gun control this wouldnt happen.
False,0.8343102439747797,1,0,0,Clean,4,1,0.4341738522052765,0.5658261179924011,train,why do peeps gotta be mad ghetto nowadays? smh pull up your pants!
False,0.8327138890991145,1,0,0,Clean,2,1,0.4348675012588501,0.5651324391365051,train,baju nya Rebecca Kya sarung mukena aku
False,0.832398486229979,1,1,1,Clean,3,0,0.5649953484535217,0.4350046813488006,train,ezra is a cockroach who needs to have light shone on.
False,0.8315682115362778,1,0,0,Clean,1,1,0.4353660047054291,0.5646339654922485,train,ants can create their own civilization because they have a monarchy .
False,0.8312307927633943,1,1,1,Clean,3,0,0.5644870400428772,0.4355129301548004,train,no need for hateful comments but how are jews not white people
False,0.8311908302104908,1,0,0,Clean,1,1,0.4355303347110748,0.5644696950912476,train,jadi kaya tukang bangunan bang
False,0.8311210364312367,1,1,1,Clean,4,0,0.5644392371177673,0.4355607330799103,val,Bro merasa dirinya Ariel tatum ðŸ˜­
False,0.8299856560432153,1,0,0,Clean,2,1,0.4360555410385132,0.5639444589614868,train,user white suprematists will escalate to coordinating the killing of immigrants and poc with impunity
False,0.8299615988066743,1,1,1,Clean,1,0,0.5639339685440063,0.4360660314559936,val,"Bnyk kasus serupa,berharap ad badan lembga sperti teach u lesson..tp hnya d drama aja bnyk yg pro kontra. Apalgi klu bnr2 ad..psti bnyk yg mau recokin. pdhl d jamn kyk gini siswa2 tu bnyk yg udh d luar nalar"
False,0.8286600904963134,1,0,0,Clean,5,1,0.4366339445114136,0.5633661150932312,train,Setingan aja sih selama ini ðŸ˜…
False,0.8279603151109308,1,0,0,Clean,3,1,0.4369395971298218,0.5630604028701782,train,if trump needs a man to run operation wetback again i am available
False,0.8260118365576011,1,0,0,Clean,2,1,0.4377917945384979,0.5622082352638245,train,the earth is not getting bigger people .
False,0.8258753571177105,1,1,1,Clean,2,0,0.56214839220047,0.4378515481948852,train,looks like your average ghetto hopper
False,0.8257054815538746,1,1,1,Clean,3,0,0.5620740652084351,0.4379259347915649,train,Tompel keluar dari iyuuuhh
False,0.8253757494374765,1,1,1,Clean,1,0,0.5619296431541443,0.4380703568458557,train,stop buli abngnya.. bercanda hahahah
False,0.8253673816712954,1,0,0,Clean,5,1,0.4380740225315094,0.5619259476661682,train,you dont know her she is senegalese
False,0.8248833949498541,1,0,0,Clean,5,1,0.4382860958576202,0.5617139339447021,val,tugba diundang gaa kayanya baru ke indo
False,0.824408681681718,1,0,0,Clean,2,1,0.4384942054748535,0.5615057945251465,val,di sm yuk merah .........
False,0.8241577178941761,1,0,0,Clean,2,1,0.4386042654514313,0.5613957047462463,train,yes das def da problem.if his.teacher was a spear chucker he woulda gt both dose rite
False,0.8241333248271466,1,1,1,Clean,1,0,0.5613850355148315,0.4386149644851684,train,come on texas i know your not ready to hand over your guns to liberals!
False,0.8240391555047925,1,1,1,Clean,3,0,0.5613437294960022,0.4386562705039978,train,this is a crushpoint of anarchotyranny and the managerial state.
False,0.8236395441339242,1,0,0,Clean,1,1,0.4388315975666046,0.5611684322357178,train,"Warga Korea masih blm sadar, kalo sepak bola Korea banyak drama, dan tidak se sangar jepang.."
False,0.8231390155878823,1,0,0,Clean,5,1,0.4390513002872467,0.5609486699104309,train,Buset yng komen pada bawa fisik
False,0.8230302116193012,1,1,1,Clean,3,0,0.5609009265899658,0.4390990734100342,train,ca has inadequate gun control.
False,0.8229377748788481,1,0,0,Clean,1,1,0.4391396641731262,0.5608603358268738,train,projo artinya negri dan rakyatðŸ˜­ðŸ˜‚
False,0.8223028256420893,1,0,0,Clean,3,1,0.4394185841083526,0.560581386089325,train,Sampah masyarakat pantesnya digebukin rame rame satu sekolah
False,0.8213688758580086,1,0,0,Clean,1,1,0.4398291707038879,0.5601708889007568,train,had to listen to this idiotic statementstrategy for years .
False,0.8208826210152624,1,1,1,Clean,5,0,0.5599569082260132,0.4400430917739868,train,"commies is so s dood, your gonna need to catch up."
False,0.8206569837142111,1,0,0,Clean,3,1,0.4401423931121826,0.5598575472831726,train,user i did not know usher was moslem
False,0.8204253047495368,1,0,0,Clean,4,1,0.4402443766593933,0.5597556233406067,train,conservatives are x funnier than liberals.
False,0.8184200259192848,1,0,0,Clean,4,1,0.4411280751228332,0.5588719248771667,train,Hisab adalah saudara perempuannya
False,0.8176886257863099,1,0,0,Clean,1,1,0.441450834274292,0.5585491061210632,train,waduh hp gue jdi pecah
False,0.8176620947291237,1,0,0,Clean,1,1,0.4414625465869903,0.5585374236106873,train,if your humor is based on racism homophobia sexism and rape you  re not fucking funny go home
False,0.8175922262287011,1,0,0,Clean,2,1,0.4414933919906616,0.5585066080093384,train,tunggu klarifikasi dlu deh tapi klau bener sakit sih🥺
False,0.8156711022942298,1,1,1,Clean,4,0,0.5576575994491577,0.4423423707485199,train,a clear majority of conservatives approve of trump and the gop. dont be stupid.
False,0.8153433820677692,1,1,1,Clean,5,0,0.557512640953064,0.442487359046936,train,we have such a huge asian problem .
False,0.8143861650287891,1,1,1,Clean,5,0,0.5570888519287109,0.4429111182689667,train,define mentally ill that easy democrat there gun violence fixed
False,0.8137954219062918,1,1,1,Clean,5,0,0.556827187538147,0.4431728422641754,train,very disturbed by how this platform has become like a dictatorship from the soviet state.
False,0.8133364277046412,1,1,1,Clean,4,0,0.5566236972808838,0.4433763027191162,train,maybe stop attacking conservatives and you might find they dont retaliate.
False,0.8125046973085236,1,1,1,Clean,1,0,0.5562548041343689,0.4437452256679535,train,user your a muzzy that murders kurds if your not a parody account
False,0.8124370014271407,1,0,0,Clean,5,1,0.4437752664089203,0.5562247633934021,train,"illegal immigration  criminalized in . just doing his job, right america?"
False,0.8120567673755112,1,1,1,Clean,5,0,0.5560559630393982,0.4439440369606018,train,bunglon...🤔🤔🤔
False,0.8119615132942399,1,1,1,Clean,2,0,0.5560136437416077,0.4439863264560699,train,lol shit i just said this on your other tweet
False,0.8104494713209507,1,1,1,Clean,5,0,0.555341899394989,0.4446581602096557,train,rt user back to this ghetto ass single shit
False,0.8102787113057759,1,1,1,Clean,2,0,0.5552658438682556,0.4447340965270996,train,user do i look retarded
False,0.8099120913022269,1,0,0,Clean,4,1,0.4448971748352051,0.5551028251647949,train,"even if it s all black or all pakistani , that s somehow  diverse  ."
False,0.8088337804352224,1,1,1,Clean,5,0,0.5546228289604187,0.4453771710395813,train,this is fucking hilarious
False,0.8087959742903409,1,0,0,Clean,3,1,0.4453940093517303,0.5546059608459473,train,fuck nigga call blocked me
False,0.8084644789634131,1,0,0,Clean,1,1,0.4455416798591614,0.5544583797454834,train,Settingan ga si
False,0.8079706176295682,1,0,0,Clean,2,1,0.4457617700099945,0.5542382597923279,val,"""Kalian kaloga cocok mau di paksain?"""
False,0.8073253209426446,1,1,1,Clean,2,0,0.5539505481719971,0.4460495114326477,train,"Udh ga riset, pede lagi. Heran udh dikritik bukannya introspeksi malah sok i dont give a fuck  ewðŸ™„ belum jadi apa apa aja udah se arogan ini gimana nanti"
False,0.8068445766394188,1,1,1,Clean,2,0,0.5537359714508057,0.4462639987468719,val,the weirdest moment in house of number corpses is when the old rob zombie ass redneck grandpa name drops jimmy olsen aka the superman character no one cares about
False,0.8067349936759407,1,1,1,Clean,4,0,0.5536870360374451,0.4463129043579101,val,nigga ware da hits at
False,0.8064694667327599,1,1,1,Clean,2,0,0.5535686016082764,0.446431428194046,train,"""@rosameldianti_ cowokmu wajah nya culun dan cupu kayak om2"""
False,0.8057326099692725,1,0,0,Clean,5,1,0.4467605054378509,0.5532395243644714,train,tmn tmnnya pasti udah sangat amat tertekan
False,0.8048976460451869,1,1,1,Clean,3,0,0.5528663396835327,0.4471336901187897,train,makanya jangan rekam di otak kakðŸ˜­ðŸ™
False,0.8047946741186754,1,1,1,Clean,3,0,0.5528202056884766,0.4471797347068786,val,some people hope their ghetto fight ends up on worldstar hip hop but gab users we hope our epic shitpost ends up in a media matters top five list
False,0.8039779392432249,1,1,1,Clean,4,0,0.5524548292160034,0.4475451111793518,train,doesnt surprise me. texans hate liberals w soros backing.
False,0.8039288631342607,1,0,0,Clean,5,1,0.4475670754909515,0.5524329543113708,train,Dimana2 persatuan sepakbola pada plenger 😂
False,0.8032498357833612,1,0,0,Clean,5,1,0.4478710889816284,0.5521289110183716,train,dudes be all ego driven women less so
False,0.8031412448280826,1,1,1,Clean,3,0,0.5520802736282349,0.4479197263717651,train,i feel that islamophobia is better than raped murdered children fightbackordie
False,0.8030636015406667,1,0,0,Clean,3,1,0.4479545056819916,0.5520455241203308,train,the word jews was not even in old text bibles .
False,0.8012159142659089,1,1,1,Clean,4,0,0.5512170791625977,0.4487829506397247,train,"the natural royality of the planet was not the posing apes , but the overman ."
False,0.8009191854811095,1,0,0,Clean,2,1,0.4489161372184753,0.5510839223861694,train,everyone will be dead by
False,0.8007018571359582,1,1,1,Clean,1,0,0.5509862899780273,0.4490137100219726,train,you have a redneck attitude. the same people that think benghazzi is real think fox fake nws is real. your one
False,0.8006865914955626,1,0,0,Clean,3,1,0.4490205645561218,0.5509794354438782,train,i wouldnt mock the idea of american balkanizing.
False,0.7994821372178126,1,1,1,Clean,1,0,0.5504382848739624,0.4495617151260376,train,i believe gun control should consist of guarding your firearms from thivery and kids.
False,0.7994012643100732,1,1,1,Clean,5,0,0.5504019260406494,0.4495980739593506,train,victim gets the last laugh winning case to punish porn posting pig of exboyfriend.
False,0.7982125246023652,1,1,1,Clean,5,0,0.5498671531677246,0.4501328468322754,train,that stage was such a pain in the ass for terrorist hunt i loved it
False,0.7979807578231856,1,1,1,Clean,5,0,0.5497628450393677,0.4502371847629547,train,tidak cantiknya gila
False,0.7979346227187414,1,1,1,Clean,4,0,0.5497420430183411,0.4502579569816589,train,bayu aneh bgt anjir
False,0.7979137070741826,1,0,0,Clean,3,1,0.4502673745155334,0.5497325658798218,train,show named game of thrones you all think it da game of dead niggas dumb ass niggas
False,0.7978847171256841,1,1,1,Clean,5,0,0.5497196316719055,0.4502804279327392,train,the same way they take advantage of the state everywhere else .
False,0.7977299197314378,1,1,1,Clean,3,0,0.5496498942375183,0.4503501355648041,train,boycottnfl . you are dead to me.   url
False,0.7976761201776434,1,1,1,Clean,3,0,0.5496256351470947,0.4503743648529053,train,fake conservatives and their fake outrage over the budget betrayal url url
False,0.797655408451944,1,0,0,Clean,5,1,0.4503836929798126,0.5496163368225098,train,expose them racists homophobes islamophobes etc on social media dont be shy expose them all
False,0.7964977560942829,1,1,1,Clean,5,0,0.5490946173667908,0.4509053826332092,train,YOO THIS PROVES THIS WILL NEVER DIE
False,0.7963324676515307,1,1,1,Clean,3,0,0.5490201115608215,0.4509799182415008,train,"he played mr. freeze???!!! heh, since hes a jew, he ought to be called mr. eisen."
False,0.79627061542718,1,0,0,Clean,2,1,0.4510078132152557,0.5489921569824219,train,for someone unqualified he seems to be doing a darned good job.
False,0.7952877711345504,1,1,1,Clean,4,0,0.5485486388206482,0.451451301574707,val,"dihina tidak tumbang, dipuji tidak pantas"
False,0.7950568131459962,1,0,0,Clean,5,1,0.4515555799007416,0.5484444499015808,train,me waiting on you to take me to ny with you to get my nips pierced  ;;;;
False,0.7947690978797071,1,0,0,Clean,5,1,0.4516855180263519,0.5483145117759705,train,is q a giant larp?
False,0.7947306321350809,1,0,0,Clean,2,1,0.4517028927803039,0.548297107219696,train,user dont lie gooz you said dykey offered you money quid a week
False,0.7946860981725995,1,1,1,Clean,4,0,0.5482770204544067,0.4517230093479156,train,"""youtuber toxic, tutup akunmu sekalian tutup usia"""
False,0.7941476910787916,1,0,0,Clean,1,1,0.4519662857055664,0.5480336546897888,train,approach with their shrill scrape
False,0.7934943805275554,1,0,0,Clean,2,1,0.4522616565227508,0.5477383136749268,train,orng jlk udh pasti gagal dalam hal apapun ????
False,0.7927904615950061,1,1,1,Clean,5,0,0.5474199056625366,0.4525801241397857,train,"Blm jadi dokter aja udh gini,gimana udh jadi dokter,gimana nasib pasiennya coba🗿"
False,0.7921302058578663,1,0,0,Clean,3,1,0.4528790414333343,0.547120988368988,train,user user i  m super gay fuck
False,0.7919176081010016,1,1,1,Clean,4,0,0.547024667263031,0.452975332736969,train,these filthy yellow color jews jelly of our ivory color skin
False,0.7915982371308183,1,1,1,Clean,2,0,0.5468800067901611,0.4531200230121612,train,dem niggas ca have them white hoes.... i love my beautiful black sistas....
False,0.7908750137057794,1,1,1,Clean,4,0,0.5465521216392517,0.4534478485584259,train,user you want more wars for zion jews are the new nazis
False,0.790536593330563,1,1,1,Clean,4,0,0.5463986396789551,0.4536013305187225,train,"Emang gk cocok sm Erika, Erika kecantikan buat kamu ðŸ˜›"
False,0.7889213113185138,1,0,0,Clean,2,1,0.4543346166610718,0.5456653833389282,train,hes a big crybaby because he didnt get his way for the  election
False,0.7881283789640321,1,0,0,Clean,5,1,0.4546950161457062,0.5453050136566162,train,we can empty all our prisons also and just say they broke no laws.....liberal logic.
False,0.7869118445597347,1,1,1,Clean,2,0,0.5447515249252319,0.4552485048770904,val,this will blow up in the lefts face
False,0.7863965149658075,1,1,1,Clean,5,0,0.5445168018341064,0.4554831683635711,train,i tried to remember? i dont under your joke. i lobe conservatives like yourself because your so inept.
False,0.7847268895061522,1,0,0,Clean,4,1,0.4562442898750305,0.5437556505203247,train,italian niggas call they dick the poozingi
False,0.7838242997882247,1,0,0,Clean,1,1,0.456656277179718,0.543343722820282,train,and past him to soros.
False,0.783712512154072,1,1,1,Clean,3,0,0.5432926416397095,0.4567073285579681,train,model sengkuni...ðŸ˜„
False,0.7835235522531365,1,1,1,Clean,2,0,0.5432063341140747,0.4567936360836029,train,this never gets old! democrats
False,0.7834950417219022,1,1,1,Clean,1,0,0.5431932806968689,0.4568066596984863,train,anyone ever wonder how the nonwhites are getting into white nations?
False,0.7834156471119585,1,0,0,Clean,2,1,0.4568429291248321,0.5431571006774902,train,and these weasels are smiling?
False,0.7821358306685838,1,1,1,Clean,3,0,0.542572021484375,0.457427978515625,train,Perubahanmu menghancurkan mimpi itu
False,0.7818327897431026,1,0,0,Clean,1,1,0.4575666189193725,0.5424333810806274,train,projo artinya negri dan rakyat😭😂
False,0.7815574486942257,1,1,1,Clean,5,0,0.5423073768615723,0.4576926231384277,train,pasangan norakkk
False,0.7808124933884962,1,0,0,Clean,3,1,0.4580337107181549,0.5419663190841675,train,starting to lose more and more faith in black men each day
False,0.7806425560014264,1,0,0,Clean,3,1,0.4581115543842315,0.541888415813446,train,mall with my fellow ginzos to do some christmas shopping    fuckdimmy vinnysnotmadon billgetsbuns
False,0.7805190247039906,1,1,1,Clean,1,0,0.5418318510055542,0.4581681489944458,train,Makan tido makan tido hari ini aku hancur di rumah di depannya
False,0.7803788589068108,1,1,1,Clean,1,0,0.5417676568031311,0.4582323729991913,train,cant fucking believe it.
False,0.7803090760235741,1,1,1,Clean,4,0,0.5417356491088867,0.4582643508911133,train,he is so oppressed nike is selling his shoes to his ghetto brothers for only number
False,0.7801329170438341,1,0,0,Clean,1,1,0.4583450853824615,0.5416548848152161,train,how can you advocate for ns and simultaneously declare its core defining principle a  blasphemy  ?
False,0.7801291457992102,1,1,1,Clean,2,0,0.5416532158851624,0.45834681391716,train,another nail in the coffin of the nfl
False,0.779743708586005,1,1,1,Clean,2,0,0.5414764881134033,0.4585235118865967,train,these groids went haywire when they got in there and found themselves a white girl .
False,0.7786667803580072,1,1,1,Clean,5,0,0.5409823656082153,0.4590175747871399,train,number contempt of court standing outside reporting on muslim rape gangs this is insane
False,0.7782600347630673,1,1,1,Clean,4,0,0.5407957434654236,0.4592043161392212,train,chacu cosplay jadi wanita somalia
False,0.7782135026046161,1,0,0,Clean,5,1,0.4592256844043731,0.5407743453979492,train,user eat my gay ass
False,0.7779924233130472,1,0,0,Clean,5,1,0.459327220916748,0.5406728386878967,train,Halah paling drama
False,0.7776331682787858,1,0,0,Clean,3,1,0.4594922661781311,0.5405077338218689,train,any religion that is forced is against freewill given by god .
False,0.7771096317876371,1,1,1,Clean,5,0,0.5402670502662659,0.4597328901290893,val,the asians are gonna chuck all of us in the oven
False,0.7770875266047584,1,0,0,Clean,5,1,0.4597430527210235,0.540256917476654,train,so you admit that you are a hndu?
False,0.7769952216787408,1,1,1,Clean,5,0,0.540214478969574,0.4597854912281036,train,"""Gajadi beli Model murahan barang pasti murahan"""
False,0.7763100073740867,1,0,0,Clean,1,1,0.4601006507873535,0.5398994088172913,train,Bayangin ada orang jepang buat kebalikan masalah taksi indo juga. Pasti distich kemenparekraf. Tapi orang jepang ga mungkin ngelakuin itu si ??
False,0.7753834634113843,1,1,1,Clean,3,0,0.5394728779792786,0.4605271518230438,train,white girls can not dance like ghetto whoes there fixed it
False,0.7749417619328687,1,0,0,Clean,5,1,0.4607306122779846,0.5392693877220154,train,these are the refugees that europe should be taking in
False,0.7746450962185262,1,0,0,Clean,2,1,0.460867315530777,0.5391326546669006,val,Ya allah bru liat vidio nya ya allah sejahat ituuu smpe si pukulin di siksa di aniayaaaa gmna perasaan orng tua nya yg ngeliat vidio anak nya kita ajaaa yg bukan keluarga nya sakit bngtt ngelit nya
False,0.7740281168417106,1,0,0,Clean,4,1,0.4611517488956451,0.5388482809066772,train,those liberals would have a story about jesus if he was running....
False,0.7737728773222688,1,1,1,Clean,4,0,0.5387305617332458,0.4612694680690765,val,imagine actually thinking semites were more intelligent than whites or asians hahahahahaahahaha
False,0.7734224329891864,1,0,0,Clean,3,1,0.4614311456680298,0.538568913936615,train,she is getting death threats. url
False,0.773299273706071,1,0,0,Clean,1,1,0.4614879786968231,0.5385120511054993,train,im not mad cuh hahaha suure.. tuku ho ita! ;;
False,0.7730082595740124,1,1,1,Clean,2,0,0.5383777022361755,0.4616222977638244,train,"Sebenernya selama tiap kalah respon masyarakat se horror itu, ya pelatih dan pemainga akan leluasa pasti otaknya kebagi sama banyak pikiran . Mau sebagus apapun pelatihnya ga akan works . 😊😊"
False,0.772504560434135,1,1,1,Clean,4,0,0.538145124912262,0.461854875087738,val,they act quite civilized in the video but i suppose they went on a mugging spree after .
False,0.7720496162827456,1,1,1,Clean,2,0,0.5379349589347839,0.462065041065216,train,i bet they ll find a way to invent a new hoax .
False,0.7720129175308957,1,1,1,Clean,4,0,0.5379180312156677,0.4620819985866546,train,stalin would be proud. he liked to erase people from history.
False,0.771967062108134,1,1,1,Clean,3,0,0.5378968119621277,0.4621031880378723,train,"they ca nt survive without us , but they do us nothing but harm ."
False,0.771801651791022,1,0,0,Clean,5,1,0.4621796309947967,0.5378203392028809,train,calling out the islamophobic party of britain  to take islamophobia seriously.  must investigate the likes of
False,0.7699420410659051,1,1,1,Clean,5,0,0.5369600653648376,0.4630399048328399,train,i raped the jews because it rigged dave
False,0.7699016223459824,1,0,0,Clean,1,1,0.4630586206912994,0.536941409111023,train,user good lock up the rest of the white devils
False,0.7697667334743221,1,0,0,Clean,5,1,0.463121086359024,0.5368789434432983,train,be honest that move down to number  k with bitmex going down was ghetto af
False,0.7695904915141815,1,0,0,Clean,5,1,0.4632027149200439,0.536797285079956,train,dem niggas lost to da backup ouch
False,0.7695410798475623,1,0,0,Clean,5,1,0.4632256031036377,0.5367743968963623,train,"warga korsel kurang SADAR DIRI pemain timnas nya bapuk, tapi ketinggian ekspektasi 😂😂"
False,0.7694216140698139,1,0,0,Clean,1,1,0.4632809460163116,0.536719024181366,train,wow sami you are killing it
False,0.7688549732976574,1,1,1,Clean,3,0,0.5364564657211304,0.4635435342788696,train,"this guy seems to get it but otherwise  sorry jigs , you re on your own"
False,0.768486838541396,1,0,0,Clean,4,1,0.4637142121791839,0.5362857580184937,train,a queer lawyer in a great horned roguelike against bunnies
False,0.7673008200842489,1,0,0,Clean,4,1,0.4642645120620727,0.5357354879379272,train,cause she is not a democrat
False,0.7667266542141193,1,0,0,Clean,4,1,0.4645311534404754,0.5354688763618469,val,both sides are antifa...kkk...  gotta stop
False,0.7665982868932607,1,0,0,Clean,3,1,0.4645907878875732,0.5354092121124268,train,"Bang gimana komentarnya warga korsel, saat skandal suap piala dunia 2002 ? Marah atau seneng ? 😂 Kalok gak nyuap gak mungkin korsel lolos semi final 😂😂😂😂😂😂"
False,0.7655904608815934,1,0,0,Clean,5,1,0.4650592505931854,0.5349407196044922,train,"Brengsek banget sih sistemnya, bikin orang frustasi"
False,0.7651516537290755,1,1,1,Clean,2,0,0.5347366333007812,0.4652633666992187,train,when the abuser projects... look in the mirror mark  you are crazy amp; angry.
False,0.7636927188817164,1,0,0,Clean,1,1,0.4659426510334015,0.5340573787689209,train,wont get elected either beto.
False,0.7627243652733227,1,0,0,Clean,2,1,0.4663940668106079,0.5336059331893921,train,kebiasaan media yaa gini...ngasih panggung...makanya Konoha gak pernah maju..
False,0.7627096046102849,1,1,1,Clean,5,0,0.5335990190505981,0.4664009511470794,train,national security is at stakehe needs to be in jail
False,0.7622169407370419,1,0,0,Clean,5,1,0.4666307866573334,0.5333691835403442,train,now the leftist needs to condemn the violence of antifa
False,0.7621657206908586,1,1,1,Clean,5,0,0.5333452820777893,0.4666546881198883,train,all he is missing are the inmate number
False,0.761968656549994,1,0,0,Clean,3,1,0.4667466580867767,0.5332533121109009,train,"gara gara sering liat meme Bahlil,gua setiap liat muka Bahlil ketawa mulu😂😂😭😭"
False,0.761589324825538,1,0,0,Clean,1,1,0.4669237434864044,0.533076286315918,train,"joy reid white people have a crusty, creepy, weird  worldview."
False,0.761569028058723,1,1,1,Clean,2,0,0.5330667495727539,0.4669332206249237,train,wah ada triplek bergoyang
False,0.7607838977452075,1,0,0,Clean,4,1,0.4672999680042267,0.5327000021934509,train,Kagettt Jujurr
False,0.7607587067118747,1,0,0,Clean,1,1,0.4673117399215698,0.5326882004737854,train,ayah zize nyindir arhan
False,0.7601005846844908,1,1,1,Clean,4,0,0.5323806405067444,0.467619389295578,train,"bener ibu,,;ketka anak kita di bullyng,,org tua ngak terima"
False,0.7597585934863317,1,1,1,Clean,1,0,0.5322206616401672,0.4677793383598327,train,man that shit just got me hype like i was watchin it  years ago
False,0.7592808173141334,1,1,1,Clean,1,0,0.5319970846176147,0.4680028855800628,train,Kita melarang ajaran komunisme namun disisi lain pemerintah membukakan pintu masuk nya wisatawan komunis besar-besaran ke negeri ini
False,0.7590509597153154,1,1,1,Clean,4,0,0.5318895578384399,0.4681104719638824,train,did la mulatta just refer to herself as a darkie?
False,0.7589644425221658,1,0,0,Clean,1,1,0.4681509733200073,0.5318490266799927,train,hes going down with the rest of them deepstate obamaworstpresidentever
False,0.7583897611347131,1,1,1,Clean,1,0,0.5315799117088318,0.4684200882911682,train,he needs to either pick politics or singing ....... either way he stinks at both!
False,0.7575255608138838,1,1,1,Clean,2,0,0.531174898147583,0.4688250720500946,train,mba nya gapapa kah...? jangan2 otewe operasi tompel??
False,0.7564132292650885,1,0,0,Clean,2,1,0.4693468511104584,0.530653178691864,train,if number is completely straight and number is completely gay where do you land on the spectrum
False,0.7558832930970433,1,0,0,Clean,3,1,0.4695956408977508,0.5304043292999268,train,jujur ya kalau anteng tidak cantik mel
False,0.7558605098534896,1,1,1,Clean,1,0,0.5303937196731567,0.469606339931488,train,uda mirip logo persita
False,0.7557828349526098,1,1,1,Clean,5,0,0.5303571224212646,0.4696428179740906,val,"lama-kelamaaan makin mirip bapaknya ,"
False,0.7555787767054549,1,1,1,Clean,2,0,0.5302613377571106,0.4697386622428894,val,dear liberals why are guns required to be registered but illegal aliens aren  t i  ll wait
False,0.7548430280908927,1,1,1,Clean,4,0,0.5299156308174133,0.470084398984909,val,when that rag head nadiya won the great british bake off the media described her as moslem but the child rapists in rotherham were called asian moslem when their baking asian when their raping
False,0.7543023909244798,1,1,1,Clean,5,0,0.5296613574028015,0.4703386127948761,train,Tapi pengadilan di SK masih mending sih bisa tetep berpihak pd korban pdhl ada bapaknya yg jaksa yg pasti punya pengaruh kuat. Buktinya banding brp kali tetep si korban dimenangin. Klo di Indonesia kasus model gini udh pasti anak jaksa bakal dimenangin. Inget kan kasus anak Rafael Alun yg mukulin sampe koma gara2 cewe? Itu kan dipenjara cuma main2 doang.
False,0.7541511535768161,1,0,0,Clean,5,1,0.4704097509384155,0.5295902490615845,train,Did you know bahwa kata stupid bisa hurt people badly
False,0.7536354585961115,1,0,0,Clean,3,1,0.4706524014472961,0.5293475985527039,train,"Lu aja semua yang ngomong, gua mau silent treatment dlu"
False,0.7532797827871232,1,1,1,Clean,2,0,0.5291801691055298,0.4708198308944702,train,were defo living in the last days
False,0.7530900943259579,1,1,1,Clean,2,0,0.5290908217430115,0.4709091484546661,train,hussein was a ghetto tenant
False,0.7525510363015945,1,0,0,Clean,4,1,0.4711630642414093,0.5288369059562683,train,bocil nya meeting cik
False,0.7513053553455553,1,1,1,Clean,5,0,0.5282496213912964,0.4717503488063812,train,oh i abuse women alright i abuse the fook out that pwussy han
False,0.7510375969168844,1,1,1,Clean,1,0,0.5281233787536621,0.4718766808509826,train,emaknya malu punya anak kayak dia
False,0.7508730864266331,1,0,0,Clean,5,1,0.4719543159008026,0.5280457139015198,train,and he was given a traditional moslem sea burial
False,0.7505446516219665,1,1,1,Clean,4,0,0.527890682220459,0.4721093475818634,val,Smartfren jaringan nya kok brengsek ya ...'
False,0.7496155546471063,1,0,0,Clean,4,1,0.4725481867790222,0.5274518132209778,train,british politicians pressure scientists to confirm nerve gas as russian in order to substianiate their narrative.
False,0.7494765009930773,1,1,1,Clean,1,0,0.5273860692977905,0.4726139008998871,train,"""Lagu lu ga ada yang laku ya mel??"""
False,0.7493884752052479,1,1,1,Clean,4,0,0.5273444652557373,0.4726555049419403,train,im finna say fuck it and get a crispy ass jogging suit
False,0.7493777562617473,1,0,0,Clean,5,1,0.4726605713367462,0.5273394584655762,train,banyak yang maki-maki DPR tapi pas pemilu milih partai itu lagi ðŸ˜‚ðŸ˜‚ðŸ˜‚
False,0.7492676100108059,1,0,0,Clean,3,1,0.4727126359939575,0.5272873640060425,train,kasian drum nya trauma
False,0.748453017993091,1,0,0,Clean,2,1,0.4730978608131408,0.5269021391868591,train,Jatuhnya kayak nahan kedip kak drpd nahan tawa ??
False,0.7478797480436107,1,0,0,Clean,1,1,0.473369151353836,0.5266308784484863,val,"""Kenapa ada orang baik ? Karna ada orang jahat"""
False,0.7477257019554487,1,1,1,Clean,1,0,0.5265579223632812,0.4734420776367187,train,lol only ones i see attacking anyone is your crybaby liberals
False,0.747683023992586,1,1,1,Clean,1,0,0.5265377163887024,0.4734622836112976,train,Subuh bukan malem lgðŸ˜©
False,0.7467523043957772,1,1,1,Clean,2,0,0.5260968804359436,0.4739031493663788,train,eurocucks love to watch their wives get raped by migrants
False,0.7466882246496117,1,0,0,Clean,3,1,0.4739335179328918,0.5260664820671082,train,horny ass niggas really scare me like why are you trying to fuck so many women
False,0.7462564380043484,1,1,1,Clean,1,0,0.5258617997169495,0.4741382002830505,train,don  t play gay w me i  ll really fuck you
False,0.7457734452042202,1,1,1,Clean,3,0,0.5256327390670776,0.4743672609329223,train,my middle and pointer finger nails broke so now i really do look like a lesbian
False,0.745484427216665,1,1,1,Clean,1,0,0.5254956483840942,0.4745043814182281,train,took you this long!! he is a beast and has been for yonks
False,0.7449446188829174,1,1,1,Clean,3,0,0.5252394080162048,0.4747605919837951,train,gun control has everything to do with punishing conservatives.
False,0.7443867820153042,1,0,0,Clean,4,1,0.4750255048274994,0.524974524974823,train,user so they should get raped by their own race lol
False,0.7441248836496307,1,0,0,Clean,2,1,0.475149929523468,0.524850070476532,train,Pidato gwe cok
False,0.7433572110291772,1,0,0,Clean,3,1,0.4755148291587829,0.5244852304458618,train,unfoll saja dosa ngebully2
False,0.7430047330189805,1,1,1,Clean,5,0,0.5243175029754639,0.4756824672222137,train,"killary and obummer are definitely going to jail now, right gabfam?!"
False,0.7423084763457813,1,1,1,Clean,5,0,0.5239862203598022,0.4760137796401977,train,action talks and bullshit walks
False,0.7420764150156945,1,1,1,Clean,1,0,0.5238757729530334,0.4761242568492889,train,he is toxic even for alligators
False,0.7418435314191071,1,1,1,Clean,3,0,0.5237648487091064,0.4762351512908935,train,boutgocrazy aintnolevelzdisshit hungrier then a phat ho on a diet ig
False,0.7411847289649732,1,0,0,Clean,1,1,0.4765489995479584,0.523451030254364,train,fox news terrorists and immigrant criminal gangs working together
False,0.7410339617135233,1,1,1,Clean,4,0,0.5233791470527649,0.4766208529472351,train,Kesalahan terbesar ada pada KFA. Gonta ganti pelatih. Tanpa strategi jangka panjang. Lihat jepang dong
False,0.7407439346928383,1,1,1,Clean,4,0,0.523240864276886,0.4767591059207916,train,user user well for one they follow lucifer not a god islam is the problem
False,0.7406781135846477,1,0,0,Clean,5,1,0.4767904877662658,0.5232095122337341,train,charlie please stop. from  ole fart  another...
False,0.7403951259280956,1,0,0,Clean,1,1,0.4769254326820373,0.5230745673179626,train,i will humble a nigga quick you that nigga to them hoes not me lol
False,0.7398521239309097,1,1,1,Clean,1,0,0.5228155851364136,0.4771844744682312,train,chemnitz migrant murder suspect had prior convictions and was set for deportation
False,0.7398014746062446,1,0,0,Clean,3,1,0.4772086441516876,0.52279132604599,val,i guarantee you she is not going to allow herself to be put under oath.
False,0.7393953110928443,1,0,0,Clean,5,1,0.4774025082588196,0.5225974917411804,train,he is according to every religion on earth except for compromised protestant sects like episcopalians
False,0.7389201125587026,1,1,1,Clean,3,0,0.5223705768585205,0.4776294231414795,train,so you would refuse even other nordic whites fleeing the brown chaos in the south ?
False,0.7387704973558717,1,0,0,Clean,1,1,0.4777008891105652,0.5222991108894348,train,he is all grown up
False,0.7387234586689138,1,0,0,Clean,4,1,0.4777233600616455,0.5222766399383545,train,user white people are so damn ghetto
False,0.7385174877188223,1,0,0,Clean,5,1,0.4778217673301697,0.5221782326698303,val,actually texas is a red state that has had too many liberals move in trying to ruin things. so dont cast aspersions against texas. its the liberals from cali. and colorado that keep moving in.
False,0.7385037661464896,1,1,1,Clean,3,0,0.5221716165542603,0.4778283238410949,train,modelan kaya gitu dipercaya aja udah ngakak ðŸ˜­
False,0.738369616510446,1,1,1,Clean,3,0,0.5221076011657715,0.4778924286365509,train,"allinall, just a bunch of negative nancys. loonyliberals peace"
False,0.7380038679770008,1,1,1,Clean,5,0,0.5219327807426453,0.4780672490596771,train,he looks like hes been sucking on a lemon before he goes into those hearings.
False,0.7370531487784022,1,1,1,Clean,4,0,0.521477997303009,0.4785219728946686,train,"uhh yes, there are whites in south america as much of it was settled by europeans."
False,0.736982650365179,1,0,0,Clean,5,1,0.4785557091236114,0.5214443206787109,train,this message was approved by antifa pussyhats blm
False,0.7368939116366906,1,1,1,Clean,4,0,0.5214017629623413,0.4785981774330139,train,how come you never bring me food i dont have a car retard
False,0.735757444660436,1,1,1,Clean,5,0,0.520857572555542,0.4791423976421356,train,ngerecokin negara
False,0.7347268980373378,1,1,1,Clean,4,0,0.5203635692596436,0.4796364307403564,train,he is a wonder dog he could have a couple doggie girlfriends
False,0.7347072634958043,1,0,0,Clean,5,1,0.4796458482742309,0.5203542113304138,train,how many islam political ideology followers are also animal activists
False,0.7346469953173035,1,1,1,Clean,1,0,0.520325243473053,0.479674756526947,train,hey fellow white man never trust the jews
False,0.7340076307495979,1,1,1,Clean,3,0,0.520018458366394,0.4799815416336059,val,anybody watching tucker carlson right now fucking beaner has been in the country since number years old and still cant speak proper english for fuck sake makes me want to pull my hair out
False,0.7338308745494853,1,0,0,Clean,5,1,0.4800663888454437,0.5199336409568787,train,@Inzhagi Potret Anant: stres
False,0.7333457161387301,1,0,0,Clean,5,1,0.4802993535995483,0.5197006464004517,train,can white queer people just stop being like that
False,0.7332379420097465,1,1,1,Clean,1,0,0.5196488499641418,0.4803511202335357,train,No way Youtube really got rickrolled 😂
False,0.7329412974041828,1,0,0,Clean,1,1,0.4804936349391937,0.5195063948631287,train,you are on the wrong side of gun control but then you already knew that.
False,0.732851118014119,1,0,0,Clean,1,1,0.4805369675159454,0.519463062286377,train,ahhh ur mind!!! she is ur dorter!!
False,0.7327977832750512,1,1,1,Clean,2,0,0.5194373726844788,0.4805625975131988,train,"communists liberals get the bullet, too.  me wow fck you!  communists you are excluding instead of unifying."
False,0.7316214835038741,1,0,0,Clean,3,1,0.4811282157897949,0.5188718438148499,train,"Mungkin ini contoh titik awal dari PSSI . Semoga setiap cabang pssi daerah daerah provinsi lain harus bisa memberikan edukasi couching clinic agar setiap regenerasi slalu muncul bibit bibit baru dan jangan lupa infrastruktur yg memadai demi regenerasi yg berkelanjutan. JEPANG KUAT SEKARANG ITU BUKAN HASIL INSTAN, MEREKA LEBIH MEMIKIRKAN SAAT MEREKA DI BANTAI HABIS BRAZIL DI PIALA DUNIA KOREA-JEEPANG 2002 . SAYA PRIBADI MENYAKSIKAN LAGA PERTANDINGAN DI LAYAR TV SAAT BRAZIL MEMPORAKPORANDAKAN PASUKAN JEPANG DI BIKIN AYAM AYAMAN 😂😂"
False,0.7312884737119377,1,0,0,Clean,4,1,0.4812884628772735,0.518711507320404,train,way to go liberals... taking away from  americans ... smh
False,0.7311444536167371,1,1,1,Clean,2,0,0.5186421871185303,0.4813577830791473,train,president trump is keepinghis promises but this is the real reason he is hated. url
False,0.7311209269393102,1,0,0,Clean,2,1,0.4813691079616546,0.5186309218406677,train,murdered by illegal immigrant
False,0.7305883815262075,1,1,1,Clean,2,0,0.518374502658844,0.4816255271434784,train,"buat apa ganteng kalau gak bertanggung jawab😅
anjayy ga tuh skrg netizan yg dulu mengagung²kan superhero satu ini😁"
False,0.7302688913812517,1,0,0,Clean,2,1,0.4817794263362884,0.5182206034660339,train,Orang tua mana yg ga sedih dan marah anaknya dibuli apalg sampe dianiaya😢
False,0.7301539642380062,1,0,0,Clean,5,1,0.4818347990512848,0.5181651711463928,train,because commies are never nationalistic!
False,0.7297685784433232,1,1,1,Clean,1,0,0.5179794430732727,0.4820205271244049,train,gada yg mau endors skincare kah?ðŸ˜­
False,0.7293303146039537,1,1,1,Clean,4,0,0.5177682042121887,0.4822318255901336,val,ah poor kurt i am retarded seizure man i am pretty sure picking on the special kids is frowned upon
False,0.7288024895204533,1,0,0,Clean,2,1,0.4824864268302917,0.5175135731697083,val,user obama wasn t black he was a mulatto he had a white mother if anything this was a case of racism against caucasians mother thrown to the side barry treated like the lion king what was up with that moral compass jimmy swaggart special edition compass
False,0.7284283059583331,1,1,1,Clean,5,0,0.5173330307006836,0.4826669991016388,train,Walid versi perdosenab
False,0.7284066336628888,1,0,0,Clean,4,1,0.4826774597167969,0.5173225402832031,train,shame on you user for promoting violence by your colorskadamadshukla nationwithasim
False,0.7281027153084648,1,0,0,Clean,4,1,0.4828241765499115,0.5171758532524109,train,why do people still join militias ?
False,0.7277688388004195,1,0,0,Clean,3,1,0.4829854071140289,0.5170146226882935,train,kalian aja deh yg ngomong😣
False,0.7271323137724366,1,1,1,Clean,1,0,0.5167070627212524,0.4832929372787475,train,liat sahroni ingat ( heeeeehaaa' )😂
False,0.7270421017547102,1,1,1,Clean,2,0,0.5166634917259216,0.4833365380764007,train,it now makes sense how gun control is barely an issue vs immigration.
False,0.7267985761138327,1,1,1,Clean,4,0,0.5165457725524902,0.4834542572498321,train,yesterday i was drunk asl sorry for the retarded tweets
False,0.7267346527537896,1,0,0,Clean,5,1,0.4834851622581482,0.5165148377418518,train,open your doors for refugees you are humanistic are not you greece humanrightsrefugee
False,0.7266339370620826,1,0,0,Clean,1,1,0.4835338592529297,0.5164661407470703,train,Karma
False,0.726544817681683,1,0,0,Clean,5,1,0.4835769534111023,0.5164229869842529,train,eh babi terlambat
False,0.7265382234096465,1,1,1,Clean,3,0,0.5164198875427246,0.4835801422595978,val,do you have huge numbers of all the various turd to urine coloured rainbow of third worlders like many parts of canada ?
False,0.7252163647949649,1,0,0,Clean,5,1,0.4842197895050049,0.5157802104949951,train,a new bill aims to send masked antifa activists to jail for  years url
False,0.7245077164814554,1,1,1,Clean,5,0,0.5154369473457336,0.4845630526542663,val,Kayyak Opet
False,0.7239804015438016,1,1,1,Clean,3,0,0.5151813626289368,0.4848186373710632,train,iri babi hahah najis
False,0.7231287751933236,1,1,1,Clean,5,0,0.5147683024406433,0.4852316975593567,train,"satu lagi ini hasil kerja jokowi, menurunkan demokerasi"
False,0.723088792388995,1,1,1,Clean,1,0,0.5147488713264465,0.4852510988712311,train,thats my young ho i dont want nuthin old but her bank roll
False,0.7220580828211457,1,0,0,Clean,4,1,0.4857515096664428,0.5142484307289124,train,she was a holocaust survivor died on rosh hashanah
False,0.7219475307890935,1,1,1,Clean,2,0,0.5141947865486145,0.4858052134513855,train,wth dude!!! seriously..... you are going to critique this?!?  take your sorry liberal self to an antifa protest
False,0.7217433300122185,1,1,1,Clean,2,0,0.5140955448150635,0.4859044253826141,train,cowokÂ² begitu ngarepin apasi?ðŸ˜‚ ga kaget
False,0.7213991231292634,1,1,1,Clean,5,0,0.5139282941818237,0.4860717058181762,train,you will be voted out all together you crazy bat...
False,0.7194272319000123,1,1,1,Clean,5,0,0.5129688382148743,0.4870311319828033,train,tapi kalo ini kekurangan semua ga ada kelebihan
False,0.7194215410767494,1,0,0,Clean,3,1,0.4870339035987854,0.5129660964012146,val,Maaf Mas Ngkang mengirimkan apa
False,0.7185753151858534,1,1,1,Clean,5,0,0.5125538110733032,0.4874462187290191,train,some ghetto shit always happening amp cutting the functions short
False,0.7181274448105237,1,0,0,Clean,1,1,0.4876645803451538,0.5123354196548462,train,post shootings liberals ban guns post terror attacks let let in more muslim refugees
False,0.7179415583580127,1,1,1,Clean,5,0,0.5122447609901428,0.4877552390098572,train,how on earth did the muslim paedophiles in rotherham operate with impunity for so long
False,0.7177998752263255,1,1,1,Clean,4,0,0.5121756196022034,0.4878243505954742,train,gab is the white ghetto
False,0.7175980465626594,1,1,1,Clean,4,0,0.5120771527290344,0.4879228174686432,train,"""Udah ada berlian malah milih batu nisan"""
False,0.7171738749032038,1,1,1,Clean,1,0,0.5118702054023743,0.4881298243999481,train,joe biden is fucking disgusting
False,0.7158876821798175,1,0,0,Clean,1,1,0.4887580573558807,0.5112419128417969,train,dih sokan sangat jadi cowok pala kamu tidak sama cewek bukan tidak kamu saja yang maruk asu
False,0.7155482275852242,1,1,1,Clean,3,0,0.511076033115387,0.4889239966869354,train,wtf is wrong with u allowing your children to have non white friends ?
False,0.7155051333863885,1,1,1,Clean,2,0,0.5110549330711365,0.4889450669288635,train,i am sure your bf dindunuffins either
False,0.7154923334870321,1,1,1,Clean,4,0,0.5110486745834351,0.4889513254165649,train,you mean exactly like conservatives are attacking this current victim??
False,0.7146444917708578,1,0,0,Clean,5,1,0.4893660545349121,0.5106339454650879,train,user scammer i hate you for putting nes roms on bandai namco blast instead of arcade roms
False,0.7145173409549603,1,1,1,Clean,5,0,0.5105716586112976,0.4894282817840576,train,"kalo emg pernikahan mereka karna perjodohan, sebaik apapun pasangan kalo emng masih mau bebas ya ttp mau bebas guysðŸ™‚ ga semua nya bisa di samakanðŸ™‚ðŸ™"
False,0.7136096689282008,1,0,0,Clean,5,1,0.4898727238178253,0.5101273059844971,train,"nah ini nih, Bru aj mo bilang wkwkwk"
False,0.7131835366360824,1,1,1,Clean,2,0,0.5099185109138489,0.4900815188884735,train,should martin shkreli get raped in prison
False,0.713098952183001,1,0,0,Clean,3,1,0.4901229739189148,0.5098770260810852,train,so.....white people selling african art? not cool? okay. blackish redskins doublestandard
False,0.713061557311609,1,0,0,Clean,3,1,0.4901413023471832,0.5098586678504944,val,it is the lack of government having a role in our culture which has resulted in what western culture is today .
False,0.7127360681783337,1,1,1,Clean,1,0,0.5096991658210754,0.4903008639812469,train,shell have a total mental breakdown when he is reelected!!!!
False,0.7124530383374599,1,1,1,Clean,4,0,0.5095602869987488,0.4904396533966064,train,attention syrian refugees! you can go home now; the war is over....
False,0.7122671100009962,1,0,0,Clean,5,1,0.4905308485031128,0.5094691514968872,train,i have a dream that liberals will stop calling people they disagree with racists or nazis
False,0.7121835142766745,1,1,1,Clean,5,0,0.5094281435012817,0.4905718564987182,val,they probably all wrote it together while pissing in your mcdonalds coffee.
False,0.7121135932785653,1,1,1,Clean,3,0,0.5093938112258911,0.4906061589717865,train,orang kyk gini cocoknya dikurbanin aja guys
False,0.7120109986830238,1,0,0,Clean,2,1,0.4906564950942993,0.5093435645103455,train,negative coverage says you are delusional
False,0.7119990330360922,1,0,0,Clean,2,1,0.4906623661518097,0.5093376636505127,train,im sure those moab bombs dont damage the homes of hard working christian arabs right
False,0.7113420533350533,1,1,1,Clean,4,0,0.5090151429176331,0.4909848272800445,train,mbak mbak.. cantik sih tp bulunya lebat kek cowo??
False,0.7111458931815553,1,0,0,Clean,1,1,0.4910811483860016,0.508918821811676,train,GWS TASYI
False,0.7106158099451061,1,1,1,Clean,3,0,0.5086584687232971,0.4913415312767029,train,Sama aja kayak Indonesia suka menghujat kalau kalah😂
False,0.7104442316600914,1,1,1,Clean,1,0,0.5085741281509399,0.4914258420467376,val,"ini lah kenapa biasanya banyak korban bully menunggu dengan sabar sampai pelakunya naik ke tempat tinggi kemudian blow up masa lalu mereka, karena dengan begitu semua mata akan tertuju ke pelaku dan jatuhnya lebih sakit. Meski punya power tapi sentiment publik sangat penting di sana, jadi terkadang korban tidak lagi mengharapkan keadilan, tetapi hanya mengharapkan pelaku bisa menderita, bahkan hancur.. karena korban sekian lama ga pernah dapat keadilan tapi malah luka dan trauma mereka di anggap lebay, pencari perhatian, atau bahkan iri sama pelaku..."
False,0.7103918967419522,1,1,1,Clean,1,0,0.5085484385490417,0.4914515614509582,val,apaalgi anak abah yang masih ngarep abahnya jadi presiden
False,0.710025871462235,1,0,0,Clean,1,1,0.4916314780712127,0.5083685517311096,train,you are not progressive without palestine. bds url
False,0.7096358627707343,1,0,0,Clean,3,1,0.4918232560157776,0.5081766843795776,train,asu terbahak-bahak
False,0.7091751394269477,1,0,0,Clean,2,1,0.492049902677536,0.5079501271247864,train,being a jedi turned revan gay
False,0.7086526374207092,1,0,0,Clean,4,1,0.4923070669174194,0.5076929330825806,train,"Klopun iya aki aki, aki aki mana yg cakeup begini gue tanyaðŸ˜­"
False,0.7084051361667317,1,0,0,Clean,1,1,0.4924289286136627,0.5075711011886597,train,Yanto dan Fig
False,0.7082333921377731,1,0,0,Clean,5,1,0.492513507604599,0.5074865221977234,train,"Efek bullying itu sangat memprihatinkan terutama pada korban dan keluarga baik mental dan psikologis, mungkin pelaku perundungan bisa dihukum berat minimal disuntik mati atau dimasukan penangkaran buaya."
False,0.7073576417264807,1,1,1,Clean,2,0,0.5070549845695496,0.4929450154304504,train,lol super gay it a jewish walled ghetto safe space for weev
False,0.7070736517758094,1,1,1,Clean,5,0,0.5069149732589722,0.4930850267410278,train,"maaf bgt,pertama liat tak pikir peramal/mbah dukun g nge klo uya kuya"
False,0.7068276286275432,1,1,1,Clean,1,0,0.5067936182022095,0.4932063519954681,train,"emg kmren ada masalah personal sama panda aja itu kesempatan buat dia ngikut, aslinya mah ga beda jauh🤣"
False,0.7062863611701579,1,0,0,Clean,5,1,0.4934733808040619,0.5065265893936157,train,a true ass statement right here
False,0.7061854496113839,1,1,1,Clean,1,0,0.5064768195152283,0.4935231804847717,train,hopefully the traitors will be encircled in westminster palace .
False,0.7057470766147568,1,1,1,Clean,2,0,0.5062604546546936,0.4937395751476288,val,not hard to understand why canadian asians are up in arms over calling moslem pedophiles asian
False,0.7056668608493946,1,0,0,Clean,1,1,0.493779182434082,0.5062208771705627,train,did she say here or some where else that white men are vile
False,0.705278668844986,1,0,0,Clean,5,1,0.4939709007740021,0.5060290694236755,train,all these niggas is parrots
False,0.705226181259193,1,0,0,Clean,4,1,0.4939968287944793,0.506003201007843,train,not all niggas cheat sum just be inna house playin tekken
False,0.7047320883791027,1,1,1,Clean,1,0,0.5057590007781982,0.4942409694194793,train,gada yg mau endors skincare kah?😭
False,0.7044718107185877,1,0,0,Clean,1,1,0.494369626045227,0.505630373954773,train,same insanity from a homosexual man
False,0.7031674038778126,1,0,0,Clean,3,1,0.4950149059295654,0.5049850940704346,train,sickening time to intervene these are refugees we need to help
False,0.7031298367265253,1,1,1,Clean,2,0,0.5049665570259094,0.4950335025787353,train,bro i randomly tried this dns shit and it worked first time wtf
False,0.7019153842394599,1,0,0,Clean,1,1,0.495635062456131,0.5043649673461914,train,gak menyangka gw
False,0.7015977100638368,1,0,0,Clean,4,1,0.4957925379276275,0.5042074918746948,train,anti american republicans and teabaggers stop forcing ur religion on the rest of us. stockman u dont pray.liar
False,0.7012877684078569,1,0,0,Clean,2,1,0.4959462285041809,0.5040537714958191,train,maybe hate crime will now apply to whites  in an odd fashion
False,0.7005866222888093,1,0,0,Clean,3,1,0.4962940812110901,0.5037058591842651,train,tag a friend that sucks at flappy bird;
False,0.7005671063190858,1,1,1,Clean,4,0,0.5036962032318115,0.4963037669658661,train,i want affection  but i also want to be left alone ... do you see the issue here?;fag
False,0.6995207074872309,1,0,0,Clean,1,1,0.4968233704566955,0.5031766295433044,train,Kalo gua itu bukan cuman marah anjir bakalan gua bales perlakuannya
False,0.6992302986594966,1,1,1,Clean,1,0,0.5030323266983032,0.4969676733016968,train,hey user  where my hyde wars video about dykes buying cars
False,0.6986221648513209,1,0,0,Clean,5,1,0.4972699880599975,0.5027300119400024,train,gun control and money control are the fantasy with todays technology. youre part of the old guard.
False,0.6986195278523313,1,0,0,Clean,2,1,0.4972712993621826,0.5027287006378174,train,should illegal aliens be counted in the us census
False,0.6985341887299492,1,1,1,Clean,3,0,0.5026862621307373,0.4973137378692627,val,these are the homophobes that the lgbtq community and that liberals progressives and social justice warriors support why do they support the very people that hate them simple because they hate jews
False,0.6982116558512537,1,0,0,Clean,3,1,0.4974741637706756,0.5025258660316467,train,"aka he wanna keep you warm, shoulda just introduced himself coons"
False,0.6981787672971714,1,0,0,Clean,4,1,0.4974905252456665,0.5025094747543335,val,user user the products after muslim invader raped hindu women killed hindumen giving gyan to hindus
False,0.6979188120583223,1,1,1,Clean,2,0,0.5023801326751709,0.4976198673248291,train,Sangat kejam sebagai mantra 7
False,0.6965110770167018,1,0,0,Clean,3,1,0.4983208775520324,0.5016791224479675,val,user user if she d killed a white person she would have been fried by now
False,0.6964574329344101,1,0,0,Clean,1,1,0.4983476102352142,0.5016523599624634,train,annoying yelling bint next door has locked herself out.
False,0.6958695101918287,1,0,0,Clean,1,1,0.4986406862735748,0.5013592839241028,train,who ghetto ass idea was it to create bills i just wanna talk
False,0.6954710623643094,1,0,0,Clean,2,1,0.498839408159256,0.5011606216430664,train,and the issue is much greater than gun control
False,0.695144021171139,1,1,1,Clean,1,0,0.5009973645210266,0.4990025758743286,train,blowing dirt and the misery of millions?
False,0.6947015061272289,1,0,0,Clean,4,1,0.4992234408855438,0.5007765889167786,train,user u should stop being so eager to have fights with jews based on whatever weird personal interaction ur referring to
False,0.6945649278905794,1,1,1,Clean,3,0,0.5007083415985107,0.4992916285991668,train,foucault was a liberal and you are gay!
False,0.6944056300802414,1,0,0,Clean,2,1,0.4993711709976196,0.5006287693977356,train,righto he should change that hillbilly name of his boss hogg indeed
False,0.6941880018918597,1,0,0,Clean,2,1,0.4994798600673675,0.5005201101303101,train,woyyy lahhh bjirrr😂😂😂
False,0.6941435511772386,1,1,1,Clean,4,0,0.5004978775978088,0.4995020627975464,train,Hanya Emak dan Mertuanya yg blm dapat jabatan.. mungkin masih malu² soalnya kliataaan banget
False,0.6935462536711542,1,0,0,Clean,1,1,0.4998005032539367,0.5001994967460632,train,user every single white person found dead in a ditch
False,0.6934404784198528,1,0,0,Clean,4,1,0.4998533725738525,0.5001466274261475,train,donnas taxes are gonna go up.moulinyanlol.
False,0.6934019036462415,1,1,1,Clean,2,0,0.500127375125885,0.4998726546764374,train,a negress shoplifter crams a bottle of brandy up her vagina while her son watches
False,0.6933996977149872,1,1,1,Clean,2,0,0.5001262426376343,0.4998737573623657,train,Penjarakan
