text,label,orig_split,oof_prob_0,oof_prob_1,oof_pred,oof_fold,ce_loss,is_disagreement,noise_type
do not forget the muzrat cop that works for him and belongs to cair,0,train,0.0005042249104008079,0.9994957447052002,1,2,7.5924881386379255,1,Suspected_False_Positive
user this administration never fails to keep their white trashy unprofessionalism from leaking out,0,val,0.0006951139075681567,0.9993048906326294,1,1,7.271434830047408,1,Suspected_False_Positive
user user it still a thing it just very white trashy when it happens,0,val,0.0007033133297227323,0.9992966651916504,1,1,7.259708061719242,1,Suspected_False_Positive
gua lama lama trauma beli pulsa kalo kesedot mulu. bangsad ga tri ga indosat sama aja kayaknya \xf0\x9f\x98\xad',0,train,0.0007446510717272758,0.999255359172821,1,1,7.20259480939718,1,Suspected_False_Positive
"wkwk bukannya makin bagus malah makin keliatan tololnya cuy kalo ditutup-tutupin begini, masa yang bener harus minta maaf kocak 😂",0,train,0.0008389169815927744,0.9991611242294312,1,4,7.0833988056267465,1,Suspected_False_Positive
gobloknya aku gak cek dulu sebelum submit,0,train,0.0008446536958217621,0.9991554021835327,1,3,7.076583842039181,1,Suspected_False_Positive
Korsel negara rasis,0,train,0.0008789255516603589,0.9991211295127869,1,3,7.036810360498188,1,Suspected_False_Positive
"kok bisa orang-orang kayak Puan Maharani, Kapolri, dan antek-antek mereka masih menjabat setelah demo besar-besaran yang sampai menewaskan banyak nyawa enggak berdosa??? Apakah pejabat-pejabat kita emang semuka tembok gitu??? 😂",0,train,0.000917650933843106,0.9990823268890381,1,1,6.993693486014034,1,Suspected_False_Positive
user user ok i admit the tractor looks like a muzzie nuni rest all,0,train,0.000935906486120075,0.9990641474723816,1,3,6.973994994469191,1,Suspected_False_Positive
"kok bisa orang-orang kayak Puan Maharani, Kapolri, dan antek-antek mereka masih menjabat setelah demo besar-besaran yang sampai menewaskan banyak nyawa enggak berdosa??? Apakah pejabat-pejabat kita emang semuka tembok gitu??? ðŸ˜‚",0,train,0.0009392604697495699,0.9990608096122742,1,1,6.9704177266470415,1,Suspected_False_Positive
we snap chatted for one night lol. but youre cute. snapchat me back nig,0,train,0.0009696239721961319,0.999030351638794,1,1,6.938602219155211,1,Suspected_False_Positive
"Lo itu kuat, pasti bisa melewati ini",0,train,0.00129414489492774,0.9987058639526367,1,4,6.649905114730259,1,Suspected_False_Positive
supir di jepang : apaan anjrit kaga semahal itu ege,0,train,0.0013448467943817377,0.9986550807952881,1,4,6.611475179939161,1,Suspected_False_Positive
Ribka itu bangga jadi anak PKI....!!! pahamkan,0,train,0.0013918423792347312,0.9986081719398499,1,4,6.577126956789667,1,Suspected_False_Positive
user respect the based nigress  he would be nothing without her,0,train,0.0013979823561385274,0.9986019730567932,1,4,6.572725256038053,1,Suspected_False_Positive
np big nig nig,0,train,0.00143661058973521,0.9985634684562683,1,2,6.545468696963292,1,Suspected_False_Positive
niggaz are drinking black label and corona pre game lol,0,train,0.0014402178348973393,0.9985597729682922,1,3,6.542960902600758,1,Suspected_False_Positive
"my hawaiian thought of the day, no aloha for muzzie pigs, ever!",0,train,0.001475779921747744,0.9985242486000061,1,3,6.518568668427987,1,Suspected_False_Positive
yum. that looks delicious. i can go without food but not without pussy.,0,train,0.001478104735724628,0.9985218644142151,1,2,6.5169945958242925,1,Suspected_False_Positive
najiiisss mirip si mba dese tidak begitu ajaaa hahahahaha maling teriak maling ngaca buuuuuk,0,train,0.0015061787562444806,0.9984937906265259,1,3,6.498179460602781,1,Suspected_False_Positive
"Knet memang terlalu tinggi obsesinya dan sifat rasisnya terlalu kuat menang kalah dlm pertandingan itu uda biasa,",0,val,0.0015748633304610848,0.9984251260757446,1,2,6.453586784780072,1,Suspected_False_Positive
"Udah biasa kita bercanda kayak gini, jangan dimasukin ke hati",0,val,0.0015862610889598727,0.9984136819839478,1,3,6.446375548284069,1,Suspected_False_Positive
this pervert bastard needs to be in prison.,0,train,0.0016033319989219308,0.9983966946601868,1,2,6.435671315806148,1,Suspected_False_Positive
"Paling benci dengan kalimat ""namanya juga anak-anak"" heh anak2 juga harus di kasih tau kalo dia berbuat salah jangan di maklumi terus kelakuan gak baiknya, bisa berdampak sama masa depannya woy",0,train,0.0016063849907368422,0.9983935952186584,1,3,6.433768971926324,1,Suspected_False_Positive
overdosing on heavy drugs doesnt sound bad tonight. i do that pussy shit every day.,0,train,0.0016909753903746605,0.9983090162277222,1,2,6.382449762468661,1,Suspected_False_Positive
fran is a hillbilly virginia mountain man who has pres white anglosaxon beliefs frankensteinmd kikme,0,train,0.0017954865470528603,0.9982044696807861,1,5,6.322479236917205,1,Suspected_False_Positive
"mepet pasti ada butuhnya.. jangan mau pak Prabowo disusupi org"" beginian",0,train,0.002104288199916482,0.9978957176208496,1,5,6.1637780163405695,1,Suspected_False_Positive
any solution to zog which doesnt deal with demographics  only laws  is no solution. northwestimperative,0,train,0.0021950891241431236,0.9978049397468567,1,5,6.121532630025022,1,Suspected_False_Positive
INI KULIT YG AKU MAUUUUUUUUU,0,train,0.0022192334290593863,0.9977807402610779,1,3,6.110593444953992,1,Suspected_False_Positive
"matai ngeli, alu o polosi ho nifo..",0,train,0.002279551699757576,0.9977204203605652,1,4,6.08377647826195,1,Suspected_False_Positive
KLO NGK BNR KN MALU BNG .... KLO NGK |,0,train,0.0023236742708832026,0.9976763129234314,1,4,6.064605608643864,1,Suspected_False_Positive
"fake pics  get off my tl, u r dismissed muzzie.",0,train,0.0023698853328824043,0.9976301193237305,1,1,6.0449137077556205,1,Suspected_False_Positive
oplas dipermak tetap jelek pokoknya mukanya tegang kek banci sudah sekian,0,train,0.0023917334619909525,0.9976083040237427,1,4,6.035736878035965,1,Suspected_False_Positive
shopped for new shoes the other day.  no more nikes in our family.,0,val,0.002474547130987048,0.9975255131721497,1,3,6.001697877082857,1,Suspected_False_Positive
arya is a fucking goat,0,train,0.002477142494171858,0.9975228905677795,1,1,6.000649603213151,1,Suspected_False_Positive
but percent get to wear the ever stylish mudshark monocle take that bigots,0,train,0.0025619645603001118,0.9974379539489746,1,3,5.966980908429143,1,Suspected_False_Positive
love being a slut  slut whore sex nudes horny wet cock fuck,0,train,0.00257978611625731,0.9974201917648315,1,1,5.960048784160523,1,Suspected_False_Positive
Dosen bego...,0,train,0.002582453889772296,0.9974175691604614,1,3,5.959015212009921,1,Suspected_False_Positive
norak benar kegaet penjahat,0,train,0.0025939210318028927,0.9974060654640198,1,3,5.95458463618701,1,Suspected_False_Positive
Kontloo,0,train,0.0026501717511564493,0.9973498582839966,1,2,5.933130829327046,1,Suspected_False_Positive
#Boikotindosat ini si kuning taiiii pulsa pagi tadi Rp. 2000 an masih kepotong juga tinggal Rp. 1. padahal gk di ngapain... bener gk menghargai pelanggaan sepertinya. budek... taiiiii',0,train,0.002651349175721407,0.9973486661911011,1,3,5.932686645629366,1,Suspected_False_Positive
fuck these cunts. this is why mgtow has a leg to stand on.,0,train,0.0027076902333647013,0.9972923398017883,1,2,5.911659319926816,1,Suspected_False_Positive
MUAL BANG CUKUP,0,train,0.0027766674757003784,0.9972233772277832,1,4,5.886503820102854,1,Suspected_False_Positive
itu tahi lalat.. ?kok gede BGT.. hati2 MBA takutnya kanker mendingan di cek deh,0,train,0.002796704415231943,0.9972033500671387,1,3,5.879313549563079,1,Suspected_False_Positive
white hall senior school staffs wish fellow nigerians happy independence day,0,train,0.0028558552730828524,0.9971441626548767,1,5,5.858383910479683,1,Suspected_False_Positive
she is such a ham!!!!,0,train,0.0028605503030121326,0.9971394538879395,1,4,5.8567412590189,1,Suspected_False_Positive
Mantan kamu yang brengsek itu jangan dilupain justru dijadikan pengingat bahwa kamu pernah salah pilih dan dibego bego,0,train,0.0031344681046903133,0.9968655705451965,1,1,5.765295782867403,1,Suspected_False_Positive
Dan baberapa hari yg lalu viral bapak2 kekerangan fisik bunuh bocil yg suka Hina suka bully bapak2 itu hati2 dengan Lisanmu jgn anggap sepele bercandaan prank Dan lain lain kalau gak mau mati konyol,0,train,0.0032178363762795925,0.9967821836471558,1,3,5.739046078106286,1,Suspected_False_Positive
hahhahaha sesungguhnya allah swt melaknat wanita perebut pezina suami sah oranglain,0,train,0.003291369415819645,0.9967086315155029,1,4,5.716451564995509,1,Suspected_False_Positive
INGAT GAIIS....!!! JANGAN PERNAH MEMILIH PARTAI PDI DLM PEMILIHAN UMUM BERIKUT NYA..,0,train,0.0033258020412176847,0.9966741800308228,1,3,5.706044418558263,1,Suspected_False_Positive
Harap kembalikan Adul,0,train,0.003341471077874303,0.9966585636138916,1,4,5.701344126482509,1,Suspected_False_Positive
anaknya sudah pintar maknya kelempengan berasa baby tingginya azka saja melebihi mamanya,1,train,0.9966580867767334,0.003341957228258252,0,3,5.7011986471379155,1,Suspected_False_Negative
bitches broken hearts,0,val,0.003394180675968528,0.9966058731079102,1,3,5.685692879654,1,Suspected_False_Positive
Kaya ninja hatori,0,train,0.0034121773205697536,0.996587872505188,1,1,5.6804046810167526,1,Suspected_False_Positive
"""rambutku kelihatan kampungan kalau pakai jepit ini""",0,train,0.003420588793233037,0.9965794682502747,1,3,5.677942580961713,1,Suspected_False_Positive
bocilll jaman skrg ga punya adab yhh kok bisa',0,train,0.003445507725700736,0.9965544939041138,1,5,5.670684004911294,1,Suspected_False_Positive
Kelakuannya tasyi bener bener ke spill semua anjrit,0,train,0.00348347844555974,0.9965164661407471,1,4,5.659723931094773,1,Suspected_False_Positive
meanwhile in the me goat resorts to drastic measures in attempt to flee raghead love,0,train,0.0034887180663645267,0.9965112805366516,1,1,5.65822092647286,1,Suspected_False_Positive
musim hujan jadi mudah birahi,1,train,0.9964739680290222,0.003526026150211692,0,3,5.647583778638131,1,Suspected_False_Negative
bacot banget,0,train,0.0037146927788853645,0.9962853193283081,1,1,5.595459301705696,1,Suspected_False_Positive
Saya sangat ingin makan banyak orang ingin bahagia2,1,train,0.9961678385734558,0.003832121379673481,0,4,5.564336744095038,1,Suspected_False_Negative
Rusak lagi fasilitas negara asyik tender lagi kasih pemborong yg lagi sepi job.,0,train,0.003885773941874504,0.9961142539978027,1,3,5.550433102165059,1,Suspected_False_Positive
Mirip puantat,1,train,0.9960381984710693,0.003961837384849787,0,3,5.531047375250823,1,Suspected_False_Negative
"bloon ini bapak² ngapain sok²an ngalang²in ibu² nya segala, biarin ibu² nya tabokin itu bocah brengsek.",0,train,0.003989343997091055,0.9960106611251831,1,1,5.524128473354088,1,Suspected_False_Positive
sav you are so nicee love you too twat!,0,train,0.004036462865769863,0.995963454246521,1,2,5.512386498782604,1,Suspected_False_Positive
"semangat kak,kamu sendirian😚",1,train,0.9959624409675598,0.004037575330585241,0,3,5.512110932877325,1,Suspected_False_Negative
need mo bitche lil b,0,train,0.00412690918892622,0.9958731532096863,1,1,5.490226532590879,1,Suspected_False_Positive
ahn hyoseop kuuu kang taemoo kuuu yg shining shimmering splendid ganteng gagah paripurna sempurna itu remakeannya se maghrib ini???? seriuss??ðŸ˜­ðŸ˜­,1,train,0.9957438111305237,0.004256126005202532,0,5,5.4593959208955,1,Suspected_False_Negative
hope you blisters,1,train,0.9956663846969604,0.004333563148975372,0,3,5.441365177216051,1,Suspected_False_Negative
ayu janda bodoh punya suami kapan nikah laginya,0,train,0.004380313213914633,0.9956197142601013,1,1,5.430635047124331,1,Suspected_False_Positive
kerdus mulutnya busuk sampah makanannya,0,train,0.004483367316424847,0.9955165982246399,1,3,5.407380881759413,1,Suspected_False_Positive
ditengah manusia monyet kulitnya bercorak batik,1,val,0.9953464865684509,0.0046534910798072815,0,2,5.3701375712185495,1,Suspected_False_Negative
she is a dog with fleas.,1,train,0.9951808452606201,0.004819227382540703,0,3,5.33514165784679,1,Suspected_False_Negative
white pill of the day,1,train,0.995142936706543,0.004857076331973076,0,4,5.3273185998735695,1,Suspected_False_Negative
what happened to your last guess kevin hassert?  huntsman has already denied it. so you are calling him a liar.,0,train,0.004927307832986116,0.9950726628303528,1,4,5.312962518584508,1,Suspected_False_Positive
aight bitches who got a plug,0,train,0.004978904966264963,0.9950211048126221,1,3,5.302545298416287,1,Suspected_False_Positive
aye everyone buy some bombass brownies tomorrow from my wigga  they dont contain marijuana b;,1,train,0.9949411153793335,0.0050588916055858135,0,5,5.286607869957263,1,Suspected_False_Negative
we will all be sitting in around in filth waiting for death .,0,train,0.005102925468236208,0.9948970675468445,1,2,5.277941282486837,1,Suspected_False_Positive
im sorry but this makes me feel so free. like a fucking majestic bird. gotonelessproblemwithoutya,1,train,0.9947819113731384,0.00521803367882967,0,5,5.255634637932418,1,Suspected_False_Negative
"lengthy, but well worth the read!",1,train,0.9947774410247803,0.005222563166171312,0,5,5.254766969600223,1,Suspected_False_Negative
get the hell out before you people become part of a great dirt !,0,train,0.0052487715147435665,0.9947512745857239,1,1,5.249761226951921,1,Suspected_False_Positive
found out the name but i forgot.,1,train,0.9946399331092834,0.005360058508813381,0,3,5.228780388135611,1,Suspected_False_Negative
Anjirr Tatut Bgt SM Rak Bos dan BU Bus: ((,0,train,0.005383242387324572,0.9946168065071106,1,2,5.224464412119722,1,Suspected_False_Positive
"they used to use words like gook to dehumanize the enemy. now, they use words like bigot and nazi the latter having no connection to the ww definition of the word.",0,val,0.005445521790534258,0.9945545196533203,1,4,5.212961697889327,1,Suspected_False_Positive
garis lurus bersama pak jokowi gak kenal namanya budi ari,0,val,0.005508385598659515,0.9944915771484375,1,4,5.201483693547312,1,Suspected_False_Positive
"kata Mak aku , orang itu yg dipegang dipercaya omongan nya....yg keluar dari MULUT nya....🤭🤭🤭",0,train,0.005525241140276194,0.9944747090339661,1,1,5.19842838723189,1,Suspected_False_Positive
if we could teach a giraffe to paint that would be one handy sumbitch,0,train,0.005562505219131708,0.9944374561309814,1,4,5.191706693219349,1,Suspected_False_Positive
real niggahs do not get in to that,0,train,0.005596730392426252,0.9944032430648804,1,5,5.18557271024809,1,Suspected_False_Positive
kim lip for the dykes,0,train,0.005621081218123436,0.9943788647651672,1,4,5.181231246014204,1,Suspected_False_Positive
remind me of antifa ratbags.,1,train,0.9943777918815613,0.005622184369713068,0,4,5.181035012707332,1,Suspected_False_Negative
Kisahnya seperti mamat ini hari ini yang saya lihat masuk dan keluar dari hari itu tetapi hari ini saya melihat wajahnya yang asam,1,val,0.994360625743866,0.005639367271214724,0,3,5.177983405720321,1,Suspected_False_Negative
a cute girl that ive had a crush on since earlier this year just called me funny and i want to throw up,1,val,0.9942994117736816,0.005700599402189255,0,5,5.16718395139156,1,Suspected_False_Negative
mba drpd dugem trs mending duitnya dipake perawatan dah,0,train,0.005721826106309891,0.9942781925201416,1,1,5.163467275184787,1,Suspected_False_Positive
nothing sucks more than suck people. may sucks.,0,train,0.005749082192778587,0.9942508935928345,1,2,5.158715055560492,1,Suspected_False_Positive
Anak istri dan keluarga besarnya pasti bangga,1,val,0.9942382574081421,0.005761726759374142,0,3,5.1565180645872,1,Suspected_False_Negative
i get up for five minutes to get lunch and the world explodes,1,train,0.9941667318344116,0.005833267699927092,0,3,5.1441779382251465,1,Suspected_False_Negative
already more yellows than the last  years combined indycar honda,1,train,0.99411940574646,0.005880608689039946,0,4,5.1360950038850675,1,Suspected_False_Negative
he never should have been pope in the first place. hes a jesuit.,0,train,0.005900727119296789,0.9940992593765259,1,4,5.132679695105179,1,Suspected_False_Positive
"""Lengannya gempal banget sih HAHA""",1,train,0.9940028786659241,0.005997105501592159,0,4,5.116478342555618,1,Suspected_False_Negative
"PERTANYAAN BODOH, NANYA BOCIL PUNYA PACAR APA NGGAK ??? GK BERBOBOT BGT",0,train,0.006061447784304619,0.9939385652542114,1,2,5.1058065991338655,1,Suspected_False_Positive
monyet prabowo ini memang lucu,1,train,0.9939351677894592,0.006064818240702152,0,4,5.105250705592131,1,Suspected_False_Negative
Masuk akal juga...,0,train,0.006232201587408781,0.9937678575515747,1,5,5.078025623791665,1,Suspected_False_Positive
oh no! sorry hun. that sucks. hope you heal fast. ; dancerproblems,0,train,0.006280181463807821,0.9937198162078857,1,2,5.070356403408697,1,Suspected_False_Positive
"semangat kak,kamu sendirianðŸ˜š",1,train,0.9936424493789673,0.006357546430081129,0,5,5.058112757496692,1,Suspected_False_Negative
swap meet bound beaner,0,train,0.006396943237632513,0.9936030507087708,1,4,5.051935021832774,1,Suspected_False_Positive
"Saya bukan siswa yang cerdas dan pintar di dekat Anda, tetapi saya pikir 7 keterampilan bertahan hidup penting bagi Anda untuk menghadapi dunia",1,train,0.9935848116874695,0.006415248848497868,0,3,5.049077490007075,1,Suspected_False_Negative
Aku dulu lahir di Jogja Jogja dijuluki kota berhati nyaman Pantes aja aku langsung pake hati kalo udah nyaman dikit,1,train,0.9934197068214417,0.006580263841897249,0,3,5.023680436896023,1,Suspected_False_Negative
"Selagi gedung hijau itu belum di neffalkan, kita akan terus dijadiin mainan mereka. Bahkan janji reformasi Polri dan tuntutan 17+ sampe sekarang tidak ada perkembanganya. Rakyatnya pemaaf dan pelupa, pejabatnya tidak ada urat malu, kombinasi yg sempurna ! hukum???? Mudah diatur.",0,train,0.006604756228625774,0.9933952689170837,1,2,5.019965248785711,1,Suspected_False_Positive
ahn hyoseop kuuu kang taemoo kuuu yg shining shimmering splendid ganteng gagah paripurna sempurna itu remakeannya se maghrib ini???? seriuss??😭😭,1,train,0.9933792352676392,0.0066207656636834145,0,4,5.017544256554547,1,Suspected_False_Negative
congratulations welcome to the white honky cracker club,1,train,0.9932456612586975,0.006754413712769747,0,4,4.997559104412989,1,Suspected_False_Negative
Semoga mbk Lisa sehat selalu ya sampai idul Adha ðŸ¤—ðŸ¤—,1,train,0.9932143688201904,0.006785630714148283,0,5,4.992948032882421,1,Suspected_False_Negative
sayang sekali lagi itu menyakitkan jadi saya harus selalu memiliki sayangku,1,train,0.9931572079658508,0.006842827890068293,0,4,4.984554198567547,1,Suspected_False_Negative
racists be like we hate zog so lets go fight for them,0,train,0.006868567317724228,0.9931314587593079,1,5,4.980799736311726,1,Suspected_False_Positive
jablay anjir mukanya murahan bangetttt najisss,0,train,0.006884758360683918,0.993115246295929,1,4,4.978445243904863,1,Suspected_False_Positive
emg jokowi itu siapa???,0,val,0.006944634020328522,0.9930554032325745,1,4,4.969786001021302,1,Suspected_False_Positive
they shot another monkey lmaooooooooooo,1,val,0.9929860234260559,0.007013993803411722,0,3,4.959848010724518,1,Suspected_False_Negative
"perasaan dulu dia putih bening gitu deh, inget banget pas dulu dia sekeluarga di undang ke brownis pas dia disuruh dance karna di kpo-pers, sumpah cantik banget,putih bersih bening juga",1,train,0.9929537177085876,0.007046234793961048,0,4,4.955261876603665,1,Suspected_False_Negative
fredy salah yg penting ngeyel,1,train,0.9928989410400391,0.007101093418896198,0,4,4.947506504130623,1,Suspected_False_Negative
"""Ketiaknya hitam dikasih bedak jadi nya abu"" monyet""",1,train,0.9928925037384033,0.007107565179467201,0,2,4.946595543961688,1,Suspected_False_Negative
the experience of going to the holohoax amusement park.,1,train,0.9928761720657349,0.007123822811990976,0,3,4.944310785847334,1,Suspected_False_Negative
lebih rendah untuk tolol gratis gratis,0,train,0.007212161086499691,0.9927878975868225,1,2,4.931986637992049,1,Suspected_False_Positive
nyettt monyet goblog,1,train,0.9927502870559692,0.007249738555401564,0,4,4.926789872089701,1,Suspected_False_Negative
"""Itu ditengah manusia apa monyet kok kulitnya bercorak batik""",1,train,0.9927109479904175,0.007289098110049963,0,2,4.92137545665756,1,Suspected_False_Negative
sending commiserations to you for those cardinal losses with this brioche cinnamon roll picture. url,1,train,0.9926851987838745,0.007314786314964294,0,4,4.917857456834976,1,Suspected_False_Negative
Uda terlihat dari wajahnya,0,train,0.00737206544727087,0.9926279187202454,1,4,4.910057361396433,1,Suspected_False_Positive
"my favorite shark is megaldon, my least favorite is a mud shark. they are the worst",0,train,0.007439933717250824,0.9925600290298462,1,3,4.900893339148485,1,Suspected_False_Positive
skate board parts yo. this is awesome. im sorry but i love watching rome burn.,1,train,0.9925413131713867,0.0074587129056453705,0,3,4.898372412407268,1,Suspected_False_Negative
its gone full retard now .,0,train,0.007461152039468288,0.9925388693809509,1,1,4.898045447806232,1,Suspected_False_Positive
pengambilan fotonya bagus mantap keren tinggal pengambilan arwah nya saja,1,train,0.9925047159194946,0.007495262660086155,0,1,4.893484103333668,1,Suspected_False_Negative
"24 8 18 Ulang Tahun Saudaraku, dia memintaku untuk makan aku minus karena dia lambat untuk kembali ke Ot 26 8 18 dia bertanya",1,train,0.9925028085708618,0.007497167680412531,0,3,4.893229972376464,1,Suspected_False_Negative
do not think so maybe do a little research buddy!,1,train,0.9924557209014893,0.007544230204075575,0,3,4.886972219260296,1,Suspected_False_Negative
back to where ya came from !,1,train,0.9923045039176941,0.007695457432419062,0,5,4.867125068049518,1,Suspected_False_Negative
they are extremely simple.,1,train,0.992302417755127,0.007697609718888998,0,1,4.866845424432972,1,Suspected_False_Negative
7 00 p m itu pagi apa malam ya Pagiudah pernah coba trik pancing memancing kayak gitu B,1,train,0.9922686219215393,0.0077314069494605064,0,3,4.862464421371746,1,Suspected_False_Negative
"orang yang berfikir sehat, beda dengan projo",1,train,0.992216944694519,0.007783051580190659,0,4,4.8558067837377985,1,Suspected_False_Negative
cantik sih sayang kurus ya padahl sudah nikah kamu bahagia pernikahannya,1,train,0.992211103439331,0.00778892682865262,0,4,4.85505219127864,1,Suspected_False_Negative
iya kamu monyet mel,1,train,0.9921557903289795,0.007844212464988232,0,4,4.847979284708359,1,Suspected_False_Negative
and i you ya sexy lady you,1,train,0.9921174645423889,0.007882577367126942,0,4,4.84310035154382,1,Suspected_False_Negative
yg baru ke jepang vs yg dah hidup tahunan di jepang. Nitizen harap maklum ??????,0,train,0.007967314682900906,0.9920327663421631,1,3,4.832407771070873,1,Suspected_False_Positive
wow  you are so cute,1,val,0.9920163154602051,0.007983650080859661,0,2,4.830359568481067,1,Suspected_False_Negative
bang coba duet sama firdaus kyke cocok deh,1,val,0.9919899106025696,0.008010118268430233,0,3,4.827049752913465,1,Suspected_False_Negative
Ya sok cantik loh jdi cewek,1,train,0.9919277429580688,0.008072301745414734,0,3,4.819316614888338,1,Suspected_False_Negative
als liberaler mensch kann man den islam nur ablehnen,0,train,0.008175102062523365,0.9918249249458313,1,5,4.8066620775644155,1,Suspected_False_Positive
baru tau dosen dosen sekarang selain mengajar ternyata kurang ajar juga ya terlalu keseringan birahi otaknya agak ngelag,1,train,0.9918239712715149,0.008176038041710854,0,1,4.806547592680481,1,Suspected_False_Negative
strong women that take no shit from garbage dudes in their mentions got the best pussy,0,train,0.008218379691243172,0.9917816519737244,1,5,4.801382207197955,1,Suspected_False_Positive
Kasia Ajg Tas Nya KW Dubuli Sexagat Tiktok Wakkaka,0,val,0.008248236030340195,0.9917517304420471,1,3,4.797755916001346,1,Suspected_False_Positive
"""Muka nya kok gitu, seren bikin mual liatnya""",1,train,0.9917393922805786,0.008260563015937805,0,1,4.796262532036344,1,Suspected_False_Negative
when are we going to fight back?,1,train,0.9917241930961609,0.008275787346065044,0,5,4.794421214684522,1,Suspected_False_Negative
"gemukan kakaknya,,",1,train,0.9916768074035645,0.00832315906882286,0,2,4.788713400443239,1,Suspected_False_Negative
twitter should dump the little blue bird mascot and just officially change it to a set of boobs.,1,val,0.9916732907295227,0.008326653391122818,0,5,4.788293657294821,1,Suspected_False_Negative
redneck in the white house  moccasin creek ;;,1,train,0.9916731715202332,0.008326811715960503,0,1,4.788274643253398,1,Suspected_False_Negative
st century hit  dont cha by  the pussycat dolls feat. busta rhymes.  url,0,train,0.008364381268620491,0.9916356801986694,1,3,4.783772913971132,1,Suspected_False_Positive
Sahabat selalu dikenal karena saya bahkan tidak bisa menceritakan kisah bahwa saya sedih mengirim lagu ini,1,train,0.991614818572998,0.008385182358324528,0,5,4.781289135783103,1,Suspected_False_Negative
"saya yakin Krn mas Uya Kuya orang baik,saya sbg TKW Taiwan,sering melihat,bolak balik Taiwan Indonesia,Hongkong, Indonesia untuk membantu para TKW",0,train,0.008430162444710732,0.9915697574615479,1,2,4.775939237318834,1,Suspected_False_Positive
or dont vote for the cripple amirite? bigot mt  vote votewendydavis for governor of texas.,0,train,0.008504456840455532,0.9914956092834473,1,1,4.7671649187297565,1,Suspected_False_Positive
"you should.have tried more, perhaps a bjp or rss connection could have been fixed.masters would be happy dhanya",1,train,0.9914466142654419,0.008553416468203068,0,5,4.761424488922727,1,Suspected_False_Negative
yet my daughter still wants to go outside and play with that thing .,1,train,0.9914162755012512,0.008583687245845795,0,5,4.757891708864816,1,Suspected_False_Negative
happy birthday my little cotton picker,1,train,0.9913927316665649,0.00860730092972517,0,2,4.755144490556053,1,Suspected_False_Negative
i havent checked it so i cant say anything.,1,train,0.9912624359130859,0.008737512864172459,0,5,4.740129699128876,1,Suspected_False_Negative
Dulu pas smp persis dulu pernah seperti ini di bully sampe ribut begini tapi waktu itu saya masih melawan dan alhasil saya dan pembuly tersebut mengalami patah tangan tapi Alhamdulillah masalah selesai dengan secara kekeluargaan dan pada saat itu saya di palak ketika saya menolak dia langsung memukul saya dan membuly saya syukur saat itu saya berani melawan mungkin kalau tidak bisa mungkin saya akan bonyok juga seperti di video tapi dari kejadian itu yg membuat saya malas adalah itu orang orang yg menonton mempertawakan saya ketika di bully sumpah dulu pernah seling di bully tapi saya selalu kesal dengan orang yg melihat orang lain menderita mereka diam diam saja menurut saya dialah orang yg paling bajingan menurut saya dan menurut saya si TS ini bukan lelaki sejati saya tahu kalau perkelahian itu terjadi karena cewe memang dalam cewe boleh bersaing tapi jangan seperti ini kalau memang nya mau ribut ribut lah dengan adil ketika ada pihak yg menyerah seharusnya si ts berhenti saja toh percuma juga dia bonyokin juga pasti dia bakal kena batu ibarat kata si ts tak pernah memikirkan hal panjang kedepan tapi wajar sih namanya juga esempe apalagi kalau masalah cewe pastinya pemikiran bomat setelah bonyokin orang yg penting dendam sudah terbalaskan Untuk orang yg seperti ini sering di bully lawan aja mereka tak peduli mau kalah atau menang yg penting kita sudah berusaha kalau kalian di berani melawan cobalah cari bantuan dari orang lain untuk pembelaan seperti contoh minta bantuan ke teman yg lebih kuat atau nggak ke kakak kalian mereka membully kita karena kita terlihat lemah tapi kalau kita menunjukkan siapa sebenarnya diri kita saya jamin orang lain pasti mikir untuk mencari problem sama kalian 😊,1,train,0.9912342429161072,0.008765815757215023,0,4,4.7368956950919765,1,Suspected_False_Negative
hitler would be so proud of david hogg url,1,train,0.9912341237068176,0.008765907026827335,0,4,4.73688528315318,1,Suspected_False_Negative
dia kalo gaa cerdas gaa bakal masuk partai dek dek,0,train,0.008809435181319714,0.9911905527114868,1,5,4.731931952176685,1,Suspected_False_Positive
selamat natal dan orde baru ya ☺️☺️☺️ 58% seneng nih pasti,1,train,0.9911872744560242,0.008812759071588516,0,1,4.731554713081427,1,Suspected_False_Negative
red roses swarm.   conservatives pounce.   we need our own verb.,1,train,0.9910200238227844,0.008979914709925652,0,4,4.712764894494241,1,Suspected_False_Negative
"Lu gila ngga sih, masa lupa ulang tahun sendiri",0,train,0.008993899449706078,0.991006076335907,1,3,4.711208770404133,1,Suspected_False_Positive
you bitches are retarded learn your self worth stop trying to come for the female and correct your wack ass man,0,train,0.00900478195399046,0.9909952282905579,1,1,4.709999514529615,1,Suspected_False_Positive
more like putin every day. maga url,1,train,0.9909665584564209,0.009033441543579102,0,4,4.706821860842343,1,Suspected_False_Negative
dem number nikes in yellow b da most hard shoes,0,train,0.009063486941158772,0.9909365773200989,1,3,4.703501360878936,1,Suspected_False_Positive
wow jr. you are not very bright are you. url,1,train,0.9909080266952515,0.009091963991522789,0,4,4.700364333456921,1,Suspected_False_Negative
and another one ; two hoes? rt  yall know what we are?! ;;,0,train,0.009209265932440758,0.9907907247543335,1,5,4.68754513520945,1,Suspected_False_Positive
aduuh halu hhahaha lebay editan nyaa lemak ke mana lemak hahhaaa mimpi ketinggian,1,train,0.9907402992248535,0.00925971195101738,0,3,4.6820823376094545,1,Suspected_False_Negative
marshall law! whatever you coon,0,train,0.009320368058979511,0.9906796813011169,1,1,4.675553159757584,1,Suspected_False_Positive
Hidup itu tidak harus tenar tp bagaimana kerja nyata kita itu bisa di lihat baik oleh rakyat....tp sayang kamu cuma ingin mencari ketenaran dari pada kebanggaan,1,train,0.990614652633667,0.009385409764945507,0,1,4.668598948208422,1,Suspected_False_Negative
liberals cant stand all the winnig!!  . url,0,train,0.009413247928023338,0.9905868172645569,1,1,4.665637227868417,1,Suspected_False_Positive
cant we send this pig back to canada. hes an animal.,1,train,0.9905847907066345,0.00941524002701044,0,3,4.66542562309173,1,Suspected_False_Negative
user user had not been muzzies been donated pak amp bangladesh by india already,0,val,0.009467442519962788,0.9905325174331665,1,3,4.659896469507226,1,Suspected_False_Positive
pussy. its science. donaire via rachel spelling error,0,train,0.009473803453147411,0.9905261993408203,1,2,4.659224820616464,1,Suspected_False_Positive
about to smack some peckerwoods in a judge pit,1,train,0.9904838800430298,0.009516097605228424,0,4,4.654770429634336,1,Suspected_False_Negative
"""Ilang respect gue.. padahal jane udh setia bgt sama lu, tapi lu nya main cewe pas udh keluar dri penjara.. lol""",0,train,0.00954326894134283,0.990456759929657,1,4,4.651919195889969,1,Suspected_False_Positive
Hueekkkkk cuihh,1,train,0.990445613861084,0.009554348886013031,0,2,4.650758847409489,1,Suspected_False_Negative
"yes indeed it is , and yes he is a jew .",0,train,0.009555896744132042,0.9904441237449646,1,5,4.650596854921025,1,Suspected_False_Positive
he can go pollute some other pool with his disgusting paedophilia .,0,train,0.009556004777550697,0.990444004535675,1,4,4.650585549565717,1,Suspected_False_Positive
dick drunk ..... its the real deal.,0,train,0.009560718201100826,0.9904392957687378,1,2,4.650092429102455,1,Suspected_False_Positive
Orangtua pelaku mana nih..... Ga nongol.... Tuh anak lahir lewat apa woiiii,0,train,0.009642919525504112,0.9903571009635925,1,1,4.641531360868354,1,Suspected_False_Positive
spread the word people.,1,train,0.990347146987915,0.009652860462665558,0,4,4.640500986553656,1,Suspected_False_Negative
"i also , unfortuantely , spent th grade in a   monkey house .",1,train,0.9903395771980286,0.009660383686423302,0,3,4.6397219124550535,1,Suspected_False_Negative
get the fuck out of my way cucks! hahaha thats my president!,0,train,0.009691144339740276,0.9903088212013245,1,4,4.6365427651356805,1,Suspected_False_Positive
for sale    buy american flag usa     shoppingsale .org     usaflagu shop maga americafirst  trump polqx url,1,train,0.9902777075767517,0.009722257032990456,0,1,4.633337482425037,1,Suspected_False_Negative
prihatin lihat badan nya pasti setreslihat koemntar,1,train,0.9902663826942444,0.009733598679304123,0,2,4.632171597175259,1,Suspected_False_Negative
bayangkan kalau posisi kamu lg di bwah dan orng lain melihat kita rendah karna materi yang kita punya,1,train,0.9902414679527283,0.00975849200040102,0,1,4.6296173986503835,1,Suspected_False_Negative
you are a bad chaid,0,train,0.009817595593631268,0.9901823401451111,1,4,4.623579034494959,1,Suspected_False_Positive
target marketing nya squad berak lancar,1,train,0.990139901638031,0.009860060177743435,0,3,4.619263007166802,1,Suspected_False_Negative
and here s what david irving s site offers on hitler s table talks .,1,train,0.99010169506073,0.009898250922560692,0,5,4.615397211939188,1,Suspected_False_Negative
Besok mau nobar,1,train,0.9899605512619019,0.010039442218840122,0,3,4.601233722154258,1,Suspected_False_Negative
cuihhh,1,train,0.9898386001586914,0.010161366313695908,0,4,4.589162366178906,1,Suspected_False_Negative
spill ustad nya mbak kita mau bimbingan skripsi,1,train,0.989797055721283,0.01020299457013607,0,5,4.585074016472187,1,Suspected_False_Negative
gatau sih cantik tidak aura nya cantik idih begitu lihatnya yaa,1,val,0.9897539615631104,0.010246057994663715,0,1,4.580862233256305,1,Suspected_False_Negative
irl i would smack the shit out of your skank face and you would beg for forgiveness,0,train,0.010308431461453438,0.9896915555000305,1,3,4.574793130116751,1,Suspected_False_Positive
you are cuter tha me shhhh,1,train,0.9896392822265625,0.01036070752888918,0,2,4.5697347501884265,1,Suspected_False_Negative
it is  you get to see a good game and niggas working,1,train,0.9895413517951965,0.0104586286470294,0,3,4.560327933430802,1,Suspected_False_Negative
"""Lidah banyak kuman and virus nih""",1,train,0.9894997477531433,0.010500261560082436,0,3,4.556355111644879,1,Suspected_False_Negative
serasa pengen ngumpul kekuatan terus lari Dari lapangan Sekencang harapan terus Di Ulti tuh sampe ulti infinitey??????,1,val,0.9894987344741821,0.010501333512365818,0,3,4.556253028704929,1,Suspected_False_Negative
"kata Mak aku , orang itu yg dipegang dipercaya omongan nya....yg keluar dari MULUT nya....ðŸ¤­ðŸ¤­ðŸ¤­",0,train,0.010513735935091972,0.9894862174987793,1,1,4.5550726924517395,1,Suspected_False_Positive
"Rama biasa bngt ngetweet sendiri bales sendiri, kampang.'",1,train,0.9894682765007019,0.010531758889555931,0,4,4.553359930740022,1,Suspected_False_Negative
ini wednesday versi rabu pahing??,1,train,0.9894232153892517,0.010576753877103329,0,4,4.54909671653887,1,Suspected_False_Negative
mbak gimana rasanya dibuli setiktok? aman???,0,val,0.010615185834467411,0.9893848299980164,1,4,4.5454696772003755,1,Suspected_False_Positive
jelek lecek bantet,0,train,0.010703745298087597,0.9892962574958801,1,4,4.537161570901082,1,Suspected_False_Positive
"cakepan bridesmaid nya, maaf aku mewakilin kalian semua",1,train,0.9892388582229614,0.010761110112071037,0,5,4.531816559303359,1,Suspected_False_Negative
yep lmao. its been a hectic few weeks. waddup ho,1,train,0.9891448616981506,0.010855132713913918,0,2,4.523117249663615,1,Suspected_False_Negative
jesus inherited the sinful genes from sinful mary. it was in jesus blood to commit sin.,0,train,0.010883149690926075,0.9891168475151062,1,4,4.520539585798248,1,Suspected_False_Positive
kok bisa ya muka nya mirip2 petinggi2 nya apa ini suatu kebetulan...???,0,train,0.010889352299273014,0.9891106486320496,1,4,4.519969820456853,1,Suspected_False_Positive
kriput,1,train,0.9891022443771362,0.01089769508689642,0,2,4.5192039720256,1,Suspected_False_Negative
emang kalo ke photo studio boleh bawa hewan ya?,1,train,0.989096999168396,0.010902943089604378,0,3,4.5187225179721136,1,Suspected_False_Negative
aura mba2 pembaca tarot kuat bangttt😭🙏,1,train,0.9890928268432617,0.010907192714512348,0,4,4.518332825308123,1,Suspected_False_Negative
hapus saja ni poto tidak tahu malu sangat kamu bang,0,train,0.010922187007963657,0.9890778064727783,1,1,4.516959053263283,1,Suspected_False_Positive
i do like the outfit they dressed the simian in ; he looks so regal,1,train,0.9889569878578186,0.011043048463761806,0,3,4.505954147285842,1,Suspected_False_Negative
HIDUP PENUH DENGAN SETTINGAN,1,train,0.9889328479766846,0.011067138984799385,0,5,4.503775013289199,1,Suspected_False_Negative
so  brought the poison social media scripts to gab??,1,train,0.9889089465141296,0.011091099120676517,0,3,4.501612373362544,1,Suspected_False_Negative
user where did you dig up this hillbilly,1,train,0.9889059066772461,0.011094080284237862,0,4,4.501343620649314,1,Suspected_False_Negative
there must be a cash prize or something for whoever comes up with the first conservatives pounce take.,1,val,0.9888851642608643,0.011114846915006638,0,4,4.499473504489736,1,Suspected_False_Negative
Arab emang agak lain.. tanya aja TKI arab saudi ?? udah tabiat,0,train,0.011160588823258877,0.9888394474983215,1,4,4.495366561480075,1,Suspected_False_Positive
"""yang aku suka dari dia adalah selalu cukur jembut sebelum manggung""",1,train,0.9887979626655579,0.011202048510313034,0,3,4.491658614699228,1,Suspected_False_Negative
exactly what the leftistlibtards wanted to happen. try are a corrupt and miserable party. url,0,train,0.011208822019398212,0.9887912273406982,1,2,4.491054130435,1,Suspected_False_Positive
what are you offended about?,1,train,0.9887901544570923,0.011209836229681969,0,3,4.490963651310587,1,Suspected_False_Negative
anang muka nya kaya babiii begitu saja demenin jijikk,0,train,0.01130275521427393,0.9886972904205322,1,3,4.4827087587121195,1,Suspected_False_Positive
another liar that broke his oath,0,train,0.01130698248744011,0.9886929392814636,1,4,4.48233482485484,1,Suspected_False_Positive
babi rumah kotor,0,train,0.011309264227747917,0.9886907339096069,1,1,4.482133045988145,1,Suspected_False_Positive
lock this dick up and throw away the key.,0,train,0.011324244551360607,0.9886757135391235,1,2,4.480809316119626,1,Suspected_False_Positive
cant even spell right. you have the brain of an ape,0,train,0.011335013434290886,0.988664984703064,1,1,4.479858809819034,1,Suspected_False_Positive
have a nice day at work white man,1,train,0.9886477589607239,0.01135224848985672,0,2,4.478339449841705,1,Suspected_False_Negative
all jokes to the front niggas be queer,1,train,0.9885954260826111,0.011404584161937237,0,3,4.473739884941875,1,Suspected_False_Negative
life skang aku simplekan je aku tak suka aku tak layan itu je penat nk jaga hati org je pikir diri sendiri dlu,1,train,0.9885216951370239,0.011478293687105179,0,1,4.467297532665198,1,Suspected_False_Negative
JD DK KEKOT SYMONE MB KITO @ ???? @KataBANGBAJYang,0,train,0.011512527242302895,0.9884874820709229,1,3,4.464319511079699,1,Suspected_False_Positive
i think our president is brilliant why are women such brainlets,1,train,0.9884834885597229,0.011516483500599861,0,4,4.46397592199721,1,Suspected_False_Negative
GIVE AWAY TIME Untuk merayakan ulang tahun namjoon dan ulang tahun aku aku adain give away photocard dan juga album Lov,1,train,0.9884746670722961,0.01152530126273632,0,1,4.46321055050733,1,Suspected_False_Negative
islamic state suspects in indonesia are chinese uighurs  uighur jihadis theyre not just a prc tool.,0,train,0.011546540074050426,0.9884534478187561,1,1,4.461369447579875,1,Suspected_False_Positive
he is a russian troll. look at the rest of his page.,0,train,0.01157230045646429,0.9884276986122131,1,1,4.45914092811403,1,Suspected_False_Positive
mending liat dek molen biarpun cowok tetapi cuantik tidak kaya cewek tetapi mirip bencong wkwkwk,0,train,0.011769155040383339,0.98823082447052,1,5,4.442273149549172,1,Suspected_False_Positive
you know chris brown the shit when you see multiple dykes grinding and winding and screaming for him,0,train,0.011771352030336857,0.9882286787033081,1,4,4.442086493420373,1,Suspected_False_Positive
Syap paling nakallll bos,0,train,0.011809520423412323,0.9881905317306519,1,2,4.438849257267801,1,Suspected_False_Positive
most of these videos belong on the animal planet tv channel .,1,train,0.9881511926651001,0.01184884924441576,0,1,4.43552452629238,1,Suspected_False_Negative
john kelly called elizabeth warren an impolite arrogant woman in email after trump travel ban conversation,1,train,0.9880955219268799,0.011904478073120117,0,5,4.430840640985445,1,Suspected_False_Negative
mau beli barang di shupe harganya sepuluh ribu tp ongkirnya 25ribu KESEL BANGET DEH WHERES THE JUSTICE THO aku jadi kayak be,1,train,0.9880809783935547,0.011919019743800163,0,3,4.429619856984895,1,Suspected_False_Negative
weve had this petition before but they refused to debate it. fucking cocksuckers,0,train,0.011927344836294651,0.9880726337432861,1,2,4.428921629562871,1,Suspected_False_Positive
paansi martabak kacang,1,train,0.9880414009094238,0.011958585120737553,0,4,4.426305838399436,1,Suspected_False_Negative
he hit the lotto,1,train,0.9880051016807556,0.011994924396276474,0,2,4.42327168564686,1,Suspected_False_Negative
"Viralkan, adili!!!",0,val,0.012024379335343838,0.9879756569862366,1,4,4.420819078846809,1,Suspected_False_Positive
bacot kamu monyet barbar,0,train,0.012041833251714706,0.9879581928253174,1,1,4.419368587260908,1,Suspected_False_Positive
Tls followan ama aku yukk rep rt kita temenan,1,val,0.9878502488136292,0.012149780057370663,0,4,4.410444211633448,1,Suspected_False_Negative
you arent a member. butt out,0,train,0.012154988944530487,0.9878450036048889,1,5,4.410015580755354,1,Suspected_False_Positive
"""Jualan jualan knp ngga jadi yutuber lagi bro takut ngga ada yg nntn yah""",1,train,0.9877713918685913,0.012228655628859997,0,5,4.403973259375842,1,Suspected_False_Negative
"""Look-nya Rafathar emang gak bisa dipungkiri, diborong gen mama gigi semua HAHA.""",0,train,0.012248300015926361,0.9877517223358154,1,3,4.402368125831526,1,Suspected_False_Positive
bro nosey ass bitches,0,train,0.012250631116330624,0.9877493977546692,1,2,4.402177823618036,1,Suspected_False_Positive
merinding pas ingat dia jadi Wednesday,1,train,0.9876949787139893,0.012304998934268951,0,1,4.397749681748715,1,Suspected_False_Negative
Banyak Betarrrr,0,train,0.012322356924414635,0.9876776337623596,1,2,4.396340030374069,1,Suspected_False_Positive
Lah Widow APH,0,train,0.012346992269158363,0.9876530170440674,1,2,4.394342786527903,1,Suspected_False_Positive
lol....sounds like you need to read what he said.....their father was the devil,0,train,0.012375668622553349,0.9876242876052856,1,1,4.392022941881636,1,Suspected_False_Positive
alis nya ko bisa bagus bgt gt anjirrrr,0,train,0.012404119595885277,0.9875959157943726,1,4,4.38972663607119,1,Suspected_False_Positive
yeah i think they d be much better off back home .,1,train,0.9874984622001648,0.012501562014222145,0,5,4.381901681343103,1,Suspected_False_Negative
you bitches are real life weirdos,0,train,0.012530787847936153,0.9874691963195801,1,5,4.379566635120572,1,Suspected_False_Positive
your narrative is so false it is comedic. you and people like you are frauds.,0,train,0.012534682638943195,0.9874653220176697,1,1,4.379255865686547,1,Suspected_False_Positive
"yes maam, and well warm up  before we shove him in an oven.",1,train,0.9874438643455505,0.012556171976029873,0,1,4.37754294337515,1,Suspected_False_Negative
breaking. greece molotov cocktails fly after protest honouring killed antifa arti... url via  url,1,train,0.987441897392273,0.012558110989630222,0,4,4.377388528167927,1,Suspected_False_Negative
Baru pernah liat orang resepsi seleranya kureng bgt maap😭🙏🏻,1,train,0.9874336123466492,0.012566344812512398,0,4,4.376733085260682,1,Suspected_False_Negative
user that some hillbilly talk right there,1,train,0.9873740077018738,0.012626007199287415,0,4,4.371996528841443,1,Suspected_False_Negative
im such a retard sometimes.,0,train,0.0127433892339468,0.987256646156311,1,3,4.36274263329603,1,Suspected_False_Positive
carrey is becoming weird like peewee herman...,1,train,0.987248957157135,0.012751034460961819,0,5,4.3621428764758186,1,Suspected_False_Negative
idm hallo ami tolobg bantu ya huhu ini aku masalah album ku yg ga sampe sampe,1,train,0.9872334003448486,0.012766644358634949,0,3,4.360919418830582,1,Suspected_False_Negative
mon maap sejak kapan bright bibirny maju,1,val,0.9870633482933044,0.012936677783727646,0,4,4.347688762924711,1,Suspected_False_Negative
"Affan itu cuma ""ojol"" dan ""korban dalam jumlah angka"" bagi kaum elit bang",0,train,0.012967236340045929,0.9870327711105347,1,2,4.345329384311268,1,Suspected_False_Positive
if you see something.,1,train,0.9870092272758484,0.01299082301557064,0,4,4.343512092679953,1,Suspected_False_Negative
"""dikasi yang bening malah milih yang dakian""",1,train,0.9869188666343689,0.013081185519695282,0,2,4.336580300997953,1,Suspected_False_Negative
Apakah itu tatap muka jatuhnya Meteor?,1,train,0.9868403673171997,0.013159633614122868,0,4,4.330601194344653,1,Suspected_False_Negative
all mexcrement bucks are born with knives,1,train,0.9867767691612244,0.01322320755571127,0,3,4.3257818449632,1,Suspected_False_Negative
"Orang tua yg terlalu memanjakan anak, anak tdk diajarkan adab, tdk di ajarkan mnta maaf, selalu bela anak dll..SELAMAT ANDA SEDANG MEMBESARKAN SEORANG MONSTER.",1,train,0.9866957664489746,0.013304250314831734,0,2,4.319671722263118,1,Suspected_False_Negative
hiiihhh jiik lihat nih orang auranya buruk sangat tidak manis manisnya,1,val,0.9866344928741455,0.013365494087338448,0,1,4.3150789613249785,1,Suspected_False_Negative
@udaraTerbuka: mon maap sejak kapan bright bibirny maju,1,train,0.9865694046020508,0.013430611230432987,0,4,4.310218757164478,1,Suspected_False_Negative
selamat natal dan orde baru ya â˜ºï¸â˜ºï¸â˜ºï¸ 58% seneng nih pasti,1,val,0.9865145087242126,0.013485468924045563,0,1,4.306142549243049,1,Suspected_False_Negative
Saya menemukan ayat yang berguna untuk menggunakan waktu ketika Anda berada di tengah menyerah dengan sabar dibagi menjadi dua yaitu kesabaran da,1,train,0.9864734411239624,0.013526612892746925,0,5,4.303096208661151,1,Suspected_False_Negative
kok cara rias dan gaya nya seperti pekerja malam ya nih cewek2 nya,1,train,0.9864554405212402,0.013544580899178982,0,1,4.301768745291142,1,Suspected_False_Negative
you are a hero!! url,1,train,0.9864335060119629,0.013566436246037483,0,1,4.300156459667494,1,Suspected_False_Negative
Biarin ajaasi orang lagi birahii juga,1,train,0.98639315366745,0.013606798835098743,0,4,4.297185696810182,1,Suspected_False_Negative
"betul, bisa di liat dari anak sekolah jaman pak Harto sama anak sekolah jaman sekarang, dl kelas 6 SD aja sudah hapal ibukota negara-negara, pegangan rpul, rpal, 1 jam berapa menit aja tau, anak skrg? 😭😭😭",1,val,0.9863759875297546,0.013623962178826332,0,3,4.2959251116953086,1,Suspected_False_Negative
judge roy moore will masterbate to this story.  maga,1,train,0.9863215088844299,0.013678472489118576,0,3,4.2919320331743425,1,Suspected_False_Negative
if you were deaf you would nt hear all the  multiculturalism enriches our society  rubbish .,0,train,0.013712495565414429,0.986287534236908,1,2,4.289447776778148,1,Suspected_False_Positive
belajaer tuh ya hahahaha bela artis sampai sebegitunya manusah2 begoh,0,train,0.013732501305639744,0.9862674474716187,1,4,4.287989897670879,1,Suspected_False_Positive
damn straight he is. nothing but good vibes coming through november,1,train,0.9861428141593933,0.013857209123671055,0,1,4.27894966742491,1,Suspected_False_Negative
binatang itu fitnah paling keji,0,train,0.013864253647625446,0.986135721206665,1,2,4.2784414313217765,1,Suspected_False_Positive
"Sebagaimana data di negara-gara komunis, Kenapa dia g sebutin di rezim komunis, nyawa Rakyat Juga gratis??!",0,train,0.014029154554009438,0.9859707951545715,1,5,4.266617646554497,1,Suspected_False_Positive
pas wink merinding ??,1,val,0.9859651327133179,0.01403488963842392,0,4,4.266208932510649,1,Suspected_False_Negative
saya tidak suka sama ni orang idupnya kebanyakan ribut,0,train,0.014041918329894543,0.9859580397605896,1,4,4.265708256534563,1,Suspected_False_Positive
bet ford is a part of antifa and the berkeley gang,1,train,0.9859247803688049,0.014075256884098053,0,4,4.2633368540324845,1,Suspected_False_Negative
"buset, kaget",0,train,0.014107000082731247,0.9858930706977844,1,5,4.261084145025219,1,Suspected_False_Positive
yeah i am a communist come at me hoes squiggy bot,0,train,0.01411233376711607,0.9858877062797546,1,2,4.260706128699482,1,Suspected_False_Positive
"""Eh ada pelakor, pas banget frame ke tiga, orang ke 3""",1,val,0.9858447313308716,0.014155261218547821,0,2,4.257668906434695,1,Suspected_False_Negative
where is that nicolas cage meme when you need it?,1,train,0.985690176486969,0.014309818856418133,0,3,4.246809344025125,1,Suspected_False_Negative
lets give the women of europe some ammunition and training so they can defend themselves,1,train,0.9856660962104797,0.014333877712488174,0,3,4.245129472736869,1,Suspected_False_Negative
Dia hidup di dunia imajiner ya,1,train,0.9856109619140625,0.014388960786163807,0,1,4.241293978469439,1,Suspected_False_Negative
also whats up bitches i got bangs and it wasnt a mistake im so excited,0,train,0.014394610188901424,0.9856054186820984,1,3,4.240901434902481,1,Suspected_False_Positive
despite the super gay cover i am excited to be starting this kettlebell program today,1,train,0.9855678081512451,0.01443219743669033,0,1,4.23829363527524,1,Suspected_False_Negative
user only the skin or brown parts contain protein everything inside is carbonhydrate oya kill yourself knowswhatmatters,1,train,0.9855276346206665,0.014472363516688347,0,3,4.235514412583249,1,Suspected_False_Negative
he is a godless heathen,0,train,0.014506258070468903,0.9854936599731445,1,2,4.233175131597423,1,Suspected_False_Positive
OBLY 347 LIKES AND 200 REPLIES AND EIGHT HOURS AGO??!!!,1,train,0.9854725003242493,0.014527549967169762,0,1,4.231708434532389,1,Suspected_False_Negative
reposting my good old review of an aboriginal documentary.,1,train,0.9854419231414795,0.014558006078004837,0,2,4.229614190783422,1,Suspected_False_Negative
granny schicklgrubers cherries jewbilee recipe,1,train,0.9852975010871887,0.01470248680561781,0,2,4.219738629054962,1,Suspected_False_Negative
wah pas nonton berita ada yang dilamar pas wisuda jadi ingin aku tuh tapi yang nak melamar pon siape,1,train,0.9852911233901978,0.014708836562931538,0,3,4.219306839071709,1,Suspected_False_Negative
have those twats been arrested yet?,0,train,0.014723099768161774,0.9852768778800964,1,1,4.218337605774493,1,Suspected_False_Positive
"Nonton teach you a lesson jujurly gak terlalu kaget sama kasusnya karna terlalu sering liat cerita detektif reomit sama drama lain kayaknya hehe, lebih ke puas karna satset kasih pelajaran ke yang salah 👌",1,train,0.9852761030197144,0.014723909087479115,0,1,4.218282637928929,1,Suspected_False_Negative
that will teach you for wearing a jew cap you great suck up !,0,train,0.014725403860211372,0.9852745532989502,1,2,4.218181122981114,1,Suspected_False_Positive
the president of the united states is a repulsive racist nazi cheer leading lying sack of drek just saying,0,val,0.014759120531380177,0.9852408766746521,1,1,4.215894046179882,1,Suspected_False_Positive
what a redneck virgin a seven year old that can run faster than her brothers,1,train,0.9852360486984253,0.014763996005058289,0,3,4.215563764401099,1,Suspected_False_Negative
Sosok ibu tersiap akhirnya melahirkan anak yg biadap!,1,train,0.9852325916290283,0.014767386950552464,0,4,4.215334114098966,1,Suspected_False_Negative
niggas do nt wait in no lines .,1,train,0.9852223992347717,0.014777567237615585,0,3,4.214644975276737,1,Suspected_False_Negative
no. but i am. you are hilarious. not in a good way.,1,train,0.9851537942886353,0.014846282079815865,0,2,4.210005810075541,1,Suspected_False_Negative
right on shaft. he is shafticus !,0,train,0.01493071485310793,0.9850693345069885,1,4,4.204334788261931,1,Suspected_False_Positive
brent bozellverified account  m minutes agomore,1,train,0.9850668907165527,0.014933135360479355,0,3,4.204172685427941,1,Suspected_False_Negative
i love that feeling that u get from going from blues to purples. the discovery of new sexy loot!,1,train,0.9847970008850098,0.015203036367893219,0,5,4.1862601100338805,1,Suspected_False_Negative
"""Parah lu bang nama lu udh rusak karna narkoba malah nambah masalah ajh truss""",0,train,0.015224461443722248,0.9847756028175354,1,5,4.184851839166353,1,Suspected_False_Positive
there are dykes on a date in this pizza place,0,train,0.015246444381773472,0.9847534894943237,1,4,4.18340895840718,1,Suspected_False_Positive
"""Santai rick yg ngehujat lo belom tau perjalanan hidup lo aja! Mereka hanya sok suci!""",0,train,0.015290169976651669,0.9847097992897034,1,5,4.180545142251966,1,Suspected_False_Positive
pineapples on sale at publix;hoes on sale too;up stairs,1,train,0.98469477891922,0.015305234119296074,0,2,4.1795604097859735,1,Suspected_False_Negative
when a fic has  smell of  in its title and you just know  those a b o bitches,0,train,0.015306340530514717,0.9846936464309692,1,5,4.179488122670281,1,Suspected_False_Positive
swear niggas make me wanna turn this phone off,1,train,0.9846574664115906,0.01534253265708685,0,3,4.177126395165771,1,Suspected_False_Negative
gotta represent my coconuts and mangos yo !!,1,train,0.9846038222312927,0.015396183356642723,0,2,4.173635634262709,1,Suspected_False_Negative
lmfao go to bed whitey ;,1,train,0.984602689743042,0.015397296287119389,0,5,4.173563350747496,1,Suspected_False_Negative
"yapp, semua akan pret pada waktunya",1,train,0.9844146966934204,0.01558535173535347,0,2,4.161423797178659,1,Suspected_False_Negative
ware da colored elite meet to eat,1,train,0.9843614101409912,0.015638522803783417,0,4,4.158017998211614,1,Suspected_False_Negative
Sekarang seseorang adalah pelacur jika mereka memposting gambar toilet apa yang terjadi pada negara ini,0,train,0.01565428636968136,0.9843457341194153,1,4,4.1570105100603305,1,Suspected_False_Positive
kurotsuchi me fuck you you ugly asshole i hate you,0,train,0.015737900510430336,0.9842621088027954,1,5,4.151683430503869,1,Suspected_False_Positive
you turn a dull tuesday night into a super sexy one! so hot!,1,train,0.9841867089271545,0.015813292935490608,0,1,4.14690436763369,1,Suspected_False_Negative
Saya ingin membalas email yang terlambat bagi saya untuk menyelesaikan bulan ini,1,train,0.984169602394104,0.015830431133508682,0,2,4.145821170241599,1,Suspected_False_Negative
i keep finding out that these bitches i am stanning are like number max,0,train,0.015835875645279884,0.9841641783714294,1,1,4.145477302428855,1,Suspected_False_Positive
nigga just had them crackers on a chase.,1,train,0.9841561913490295,0.015843747183680534,0,3,4.14498035594656,1,Suspected_False_Negative
it be the unbothered bitches that be knowing everything you post,0,train,0.01589927077293396,0.9841006994247437,1,1,4.141482034145193,1,Suspected_False_Positive
Makanya tadi aku kaget lihat teman kabar nya udah menikah Dalam hati kamu kapan taarufnya kok sampai ga tercium kabarnya,1,train,0.984088659286499,0.01591137796640396,0,1,4.1407208303009195,1,Suspected_False_Negative
"Waaah pintar sekali ya, sampe ngga bisa bedain mana yang bener",1,train,0.984028160572052,0.015971865504980087,0,5,4.136926510491542,1,Suspected_False_Negative
love her!! she is a badass!,1,train,0.9840242266654968,0.01597577892243862,0,2,4.1366815210691135,1,Suspected_False_Negative
memang nya asu malu,0,train,0.015982765704393387,0.9840171933174133,1,5,4.13624428075372,1,Suspected_False_Positive
buset anak ngen,1,train,0.9840091466903687,0.01599081978201866,0,3,4.135740485031526,1,Suspected_False_Negative
"iya perubahan, contoh nya kayak kemarin kan yahh udah bagus timnas udah naik dirubah biar lebih buruk ga boleh bagus bagud timnas indo yah erik",1,train,0.9839738011360168,0.016026215627789497,0,3,4.1335294208440985,1,Suspected_False_Negative
"when the wheel hits the road , it wo nt matter if you swing for yellow or black , just that you swing from the nearest overpass .",1,val,0.9838832020759583,0.016116756945848465,0,5,4.127895744162798,1,Suspected_False_Negative
hes made a gun control shift as well. check his talking points from last cycle.,1,train,0.9838316440582275,0.016168344765901566,0,2,4.124699975140977,1,Suspected_False_Negative
ok i get you dont like to talk bad about the jew. btw i said kapo s,0,train,0.016203587874770164,0.9837964177131653,1,2,4.122522587514244,1,Suspected_False_Positive
cause everyone knows a real leader falls into a van like a sack of potatoes.....,1,train,0.9836727976799011,0.016327258199453354,0,4,4.114919285701296,1,Suspected_False_Negative
"JGN SEBUT YG BAIK SAJA SEBUT YG BUSUK JUGA KALAU FER.,.,.,",0,train,0.01645643264055252,0.9835436344146729,1,5,4.107038836228868,1,Suspected_False_Positive
user yea ur white so do not say it wigger,0,train,0.01646861433982849,0.9835313558578491,1,3,4.106298870704198,1,Suspected_False_Positive
si amanda mukanya tante umur tetapi muka boros sekali dasar cabe jujur saya mah tidak suka ama ni haltis,0,train,0.016644977033138275,0.9833549857139587,1,4,4.095646787761551,1,Suspected_False_Positive
so we all just house niggas huh,1,train,0.983253002166748,0.01674705184996128,0,3,4.089533045159992,1,Suspected_False_Negative
beware of anyone defending this guy. theyre either a brainwashed zombie or complicit.,0,train,0.01679692044854164,0.9832030534744263,1,1,4.086559716010065,1,Suspected_False_Positive
Orang kayak gitu emang gak ada otak udah enak disekolahin biar pinter malah bully anak orang semoga anak yang menjadi korban bully cepat sehat,1,train,0.9831341505050659,0.016865814104676247,0,4,4.082466539787959,1,Suspected_False_Negative
seem like da colored folk be gettin in da way lately. i just sayin,1,train,0.9830949902534485,0.016905037686228752,0,5,4.080143613529963,1,Suspected_False_Negative
he got what he deserved .,1,train,0.9830703139305115,0.016929619014263153,0,5,4.078690586677831,1,Suspected_False_Negative
"Sarkasme halus: Oh hebat ya lo bisa telat terus, bakatnya emang itu",1,train,0.9830368161201477,0.016963141039013863,0,1,4.076712462994252,1,Suspected_False_Negative
if the arabs in gaza had leaders that cared they would have water u moron,0,train,0.016998840495944023,0.9830011129379272,1,5,4.074610143373004,1,Suspected_False_Positive
Setidaknya kembali meminta maaf oke daripada menghilang dari radar masa tinggal saya tanpa pesan yang Anda ingat mudah untuk bertahan,1,train,0.9828872084617615,0.01711278222501278,0,3,4.067929596172652,1,Suspected_False_Negative
but they be hyping up other bitches tho believe me,0,train,0.017116855829954147,0.9828831553459167,1,1,4.067691579927545,1,Suspected_False_Positive
user if that makes me racist someone buy me a white pointed hat,1,train,0.982873260974884,0.01712668687105179,0,4,4.067117396265909,1,Suspected_False_Negative
"Bruh dia seengganya dia bisa kabur dri negara ini, artinya dia win. kalian ini knp dah julid bgtðŸ˜­",0,train,0.017145277932286263,0.9828547239303589,1,2,4.066032482508283,1,Suspected_False_Positive
cause you sweet lil nigga,1,train,0.9828301668167114,0.017169762402772903,0,3,4.064605442096692,1,Suspected_False_Negative
wasnt this clown running guns?,0,train,0.017187079414725304,0.9828129410743713,1,4,4.063597374270735,1,Suspected_False_Positive
Tua,1,train,0.982812225818634,0.017187781631946564,0,1,4.063556517830884,1,Suspected_False_Negative
Dan parahnya lagi si lintang yang di salahin jadi selingkuhan sama netizen@Aview,0,val,0.01728419028222561,0.9827158451080322,1,2,4.057963051818595,1,Suspected_False_Positive
shes a great comedian. where as you are a great....nothing.,1,train,0.9826675057411194,0.01733250357210636,0,3,4.055171721054682,1,Suspected_False_Negative
is sfos! hes going to go away like  . non electable.  maga mega,0,train,0.01733417436480522,0.9826657772064209,1,2,4.0550753291994726,1,Suspected_False_Positive
Pacar kamu sibuk ya kok tumben komen wassap story aku,1,train,0.9826112389564514,0.01738879270851612,0,4,4.051929377493093,1,Suspected_False_Negative
PADA GATAU TAN SKIN APA JIRR CAKEP GINI DI BILANG APALAHH,0,train,0.017475513741374016,0.9825244545936584,1,5,4.046954592646382,1,Suspected_False_Positive
this could so be about the jew.  killing in the name of... rage against the machine.,0,train,0.017588892951607704,0.9824110865592957,1,2,4.040487658449298,1,Suspected_False_Positive
biological traitors that want to wallow in a ghetto,0,val,0.0175901111215353,0.9824098348617554,1,3,4.040418402939645,1,Suspected_False_Positive
knows how to draw a crowd. cheap drinks and cleavage.,1,val,0.9822997450828552,0.017700232565402985,0,2,4.034177500200369,1,Suspected_False_Negative
because you could not even begin to respond since you cant speak in full sentences and your words are so limited,1,train,0.9822521209716797,0.017747817561030388,0,2,4.03149272492836,1,Suspected_False_Negative
you go mike and by the way sarah she is the best lair . url,1,train,0.9822328090667725,0.017767205834388733,0,5,4.030400889787577,1,Suspected_False_Negative
nuke em till they glow and use them for runway lights.,1,train,0.9821397662162781,0.017860202118754387,0,2,4.025180386758268,1,Suspected_False_Negative
dulu si pelakor yang sombong karena brhasil mendapatkan si botak sampai mnceraikan bunda maya sekarang hdp nya mkin anjlok bunda maya yang sering jelong2 kluarnegri,0,val,0.018020300194621086,0.9819797277450562,1,4,4.016256367971721,1,Suspected_False_Positive
peppered cheeses made my son gay,1,train,0.9819524884223938,0.018047550693154335,0,4,4.014745299080857,1,Suspected_False_Negative
should have dropped a bomb on winston churchill,1,train,0.9819149971008301,0.01808500662446022,0,4,4.012672047282305,1,Suspected_False_Negative
ah locktober which one of you white bitches are ready to be sexually frustrated for a month,0,train,0.018103640526533127,0.9818964004516602,1,1,4.011642226872497,1,Suspected_False_Positive
Hidup ini adalah pilihan yang harus kamu pilih,1,train,0.9818858504295349,0.0181141197681427,0,5,4.0110635471409655,1,Suspected_False_Negative
Masi School Well Widows,1,train,0.9818832874298096,0.018116755411028862,0,3,4.010918055602172,1,Suspected_False_Negative
Amen Ustazah Saya sakit kepala untuk Anda menuliskan apa yang Anda terlambat ketika saya memberi tahu Anda untuk mengirim buku,1,train,0.9818763732910156,0.018123557791113853,0,5,4.010542651552713,1,Suspected_False_Negative
kita lanjutkan saja diam ini hingga kau dan aku mengerti tidak semua kebersamaan harus melibatkan hati,1,train,0.9818723797798157,0.01812765747308731,0,3,4.010316469784127,1,Suspected_False_Negative
i did not know drawings specifically designed for adults would hurt children if anything i am staying away from kids for sure it okay to admit that lolis are better than  d women like you in every way and you feel inferior intimidated by it,1,val,0.9818150401115417,0.01818496733903885,0,3,4.007159996583354,1,Suspected_False_Negative
what about red people? indians  red is a color.,1,train,0.98178631067276,0.018213650211691856,0,1,4.005583954386138,1,Suspected_False_Negative
idungna miring,1,train,0.9817512631416321,0.018248705193400383,0,5,4.003661149777415,1,Suspected_False_Negative
its the same girl you utter moron.,0,train,0.018298612907528877,0.9817013740539551,1,5,4.0009300194103234,1,Suspected_False_Positive
likenoother gamestopcontest laura croft is great because she is a badass!,1,train,0.9816508293151855,0.018349142745137215,0,2,3.998172422459081,1,Suspected_False_Negative
i got more common sense than all of my followers,1,train,0.9816461205482483,0.0183539018034935,0,1,3.9979130947416404,1,Suspected_False_Negative
pak de kan ganteng. diem-diem udah ada simpenan. nya. gaesss,1,train,0.9816348552703857,0.01836511678993702,0,4,3.9973022403549026,1,Suspected_False_Negative
awwww she is so stinking cute! how old is she now?,1,train,0.9815413951873779,0.018458601087331772,0,4,3.9922248335301953,1,Suspected_False_Negative
kasihan yah sudah stress,1,train,0.9813907146453857,0.01860932819545269,0,3,3.9840923080954886,1,Suspected_False_Negative
"Eh sumpah ya brav, aku padahal udah suka dari lo pertama kali muncul di podcast2,, kek orang yang bijaksana , lemah lembut, tanpa ada alasan mencintai,,, tp lo inget yaa ,, ini udah bawa2 baby andrew , kasian dia gatau2 apa2 liat mamanya disakitin orang kek elo yang berpura2 jd pahlawan. :) sabar yaa baby andrew @eri.carl",1,train,0.9813010692596436,0.0186989214271307,0,4,3.979289434478564,1,Suspected_False_Negative
Gua Itsgrar,0,train,0.01874707080423832,0.9812529683113098,1,4,3.9767177625438785,1,Suspected_False_Positive
bbut they are creeping in slowly seeing more and more these days .,1,train,0.9811989068984985,0.01880105584859848,0,3,3.9738422485637748,1,Suspected_False_Negative
"Bruh dia seengganya dia bisa kabur dri negara ini, artinya dia win. kalian ini knp dah julid bgt😭",0,train,0.01883619651198387,0.9811637997627258,1,2,3.9719749138678284,1,Suspected_False_Positive
what did meek say niggas fuck they bestfriends like they was dykes,0,train,0.018956737592816353,0.98104327917099,1,4,3.965595864850072,1,Suspected_False_Positive
be me at work.,1,train,0.9810414910316467,0.018958544358611107,0,4,3.9655005594374186,1,Suspected_False_Negative
hed shat his pants if he faced any antifa,1,train,0.9810240268707275,0.018976014107465744,0,4,3.9645795127298227,1,Suspected_False_Negative
"""Muka anak nya ko tua banget yaa.. GK ngegemesin GK ada lucu2nya""",1,train,0.9809975028038025,0.019002465531229973,0,2,3.9631865434328426,1,Suspected_False_Negative
haha otak bodoh otak bodoh tukang makan tai anak monyet tukang sodomi hahaha,0,val,0.01904638297855854,0.980953574180603,1,1,3.960878065328937,1,Suspected_False_Positive
this is what conservatives think a genius looks like. lmao,1,train,0.9809405207633972,0.019059445708990097,0,3,3.9601924625540783,1,Suspected_False_Negative
you say well they elected the nazi retards,0,train,0.019152294844388962,0.9808477163314819,1,4,3.9553327353190144,1,Suspected_False_Positive
finding cheap s on craigslist but they all need a new tranny ;;,0,train,0.019227387383580208,0.9807726144790649,1,2,3.9514195900997455,1,Suspected_False_Positive
bitches be makin mistakes and hurting people they love i am bitches bitches is me,0,train,0.019233575090765953,0.9807664155960083,1,2,3.9510978245046564,1,Suspected_False_Positive
im never playing flappy bird again ever fuck that game ;,1,train,0.980765163898468,0.019234787672758102,0,2,3.9510347814268933,1,Suspected_False_Negative
astaghfirullah seram ya bun ular jelmaan makhluk halus ya bun,1,train,0.9807524085044861,0.01924760453402996,0,5,3.9503686657822685,1,Suspected_False_Negative
Apa gunanya dpr kok tega banget ðŸ’”,0,train,0.01928076334297657,0.9807192087173462,1,5,3.9486473981054613,1,Suspected_False_Positive
yes. yes he is!,1,train,0.9806795120239258,0.019320448860526085,0,1,3.9465912175211613,1,Suspected_False_Negative
and fish smell sweaty in the raghead and body bags,1,train,0.9806673526763916,0.019332660362124443,0,4,3.945959366565302,1,Suspected_False_Negative
Si numpang tenar,1,train,0.9806304574012756,0.01936952956020832,0,4,3.9440540888892297,1,Suspected_False_Negative
indoctrinating children from an early age with subtle devil worship images...,0,train,0.019380278885364532,0.9806196689605713,1,4,3.9434992822533705,1,Suspected_False_Positive
"""Banyak yg kecewa karena lu begini rik!!!!""",0,train,0.01942715048789978,0.9805728793144226,1,3,3.941083681628231,1,Suspected_False_Positive
SBNR adalah aksi kue Anda ?????,1,train,0.9805632829666138,0.019436735659837723,0,2,3.9405904127824,1,Suspected_False_Negative
you mean the conservative saint ronald reagan gave amnesty to a million mexicans another chink in his armor,0,train,0.019440915435552597,0.9805590510368347,1,5,3.940375390752354,1,Suspected_False_Positive
user user user um lol stop being dramatic i was joking that the extra x chromosome is what makes us want to win arguments i never said men can not have emotions or be the same tone it down feminazi,1,val,0.9805518984794617,0.01944802515208721,0,3,3.9400097486697265,1,Suspected_False_Negative
bct,1,train,0.9804759621620178,0.01952403597533703,0,4,3.9361089583376967,1,Suspected_False_Negative
oh shit stay safe!! !!,0,val,0.01953180506825447,0.9804681539535522,1,1,3.9357111129546594,1,Suspected_False_Positive
yu hoes just love to pump fake bout yall lives on these social networks,0,train,0.019625380635261536,0.9803746342658997,1,2,3.930931620074414,1,Suspected_False_Positive
you hate the jews that much you wouldnt save them,0,train,0.019719034433364868,0.9802809357643127,1,4,3.926170894831726,1,Suspected_False_Positive
theyre naming names in britain,1,train,0.9802669286727905,0.019732994958758354,0,2,3.925463173267523,1,Suspected_False_Negative
chinas theft of ip. is between  and  billion in economic value. stop that for  maga.,0,train,0.019805986434221268,0.9801939725875854,1,2,3.9217710418160454,1,Suspected_False_Positive
many realize and remain silent. they are cowards.,0,train,0.019842732697725296,0.9801572561264038,1,1,3.919917449829741,1,Suspected_False_Positive
Izinkan aku mengupload ini,1,train,0.9801499247550964,0.01985011249780655,0,1,3.919545604469201,1,Suspected_False_Negative
user number m dollars for immigrants lmao epic american win,1,train,0.9801344275474548,0.019865617156028748,0,1,3.9187648226910494,1,Suspected_False_Negative
gagah kali abang borisq kalau tidak baca nmx bner2 tidak ngeh kalau itu bang boris,0,train,0.01993509940803051,0.9800649285316467,1,4,3.9152733115532503,1,Suspected_False_Positive
dia tu kaya kusemm gt ga si bukan tan skin..,0,train,0.019938243553042412,0.9800617098808289,1,4,3.9151156049360005,1,Suspected_False_Positive
oh i fucking hate you cuz you a fucking time wasting motherfucker,0,train,0.02005499228835106,0.9799450635910034,1,3,3.9092771642851982,1,Suspected_False_Positive
Selamat di atas penderitaan orang lain ? Hih. URL,1,train,0.9799343943595886,0.02006560005247593,0,3,3.9087483702792705,1,Suspected_False_Negative
how he is still batting,1,train,0.9798995852470398,0.020100420340895653,0,5,3.907014551653399,1,Suspected_False_Negative
players should stand up and be counted like soccer players url,1,train,0.9798550605773926,0.02014489471912384,0,5,3.904804386506673,1,Suspected_False_Negative
i wonder what  thinks of this appearance.,1,train,0.9797838926315308,0.02021615020930767,0,2,3.9012734787048298,1,Suspected_False_Negative
jedar memang muka 2 kali di depan di belakang busuk mulutnya kek banci cucoklah 2 banci itu,0,train,0.020284784957766533,0.9797152280807495,1,1,3.897884183426675,1,Suspected_False_Positive
duit banyak tp perawatan sulit,1,train,0.9796956777572632,0.02030436135828495,0,5,3.896919570774616,1,Suspected_False_Negative
wake up black americans!  maga kavanaugh votered trump trump walkaway kag trumptrain a sundaythoughts hurricaneflorence hurricaneflorence bolsonaroeleitolugar bolsonaropresidente bb blackout bluewave blm blackexcellence url,1,val,0.9796609878540039,0.020338982343673706,0,5,3.8952159218811415,1,Suspected_False_Negative
ill have him at the height of ecstasy all over my body,1,train,0.9796226620674133,0.020377283915877342,0,1,3.893334532106487,1,Suspected_False_Negative
open bo tidak bang si listy om om yang cari cewek yang sudah pengalaman,1,train,0.9795970320701599,0.020402956753969193,0,3,3.8920754497145382,1,Suspected_False_Negative
breaking! tech companies meet in secret to steal  election    left desperate to win midterms,1,train,0.9795756936073303,0.02042428031563759,0,3,3.891030874321354,1,Suspected_False_Negative
apasih bego,1,train,0.9795750975608826,0.020424949005246162,0,5,3.8909981349223615,1,Suspected_False_Negative
Bersyukurlah sampai Anda lupa kurangnya,1,train,0.9795209765434265,0.020478997379541397,0,2,3.888355436086298,1,Suspected_False_Negative
"girl support girl, tapi yg ini gk dulu",1,train,0.9795153737068176,0.02048466168344021,0,4,3.88807888345089,1,Suspected_False_Negative
artinya Projo itu artinya Projo 😂,0,train,0.020569508895277977,0.9794305562973022,1,4,3.8839454504064608,1,Suspected_False_Positive
curious couldnt find this on your website.  doesnt fit your narrative does it.  cowards. url,1,train,0.9793644547462463,0.020635580644011497,0,5,3.880738477379611,1,Suspected_False_Negative
"Ini bukan hari Rabu, ini adalah malam suro??",1,train,0.9793423414230347,0.02065763995051384,0,4,3.8796700546078733,1,Suspected_False_Negative
Jangan dekat dengan aku Aku tengah susah Nanti aku senang aku panggil,1,train,0.9793343544006348,0.02066565863788128,0,4,3.8792819593811125,1,Suspected_False_Negative
"logo bukan sembarang logo, mantap meriam london",1,train,0.9793062210083008,0.020693710073828697,0,2,3.8779254860536683,1,Suspected_False_Negative
if we get the word out,1,train,0.9792887568473816,0.020711300894618034,0,5,3.8770757907420985,1,Suspected_False_Negative
agh waters world dem negresses remarks god dayum,1,train,0.9792546629905701,0.02074536494910717,0,2,3.8754324332041947,1,Suspected_False_Negative
"Lo itu berharga, percayalah",0,train,0.02075943537056446,0.9792405366897583,1,4,3.874754419004009,1,Suspected_False_Positive
"if i was in commiefornia, id be eating at least  meals a day there.",1,train,0.9791772961616516,0.020822720602154732,0,5,3.8717105517983774,1,Suspected_False_Negative
bang lu cakep kok.. kalo diliat dari inti bumi????,1,train,0.9791566133499146,0.02084333635866642,0,3,3.870720980924733,1,Suspected_False_Negative
"""paan melet melet mau jilat tai tabi?""",1,val,0.9791472554206848,0.020852765068411827,0,4,3.8702687223401933,1,Suspected_False_Negative
you are alienating your supporters disgusted  url,0,train,0.02090080827474594,0.9790992140769958,1,3,3.8679674473263495,1,Suspected_False_Positive
of muslims worldwide are illiterate. they cannot read the quran or anything else.,0,train,0.020996563136577606,0.9790034890174866,1,3,3.863396514815471,1,Suspected_False_Positive
ya kali kejayaan selamanya bang ðŸ˜‚,1,train,0.9789743423461914,0.021025635302066803,0,2,3.862012857072296,1,Suspected_False_Negative
user happy bday slut whatchu on for the day,1,train,0.978950023651123,0.021049989387392998,0,5,3.8608552230157267,1,Suspected_False_Negative
stunting on all yall hoes that was flexing on me,0,train,0.02116222493350506,0.9788377285003662,1,5,3.8555375294334606,1,Suspected_False_Positive
"""atas bawah hitam putih, kek kopi luwak""",1,train,0.9788337349891663,0.021166296675801277,0,5,3.85534514178778,1,Suspected_False_Negative
Nama yang layak nama ICA,1,train,0.9788219928741455,0.021177988499403,0,3,3.854792915018549,1,Suspected_False_Negative
they have been taking advantage of our overwelcoming nature for far to long .,1,train,0.9788209199905396,0.021179063245654106,0,2,3.8547421680374887,1,Suspected_False_Negative
user i mean if sexual harassment is just mean girl drama,1,train,0.9786409735679626,0.02135901339352131,0,3,3.8462814553987945,1,Suspected_False_Negative
pick that cotton negro  or whatever massa said,1,train,0.9786359667778015,0.021364042535424232,0,1,3.846046025520627,1,Suspected_False_Negative
how dare you!!! kappa,1,train,0.9786145091056824,0.02138555236160755,0,5,3.8450397082420498,1,Suspected_False_Negative
thinking about the studentloan crisis  url tcot maga rednationrising,1,train,0.9783517718315125,0.02164825238287449,0,1,3.8328305491370704,1,Suspected_False_Negative
"hoi, fai moke hau!!!!",0,train,0.021689841523766518,0.978310227394104,1,2,3.8309112605892937,1,Suspected_False_Positive
Sangat banyak horor anjr,0,train,0.021718846634030342,0.9782811403274536,1,4,3.8295748868903208,1,Suspected_False_Positive
this guy wants to be a successful producer and he is tweeting stuff like this.,1,train,0.9782806634902954,0.021719302982091904,0,1,3.82955387549524,1,Suspected_False_Negative
you are hairy like a monkey.  p,0,val,0.021724803373217583,0.9782751798629761,1,3,3.8293006585865954,1,Suspected_False_Positive
"lookie here folks im not a chocolate, thick, natural haired female nudestrash",1,train,0.9782660603523254,0.02173398993909359,0,1,3.828877887252526,1,Suspected_False_Negative
i was think she jisoo but im focused i found she is taeyoun,1,train,0.9782055020332336,0.02179451659321785,0,2,3.8260968732478786,1,Suspected_False_Negative
apa yang di harapkan sama cwo club?,1,train,0.9781930446624756,0.021806996315717697,0,5,3.8255244287610686,1,Suspected_False_Negative
da house next door to me been sold to honkies,1,train,0.9781858921051025,0.021814078092575073,0,2,3.8251997335528167,1,Suspected_False_Negative
kampungan artis yang numpang tenar gara2 mukanya katy perry doangö,1,train,0.9781790375709534,0.021821003407239914,0,2,3.8248823139681636,1,Suspected_False_Negative
i be crying in my car nigga nightmares of dying in my car nigga,1,train,0.9781493544578552,0.021850625053048134,0,3,3.823525751302872,1,Suspected_False_Negative
once the titanium white dominus is released its over for you hoes,0,train,0.02187391184270382,0.9781261086463928,1,5,3.822460592309289,1,Suspected_False_Positive
still thinks she matters.,1,train,0.9778897166252136,0.022110290825366974,0,2,3.8117121306322623,1,Suspected_False_Negative
followed most patriots already and got the rest appreciate a follow back maga,1,train,0.9778814315795898,0.022118590772151947,0,4,3.8113368126688583,1,Suspected_False_Negative
you are as cheap as cheap she is...try with bible and quran if you really have guts,1,train,0.9778018593788147,0.022198133170604706,0,1,3.807747085053987,1,Suspected_False_Negative
another season for tom brady to give it to these niggas,1,train,0.977767288684845,0.022232677787542343,0,4,3.80619209998154,1,Suspected_False_Negative
yu really can not save these hoes they do not wanna be saved,0,train,0.02229512855410576,0.9777048826217651,1,2,3.8033870748683785,1,Suspected_False_Positive
tidak cantik cantik nya hahaha,1,train,0.9776517748832703,0.022348204627633095,0,1,3.801009291008992,1,Suspected_False_Negative
haha karma tidak pernah salah,1,train,0.9776219129562378,0.02237810380756855,0,5,3.7996723067849274,1,Suspected_False_Negative
user user do you mean palette you utter hillbilly,1,train,0.9775094985961914,0.022490575909614563,0,4,3.7946589059748557,1,Suspected_False_Negative
crazy women got the best pussy,0,train,0.02255161665380001,0.9774484038352966,1,1,3.791948523638672,1,Suspected_False_Positive
Lho anak ini muka jelek begitu kog bisa2nya membully teman sekolahnya,0,train,0.02255278080701828,0.9774471521377563,1,2,3.7918969032520105,1,Suspected_False_Positive
excited for dam with bitches,0,train,0.022572167217731476,0.9774277806282043,1,1,3.791037670709725,1,Suspected_False_Positive
spot the wee lil bunny plotting on my ghetto vegetable garden i still love him her,1,train,0.9773615002632141,0.022638460621237755,0,3,3.7881050217204186,1,Suspected_False_Negative
yes ..shit just move with the wind she just keep blessing us,1,train,0.9773423075675964,0.022657670080661774,0,2,3.787256849469149,1,Suspected_False_Negative
PALING GABISA SOAL KOLIBRI??,1,val,0.9773157835006714,0.022684233263134956,0,5,3.7860851657261576,1,Suspected_False_Negative
oh cool. alana found the one person dumber than she is and retweeted him. nice move.,1,train,0.9772220253944397,0.022777892649173737,0,1,3.781964834058208,1,Suspected_False_Negative
"it is a money making scam , that is why it is pushed .",0,train,0.022868553176522255,0.9771314263343811,1,3,3.777992535890378,1,Suspected_False_Positive
"sebenarnya banyak oknum dosen kayak gini, cuma Ytta👀",0,train,0.022921349853277206,0.9770786166191101,1,3,3.7756864947477466,1,Suspected_False_Positive
"sometimes, even i gotta tell these hoes to grow up smh",0,train,0.02296261675655842,0.9770373106002808,1,5,3.7738877437915046,1,Suspected_False_Positive
cute girly fantasy football team names jnr college lesbians glee gay guy,1,train,0.9770366549491882,0.02296334132552147,0,5,3.773856190003914,1,Suspected_False_Negative
i heard green tea makes you lose weight.... and imma coon so that explains the watermelon,0,train,0.022966908290982246,0.9770331382751465,1,1,3.773700869033628,1,Suspected_False_Positive
pushed to my limits. url,1,train,0.9769918322563171,0.023008231073617935,0,3,3.7719032543081745,1,Suspected_False_Negative
salfok mukanya sumpah jelek oplas model failed,0,train,0.023018326610326767,0.9769816994667053,1,3,3.7714645711922197,1,Suspected_False_Positive
user let  see some of you zealot commenters volunteer to house the illegal aliens,1,train,0.9769740700721741,0.02302597649395466,0,4,3.771132287579155,1,Suspected_False_Negative
Robek imut tidak diapus dengan,0,train,0.02305339090526104,0.9769466519355774,1,5,3.7699424095019087,1,Suspected_False_Positive
podcast sana sini ehðŸ¤£,1,train,0.9769462943077087,0.023053700104355812,0,5,3.769928997287518,1,Suspected_False_Negative
cause these niggas pussy and these bitches rookies,0,train,0.02311682514846325,0.9768831729888916,1,2,3.7671945651754912,1,Suspected_False_Positive
i am such a slut for fresh bedding,1,train,0.9767729043960571,0.02322712168097496,0,1,3.7624346451296167,1,Suspected_False_Negative
they probably have a  i.q. with all three of them combined .,1,train,0.9767553210258484,0.023244669660925865,0,5,3.761679435128959,1,Suspected_False_Negative
"Beneran mau Singa, nanti saya kirimkan Singa dari Taman Safari.",0,train,0.023254726082086563,0.9767453074455261,1,1,3.761246895257987,1,Suspected_False_Positive
money of buddha and bitches with beepers,0,train,0.02328798547387123,0.9767119884490967,1,3,3.759817696299262,1,Suspected_False_Positive
Ini sudah lama sekali,1,train,0.9766873121261597,0.023312686011195183,0,4,3.758757602577434,1,Suspected_False_Negative
im surprised you could read it with slits for eyes,1,train,0.9766586422920227,0.02334137074649334,0,4,3.7575279243498074,1,Suspected_False_Negative
mmm you are so hot,1,train,0.9766526222229004,0.023347433656454086,0,1,3.7572682085540245,1,Suspected_False_Negative
aura mba2 pembaca tarot kuat bangtttðŸ˜­ðŸ™,1,train,0.9765048027038574,0.02349519357085228,0,4,3.750959407650815,1,Suspected_False_Negative
Lhaa kaann saya adalah jalan yang rendah dari waktu jahat saya banyak dan mengatakan tidak ada yang tahu cinta keberuntungan,1,train,0.9764356017112732,0.023564357310533524,0,5,3.7480199920301938,1,Suspected_False_Negative
its not from antifa. it was a troll created by pol.,0,train,0.023665904998779297,0.9763340950012207,1,1,3.7437198742769904,1,Suspected_False_Positive
impeach trump and maga,1,train,0.9763051271438599,0.023694848641753197,0,3,3.7424976113545343,1,Suspected_False_Negative
mind virus infected cucks sure do. no healthy white man would.,0,train,0.023731030523777008,0.976269006729126,1,4,3.7409717824324273,1,Suspected_False_Positive
i dont believe i or anyone living today brought you here or wanted you here .,1,train,0.9762585759162903,0.02374146692454815,0,1,3.7405321004481107,1,Suspected_False_Negative
catch woahs and pull hoes,0,train,0.023766396567225456,0.9762335419654846,1,5,3.7394826049274443,1,Suspected_False_Positive
should i try out aikido instead of krav maga?  aikido kravmaga,1,train,0.9761585593223572,0.023841386660933495,0,1,3.736332273168911,1,Suspected_False_Negative
eh pelakor pas sekali frame orang 3,1,train,0.9760846495628357,0.02391541749238968,0,1,3.7332319446579234,1,Suspected_False_Negative
even when they are stuck between two white babies like an inside out oreo cookie,1,train,0.9760774970054626,0.02392248809337616,0,3,3.7329363380275162,1,Suspected_False_Negative
i dont know what you been told but i love them project hoes,0,train,0.023965535685420036,0.9760344624519348,1,4,3.7311384937966605,1,Suspected_False_Positive
ntknetwork news   senate set to pass bipartisan bill to combat opioids magaa prolife url,1,train,0.975989818572998,0.024010205641388893,0,3,3.7292763039631254,1,Suspected_False_Negative
he got his chance and blew it,1,train,0.9759349822998047,0.02406501956284046,0,2,3.7269959633106917,1,Suspected_False_Negative
Apa gunanya dpr kok tega banget 💔,0,val,0.02409174293279648,0.9759082794189453,1,5,3.7258861140885178,1,Suspected_False_Positive
thank the gods she has chosen to go with her own kind .,1,train,0.9759031534194946,0.02409685030579567,0,1,3.7256741397321376,1,Suspected_False_Negative
"""Anaknya udh pinter, maknya yang kelempengan.. berasa masih baby, tingginya azka aj melebihi mamanya..""",1,train,0.9758608341217041,0.024139223620295525,0,2,3.723917225375284,1,Suspected_False_Negative
@gasendra: kebanyakan bocotcotcot,1,train,0.9757238030433655,0.024276167154312134,0,1,3.718260185453385,1,Suspected_False_Negative
because you are,1,train,0.9757195115089417,0.0242804866284132,0,2,3.7180822706352927,1,Suspected_False_Negative
"sebenarnya banyak oknum dosen kayak gini, cuma YttaðŸ‘€",0,train,0.024305956438183784,0.9756941199302673,1,2,3.717033837759944,1,Suspected_False_Positive
from julius streichers der strmer,1,val,0.9756678938865662,0.02433207258582115,0,5,3.7159599393857166,1,Suspected_False_Negative
my stoned wheat crackers! where the hell did they put the stoned wheat crackers?,1,train,0.9756622314453125,0.024337809532880783,0,1,3.715724190013149,1,Suspected_False_Negative
i bet hes a starbucks queer,1,train,0.9756315350532532,0.024368392303586006,0,4,3.7144683838294883,1,Suspected_False_Negative
go buy an antifa shirt from wal mart you lumpenprole,1,train,0.9755455851554871,0.0244543869048357,0,2,3.7109456556450664,1,Suspected_False_Negative
"leader of the judeochristianzionist megacult, john hagee celebratin with his owners in israel.",1,train,0.9755386710166931,0.0244614090770483,0,1,3.7106585429805423,1,Suspected_False_Negative
he is totally bluffing...,1,train,0.9755340814590454,0.02446586824953556,0,5,3.71047626541501,1,Suspected_False_Negative
excommunicate the guy. thatll teach em.,1,train,0.9754830598831177,0.024516915902495384,0,3,3.7083919546791346,1,Suspected_False_Negative
senyum logo arsenal berkah,1,train,0.9754613637924194,0.0245385579764843,0,3,3.707509603590389,1,Suspected_False_Negative
Mau mandi diceramahin dulu sama nyonya besar intinya sama TOBAT KAMU ABIS INIIAP KOMANDAN,0,train,0.02454105019569397,0.9754589796066284,1,2,3.70740804535451,1,Suspected_False_Positive
whoever you are you deserve this url,1,train,0.9754353165626526,0.02456473559141159,0,1,3.7064433770501646,1,Suspected_False_Negative
nigga keep tryna play both sides lol,1,train,0.9753769040107727,0.02462315373122692,0,3,3.704068070116427,1,Suspected_False_Negative
now they are calling kayne west the last rock star...,1,train,0.9753704071044922,0.02462960034608841,0,5,3.7038062932871276,1,Suspected_False_Negative
yeah its really far and its alright if you like living by a whole lot of hicks haha,1,train,0.9753687381744385,0.024631308391690254,0,1,3.7037369463893017,1,Suspected_False_Negative
"f   k the bloods and crips , cops are the worst gang going !",0,train,0.0246687401086092,0.9753313064575195,1,2,3.702218419521661,1,Suspected_False_Positive
establishment rino traitors plan to give congress back to the establishment democrat traitors.,0,train,0.024719901382923126,0.9752800464630127,1,1,3.700146635764556,1,Suspected_False_Positive
i have been trying to find a job but the mexicans take everything we had .,1,train,0.9751604199409485,0.02483958750963211,0,3,3.6953166279471654,1,Suspected_False_Negative
Kamu juga kan,1,train,0.9751129150390625,0.024887049570679665,0,5,3.6934077083721926,1,Suspected_False_Negative
jelek saja anaknya ayahnya cakep2,1,train,0.9751023054122925,0.02489769645035267,0,1,3.692979991825007,1,Suspected_False_Negative
if you think ronaldo is better than messi you are either a liar or a retard,0,train,0.025008250027894974,0.9749917984008789,1,1,3.6885495074365293,1,Suspected_False_Positive
"""Yang merasa peliharaannya lepas, tolong diangkut""",1,train,0.9749530553817749,0.025046925991773605,0,2,3.68700417388061,1,Suspected_False_Negative
cakep bgt sampe mules liat muka mba nya,1,train,0.9749488234519958,0.02505110576748848,0,3,3.686837310010801,1,Suspected_False_Negative
open donasi buat beli kaca,1,train,0.9749303460121155,0.02506958320736885,0,5,3.686099992104947,1,Suspected_False_Negative
so if paul golding turned up for a job at the bbc youd let him work for them?,1,train,0.9749014973640442,0.02509857341647148,0,1,3.6849442704567776,1,Suspected_False_Negative
user user you retarded asl,0,train,0.025156358256936073,0.9748436808586121,1,4,3.68264460099125,1,Suspected_False_Positive
hell be replaced. . . . . . . . by another muslim.,0,train,0.025222230702638626,0.9747777581214905,1,5,3.680029502609047,1,Suspected_False_Positive
prestasi pas ????,1,train,0.9747387170791626,0.025261275470256805,0,2,3.6784826696585133,1,Suspected_False_Negative
ngeri ya sekolah Islam malah jadi sarang musang birahi,0,train,0.025274675339460373,0.9747253060340881,1,1,3.677952359283309,1,Suspected_False_Positive
lifeisbutepu when you are black and can say the word nigga. feel me my niggas??? url,1,train,0.9746941924095154,0.025305800139904022,0,3,3.6767216549818085,1,Suspected_False_Negative
Itu relawan cari cuwan....ðŸ˜‚,0,train,0.025406189262866974,0.9745938777923584,1,4,3.6727624628743727,1,Suspected_False_Positive
oh wow! you look like a s porn star loveit,1,train,0.9745867252349854,0.025413334369659424,0,3,3.6724812675254674,1,Suspected_False_Negative
Siapa dapat first impression macam niumpah aku ingat kau dulu sombong gila Orang pun cakap kau macam sombong Aku p,0,val,0.025491338223218918,0.9745087027549744,1,2,3.66941656204206,1,Suspected_False_Positive
its more what she does than who she is,1,train,0.9743845462799072,0.025615498423576355,0,2,3.66455770351066,1,Suspected_False_Negative
rey walk to the gas station since everybody acting like bitches,0,train,0.025615906342864037,0.974384069442749,1,5,3.6645417789312127,1,Suspected_False_Positive
comic slave boys of mars   art only. pages .,1,train,0.9743769764900208,0.025623073801398277,0,4,3.664262013074796,1,Suspected_False_Negative
redskins twitter after a loss is a fucking cesspool,1,train,0.9743656516075134,0.02563430741429329,0,4,3.6638236913030457,1,Suspected_False_Negative
username yaa ampun upil naruto kata2nya mencerminkan kalau yang pecun pengalaman sekali kamu yaa kasihan saya prihatin mati saja deh kamu ngotorin dunia manusia kamu,1,train,0.9743233919143677,0.025676533579826355,0,2,3.662177794480954,1,Suspected_False_Negative
"Klw anak sya, sya sllu bilang jngn merendahkan orang lain, trus dia jwb ada di sekolah yg suka buli temen aku, trus sya jwb, temenin yg suka di buli itu kita sayangi, tpi jngn membenci yg membuli, klw emng dia jahat sama kita lawan tpi jngn membenci",0,train,0.025697892531752586,0.9743021726608276,1,5,3.661346293098906,1,Suspected_False_Positive
"lemme just throw a  in it, hows the tranny??",0,train,0.025742845609784126,0.9742571115493774,1,2,3.6595985308739185,1,Suspected_False_Positive
user niggas in london forget they just children of islander immigrants just like toronto niggas lmfao,1,train,0.9741883277893066,0.02581171505153179,0,3,3.6569268183491546,1,Suspected_False_Negative
unpopular opinion bitches be on niggas more than niggas be on bitches,0,train,0.0258705522865057,0.9741294980049133,1,2,3.6546499344807386,1,Suspected_False_Positive
Lanjut bongkar bu Lita 👍👍👍👍👍👍,1,train,0.9741030335426331,0.02589692734181881,0,4,3.653630952765398,1,Suspected_False_Negative
sdorica is a fucking drug,0,train,0.026082459837198257,0.973917543888092,1,3,3.6464922274604574,1,Suspected_False_Positive
user gemini as a whole here  a msg i hate you,1,train,0.97391676902771,0.026083266362547874,0,3,3.6464613058033297,1,Suspected_False_Negative
Inilah yang ingin saya coba,1,train,0.9739040732383728,0.026095902547240257,0,1,3.645976967504985,1,Suspected_False_Negative
this double standard stinks like shit. delete your facebook account.,0,train,0.02612021192908287,0.9738798141479492,1,2,3.645045860935962,1,Suspected_False_Positive
"pissed in shower, now checking for yellow legs.",1,train,0.9738735556602478,0.0261264368891716,0,2,3.644807569667183,1,Suspected_False_Negative
user these hoes ain t shit bro u cute as hell,0,train,0.026150474324822426,0.9738494753837585,1,4,3.6438879500191717,1,Suspected_False_Positive
and ill argue all fucking day long because im     right!!!!,1,train,0.9738344550132751,0.026165537536144257,0,4,3.643312095277869,1,Suspected_False_Negative
trump called his accusers liars and promised to sue them. he never did.,0,train,0.026189830154180527,0.9738101363182068,1,4,3.642384105623655,1,Suspected_False_Positive
ANAK ABI LC,1,train,0.9737969040870667,0.026203077286481857,0,2,3.6418784214297157,1,Suspected_False_Negative
its a nice way of callin yall honkies,1,train,0.9737469553947449,0.026253091171383858,0,2,3.6399715379676794,1,Suspected_False_Negative
that is probably for my obamas homosexual escapade that morning,1,train,0.97374027967453,0.026259765028953552,0,1,3.639717358016767,1,Suspected_False_Negative
sudah ngembang habis cowok meldi enak ya otak atik,1,train,0.973706066608429,0.026294011622667313,0,3,3.6384140606804656,1,Suspected_False_Negative
came home and found my cat sleeping on my pillow ;c i love that niggah.,1,train,0.9736592769622803,0.026340704411268234,0,1,3.63663983999998,1,Suspected_False_Negative
lol you are so tight,1,train,0.973616898059845,0.02638314478099346,0,1,3.6350299279946205,1,Suspected_False_Negative
moslim eunuchs were sent as ambassadors to the timurids,0,train,0.026417486369609833,0.9735825061798096,1,4,3.63372912560986,1,Suspected_False_Positive
rick kamu tuh manusia kek tidak gunanya kamu dilahirin kedunia berbuat sayang nya kamu ngecewain orang gimana mau masuk surga,1,val,0.9735701084136963,0.026429899036884308,0,1,3.633259370392747,1,Suspected_False_Negative
the worst terrorists are republican teabaggers...,0,train,0.026474691927433014,0.97352534532547,1,3,3.631566023919952,1,Suspected_False_Positive
my laptop freeze after freeze the ghetto,1,train,0.9734925627708435,0.02650745026767254,0,3,3.630329443326694,1,Suspected_False_Negative
@teletabies: PickMe,1,train,0.9733264446258545,0.0266735702753067,0,3,3.6240820811573866,1,Suspected_False_Negative
Waw beliin buat aku dong,1,train,0.973275363445282,0.02672456204891205,0,4,3.6221722095238404,1,Suspected_False_Negative
Kocak banyak netizen dan pundit bola yang malah bully warga korsel dan heran knp presiden korsel karena gak menghargai pelatih nya dan mau di periksa tanpa tau akar masalah knp dia di benci,0,train,0.026771171018481255,0.9732288718223572,1,3,3.6204296787203405,1,Suspected_False_Positive
ya the ignorant want to registered guns so only criminals will have gun .,0,val,0.026818808168172836,0.9731812477111816,1,4,3.6186518402900276,1,Suspected_False_Positive
i wish your commie ass would show up to an antifa rally.,0,train,0.026831315830349922,0.973168671131134,1,3,3.6181855724989584,1,Suspected_False_Positive
Rabu kliwon mba haha ??maap,1,train,0.9729400277137756,0.027060000225901604,0,2,3.6096986478913204,1,Suspected_False_Negative
he is! talking about  i dont need excuses i just need my money,1,train,0.9728949666023254,0.02710501104593277,0,3,3.608036658746112,1,Suspected_False_Negative
"Kurang aksesoris sama model rambutnya sih menurutku, bajunya terlalu ramai buat dia yg gemoy",1,train,0.9728905558586121,0.02710937336087227,0,2,3.6078757304243525,1,Suspected_False_Negative
Beli alat gym aja kak,1,train,0.9727306365966797,0.027269424870610237,0,3,3.6019891725336843,1,Suspected_False_Negative
"""Artis remaja di Indonesia yg manis bgt kalo senyum Cuma dia deh perasaan yg nempel di hati""",0,train,0.02728160284459591,0.9727184176445007,1,3,3.601542692432464,1,Suspected_False_Positive
Ngakankkk,0,train,0.027311334386467934,0.9726886749267578,1,5,3.6004534839626734,1,Suspected_False_Positive
Aku aja capek sama diriku sendiri apalagi kamu Maaf ya ',1,train,0.9726817607879639,0.02731826715171337,0,2,3.600199674120117,1,Suspected_False_Negative
quite possible. you are very right to be skeptical. but one has to start somewhere !,1,train,0.9726706147193909,0.027329357340931892,0,4,3.59979379410342,1,Suspected_False_Negative
i really need a tan because i am tired of ppl calling me white,1,train,0.9726329445838928,0.027367003262043,0,1,3.5984172518018624,1,Suspected_False_Negative
Bang mau kena pukul kah niii Gua udah serius nonton Kampret abang ni,1,train,0.9725226759910583,0.027477379888296127,0,4,3.594392162305593,1,Suspected_False_Negative
didnt break rules. had permission. a liar.,0,train,0.027502162382006645,0.9724978804588318,1,2,3.593490645327982,1,Suspected_False_Positive
bullshit theres rich liberals too so what are you saying ???,0,train,0.027538029477000237,0.972461998462677,1,4,3.592187339548726,1,Suspected_False_Positive
maybe not but you crow about obama and democrats so you are a mawbar....might as well be a republican.,0,train,0.027540165930986404,0.9724598526954651,1,1,3.5921097606094956,1,Suspected_False_Positive
brexit un eu bbcnews cnn bjp pappu modi india wapo nyt foxnews guardian australia canada trump,1,train,0.97239089012146,0.027609121054410934,0,5,3.589609087867299,1,Suspected_False_Negative
ADUHH MBAA,0,train,0.027633095160126686,0.9723668694496155,1,3,3.5887411246006646,1,Suspected_False_Positive
little bitty bumble bee;; bumblebee,0,train,0.027695370838046074,0.97230464220047,1,5,3.5864899975146427,1,Suspected_False_Positive
Kl saya menjadi GURU HONORER Sertifikasi sebelum mengajar ILMU IPS saya sempatkan 15 menit utk menayangkan kasus2 ZALIM!!! Shg WARNING utk anak kl mau berbuat ZALIM dan saya beru hadiah utk abak yg SABAR menjadi anak BAIK. Mengapa saya begitu krn saya menginginkan anak2 pinter dan bermanfaat bagi orang lain!!! Anak2 hasil didikan keluarga dan sekolah !!! Pemerintah hrs buat UU sanksi tegas dan denda tinggi utk perbuatan ZALIM shg g ditiru dan diulangi lg,0,train,0.02772817201912403,0.9722718596458435,1,4,3.5853063422224456,1,Suspected_False_Positive
Vibesnya napa kaya suketi sih anjir ??,0,train,0.02776333875954151,0.972236692905426,1,2,3.584038878257891,1,Suspected_False_Positive
Semoga bener Aamiin ðŸ˜,1,train,0.9721774458885193,0.027822578325867653,0,4,3.581907417921891,1,Suspected_False_Negative
Therapo,1,val,0.9721772074699402,0.02782273106276989,0,2,3.5819019282623343,1,Suspected_False_Negative
"Belajar dari yg sudah-sudah. Lu ngajak temen lu demo atas kebijakan pemerintah, bisa langsung ditahan tanpa ada kejelasan. meskipun dari segi hukum tidak ada yg dilanggar.",0,train,0.027823079377412796,0.9721768498420715,1,3,3.581889409273388,1,Suspected_False_Positive
you just knew this rag head would be all over magic negro day,0,train,0.027837853878736496,0.972162127494812,1,3,3.5813585341763896,1,Suspected_False_Positive
so your in favor of gun control because thats what switzerland has? am i correct in saying that?,1,train,0.9721397161483765,0.027860289439558983,0,2,3.5805529216119747,1,Suspected_False_Negative
geoffreyowens niggas dont really understand...levels to career pursuits,1,train,0.9721391201019287,0.02786092646420002,0,2,3.5805300569048524,1,Suspected_False_Negative
omfg or the other pics of the tranny lmao,1,train,0.9719976782798767,0.028002329170703888,0,3,3.57546758759859,1,Suspected_False_Negative
"i assume so, the tranny went out this morning. i have a maxima.",0,train,0.028030091896653175,0.9719699621200562,1,4,3.5744766353001767,1,Suspected_False_Positive
bahagia utang,1,train,0.9719653129577637,0.028034623712301254,0,1,3.574314971565376,1,Suspected_False_Negative
are you sure you aint colored?,1,train,0.9719567894935608,0.02804320678114891,0,2,3.5740088588345817,1,Suspected_False_Negative
sierraburgessisaloser  she is me when my phone dings,1,val,0.9718950390815735,0.02810492552816868,0,2,3.571810432303227,1,Suspected_False_Negative
wild. shit has gone to far.,0,train,0.02825484424829483,0.9717451930046082,1,2,3.566490358274581,1,Suspected_False_Positive
do birds have a  out of wedlock rate? is it white fathers that are running away?,1,train,0.9715357422828674,0.02846425212919712,0,4,3.559106290270558,1,Suspected_False_Negative
she is talking about herself dude...ignored.,1,train,0.9715023636817932,0.02849763073027134,0,2,3.557934327434392,1,Suspected_False_Negative
user i just watched my two retarded  th grade teachers be retarded assholes,0,train,0.028543846681714058,0.9714561104774475,1,3,3.556313893895416,1,Suspected_False_Positive
sotoy amat bang,1,train,0.971404492855072,0.028595514595508575,0,4,3.55450540578068,1,Suspected_False_Negative
i need a new gay hashtag i got cute pictures to post dammit,1,train,0.9713740944862366,0.028625955805182457,0,1,3.5534414270911263,1,Suspected_False_Negative
12 y o niece Bang long dekat U belajar apa Me Islamic accounting 12 y o niece Ohh kira tasbih laa ni Hahahahahan,1,train,0.9713695049285889,0.028630459681153297,0,1,3.5532841040752907,1,Suspected_False_Negative
fuck bitches get money back on my bull shit,0,train,0.028635039925575256,0.9713649749755859,1,5,3.553124138844456,1,Suspected_False_Positive
makan nasi padang saja badannya,0,train,0.028687046840786934,0.971312940120697,1,4,3.5513095876857217,1,Suspected_False_Positive
demi allah merinding anjjir,0,train,0.028856243938207626,0.9711437821388245,1,1,3.5454288817776085,1,Suspected_False_Positive
another war hero speaks out,1,train,0.971107006072998,0.028892919421195984,0,2,3.5441587166086044,1,Suspected_False_Negative
as if conservatives didnt hate sesame st enough,1,train,0.9710929989814758,0.02890700474381447,0,2,3.543671334554016,1,Suspected_False_Negative
imagine a time machine to watch this with someone. u could say this is some tame shit,0,train,0.028933532536029816,0.9710664749145508,1,1,3.54275406112182,1,Suspected_False_Positive
a picture of a schlub jewess,1,train,0.9710618257522583,0.02893814817070961,0,4,3.542594548398733,1,Suspected_False_Negative
kocak lu,0,val,0.028983239084482193,0.9710167646408081,1,3,3.5410375786844934,1,Suspected_False_Positive
greatestthingsaboutthes liberals werent unhinged,1,train,0.9710140824317932,0.028985902667045593,0,2,3.5409456821172927,1,Suspected_False_Negative
besides who would even bother to help them ?,1,train,0.9710082411766052,0.028991734609007835,0,2,3.5407445031022133,1,Suspected_False_Negative
"""Semua dah pada ngembang? habis di berapa cowo meldi?... enak ya di otak atik""",1,train,0.9708032608032227,0.029196707531809807,0,1,3.5336993318252476,1,Suspected_False_Negative
Semua Relawan harusnya otomatis bubar setelah Pemilu selesai seperti halnya Tim Sukses bukan malah dipelihara. Semua Tim Relawan Capres sudah bubar dengan sendirinya Kecuali Relawannya Jokowi tetap dipertahankan.,0,train,0.029328610748052597,0.9706713557243347,1,4,3.5291917633589645,1,Suspected_False_Positive
the messiah adolph hitler christ was most certainly a fan of the poon,1,train,0.9706391096115112,0.029360909014940262,0,5,3.5280911147157763,1,Suspected_False_Negative
this movie is actually good cuz its so retarded,0,train,0.02939879707992077,0.9706012010574341,1,1,3.5268015211235224,1,Suspected_False_Positive
pdhl cantikan dulu,1,train,0.9705825448036194,0.029417507350444794,0,2,3.5261652937598225,1,Suspected_False_Negative
you are such a comedian edd!!,1,train,0.9705548882484436,0.02944503352046013,0,3,3.525230024177009,1,Suspected_False_Negative
nih orang kalau lomba babi babinya juara 2,1,train,0.9705209136009216,0.02947905845940113,0,2,3.524075150454583,1,Suspected_False_Negative
kasihan editornya sih nanggung dosa sekali kayaknya ngeditnya offside gini,1,train,0.9704874157905579,0.029512550681829453,0,1,3.522939659271533,1,Suspected_False_Negative
why are you bothering me,1,train,0.9704623818397522,0.029537566006183624,0,4,3.5220924018145237,1,Suspected_False_Negative
Adi prayitno pengamat politik grade D . Dari jejak digital analisa politik nya meleset semua,1,train,0.9703900814056396,0.029609933495521545,0,5,3.5196453828852916,1,Suspected_False_Negative
Kamu dooooooooooo ploles anjayyy,0,train,0.029694441705942154,0.9703055620193481,1,5,3.5167953986359213,1,Suspected_False_Positive
Un,1,train,0.9700241684913635,0.0299757719039917,0,5,3.5073658268074084,1,Suspected_False_Negative
amp; th my guinea pig will haunt you,1,train,0.9700231552124023,0.02997679077088833,0,5,3.5073318377049825,1,Suspected_False_Negative
kontrak pahlawan nya udah selesai,0,train,0.030043384060263634,0.969956636428833,1,4,3.505112806624562,1,Suspected_False_Positive
para penjilat mulai.saling . cakaran.🤣🤣🤣🤣,0,train,0.03004702366888523,0.9699529409408569,1,4,3.5049916688668534,1,Suspected_False_Positive
jontron is a fucking scumbag,0,val,0.030071470886468887,0.969928503036499,1,2,3.50417836776502,1,Suspected_False_Positive
"baca komen aktif, ngeriset males",1,train,0.9699115753173828,0.030088378116488457,0,3,3.5036162908733752,1,Suspected_False_Negative
user lmfao i hate you,1,train,0.9698845148086548,0.030115487053990364,0,3,3.5027157194812455,1,Suspected_False_Negative
"""Gak ada bagus2nya suara dan polanya?.""",1,train,0.9698259234428406,0.03017410822212696,0,3,3.5007710659687454,1,Suspected_False_Negative
pantas tinggalin laki ya lakinya mikir kali perempuannya kayagni urus saja tidak becus gimana urus anak mending anak bapake nya saja benar didiknya,0,train,0.030230112373828888,0.9697698354721069,1,2,3.498916752902645,1,Suspected_False_Positive
foreigners shehnazians need ur help make the trend more successful bornfightersana need to make it more bigger,1,train,0.9697675704956055,0.030232451856136322,0,3,3.4988393667600493,1,Suspected_False_Negative
Pansos nya berhasil👏,1,train,0.9697485566139221,0.030251510441303253,0,4,3.4982091638079353,1,Suspected_False_Negative
"i fully support israels right to exist too. dont confuse the country with the zionist demons meddling in european affairs. the pope doesnt represent all christians, neither does the supposed head of the church of england, these zionist do not represent israel.",0,val,0.030287761241197586,0.9697121977806091,1,3,3.4970115674966635,1,Suspected_False_Positive
"twice divorced teabagger florida attorney general says marriage is reserved for stable, enduring family units  wtf",1,train,0.9697017073631287,0.030298292636871338,0,4,3.4966639166725644,1,Suspected_False_Negative
terakhir mandi kapan bang?,1,train,0.9696948528289795,0.03030518814921379,0,4,3.4964363550776603,1,Suspected_False_Negative
begonya bilang apanya yaaa liriknya saja percintaan begitu lagu benar-benar tolol si ayu tidak punya kuping y orang yang dipermasalahin nadanya,1,train,0.9696495532989502,0.030350491404533386,0,5,3.494942570354547,1,Suspected_False_Negative
just seen this nigga micheal jackson in the gulag,1,train,0.9696428179740906,0.030357204377651215,0,2,3.49472141311711,1,Suspected_False_Negative
despicable is a world that only goes half way of describing maxine,0,train,0.030381547287106514,0.9696184992790222,1,4,3.4939198520019583,1,Suspected_False_Positive
you are right in retarded from actually trying to engage in a civil discourse with someone who is named obamasucksanus,0,val,0.03043566644191742,0.9695643782615662,1,4,3.492140120055112,1,Suspected_False_Positive
stoked for civil war part deux redneck revenge this week,1,train,0.9695574045181274,0.030442524701356888,0,2,3.491914809173179,1,Suspected_False_Negative
"wise decision,this alfie must be a right mong.",0,train,0.030472837388515472,0.9695271849632263,1,1,3.4909195695941735,1,Suspected_False_Positive
saya tidak benci ama kamu bro tetapi saja tingkah kamu melenceng,0,train,0.030523354187607765,0.9694766402244568,1,3,3.489263177306822,1,Suspected_False_Positive
savannah has no plugs it sad  ima have to take over this lil hillbilly city,1,train,0.9694586992263794,0.030541308224201202,0,4,3.4886751436912515,1,Suspected_False_Negative
again another b story no one is watching football because of this a,1,train,0.9694050550460815,0.030594928190112114,0,1,3.4869210291822648,1,Suspected_False_Negative
conservatives have become the cadaver party.,1,train,0.9693852066993713,0.030614808201789856,0,2,3.4862714589162054,1,Suspected_False_Negative
nope no evidence whatsoever it retarded horseshit,0,train,0.030783772468566895,0.9692162275314331,1,1,3.4807675957499447,1,Suspected_False_Positive
i suggest using handcuffs to remove you!,1,train,0.9692115187644958,0.030788451433181763,0,3,3.480615612783361,1,Suspected_False_Negative
"Sudah tau diri dong, jangan maksa masuk circle kita",1,train,0.9691420793533325,0.030857913196086884,0,4,3.478362055976897,1,Suspected_False_Negative
"setelah menjelajahi beberapa negara, akhirnya kembali ke produk lokalðŸ”¥",1,val,0.9690359830856323,0.03096405230462551,0,2,3.4749283504334523,1,Suspected_False_Negative
bangga amat beli tas KW woi.. jangan2 bajunya juga LG harus di cek ini,1,train,0.968903660774231,0.031096389517188072,0,4,3.4706635592311446,1,Suspected_False_Negative
@pasyi: B A C O T,1,train,0.9689026474952698,0.03109736368060112,0,3,3.470632232502557,1,Suspected_False_Negative
astaga mba malu diliat tetangga auratnya dijaga!!!!!,0,train,0.031098591163754463,0.9689013957977295,1,1,3.470592761023855,1,Suspected_False_Positive
he is going extinct,0,train,0.031117644160985947,0.9688823819160461,1,4,3.4699802843052736,1,Suspected_False_Positive
ball is in our court not yours,1,train,0.9688206315040588,0.031179344281554222,0,3,3.467999445671326,1,Suspected_False_Negative
does that mean i can go out on halloween in black face??,1,train,0.9688196182250977,0.031180383637547493,0,3,3.4679661114658042,1,Suspected_False_Negative
i fucking hate you but i love you,1,train,0.9688128232955933,0.031187204644083977,0,1,3.467747375845216,1,Suspected_False_Negative
jangan sok suci bang belagu amat,1,train,0.9687963724136353,0.031203700229525566,0,4,3.4672185940986022,1,Suspected_False_Negative
masker nya di pasang kaka biar cakep hehe,1,train,0.9687854051589966,0.031214581802487373,0,5,3.4668699278835833,1,Suspected_False_Negative
"if you havent read this pathetically weak jews description of firing an ar, you must. it is hilarious.",0,train,0.031305618584156036,0.9686944484710693,1,3,3.463957690064546,1,Suspected_False_Positive
"stop being a doomsayer. you only know what you think you know, but dont actually know shit.",0,train,0.03135434165596962,0.9686456322669983,1,2,3.4624025316684452,1,Suspected_False_Positive
pp nya mirip rendot,0,train,0.031354691833257675,0.9686453342437744,1,3,3.462391363348075,1,Suspected_False_Positive
Aku ngatau nih bang Definisi berhasil apa nga,1,train,0.9686338305473328,0.031366243958473206,0,2,3.4620229975002017,1,Suspected_False_Negative
kek plesteran dpn rmh gua,1,train,0.9685067534446716,0.03149322792887688,0,5,3.457982742648296,1,Suspected_False_Negative
beeto just demonstrated how to lose an election in texas   url maga  rkba  dvc,1,train,0.9684629440307617,0.03153705596923828,0,4,3.456592044567481,1,Suspected_False_Negative
ya kali kejayaan selamanya bang 😂,1,train,0.9683992862701416,0.03160065412521362,0,3,3.454577458438528,1,Suspected_False_Negative
"Selalu rapihin rambut setiap ketemu warga dan selalu terlihat gugup, sangat keliatan belum siap jadi pemimpin 😂",1,train,0.9683955311775208,0.031604450196027756,0,3,3.4544573393165217,1,Suspected_False_Negative
Bodoh bapa itu halangin ibu itu orng lepas aja pa biar ibu itu tempeleng anak yang buly itu gmna rsa buat bapa yang hlngin ibu itu jngn bodoh ya pa otak di pake pa,1,val,0.9682741165161133,0.0317259356379509,0,4,3.4506207736825782,1,Suspected_False_Negative
user we love a queer barista that all baristas,1,train,0.9682460427284241,0.03175398334860802,0,3,3.449737101714181,1,Suspected_False_Negative
mahhhh pertemuan buah ranum buah busuk sudah tahu yang busuk yang manah mentok2nya mah begitu saja kalau pelakor,0,train,0.0317733958363533,0.9682266116142273,1,3,3.449125948268263,1,Suspected_False_Positive
he is an israeli puppet.,1,train,0.9681842923164368,0.03181567043066025,0,2,3.4477963297342376,1,Suspected_False_Negative
"have the democrats, read hillarys emails?",1,train,0.9681307673454285,0.031869225203990936,0,5,3.4461144619876993,1,Suspected_False_Negative
mungkin dia di tipu wkwkwk,0,train,0.031922969967126846,0.9680770039558411,1,2,3.44442946664594,1,Suspected_False_Positive
bener kata orang-orang emang mirip logo arsenal,1,train,0.9679625034332275,0.032037533819675446,0,4,3.440847131664711,1,Suspected_False_Negative
snowflake   whine whine whine maga  baby url,1,train,0.9678683876991272,0.032131582498550415,0,1,3.437915854077828,1,Suspected_False_Negative
no cops! no government! just anarchy in mexico town  bitchute,0,train,0.03213339298963547,0.9678665995597839,1,5,3.437859509511545,1,Suspected_False_Positive
gimana mau bubar cari cuan nya dengan begitu,0,train,0.032155077904462814,0.9678449034690857,1,1,3.4371848966191187,1,Suspected_False_Positive
user user you are right i hate you and jayden and others more than most,1,train,0.9678346514701843,0.03216535970568657,0,4,3.4368651910420627,1,Suspected_False_Negative
too bad antifa crashes gop townhalls.,1,train,0.9678066968917847,0.03219323232769966,0,4,3.435999024680274,1,Suspected_False_Negative
hes got his wee fake tap fae turkey on to prove how loyal he is.,1,train,0.9677913188934326,0.03220874071121216,0,4,3.4355174126090757,1,Suspected_False_Negative
kepo sama nyonyiah kamu jongos username memang tetehlu pas hamil peak sudah dinikahin brojol anak baru sirih memang lonteeeee kelas akun jamahliur junjungan hehe,1,train,0.9677785634994507,0.03222145885229111,0,3,3.4351226244094337,1,Suspected_False_Negative
"""Lu mirip anaknya kick andy yg namanya marlo bang""",0,val,0.0322408601641655,0.9677591323852539,1,4,3.434520681669668,1,Suspected_False_Positive
cock slut what the hell is this,0,train,0.03235621377825737,0.9676437377929688,1,4,3.4309491967813344,1,Suspected_False_Positive
"greed and corruption at the higher levels, cowardice people at the lower level.",0,val,0.03239496052265167,0.9676049947738647,1,3,3.429752407705695,1,Suspected_False_Positive
this is the wrong attitude for a fusilier to have.,0,train,0.032433878630399704,0.9675661325454712,1,4,3.4285517657404325,1,Suspected_False_Positive
he seems to be a bigger limp wristed homo than barack obama.,0,train,0.032454997301101685,0.9675449728965759,1,3,3.427900847654876,1,Suspected_False_Positive
all these fake ass pages sending my sister dm talking shit yall bitches weirdos,0,train,0.032536011189222336,0.9674639701843262,1,3,3.425407766474447,1,Suspected_False_Positive
anderson is not bad on some things.,1,train,0.9673947691917419,0.03260520100593567,0,4,3.4232834632752605,1,Suspected_False_Negative
come on texans! this man can not replace   ever! maga,1,train,0.9673831462860107,0.03261686488986015,0,2,3.422925796467605,1,Suspected_False_Negative
should i take a nap though too kill a mocking bird or nah?,0,train,0.03266063332557678,0.9673393368721008,1,3,3.4215848001527296,1,Suspected_False_Positive
relawan itu penjilat,1,train,0.9672307968139648,0.03276922553777695,0,2,3.4182654498196205,1,Suspected_False_Negative
Fauzan semangat ya...di tunggu kabar/berita selanjutnya dari c mbak yg menghina...pantasnya diapakan ni perempuan...,1,train,0.9672033786773682,0.03279665485024452,0,3,3.4174287550660254,1,Suspected_False_Negative
username iya kamu bening kelewat bening buluk ya mbak mbaknya telan apasih komen kaya gini kesurupan,0,train,0.03282887861132622,0.9671711325645447,1,3,3.4164467054895344,1,Suspected_False_Positive
Yurika jujur siapa yang bully adek yurika aku benci banget awas ya jangan padabbully yurika😡😡😤😤🤬😾,0,train,0.03290127217769623,0.9670987725257874,1,3,3.4142439539433163,1,Suspected_False_Positive
you wanna find hoes on here? just follow the chicks who reply with heart eyes under sex gifs,0,train,0.03290451690554619,0.9670954346656799,1,4,3.4141453386725993,1,Suspected_False_Positive
just remembered that renee is a lesbian the dykes won this one,0,train,0.03296232223510742,0.9670376777648926,1,2,3.4123901202605453,1,Suspected_False_Positive
Budiiii Budi,1,train,0.9669460654258728,0.033053960651159286,0,4,3.409613881705329,1,Suspected_False_Negative
waiting on the beard twitter nigga holocaust,1,train,0.9669455885887146,0.033054400235414505,0,3,3.4096005828048774,1,Suspected_False_Negative
late nite shower felt risky towel on my head call me towel head,1,train,0.9668866395950317,0.03311335667967796,0,2,3.407818552927664,1,Suspected_False_Negative
affirmative action and queers weakened our military some equipment is old,1,train,0.9667651653289795,0.033234789967536926,0,3,3.4041580611253224,1,Suspected_False_Negative
releasethememo and watch the dnc eat themselves alive...,1,train,0.966738224029541,0.033261802047491074,0,4,3.4033456260629715,1,Suspected_False_Negative
this so ghetto i  m ready to get tf,1,train,0.9666832089424133,0.03331679105758667,0,1,3.4016937731164103,1,Suspected_False_Negative
of course his white ass dropped it,0,train,0.03331732004880905,0.9666826128959656,1,3,3.4016778956262295,1,Suspected_False_Positive
"""Unfoll aja daripada kalian dosa ngebully2 terus..""",0,train,0.033333081752061844,0.9666669368743896,1,1,3.4012049291287823,1,Suspected_False_Positive
Kamu adalah yang ia inginkan untuk menjadi tempat persinggahan terakhir ebesar itu harapannya kepadamu Jangan mengecew,1,train,0.9666247963905334,0.033375151455402374,0,5,3.399943624282436,1,Suspected_False_Negative
omg not even interested in his age but damn he is fine af,1,train,0.9664309620857239,0.03356901556253433,0,3,3.3941517933372363,1,Suspected_False_Negative
my solution to school shootings  shoot every american student tomorrow. problem solved.,1,train,0.9663415551185608,0.0336584709584713,0,2,3.391490517321644,1,Suspected_False_Negative
listen lady kill yourself,1,train,0.9663387537002563,0.03366129472851753,0,3,3.3914066260597218,1,Suspected_False_Negative
pukimak india babi ni,0,train,0.033700548112392426,0.9662994742393494,1,1,3.3902411772934027,1,Suspected_False_Positive
user club diego tho stripper poles stripper hoes,0,train,0.03372029587626457,0.9662796258926392,1,1,3.389655371383284,1,Suspected_False_Positive
"""kalo lomba sama""an sm babi, babi nya nmr 2""",1,train,0.9660350680351257,0.03396494314074516,0,2,3.382426370394589,1,Suspected_False_Negative
im sorry that many people in my country are stupid .,0,train,0.03398534283041954,0.9660146832466125,1,5,3.3818259405363276,1,Suspected_False_Positive
geez..... i think northkorea may be right. barackobama is a monkey! surely acts like one.,1,train,0.9660073518753052,0.03399265930056572,0,4,3.381610680600905,1,Suspected_False_Negative
nobody dykes yo record me doing this real quick,0,train,0.03403700888156891,0.9659630060195923,1,2,3.3803068498320346,1,Suspected_False_Positive
lagu bosan apa yang aku save ni huhuhuhuhuhuhuhuhuhuuuuuuuuuuuuuu,1,train,0.9657617807388306,0.03423820063471794,0,5,3.374413280645612,1,Suspected_False_Negative
ups muka babi ngepet ditayangin lagi,0,val,0.034255217760801315,0.9657447934150696,1,1,3.373916382495917,1,Suspected_False_Positive
just another republican hater!  it amazes me that liberals dont like republicans money  colin youre fired! boycottcolinjost emmyawards url,0,train,0.03431860730051994,0.9656814336776733,1,1,3.372067585007439,1,Suspected_False_Positive
Kayak gini polisi masih gk di hukum?,0,train,0.03440073877573013,0.9655992984771729,1,1,3.3696772387947247,1,Suspected_False_Positive
"but you love me, you dont wanna be with nobody else, blah blah.. bullshit fa the birds..",1,train,0.965571403503418,0.034428585320711136,0,3,3.3688680910407443,1,Suspected_False_Negative
obozo troll hiding under that tree the moslem is the prize kill,1,train,0.9655057191848755,0.034494273364543915,0,2,3.366961958156103,1,Suspected_False_Negative
is so biased against conservativeseveryone should drop google and use bing or duckduckgo.,1,train,0.9654072523117065,0.03459272161126137,0,5,3.3641119771028474,1,Suspected_False_Negative
"Pijat ini adalah yang paling lega dari pinggang saya, saya mendengar suara RM 60 Jeans A Hakim 60 12 terbaik",1,train,0.9653931260108948,0.034606799483299255,0,1,3.363705099367007,1,Suspected_False_Negative
bela jokowi lah bos,0,train,0.034617360681295395,0.9653826951980591,1,4,3.363399968960138,1,Suspected_False_Positive
agak laen ni org mw ngalahin cepmek,0,train,0.034789007157087326,0.9652109742164612,1,4,3.358453828394886,1,Suspected_False_Positive
cowardly brit pray for death rather than drive moslem terrorists out of the uk,0,train,0.0348200686275959,0.965179979801178,1,3,3.357561373719398,1,Suspected_False_Positive
number pikey is worth number pakis,0,train,0.034843809902668,0.9651561975479126,1,2,3.3568797787094127,1,Suspected_False_Positive
quarantime got them muslimah feelin hawrny daia user,1,train,0.9650951623916626,0.034904878586530685,0,5,3.355128671963453,1,Suspected_False_Negative
"youre white, arent you? rolls eyes rt   rip to my nigga trayvon, a worthless spear chucker",1,train,0.9650766253471375,0.03492344543337822,0,3,3.3545968864009126,1,Suspected_False_Negative
suara pick me ?? help sakit telinga gw,1,train,0.9650753736495972,0.03492458909749985,0,4,3.3545641391910763,1,Suspected_False_Negative
"never know , they could find you or me or anyone else undesirable in their eyes .",0,train,0.03499643877148628,0.9650035500526428,1,3,3.3525089720556496,1,Suspected_False_Positive
cuma mau bilang 1 kata aja bang MANDI!,1,train,0.9649946689605713,0.035005297511816025,0,5,3.3522558714656534,1,Suspected_False_Negative
"fans nya akiÂ² tutup mata, kata nya gantle man mengakui kesalahan nya lah iya si cewe sengaja cepuin coba kl kaga pasti diemÂ² bae HAHAHAH",1,train,0.9649205207824707,0.0350794680416584,0,4,3.35013927574198,1,Suspected_False_Negative
"crack that whip, cracker",1,train,0.9648932218551636,0.035106755793094635,0,3,3.349361694293079,1,Suspected_False_Negative
oh itu jule? kirain baby sister barunya trio Na,1,train,0.9648166298866272,0.035183385014534,0,4,3.3471813244455606,1,Suspected_False_Negative
feminists blacks muslims queers illegals libtards hispanics latinos transgenders jews do not like men like me why solely strictly because i am a college educated conservative hetero christian white male who also happens to be a legal immigrant american citizen by the way,1,val,0.9645917415618896,0.03540828078985214,0,3,3.340809565580278,1,Suspected_False_Negative
Podcast bisa tapi konferensi pers buat minta maaf gabisa ya pak🙏,1,train,0.9645592570304871,0.03544069454073906,0,5,3.3398945557866377,1,Suspected_False_Negative
bianca debaets says the partys suggestions are absolutely shocking.,1,train,0.9645529389381409,0.03544706851243973,0,2,3.339714723007514,1,Suspected_False_Negative
Relawan apa kelompok penjilat?,1,train,0.9645442962646484,0.03545570746064186,0,2,3.3394710386629645,1,Suspected_False_Negative
the liberals took over,1,train,0.9644858837127686,0.03551415354013443,0,3,3.337823970685621,1,Suspected_False_Negative
another twitter refugee has arrived banned for standing up to snowflakes maga,1,train,0.9643899202346802,0.03561006858944893,0,2,3.335126855565439,1,Suspected_False_Negative
the reason you called jesus a monkey is because you knew he was not your color farrakhanthetime,1,train,0.9643197655677795,0.03568020090460777,0,2,3.333159340551658,1,Suspected_False_Negative
because humans arent delicious ho rt  smarter than dogs and your yearold child. so why eat them?,0,train,0.0357828252017498,0.9642171263694763,1,1,3.3302872436568407,1,Suspected_False_Positive
didnt she get benefits to attend college as a native american?,1,train,0.964136004447937,0.0358639694750309,0,1,3.3280221232605536,1,Suspected_False_Negative
holy moly!! if the catholic people havent been awakened by this ..... falseprophet  lunatic,0,train,0.035881951451301575,0.9641180634498596,1,3,3.3275208549956816,1,Suspected_False_Positive
ursulan yang satu ini emang beda,1,train,0.9640743136405945,0.035925738513469696,0,5,3.326301290138024,1,Suspected_False_Negative
username nya ngatain orang nyindir netijen goblog banyakan masyako,1,train,0.9638645052909851,0.036135464906692505,0,1,3.3204804885020196,1,Suspected_False_Negative
a white christmas for twitter refugees snowflakes not welcome,1,train,0.9637759923934937,0.036223966628313065,0,2,3.318034317660869,1,Suspected_False_Negative
awwww hes precious bad ass kitty boy!!!,0,train,0.03628544881939888,0.9637145400047302,1,4,3.3163384770464943,1,Suspected_False_Positive
why is a nazi getting number million subs what the fuck what the fuck you guys pewdiepie,0,train,0.03630055859684944,0.9636995196342468,1,4,3.3159221494867714,1,Suspected_False_Positive
i have you and kaze i need more.,1,train,0.9636867642402649,0.03631328418850899,0,4,3.3155716490504443,1,Suspected_False_Negative
putting mustard on macaroni is a thing outside of jail whew chile the ghetto,1,train,0.963629961013794,0.03637000545859337,0,5,3.314010869898198,1,Suspected_False_Negative
Good sih menurutku kalian aj suka merendahkn org diem,1,train,0.9636037349700928,0.036396242678165436,0,1,3.313289732794639,1,Suspected_False_Negative
told my dad to go buy cookies for the graduation reception...this nigga bought oreos.,1,train,0.9635916948318481,0.03640828654170036,0,4,3.3129588780037666,1,Suspected_False_Negative
Makin biadap makin berprestasi,1,train,0.9635822772979736,0.03641772270202637,0,4,3.312699735412355,1,Suspected_False_Negative
"buy more ammo, folks, because the ig report shows",1,train,0.9634224772453308,0.03657753765583038,0,1,3.3083209522317847,1,Suspected_False_Negative
nigga then how can you say bo is the best cod  url,1,train,0.9631898403167725,0.03681015595793724,0,5,3.301981494764072,1,Suspected_False_Negative
"Keluarkan dari sekolah, tolong dong yang bisa bantu viralkan ke kepala sekolahnya, mohon bantuannya",1,train,0.9631629586219788,0.03683701157569885,0,4,3.301252189894616,1,Suspected_False_Negative
ha ha ha ha ha ha. they were paid what they were worth.,1,train,0.9631137251853943,0.03688624128699303,0,1,3.299916662318176,1,Suspected_False_Negative
holy man from switzerland tells daily mail that cancer caused by immigrants,1,train,0.9631016850471497,0.03689827024936676,0,4,3.2995906057453306,1,Suspected_False_Negative
airpods are cool and all until you lose those hoes every number min,0,train,0.036937166005373,0.9630628824234009,1,5,3.298537026012423,1,Suspected_False_Positive
couple friends you know bitches get funny,0,val,0.03706448897719383,0.9629355072975159,1,1,3.295095938174924,1,Suspected_False_Positive
they would be better off just sitting out in the sun eating a dirt sundae .,1,train,0.962919294834137,0.03708069398999214,0,2,3.2946588224404194,1,Suspected_False_Negative
user user naxals are as bad as jihadis,0,train,0.03725564852356911,0.9627443552017212,1,4,3.2899517074358604,1,Suspected_False_Positive
user user a closeted gay man named donald trump,1,train,0.9626436829566956,0.03735628351569176,0,4,3.2872541482010997,1,Suspected_False_Negative
yah admin nya golongan pengonsumsi mecin pil pcc otak kamu rusak min,0,train,0.037432629615068436,0.9625673294067383,1,2,3.2852125053238277,1,Suspected_False_Positive
all jews world wide are about to have everyone in proximity attacking them,0,train,0.03749941661953926,0.9625005125999451,1,5,3.2834299029390666,1,Suspected_False_Positive
no duh its pathetic!,0,train,0.037504736334085464,0.9624952673912048,1,4,3.2832880517389493,1,Suspected_False_Positive
"yang relawan Mulyono ,bayaran nya tetap berlanjut makanya mereka gak bubar",1,train,0.9624342918395996,0.0375656858086586,0,1,3.2816642567415157,1,Suspected_False_Negative
the show is crap .,0,train,0.03759223595261574,0.9624077677726746,1,2,3.280957740530334,1,Suspected_False_Positive
"Punya kompetensi, tapi mereka nggak tegak lurus kepada konstitusi. Mereka udah jadi alat kekuasaan, ini lho masalahnya. Dikasih fleksibilitas cuma bikin sakit hati.",0,val,0.03773626685142517,0.9622637033462524,1,2,3.2771336614906987,1,Suspected_False_Positive
Saya mencoba melupakan hal itu tetapi akhirnya itu membuat saya sedih sehingga Tuhan akan kehilangan kekecewaan,1,train,0.962247371673584,0.03775264322757721,0,5,3.27669978646477,1,Suspected_False_Negative
Bucky Planga Plongangoo,0,train,0.03784749284386635,0.9621524810791016,1,4,3.274190540556365,1,Suspected_False_Positive
user lmfao if u knew the dykes i knew you d get it,0,val,0.037876926362514496,0.9621230959892273,1,3,3.273413155389495,1,Suspected_False_Positive
mondaymorning mondaymotivation mondaymood mondaythoughts another republicans   trump swamp lier !!   maga women christianity url,1,train,0.9621068835258484,0.037893157452344894,0,2,3.2729847253479414,1,Suspected_False_Negative
#VALUE!,1,val,0.962080717086792,0.03791923075914383,0,5,3.2722968876886345,1,Suspected_False_Negative
i can  t go out sad over no nigga,1,train,0.962056577205658,0.03794342651963234,0,3,3.271659004382754,1,Suspected_False_Negative
Duuhhh duhh... sarung mukena itu yaa,1,train,0.9620419144630432,0.03795812278985977,0,5,3.27127175878514,1,Suspected_False_Negative
there are so many race mixing ads on tv that it gets overwhelming .,1,train,0.9620166420936584,0.03798334673047066,0,2,3.2706074592476724,1,Suspected_False_Negative
"thank you for your kind words , hope to meet you in the new white world one day soon .",1,train,0.9619801044464111,0.03801991790533066,0,1,3.2696451011737735,1,Suspected_False_Negative
there are two kinds of women women who do anal and women who are attractive,1,train,0.9619508981704712,0.0380491241812706,0,2,3.2688772125143677,1,Suspected_False_Negative
user user just like close friendship is basicly gay relationship,1,train,0.9619332551956177,0.03806675598025322,0,4,3.2684139241897614,1,Suspected_False_Negative
send this spear chucking jigaboo to somalia,1,train,0.9618069529533386,0.03819304704666138,0,3,3.2651017944215583,1,Suspected_False_Negative
i just hope its ab how dumb he is and that shane isnt all awww lets forgive him bc if he does that im unstanning,0,val,0.03819534555077553,0.9618046283721924,1,2,3.2650416150137533,1,Suspected_False_Positive
are you sure the one on the left is female or even human ?,1,train,0.9617520570755005,0.03824798762798309,0,1,3.263664331126723,1,Suspected_False_Negative
get the honky cat,1,train,0.9617443084716797,0.03825564309954643,0,1,3.263464197577084,1,Suspected_False_Negative
"Korean ama Indo mirip... Yang jago cuma 1-2 ( segelintir) pemain tapi ngira nya 11 pemain jago semuaaa... 😂 , dimana kelas 1 nya kita, kalo di bandingkan dengan negara veteran bola paling kita masuk kelas 3 na mereka... jadi secara kualitas juga uda beda.. over confident lahhh 😂😂😅",1,train,0.9617060422897339,0.038293998688459396,0,3,3.26246208728037,1,Suspected_False_Negative
hitler met with muslim leaders he had a lot in common,1,train,0.9616458415985107,0.03835410997271538,0,5,3.260893586827332,1,Suspected_False_Negative
"""HEH UDH NAPA HATE NYA CAPE GW BACA NYA""",0,train,0.038442462682724,0.9615575671195984,1,5,3.2585926313045848,1,Suspected_False_Positive
he is really on my line singing negro spirituals..!!,1,train,0.9614222049713135,0.03857780247926712,0,1,3.255078233228783,1,Suspected_False_Negative
"keknya dulu nama aslinya bahlul, cuma waktu penulisan di akta kelahiran si petugasnya typo jadinya ditulis bahlil, nah karna udah males ngurus pembetulan jadinya dibiarin aja deh namanya jadi bahlil",1,train,0.9613884091377258,0.038611624389886856,0,4,3.254201897850842,1,Suspected_False_Negative
user user so how do you feel about camel jockey and those terms,1,train,0.9613878726959229,0.03861211612820625,0,2,3.2541891624325334,1,Suspected_False_Negative
good job sarcasm. also great they have gun control laws its saving lives! more sarcasm.,1,train,0.9613764882087708,0.03862348198890686,0,5,3.253894845794617,1,Suspected_False_Negative
kok bisa masih punya temen sih? herann ga pada geregetan ðŸ˜­,1,train,0.961335301399231,0.03866470977663994,0,4,3.2528279870494012,1,Suspected_False_Negative
Saya benci pertanyaan tentang alan dengan amelia dh la tidak ada uang untuk meminjam danau cb tul pasta saya harus mendapatkan saya,1,train,0.9613265991210938,0.038673389703035355,0,1,3.2526035200275776,1,Suspected_False_Negative
"these ideas need to be normalized, which is a big undertaking.",1,train,0.9611841440200806,0.038815781474113464,0,2,3.24892837602526,1,Suspected_False_Negative
they are trappedtriggered  by trump  to show how ignorant they are.,0,train,0.03882959857583046,0.9611704349517822,1,1,3.248572473282458,1,Suspected_False_Positive
free gay muscle anime pictures best household sex toys sex change tests,1,train,0.9611356258392334,0.038864437490701675,0,5,3.2476756498203216,1,Suspected_False_Negative
deepstate      you are going down! maga redwaverising redwave walkawayfromdemocrats walkaway walkawaymarch  make this viral url,1,train,0.961063802242279,0.038936179131269455,0,1,3.245831405802294,1,Suspected_False_Negative
how much longer are we going to wait for them to take care of themselves ?,1,train,0.9610612988471985,0.03893877938389778,0,3,3.2457646256028854,1,Suspected_False_Negative
Cape gw liat senyum mu bg,1,train,0.9610605239868164,0.03893953561782837,0,2,3.2457452046914135,1,Suspected_False_Negative
kesabaran ariel tatum diuji bangetðŸ˜‚ðŸ˜‚ðŸ˜‚,1,train,0.9610602855682373,0.038939669728279114,0,4,3.2457417606282606,1,Suspected_False_Negative
relawan hanya cari isi perut ke penguasa,0,train,0.03899359703063965,0.9610064625740051,1,1,3.2443578250328367,1,Suspected_False_Positive
"my daughter said she had only touched the apeling s back , not hit her .",1,train,0.960999608039856,0.039000432938337326,0,2,3.2441825319310977,1,Suspected_False_Negative
bis die  dummen  mitbekommen wieviele wirklich kommen.......dann wird es interessant.,0,train,0.039036404341459274,0.9609636068344116,1,1,3.243260623588229,1,Suspected_False_Positive
read multifandom as muslim maybe i should go sleep,1,train,0.9608945250511169,0.039105501025915146,0,4,3.24149213068702,1,Suspected_False_Negative
albert  conservatives are spreading the lie anderson cooper faked a hurricane... url,1,train,0.9608622193336487,0.03913773596286774,0,1,3.240668163274195,1,Suspected_False_Negative
"im tired off that piss poor excuse from conservatives which is pretty much synonymous with bigot nowadays. its not fear they feel, its shame. the same shame all hypocrites feel.",0,val,0.03915833681821823,0.9608416557312012,1,2,3.2401419336666515,1,Suspected_False_Positive
gt;comparing antifa weaklings to wwii soldiers,1,train,0.9608216285705566,0.039178308099508286,0,4,3.239632050156994,1,Suspected_False_Negative
"setelah menjelajahi beberapa negara, akhirnya kembali ke produk lokal🔥",1,train,0.9607340693473816,0.03926592692732811,0,5,3.2373981354728256,1,Suspected_False_Negative
"i think we america, as a nation, are roaring full on toward peakretard.",1,train,0.9606568217277527,0.0393432155251503,0,1,3.2354317325757713,1,Suspected_False_Negative
"""Pengambilan fotonya sudah bagus mantap dan keren.. tinggal pengambilan ARWAH nya aja yang belum""",1,train,0.9605672955513,0.03943274915218353,0,2,3.233158611175043,1,Suspected_False_Negative
user user she  a retard,0,train,0.039536263793706894,0.9604637622833252,1,2,3.230536957517478,1,Suspected_False_Positive
alert candace owens was just attacked by antifa url,1,train,0.9603584408760071,0.039641525596380234,0,5,3.2278780839748475,1,Suspected_False_Negative
angry sheboon trashes liquor store .,1,train,0.9603325724601746,0.03966743126511574,0,4,3.227224799133336,1,Suspected_False_Negative
ini karena kamera atau apaa kok dark banget,1,train,0.9603092074394226,0.03969086706638336,0,2,3.2266341664599634,1,Suspected_False_Negative
dont mess with niggas from marcy projects george zimmerman! you gonna get lit!,1,train,0.9602828025817871,0.03971714526414871,0,5,3.2259723138848044,1,Suspected_False_Negative
"lo pada sadar gasih, tuhan lg nunjukin tabiat aslinya dan suaminya ??",0,val,0.03972869738936424,0.9602712392807007,1,4,3.225681496268398,1,Suspected_False_Positive
"libtard meathead rob reiners latest film earns only , on its opening.",1,train,0.9602218866348267,0.039778128266334534,0,4,3.2244380587916397,1,Suspected_False_Negative
good grief!  thats a relief!  now get rid of antifa.,1,train,0.9601946473121643,0.03980541229248047,0,2,3.22375238868892,1,Suspected_False_Negative
repost .  kush blunt convos?? a simple minded ho made this pic i bet,1,train,0.9601489305496216,0.03985103964805603,0,3,3.222606785050943,1,Suspected_False_Negative
"Semoga amanah jd pelatih, jangan pernah menyogok ketika sudah jadi pelatih profesional. Jika, pemain tidak layak squadmu terus ada bayaran untuk masuk tim mu. Kamu harus menolak itu.",1,train,0.9600806832313538,0.039919305592775345,0,5,3.2208952226607255,1,Suspected_False_Negative
so an english teacher was seduced by a teenagers postit notes !?!?,1,train,0.9600606560707092,0.03993930667638779,0,5,3.220394310274138,1,Suspected_False_Negative
i learned when white ppl hate you they really hate yo fuckin guts,0,train,0.03994903713464737,0.9600510001182556,1,3,3.2201507088213224,1,Suspected_False_Positive
"gini nih curhat sama orang tua yang gak mau rugi dah bayar mahal, disuruh kita diem aja dan jaga diri baik-baik, pas anaknya bundir baru merengek",1,train,0.9600400328636169,0.03995998948812485,0,2,3.2198765882617577,1,Suspected_False_Negative
YANG APA KAMU MENGABULKAN DOA KU UNTUK KLOSDONECEPATNYA OKEY KALO ITU MAU KAMU,1,train,0.9599912762641907,0.040008753538131714,0,5,3.2186570103565493,1,Suspected_False_Negative
teman makan teman ðŸ¥±,1,train,0.9599465131759644,0.04005340486764908,0,3,3.2175415936594254,1,Suspected_False_Negative
"betul, jangan bawa'yang ga bersangkutan",0,train,0.040059953927993774,0.9599400758743286,1,1,3.2173780988201695,1,Suspected_False_Positive
Yg buly yg kampungan,1,train,0.9598872065544128,0.04011276736855507,0,4,3.216060607101126,1,Suspected_False_Negative
Semoga mbk Lisa sehat selalu ya sampai idul Adha 🤗🤗,1,train,0.9598748087882996,0.04012523218989372,0,1,3.2157499108846817,1,Suspected_False_Negative
hok cuhh,1,train,0.9598173499107361,0.04018264636397362,0,2,3.214320059047089,1,Suspected_False_Negative
i  m sick an tired of yall bitches that say your freaks but only like getting choked foh,0,train,0.04024625942111015,0.9597538113594055,1,5,3.2127382130731776,1,Suspected_False_Positive
i feel like dealing with us dykes or studs is difficult,0,train,0.04033389315009117,0.9596660733222961,1,3,3.210563142395502,1,Suspected_False_Positive
anjir gua kira sultan beneran ??????,0,train,0.040386397391557693,0.959613561630249,1,1,3.209262248939378,1,Suspected_False_Positive
its all liberals have. they are truly vile.,0,train,0.04042568430304527,0.959574282169342,1,5,3.2082899459431227,1,Suspected_False_Positive
follow me for pro white news and talking points,1,train,0.9594592452049255,0.04054072126746178,0,5,3.2054483466152726,1,Suspected_False_Negative
they have no water no food but breed exponentially the human race is fucking retarded world water day,0,val,0.0405571386218071,0.9594429135322571,1,1,3.2050434689873795,1,Suspected_False_Positive
mirip ursula di little mermaid,1,train,0.9592061638832092,0.04079386964440346,0,2,3.199223462674897,1,Suspected_False_Negative
logo arsenal versi hijab,1,train,0.9591301679611206,0.04086983948945999,0,1,3.1973629087574365,1,Suspected_False_Negative
Ini salah satu bukti lagi kalau striker/pemain bola terbaik di masanya gk menjamin kalau dia itu pelatih yg bagus sama kek Patrick Star yg jadi pelatih timnas Indonesia kmren wkwk,1,train,0.9589342474937439,0.041065823286771774,0,5,3.1925790536098013,1,Suspected_False_Negative
thanks joe!!! my sanity was forsaken a looong time ago hahaha,1,val,0.9589277505874634,0.04107222333550453,0,1,3.1924232172097673,1,Suspected_False_Negative
not surprising. that in cnnor nigga was on the payroll,1,train,0.958842933177948,0.04115710407495499,0,5,3.1903587282428476,1,Suspected_False_Negative
right. dang. she is the s...t,0,train,0.041175492107868195,0.9588245153427124,1,5,3.189912051371925,1,Suspected_False_Positive
user user you can be a thot and still not have hoes,0,train,0.04119502007961273,0.9588050246238708,1,4,3.1894379017863077,1,Suspected_False_Positive
a british comics publisher doesnt want whites at conventions   moonbats comicsgate racism comicbooks politics england comicgate,1,train,0.9587820768356323,0.041217949241399765,0,4,3.188881456300419,1,Suspected_False_Negative
i mean it worked for gun control right? url,1,train,0.9587117433547974,0.04128819704055786,0,4,3.1871786058026434,1,Suspected_False_Negative
2025 full cowoâ€ ketahuan selingkuhðŸ˜­ðŸ˜­,0,train,0.04129591956734657,0.9587040543556213,1,5,3.186991583718291,1,Suspected_False_Positive
"sholat paling depan, titid juga langsung ke depan",1,train,0.9586871862411499,0.04131275787949562,0,1,3.1865839192234056,1,Suspected_False_Negative
yeah and youre gonna play with retards who wanna do drugs all day but ;;;,0,train,0.04140416905283928,0.958595871925354,1,4,3.1843737014615474,1,Suspected_False_Positive
number liners are old oredi bitches we old old dumb,0,train,0.041437000036239624,0.958562970161438,1,3,3.1835810765992907,1,Suspected_False_Positive
Aku tak tahu kenapa bila time gaduh je english aku automatic power Aku rasa time exam nanti kena gaduh dulu before jawab,1,val,0.9585322141647339,0.04146774858236313,0,1,3.1828392964709926,1,Suspected_False_Negative
and i say send her to israel on the next boat.,1,train,0.9584423899650574,0.04155764728784561,0,2,3.1806737243668572,1,Suspected_False_Negative
kelak anak mereka akan dijadikan seperti ini,1,train,0.9582076668739319,0.04179229959845543,0,2,3.1750431765546847,1,Suspected_False_Negative
udh gayanya met?,1,train,0.9581097364425659,0.04189026728272438,0,5,3.172701763458102,1,Suspected_False_Negative
tipuan,0,train,0.041907571256160736,0.958092451095581,1,5,3.1722887701402787,1,Suspected_False_Positive
bukti nyata NPD yang bisa diliat seluruh warga indonesiaaa ????,1,train,0.9579726457595825,0.04202732443809509,0,4,3.1694352903759966,1,Suspected_False_Negative
likely an antifa thug who plasterd himself with temptatts for the interview with the shitlib press...,0,train,0.04214366897940636,0.9578563570976257,1,1,3.1666708079650605,1,Suspected_False_Positive
hi  another refugee from twit i just got shoahed  username was msmlies,1,train,0.9578444361686707,0.04215552285313606,0,5,3.1663895745736093,1,Suspected_False_Negative
wrongthink is literally all just smart ancaps and retarded national socialists,0,train,0.04229149594902992,0.957708477973938,1,1,3.1631692545355263,1,Suspected_False_Positive
you left out the women you can not have a nazi circle jerk with them,0,train,0.0423240140080452,0.9576760530471802,1,2,3.162400646968601,1,Suspected_False_Positive
major chimpout at hip hop awards .,1,train,0.9575842022895813,0.042415764182806015,0,2,3.160235189079222,1,Suspected_False_Negative
put the thooka down pussy nigga put yo fist up,0,train,0.04254540801048279,0.9574545621871948,1,4,3.157183349634163,1,Suspected_False_Positive
user i slick found them hoes roun,0,train,0.042551469057798386,0.9574485421180725,1,2,3.157040899111073,1,Suspected_False_Positive
YouTubers elit gaji sulit??????,1,train,0.9574387073516846,0.04256127029657364,0,1,3.1568105872002374,1,Suspected_False_Negative
fungsinya bikin gaduh dan untuk menutupi bobroknya rezim 10 th yg lalu,0,train,0.042564939707517624,0.9574350118637085,1,2,3.1567243761273827,1,Suspected_False_Positive
Ibu ini lrbih cerdas daripada para relawan,1,train,0.9572702646255493,0.04272972419857979,0,2,3.1528604838618994,1,Suspected_False_Negative
she should ask a few native americans what their take on this is.,1,train,0.957231879234314,0.04276807978749275,0,2,3.1519632539987255,1,Suspected_False_Negative
"""muka lu sensual tapi norak kenapa dah""",1,train,0.957214891910553,0.04278508201241493,0,4,3.151565788264244,1,Suspected_False_Negative
Aku beria sekalipun bukannya kau nak appreciate,1,train,0.9572024941444397,0.042797528207302094,0,1,3.1512749302279452,1,Suspected_False_Negative
are you kidding me? im so pissed for you. he is a sorry excuse for a human being.,0,train,0.04288977384567261,0.9571102261543274,1,2,3.1491218533590053,1,Suspected_False_Positive
if they were the fbi knew and did nothing,1,train,0.9570982456207275,0.04290173575282097,0,2,3.14884299342795,1,Suspected_False_Negative
in britain the prime minister a childless woman london mayor a moslem invader in command of london police a lesbian in command of london fire brigade a fat woman scotland first minister a childless woman,1,val,0.9570716619491577,0.04292828217148781,0,3,3.1482244121866705,1,Suspected_False_Negative
"democrats, the mullahs, boko haram, and the paleshitians vs. the golden age.",0,train,0.04301687702536583,0.9569831490516663,1,3,3.1461627513302233,1,Suspected_False_Positive
yeah she is a real blond just like uncle donnie,1,train,0.956937849521637,0.04306218400597572,0,4,3.145110068267677,1,Suspected_False_Negative
user this is the twat who wants to start another holocaust in eire,0,train,0.04307279735803604,0.9569272398948669,1,2,3.1448636329182764,1,Suspected_False_Positive
hillary and  least  other angrydemocrats worldwarq wwgwga maga redtsunami americafirst walkaway truth url,1,train,0.9567161798477173,0.04328380152583122,0,1,3.1399768126766676,1,Suspected_False_Negative
when my big unc come back im snitchin tired of this retarded ass boi,0,train,0.04343888536095619,0.9565611481666565,1,3,3.1364002629638343,1,Suspected_False_Positive
"tanpa kita sadari, skrg kita yg menjadi pembully",0,train,0.04348805546760559,0.9565119743347168,1,3,3.1352689655449937,1,Suspected_False_Positive
si jule pasti di gosipin sama pegawai2 playtopia dan ibu-ibu di situ 😅,1,train,0.9564788937568665,0.04352109506726265,0,3,3.134509514359872,1,Suspected_False_Negative
i knows yall white folk only be playin wit me. i colored and i knows my place,1,train,0.9563673734664917,0.043632589280605316,0,4,3.1319509472723306,1,Suspected_False_Negative
do they drug test in tennis? shes on some serious hormones or testosterone,1,train,0.9563477635383606,0.04365227743983269,0,4,3.131499823032791,1,Suspected_False_Negative
i am slut for attention,1,train,0.9562524557113647,0.04374760016798973,0,5,3.1293185209861027,1,Suspected_False_Negative
user oh look the nacho nazi is up an tweeting,1,train,0.956244945526123,0.04375510290265083,0,5,3.129147035205294,1,Suspected_False_Negative
its been up since sunday night. he is a sloth.,1,train,0.9562348127365112,0.04376523569226265,0,3,3.128915482406944,1,Suspected_False_Negative
global sushi gt; dead commie terrorist. i choose sushi.,0,train,0.043776702135801315,0.9562232494354248,1,3,3.128653517824283,1,Suspected_False_Positive
your a big yute to be having slits in your brows my darg lol drop it out,0,train,0.043807920068502426,0.9561920762062073,1,5,3.1279406544645414,1,Suspected_False_Positive
taylor swift goes full libtard,1,train,0.9560898542404175,0.04391014575958252,0,2,3.125609874906334,1,Suspected_False_Negative
irans great house cleaning is on the way,1,train,0.9560319781303406,0.04396803304553032,0,2,3.124292430801151,1,Suspected_False_Negative
user they did nazi that coming,1,train,0.955792248249054,0.04420781508088112,0,5,3.118853693743205,1,Suspected_False_Negative
sick of niggas acting like bitches dawg,0,train,0.044239502400159836,0.9557605385780334,1,4,3.1181371695673032,1,Suspected_False_Positive
no it was never a legit quality signal it was always a retarded scam,0,train,0.04425070062279701,0.9557493329048157,1,3,3.117884074369995,1,Suspected_False_Positive
user or the gay person is open about their sexuality like wow what a miracle,1,train,0.9557347297668457,0.04426528513431549,0,4,3.1175545404100964,1,Suspected_False_Negative
ariel : ga pernah se muak ini,1,train,0.9556583166122437,0.044341690838336945,0,5,3.1158299420447837,1,Suspected_False_Negative
its sad and scary that the french socalled justice system is ordering  le pen to undergo psych eval because she dared to reveal the horrors of daeshisis. the true crazies are radical muslims and liberals who protect them.,0,val,0.04436929151415825,0.9556307792663574,1,3,3.1152076813961025,1,Suspected_False_Positive
isis and jihadi terrorists post  tweets every minute to spread propaganda,0,train,0.044417910277843475,0.9555820822715759,1,4,3.114112506245553,1,Suspected_False_Positive
gt raped by light user user,1,train,0.9552704095840454,0.04472951963543892,0,2,3.1071216007982896,1,Suspected_False_Negative
ingett hidup kamu tidak seenak rikkk hidup kamu susah salam teman smp pas kamu burikkk eh sekarang saja,1,train,0.9552642107009888,0.04473581537604332,0,4,3.1069808593454353,1,Suspected_False_Negative
user user number murders in chicago this year number by nazis,1,train,0.9551664590835571,0.04483357071876526,0,4,3.1047980737800227,1,Suspected_False_Negative
user so humanity in general but women more strongly animals,1,train,0.9550716280937195,0.04492836818099022,0,2,3.102685875700728,1,Suspected_False_Negative
proof that conservatives really suck at satire.,0,train,0.044965848326683044,0.9550341367721558,1,2,3.101852003415709,1,Suspected_False_Positive
"silicon valley is intolerant, and they are the aggressors in our culture war.",0,train,0.04496615007519722,0.9550338983535767,1,4,3.101845292822827,1,Suspected_False_Positive
ms number and arabs pouring into the us from the south,1,train,0.955030083656311,0.04496995732188225,0,1,3.1017606272352785,1,Suspected_False_Negative
Kamu itu selalu jadi bahan lelucon semua orang,1,train,0.9548991918563843,0.045100823044776917,0,3,3.098854783310156,1,Suspected_False_Negative
this hobo has been sleeping on a park bench for fuck all..,0,train,0.04528654366731644,0.9547134637832642,1,3,3.09474533990764,1,Suspected_False_Positive
je kan een moslim wel je andere wang toekeren maar dan delf je het onderspit,0,train,0.04529609531164169,0.9547039270401001,1,5,3.0945344464192557,1,Suspected_False_Positive
cory i never seen a white person i didnt hate booker,1,train,0.9546554684638977,0.045344509184360504,0,2,3.093466186171167,1,Suspected_False_Negative
"holy cow lesbo nigga slayer had a yt channel, full o gospel kid music an sheit.",1,train,0.9546478390693665,0.045352157205343246,0,1,3.0932975356285333,1,Suspected_False_Negative
IBU INI MGOMONG APA ðŸ¤£,0,train,0.04544671252369881,0.9545533061027527,1,3,3.091214792686511,1,Suspected_False_Positive
if he is cutting it... no man bun man..,0,train,0.04549212381243706,0.9545078277587891,1,3,3.090216071032651,1,Suspected_False_Positive
does pedo bashing require a baseball bat?,1,train,0.9544338583946228,0.04556610435247421,0,4,3.0885911644688893,1,Suspected_False_Negative
user maybe should have course for monkeys and towelheads on sensitivity to white culture also,1,train,0.9544191956520081,0.04558084160089493,0,2,3.0882677910767256,1,Suspected_False_Negative
be carrful he is smol,0,train,0.04563518986105919,0.9543647766113281,1,5,3.0870761525955417,1,Suspected_False_Positive
"poor coon.......snow stopped here,now if the wind would it might be nice out,well for winter",0,train,0.04583520442247391,0.9541648626327515,1,1,3.082702827613821,1,Suspected_False_Positive
user user i am proud to oppose islam and oppose the islamification of our country,1,train,0.9541548490524292,0.04584510996937752,0,1,3.0824867387618604,1,Suspected_False_Negative
"Perarturan sekarang kan guru ga boleh melakukan kekerasan,apalagi fisik verbal pun ga boleh,aneh nya kok murid murid sekarang bar bar,belajar dari mana,jangankan ke sesama teman ke guru saja berani mukul,bacok,ketapel mata..belajar dari mana mereka tentang kekerasan",0,train,0.04585031047463417,0.9541496634483337,1,2,3.082373308772946,1,Suspected_False_Positive
its stuff like this that makes black people look retarded. its not expressing yourself its stupidity,0,train,0.04592835158109665,0.9540716409683228,1,5,3.0806726710969667,1,Suspected_False_Positive
@muhammad hanif: lucu juga ni mascot dufan,1,train,0.9539042115211487,0.04609577730298042,0,5,3.0770339318087756,1,Suspected_False_Negative
user user no he is a gun stock piling redneck my family is weird,1,train,0.9538962244987488,0.046103786677122116,0,3,3.076860191851316,1,Suspected_False_Negative
asexual aromantic and agender are a part of the lgbtq community you morons,0,train,0.046234358102083206,0.9537656307220459,1,2,3.0740320754255035,1,Suspected_False_Positive
no the truth white powerwhite victorywhite pride,1,train,0.953731119632721,0.04626888036727905,0,3,3.07328567416713,1,Suspected_False_Negative
"when i see beto, my brain changes it to beta. lol  go away, girly man.",1,train,0.9537196159362793,0.04628041386604309,0,4,3.0730364340423013,1,Suspected_False_Negative
"""Mukanya kuning banget kaya kunyit""",1,val,0.9536908268928528,0.0463092066347599,0,1,3.0724144902544515,1,Suspected_False_Negative
jangan sampai rakyat yang menyukai pak harto ambil tindakan sama yang suka jelek-jelekin pak harto,1,train,0.9535418748855591,0.046458158642053604,0,5,3.0692031856139765,1,Suspected_False_Negative
if u think im cute u gay cus my boyfriend bought my bundles lmao,1,train,0.9535340666770935,0.04646597430109978,0,4,3.069034969698109,1,Suspected_False_Negative
"""Kasian masih muda udah stresss""",1,train,0.9535211324691772,0.046478863805532455,0,3,3.068757611540779,1,Suspected_False_Negative
mirip ragill,0,train,0.046575743705034256,0.9534242749214172,1,1,3.0666753947200003,1,Suspected_False_Positive
sampek tak puter bolak balik asli mukanya mas hansol g mencurigakan blas :face-green-smiling::face-green-smiling:,1,train,0.9533737897872925,0.04662627354264259,0,5,3.065591086803685,1,Suspected_False_Negative
the liberals same old playbook. it is so old... yawn,1,train,0.9533225297927856,0.046677470207214355,0,5,3.064493667393653,1,Suspected_False_Negative
kalau termul diskusi selalu memaksakan diri.,1,train,0.9532799124717712,0.046720072627067566,0,3,3.0635813859456604,1,Suspected_False_Negative
Rambutnya sangat klinik,0,train,0.04674966633319855,0.9532503485679626,1,4,3.0629481605306963,1,Suspected_False_Positive
Habisi saja kalo ada pembully Paling gatel lihat pembully gak diekskusi2,0,train,0.04675799980759621,0.9532420039176941,1,1,3.0627699190075433,1,Suspected_False_Positive
"Ngapain abang sendiri di musuhin , padahal di media abangnya gak jelekin adeknya. Seharusnya Berbaikan aja itu adek ke abang. Jadilah akur saling menyayangi kalian. RO itu penyayang. Orang lain aja besti ama dia , lah adek sendiri sekutu sarden. Sekutu segenk Ke kawi pula, buset. Tobat dek. Kalian bersaudara manusia yg diciptakan berdua di pilih Allah untuk saling bersama di dunia akhirat dan harus bisa akur saling menyayangi saling menolong selama hidup di dunia , lu bayangin daripada dari lahir lu hidup sebatang kara di dunia. Apa gak ngenes sendirian gak punya saudara. Itu kenapa Allah kasih kamu hadiah saudara untuk menemani saling membantu selama di dunia dan selamat di akhirat . Berbaikan ajalah kamu dek . Orang lain aja bisa disayang ama abangnya , kau pikir renungkan. Pastilah sedarah kau lah itu saudara kandung disayang juga ama dia. Padahal Abangnya bawaan jiwa nya lebih Happy dan lebih adem lebih teduh. Malahan dia deket ama orang lain ,krn adeknya beda gini.",0,train,0.04687240719795227,0.9531275629997253,1,5,3.0603261093317404,1,Suspected_False_Positive
wgl czy hobby to making me fill like a retarded psychopath because it working,0,train,0.046886514872312546,0.9531134366989136,1,3,3.0600251742493985,1,Suspected_False_Positive
user user cause hong kong police can  t afford a porsche chinazi,1,train,0.9531010389328003,0.04689900204539299,0,3,3.05975888210612,1,Suspected_False_Negative
yeah... germanys stuck with the roaches they invited in. ha!,1,train,0.9530001878738403,0.046999815851449966,0,2,3.05761159533401,1,Suspected_False_Negative
haha doze gangstaas don kno sheeeeiit bout pimpin,0,train,0.04716198891401291,0.9528380632400513,1,2,3.054167030453041,1,Suspected_False_Positive
hmmm... investigate the obama admin? new term?? obamacide??,1,val,0.9528293013572693,0.047170765697956085,0,5,3.053980949085978,1,Suspected_False_Negative
"fans nya aki² tutup mata, kata nya gantle man mengakui kesalahan nya lah iya si cewe sengaja cepuin coba kl kaga pasti diem² bae HAHAHAH",1,train,0.9527782797813416,0.04722173139452934,0,4,3.05290108144616,1,Suspected_False_Negative
lagi birahi doesennya,1,train,0.9526418447494507,0.04735811799764633,0,4,3.0500170274213443,1,Suspected_False_Negative
dont let the door hit you in the ass.,0,val,0.04748605191707611,0.9525138735771179,1,2,3.047319254914368,1,Suspected_False_Positive
apparantly that rule of law doesnt apply to republicansconservatives baselessly accused by dems,1,train,0.9525109529495239,0.04748903214931488,0,5,3.047256496723227,1,Suspected_False_Negative
altyd zo geweest hoe vaak men ook zegtdit nooit meer!lozewoorden.puntjebijpaaltje vertonen z dierngedrag,1,train,0.9524450898170471,0.047554861754179,0,4,3.045871250124267,1,Suspected_False_Negative
user user user all those illegal aliens,1,train,0.9523948431015015,0.04760516807436943,0,3,3.0448139506474288,1,Suspected_False_Negative
librat slut .. now wants some money .. book deal ..,1,train,0.952379047870636,0.047620952129364014,0,1,3.044482443806546,1,Suspected_False_Negative
Muncul jg pki berbulu monyet URL,1,train,0.952262282371521,0.04773769527673721,0,2,3.0420339358028445,1,Suspected_False_Negative
great gun control! takes concentration and steady hand! way to go girl! url,1,train,0.9522539377212524,0.04774608463048935,0,5,3.041858212684596,1,Suspected_False_Negative
he worries about antifa while he invites and poses for pics with known neonazis. smdh,1,train,0.9522209167480469,0.04777912795543671,0,1,3.041166388497645,1,Suspected_False_Negative
Dilihat dari wajah nya calon pereman anak itu,0,train,0.047794561833143234,0.9522054195404053,1,1,3.040843415138035,1,Suspected_False_Positive
Artis tahun kapan?🙏🏻🙏🏻🙏🏻,1,train,0.9521266222000122,0.04787337779998779,0,4,3.0391957161287673,1,Suspected_False_Negative
udah tabiatnya orang arab kea gitu wkwkkwkw,0,train,0.04788220301270485,0.9521178007125854,1,3,3.0390113882250116,1,Suspected_False_Positive
he should be given  volts!,1,train,0.9520303606987,0.04796969145536423,0,2,3.037185895522116,1,Suspected_False_Negative
if alfie was non white he would already be in italy receiving treatment truth,1,train,0.9519795775413513,0.04802042990922928,0,4,3.036128735517125,1,Suspected_False_Negative
"Saya mencoba berlatih kematian saya, tetapi sayangnya saya gagal karena saya agak sedih dan mudah dimaafkan",1,train,0.9519644379615784,0.048035599291324615,0,2,3.035812891059517,1,Suspected_False_Negative
"Pantesan...... semakin berisi harusnya semakin gampang menerima masukan. Eeeeh, ini malah egois",0,train,0.048081863671541214,0.9519181251525879,1,3,3.034850227619111,1,Suspected_False_Positive
mexico isnt sending their best.,1,train,0.9518541693687439,0.048145875334739685,0,4,3.033519807237185,1,Suspected_False_Negative
separation is the only answer !,1,train,0.9517605304718018,0.04823944345116615,0,5,3.031578263711722,1,Suspected_False_Negative
tanks a lot dare mr. pubes. i love my uncle tom,1,train,0.951740026473999,0.048259928822517395,0,1,3.031153693661652,1,Suspected_False_Negative
flabby faced piers morgan deserves to be anally raped by a broken milk bottle,1,train,0.9517255425453186,0.04827439412474632,0,2,3.030854001243545,1,Suspected_False_Negative
spoiler alert  this episode has a hidden agenda to promote gun control,1,train,0.9516776204109192,0.048322442919015884,0,4,3.029859169534706,1,Suspected_False_Negative
user someone give me muslim accounts to follow i wanna practice my lying,1,train,0.9516232013702393,0.04837683588266373,0,1,3.0287341772894987,1,Suspected_False_Negative
sharing niggas is too ghetto i  m not understanding what y  all not getting,1,train,0.951518177986145,0.048481788486242294,0,4,3.0265670466836734,1,Suspected_False_Negative
username mah lihat yang main prasangka mirip elu elu haters mirip dukun dukun titisan dajjal sok pintar otak kosong sorry ye saya bala nabi muhammad yang percaya kalau sudah ditunjukkin 4 saksi bukti kalau,0,train,0.04856846109032631,0.9514315128326416,1,3,3.0247809074927954,1,Suspected_False_Positive
ih korengan..,1,train,0.9513258934020996,0.048674073070287704,0,1,3.022608771145307,1,Suspected_False_Negative
user user he was a gud boy he done dindu nuffin,1,train,0.9510783553123474,0.04892167076468468,0,4,3.0175348157479056,1,Suspected_False_Negative
i learned a new ghetto word,1,train,0.9510449171066284,0.04895510524511337,0,2,3.0168516203446196,1,Suspected_False_Negative
should be thanking her lucky stars that she has never been sexually assaulted or raped when she was a  year old girl.  she could hardly deal with a little harassment from antifa. nothinglower,1,val,0.950959324836731,0.049040649086236954,0,5,3.0151057515886555,1,Suspected_False_Negative
europe raise the white flag you are fucked,0,train,0.04905548319220543,0.9509445428848267,1,5,3.01480331140601,1,Suspected_False_Positive
si BUNTUNG bwa motor ??,1,train,0.950922429561615,0.04907751828432083,0,5,3.0143542251220037,1,Suspected_False_Negative
it  a hot girl summer when me and lani get our braces off so u bitches need to wait,0,train,0.04916965961456299,0.9508303999900818,1,3,3.012478520206554,1,Suspected_False_Positive
kerudungan tp jipon kyk ga diajarin LOLL,0,train,0.049223002046346664,0.9507769346237183,1,4,3.0113942434706824,1,Suspected_False_Positive
hopefully islamists and salafists  will get it!,0,train,0.04935242235660553,0.9506475329399109,1,2,3.0087684290670538,1,Suspected_False_Positive
astagfirullah kang Taemo bukan kang parkir 🙏,1,train,0.9506474137306213,0.049352578818798065,0,4,3.0087652587678657,1,Suspected_False_Negative
PANSOS!!!!!!,1,train,0.9505562782287598,0.04944367706775665,0,1,3.0069210942505076,1,Suspected_False_Negative
"what gerry sends me, that damn jig a boo;;",1,train,0.9504884481430054,0.04951149970293045,0,4,3.0055503191580435,1,Suspected_False_Negative
Baby face begini dibilang aki aki😭,0,train,0.049650341272354126,0.9503496289253235,1,4,3.0027500149525617,1,Suspected_False_Positive
"democrats do love their plantations, they always have.  kkk",1,train,0.950330376625061,0.04966958239674568,0,5,3.0023625574531705,1,Suspected_False_Negative
h de retard au work shessh,0,train,0.049850884824991226,0.9501491189002991,1,1,2.998719032982743,1,Suspected_False_Positive
oh god please no biker boomer memes and retarded hasbara,0,train,0.04991815239191055,0.9500818252563477,1,3,2.9973705669858997,1,Suspected_False_Positive
kendrick is not better than papoose or drake,0,train,0.04993957281112671,0.9500604271888733,1,2,2.9969415482094126,1,Suspected_False_Positive
says the little commie thot. i bet that  is more than your hourly rate,1,train,0.9500221014022827,0.04997792840003967,0,2,2.9961738030129847,1,Suspected_False_Negative
Right ⏯,1,val,0.9500086903572083,0.04999127984046936,0,4,2.995906691954609,1,Suspected_False_Negative
hanoijane fonda campaigns for gun control measure; will it backfire?    liberty park press url,1,train,0.9499727487564087,0.050027232617139816,0,5,2.9951877694804474,1,Suspected_False_Negative
meanwhile they are called shithole countries,0,train,0.05014431104063988,0.9498556852340698,1,2,2.9928502098794585,1,Suspected_False_Positive
respect banget gaada yang ngeludahin,1,train,0.949804961681366,0.05019500106573105,0,3,2.9918398376068307,1,Suspected_False_Negative
who wanna be dykes in luv,0,train,0.050196800380945206,0.9498032331466675,1,5,2.9918039917471404,1,Suspected_False_Positive
masih berani upload foto dia,1,train,0.9496115446090698,0.05038851127028465,0,4,2.9879920808760048,1,Suspected_False_Negative
"Masih sepenggal2 gitu bacanya, kaku.",0,train,0.05039679631590843,0.949603259563446,1,3,2.9878276710857117,1,Suspected_False_Positive
in a number character ghetto ideas will surely never be exchanged,1,train,0.9495857357978821,0.050414323806762695,0,4,2.987479941767566,1,Suspected_False_Negative
siapa si yang pertama bilang abidzar ganteng? lu liat niðŸ˜­,1,val,0.9494941234588623,0.0505058690905571,0,4,2.985665729838807,1,Suspected_False_Negative
i guess i would be destined for the gas chambers .,1,train,0.9493539333343506,0.0506461039185524,0,4,2.9828929728936004,1,Suspected_False_Negative
he is a millionaire. trust me hell just fine.,0,train,0.050701726227998734,0.9492982625961304,1,2,2.9817953210750945,1,Suspected_False_Positive
u do noht kno de wey!,0,train,0.050887636840343475,0.9491123557090759,1,5,2.978135276080881,1,Suspected_False_Positive
true but the constant talk from the left about common sense gun control every time and yet not one valid proposal,1,val,0.9490957260131836,0.0509042926132679,0,5,2.9778080247327146,1,Suspected_False_Negative
apaan bngt si tasyi,0,val,0.050999224185943604,0.9490007758140564,1,2,2.975944858413837,1,Suspected_False_Positive
user user hahaha jihadi jack and omar khadr sure know this,1,train,0.9489988684654236,0.051001183688640594,0,5,2.9759064369459614,1,Suspected_False_Negative
"he walks upright , and has human arms and legs .",1,train,0.9489573240280151,0.051042743027210236,0,2,2.9750918986935644,1,Suspected_False_Negative
yes he was a queer as well he had something on the cops,0,train,0.051047250628471375,0.9489527940750122,1,1,2.975003592266996,1,Suspected_False_Positive
"Negara maju tapi Federasi olahraga nya banyak yang plenger, ratu bulu tangkis korsel juga sampe speak up. Belum ini sepak bola yang lagi anget. Btw pelatihnya emang plenger si bro, itu pas lawan AFSEL bisa bisanya son di cadangin. ga jelas asli,. Ada juga teori kalo pelatihnya ga mau rekor menit bermain di timnas di pecahin sama SON",1,train,0.9489054679870605,0.051094572991132736,0,2,2.9740769911085225,1,Suspected_False_Negative
a real piece of work also bending over for the arabs metruth ausfam,1,train,0.9488717317581177,0.05112823098897934,0,3,2.973418468787623,1,Suspected_False_Negative
IBU INI MGOMONG APA 🤣,0,train,0.05113331601023674,0.9488667249679565,1,1,2.9733190175000024,1,Suspected_False_Positive
user bro its cod bruh still wack imagine playin cod on fingers lmao shit is retarded,0,train,0.05115772411227226,0.9488422274589539,1,3,2.9728417889476377,1,Suspected_False_Positive
bocahnya kocak juga,0,train,0.05116329342126846,0.9488366842269897,1,4,2.97273292941641,1,Suspected_False_Positive
sounds like hot lesbian sex to me.,1,train,0.9488081336021423,0.05119189992547035,0,3,2.9721739640329967,1,Suspected_False_Negative
call me a dog cause dam... i got a bone for you nigga,1,train,0.948802649974823,0.051197364926338196,0,3,2.9720672145435665,1,Suspected_False_Negative
"DO, teman saja di bully apalagi pasien bpjs",1,train,0.9485787153244019,0.05142129212617874,0,2,2.9677029485962767,1,Suspected_False_Negative
pen nampollll,1,train,0.9485138654708862,0.05148620903491974,0,4,2.966441292903161,1,Suspected_False_Negative
Om ruben lbh baik sll berdoa dan simpan sgl ucapan mereka yg sdh mulai mnyerangmu All9h akan mnunjukkn kuasanya kepd org org yg sombong yg mnyekutukn Alloh swt ....lht saja cpt ato lmbt akan nampak mana yg dihancurkn khdpnnya oleh Alloh krn ulahnya lht saja karma itu pasti ada koq,1,train,0.9484434723854065,0.051556460559368134,0,4,2.9650777502929087,1,Suspected_False_Negative
because the jews in israel are the only democracy in the mideast,0,train,0.05156772583723068,0.948432207107544,1,2,2.9648592704522234,1,Suspected_False_Positive
dia sudah berani keluar lagi karna posisi dia sudah di gantiin sama inara,1,train,0.9481854438781738,0.05181451141834259,0,1,2.960085025738235,1,Suspected_False_Negative
1.4 jt pengikut nyaa apa yg di liat dari ni orang????,1,train,0.9481469988822937,0.05185306444764137,0,5,2.9593412438806186,1,Suspected_False_Negative
user were you or your relatives refugees on this boat,1,train,0.9481416344642639,0.051858335733413696,0,2,2.959239590913487,1,Suspected_False_Negative
true youtube never even!,1,train,0.9480509757995605,0.05194905400276184,0,3,2.957491771366669,1,Suspected_False_Negative
"she may be dumb as a stump, but even sarah mocks obama!",0,train,0.05200791731476784,0.9479921460151672,1,3,2.9563593159372585,1,Suspected_False_Positive
user come back slut,1,train,0.9479556083679199,0.05204444006085396,0,1,2.9556573088226252,1,Suspected_False_Negative
how about corrupt pr government officials.,0,train,0.05209977179765701,0.9479002356529236,1,3,2.9545947103157673,1,Suspected_False_Positive
bitches love a number x number triptych,0,train,0.05210433527827263,0.9478956460952759,1,2,2.95450712296923,1,Suspected_False_Positive
"i pray you are right and that this really happens, talk about an injustice to america that obammy was able to appoint thugs to our scotus, i hope the whole thing blows wide open and they all come falling down!!!!!!!!",0,val,0.05214051529765129,0.947859525680542,1,4,2.9538129875633756,1,Suspected_False_Positive
"turks, lebanese and kurds?",1,val,0.9475566148757935,0.05244340002536774,0,3,2.948020785701633,1,Suspected_False_Negative
"Sedih kalau kaya gini,karena ego seglintir orang. ""Merusak"" mimpi pemain dan warga negara nya,sangat di sayangkan",1,train,0.9472475051879883,0.05275246500968933,0,2,2.9421447776762717,1,Suspected_False_Negative
want to catch my attention niggah throw up a dolla sign,1,train,0.9471774697303772,0.052822526544332504,0,1,2.940817540157297,1,Suspected_False_Negative
you know youre ugly when an ape was chosen as a man crush and youve never been,0,train,0.05298718065023422,0.9470127820968628,1,3,2.9377052692102583,1,Suspected_False_Positive
malu ga si bang @Ibnu Wardani si paling tau jepang ?????????? baru mau kejepang udah bikin malu wkwkwkwkw,1,train,0.9469994306564331,0.05300063639879227,0,3,2.9374513579777224,1,Suspected_False_Negative
Gapernah gua semuak ini liat artis yg bukan artis,1,val,0.9469957947731018,0.05300425738096237,0,4,2.9373830407134456,1,Suspected_False_Negative
why do paki women always have pierced belly buttons so they can attach the air freshener,1,train,0.9469757676124573,0.05302423611283302,0,1,2.9370061848052122,1,Suspected_False_Negative
Menurut saya rakyat Korea gengsi nya tinggi .... Merasa lebih tinggi dan lebih hebat ... Jadi kalah itu memalukan Dari hasil tinggal 3 tahun di Korea .,0,train,0.05314166471362114,0.9468583464622498,1,2,2.934794012200592,1,Suspected_False_Positive
user the amount of virgin rednecks complaining about the video is insane have a wank while you are crying,1,train,0.9467598795890808,0.05324004963040352,0,1,2.9329443532542423,1,Suspected_False_Negative
Podcast bisa tapi konferensi pers buat minta maaf gabisa ya pakðŸ™,1,val,0.9467037916183472,0.053296200931072235,0,4,2.9318902274412477,1,Suspected_False_Negative
kalau mengharap ikutan kontes miss earth les inggris biar lidahnya tidak keseleo,1,train,0.9465148448944092,0.05348515138030052,0,2,2.9283512078961698,1,Suspected_False_Negative
"Tunggu kede Rafatar ,Rayanja dan anak angkatnys",1,train,0.9465132355690002,0.053486745804548264,0,2,2.928321397744348,1,Suspected_False_Negative
hyungwon said this is my fansign you all are gonna come to my lane hoes,0,train,0.0536232516169548,0.9463768005371094,1,5,2.9257725061451048,1,Suspected_False_Positive
"""Setidaknya dia ngaku. bukan belagak pintar""",0,train,0.05367303267121315,0.9463270306587219,1,3,2.924844588497993,1,Suspected_False_Positive
well ramadan and it is not a moslem inbreed now there a novelty,1,train,0.9462063908576965,0.05379365384578705,0,3,2.922599777028767,1,Suspected_False_Negative
anyone surprised?   closernation  maga qanon url,1,train,0.9461407661437988,0.05385919287800789,0,1,2.9213821772659654,1,Suspected_False_Negative
i will never take the gym for granted again home workouts are ghetto,1,train,0.9461227059364319,0.05387728661298752,0,5,2.921046288526418,1,Suspected_False_Negative
Ko coba ganti model Rambut donk😎,0,train,0.05403581261634827,0.9459642171859741,1,2,2.9181082556365023,1,Suspected_False_Positive
john singleton got a fascination with niggas getting raped,1,train,0.9458621144294739,0.054137926548719406,0,2,2.9162202934843098,1,Suspected_False_Negative
when you eat food thats too hot and start breathing like a retarded dragon.,0,train,0.05419790744781494,0.9458020925521851,1,3,2.9151129792557375,1,Suspected_False_Positive
i went to school with marc almonds soft cell sister she was a hebe btw,1,train,0.9455695748329163,0.05443042516708374,0,1,2.910831995302826,1,Suspected_False_Negative
pikirkan ekonomi supaya rakyat sejahtera ... politik terus kapan neres nya ... pemilu udah usai mari kita pikirkan raktyat supaya sejahtera.,1,val,0.9454895257949829,0.05451054126024246,0,2,2.909361178396587,1,Suspected_False_Negative
i hope i die cause i am white blacklivesmatter,1,train,0.9453722238540649,0.054627757519483566,0,2,2.907213145934623,1,Suspected_False_Negative
funny how well meaning left leaning liberals have become money obsessed fundamentalists.....strange business brexit.,0,train,0.0547221302986145,0.9452779293060303,1,3,2.905487075529897,1,Suspected_False_Positive
for some reason these immigrants do nt have the same bad attitudes us blacks do .,0,train,0.054749712347984314,0.9452503323554993,1,5,2.9049831642174233,1,Suspected_False_Positive
"we hate the yankees though, right? i feel like im really good at hating them.",1,train,0.9451172351837158,0.054882828146219254,0,2,2.902554763615711,1,Suspected_False_Negative
Harus nya cek daftar pengunjung mom siapa aja langganan nyaðŸ«¢,1,train,0.9449382424354553,0.0550616979598999,0,5,2.8993009413868314,1,Suspected_False_Negative
"they instead decide by convenience , low risk , and unenlightened selfinterest .",1,train,0.9448554515838623,0.055144552141427994,0,1,2.89779732072898,1,Suspected_False_Negative
v challs kroc is scared of comp so dont be a dumb sweater retard,0,train,0.05515384301543236,0.9448461532592773,1,3,2.897628852746955,1,Suspected_False_Positive
ini Projo ngomong apa si,1,train,0.94484543800354,0.05515451356768608,0,3,2.897616694968986,1,Suspected_False_Negative
why is everyone who thinks youre an unfunny pandering jizzbag automatically a troll? ; and he hate colored folk,1,train,0.944731593132019,0.055268384516239166,0,4,2.895554242508609,1,Suspected_False_Negative
black female democrats call for changes in party  url tcot maga rednationrising,1,train,0.944679856300354,0.055320121347904205,0,5,2.8946185786250025,1,Suspected_False_Negative
as always translated versions have omitted verses to make islam look like a good ideology funny that it wasn t distributed in venezuela perhaps it known it will be used as toilet paper since there is a shortage,1,val,0.9446530342102051,0.05534689128398895,0,2,2.894134786102367,1,Suspected_False_Negative
user  look user   another refugee violin story,1,train,0.9445589184761047,0.055441077798604965,0,4,2.8924344834776816,1,Suspected_False_Negative
"given the opportunity, i would be tempted to corner, subdue and assrape brian kilmeade.",1,train,0.9444193840026855,0.055580634623765945,0,4,2.8899204365291893,1,Suspected_False_Negative
and liberals think guns are the problem? url,1,train,0.9443619847297668,0.05563805624842644,0,3,2.88888784696511,1,Suspected_False_Negative
user boy gtfo talkin bout used to be  if you stop acting retarded,1,train,0.9441429376602173,0.05585705116391182,0,4,2.884959509620228,1,Suspected_False_Negative
adopt their musical style and hand gestures and you poison your own soul .,1,train,0.9438825249671936,0.05611749365925789,0,4,2.8803076851290395,1,Suspected_False_Negative
Tidak ada perilaku pada guru yang hebat,1,train,0.9438090920448303,0.056190989911556244,0,4,2.8789988567938445,1,Suspected_False_Negative
Saya ingin menanyakan apa yang Anda rasakan ketika Anda menyimpan uang di dana dan kemudian makan uang itu,1,train,0.9436795115470886,0.0563204400241375,0,1,2.8766977542342933,1,Suspected_False_Negative
Bantuan sebelum Anda ingin mengacaukan orang yang saya cintai pertama -tama Anda pikirkan bagaimana perasaan Anda ketika seseorang mengacaukan hati Anda,1,train,0.9436601996421814,0.05633973702788353,0,3,2.8763551841365054,1,Suspected_False_Negative
user lmao  eses charged me under money fuck them white folk lmao,1,val,0.9436538219451904,0.05634612590074539,0,5,2.876241791512042,1,Suspected_False_Negative
judol judol,1,train,0.9436313509941101,0.056368619203567505,0,4,2.875842672424297,1,Suspected_False_Negative
Mudah banget ya artis2 sekarang menjadi pejabat. D Indonesia Iki seolah2 sdh kekurangan orang pinter berkuwalitas. Sampai2 status artis yang sdh bergelimang harta masih terus berburu menumpuk harta dengan merambah ke dunia politik. Sedangkan kompetensinya blm tentu bagus belum tentu sesuai dengan bidang kepemerintahan. Janji terkenal saja bisa langsung duduk d kursi pemerintahan.,1,train,0.9436278343200684,0.056372202932834625,0,1,2.8757790977722695,1,Suspected_False_Negative
Keinget kasus mariodendi,1,train,0.9436005353927612,0.0563993938267231,0,3,2.875296868289018,1,Suspected_False_Negative
anak kmpng,1,train,0.9435985684394836,0.05640145018696785,0,4,2.8752604082737943,1,Suspected_False_Negative
minimal gincuan kak biar agak seger gtu diliatnya,1,train,0.9435409903526306,0.056458957493305206,0,3,2.874241320845416,1,Suspected_False_Negative
im a mud shark because i have black friends. makes perfect sense. ;;;; idiotic;,0,train,0.05648533254861832,0.9435147047042847,1,4,2.873774275441301,1,Suspected_False_Positive
Demo kemaren benerÂ² ga ada artinya.,0,train,0.05652906000614166,0.9434709548950195,1,1,2.873000436663479,1,Suspected_False_Positive
black coffee still suck ass by the way.,0,train,0.05665181577205658,0.943348228931427,1,1,2.8708312395583033,1,Suspected_False_Positive
user away back to your nazi headbanger music you wee pleb,1,train,0.9430583715438843,0.05694162845611572,0,3,2.865728598030917,1,Suspected_False_Negative
stupid teacher talks to  like hes retarded,0,train,0.05719192698597908,0.9428080320358276,1,4,2.8613425271658506,1,Suspected_False_Positive
lethargic voters get what they deserve! aggressive voters maga url,1,train,0.9424839019775391,0.057516127824783325,0,3,2.855689886597815,1,Suspected_False_Negative
user yeah and it was gay af,1,train,0.9423677325248718,0.057632286101579666,0,4,2.853672345717535,1,Suspected_False_Negative
walkaway liberals......your party is poison. url,0,train,0.057719942182302475,0.942280113697052,1,3,2.85215254676958,1,Suspected_False_Positive
dulu waktu kecil aku bercita cita ingin menjadi seorang pengkhianat,0,train,0.057825010269880295,0.9421749711036682,1,2,2.850333893261878,1,Suspected_False_Positive
time for maga to flip it!,1,train,0.9420587420463562,0.057941269129514694,0,3,2.8483253826779493,1,Suspected_False_Negative
mental case for sure,1,train,0.9419196248054504,0.058080367743968964,0,1,2.845927576805735,1,Suspected_False_Negative
"do it right.  date and marry white. no race mixing, fam.",1,train,0.9419193267822266,0.058080703020095825,0,5,2.8459218041983605,1,Suspected_False_Negative
i am high af on nyquil bitches how is your night,0,train,0.05812334641814232,0.9418766498565674,1,1,2.8451878641994215,1,Suspected_False_Positive
weddings are gay as fuck,0,train,0.05813034251332283,0.9418696761131287,1,1,2.845067505090764,1,Suspected_False_Positive
dia yg ngomong dia yg bantah sama kaya junjungannya,1,train,0.941863477230072,0.058136504143476486,0,2,2.8449615139103615,1,Suspected_False_Negative
user bernardo is just a white honky,1,train,0.9417656660079956,0.058234307914972305,0,1,2.8432806148465177,1,Suspected_False_Negative
niggas love staying in contact with they old bitches,0,train,0.058321114629507065,0.9416788816452026,1,5,2.841791079161439,1,Suspected_False_Positive
Mirip falak,1,train,0.9415523409843445,0.05844767764210701,0,2,2.8396233242382363,1,Suspected_False_Negative
oh i got these vegas dykes mad today,0,train,0.0584719255566597,0.9415280222892761,1,4,2.8392085449499573,1,Suspected_False_Positive
sen. lee is so calm  soothing. not psychotic like the jews.,1,train,0.9412840604782104,0.05871586874127388,0,5,2.835045252374459,1,Suspected_False_Negative
user grandparents are quite a drain on the budget kill all grandparents,1,train,0.941070556640625,0.058929432183504105,0,4,2.8314146156190194,1,Suspected_False_Negative
"yes, philidelphia has been over run with black savages , left and right .",0,train,0.05893881246447563,0.9410611987113953,1,2,2.831255450086024,1,Suspected_False_Positive
user i do not ihate these clowns trying to portray themselves the only muslims,0,train,0.05898939445614815,0.941010594367981,1,4,2.83039760621482,1,Suspected_False_Positive
"america today, the rule of thumb is when in doubt, blame whitey",1,train,0.9409536123275757,0.059046421200037,0,3,2.8294313444406494,1,Suspected_False_Negative
"christians massacred by jihadi muslims while they slept! including pastor, his wife amp; kids",0,train,0.05911807343363762,0.9408819675445557,1,4,2.8282185902608976,1,Suspected_False_Positive
he is bafoonicus !,1,train,0.9408522844314575,0.05914773419499397,0,5,2.8277169953777617,1,Suspected_False_Negative
y  all got all the hoes,0,train,0.05920342728495598,0.9407965540885925,1,3,2.826775845440972,1,Suspected_False_Positive
not to slut shame anyone but you all some hoes for october,0,train,0.05922701209783554,0.9407729506492615,1,3,2.8263775557223108,1,Suspected_False_Positive
if white men r problem how come black mail is criminal an me a dog,0,train,0.05924067273736,0.9407593607902527,1,5,2.826146933513326,1,Suspected_False_Positive
user especially with a nazi i the white house,1,train,0.940670907497406,0.05932901054620743,0,3,2.8246568759750823,1,Suspected_False_Negative
i guess the yonge st retail district will be smashed and looted .,1,train,0.9406048059463501,0.059395235031843185,0,4,2.8235412741503376,1,Suspected_False_Negative
what do you call number immigrants at the bottom of the ocean a good start,1,train,0.9405707120895386,0.05942923203110695,0,1,2.8229690519299186,1,Suspected_False_Negative
it is disgraceful to treat a sick lady like they are doing .,0,train,0.05944494530558586,0.9405550360679626,1,3,2.8227046837564016,1,Suspected_False_Positive
user welcome to femi nazi you are like yes to equal right but no to equal responsibility irony,1,train,0.9404692649841309,0.059530675411224365,0,4,2.8212635461525872,1,Suspected_False_Negative
antifa..anonymous are coming for you..  url,1,train,0.9404231309890747,0.0595768466591835,0,1,2.8204882592610585,1,Suspected_False_Negative
scrape that shit off,0,train,0.05959184095263481,0.9404081106185913,1,3,2.820236611049923,1,Suspected_False_Positive
"yep, apparently so. fucking commie jew bastard prolly",0,train,0.05966465547680855,0.9403353929519653,1,1,2.8190154694701826,1,Suspected_False_Positive
"Gaya doang tulus,tapi selingkuh",1,train,0.9403345584869385,0.05966542661190033,0,3,2.8190025450662386,1,Suspected_False_Negative
hokkk cuh,1,train,0.9402551651000977,0.05974477156996727,0,2,2.8176735971044624,1,Suspected_False_Negative
user user those women they returned gave births to jihadis who returned back for jihad that how it works,1,val,0.940085768699646,0.05991426482796669,0,5,2.814840658173013,1,Suspected_False_Negative
user user btw nice job threatening violence against an elected official you mongoloid,1,train,0.9400028586387634,0.059997204691171646,0,4,2.8134573063257857,1,Suspected_False_Negative
am i the only one who hasn  t tried white claws lmao,1,train,0.9399960041046143,0.060003988444805145,0,3,2.8133442448892545,1,Suspected_False_Negative
user user you are a muslim so you have no say on judaism,1,train,0.9399797916412354,0.06002022325992584,0,2,2.8130737192179898,1,Suspected_False_Negative
hey we just want everyone to know that you are for potus and !  maga!!,0,train,0.060057613998651505,0.9399424195289612,1,4,2.812450944178269,1,Suspected_False_Positive
mirm The sulap,1,val,0.9399117231369019,0.06008821353316307,0,1,2.8119415709307445,1,Suspected_False_Negative
kalau lomba an sama babi babi nya nomor 2,1,train,0.9398863911628723,0.060113612562417984,0,2,2.811518964545169,1,Suspected_False_Negative
al gore won the popular vote in number but only because of illegal immigrants in california,1,train,0.9398483633995056,0.06015162169933319,0,5,2.810886876004968,1,Suspected_False_Negative
Yang make masker sok asik,0,train,0.060240983963012695,0.9397590756416321,1,4,2.8094023615765424,1,Suspected_False_Positive
sub  i.q. i would say for sure .,1,train,0.9397526383399963,0.06024736911058426,0,4,2.8092963737791385,1,Suspected_False_Negative
i have developed a huge crush on females with shaved heads beautiful bald bitches,0,train,0.06029406189918518,0.9397059082984924,1,5,2.808521656065152,1,Suspected_False_Positive
destroying me???? excuse me i beat you all the time why you bullshitting that?? also i love you more,1,train,0.939601719379425,0.060398273169994354,0,2,2.8067947643508226,1,Suspected_False_Negative
ayy carlton is a ghetto school now switchedatbirth,1,val,0.9395403265953064,0.060459673404693604,0,3,2.8057786914864074,1,Suspected_False_Negative
iq noggers are always arrogant af.,0,train,0.060513775795698166,0.9394862651824951,1,2,2.8048842407623984,1,Suspected_False_Positive
sarah is a liberal jew.  they are just as crazy as the liberal gentiles.,0,train,0.0605902262032032,0.9394097924232483,1,5,2.8036216826900198,1,Suspected_False_Positive
user user but is not his wife an immigrant drainthedeepstate,1,train,0.9393057227134705,0.06069423630833626,0,5,2.8019065391592393,1,Suspected_False_Negative
user you think they  re nazis,1,train,0.9392771124839783,0.060722846537828445,0,3,2.8014352672533254,1,Suspected_False_Negative
"Ngaca pak ngaca ampun, kalo mikir begitu dari dulu infrastruktur di pusat terus yg bagus, tapi daerah lain tertinggal, ga mikir kesitu juga kah ? ðŸ˜‚",1,train,0.9391183257102966,0.0608815997838974,0,2,2.798824288114671,1,Suspected_False_Negative
heres my litmus test for the next scotus justice...,1,train,0.9391123652458191,0.0608876533806324,0,4,2.7987248607702035,1,Suspected_False_Negative
APASIH LO TASYIIII??,0,train,0.0612124502658844,0.938787579536438,1,2,2.793404674437031,1,Suspected_False_Positive
awwwwww at least you didnt have drool drooping out of your mouth like i did when i was one years old .,0,val,0.06126457825303078,0.9387353658676147,1,3,2.792553445583353,1,Suspected_False_Positive
sebelum nganggur harus gaya dulu,0,train,0.061282962560653687,0.9387170076370239,1,5,2.7922534100601797,1,Suspected_False_Positive
i love it when a plan comes together  maga nexit url,1,train,0.9386655688285828,0.061334460973739624,0,2,2.7914134247688644,1,Suspected_False_Negative
"why listen to this tax evading race baiter? what, are you a libtard?",0,train,0.06143037602305412,0.9385696649551392,1,4,2.789850842661856,1,Suspected_False_Positive
"Anak gw masih umur 3 tahun di hina gagu karena speech delay,di bilang aneh karena ADHD.. GW SEBAGAI IBUNYA LANGSUNG NGATAIN EMAK2 YG UDH BULLY ANAK GW.SEMOGA SUATU SAAT MEREKA DAPAT KARMA",0,train,0.06143058463931084,0.9385694265365601,1,2,2.7898474466887886,1,Suspected_False_Positive
you don  t even cheat with no bad bitches cardi b,0,train,0.061486538499593735,0.938513457775116,1,4,2.78893701431421,1,Suspected_False_Positive
telesmokacatin  damn that looked better in my head,1,train,0.9383781552314758,0.06162190064787865,0,3,2.786737941630447,1,Suspected_False_Negative
hoes austin; teach us austin.i teach u how to get curved? thats all i know,0,train,0.061680443584918976,0.9383195638656616,1,1,2.785788358038932,1,Suspected_False_Positive
akar kejahatan adalah nafsu,0,train,0.06169869005680084,0.9383013248443604,1,3,2.785492579142188,1,Suspected_False_Positive
he is quite good at faking. must have done it numerous times,1,train,0.9382279515266418,0.06177201867103577,0,3,2.7843047893641635,1,Suspected_False_Negative
i see so many bmwf around my city its not even funny .,1,train,0.9381165504455566,0.06188349053263664,0,1,2.7825018467777047,1,Suspected_False_Negative
user bro wheres my holocaust clout come on bro please bro,1,train,0.9380099773406982,0.061990104615688324,0,2,2.7807805096477245,1,Suspected_False_Negative
user honestly as a comms person kill all comms people,1,train,0.9379297494888306,0.062070272862911224,0,5,2.779488102514825,1,Suspected_False_Negative
user less immigrants more houses to chose from lower prices open your eyes duetcheland,1,train,0.937851071357727,0.06214891001582146,0,5,2.7782219991386383,1,Suspected_False_Negative
three more posters ready  these are definitely antiracemixing !,1,train,0.9378390312194824,0.06216094270348549,0,1,2.7780284072802552,1,Suspected_False_Negative
john oliver is a queer,1,train,0.9378034472465515,0.06219656765460968,0,5,2.7774554631613815,1,Suspected_False_Negative
you are being unkind to the pin!!!,1,train,0.9377022981643677,0.06229771673679352,0,4,2.7758305033500092,1,Suspected_False_Negative
Aku nk walk in ajelah senang,1,train,0.9375724792480469,0.06242753192782402,0,2,2.773748884122211,1,Suspected_False_Negative
donald trump    racism? no.....  homophobia?...no.... xenophobia?  no........   ?  no ....,1,train,0.9375024437904358,0.06249751150608063,0,3,2.7726285389351655,1,Suspected_False_Negative
user youre hurting my feelings thats why dykes  o o h  ii,0,train,0.06253931671380997,0.9374606609344482,1,2,2.7719598525987914,1,Suspected_False_Positive
user i hate you for this,1,train,0.9374094605445862,0.06259061396121979,0,4,2.771139948839447,1,Suspected_False_Negative
"Ada yg bilang alexis ditutup cukup dengan surat... hehe ketawain aja.. dah baca belum pers rilis dr manajemen alexis.. tp ga apa2 para kampret mah gampang dibegoin, dulu jg pernah bilang ditutup eh msh exis tuh alexis...'",1,train,0.9373956322669983,0.06260443478822708,0,2,2.7709191601229364,1,Suspected_False_Negative
what can banks do to show engagement with the queer community? hire trans women,1,train,0.9372484683990479,0.06275152415037155,0,4,2.768572412016274,1,Suspected_False_Negative
what? cloveros? the fuck?,0,train,0.06278086453676224,0.9372191429138184,1,5,2.7681049567685596,1,Suspected_False_Positive
the only thing i know about gun control is how to have great aim.,1,train,0.9371994733810425,0.0628005787730217,0,1,2.7677909894195336,1,Suspected_False_Negative
u still a mutt tho lol,0,train,0.06280583888292313,0.9371942281723022,1,1,2.767707233987245,1,Suspected_False_Positive
Banyak tingkah,1,train,0.9371100664138794,0.06288991123437881,0,2,2.7663695218702586,1,Suspected_False_Negative
remind me again why exactly theres a lingerie store next to a krav maga dojo,0,train,0.0630377009510994,0.936962366104126,1,3,2.7640223037818856,1,Suspected_False_Positive
Yeyy tadi ketemu Neira nya karna ketemuu di bioskopp yeyyyyyyy apa paswetr naira yaitu 🤫🤔 anjai mewing,0,train,0.06305026262998581,0.9369496703147888,1,4,2.7638230511558426,1,Suspected_False_Positive
meritocracy is thus declared evil by the left now.,0,train,0.06310349702835083,0.9368965029716492,1,4,2.76297909055302,1,Suspected_False_Positive
lol have u seen when ike and his kindergarten teacher start having a sexual relationship,0,train,0.0631098598241806,0.9368901252746582,1,2,2.76287826452329,1,Suspected_False_Positive
BLACKLIST KAMPUS UDAYANA,1,train,0.9368140697479248,0.0631859302520752,0,1,2.7616736252071603,1,Suspected_False_Negative
"""erica tuh endgame gw"" PREEEEETTTT",1,train,0.9367573857307434,0.06324261426925659,0,2,2.7607769286392427,1,Suspected_False_Negative
user you want me to give up the list i created to give to you that  even more ghetto,1,train,0.9365479946136475,0.06345195323228836,0,2,2.757472301492741,1,Suspected_False_Negative
this is the latest antiwhite attack by a  groid .,0,train,0.06345316767692566,0.9365468621253967,1,1,2.757453162081681,1,Suspected_False_Positive
user same imagine having to remind someone that they have to pay you back the ghetto,1,train,0.9365181922912598,0.06348176300525665,0,5,2.7570026110999923,1,Suspected_False_Negative
mending kamu tobat sudah,0,train,0.06363338977098465,0.936366617679596,1,2,2.754616949999326,1,Suspected_False_Positive
they will have cunninghams autopsy fudged.,0,train,0.0636860728263855,0.9363139271736145,1,4,2.7537893772569837,1,Suspected_False_Positive
YouTube bro 🫵🖕,1,train,0.9362419247627258,0.06375810503959656,0,2,2.7526589651489117,1,Suspected_False_Negative
Laporkan ke polisi ja kasus perundungan...,0,train,0.06377009302377701,0.936229944229126,1,1,2.7524709599171624,1,Suspected_False_Positive
para penjilat mulai.saling . cakaran.ðŸ¤£ðŸ¤£ðŸ¤£ðŸ¤£,0,train,0.06382753700017929,0.9361724853515625,1,3,2.7515705673272315,1,Suspected_False_Positive
ran a good game with my royal niggah ;;;,1,train,0.9361652731895447,0.06383475661277771,0,1,2.751457462472199,1,Suspected_False_Negative
i just know that gays with airpods are gonna cheat on me,1,train,0.9359800815582275,0.06401989609003067,0,1,2.7485613675277936,1,Suspected_False_Negative
user leave me alone porch monkey lol,1,train,0.9359609484672546,0.06403905153274536,0,3,2.748262201507564,1,Suspected_False_Negative
user it chinaman hat island over my head,1,train,0.9359539747238159,0.06404604762792587,0,1,2.7481529601479786,1,Suspected_False_Negative
sinai jihadi group beheads  accused of being spies of the jews  via,0,train,0.06405705958604813,0.9359430074691772,1,4,2.747981036790476,1,Suspected_False_Positive
they always think they are somehow exempt from the rules,1,train,0.9359358549118042,0.0640641450881958,0,2,2.747870430553625,1,Suspected_False_Negative
how about because he is useless?,0,train,0.06430932134389877,0.9356906414031982,1,3,2.7440506917770873,1,Suspected_False_Positive
"""Kasian yah sdh stress banyak masalah""",1,train,0.9354060292243958,0.06459401547908783,0,4,2.739633512127501,1,Suspected_False_Negative
"if it s brown , flush it down .",1,train,0.9353390336036682,0.06466098874807358,0,5,2.7385972153066573,1,Suspected_False_Negative
the policestate that is canada is alive and well;,1,train,0.9352249503135681,0.06477505713701248,0,5,2.736834670450022,1,Suspected_False_Negative
i guess whites will either have to start fighting back or be slowly exterminated .,0,train,0.06480252742767334,0.9351974725723267,1,2,2.736410672871048,1,Suspected_False_Positive
Gw unfollow ya asuuuuu.,1,train,0.9351656436920166,0.06483432650566101,0,5,2.735920085855695,1,Suspected_False_Negative
the muslim bestiality and pedophilia awards user,1,train,0.9351430535316467,0.06485699117183685,0,1,2.735570568759062,1,Suspected_False_Negative
like if you didnt get fired from espn,1,train,0.9350492358207703,0.06495082378387451,0,1,2.7341248525914654,1,Suspected_False_Negative
and     is inciting violence towards trump supporters on lists to be targeted by antifa.,1,train,0.9349661469459534,0.06503384560346603,0,5,2.732847443012748,1,Suspected_False_Negative
user this people are jihadi,1,train,0.934884250164032,0.06511569768190384,0,3,2.7315896270087396,1,Suspected_False_Negative
user muslim twitter what is the hudud for stealing tweets,1,train,0.9347957968711853,0.06520417332649231,0,5,2.7302318040229236,1,Suspected_False_Negative
just add rags and a sheep.,0,train,0.06527651101350784,0.9347234964370728,1,1,2.7291230162388547,1,Suspected_False_Positive
kendall and harry are gay friends chill,1,train,0.9343758821487427,0.06562407314777374,0,3,2.7238126816325816,1,Suspected_False_Negative
NGK tahu,0,val,0.06564655900001526,0.9343534111976624,1,4,2.723470093925133,1,Suspected_False_Positive
user user how can a refugee cross any border illegally asking for people who need help,1,train,0.9343121647834778,0.06568781286478043,0,1,2.72284186742911,1,Suspected_False_Negative
lutfi putus dengan salsa orang stress,1,train,0.934296190738678,0.06570379436016083,0,3,2.7225986023409248,1,Suspected_False_Negative
except for the little attempted rape thing he is just a wonderful guy,1,train,0.9342195987701416,0.0657803863286972,0,4,2.721433565196557,1,Suspected_False_Negative
"dia cuman baca teks, bukan minta maaf😏",1,train,0.9340945482254028,0.06590541452169418,0,4,2.7195346781524234,1,Suspected_False_Negative
user chinaman satanist lee hsien loong criminals just had audible chatter in number wellington circle cavinder bull visited number marsiling lane singapore some time back showing family photos and giving false information,1,val,0.9340356588363647,0.06596428900957108,0,3,2.718641759002504,1,Suspected_False_Negative
funfact genghis khan killed more people than the holocaust did,1,train,0.9340286254882812,0.06597139686346054,0,3,2.7185340117489947,1,Suspected_False_Negative
user um yea all they dykes to me  including me,0,train,0.06610751152038574,0.9338924884796143,1,4,2.7164728998458543,1,Suspected_False_Positive
lets ask the nfl some serious questions!,1,train,0.9338862299919128,0.06611371785402298,0,1,2.7163790218253405,1,Suspected_False_Negative
air mata buaya,1,val,0.933835506439209,0.0661645382642746,0,3,2.71561063533094,1,Suspected_False_Negative
niggasbitches cheat cause mfs always think they gettin played,1,train,0.9336318969726562,0.06636809557676315,0,3,2.712538826273003,1,Suspected_False_Negative
user user she could not be president of the rag head club,1,train,0.9336013793945312,0.06639868021011353,0,5,2.712078099050998,1,Suspected_False_Negative
@tasyiiathasyia lawakk,1,val,0.9335587620735168,0.06644118577241898,0,5,2.711438147129311,1,Suspected_False_Negative
video nunes says attacks from the left are quite enjoyable,1,train,0.9334491491317749,0.06655082106590271,0,1,2.7097893966378193,1,Suspected_False_Negative
Udahan ya maen bapak-bapakannya,1,train,0.9332815408706665,0.0667184367775917,0,2,2.7072739507985735,1,Suspected_False_Negative
orang nolong kok disindir,0,train,0.0667225643992424,0.9332773685455322,1,4,2.707212086429817,1,Suspected_False_Positive
canadastan jihadi justin caliphate,1,train,0.9332640767097473,0.06673587113618851,0,1,2.707012672478397,1,Suspected_False_Negative
the word jew has changed all throughout history .,0,train,0.06677938997745514,0.933220624923706,1,2,2.706360779317349,1,Suspected_False_Positive
disgusting what this country has become .,0,train,0.0668383464217186,0.9331616163253784,1,1,2.705478314912873,1,Suspected_False_Positive
south africa has returned to the stone age in  years .,1,train,0.9331551790237427,0.06684482842683792,0,2,2.70538133928177,1,Suspected_False_Negative
user user hot when the white sluts obey the black and serve them,1,train,0.9330882430076599,0.06691170483827591,0,1,2.7043813669383154,1,Suspected_False_Negative
it ok he is yid anyway,1,train,0.9330540895462036,0.06694589555263519,0,1,2.7038705148835502,1,Suspected_False_Negative
Gipewei lagi sedih nih aku seokjin Rt fllw rep pict seokjin tag klo mau doain aku juga gpp ga juga gpp,1,val,0.9330368638038635,0.0669630914926529,0,3,2.703613684621569,1,Suspected_False_Negative
only retards and dads roll lawful good.,0,train,0.06697093695402145,0.9330291152000427,1,3,2.7034965305051952,1,Suspected_False_Positive
tinggal nunggu berita banjir etanol di rumah beliau,1,train,0.9329966306686401,0.06700337678194046,0,1,2.70301226113074,1,Suspected_False_Negative
look at chechnya .,0,train,0.06708866357803345,0.9329113364219666,1,4,2.7017401974442667,1,Suspected_False_Positive
he is like a cheap plastic version of a real president.,0,train,0.06709014624357224,0.9329098463058472,1,2,2.7017180975979374,1,Suspected_False_Positive
agreed. traitors deserve to be shot. period.,0,train,0.06720618903636932,0.9327937960624695,1,2,2.6999899369383673,1,Suspected_False_Positive
nino gmna kabarnya kok ga prnah keliatan,0,train,0.06721071153879166,0.9327893257141113,1,1,2.699922646256843,1,Suspected_False_Positive
user because white assholes assume the entire world is theirs,0,train,0.06733207404613495,0.9326679110527039,1,2,2.6981185727090566,1,Suspected_False_Positive
gay furry sex games egg whites for facial wrinkles bully breeding my mom porn gif,1,train,0.9325808882713318,0.0674191415309906,0,4,2.6968263024078296,1,Suspected_False_Negative
i live with muslimes lovers,1,train,0.9323963522911072,0.06760366261005402,0,1,2.6940931167788347,1,Suspected_False_Negative
user similarly non muslim countries should come together oops but are there non muslim countries,1,train,0.932314395904541,0.06768561154603958,0,5,2.6928816542069587,1,Suspected_False_Negative
deluded until he is walked off.,0,train,0.06772386282682419,0.93227618932724,1,4,2.6923166821918283,1,Suspected_False_Positive
idk you into mouthy spics on welfare with  kids and  baby daddys?,1,train,0.9320974946022034,0.06790247559547424,0,3,2.6896827856495054,1,Suspected_False_Negative
cewe caper berhayal disapa sama kaum halo dek,1,train,0.9319608807563782,0.06803905218839645,0,2,2.6876734417631947,1,Suspected_False_Negative
mangap mangap aja sop,1,train,0.9318954944610596,0.0681045800447464,0,2,2.686710813392918,1,Suspected_False_Negative
the criminals need gun control,0,train,0.06814795732498169,0.9318519830703735,1,4,2.6860740945099066,1,Suspected_False_Positive
"semua beladiri TERGANTUNG ORANGNYA..bukan jurusnya,bukan perguruanya,bukan gurunya,bukan padepokanya..??????",0,train,0.06821875274181366,0.9317811727523804,1,4,2.685035785040424,1,Suspected_False_Positive
robert diniro has turned into a doddering old fool,0,train,0.06823556125164032,0.9317644238471985,1,1,2.684789424050877,1,Suspected_False_Positive
pngn muntah keinget podcastnya di deny cagur,1,train,0.931757390499115,0.0682426169514656,0,3,2.684686027303874,1,Suspected_False_Negative
"Woohoo, lumayan juga ternyata wifi di rumah nih~ \npenolong saat kuota habis sebekum waktunya.. kampret nih tri~ \xf0\x9f\x98\xaa URL",0,train,0.06826357543468475,0.9317364692687988,1,3,2.684378957228627,1,Suspected_False_Positive
do u have to be retarded to be a lino,0,train,0.06830402463674545,0.9316959977149963,1,2,2.6837865882740237,1,Suspected_False_Positive
real women take critical consequences and use them to make improvements feminists whine,1,train,0.9314088225364685,0.0685911476612091,0,2,2.6795917954165587,1,Suspected_False_Negative
KFA uanjeng,0,train,0.06864000111818314,0.9313600063323975,1,3,2.6788798075118834,1,Suspected_False_Positive
"""Mending lu pada tobat dah""",0,train,0.0686490535736084,0.9313509464263916,1,1,2.678747933117982,1,Suspected_False_Positive
"dia gak mau putih guys pilihan dia sendri kok ,tanskin di luar negri kan mahal 🥰",0,train,0.06865213811397552,0.9313478469848633,1,3,2.678703002111489,1,Suspected_False_Positive
screw the little porch monkey!,1,train,0.9313084483146667,0.06869159638881683,0,5,2.678128410542827,1,Suspected_False_Negative
when he wakes up from his nap. hell sanctuary citystate traitors still walk free,0,train,0.06870684772729874,0.9312931299209595,1,5,2.677906408923483,1,Suspected_False_Positive
you mean commie mutherfuckers pieces of shit!!,0,train,0.06885243952274323,0.931147575378418,1,5,2.6757896220060915,1,Suspected_False_Positive
bye youre a queer,1,val,0.9310652017593384,0.06893474608659744,0,3,2.6745949307395587,1,Suspected_False_Negative
kiske to kick someone gay old for a gay little ass,0,train,0.06903731822967529,0.9309626817703247,1,5,2.6731080766798936,1,Suspected_False_Positive
its comfortable but niccas like me say comthable...smh,1,train,0.9309355616569519,0.06906447559595108,0,1,2.6727147817649826,1,Suspected_False_Negative
would that make him the equivalent of the antifa march that started the violence there in the first place?,1,val,0.9307721257209778,0.06922784447669983,0,5,2.6703521204594383,1,Suspected_False_Negative
salfok SM tompel,1,val,0.9307492971420288,0.06925065815448761,0,5,2.6700226299239302,1,Suspected_False_Negative
user user when like minded immigrants are settled into one community the results are obvious,1,train,0.9307050108909607,0.06929495185613632,0,1,2.669383220228388,1,Suspected_False_Negative
"betul mas ,dituntut saja ,politikus harus santun dan nyata",1,train,0.9306941628456116,0.06930586695671082,0,1,2.669225716099761,1,Suspected_False_Negative
"Kalo ga sma arhan,kita ga tau kamu siapa kak😅",1,train,0.9306820631027222,0.06931789219379425,0,4,2.669052221495556,1,Suspected_False_Negative
Ibu yurika:😁😁(sepanjang yurika cerita waktu direstorAn),1,train,0.9306718707084656,0.06932816654443741,0,3,2.668904011719447,1,Suspected_False_Negative
keep your pelosi money !!!!!!! rednationrising  maga  walkaway,0,val,0.06938665360212326,0.9306133389472961,1,5,2.668060741172148,1,Suspected_False_Positive
tomorrow i will continue drawing the loli nazi for sure,0,train,0.06942227482795715,0.9305776953697205,1,1,2.6675475000280997,1,Suspected_False_Positive
Mending ngomong inggris ya ternyata wkwk,1,val,0.9305096864700317,0.06949035823345184,0,4,2.6665672664892806,1,Suspected_False_Negative
muslims and jews are allies,0,train,0.06950300186872482,0.9304969906806946,1,2,2.6663853349884006,1,Suspected_False_Positive
that twat couldnt crush a fucking grape ffs,0,train,0.06957446038722992,0.9304255843162537,1,5,2.6653577274431637,1,Suspected_False_Positive
Setelah menonton film Recall Time bekerja magang dengan kontraktor sebagai kuantitas,1,train,0.9303959608078003,0.06960409879684448,0,2,2.664931822616496,1,Suspected_False_Negative
user user ur mom is homosexuans,1,train,0.9303311705589294,0.06966885924339294,0,3,2.664001843787481,1,Suspected_False_Negative
user this is a islamic handle,1,train,0.9301637411117554,0.06983629614114761,0,3,2.661601402345838,1,Suspected_False_Negative
"Judol berhenti setelah budi arie berhenti jdi menteri, logikanya judol itu berhenti karena gak ada lagi Backup dari Budi Arie jangan-jangan😂",0,train,0.0698438361287117,0.9301561713218689,1,1,2.6614934415721923,1,Suspected_False_Positive
westminster  tories     absolutely pathetic appeasement,1,train,0.9299829602241516,0.07001709938049316,0,5,2.659015789899325,1,Suspected_False_Negative
tf is this ghetto ass bullshit called life,0,train,0.07010641694068909,0.9298935532569885,1,4,2.6577409493209903,1,Suspected_False_Positive
user do you remember saying that nazi are very fine people i d say your wishes are absolute bullshit,0,train,0.07021196186542511,0.9297880530357361,1,4,2.656236585522904,1,Suspected_False_Positive
no kim you are a failure and your whole life has been,1,train,0.9297752380371094,0.07022470235824585,0,2,2.6560551444024374,1,Suspected_False_Negative
may they be put away for good .,1,train,0.9297477602958679,0.07025224715471268,0,1,2.6556629833124457,1,Suspected_False_Negative
"Sekolahnya di bubarkan aja,,masa guru gak tau sampai 2hari...gilaaaaa",0,train,0.07041582465171814,0.9295842051506042,1,1,2.6533372590931927,1,Suspected_False_Positive
dia yg nyanyi gw yg malu ??,1,train,0.9294548630714417,0.07054515182971954,0,1,2.651502322680059,1,Suspected_False_Negative
yaaaa yaaa kalau liat muka nya sumpah ngeselin sekali sudah operasi sono biar gantengan sedikit kalau jalan mall tidak kenal orang,1,train,0.9294466972351074,0.0705532506108284,0,4,2.651387526467236,1,Suspected_False_Negative
i be minding my business y  all hoes are weird,0,train,0.07086678594350815,0.9291332364082336,1,2,2.64695341862752,1,Suspected_False_Positive
black womenon london transport ...,1,train,0.9291030168533325,0.07089700549840927,0,3,2.6465270819014566,1,Suspected_False_Negative
she is a repulsive human in every possible level.,1,train,0.9288274049758911,0.0711725503206253,0,1,2.6426480641043977,1,Suspected_False_Negative
ooooo damn! looks like a rainbow! all pretty and shit!,1,train,0.9285675883293152,0.0714324489235878,0,3,2.639003046158403,1,Suspected_False_Negative
no wonder this races achieve nothing .,1,train,0.928550124168396,0.0714498981833458,0,2,2.6387587996129334,1,Suspected_False_Negative
"kenapa bisa jadi menteri ya tu orang, heran gua",1,val,0.9285497665405273,0.07145022600889206,0,1,2.638754211435727,1,Suspected_False_Negative
hahahaha  not my fault that you forgot my birthday  i hate you,1,train,0.9284817576408386,0.07151828706264496,0,2,2.637802098870069,1,Suspected_False_Negative
"the antichrist is an a.i bot. selfprogramming, selfaware, sentient and without life.",0,train,0.0715704932808876,0.9284295439720154,1,1,2.6370723949696817,1,Suspected_False_Positive
women wtf r u doing,1,train,0.9282954931259155,0.07170455902814865,0,3,2.6352009486260406,1,Suspected_False_Negative
yeah if a officer wants to watch his career go down the shitter ........,0,train,0.0717221051454544,0.9282779097557068,1,5,2.6349562783969116,1,Suspected_False_Positive
kini Dhani merasakan apa yang dirasakan Maya dulu. terimakasih ari Lasso knp gak dri dulu.. samawa ya mas ariðŸ¤£ðŸ¤£ðŸ¤£ðŸ¤£,1,train,0.9282079935073853,0.07179202884435654,0,5,2.633981827971839,1,Suspected_False_Negative
u never talk to me shut up,1,train,0.9281733632087708,0.07182665914297104,0,3,2.633499574585863,1,Suspected_False_Negative
paid protesters. votedemsout  kavanaugh,1,train,0.9281404614448547,0.07185947149991989,0,3,2.633042851903271,1,Suspected_False_Negative
diversity chcgo blck pstr flooded w dth threats ovr endorsement of gop candidate ;u sellout uncle tom ass ngger;,1,train,0.928065299987793,0.07193469256162643,0,1,2.631996619338008,1,Suspected_False_Negative
but about to bring all the ghetto ass shit uptoen,0,train,0.0720064640045166,0.9279935359954834,1,1,2.6309993861553624,1,Suspected_False_Positive
"Kalau saran saya jika ibu punya videonya viralkan saja, biar kena hukuman anak yg melakukan pembulyan, bawa ke ranah hukum, untuk semua perguruan tinggi dan perusahaan tolong di tandai wajah pembuly ini jangan di terima kalau mau kuliah atau mau melamar kerja",1,train,0.9279848337173462,0.07201521098613739,0,2,2.6308779185827613,1,Suspected_False_Negative
tidak ada perjanjian tdk ada pernikahan ngotot tes DNA ulang lalu mau ngapain andaikan itu anak RK mau nuntut apa hak yg mana,0,val,0.0720302164554596,0.927969753742218,1,3,2.630669575011667,1,Suspected_False_Positive
theyre abso shite quality tho,1,train,0.9279690384864807,0.07203098386526108,0,1,2.6306589210701508,1,Suspected_False_Negative
let her testify and move on.,1,train,0.9279630780220032,0.072036974132061,0,4,2.6305757621653303,1,Suspected_False_Negative
maaf mukanya jelek attitude nya buruk spesialis plagiat ketauan,0,train,0.0720442682504654,0.9279558062553406,1,3,2.6304745120887763,1,Suspected_False_Positive
go eat some more burgers  butthead!,0,train,0.07204777747392654,0.9279521703720093,1,4,2.630425804008546,1,Suspected_False_Positive
liberals have no shame. to them the outcome justifies the mean,1,train,0.9279043674468994,0.07209561765193939,0,2,2.629762018065005,1,Suspected_False_Negative
good my people are insufferable you can tell from the exchange between me and paki reactionary,1,train,0.927864134311676,0.07213589549064636,0,2,2.629203501567793,1,Suspected_False_Negative
i would love to see every single one of them deported.,0,train,0.0721617341041565,0.9278382658958435,1,5,2.6288453721396263,1,Suspected_False_Positive
and its funny as obama starting talking about gun control shootings started happening. correlationdefinitely so.,1,train,0.927791178226471,0.07220887392759323,0,2,2.628192333051481,1,Suspected_False_Negative
Ko coba ganti model Rambut donkðŸ˜Ž,0,val,0.07223443686962128,0.9277656078338623,1,2,2.6278383818417805,1,Suspected_False_Positive
user user sorry i dont speak ching chong ping pong,1,train,0.9277562499046326,0.07224369794130325,0,5,2.627710181519887,1,Suspected_False_Negative
shy girls are undercover freaks..;,0,val,0.07240001857280731,0.9276000261306763,1,1,2.6255487230600116,1,Suspected_False_Positive
user he never defended nazis you are a vacant talking head,0,train,0.07244614511728287,0.9275538921356201,1,3,2.6249118191219343,1,Suspected_False_Positive
Ah prabowo PERCITRAAN,1,train,0.9274783730506897,0.07252160459756851,0,2,2.6238707670638144,1,Suspected_False_Negative
"everyone they dont like is literally hitler. no, really.",0,train,0.07258215546607971,0.9274178743362427,1,1,2.6230361798415496,1,Suspected_False_Positive
user user why do muzzys hate so much,1,train,0.9274088740348816,0.07259117811918259,0,5,2.622911878044633,1,Suspected_False_Negative
hati gua berisik bgt,0,train,0.07259242236614227,0.9274075627326965,1,2,2.622894737720856,1,Suspected_False_Positive
fuck your white horse and a carriage,0,train,0.07283573597669601,0.9271643161773682,1,1,2.619548565420313,1,Suspected_False_Positive
2025 full cowo” ketahuan selingkuh😭😭,0,train,0.07290256768465042,0.927097499370575,1,2,2.6186314185761397,1,Suspected_False_Positive
user you look like jean luc picard had aids didn  t die and got raped by a camel shutup,1,train,0.9270290732383728,0.07297094911336899,0,3,2.6176938743908966,1,Suspected_False_Negative
kalau cinta adalah fuji pasti di bilang magrib...,1,train,0.9270238280296326,0.07297618687152863,0,1,2.617622098290235,1,Suspected_False_Negative
PSSI wes bosok cak Sol,1,train,0.9270214438438416,0.07297857850790024,0,4,2.61758932599444,1,Suspected_False_Negative
Di antara ayat curang terbesar 1 mid -midfield 2 otw 3 tidak belajar 4 tidak ada kredit 5 untuk menghasilkan uang,0,train,0.07297985255718231,0.9270201325416565,1,5,2.617571868294014,1,Suspected_False_Positive
great picture but absolutely utter bollox,0,train,0.07301676273345947,0.9269832372665405,1,4,2.617066237708126,1,Suspected_False_Positive
what kind of chinaman speak french i mean gotdam,1,train,0.9268559217453003,0.07314406335353851,0,3,2.615324311972261,1,Suspected_False_Negative
the wayans bros is the most retarded show ever.,0,train,0.07321465760469437,0.926785409450531,1,5,2.614359637559035,1,Suspected_False_Positive
"""Lu diem aja cantik mel kalo ga banyak gaya serius""",1,train,0.9266439080238342,0.07335612177848816,0,5,2.6124293180463014,1,Suspected_False_Negative
god speed bandit url,0,train,0.07346311956644058,0.9265368580818176,1,2,2.610971773300602,1,Suspected_False_Positive
user that boy know all the hoes,0,train,0.07346542924642563,0.9265345931053162,1,5,2.6109403338015547,1,Suspected_False_Positive
michael schenker michael schenker number day ago take the ghetto out of nfl,1,train,0.9264556169509888,0.07354439795017242,0,5,2.6098660013865302,1,Suspected_False_Negative
it s just the way they are .,1,train,0.9264090657234192,0.0735909715294838,0,1,2.6092329302081785,1,Suspected_False_Negative
user please kill yourself,1,train,0.9263848066329956,0.07361522316932678,0,2,2.6089034380952683,1,Suspected_False_Negative
Jika saya ratu Anda sehingga,1,train,0.9260072708129883,0.07399272173643112,0,1,2.603788545528222,1,Suspected_False_Negative
that foolish fifth hokage or whoever,0,train,0.07407452911138535,0.9259254932403564,1,2,2.6026835424595496,1,Suspected_False_Positive
i post exactly how i talk in real life  country and ghetto,1,train,0.9258553981781006,0.0741446241736412,0,3,2.6017377123704164,1,Suspected_False_Negative
"dia gak mau putih guys pilihan dia sendri kok ,tanskin di luar negri kan mahal ðŸ¥°",0,val,0.0741729736328125,0.9258270859718323,1,3,2.6013554319136696,1,Suspected_False_Positive
again she is the goat at her sport but of all athletes ever? absolutely not,1,train,0.9257968068122864,0.07420316338539124,0,4,2.6009484964912755,1,Suspected_False_Negative
podcast sana sini eh🤣,1,train,0.9257575869560242,0.07424241304397583,0,5,2.6004196877461,1,Suspected_False_Negative
no asians no women on my profile thank u,1,train,0.9257274270057678,0.0742725357413292,0,5,2.6000140356819434,1,Suspected_False_Negative
Td mikirnya gtu Pngn ngegas jg tp apalah aku ini hanya orng kecil tidak pnya pengaruh Jd ngegasnya sia2 kwkwkwk,1,train,0.9257272481918335,0.07427272945642471,0,1,2.600011427519438,1,Suspected_False_Negative
cantikan berisi kurus sangat kurus auranya,1,train,0.925643265247345,0.07435674220323563,0,2,2.5988809282339282,1,Suspected_False_Negative
user i am black with all white freinds taco man,1,train,0.9256030321121216,0.07439691573381424,0,1,2.59834079319305,1,Suspected_False_Negative
this is a teacher or nut job...you be the judge...but remember she is influencing young minds.,1,train,0.9255606532096863,0.07443936169147491,0,5,2.5977704220504,1,Suspected_False_Negative
gorgeous! and those tits are killer!,1,train,0.9255112409591675,0.0744888186454773,0,5,2.597106250156155,1,Suspected_False_Negative
sejelek image owner ya artis ups artis hallo langsung orang tahu image kamu jelek gentong,1,train,0.9254848957061768,0.07451512664556503,0,2,2.596753131984556,1,Suspected_False_Negative
why is gay porn literally the funniest thing on earth,1,train,0.9254608154296875,0.07453923672437668,0,3,2.596429624795946,1,Suspected_False_Negative
@Honeymoon??: anj??,1,train,0.925399124622345,0.07460086047649384,0,1,2.5956032373014932,1,Suspected_False_Negative
gitulah kalau merasa paling berkuasa,1,train,0.9252089858055115,0.07479099184274673,0,3,2.5930578311637724,1,Suspected_False_Negative
"theres a place for poles , it s called poland .",1,train,0.9250785112380981,0.07492149621248245,0,2,2.5913144308037084,1,Suspected_False_Negative
gw lega banget erica gak sma aki aki njirrrr,1,train,0.9250458478927612,0.07495411485433578,0,3,2.5908791546151924,1,Suspected_False_Negative
user user i hate you so fckin much,1,train,0.9250242114067078,0.07497574388980865,0,2,2.5905906325582237,1,Suspected_False_Negative
makin hari makin menjadi jadi logo Arsenal yang satu ini,1,val,0.9249855875968933,0.07501441240310669,0,5,2.5900750185324712,1,Suspected_False_Negative
"""Yang datang buat hiburan, pulangnya malah dapat PR buat mikir. 😅""",1,train,0.9249847531318665,0.07501520961523056,0,2,2.5900643911361856,1,Suspected_False_Negative
suka cukur jembut manggung,1,train,0.9248998165130615,0.07510018348693848,0,3,2.588932276980166,1,Suspected_False_Negative
maybe they are not so uneducated and knows about their fate .,0,train,0.07512658834457397,0.9248733520507812,1,3,2.5885807436604322,1,Suspected_False_Positive
what the fuck does racism even mean now?,0,train,0.07519958168268204,0.924800455570221,1,5,2.587609610772107,1,Suspected_False_Positive
conservatives arent violent  liberals are.,0,train,0.07538159191608429,0.9246184229850769,1,1,2.5851921728189895,1,Suspected_False_Positive
you forgot africa..,1,val,0.924546480178833,0.07545348256826401,0,3,2.584238937533773,1,Suspected_False_Negative
aki-aki bukan sembarang aki-aki ya ges,0,train,0.07546383887529373,0.9245361685752869,1,5,2.5841016927570046,1,Suspected_False_Positive
if you search around you can probably find  hoax of the th century  for free on the net .,1,train,0.9245247840881348,0.07547519356012344,0,4,2.583951238833087,1,Suspected_False_Negative
y;all whitey gots to pay fo da preparations,1,train,0.9244946241378784,0.07550543546676636,0,1,2.5835506323812223,1,Suspected_False_Negative
i went back a cpl years ago and the black vermin were everywhere .,1,train,0.9243447780609131,0.0756552591919899,0,2,2.5815683211114373,1,Suspected_False_Negative
ff  he is an alien from the future  url,1,train,0.9243015646934509,0.07569841295480728,0,1,2.580998083688392,1,Suspected_False_Negative
user a born again muslim is that like new socialism,1,train,0.9242392778396606,0.07576079666614532,0,4,2.5801743145029863,1,Suspected_False_Negative
user user your mother was gang raped and gave birth to you,1,train,0.9241868853569031,0.07581306248903275,0,4,2.57948467282928,1,Suspected_False_Negative
im imagining their new diversity training. just please give the blacks whatever they want...,0,train,0.07583536952733994,0.9241645932197571,1,2,2.5791904787097435,1,Suspected_False_Positive
@Orang Susah:senyam senyum lu kira Iklan pepsoden,0,train,0.07612350583076477,0.9238764643669128,1,4,2.575398180983591,1,Suspected_False_Positive
ikkk he is a fucking prince al mn al stories btain disney kida ahhooo,1,train,0.9237234592437744,0.076276496052742,0,4,2.5733904346387226,1,Suspected_False_Negative
Perilaku lu di luar pria sehat sehat,1,train,0.9236210584640503,0.0763789489865303,0,4,2.572048157602427,1,Suspected_False_Negative
ur mom gay,1,train,0.9235696792602539,0.07643025368452072,0,3,2.5713766705581738,1,Suspected_False_Negative
ALAYY BGT,1,val,0.9235517978668213,0.07644814997911453,0,1,2.5711425459958197,1,Suspected_False_Negative
he has been on the take...ukranian money...he is dirty,0,train,0.07647911459207535,0.9235208630561829,1,5,2.5707375872924674,1,Suspected_False_Positive
user i really fucking hate you right now,1,train,0.9234803318977356,0.076519675552845,0,2,2.57020737444985,1,Suspected_False_Negative
niggas cry and complain so much i am starting to think you all the real females in the relationship,1,train,0.9234108924865723,0.07658913731575012,0,4,2.569300022790997,1,Suspected_False_Negative
"Kegagalan total Timnas Korea di Piala Dunia 2026 bukanlah sebuah kebetulan, melainkan akibat langsung dari keserakahan finansial, kebebalan taktik pelatih, dan rusaknya integritas KFA. Menunjuk pelatih yang track record-nya sudah cacat sejak 2014, memberinya gaji selangit, lalu membiarkannya merusak potensi generasi emas sepak bola Korea demi lingkaran politik internal adalah bentuk pengkhianatan nyata terhadap pemain, anggaran negara, dan ekspektasi jutaan fans yang sudah berkorban materi demi mendukung timnas.",1,train,0.9233653545379639,0.07663466036319733,0,2,2.5687058194168966,1,Suspected_False_Negative
i used to let so much shit stress me out how ghetto,0,train,0.07677473872900009,0.9232253432273865,1,3,2.5668796157349574,1,Suspected_False_Positive
permukaan kasar di bagian kasar,1,train,0.9231321215629578,0.07686787098646164,0,5,2.565667292291082,1,Suspected_False_Negative
california golden west college cops crack down on questions about islam,1,train,0.9229027032852173,0.07709728181362152,0,3,2.5626872543699855,1,Suspected_False_Negative
both sides have promised wall since ever y should anyone believe anything they say????? ?promised since,1,train,0.9228503108024597,0.07714968919754028,0,3,2.562007728728842,1,Suspected_False_Negative
Kerusakan Nya ..... Gaada,0,train,0.07722250372171402,0.9227774143218994,1,1,2.5610643654430483,1,Suspected_False_Positive
rahm emanuels failure is an ill omen for all democrats  url tcot maga rednationrising,1,train,0.9227685928344727,0.07723141461610794,0,1,2.5609489796438445,1,Suspected_False_Negative
terciduk all blacks lain macam england ni,0,train,0.07729876041412354,0.9227012395858765,1,2,2.5600773595571384,1,Suspected_False_Positive
Berapa jauh lebih banyak dari banyak uang tanpa peta segalanya,1,train,0.9225852489471436,0.07741477340459824,0,3,2.5585776457395384,1,Suspected_False_Negative
Huek cuiih cuih cuihh,1,val,0.9224374890327454,0.07756251096725464,0,2,2.5566710746183894,1,Suspected_False_Negative
senator  is an anchor baby! go back from where you came. natural born canadian,1,train,0.9221330285072327,0.07786699384450912,0,3,2.5527531149347653,1,Suspected_False_Negative
you are the racist. serenas outburst and pure hate was the worst ive seen in tennis,0,train,0.07798543572425842,0.9220145344734192,1,1,2.5512331912110384,1,Suspected_False_Positive
amazing how the pope is afraid of the truth,1,train,0.9219387173652649,0.07806123793125153,0,1,2.550261658640946,1,Suspected_False_Negative
kesabaran ariel tatum diuji banget😂😂😂,1,val,0.9217133522033691,0.07828662544488907,0,3,2.547378502262598,1,Suspected_False_Negative
user even their fellow asians hate them,1,train,0.9216532111167908,0.07834676653146744,0,3,2.546610580572657,1,Suspected_False_Negative
he is complicit and took the money. he is going too !!!,0,train,0.07837638258934021,0.9216235876083374,1,3,2.5462326394913113,1,Suspected_False_Positive
i hate comin to mfkn newark these asians can  t fuccin drive for shit,0,val,0.07838110625743866,0.9216188788414001,1,2,2.546172372283223,1,Suspected_False_Positive
tommys book busts the myth that islam is a religion of peace,1,train,0.9215877652168274,0.07841218262910843,0,4,2.5457759730202523,1,Suspected_False_Negative
the way this niggah just flinched at this movie was priceless,1,train,0.9215694665908813,0.07843060791492462,0,1,2.545541020736669,1,Suspected_False_Negative
Cooooookkkkkkkk jiji kelelawar sesuatu nah terbuka malem2 godaan2,1,train,0.9215018153190613,0.07849815487861633,0,1,2.544680159201017,1,Suspected_False_Negative
get back on your peanut farm old man,1,train,0.9214245080947876,0.07857555150985718,0,1,2.543694677425815,1,Suspected_False_Negative
yg dibahas ini lagiii ini lg ga bosen cok,1,val,0.9213785529136658,0.07862148433923721,0,5,2.543110279247577,1,Suspected_False_Negative
the diamond way and national socialism,1,train,0.9211909770965576,0.07880903780460358,0,2,2.540727595743215,1,Suspected_False_Negative
i dont think hes guilty....this is what you leftwingers do...make up sexual assault claims about conservatives.,0,train,0.07892723381519318,0.9210728406906128,1,4,2.5392289419269707,1,Suspected_False_Positive
i will watch teresa may speech if she gets shot,1,train,0.9210551381111145,0.0789448693394661,0,1,2.5390055265927365,1,Suspected_False_Negative
the politicization of the fbi....,1,train,0.9205904603004456,0.07940951734781265,0,5,2.5331370520709138,1,Suspected_False_Negative
berarti cowo tulus tu gaada yaðŸ¥º,0,train,0.07942222058773041,0.9205778241157532,1,3,2.532977093612863,1,Suspected_False_Positive
"makanya kalo jerawatan jgn di pencet, malah bopeng anjir",0,train,0.07949186116456985,0.9205081462860107,1,4,2.532100637850988,1,Suspected_False_Positive
wkwkq riyaaaa ih si ibu????,1,train,0.9204797148704529,0.07952021062374115,0,4,2.5317440679484284,1,Suspected_False_Negative
thats some world class california edjumakation right there,1,val,0.9204700589179993,0.0795300081372261,0,1,2.531620867696663,1,Suspected_False_Negative
user user what a vile islamist you have become shame,0,train,0.07953154295682907,0.9204684495925903,1,4,2.5316015692603977,1,Suspected_False_Positive
Kalian minggir dulu !,0,train,0.0796324834227562,0.9203675389289856,1,3,2.5303331861746483,1,Suspected_False_Positive
"""Cocok kok, emang orang baik mah buat org baik, kalo yg bejat mah emang cocok buat yang bejat juga ehehe""",1,train,0.9202855229377747,0.07971443980932236,0,1,2.5293045325661505,1,Suspected_False_Negative
Percuma ke bioskop tapi ada yang mewing anjir🗿,1,train,0.9201668500900269,0.07983321696519852,0,3,2.5278156084387713,1,Suspected_False_Negative
it was a disagreement between a fucking umpire and a player! it was not abusive!,1,train,0.9201057553291321,0.07989421486854553,0,4,2.527051833480243,1,Suspected_False_Negative
14 modal nomad 15 ribuan dan sekotak popcorn modus mesum dilancarkan pertama tama kamu merasa aneh lama lama kamu izinkan maksiat,1,train,0.9199126362800598,0.08008735626935959,0,1,2.524637286688692,1,Suspected_False_Negative
magrib bgt,1,train,0.919879138469696,0.08012084662914276,0,1,2.524219201226586,1,Suspected_False_Negative
u refer bto the jews of course for they are asians,0,train,0.08012933284044266,0.9198706746101379,1,5,2.5241132891915927,1,Suspected_False_Positive
aura judol mya kuat banget,1,val,0.9198505878448486,0.08014941960573196,0,4,2.5238626413036114,1,Suspected_False_Negative
"""Hapus ajh ni poto ngk tau malu bgt lu bang""",0,train,0.08016519993543625,0.9198347926139832,1,3,2.5236657742954693,1,Suspected_False_Positive
swedish man haters club meeting,1,train,0.9198265075683594,0.08017352223396301,0,4,2.5235619653287813,1,Suspected_False_Negative
i hate you,1,train,0.9197097420692444,0.08029033243656158,0,3,2.52210605834622,1,Suspected_False_Negative
all those evil irish ignorant racists,0,train,0.08031909912824631,0.9196808934211731,1,2,2.521747839134408,1,Suspected_False_Positive
animal is the operative word !,1,train,0.919609785079956,0.08039018511772156,0,5,2.5208631858992843,1,Suspected_False_Negative
user the immigrants that wanted to create a land for immigrants,1,train,0.9194939732551575,0.08050604164600372,0,5,2.5194230458706905,1,Suspected_False_Negative
"sejelek-jelek nya dia, dia tetap ibu yg bertaruh nyawa untuk melahirkan anak anak nya.",0,train,0.08050764352083206,0.9194923639297485,1,3,2.519403148495797,1,Suspected_False_Positive
"""bego banget gue baru sadar file-nya corrupt""",0,train,0.08051260560750961,0.9194874167442322,1,3,2.5193415154191374,1,Suspected_False_Positive
i do not have a pinterest so you know i am not gay,1,train,0.9194360375404358,0.08056396245956421,0,2,2.518703845341967,1,Suspected_False_Negative
maghrib bangetðŸ˜‚,1,val,0.9193809032440186,0.08061905950307846,0,1,2.5180201871627204,1,Suspected_False_Negative
user hate you too,1,train,0.9192851185798645,0.0807148739695549,0,1,2.5168324087991882,1,Suspected_False_Negative
reading tweets from muslim twitter has made me islamophobic,1,train,0.9192543029785156,0.08074568957090378,0,2,2.516450698231018,1,Suspected_False_Negative
piece of     deserves to be shot .,1,train,0.9190787076950073,0.08092127740383148,0,2,2.5142784807983976,1,Suspected_False_Negative
if i see a single person being islamophobic you are just as bad as the people causing this mess,0,train,0.08097648620605469,0.9190235733985901,1,4,2.513596460205497,1,Suspected_False_Positive
as we should declare antifa a terrorists group and investigate all of its members.,0,train,0.08099152892827988,0.9190084338188171,1,3,2.5134107109110335,1,Suspected_False_Positive
"biasanya klo berita2 bgini banyak yg komen “tebak agama”, kok kosong ya skrg ?",1,train,0.9189795255661011,0.08102045953273773,0,4,2.5130535693804568,1,Suspected_False_Negative
"""when i start i never stop"" pretttttttt🗿🗿",1,train,0.9189695715904236,0.08103043586015701,0,2,2.5129304435265984,1,Suspected_False_Negative
masnya butuh pengakuan kalo dia kaya ??,1,train,0.9187059998512268,0.08129400759935379,0,1,2.509682972409907,1,Suspected_False_Negative
Capek bgt Ya Allah.. mau ga peduli tp gabisa..,0,train,0.08131588995456696,0.9186840653419495,1,5,2.509413833130264,1,Suspected_False_Positive
why was number afraid of number because number raped number when it was number,1,train,0.9186590313911438,0.08134095370769501,0,1,2.5091056536185743,1,Suspected_False_Negative
not now hell no he offered that last year no go now.,1,train,0.9186510443687439,0.08134891092777252,0,2,2.5090078328956706,1,Suspected_False_Negative
"""Jangan cuman bisa ngehina Dong Sadar Kalian Itu Ga sempurna sama kaya kami""",0,train,0.0813489779829979,0.9186510443687439,1,3,2.5090070086043927,1,Suspected_False_Positive
i have no doubt los angeles is a cess pool .,1,train,0.9184970855712891,0.08150295913219452,0,4,2.5071159510239682,1,Suspected_False_Negative
Bagaimana saya bisa tidur jika Anda masih berpikir orang yang kita cintai tidak apa -apa untuk tidur saat dia membutuhkan saya untuk tidak melakukannya,1,train,0.918389081954956,0.08161097019910812,0,2,2.5057915873335896,1,Suspected_False_Negative
george soros wants to remove slovakias antiimmigration government.,1,train,0.9183666706085205,0.08163334429264069,0,3,2.5055174694417373,1,Suspected_False_Negative
Kmu g salah sayang kamu benar kalo ga virl cowok caper itu akan terus begitu,1,train,0.9181791543960571,0.08182080835103989,0,4,2.503223686903192,1,Suspected_False_Negative
gitmo could resolve holders issues along with all of obamas clowns,1,train,0.918095052242279,0.08190497010946274,0,1,2.502195604867154,1,Suspected_False_Negative
beto or whomever move and support immigrantsilegals into your home,1,train,0.9180591702461243,0.08194079250097275,0,3,2.5017583351873034,1,Suspected_False_Negative
he is right though... you do have a whiff,1,train,0.9180452227592468,0.08195481449365616,0,5,2.501587226358034,1,Suspected_False_Negative
Tasyi ternyata redflag juga ya,1,train,0.9180245399475098,0.08197548985481262,0,3,2.501334980608253,1,Suspected_False_Negative
just like a white boy would say boy u full of crap,0,train,0.0820092111825943,0.9179908037185669,1,3,2.5009237065315415,1,Suspected_False_Positive
kamijou kept running and kicked a slightly dirty polyethylene bucket scaring a black cat away,0,train,0.08201339095830917,0.9179866313934326,1,1,2.500872740680967,1,Suspected_False_Positive
Kelanjutannya ceweknya minta maaf langsung ke rumah fauzan https://youtu.be/RZ40anHeu1E?si=4TjPXohD5hmJ6leK,0,train,0.08204212039709091,0.9179578423500061,1,4,2.500522500218601,1,Suspected_False_Positive
user ur gay bruh rlly user unfollow,1,train,0.9179137349128723,0.08208629488945007,0,4,2.4999842083774384,1,Suspected_False_Negative
user the redneck belt and the casual racism,1,train,0.9175581932067871,0.0824417844414711,0,4,2.4956628778584844,1,Suspected_False_Negative
i thought it was because you werent very funny and lacked in talent as a comedian.,1,train,0.9175444841384888,0.08245551586151123,0,5,2.4954963327416553,1,Suspected_False_Negative
this single shit ghetto,0,train,0.08252575993537903,0.9174742102622986,1,2,2.49464479273782,1,Suspected_False_Positive
user user dont fuck nazi beat them within an ince of their life,1,train,0.9174686670303345,0.08253132551908493,0,3,2.494577354448907,1,Suspected_False_Negative
but you are much prettier .,0,train,0.08253607153892517,0.9174639582633972,1,4,2.4945198504241737,1,Suspected_False_Positive
Harus nya diganti PLONGO,0,train,0.08269983530044556,0.9173001646995544,1,5,2.4925376684847578,1,Suspected_False_Positive
mau klarifikasi pun harus dandan dlu. tau bgt kayaknya dia biar g di jadiin bahan candaan wkwkk🤣,1,train,0.9172260165214539,0.08277399092912674,0,5,2.491641386150142,1,Suspected_False_Negative
same here.in fact i trust putin more than all of the liberals  congress all together.,1,train,0.9171579480171204,0.08284205943346024,0,5,2.490819382388825,1,Suspected_False_Negative
kaka2NYA cakep kok adeNYA kayak... sudahlah no komen,1,train,0.9170064330101013,0.08299361169338226,0,2,2.488991641697304,1,Suspected_False_Negative
Sedikit dari kakgendutin jelas merupakan cantekkk,1,train,0.9167191386222839,0.08328086882829666,0,2,2.4855364221134084,1,Suspected_False_Negative
user user imo republicans think they are entitled to rape pigs filthy rotten pigs,0,train,0.08333391696214676,0.9166661500930786,1,2,2.484899646266764,1,Suspected_False_Positive
f hope! since hes not smarter than a th grader maybe she is!,1,train,0.9166189432144165,0.0833810567855835,0,1,2.4843341322804275,1,Suspected_False_Negative
Pragos,1,train,0.9165729880332947,0.08342702686786652,0,4,2.4837829589506946,1,Suspected_False_Negative
and he is shuting up.  dont mess with yumi. dont ever mess with ms. yuzuki.,1,train,0.9163863658905029,0.08361364901065826,0,1,2.481548506540141,1,Suspected_False_Negative
Jika Anda membuat banyak manyun mas mas nyun,1,train,0.9163843393325806,0.08361569792032242,0,5,2.481524002352307,1,Suspected_False_Negative
user shameless never did anything fr kashmiri pandits and talking of humanity you jihadi funded third grade ngo,1,train,0.9162723422050476,0.0837276354432106,0,1,2.4801861834224055,1,Suspected_False_Negative
"london changed its name, its now called jahidistan",1,train,0.9162018895149231,0.0837981253862381,0,4,2.479344641836938,1,Suspected_False_Negative
i hate ryan murphy as much as ryan murphy hates dykes,0,train,0.08384962379932404,0.9161503314971924,1,4,2.47873027731423,1,Suspected_False_Positive
user why do u live in the ghetto ratatata,1,train,0.9161280393600464,0.08387196063995361,0,3,2.4784639211283364,1,Suspected_False_Negative
i was under the impression that london was turning into a shithole....?,0,train,0.08396895229816437,0.916031002998352,1,3,2.4773081639615113,1,Suspected_False_Positive
the truth for the gun controlantia url,1,train,0.9159330725669861,0.08406685292720795,0,4,2.4761429284929215,1,Suspected_False_Negative
the parade needed at least one severed head in honor of muslim culture,1,train,0.9158586859703064,0.08414129912853241,0,4,2.4752577608565676,1,Suspected_False_Negative
didnt get an email confirmation  are they perhaps mucking with us,0,train,0.08416398614645004,0.915835976600647,1,3,2.474988167206933,1,Suspected_False_Positive
how come identitarians or racialists are never doing prolife activism?,1,train,0.9157376289367676,0.08426237851381302,0,3,2.473819794562254,1,Suspected_False_Negative
user user donate it to jews,1,train,0.9157211184501648,0.08427885919809341,0,1,2.473624225993319,1,Suspected_False_Negative
"Makin hari makin kasian liatnya, ga berkembang-berkembang",1,train,0.9156409502029419,0.08435902744531631,0,5,2.47267345206158,1,Suspected_False_Negative
rt if you hate yourself p.s. i hate you too,1,train,0.9156271815299988,0.08437284082174301,0,1,2.472509720377703,1,Suspected_False_Negative
Wkkwkwkw savage balesan2 komen2 kamu kakðŸ˜‚ðŸ˜‚ðŸ˜‚,0,train,0.08443453907966614,0.9155654907226562,1,3,2.471778730290581,1,Suspected_False_Positive
user i dont like illegal immigrants and im dominican maga and ramfis trujillo number,1,train,0.9154899716377258,0.08450999855995178,0,5,2.4708854254657204,1,Suspected_False_Negative
i  m happy i came up around whites imagine being raised in the ghetto,1,train,0.9153130650520325,0.08468692749738693,0,2,2.468794028109424,1,Suspected_False_Negative
baru kali ini liat behel yang modelnya jelek bgt,1,train,0.9152992963790894,0.08470074832439423,0,2,2.4686308423644054,1,Suspected_False_Negative
the blackguard pretends to be a barbarian at heaven,0,train,0.08484117686748505,0.9151588678359985,1,2,2.466974277770773,1,Suspected_False_Positive
declassifydocuments i love watching liberals like maria squirm. outnumbered,1,train,0.9151320457458496,0.08486796915531158,0,5,2.4666585341744263,1,Suspected_False_Negative
he is so lame outside the cage. killer in the cage,1,train,0.9149792790412903,0.0850207507610321,0,4,2.4648599256854924,1,Suspected_False_Negative
"PD bisa, tapi jangan berlebihan",1,val,0.914776623249054,0.08522339165210724,0,3,2.462479332921434,1,Suspected_False_Negative
this is mainly  fault. he is to blame,1,train,0.9147540330886841,0.0852460265159607,0,2,2.462213773688233,1,Suspected_False_Negative
well duh. thats who he is. he defends other abusers so theyll defend him.,0,train,0.08536088466644287,0.9146391153335571,1,3,2.4608673080962,1,Suspected_False_Positive
"catering to black racists and illiterate , dependent moochers is schumers real deal ! term limits",0,val,0.08537420630455017,0.9146257638931274,1,1,2.4607112577136037,1,Suspected_False_Positive
pompeo is a beast!!,1,train,0.9144622087478638,0.08553780615329742,0,5,2.458796823539417,1,Suspected_False_Negative
youre black? your name looks hungarian. you marry a hunky?,0,train,0.0855923518538475,0.9144076108932495,1,2,2.458159347327948,1,Suspected_False_Positive
user they are not refugees they are not fleeing they are coming because you are a ferry,1,train,0.9142916798591614,0.08570828288793564,0,2,2.4568058082478115,1,Suspected_False_Negative
was al gore nominated for supreme court judge? you conservatives have some nerve.,1,train,0.9141736030578613,0.0858263447880745,0,1,2.4554292708060026,1,Suspected_False_Negative
support the ram . free the ram !,1,train,0.9140650629997253,0.08593498170375824,0,4,2.4541642953614247,1,Suspected_False_Negative
hewbris heeb jewbris jew needs to be a thing,0,train,0.08617284148931503,0.9138271808624268,1,5,2.451400214884617,1,Suspected_False_Positive
what i cant like he is legit watching my ever move in rehab!!!,1,train,0.9138123989105225,0.08618757873773575,0,5,2.4512292098657475,1,Suspected_False_Negative
you guys conservatives are too nice. they would destroy you.,0,train,0.08621601015329361,0.9137839674949646,1,2,2.4508993859218435,1,Suspected_False_Positive
yes you can be a bigoted racist homophobic pile of redundant protoplasm and others will gladly show your terrible ass the door,0,val,0.08632195740938187,0.9136780500411987,1,5,2.4496712820917006,1,Suspected_False_Positive
fredy ni orang indo apa bukan si,1,train,0.9136199355125427,0.08638009428977966,0,1,2.448998019880605,1,Suspected_False_Negative
user never trust arabs,1,train,0.9136108160018921,0.08638923615217209,0,5,2.448892192505138,1,Suspected_False_Negative
user why are we asking this lesbian about politics,1,train,0.9135280251502991,0.0864720344543457,0,2,2.4479342184232027,1,Suspected_False_Negative
user you me being retarded elderly pepo,0,train,0.0865359976887703,0.9134640693664551,1,3,2.447194793362452,1,Suspected_False_Positive
pasang behel mba jd ga jigongan...,1,train,0.9133959412574768,0.08660411089658737,0,4,2.446407994602911,1,Suspected_False_Negative
disgusting italian university calls for the assassination of interior minister matteo salvini,1,train,0.9133633971214294,0.08663659542798996,0,1,2.4460329726756456,1,Suspected_False_Negative
obama to cubans you can not stay sorry cubans but what about the illegal immigrants from mexico obama they get to stay they vote democrat result obama just guaranteed trump will win florida in number gab gabfam speakfreely maga cuba,1,val,0.9131401181221008,0.08685986697673798,0,4,2.443459183344076,1,Suspected_False_Negative
they have properly learnt their zionist lesson ...,0,train,0.08699197322130203,0.9130080342292786,1,3,2.4419394264080516,1,Suspected_False_Positive
r they actually retarded,0,train,0.08699774742126465,0.9130022525787354,1,3,2.441873052372351,1,Suspected_False_Positive
user netflix will you be releasing a homosexual movie about profit mohammad just in time for eid just wondering,1,train,0.9124754071235657,0.08752463012933731,0,3,2.435835038036229,1,Suspected_False_Negative
kasihan muda sudah stresss,1,train,0.912451446056366,0.08754853159189224,0,3,2.43556199261375,1,Suspected_False_Negative
birahi dibalik profesi,1,val,0.9124163389205933,0.08758365362882614,0,4,2.4351609008628476,1,Suspected_False_Negative
qanon  maga   for those who think nothing is happening! url,1,train,0.9123613834381104,0.08763860911130905,0,5,2.4345336348587976,1,Suspected_False_Negative
ngab itu muka jerawat bukan? kalo jerawat gua kasih tips buat ngilanginnya??,0,train,0.0876769870519638,0.9123230576515198,1,1,2.4340958193750906,1,Suspected_False_Positive
sampai ajal menjemput tidak dapat ketenangan....,1,train,0.9123061895370483,0.08769378066062927,0,5,2.433904298189025,1,Suspected_False_Negative
i bet there are hella rednecks who just got super pissed at that coke commercial,1,train,0.912138819694519,0.08786119520664215,0,1,2.4319970369913815,1,Suspected_False_Negative
y  all are so so sick i hate you niggas,1,train,0.9120781421661377,0.0879218801856041,0,3,2.4313065839288512,1,Suspected_False_Negative
"Udah ada yang nolong belum, Butuh bantuan?",1,train,0.9120448231697083,0.08795513957738876,0,1,2.430928372014345,1,Suspected_False_Negative
paling ga bisa soal Buzz Lightyear??????,1,train,0.9119975566864014,0.08800249546766281,0,2,2.430390107318922,1,Suspected_False_Negative
PRESIDEN SOEHARTO ADALAH PAHLAWAN NASIONAL DAN PRESIDEN SOEHARTO ADALAH BAPAK PEMBANGUNAN.,0,train,0.08803825080394745,0.9119617342948914,1,3,2.429983890718123,1,Suspected_False_Positive
bernie up to his . you are not telling the whole truth. walkawayfromdemocratsnow,1,train,0.9117686748504639,0.08823138475418091,0,2,2.42779254304888,1,Suspected_False_Negative
"""Suka heran sama yg ngehina fisik,, ternyata bener ya kita semua pendosa dengan cara kita sendiri,,""",0,val,0.08827729523181915,0.9117226600646973,1,3,2.4272723365788385,1,Suspected_False_Positive
"""Kok mirip siwon ya lama2, apa perasaan gw aja.""",0,train,0.08837834000587463,0.9116216897964478,1,3,2.42612836191945,1,Suspected_False_Positive
user that wall was built for different reasons terrorism not illegal immigrants,1,val,0.911448061466217,0.08855190873146057,0,3,2.424166359576681,1,Suspected_False_Negative
user user it is no surprise as trudeau openly supports isis refugees and hamas,1,train,0.9113110303878784,0.08868897706270218,0,2,2.4226196695118847,1,Suspected_False_Negative
berarti cowo tulus tu gaada ya🥺,0,train,0.08879460394382477,0.9112054109573364,1,3,2.4214293972287346,1,Suspected_False_Positive
banyak gaya luh rumah sepetak aja ????,1,train,0.9111833572387695,0.08881664276123047,0,5,2.4211812280623373,1,Suspected_False_Negative
ini gara2 indra. coky bisa make lagi coookkkk WKAKWKWKWAKWKAKWK:face-purple-crying::face-purple-crying::face-blue-smiling::face-blue-smiling::face-blue-smiling:,1,train,0.9110856652259827,0.08891434967517853,0,5,2.420081735819013,1,Suspected_False_Negative
itu Sopirnya Kunci dari dalam Pintu nya jadi tukang buka Nya harus make linggis makanya mahal,0,val,0.08894463628530502,0.9110553860664368,1,3,2.41974116702227,1,Suspected_False_Positive
liberals have to sexualize everything.,0,train,0.08903771638870239,0.9109622836112976,1,4,2.4186952193708904,1,Suspected_False_Positive
"""Gw melihat cewek murahan di postingan ini""",1,train,0.9109563231468201,0.08904361724853516,0,5,2.4186289478564715,1,Suspected_False_Negative
mandi g sih?,1,val,0.9108176827430725,0.08918236196041107,0,2,2.417071994818319,1,Suspected_False_Negative
people are still retarded i see,0,train,0.08927001059055328,0.9107299447059631,1,2,2.416089675155797,1,Suspected_False_Positive
people who ship kylorey just wanna justify their own relationship with their nazi boyfriend,1,train,0.9107243418693542,0.08927567303180695,0,2,2.4160262466691407,1,Suspected_False_Negative
user i really fucking hate you,1,train,0.9106528162956238,0.08934719860553741,0,4,2.4152253909120063,1,Suspected_False_Negative
i bet he is sayin wat his daddy says most... dont start me baby,1,train,0.9105660319328308,0.08943390101194382,0,1,2.4142554627329194,1,Suspected_False_Negative
Innalilahi wa innailaihi rojiun RIP HUKUM di INDONESIA 👎🏻⚰️🥀📴,0,train,0.08944237232208252,0.9105576276779175,1,5,2.414160745753555,1,Suspected_False_Positive
is sweating. he knows he is screwed..tick rock. orange is the new orange.,0,train,0.08951552957296371,0.9104844927787781,1,2,2.4133431539715584,1,Suspected_False_Positive
"surprise! neocon pog traitor ralph peters, who endlessly shilled for the useless bush wars, doesnt think civilians should have semiautomatic rifles because theyre weapons of war that should only be in the hands of military men like him.",0,val,0.08953315019607544,0.9104668498039246,1,2,2.413146329027735,1,Suspected_False_Positive
treasonousgoverment california tries new tack on gun violence bullet control url,1,train,0.9104123115539551,0.0895877406001091,0,3,2.41253679202196,1,Suspected_False_Negative
i always hated the aclu. totally un american group,1,train,0.9104114770889282,0.08958844840526581,0,2,2.4125288913610445,1,Suspected_False_Negative
"youtube  brussels on   for a free europe , against islamization",1,train,0.9103456139564514,0.0896543636918068,0,3,2.411793405360338,1,Suspected_False_Negative
a code word for the white genocide also,1,train,0.9102763533592224,0.08972369879484177,0,1,2.411020344200831,1,Suspected_False_Negative
really  maga  vote trump,1,train,0.91004478931427,0.08995518088340759,0,2,2.4084437228745257,1,Suspected_False_Negative
user user yes terrorism and hate is islam,1,train,0.9100180268287659,0.08998200297355652,0,1,2.4081455956084135,1,Suspected_False_Negative
yall is coons n uncle toms,1,train,0.909958004951477,0.09004203975200653,0,3,2.407478609357391,1,Suspected_False_Negative
i don  t have to respect women i  m gay  kevin,1,train,0.9098774790763855,0.09012250602245331,0,4,2.406585356187615,1,Suspected_False_Negative
user error too many teeth to by redneck,1,train,0.9095933437347412,0.09040666371583939,0,2,2.403437300629936,1,Suspected_False_Negative
Proses hukum.....biar Dia tau rasa,1,train,0.9094808101654053,0.09051918983459473,0,5,2.4021934083828502,1,Suspected_False_Negative
stop lying liberals. he said that is absolutely nuts,1,train,0.9093896746635437,0.09061034768819809,0,2,2.4011868595609807,1,Suspected_False_Negative
Anjir gakebayang se trauma apa erika sama percintaannya,0,train,0.09073662012815475,0.9092634320259094,1,1,2.3997942533113767,1,Suspected_False_Positive
breaking judge drops all charges against  extremist muslims found at new mexico compound,1,train,0.90909343957901,0.0909065455198288,0,5,2.397923272472241,1,Suspected_False_Negative
Saya sangat ingin meminta bantuan Anda untuk menemukan haji loqman bin haji azli ni mugkin Anda tidak tahu selain mugkin,1,train,0.9090345501899719,0.09096550196409225,0,1,2.3972749436372807,1,Suspected_False_Negative
user we have a lot refugees we can share a little bit,1,train,0.9089627265930176,0.09103722870349884,0,2,2.396486749494733,1,Suspected_False_Negative
amit amit deh orang jahat penjilat pembohong pelakor jijik sekali,0,train,0.09115908294916153,0.9088408946990967,1,4,2.395149134449445,1,Suspected_False_Positive
loreal hijabi hair model?! makes as much sense as islam.,1,train,0.9087551832199097,0.09124485403299332,0,5,2.394208682268724,1,Suspected_False_Negative
user user yeah shiff shumer are jews leading this charade witch hunt,1,train,0.9087490439414978,0.09125089645385742,0,4,2.394142462415931,1,Suspected_False_Negative
now stephanie liking this nigga shit  he getting mad bitches tonight,0,train,0.0913013443350792,0.9086986780166626,1,2,2.393589767118541,1,Suspected_False_Positive
ITU PRAJA BUKAN PROJO,0,train,0.09147025644779205,0.9085297584533691,1,3,2.391741425690462,1,Suspected_False_Positive
perfect example of why women shouldnt be voting.,1,train,0.9083542823791504,0.0916457325220108,0,5,2.3898248685517975,1,Suspected_False_Negative
years later the liberals wants to do away with it. url,1,train,0.9080752730369568,0.0919247418642044,0,3,2.386785059911832,1,Suspected_False_Negative
"needs a new stock , ramrod and nipples .",0,train,0.09200700372457504,0.9079930186271667,1,3,2.38589057738961,1,Suspected_False_Positive
hoes that eat loudly will be yeeted loudly,0,train,0.09203708916902542,0.9079629778862,1,2,2.385563640031879,1,Suspected_False_Positive
gendutan?,0,train,0.09222452342510223,0.9077754616737366,1,2,2.3835292030367152,1,Suspected_False_Positive
gaga sempet benar lora kamu tinggalin kamu orang jahat tidak kamu tidak bahagia tidak,1,train,0.9077594876289368,0.09224055707454681,0,5,2.3833553636364178,1,Suspected_False_Negative
Idihhhh cuihhhhhh,1,train,0.907683253288269,0.09231673181056976,0,2,2.3825298775143713,1,Suspected_False_Negative
i am aware that bringing toiletries on to planes is risky but if a paki wants to bring mouthwash and deodorant on board it a risk i am willing to take,0,val,0.09245014935731888,0.9075497984886169,1,5,2.381085705603322,1,Suspected_False_Positive
ppl who say im not racist are racist. you are a racist. repeat after me,0,train,0.09250980615615845,0.9074901938438416,1,3,2.3804406275836754,1,Suspected_False_Positive
and we need to fire all the progressive globalist republicans.,0,train,0.09255318343639374,0.9074468016624451,1,1,2.3799718436185486,1,Suspected_False_Positive
"""Mbak cadel yg bangga dengan cadelnya,, Harusnya sih kasihan karna cadel tapi lama"" jadi jijik kenapa gak sekalian bisu aja""",1,train,0.9074085354804993,0.09259144216775894,0,5,2.3795585587955634,1,Suspected_False_Negative
"Skrg sdh banyak anak² songgong, apalagi perempuan, bisa² besok sdh berkeluarga laki²nya bisa ko,id.",1,train,0.9074082374572754,0.0925917848944664,0,2,2.379554857307984,1,Suspected_False_Negative
do we have user on the list zionist heeb alert on this guy,1,train,0.9073963761329651,0.09260359406471252,0,2,2.3794273252893285,1,Suspected_False_Negative
how does this maga...?!? is this our tax dollars at work...?!? url,1,train,0.9073634743690491,0.09263654798269272,0,1,2.379071528560136,1,Suspected_False_Negative
hi im fauxlocaust and im running for king of utopia.,1,train,0.9072746634483337,0.09272529184818268,0,1,2.37811400815193,1,Suspected_False_Negative
big black and scary another racist piece of hardware added to my collection,1,train,0.9072383642196655,0.09276160597801208,0,3,2.3777224534845227,1,Suspected_False_Negative
this guy is an apostate he is no more a muslim than jesus christ,0,train,0.09281927347183228,0.9071807861328125,1,5,2.3771009724801515,1,Suspected_False_Positive
"kata gue ape, yg tulus cuma penyanyi 😭",1,train,0.9071782827377319,0.09282172471284866,0,3,2.3770745640785536,1,Suspected_False_Negative
good little doggie ... or is she a jew?,1,train,0.9070152640342712,0.09298472851514816,0,3,2.3753200088272757,1,Suspected_False_Negative
user ok let me know when you find a nazi,1,train,0.9068902730941772,0.09310971200466156,0,2,2.3739767821520865,1,Suspected_False_Negative
mike feed the queers to the steers pence lol ok i am all out,1,train,0.9066935181617737,0.09330645203590393,0,5,2.3718660198659953,1,Suspected_False_Negative
punches my small gay ass,0,train,0.09332259744405746,0.9066773653030396,1,3,2.371692998482253,1,Suspected_False_Positive
he ruined the brand for what? kaepernick?,1,train,0.9066274166107178,0.09337258338928223,0,1,2.3711575165678718,1,Suspected_False_Negative
lengah dikit tamat.,0,train,0.09338920563459396,0.9066108465194702,1,2,2.370979511790315,1,Suspected_False_Positive
and he is planning to run in ? joe lost his natural mind...,1,train,0.90660160779953,0.09339842945337296,0,5,2.370880749163098,1,Suspected_False_Negative
hahahhahahahaha  you people are fucking insane,0,train,0.0934293121099472,0.9065706729888916,1,5,2.3705501488293668,1,Suspected_False_Positive
one really horrible incident i could show you hundreds of antifa but they didnt kill anybody yet!!!!,1,train,0.9065586924552917,0.09344134479761124,0,4,2.3704213679080626,1,Suspected_False_Negative
Harus nya cek daftar pengunjung mom siapa aja langganan nya🫢,1,train,0.9064341187477112,0.0935659185051918,0,5,2.369089080340116,1,Suspected_False_Negative
when she takes her nigga name out her bio. url,1,train,0.9063528180122375,0.09364722669124603,0,1,2.368220464078356,1,Suspected_False_Negative
im sure its just all democratic political pay for play,1,train,0.906337559223175,0.09366243332624435,0,1,2.3680580951430827,1,Suspected_False_Negative
i wonder if they had to walk out in schools near the ghetto,1,train,0.9062315225601196,0.09376846253871918,0,3,2.366926699774184,1,Suspected_False_Negative
seen niccas come up ... i seen niccas fall,1,train,0.9061592817306519,0.09384075552225113,0,3,2.3661560234944434,1,Suspected_False_Negative
Otak sapa yg ada gangguan,1,train,0.90614253282547,0.0938575342297554,0,5,2.3659772396859053,1,Suspected_False_Negative
emang dia cerdas?ðŸ—¿,1,train,0.9059739112854004,0.09402608126401901,0,3,2.36418307494159,1,Suspected_False_Negative
that explains it then she is an alien! lol,0,train,0.09419118613004684,0.9058087468147278,1,4,2.3624286672757853,1,Suspected_False_Positive
a muzzy is going to kill you david wake up,1,train,0.9057461619377136,0.09425383806228638,0,5,2.3617637313368665,1,Suspected_False_Negative
user mine is a fucking asshole but a pretty cute asshole,0,train,0.09467925131320953,0.9053207635879517,1,3,2.357260401917159,1,Suspected_False_Positive
tidak usah ngeluh... rebut nih gedung DPR duduki oleh rakyat !!!,1,train,0.9052724838256836,0.0947275161743164,0,5,2.3567507594921095,1,Suspected_False_Negative
"jangan komentar Bu, nanti dipenjarakan Bu, nanti di pikir lawan penguasa",0,train,0.0950176790356636,0.904982328414917,1,1,2.353692309582895,1,Suspected_False_Positive
bulan November emang musim birahi ðŸ˜‚,0,train,0.0951061025261879,0.9048938751220703,1,5,2.3527621419187206,1,Suspected_False_Positive
you never were a slave. spartacus was a slave and a heroic figure. you are neither.,1,train,0.9048038125038147,0.09519615024328232,0,1,2.3518157766234644,1,Suspected_False_Negative
sama sama buzz,1,val,0.9047570824623108,0.0952429324388504,0,2,2.3513244678453478,1,Suspected_False_Negative
pedophilia is the worst of all evil,0,train,0.09558875113725662,0.904411256313324,1,5,2.347700131776238,1,Suspected_False_Positive
lagi masuk musim kawin dosennya,1,train,0.9042055606842041,0.09579446911811829,0,2,2.3455503293033058,1,Suspected_False_Negative
always amazing when liberals refer to ethics and morals of which they have none,1,train,0.9041209816932678,0.09587902575731277,0,4,2.3446680305302308,1,Suspected_False_Negative
Korea harus belajar ke Federasi tanjung Verde bang 😂😂,1,train,0.9039883017539978,0.09601172804832458,0,2,2.343284927806054,1,Suspected_False_Negative
i wouldnt be too surprised if luke started interrogating random white kids in a chemotherapy ward.,1,train,0.9038783311843872,0.09612167626619339,0,3,2.3421404289588845,1,Suspected_False_Negative
why doesnt he leave the country if he is so unhappy with america,1,train,0.9033418893814087,0.09665811061859131,0,5,2.3365751594292017,1,Suspected_False_Negative
would you call ice to report an illegal alien note the phone number for ice number dhs number ice,1,train,0.90326988697052,0.0967300534248352,0,5,2.3358311344789824,1,Suspected_False_Negative
emang dia cerdas?🗿,1,train,0.9032437205314636,0.09675629436969757,0,3,2.335559891103702,1,Suspected_False_Negative
user user lol no iits not i  ll come game chat and talk retard,0,train,0.09676095843315125,0.9032390713691711,1,5,2.335511688027366,1,Suspected_False_Positive
user shut up nazi,1,train,0.9032167196273804,0.09678324311971664,0,4,2.3352814079519613,1,Suspected_False_Negative
he needs shielding from his nana too.,0,train,0.09680159389972687,0.9031984210014343,1,4,2.335091818928898,1,Suspected_False_Positive
"Nah iki lho promo film,e dewe😂😂",0,train,0.0968165397644043,0.9031834602355957,1,2,2.334937433960669,1,Suspected_False_Positive
So wholesome..😭,1,train,0.9031668305397034,0.096833236515522,0,2,2.3347649911984845,1,Suspected_False_Negative
sitting in a crowd slowly shitting my pants and blaming the retard next to me,0,train,0.09693378955125809,0.9030661582946777,1,5,2.333727115489667,1,Suspected_False_Positive
hitam,0,train,0.09694255888462067,0.9030574560165405,1,2,2.333636652331687,1,Suspected_False_Positive
i said drugs mess up babies that grow up and ruin society for everyone else .,0,train,0.0969654768705368,0.903034508228302,1,1,2.3334002723804015,1,Suspected_False_Positive
kini Dhani merasakan apa yang dirasakan Maya dulu. terimakasih ari Lasso knp gak dri dulu.. samawa ya mas ari🤣🤣🤣🤣,1,train,0.9028204679489136,0.09717947989702225,0,5,2.331195701973608,1,Suspected_False_Negative
he needs more gun control!,0,train,0.09723043441772461,0.9027695655822754,1,2,2.3306715052313915,1,Suspected_False_Positive
gw kelangkaan senyumnya njir??,1,train,0.9027146697044373,0.09728532284498215,0,1,2.330107145515893,1,Suspected_False_Negative
speaking of dumbasses....cali teaches the class!!  lol,0,train,0.0976489931344986,0.9023510217666626,1,3,2.3263759326752433,1,Suspected_False_Positive
user what up with nazis and their love of camps,1,train,0.9023485779762268,0.097651407122612,0,3,2.3263512119054925,1,Suspected_False_Negative
its awesome to be white.,1,train,0.9022323489189148,0.097767673432827,0,5,2.325161294077581,1,Suspected_False_Negative
you would. cant fix stupid.  maga qanon thursdaythoughts drainthedeepstate thankfulthursday wwgwga walkaway,1,train,0.9021750688552856,0.09782492369413376,0,2,2.3245758909101535,1,Suspected_False_Negative
PECAT BAHLIL,0,val,0.09791009873151779,0.9020898938179016,1,4,2.3237055812261254,1,Suspected_False_Positive
pretending you have dementia to own the libs maga url,1,train,0.902089536190033,0.09791047871112823,0,1,2.3237017003305076,1,Suspected_False_Negative
"regarding the story i think im going to kill the president, why is it reporters never follow up on how a convicted felon could obtain, in this case,  guns? whats the police doing about, or would that bring light to the gun control issue? bias?",1,val,0.9020748734474182,0.0979251116514206,0,3,2.3235522592581006,1,Suspected_False_Negative
user whatchu are user is a self hating homosexual who has to pay for your homosexual desires,1,train,0.9018355011940002,0.09816443175077438,0,3,2.321111331363359,1,Suspected_False_Negative
Aku Malah merasa engap denger yg lg ngomong 😭😭😭😭,1,val,0.901824951171875,0.09817502647638321,0,1,2.3210034088325058,1,Suspected_False_Negative
"kek tetangga whoopp🔥, gua lamar sana sni ga dpt², tetangga gua tinggal blg doang, interview formalitas🔥🔥🔥",1,train,0.9016254544258118,0.09837447851896286,0,1,2.3189738732094423,1,Suspected_False_Negative
this whole thing has been a sham from the start!,1,train,0.9015520215034485,0.0984480157494545,0,2,2.318226629006621,1,Suspected_False_Negative
apaches  mm rounds turn jihadis into tomato soup,1,train,0.9015179872512817,0.09848195314407349,0,1,2.317881964401781,1,Suspected_False_Negative
nah you bob.,0,train,0.09858562052249908,0.9014143347740173,1,4,2.316829864494532,1,Suspected_False_Positive
niggas see you wit da yellow dey wanna hit you up ;,1,train,0.901339590549469,0.0986604169011116,0,2,2.3160714575508528,1,Suspected_False_Negative
you didnt answer my questions. what truth is your religion based on? do you believe in the unity of god?,1,train,0.9012835025787354,0.09871648997068405,0,3,2.3155032748594766,1,Suspected_False_Negative
musang birahi,1,train,0.9012360572814941,0.09876393526792526,0,4,2.315022768519704,1,Suspected_False_Negative
lads being lads!  fuck yeah. i love scally lad action. hot trainers too.,1,train,0.9009218811988831,0.09907805919647217,0,3,2.3118472627999824,1,Suspected_False_Negative
"ah, the smell of nepotism and corruption in the morning can you smell its putrid essence.",0,train,0.09920331835746765,0.9007967114448547,1,5,2.310583814066639,1,Suspected_False_Positive
a random ghetto spongebob meme number u,1,train,0.900726854801178,0.09927308559417725,0,4,2.309880786017016,1,Suspected_False_Negative
"idiiiiiihhhhh hueegggg, muka aal mewakili banget ðŸ˜­ðŸ˜­ðŸ˜­",0,train,0.09933611005544662,0.9006639122962952,1,2,2.3092461279572145,1,Suspected_False_Positive
everyone who said jihoons new hair cut is ugly you are wrong,1,train,0.9004756808280945,0.09952431917190552,0,2,2.3073532508937786,1,Suspected_False_Negative
vox com with another retarded hot take,0,train,0.09953789412975311,0.9004621505737305,1,3,2.3072168617956823,1,Suspected_False_Positive
Gua kira ini murni kesalahan strategi pelatih sehingga di benci. Ternyata federasi nya juga begitu. Turut sedih Son ga masuk babak KO padahal ini piala dunia terakhirnya,1,train,0.9002277255058289,0.09977229684591293,0,5,2.3048647209133413,1,Suspected_False_Negative
ternyata suami nya redflag wkwk,1,train,0.900133490562439,0.09986643493175507,0,2,2.3039216364529147,1,Suspected_False_Negative
"Ya ampun, masih aja salah. Kapan cerdasnya coba?",1,train,0.900130033493042,0.0998699963092804,0,2,2.3038859756823324,1,Suspected_False_Negative
"""DIKASIH BIDADARI MAUNYA BONEKA SANTET""",1,train,0.9000965356826782,0.09990343451499939,0,4,2.3035512143890684,1,Suspected_False_Negative
we do not want  assimilation  .,1,train,0.900041937828064,0.09995803236961365,0,4,2.303004857386656,1,Suspected_False_Negative
yall going to war for that dick huh ghetto,0,train,0.10003723949193954,0.8999627828598022,1,2,2.3022127673964285,1,Suspected_False_Positive
in other words mueller its not constipated in other words mueller has diarrhea? url,1,train,0.8998599648475647,0.10014001280069351,0,1,2.3011859442523708,1,Suspected_False_Negative
serenawilliams is so full of herself...she is just as painful to watch as to listen to...,1,train,0.8998277187347412,0.100172258913517,0,1,2.3008639858139177,1,Suspected_False_Negative
"i dont hate the japs. but, i aint forgetting gettin japped either.",1,train,0.8997172117233276,0.10028282552957535,0,1,2.2997608296871634,1,Suspected_False_Negative
not only you. and that pom stuff? totally porn.,0,train,0.10042200237512589,0.8995779752731323,1,2,2.2983739485711316,1,Suspected_False_Positive
if women were so brave they would do their march in saudi arabia maga gabfam,1,train,0.8995739221572876,0.10042602568864822,0,2,2.2983338853097526,1,Suspected_False_Negative
"the political elites control the world, but im just pointing out just how stupid the statement",0,train,0.10043639689683914,0.8995636105537415,1,5,2.2982306185257855,1,Suspected_False_Positive
just think. she is infinitely funnier than you. obviously..duh huh.,1,train,0.8994645476341248,0.10053543746471405,0,5,2.2972450020466684,1,Suspected_False_Negative
mau dipaksain positif vibes juga gabisa rul.,1,train,0.8994192481040955,0.10058071464300156,0,3,2.296794743043819,1,Suspected_False_Negative
you guys don  t eat breakfast the ghetto,1,train,0.8992372155189514,0.10076284408569336,0,3,2.294985601559309,1,Suspected_False_Negative
varg sums up christ tards perfectly here.,1,train,0.8990785479545593,0.10092145204544067,0,5,2.293412767228754,1,Suspected_False_Negative
ijustdontseemyself ever supporting strict gun control. a liberalsguns guns secondamendment,1,train,0.8990750908851624,0.10092496126890182,0,3,2.2933779960043967,1,Suspected_False_Negative
user sorry he a slut,1,train,0.8990743160247803,0.10092569142580032,0,5,2.293370761379304,1,Suspected_False_Negative
i expect no patriotism from anyone that works in seattle. nuke the city. no loss.,1,train,0.8990546464920044,0.10094528645277023,0,3,2.293176627212646,1,Suspected_False_Negative
"malesin lamak2 ya liat @Ibnu Wardani mcam doi aja yg punya uang, org kagak!...gw biasa liburan k Eropa aja B aja...kalau mau bbagi info yg positif aja",1,train,0.8989936113357544,0.1010064035654068,0,5,2.2925713625129855,1,Suspected_False_Negative
dasar aki aki,1,train,0.898967981338501,0.10103199630975723,0,3,2.2923180171637534,1,Suspected_False_Negative
user nice job towel head,1,train,0.8987398147583008,0.10126020759344101,0,1,2.2900617623393646,1,Suspected_False_Negative
biadab kalau anak kamu bully saya mampusin ya,0,train,0.10141813009977341,0.8985819220542908,1,1,2.2885034059793408,1,Suspected_False_Positive
babi berisik sekali malam,0,train,0.10153407603502274,0.8984659314155579,1,2,2.2873608123601668,1,Suspected_False_Positive
i thought you said the nyt was failing and fake news. so this cant be true; its made up!,1,train,0.898409366607666,0.10159066319465637,0,4,2.286803645750997,1,Suspected_False_Negative
your mind is free and your soul. satan will present to u in his kingdom the things that mock u. stay strong in yahshua...,0,val,0.10162174701690674,0.8983782529830933,1,4,2.2864977213002176,1,Suspected_False_Positive
i always liked the expression bringing a retard to the zoo,0,train,0.10177968442440033,0.8982203006744385,1,3,2.2849447583921805,1,Suspected_False_Positive
this is pretty much perversion indoctrination to kindergardeners .,0,train,0.10182957351207733,0.8981704115867615,1,2,2.2844547110418683,1,Suspected_False_Positive
with black girls it takes a baseball bat  who carries a muff in baseball bat on a date ??,1,val,0.8980528116226196,0.10194719582796097,0,5,2.2833002877057105,1,Suspected_False_Negative
happy birthday to my pops. old negro spiritual is  today lol,0,train,0.10203289240598679,0.8979671597480774,1,4,2.2824600431131166,1,Suspected_False_Positive
lintang kan udah ada cowooo. ngadi ngadi nih berita,0,train,0.10203688591718674,0.8979631066322327,1,4,2.2824209044299337,1,Suspected_False_Positive
nah im happy with killing shitskin babys lol,0,train,0.10211458802223206,0.8978854417800903,1,1,2.2816596842702355,1,Suspected_False_Positive
he is competing for worst president again.,1,train,0.8977729082107544,0.10222702473402023,0,4,2.2805592062851714,1,Suspected_False_Negative
republican teabaggers should be jailed for treason.....,0,train,0.10229529440402985,0.8977047204971313,1,2,2.2798916050880704,1,Suspected_False_Positive
lakik suka banci banci kawinin banci jijik,0,train,0.10233443975448608,0.8976655006408691,1,4,2.2795090081884095,1,Suspected_False_Positive
watch excited isis jihadis getting their yezidi sex slaves on distribution day,0,train,0.1023540273308754,0.8976459503173828,1,4,2.2793176190327036,1,Suspected_False_Positive
y  all want your kids to be retarded lol,0,train,0.10237753391265869,0.8976224660873413,1,1,2.27908798583161,1,Suspected_False_Positive
im fucking sad also this gif is art,1,train,0.8975532650947571,0.1024467721581459,0,2,2.2784119113026375,1,Suspected_False_Negative
editan sekali ya ampun si mommy lambe kehabisan gosib ya si pelakor,0,val,0.10257814824581146,0.8974218964576721,1,3,2.277130348989259,1,Suspected_False_Positive
he is such a con apparently finds are running low,1,train,0.897411048412323,0.10258901119232178,0,4,2.277024455370122,1,Suspected_False_Negative
pret,1,train,0.8972694277763367,0.10273052752017975,0,1,2.2756459567512843,1,Suspected_False_Negative
sorry i was referring to the holocaust story i believe it to be a lie,1,train,0.8971059322357178,0.10289407521486282,0,3,2.274055215886668,1,Suspected_False_Negative
user straight but upper middle class and likes to be trendy probably has gay friends,1,train,0.8969793319702148,0.10302073508501053,0,1,2.2728249995079866,1,Suspected_False_Negative
we gunna laff at chavarubio beaner supporters in a min,0,train,0.10311046987771988,0.8968895673751831,1,4,2.271954342409813,1,Suspected_False_Positive
is intersectional feminism the redneck ideology of the     perhaps dm me to read my essay,1,train,0.8968346118927002,0.1031653881072998,0,3,2.271421868746497,1,Suspected_False_Negative
aku yg pnya vt itu heehee itu adik akuu bocil fomo😅,0,val,0.10322897136211395,0.8967710733413696,1,3,2.270805735078997,1,Suspected_False_Positive
user user look boys we found a retard,0,train,0.10334903746843338,0.8966509103775024,1,3,2.2696433062171932,1,Suspected_False_Positive
you are confusing jews with whites again,0,train,0.10344541817903519,0.8965545296669006,1,5,2.268711165969248,1,Suspected_False_Positive
knock off a cracker for callin me towelhead,1,train,0.8965160846710205,0.10348393768072128,0,4,2.2683388698107745,1,Suspected_False_Negative
user same for white nationalism and fascism that  you,1,train,0.8965145945549011,0.10348543524742126,0,4,2.2683243984261554,1,Suspected_False_Negative
unpopular opinion the nazis were probably the best cult ever,1,train,0.8964369893074036,0.10356298834085464,0,3,2.2675752683848227,1,Suspected_False_Negative
babi jorok sekali,0,train,0.10366698354482651,0.8963330388069153,1,4,2.2665715987731776,1,Suspected_False_Positive
david stop it with your logical connections.... true journalists like you are not in vogue..,1,train,0.8961344361305237,0.1038655936717987,0,3,2.2646575842095933,1,Suspected_False_Negative
perlahan karirmu hancur bro kamu kebawan,1,train,0.8959499001502991,0.10405004769563675,0,2,2.2628832677510875,1,Suspected_False_Negative
i hope he just shuts you guys down and i can go get shit face,0,train,0.10412753373384476,0.8958725333213806,1,5,2.262138845212846,1,Suspected_False_Positive
user i didn  t stutter either survive out of your ghetto mentality first,1,train,0.8956538438796997,0.1043461412191391,0,2,2.2600416253555253,1,Suspected_False_Negative
liberals  conservatives neoliberalism amp; globalization amp; all of its discontents pppcorporatewelfaredilution of constitutional rightsfreedoms amp; justicesociopolieconfinancial corruption amp; particratic collusion of cdnpoliticians for ers!  url,1,val,0.8956166505813599,0.10438334196805954,0,3,2.259685175957517,1,Suspected_False_Negative
"Di bully kalo gak melawan pasti nyesel sampe tua. Untungnya aku GK pernah di bully. Tapi pernah kena palak sama anak kampung baru jakarta barat. Tiap pulang sekolah selalu ketemu sama anak itu minta uang. Mending ku lawan aja lah meskipun kalah. Next akhirnya pindah ke Siantar. 2008 aku balik kejakarta lagi alesan cari kerja. Padahal nyari tu anak mau ku giling. Ok ketemu langsung ku giling dia, puas banget rasanya. Mukul orang paling 1 Bulang doang. Yg penting puas hati",1,train,0.8955208659172058,0.10447914898395538,0,4,2.2587677587402957,1,Suspected_False_Negative
user its in malaysia and indonesia too are all of those islam ke dushman,0,train,0.10449250787496567,0.8955074548721313,1,3,2.258639905123884,1,Suspected_False_Positive
steve bannon is gay,1,train,0.8949832320213318,0.10501671582460403,0,2,2.253635743165761,1,Suspected_False_Negative
diversity. not enough nonrapists.,1,train,0.8949593305587769,0.10504066199064255,0,3,2.253407746735535,1,Suspected_False_Negative
you can always gets da colored folk back in da cage wit da kfc,1,train,0.8949214816093445,0.10507849603891373,0,3,2.253047626801352,1,Suspected_False_Negative
user yeah and today number illegal aliens were released in texas,1,train,0.8949185013771057,0.1050814688205719,0,2,2.2530193361451336,1,Suspected_False_Negative
user nigga what jan,1,train,0.8948502540588379,0.1051497682929039,0,1,2.2523695804221244,1,Suspected_False_Negative
"they all look nonwhite , look closer .",0,train,0.10516900569200516,0.8948310613632202,1,3,2.2521866447878924,1,Suspected_False_Positive
user user she will blame it on jews or trump i bet,1,train,0.8945716619491577,0.10542827099561691,0,3,2.249724453076108,1,Suspected_False_Negative
the dems playing a con game. it must be antifa dont you think.,1,train,0.8944734334945679,0.10552657395601273,0,2,2.2487924719449444,1,Suspected_False_Negative
sikat abiss lahh orng2 sialan kaya gini pemimpin negara tidak hormatin jangan mentang2 president sembarangin marah tidak hina pemimpin harap tindak hukum orang iniö,1,train,0.8942884206771851,0.10571157187223434,0,2,2.2470409136476173,1,Suspected_False_Negative
cause these niggas pussy and i am hard,0,train,0.10574227571487427,0.8942577242851257,1,3,2.2467505066088607,1,Suspected_False_Positive
the fruit of the modern yankees farm system.  joba the nut.,0,train,0.10575512051582336,0.8942448496818542,1,3,2.246629041274594,1,Suspected_False_Positive
steroid girl in steroid rage,1,val,0.8941518664360046,0.10584820061922073,0,1,2.2457492808918023,1,Suspected_False_Negative
not one feature on this girls face that  cute and she  coming for asians fine ass,1,train,0.8941397666931152,0.10586030781269073,0,3,2.2456349048228113,1,Suspected_False_Negative
user i hope ice arrest illegal immigrants and their sponsors,1,train,0.8940967321395874,0.105903260409832,0,5,2.2452292392204525,1,Suspected_False_Negative
christian activist charged with hate crimes gets shut down by judge for criticizing lgbt agenda,1,train,0.8939396142959595,0.10606037825345993,0,1,2.2437467408693683,1,Suspected_False_Negative
Outfitnya mengapa ....... wkwwkwkwk,1,train,0.8939023017883301,0.10609764605760574,0,2,2.2433954196817756,1,Suspected_False_Negative
ga bagus tapi bisa di nikmati buat nonton 🙏🏻,1,train,0.8937061429023743,0.10629385709762573,0,2,2.241547783661283,1,Suspected_False_Negative
"mgtow is the premise that men should demand unconditional surrender from women, not negotiate with them",1,train,0.8936229944229126,0.106377013027668,0,3,2.240765768388283,1,Suspected_False_Negative
user user they do not want to upset the ghetto dwellers by sounding too intelligent,1,train,0.8933243751525879,0.1066756471991539,0,1,2.2379623829083957,1,Suspected_False_Negative
confederate heroes day date texas state holiday we do not observe martin lucifer coon day,1,train,0.8929276466369629,0.10707230865955353,0,2,2.234250890892989,1,Suspected_False_Negative
beware mr or ms goat there may be a mooslam sneaking up behind you,1,train,0.8929087519645691,0.1070912778377533,0,5,2.2340737442682093,1,Suspected_False_Negative
"Berasa banget ariel tatum enegggghh ðŸ˜­ saya juga mau muntah,kenapa cari peran cowok juga yang gelap banget ðŸ˜­",1,train,0.8927557468414307,0.10724425315856934,0,3,2.232646306212746,1,Suspected_False_Negative
im all for gun control use both hands,1,train,0.8927533626556396,0.10724662989377975,0,4,2.2326241445695407,1,Suspected_False_Negative
gua liat ada sosok hitam pekat dibelakang ariel tatum😭,1,train,0.8927176594734192,0.1072823777794838,0,3,2.2322908760160467,1,Suspected_False_Negative
"Amit ""Hahahaa",0,train,0.10728507488965988,0.8927149176597595,1,4,2.2322657360412492,1,Suspected_False_Positive
dont watch moron movies,1,train,0.8924629092216492,0.10753711313009262,0,3,2.229919252576024,1,Suspected_False_Negative
"""Open BO ga bang si listy? Kebetulan ada om-om yg nyari cwe yg udah pengalaman!!!!""",1,val,0.8924591541290283,0.10754088312387466,0,2,2.2298841955841593,1,Suspected_False_Negative
lighting my pretty ass up w them yellow stars lls,1,train,0.892399787902832,0.10760023444890976,0,5,2.2293324523636135,1,Suspected_False_Negative
this goofy ass nigga wanna follow me on the gram,0,train,0.10763850808143616,0.8923614621162415,1,4,2.2289768134811347,1,Suspected_False_Positive
i would move too but unfortunately there is nowhere that is untainted .,1,train,0.8921767473220825,0.10782330483198166,0,1,2.2272614580465957,1,Suspected_False_Negative
disgusted her constituents voted liberal leonaalleslev fuck off url,0,train,0.10790623724460602,0.8920937180519104,1,2,2.2264926025999894,1,Suspected_False_Positive
which is not nearly as number gay or number fun as it sounds,1,train,0.8920745849609375,0.10792548209428787,0,4,2.2263142706125336,1,Suspected_False_Negative
here come the beta liberals lmao convo muted you can cry all day to yourselves.,1,train,0.8920465111732483,0.10795353353023529,0,2,2.2260543895303067,1,Suspected_False_Negative
Makeup zaman emak gw sih ini cinðŸ¥º,1,val,0.8919442296028137,0.10805579274892807,0,1,2.2251075857224034,1,Suspected_False_Negative
reds need termination. this is what our fathers have taught us and it is true.,1,train,0.8919162750244141,0.10808373242616653,0,4,2.2248490520056157,1,Suspected_False_Negative
you all still be cuffing the hoes tho so,0,train,0.10832356661558151,0.8916764259338379,1,1,2.222632543702363,1,Suspected_False_Positive
user the trump woman must be raped,1,train,0.8916228413581848,0.1083771213889122,0,5,2.222138269550175,1,Suspected_False_Negative
like i said before i d bet    have liberal parents .,1,train,0.8915656208992004,0.10843441635370255,0,2,2.221609746329311,1,Suspected_False_Negative
coba rubah model rambut nya ka🥰,1,val,0.891545832157135,0.10845422744750977,0,4,2.221427061855702,1,Suspected_False_Negative
why wont we run the ball? our offensive coordinator is retarded,0,train,0.10854251682758331,0.8914574980735779,1,2,2.2206133225967064,1,Suspected_False_Positive
auspol  i dont know why he is still in his job. seriously. url,1,train,0.8912339806556702,0.10876605659723282,0,1,2.2185559730409636,1,Suspected_False_Negative
user might wanna add that anning is a literal nazi,1,train,0.8911799192428589,0.10882007330656052,0,2,2.218059464274883,1,Suspected_False_Negative
X de man benar -benar meminjam buku saya,1,train,0.8911570906639099,0.1088428720831871,0,5,2.217849977293356,1,Suspected_False_Negative
Info merusak ketakutan,1,train,0.8910313844680786,0.10896861553192139,0,5,2.2166953691128573,1,Suspected_False_Negative
"Mbaknya ga tau gaya si Fauzan itu Harajuku Style ala anak2 muda Jepang di Harajuku, gaya bebas yang mencampurkan berbagai elemen fashion. Mbaknya yg kampungan ga ngerti fashion anak muda.",0,train,0.10915285348892212,0.8908471465110779,1,3,2.2150060535068103,1,Suspected_False_Positive
god forbid anyone should promote straight racially loyal hetrosexuality diablo,1,train,0.8907502889633179,0.10924965143203735,0,3,2.2141196355649613,1,Suspected_False_Negative
user not anymore gay game anyways,1,train,0.8906612396240234,0.10933875292539597,0,1,2.2133043910550296,1,Suspected_False_Negative
"Jgn suka belain kalo anak bersalah Apalagi SDH mmbully dan mlakukan kekerasan Ngeri..kelak Dewasa merasa diatas angin Dan hidupnya sllu merasa benar dgn kekerasan Pihak sklh , kalau ada murid sperti PECAAAAAATTTTT jgn ragu GK perlu org tuanya Pejabat Atau org GK punya ( berarti anaknya GK tau diri )",0,train,0.10941753536462784,0.8905824422836304,1,2,2.212584115142015,1,Suspected_False_Positive
Projo itu artinya Pro judol ?,1,val,0.8905481100082397,0.10945185273885727,0,2,2.212270527437421,1,Suspected_False_Negative
now look in the ghetto for number of instances of this actually happening,1,train,0.8905472755432129,0.10945271700620651,0,5,2.2122626311440703,1,Suspected_False_Negative
user that isnt german you retard thats french,0,train,0.10954943299293518,0.8904505968093872,1,3,2.211379388737395,1,Suspected_False_Positive
Yaa lumayan lah hasil kmrn podcstðŸ˜‚,1,train,0.8902837634086609,0.10971619933843613,0,3,2.2098582531550983,1,Suspected_False_Negative
relawan gak jelas cuma cari panggung,1,train,0.8901700377464294,0.10982992500066757,0,2,2.2088222460495692,1,Suspected_False_Negative
you are flawed by looking at a large problem through a narrow lens.,1,train,0.8900030255317688,0.10999692976474762,0,2,2.2073028248088136,1,Suspected_False_Negative
you reading this tweet go drink some water now you god damn dehydrated slut,0,train,0.11012262105941772,0.8898773789405823,1,4,2.206160797143753,1,Suspected_False_Positive
mana sama lagi marga nya sama gueeðŸ™ðŸ»ðŸ˜­,0,train,0.11021612584590912,0.8897838592529297,1,2,2.2053120604288745,1,Suspected_False_Positive
artinya Projo itu artinya Projo ðŸ˜‚,0,train,0.11026987433433533,0.8897301554679871,1,4,2.2048245148300887,1,Suspected_False_Positive
you forgot the sarcasm tag kid. some people are ignorant enough to think you are serious,1,train,0.8896864652633667,0.1103135272860527,0,5,2.204428719389756,1,Suspected_False_Negative
i teach my grown sons theres winners and losers...see serena temper tantrums she is a democrat...lol,1,train,0.8895673751831055,0.11043266952037811,0,1,2.2033492693460595,1,Suspected_False_Negative
Kentut Poh Kah?,1,train,0.8894572257995605,0.11054281890392303,0,5,2.2023523316906357,1,Suspected_False_Negative
the loser randalls making fun of in this video is a pedophile. im not exaggerating.,0,train,0.11064895987510681,0.8893510103225708,1,5,2.201392612663857,1,Suspected_False_Positive
ganti nama jadi dewan perwakilan parpol😂,1,train,0.8892378807067871,0.1107621043920517,0,5,2.200370581292768,1,Suspected_False_Negative
norwalk ghetto af lol all of a sudden everyone a dodger and raider fan,0,train,0.11090037226676941,0.889099657535553,1,5,2.1991230278526452,1,Suspected_False_Positive
alright i  m going to change back my avi before people think i  m gay,1,train,0.8889697194099426,0.11103024333715439,0,2,2.1979526522840818,1,Suspected_False_Negative
BERANI BGT NONGOL DI FYP GUEEEE NURUUULLL,1,train,0.8888856768608093,0.1111142635345459,0,5,2.1971962059277783,1,Suspected_False_Negative
guendouzi is a fucking baller,0,train,0.11123427003622055,0.8887656927108765,1,3,2.1961167608655594,1,Suspected_False_Positive
because whites are discouraged from breeding .,0,train,0.11128810048103333,0.8887118697166443,1,3,2.1956329403333794,1,Suspected_False_Positive
user you are missing an essential premise whether any of those immigrants committed any crimes dumbass,0,train,0.11144323647022247,0.8885567784309387,1,3,2.194239907665413,1,Suspected_False_Positive
because he knows he is going to jail soon,0,train,0.11146368831396103,0.888536274433136,1,2,2.1940564064680794,1,Suspected_False_Positive
"lol, who is this  cuck? only has  posts, is he an employee?",0,train,0.11153657734394073,0.8884634375572205,1,5,2.1934026939502007,1,Suspected_False_Positive
agak norak kyknya baru pertama kali ke jepang wkwk,1,train,0.8883225321769714,0.11167746782302856,0,3,2.192140313729523,1,Suspected_False_Negative
whoever posts the fucking spoilers for endgame is catching these fucking hands,0,train,0.11174055188894272,0.8882594108581543,1,3,2.1915755959178442,1,Suspected_False_Positive
twittrs gay as fckn fb,1,train,0.8881919384002686,0.11180800199508667,0,1,2.1909721466266827,1,Suspected_False_Negative
fohhunnid wew lad now thas peak ghetto,1,train,0.88810133934021,0.11189866065979004,0,3,2.1901616328172993,1,Suspected_False_Negative
Saya pikir ini adalah viviana ketika saya berbicara tentang konten saya tidak pernah berpikir y komunitas ki,1,train,0.8880519270896912,0.11194799840450287,0,2,2.18972081546744,1,Suspected_False_Negative
user that gay but do mine,1,train,0.8879058957099915,0.11209408193826675,0,2,2.1884167429981707,1,Suspected_False_Negative
legal in california killing white women illegal in california drinking raw milk buildkateswall,1,train,0.8877026438713074,0.11229733377695084,0,1,2.186605159487965,1,Suspected_False_Negative
Kalen Kalen Pada Jahad Ma Aku,0,train,0.11231137812137604,0.8876886367797852,1,3,2.186480103390855,1,Suspected_False_Positive
its going to take everyone working together to beat the new world order .,1,train,0.8875714540481567,0.11242855340242386,0,5,2.1854373399542824,1,Suspected_False_Negative
but rich is a light skin coon. so its expected.,0,train,0.11271297186613083,0.8872870802879333,1,3,2.1829107637070213,1,Suspected_False_Positive
"""BISA BERHENTI CAKEP GA KAKK? PUSINGGGG IH""",0,train,0.11281926929950714,0.887180745601654,1,4,2.18196812738418,1,Suspected_False_Positive
Masukin ke Barak,0,train,0.11291098594665527,0.8870890140533447,1,1,2.1811555056813847,1,Suspected_False_Positive
tidak tau apa² ygy Armor nya pergi mna,0,train,0.11318172514438629,0.8868182301521301,1,5,2.178760564899508,1,Suspected_False_Positive
"pildun 2002, pildun terburuk sepanjang sejarah !!",1,val,0.8867164254188538,0.11328358203172684,0,5,2.1778610284938758,1,Suspected_False_Negative
@Talithaaa.cntk: Tasyi Si yang selalu kalah,0,val,0.11329115182161331,0.8867088556289673,1,4,2.177794209129152,1,Suspected_False_Positive
fans fomo pahlawan pada kaget pasti padahal Meraka aja yg fomo yg ngira dia org bener ðŸ¤£ðŸ¤£,1,train,0.886583149433136,0.11341680586338043,0,3,2.1766856988155556,1,Suspected_False_Negative
user oh nahh     see fuxkin with them white people will have u out here doin new shit,0,train,0.1135120540857315,0.8864879012107849,1,4,2.1758462443013458,1,Suspected_False_Positive
"""Apaan sih gak jelas hidupnya""",1,train,0.8864607214927673,0.11353932321071625,0,1,2.1756060420577783,1,Suspected_False_Negative
so in new york if you say illegal alien you will be fined money number it you are attacked or raped by an illegal alien it a crime to call ice hm kinda fucked up to be an american in new york,0,val,0.11354188621044159,0.8864580988883972,1,4,2.1755834686380577,1,Suspected_False_Positive
whoppi  is very disturbed evil fat ugly yellow meat skank,1,train,0.8862526416778564,0.11374734342098236,0,2,2.1737755759646133,1,Suspected_False_Negative
user does the camel jockey prince get to bring his bone saws,1,train,0.8861255645751953,0.11387442797422409,0,2,2.1726589466925756,1,Suspected_False_Negative
hes as ignorant as it gets,0,train,0.11391959339380264,0.8860803842544556,1,1,2.1722624005505904,1,Suspected_False_Positive
conoc; tus ojos negros  y ahora si que no puedo vivir sin ellos,0,train,0.11403936892747879,0.885960578918457,1,4,2.1712115487351697,1,Suspected_False_Positive
kya liat pertujukan di kebon binatang,1,train,0.8859320282936096,0.11406797170639038,0,4,2.170960765231386,1,Suspected_False_Negative
"""Masih jauh kalo ngarep bisa ikutan kontes miss earth , makanya dari kecil les inggris biar lidahnya gak keseleo""",1,train,0.8858928680419922,0.11410713195800781,0,4,2.1706175178623868,1,Suspected_False_Negative
Rakus bngt horeng kaye mkh kaye sak anak cucucicitnya sekalian sj mertua ibu keponakan jdkan pejabat Biar negara berasa milik klrg bsr Ra..Astofirllohhhhhh..,0,train,0.11414137482643127,0.8858585953712463,1,1,2.1703174688573545,1,Suspected_False_Positive
"Kasus bullying ini serius lhoo..gk bisa hanya diselesaikan di hadapan guru/sekolah,bawa kantor polisi supaya ada efek jera...STOP BULLYING!!!",1,train,0.8856082558631897,0.11439178884029388,0,5,2.1681259784840075,1,Suspected_False_Negative
can you say insanity? lockthemallup handcuffsforhillary maga url,1,train,0.8854268193244934,0.114573173224926,0,5,2.1665415926378953,1,Suspected_False_Negative
"DPR yang bukan DPR, gada merasa diwakilkan",0,train,0.11460798978805542,0.8853920698165894,1,1,2.1662377582132897,1,Suspected_False_Positive
"heroes.    of fake assaults   accused kav of fake assault, didnt work.",1,train,0.8853129148483276,0.11468707025051117,0,1,2.165547987874776,1,Suspected_False_Negative
just got some new intel cpus at work. cant wait to get these bad boys running.,0,train,0.11498723924160004,0.8850128054618835,1,2,2.1629341198922707,1,Suspected_False_Positive
"""Sepertinya Lutfi setelah putus dgn salsa seperti orang stress""",1,train,0.8848616480827332,0.11513835191726685,0,2,2.1616208135657082,1,Suspected_False_Negative
when jews call out jews you know its bad,0,train,0.1152094155550003,0.8847905397415161,1,3,2.1610038018119777,1,Suspected_False_Positive
user if its not hillbilly cousin fucking town then yes for that price,1,train,0.8846725821495056,0.115327388048172,0,5,2.1599803426364748,1,Suspected_False_Negative
projudol,1,train,0.8843615651130676,0.11563845723867416,0,5,2.157286702992907,1,Suspected_False_Negative
sit down and shut up hewson you wanker !!!,0,train,0.1156606450676918,0.8843393921852112,1,4,2.1570948489920534,1,Suspected_False_Positive
ð¬ð¢ð¥ðšð§ðšð§ð  ð›ðžððš ð›ð§ðžð« ð¤ðž ð¥ðšð§ð ð¢ð­ ððšð§ ð­ðšð§ðšð¡ ð¥ð¢ðšð­ðŸ˜ðŸ˜‚,1,train,0.8843113780021667,0.11568862944841385,0,4,2.1568529257708366,1,Suspected_False_Negative
"positif vibes bgt,sumpah boongðŸ™ðŸ»ðŸ˜­",1,val,0.8842938542366028,0.11570608615875244,0,4,2.15670204323814,1,Suspected_False_Negative
literally i  ve infiltrated the ghetto there is gunshots everywhere call the police the police,1,train,0.8842741847038269,0.1157258078455925,0,3,2.156531611353869,1,Suspected_False_Negative
"Unfollow lah, muak bgt ðŸ˜’ enakan liat @mister.aloy ama @karenoct_",1,train,0.8841936588287354,0.11580634117126465,0,4,2.1558359556597297,1,Suspected_False_Negative
mertesacker saying give him the ghetto fist is still goat,0,train,0.1161576434969902,0.8838423490524292,1,2,2.1528070148108935,1,Suspected_False_Positive
user if you do not see the difference between illegal immigrants and babies you do not belong in government,1,train,0.8837982416152954,0.11620178818702698,0,4,2.152427045809868,1,Suspected_False_Negative
he raped her where ur proof jethro,1,train,0.8835480213165283,0.11645197868347168,0,2,2.150276291096087,1,Suspected_False_Negative
and its gotta be some ghetto fool,0,train,0.11654424667358398,0.8834556937217712,1,1,2.149484278308806,1,Suspected_False_Positive
there is no way she is  wow drugs maybe who knows,1,train,0.8833692669868469,0.11663070321083069,0,4,2.14874271888099,1,Suspected_False_Negative
user if you had sex you would not be complaining about being gay,1,train,0.8833020925521851,0.11669788509607315,0,5,2.14816686242391,1,Suspected_False_Negative
some of you chicks be happy to say you all been statutory raped my mind be gone,0,train,0.117026686668396,0.8829733729362488,1,4,2.1453532790103482,1,Suspected_False_Positive
ngatain sepertinya idupnya gapernag bikin kesalahan,0,train,0.11703848838806152,0.8829615712165833,1,4,2.1452524376983275,1,Suspected_False_Positive
padahal sampe ada korban ternyata dpr emng bukan wakil rakyat 😢,0,train,0.11714843660593033,0.8828515410423279,1,3,2.1443134593505833,1,Suspected_False_Positive
tiap hari ada aja gebrakannya si abidzar 🤣,0,train,0.11718118190765381,0.8828188180923462,1,2,2.144033978658861,1,Suspected_False_Positive
nafri rapefugees in germany turning to highway robbery.,1,train,0.8827064037322998,0.11729352921247482,0,3,2.14307568927335,1,Suspected_False_Negative
true lotta coons in antifa,1,train,0.8826516270637512,0.1173483282327652,0,5,2.142608602779207,1,Suspected_False_Negative
graphic depiction of obvious libtardation in a percentage the deluded populationhumor politics libtardation,1,train,0.8824641704559326,0.11753582954406738,0,3,2.14101205959039,1,Suspected_False_Negative
privilege lane maga blvd good ole days avenue,1,train,0.8822175860404968,0.11778245121240616,0,4,2.138915989894143,1,Suspected_False_Negative
Harusnya para pelaku di bu*uh untuk peringatan supaya tdak ada lagi kasus bully,0,train,0.11790526658296585,0.8820947408676147,1,4,2.13787380252159,1,Suspected_False_Positive
hey ladies have you been fitted for your berka sill think your mussie neighbors are nice,1,train,0.8819654583930969,0.11803458631038666,0,4,2.1367775931378428,1,Suspected_False_Negative
user user from being killed by nazis to becoming nazis,1,train,0.8819639682769775,0.11803607642650604,0,5,2.1367649688150903,1,Suspected_False_Negative
circle problemmatic,1,train,0.8818365931510925,0.11816340684890747,0,2,2.135686808668674,1,Suspected_False_Negative
can put your money on the retard commentator saying after number seconds west brom have made a better start than they did in this fixture last season,0,val,0.11832867562770844,0.8816713094711304,1,3,2.134289139842096,1,Suspected_False_Positive
Tempat sampah aneh ini adalah keajaiban seseorang,0,train,0.11856769770383835,0.881432294845581,1,5,2.132271192890196,1,Suspected_False_Positive
user raped the lil boy and he got sick gave the lil niggas aids smh,1,train,0.8814312815666199,0.11856865882873535,0,4,2.1322630867953647,1,Suspected_False_Negative
gun control now! enough is enough!,1,train,0.8811628818511963,0.11883716285228729,0,1,2.1300011023491896,1,Suspected_False_Negative
user than you must support measures to decrease illegal aliens pouring over the border resulting in overcrowded class sizes,1,train,0.8810773491859436,0.1189226433634758,0,3,2.12928205301758,1,Suspected_False_Negative
these people in the msm are disgusting maga,0,train,0.1190001592040062,0.8809998035430908,1,2,2.128630448022711,1,Suspected_False_Positive
Rencana jatuhin panda gagal ya rubah rencana lagi,1,val,0.8808686137199402,0.11913137882947922,0,2,2.1275283710795394,1,Suspected_False_Negative
this is gonna suck. comey trump fbi,0,train,0.11935828626155853,0.8806416988372803,1,4,2.125625500357989,1,Suspected_False_Positive
biasa main dikali.. sekalinya main ke kota jadi norak dia,1,train,0.8806158900260925,0.1193840429186821,0,2,2.1254097308519118,1,Suspected_False_Negative
mungkin standar cantik nya disana kyak gini 😌 tapi plis cinta kalo balik ke indo jngan kyak gini ya. takut nanti nggk bisa bedain yang mana Lina Mukherjee 🙏🏻,1,train,0.8805142045021057,0.11948579549789429,0,1,2.1245577808021174,1,Suspected_False_Negative
idk why they do solo cups stick to duos only solos are literally retarded,0,train,0.11979135870933533,0.8802086114883423,1,2,2.1220037268761804,1,Suspected_False_Positive
tahun itu dia ngomong Projo pro Jokowi. knpa gak ditunjukin aja video nya biar dia kemakan fakta yg pernah di omongin. ?,0,train,0.11981376260519028,0.8801862597465515,1,3,2.1218167200559814,1,Suspected_False_Positive
dual citizenship with israhell is a conflict of interest,1,train,0.8800173401832581,0.11998265236616135,0,1,2.12040811026574,1,Suspected_False_Negative
"""gabakal gue undang juga""
GAKAN GUE TONTON JUGAðŸ˜­ðŸ«µ",1,val,0.8800023198127747,0.11999769508838654,0,3,2.1202827439813383,1,Suspected_False_Negative
and she knows because the witch was there?  another fakelie about the president...if you hate america leave asap!!!!,0,train,0.12017916887998581,0.8798208832740784,1,2,2.1187715757269463,1,Suspected_False_Positive
two terms of that shit in the white house user,0,train,0.12024996429681778,0.8797500133514404,1,3,2.118182666904271,1,Suspected_False_Positive
Jealorely,1,train,0.8797318339347839,0.12026819586753845,0,1,2.1180310644577602,1,Suspected_False_Negative
women shouldnt be fighting in the military,1,train,0.8796390295028687,0.12036099284887314,0,3,2.117259778260687,1,Suspected_False_Negative
as long as the democrats tout gun control as a crime reduction tactic theyll lose.,0,train,0.12038696557283401,0.8796129822731018,1,4,2.1170440113297277,1,Suspected_False_Positive
user  bitches doing blackface,0,val,0.12051801383495331,0.8794819712638855,1,2,2.115956044818052,1,Suspected_False_Positive
justiceforduamalah justice for dua malah seven year old found naked and raped in thatta,0,train,0.12081734836101532,0.8791826963424683,1,2,2.1134753915326154,1,Suspected_False_Positive
the new si swimsuit edition has a monkey negress on the cover,1,val,0.8789811134338379,0.12101893872022629,0,1,2.111808227284137,1,Suspected_False_Negative
are you an ostrich?,1,val,0.8787920475006104,0.12120798230171204,0,4,2.1102473469404535,1,Suspected_False_Negative
sadly this site has ended up as a boring white nationalist ghetto which means that gab is not going to ever take off bigly as much as liberal baloney bores the living crap out of me this place needs more ulp diversity of thought sorry,0,val,0.12128116935491562,0.8787188529968262,1,3,2.1096437153558996,1,Suspected_False_Positive
"""Hati-hati mody jangan keluar sendirian jaga-jaga serangan brutal rasisme, wajahmu sekilas mirip onnie2 korea. Tetap waspada""",0,train,0.12200409919023514,0.8779959082603455,1,2,2.103700634893385,1,Suspected_False_Positive
because refugees are classified as technology now,1,train,0.8779742121696472,0.12202578783035278,0,2,2.103522880926938,1,Suspected_False_Negative
sekarang aku paham kenapa masyarakat Korea sebegitu benci dan marah nya sama Hong Myung bo 😢 terimakasih mas Hansol penjelasannya,1,val,0.8779100775718689,0.12208995968103409,0,4,2.102997131541135,1,Suspected_False_Negative
"Guys its just youtube, your on it everyday 😂",1,train,0.8777081370353699,0.12229178100824356,0,3,2.101345442077575,1,Suspected_False_Negative
hi guys i got banned off twitter cos they did not like what i had to say about london muslim loving raghead mayor,1,val,0.8769086599349976,0.12309133261442184,0,3,2.0948286575766586,1,Suspected_False_Negative
user i hate you,1,train,0.8768797516822815,0.1231202632188797,0,5,2.0945936515486676,1,Suspected_False_Negative
people blocked doors of restaurants to stop attacker screaming allahu akbar from getting in.,1,train,0.8768754601478577,0.12312449514865875,0,5,2.0945592798137525,1,Suspected_False_Negative
crazy things liberals blame trump for  url tcot maga rednationrising,1,train,0.8768662214279175,0.12313377857208252,0,5,2.0944838839840982,1,Suspected_False_Negative
siapa si yang pertama bilang abidzar ganteng? lu liat ni😭,1,train,0.8768059015274048,0.12319406867027283,0,4,2.093994372951796,1,Suspected_False_Negative
its retarded. ignore the harlem shake fad and hope it goes away soon.,0,train,0.12325505167245865,0.8767449259757996,1,5,2.093499479698814,1,Suspected_False_Positive
Weiip for'un njirrr,1,train,0.8765862584114075,0.12341374158859253,0,1,2.09221281561838,1,Suspected_False_Negative
what did you search? gay redneck episode  play?,1,train,0.8765157461166382,0.12348431348800659,0,1,2.091641147272802,1,Suspected_False_Negative
u hate talkin to the only nigga that can heal u,1,train,0.8761797547340393,0.12382030487060547,0,4,2.0889239186859943,1,Suspected_False_Negative
user it was the gayest and hottest thing i  ve ever seen istg,1,train,0.8761308789253235,0.12386912852525711,0,5,2.0885296858387177,1,Suspected_False_Negative
mitt romney hates big bird. fascist.,0,train,0.12408623099327087,0.8759137988090515,1,1,2.086778543827397,1,Suspected_False_Positive
damn fucking hate this university bullshit,0,train,0.12409748136997223,0.875902533531189,1,4,2.086687882142938,1,Suspected_False_Positive
itu alis ngapa anjir ??,0,train,0.12413517385721207,0.8758648633956909,1,4,2.086384195365749,1,Suspected_False_Positive
german police raided a mosque and this is what they foundjihadis were trying to hide it,1,train,0.8758001923561096,0.12419980019330978,0,3,2.0858637182335715,1,Suspected_False_Negative
ngawur....,0,train,0.1242082267999649,0.8757917881011963,1,3,2.0857958733514206,1,Suspected_False_Positive
does anyone even care what these to useless pieces of shamp;t say or think?,0,train,0.1242220550775528,0.8757779002189636,1,1,2.0856845481337563,1,Suspected_False_Positive
he is not qualified.,1,train,0.8757460117340088,0.12425398826599121,0,4,2.085427515800301,1,Suspected_False_Negative
the beauty of theview is that no one pretends not to be a leftist.   maga,1,train,0.8756891489028931,0.12431090325117111,0,4,2.084969567086569,1,Suspected_False_Negative
the reason god made women for easily manipulated is so everybody could get laid,1,train,0.875619113445282,0.12438084185123444,0,5,2.0844071149482537,1,Suspected_False_Negative
why is flint so violent ?,0,train,0.12444205582141876,0.8755579590797424,1,5,2.0839150865055998,1,Suspected_False_Positive
spill kampus nya dong,0,train,0.1246429905295372,0.8753569722175598,1,1,2.082301703810426,1,Suspected_False_Positive
i dont know... antifa is pretty dumb.,1,train,0.8752282857894897,0.12477176636457443,0,4,2.081269079694004,1,Suspected_False_Negative
user it  kill to go to the white house and eat some of that white power homophobic fast food chicken he serves,1,val,0.8752189874649048,0.12478097528219223,0,5,2.0811952763163197,1,Suspected_False_Negative
KOSONG yg konsistenðŸ‘,1,train,0.875098705291748,0.12490130215883255,0,3,2.080231436293802,1,Suspected_False_Negative
"Saya pun bila ada di ibu itu, saya caci maki dan harus tatap muka dg orang tuanya utk dikasusin skalian.",1,train,0.874710202217102,0.12528981268405914,0,2,2.0771257237847833,1,Suspected_False_Negative
pecatttt woyyyyy bukan di nonaktifkan astaghfirullah hukum di negara gak dapat di percaya lagi,1,train,0.8747063279151917,0.12529362738132477,0,3,2.077095277261542,1,Suspected_False_Negative
user he  delusional trying to say that jews built the pyramids what a joke,1,train,0.8746904730796814,0.125309556722641,0,3,2.076968149257206,1,Suspected_False_Negative
she has received death threats and has teenage daughters. she is protecting her family,1,train,0.874652624130249,0.12534737586975098,0,5,2.0766663890225634,1,Suspected_False_Negative
thigh high black boots burberry all day bitches,0,train,0.12551160156726837,0.8744884133338928,1,2,2.075357081915789,1,Suspected_False_Positive
he is not allowed to do this he needs to be prosecuted,0,train,0.12552550435066223,0.8744744658470154,1,3,2.0752463191394477,1,Suspected_False_Positive
user you mean the wypepo dindu nuffin damn,1,train,0.8743920922279358,0.12560789287090302,0,5,2.074590185593627,1,Suspected_False_Negative
dykes love that lil black sports bra khaki pants combo,0,train,0.12569475173950195,0.874305248260498,1,4,2.073898916528851,1,Suspected_False_Positive
"yes, the brotherhood invented this imaginary slur to control us in the s?",1,train,0.8741496801376343,0.12585024535655975,0,2,2.0726626078074823,1,Suspected_False_Negative
omg over number people seen me in my towel head,0,train,0.12593260407447815,0.8740673661231995,1,3,2.0720084034322293,1,Suspected_False_Positive
sabine wren is a raging queer,0,train,0.12647944688796997,0.8735204935073853,1,2,2.0676754592089996,1,Suspected_False_Positive
liberals  wouldnt know the first thing about doing the right thing,1,train,0.8732119202613831,0.12678807973861694,0,5,2.0652382497686044,1,Suspected_False_Negative
user but yeah fuck them white devils,0,train,0.1268085241317749,0.8731914758682251,1,4,2.065077014224514,1,Suspected_False_Positive
tasyi kocak,0,val,0.12684017419815063,0.8731598258018494,1,3,2.0648274559437234,1,Suspected_False_Positive
well if we all go around killing people our system devolves from order to chaos ghetto,0,train,0.12698481976985931,0.8730151653289795,1,5,2.063687729038937,1,Suspected_False_Positive
keep russia free from dark skinned beings !!!! thank you and please forgive me for mistakes .,1,train,0.8728430271148682,0.12715698778629303,0,1,2.0623328315946527,1,Suspected_False_Negative
layak mendapatkan penghinaan terhadap orang,1,train,0.872759997844696,0.12724000215530396,0,1,2.061680195162307,1,Suspected_False_Negative
you mean awake do not use blm ghetto language,1,train,0.8726093173027039,0.12739072740077972,0,3,2.0604963218462884,1,Suspected_False_Negative
he is a beast,1,train,0.8726023435592651,0.12739765644073486,0,1,2.060441931297925,1,Suspected_False_Negative
"please do, im tired of seeing race mixers on my bank website",1,train,0.8725550174713135,0.12744498252868652,0,4,2.0600705170896347,1,Suspected_False_Negative
user user this negro did not nothing wrong to you for you to burn him like that,0,train,0.12751924991607666,0.8724806904792786,1,5,2.0594879460460147,1,Suspected_False_Positive
Alesan mereka apa ya bully timoty? Pdhl beda fakultas loh,0,train,0.12768436968326569,0.8723155856132507,1,3,2.0581939221564687,1,Suspected_False_Positive
white ghetto and stupid not cute,0,val,0.12786400318145752,0.8721359968185425,1,5,2.0567880550342115,1,Suspected_False_Positive
trump immigration policy should just be you cant come in  it works for me.,1,train,0.8720759749412537,0.12792399525642395,0,1,2.0563189784830613,1,Suspected_False_Negative
dropped  possibly the lamest hip verb in the shitlib lexicon.,0,train,0.12796714901924133,0.8720328211784363,1,2,2.055981696289505,1,Suspected_False_Positive
black ppl who went to all white schools become annoying ass adults,0,train,0.12808731198310852,0.8719127178192139,1,4,2.0550431227359103,1,Suspected_False_Positive
flaw ass niggas and bitches,0,train,0.12828025221824646,0.8717197775840759,1,5,2.0535379380050274,1,Suspected_False_Positive
is our president mentally retarded,0,train,0.1283007562160492,0.8716992735862732,1,2,2.0533781132543845,1,Suspected_False_Positive
is behind this. she is eating up profits. they must have their hb!,0,train,0.12856483459472656,0.8714352250099182,1,1,2.0513219525137965,1,Suspected_False_Positive
somehow i doubt that statistic you just made up in your head. url,1,train,0.8713486194610596,0.128651425242424,0,2,2.050648661867059,1,Suspected_False_Negative
lagu kamu tidak laku ya mel,1,train,0.8713151216506958,0.12868492305278778,0,2,2.0503883192394055,1,Suspected_False_Negative
isis jihadis discuss ;buying and selling; yezidi girls as slaves  tcot pjnet,0,train,0.12871003150939941,0.8712899684906006,1,4,2.050193222511624,1,Suspected_False_Positive
and it stunk like refer and black sweat .,1,train,0.8712847232818604,0.12871529161930084,0,3,2.0501523554373344,1,Suspected_False_Negative
Makeup zaman emak gw sih ini cin🥺,1,train,0.8711715936660767,0.12882840633392334,0,1,2.04927394355776,1,Suspected_False_Negative
y  all still not throwing money at the strippers the ghetto lol,1,train,0.8710638284683228,0.12893611192703247,0,2,2.048438253680006,1,Suspected_False_Negative
"betul, bisa di liat dari anak sekolah jaman pak Harto sama anak sekolah jaman sekarang, dl kelas 6 SD aja sudah hapal ibukota negara-negara, pegangan rpul, rpal, 1 jam berapa menit aja tau, anak skrg? ðŸ˜­ðŸ˜­ðŸ˜­",1,train,0.8710295557975769,0.12897039949893951,0,1,2.048172362199256,1,Suspected_False_Negative
KAMPUNGAN,1,train,0.8708985447883606,0.1291014552116394,0,3,2.0471567092206486,1,Suspected_False_Negative
we can see hoog liberal was high on drugs.,0,train,0.12936533987522125,0.8706346154212952,1,3,2.04511478538141,1,Suspected_False_Positive
they should have never gave a cracker a transmitter!!!!!!  will flip when he sees this.,1,train,0.8705650568008423,0.12943494319915771,0,3,2.044576893190661,1,Suspected_False_Negative
let moslems have a no bag limit on moslem girls,1,train,0.8704969882965088,0.12950295209884644,0,1,2.044051601972284,1,Suspected_False_Negative
Keluar airmata jantan aku baca,0,val,0.12955066561698914,0.8704493045806885,1,2,2.0436832340714384,1,Suspected_False_Positive
divert and defame...we voted him in to get things done...not bc he is well mannered,0,train,0.1295928806066513,0.8704071640968323,1,2,2.043357430163521,1,Suspected_False_Positive
"jay; i think once someone has alzheimers, suffers from alcoholism and is mildly retarded, people shouldnt mak;",0,val,0.12988360226154327,0.8701164126396179,1,5,2.0411165968261082,1,Suspected_False_Positive
""" Namanya anak - anak "" emangnya orang tua pelaku bullying mau anaknya ga berkembang sampe suatu saat dia jadi dewasa tetep suka menyakiti orang? Damai ya damain gausah pake kata "" namanya anak - anak "" nanti pelaku bullyingnya makin suka menyakiti orang",1,val,0.8700724840164185,0.12992751598358154,0,5,2.0407785533832175,1,Suspected_False_Negative
Iyaiya Buzzzz,1,train,0.8700277209281921,0.12997227907180786,0,1,2.0404340891741604,1,Suspected_False_Negative
user homo we go lesbians,1,train,0.8699496984481812,0.13005034625530243,0,5,2.0398336246127244,1,Suspected_False_Negative
apa yg kau taman itulah yg kau tuai aminn,1,val,0.869925320148468,0.1300746351480484,0,2,2.039646876744946,1,Suspected_False_Negative
parah kamu bang nama kamu sudah rusak karena narkoba tambah saja truss,0,train,0.13009639084339142,0.8699036836624146,1,4,2.039479635252079,1,Suspected_False_Positive
"Jika hewan ini benar -benar sensitif, apa yang salah dengan kucing yang Anda masukkan ke dalam pengering sampai Anda mati dia",0,val,0.13031530380249023,0.8696846961975098,1,1,2.0377983512301494,1,Suspected_False_Positive
that has been proven many times over by the jew media in the u.s !,0,train,0.1306460201740265,0.8693540096282959,1,3,2.0352637492167474,1,Suspected_False_Positive
user not stanning the boyz is an act of violent islamophobia btw,1,train,0.8693522214889526,0.13064777851104736,0,4,2.0352502905198344,1,Suspected_False_Negative
momma said no pussy cats inside my doghouse,0,train,0.13065683841705322,0.8693431615829468,1,3,2.0351809468846853,1,Suspected_False_Positive
it started with cameron and may is even worse. she is not a conservative!,1,train,0.8692989349365234,0.1307009905576706,0,5,2.0348430795155648,1,Suspected_False_Negative
careful now soyboy stickman. your arms might fall clean off. dweeb.,1,train,0.8692710399627686,0.13072900474071503,0,4,2.034628764527572,1,Suspected_False_Negative
Saya tidak tahu harus berkata apa sekarang bahwa saya orang yang menyakitkan sehingga orang lain tidak menilai saya,1,train,0.86917644739151,0.1308235228061676,0,1,2.0339060181603053,1,Suspected_False_Negative
selengekan,0,train,0.13085301220417023,0.869147002696991,1,3,2.0336806299868773,1,Suspected_False_Positive
natitude? okay. im only going to say it once. comb yer beards. lol wiggers,0,train,0.1309908777475357,0.8690091371536255,1,2,2.0326275937206453,1,Suspected_False_Positive
ahahahh!!ping pang pow! how u like me now! shouts out  my bro dre hogg style ent! uza fool  dis,0,val,0.13103125989437103,0.8689687252044678,1,2,2.032319359099567,1,Suspected_False_Positive
crazy how funny jim used to be. now its funny how crazy he has become.,1,train,0.868939220905304,0.13106076419353485,0,3,2.032094214519978,1,Suspected_False_Negative
you can sleep safe at night knowing these wonderful ladies at nato are defending you from moslem terrorist,1,train,0.8688753247261047,0.13112470507621765,0,2,2.0316064614486233,1,Suspected_False_Negative
amp; thots are wearing uggs rt  itsfallbecause negros are pulling out their timbs,0,train,0.13113196194171906,0.8688680529594421,1,4,2.0315511197439813,1,Suspected_False_Positive
user user i hate you,1,train,0.8688061833381653,0.13119380176067352,0,1,2.031079646265912,1,Suspected_False_Negative
Klw sy TDK banyak bicara' langsung sy tempeleng itu anak orangtuanya keberatan orang tuanya sy marah karna orangtuanya TDK mendidik anaknya dgn baik..,0,train,0.13136549293994904,0.8686344623565674,1,5,2.029771818226968,1,Suspected_False_Positive
udah di bilang kemarin kebanyakan pakai filter kok ngga percaya,1,train,0.8686293959617615,0.13137052953243256,0,2,2.029733478661371,1,Suspected_False_Negative
tinggl d LN bukny mkin cantik glowing laaa ini beda sndiri ðŸ¤£ agak laen ng,1,train,0.8682149648666382,0.13178499042987823,0,2,2.0265835448108636,1,Suspected_False_Negative
to all my muslim moots mute me just in case,1,train,0.8682007789611816,0.13179922103881836,0,2,2.0264755671070804,1,Suspected_False_Negative
it is easier for other races to follow the herd but not whites .,1,train,0.8680528998374939,0.13194707036018372,0,2,2.025354418930414,1,Suspected_False_Negative
surrender of divinity  conquerors of the apocalypse  via  gt;oriental black metal hell!!,0,train,0.13201303780078888,0.8679869771003723,1,2,2.024854590055224,1,Suspected_False_Positive
try looking for plain old democrats.  the liberals are the ones which you cant have a conversation with.,0,train,0.13201528787612915,0.8679847121238708,1,2,2.0248375458586625,1,Suspected_False_Positive
reason is he is in a small market on a mediocre team.,1,train,0.8677223920822144,0.13227766752243042,0,4,2.0228520239055423,1,Suspected_False_Negative
liberals heads are exploding. its so fun to watch them melt down.,0,train,0.13240396976470947,0.8675960302352905,1,1,2.021897652811573,1,Suspected_False_Positive
Di antara dia melenturkan/ menipu orang di sana wk,0,train,0.1324152648448944,0.8675847053527832,1,2,2.02181234873456,1,Suspected_False_Positive
oh goodie yet another ghetto lottery participant any excuse for the free giddings,1,train,0.8675104379653931,0.13248959183692932,0,3,2.021251188815362,1,Suspected_False_Negative
i cant believe you replaced the american flag with the antifa flag!!,1,train,0.8670056462287903,0.1329943984746933,0,3,2.017448268378947,1,Suspected_False_Negative
my latest the left is the greatest danger america faces,1,train,0.8669828772544861,0.13301709294319153,0,3,2.0172776406483,1,Suspected_False_Negative
user it  not even very clever and seems retarded but it provides number lulz,1,train,0.8669163584709167,0.13308362662792206,0,2,2.016777576715935,1,Suspected_False_Negative
kavanaughs judicial philosophy on gun control is foolish and heartless. url,0,train,0.13317789137363434,0.8668221235275269,1,3,2.0160695153305865,1,Suspected_False_Positive
"kalau penyidiknya kompeten berarti seharusnya gaada masalah kan? jadi ini semua bukan masalah besar kecil wewenangnya, tapi kompeten atau tidak aparatnya?",1,train,0.8667848110198975,0.13321515917778015,0,1,2.0157897197104546,1,Suspected_False_Negative
cosplay jadi Kasino warkop hehe,0,train,0.13328547775745392,0.8667144775390625,1,2,2.015262001787418,1,Suspected_False_Positive
suaranya emang gtuh ya,0,train,0.1333259642124176,0.86667400598526,1,2,2.0149582904764873,1,Suspected_False_Positive
boycotting nfl for the rest of my life.,1,train,0.8666623830795288,0.1333376169204712,0,2,2.0148708941547886,1,Suspected_False_Negative
minimal tidak,1,train,0.8664961457252502,0.13350388407707214,0,1,2.013624707354783,1,Suspected_False_Negative
seems that the nwo is taken seriously by may,1,val,0.8664416074752808,0.13355836272239685,0,4,2.013216722723984,1,Suspected_False_Negative
anti violence laws just saved a white man from my nail scratches,1,train,0.8662562370300293,0.13374371826648712,0,4,2.011829860540841,1,Suspected_False_Negative
cheating is not the wave grow up you dumbass nigga,0,train,0.13376352190971375,0.8662364482879639,1,1,2.0116817999257357,1,Suspected_False_Positive
"Itu yg halangi ga ngrasain ya klo anak elu yg di buly dianiaya, sok sabar2....semoga aja yg misahin merasakan seperti apa yg ibu itu rasakan, semoga anaknya di buly biar bisa ngrasain kli disuruh sabar gmn rasanya.....!!!!",1,train,0.8660873174667358,0.13391275703907013,0,2,2.010566757939911,1,Suspected_False_Negative
user you  re so gay lmao,1,train,0.8660780191421509,0.1339220404624939,0,1,2.010497435928626,1,Suspected_False_Negative
for what??? lies and rumors being spread by liberals with their known pattern? hell no.,1,train,0.866058349609375,0.13394170999526978,0,3,2.010350573706488,1,Suspected_False_Negative
cakep kok guys.. tp boong,1,train,0.8657136559486389,0.1342862844467163,0,2,2.0077813069026123,1,Suspected_False_Negative
Pantes ujan seharian,0,train,0.13429468870162964,0.8657053112983704,1,4,2.00771872424966,1,Suspected_False_Positive
republicans constantly tell us about respecting law enforcement but ignore their judgment on gun control,1,train,0.8655664920806885,0.1344335526227951,0,5,2.006685234558802,1,Suspected_False_Negative
yes kill em with kindness.  let potus and the militaryleos handle the violence. url nowwatching,1,train,0.8655651211738586,0.13443489372730255,0,5,2.0066752586428804,1,Suspected_False_Negative
user tell me you are actually going to make the nazi pug shirt,0,train,0.1345585584640503,0.8654414415359497,1,4,2.0057557957752707,1,Suspected_False_Positive
its great to be white. fixed it for you,1,train,0.8653544783592224,0.1346454620361328,0,2,2.0051101622149705,1,Suspected_False_Negative
Never gonna let u 👇😢❤❤🎉🎉😊,1,train,0.8651615977287292,0.13483840227127075,0,4,2.003678237757445,1,Suspected_False_Negative
please take john harwoods pen away.  he is incapable of unbiased reporting.,1,train,0.8650633692741394,0.13493657112121582,0,4,2.0029504545013217,1,Suspected_False_Negative
"dia klarifikasi karena takut kena bully, gak dapet kerja dan dikeluarkan dari kampus. bukan betulan menyesal",1,train,0.8650092482566833,0.13499073684215546,0,4,2.0025491188819258,1,Suspected_False_Negative
"your a good gravedigger, charlie brown spookybroadway",0,train,0.1350547820329666,0.8649452328681946,1,5,2.0020747900185643,1,Suspected_False_Positive
"nanti di ewe, lalu kalau bisa mereka menggilir. itu banyak terjadi di sekolah, kampus, dan pompwsy",0,val,0.13507354259490967,0.8649264574050903,1,4,2.0019358889092556,1,Suspected_False_Positive
dorothy a dirty slut,1,train,0.8648762106895447,0.13512380421161652,0,3,2.0015638525596717,1,Suspected_False_Negative
damnit you got another muslim cut the line son,0,train,0.13553982973098755,0.8644601702690125,1,3,1.998489735501995,1,Suspected_False_Positive
you are right jared we should not judge tara or lauren southern by their distant yid ancestry arguing percentages is frivolous but we should judge them on the positions they take on the issues,1,val,0.8644062280654907,0.13559380173683167,0,5,1.9980916144259426,1,Suspected_False_Negative
"""antrian kendaraan itu panjang seperti ular""",0,train,0.13576069474220276,0.8642392754554749,1,2,1.9968615406399528,1,Suspected_False_Positive
poor kid. what a hateful mother,0,train,0.13583910465240479,0.8641608357429504,1,3,1.9962841476333661,1,Suspected_False_Positive
lhaa iyaa mbak... gitu kok masih menjabattt yaa😭😭😭 banyak korban e yg motor rusak habis ratusan ribu sampai jutaan lhoo😭😭😭,1,train,0.8638684153556824,0.13613153994083405,0,4,1.9941336552405806,1,Suspected_False_Negative
evolution. an evolution we helped to enact.   brexit is economic and social suicide.,1,train,0.8638291954994202,0.13617078959941864,0,2,1.9938453752326741,1,Suspected_False_Negative
"Saran gua y ini mah saran doang buat korban bully yang kalo dibully mereka gk mau ngelawan karena ketakutan, buat apa kalian takut ha buat apa anj, hajar lg aja, nanti ujung²nya jg kalian babak belur karena dihajar, mending ada perlawanan dari pada tanpa perlawanan sama sekali",1,train,0.8636344075202942,0.136365607380867,0,5,1.992415710668308,1,Suspected_False_Negative
who cares??? she broke into his home and shot him. she is the one. that needs to be held fully accountable for her actions.,0,val,0.13665464520454407,0.8633453845977783,1,3,1.9902983737387399,1,Suspected_False_Positive
Gue trkdg bingung ma yg nntn di bioskop. Udh cape2 ngantri &amp; bayar tix pun mahal eh begitu dlm bioskop bukannya nntn malah main hp. GOBLOG!!',1,train,0.8633110523223877,0.1366889476776123,0,2,1.9900473894527237,1,Suspected_False_Negative
hell to have a teacher like this .,1,train,0.8632454872131348,0.13675451278686523,0,3,1.9895678379549622,1,Suspected_False_Negative
liberals as per odia standards ....rw is liberal when it comes to my state,1,train,0.8629662990570068,0.13703374564647675,0,2,1.9875280648980331,1,Suspected_False_Negative
Ibnuu ibnuu kebelet validasi,1,train,0.8626559376716614,0.13734406232833862,0,5,1.985266097602183,1,Suspected_False_Negative
Rusak,0,train,0.13748154044151306,0.8625184893608093,1,2,1.9842656222224786,1,Suspected_False_Positive
"STOP MENTION KUDA LUMPING, masih tidak nyangka pikiran orang bisa pada sampe ke kuda lumping 😭",0,train,0.13759192824363708,0.8624081015586853,1,3,1.983463016223598,1,Suspected_False_Positive
israely zionist indeed prepeared the georgian attack .,1,train,0.8623668551445007,0.13763317465782166,0,5,1.9831632876446381,1,Suspected_False_Negative
the fuck is viewpoint discrimination,0,train,0.13772134482860565,0.8622786402702332,1,1,1.9825228756117297,1,Suspected_False_Positive
Mantan suami dulu sempet kerja di kapal dan kaptennya org korea dia dan 4temennya dibully dan hampir di cekoki daging babi. Tiap hari dihina dengan kata2 binatang. Jadi jujur nggak kaget denger di korea banyak pembullyan dari masa muda sampek tua ternyata pembully,1,train,0.861991286277771,0.1380087435245514,0,3,1.98043823695846,1,Suspected_False_Negative
just because we can  breed  does nt mean we should .,1,train,0.8619716167449951,0.1380283236503601,0,1,1.9802963710413792,1,Suspected_False_Negative
many of them are doing just as their masters desire .,1,train,0.8619099259376526,0.1380900889635086,0,5,1.9798489882421375,1,Suspected_False_Negative
this nazi should have died number yrs ago why is he still breathing,0,train,0.13815580308437347,0.8618441820144653,1,1,1.979373222817231,1,Suspected_False_Positive
user user illegal immigrants aren  t americans,1,train,0.8617913722991943,0.13820861279964447,0,5,1.9789910483195132,1,Suspected_False_Negative
Aki aki,1,train,0.8617337942123413,0.13826623558998108,0,5,1.9785742090192542,1,Suspected_False_Negative
fuck  i didnt realize it until i got on and finally played it again,0,train,0.13832208514213562,0.861677885055542,1,5,1.9781703629510923,1,Suspected_False_Positive
get this nigga zion some lugz those soles strong as shit,0,train,0.13851816952228546,0.8614818453788757,1,4,1.9767537740725845,1,Suspected_False_Positive
edan nih orang sudah makan uang rakyat tidur,0,train,0.13856443762779236,0.86143559217453,1,2,1.9764198079213864,1,Suspected_False_Positive
elon sometimes opens his mouth only to replace one foot with the other,1,train,0.8614253401756287,0.13857468962669373,0,2,1.9763458234284164,1,Suspected_False_Negative
user now now you naughty little slut,1,train,0.861330509185791,0.13866950571537018,0,5,1.9756618336896514,1,Suspected_False_Negative
what happens when you elect ghetto girls,1,train,0.861309826374054,0.13869020342826843,0,1,1.9755125855310016,1,Suspected_False_Negative
user  asians are the cause of everything bad,1,train,0.8611845374107361,0.1388155221939087,0,5,1.974609405793876,1,Suspected_False_Negative
muslim girls can  t ride ferris wheels,1,train,0.8611377477645874,0.13886229693889618,0,1,1.9742725063931534,1,Suspected_False_Negative
my gay ass cant take this anymore,0,train,0.13887163996696472,0.8611283898353577,1,1,1.9742052259723581,1,Suspected_False_Positive
at pussy cat lounge killin it with my girlz  and,0,train,0.13892264664173126,0.8610773682594299,1,4,1.973837999734825,1,Suspected_False_Positive
user you are gay right,1,train,0.8610475659370422,0.13895241916179657,0,2,1.9736237126407805,1,Suspected_False_Negative
ur evil and a need for reassurance and comfort from others male only for some reason  is  normal!!!,0,train,0.13896343111991882,0.8610365390777588,1,1,1.973544465932708,1,Suspected_False_Positive
enough fucking around! release the memo!!,0,train,0.13899677991867065,0.8610032200813293,1,2,1.9733045121725115,1,Suspected_False_Positive
stop crying over that manipulative toxic ass mf and go be a slut,0,train,0.13906243443489075,0.8609375357627869,1,3,1.9728322781011263,1,Suspected_False_Positive
the judge triple white and he hate your blackness slam the gavel with a racist passion,0,train,0.139094278216362,0.8609057664871216,1,5,1.9726033152168092,1,Suspected_False_Positive
well i wonder if its started messing with the daughter yet .,1,train,0.8603384494781494,0.1396615207195282,0,2,1.9685334928971354,1,Suspected_False_Negative
tan skin engga masalah sama sekali tp ada yg bersih ada yg kurang bersih,1,train,0.8602693676948547,0.13973060250282288,0,1,1.9680389779916634,1,Suspected_False_Negative
ini emg gelap? apa krna gk kena lighting?,1,train,0.8602604866027832,0.13973955810070038,0,3,1.9679748881592374,1,Suspected_False_Negative
"pemerintah ga akan mempermudah pesaingnya bg,kalau shell atau yg lain makin banyak,otomatis pertamanya akan kalah saing",0,train,0.13982555270195007,0.8601744771003723,1,4,1.9673596854702107,1,Suspected_False_Positive
wtf is wrong with the left? seriously.,1,train,0.86011803150177,0.13988201320171356,0,1,1.9669559745419924,1,Suspected_False_Negative
Antikristus,1,val,0.8601111173629761,0.13988883793354034,0,5,1.9669071865299428,1,Suspected_False_Negative
"Mau siapapun pelatih lokal Korea misal ngelatih timnas korsel, jika gagal pasti akan di benci juga,itu SDM org2 Korea emang begitu,sty aja di lempar telur,masih beruntung itu pelatih Hong,Rasis di sana itu tinggi jd wajar wajar saja",1,train,0.8600921034812927,0.13990794122219086,0,5,1.9667706353606418,1,Suspected_False_Negative
than why did you show us how hot she is ?,0,train,0.14016729593276978,0.8598327040672302,1,2,1.9649185988339817,1,Suspected_False_Positive
pedophilia promoted by mohammed piss be upon him perfect rolemodel for every moslem,1,train,0.8596192002296448,0.14038074016571045,0,3,1.9633969751071365,1,Suspected_False_Negative
paling gabisa kalau soal ac rusak??,1,train,0.8594843149185181,0.14051571488380432,0,4,1.9624359467562564,1,Suspected_False_Negative
cnn commentator all trump supporters are racist,1,train,0.8593236804008484,0.14067627489566803,0,3,1.9612939510014042,1,Suspected_False_Negative
its not your name. youre account is as fake as a  dollar bill. you are about as dense as stale unleavened bread.,0,train,0.14071643352508545,0.8592835664749146,1,2,1.9610085233518006,1,Suspected_False_Positive
"gw jg manurung, asli malu & marah bget atas sikap bocah tengil bgini",0,train,0.1407831758260727,0.8592168688774109,1,4,1.9605343322693214,1,Suspected_False_Positive
@Zonatoko: Miss Nrocos Tasyi,1,train,0.8590822219848633,0.14091773331165314,0,2,1.959579010568544,1,Suspected_False_Negative
user sounds like a gay porn i  d sit through and watch,1,train,0.8590700626373291,0.1409299075603485,0,4,1.9594926217049347,1,Suspected_False_Negative
sure and it all kashmiri need too kashmir looks ahead terrorism is unislamik,0,train,0.1411101222038269,0.8588898777961731,1,4,1.958214684894652,1,Suspected_False_Positive
you are your daddys first mistake.,0,train,0.14112626016139984,0.8588737845420837,1,3,1.958100327153419,1,Suspected_False_Positive
"Hapus admin, bikin aku bahlilphobia",1,train,0.8588292598724365,0.1411707103252411,0,4,1.9577854093976104,1,Suspected_False_Negative
is it wrong that i hate asians even though i am asian speekfreely newgabber gab followattack,1,train,0.8587821125984192,0.1412178874015808,0,4,1.9574512806320838,1,Suspected_False_Negative
gemeshh kaya pengen cubit,0,train,0.14126315712928772,0.8587368726730347,1,5,1.9571307654756092,1,Suspected_False_Positive
trump rule  do not fuck potus trump.,0,train,0.14161694049835205,0.8583831191062927,1,4,1.9546294685905707,1,Suspected_False_Positive
sejak 2014 gaduh terus,0,val,0.14188235998153687,0.8581176400184631,1,5,1.9527570155701643,1,Suspected_False_Positive
ini bukan dosen tapi Walid nak Dewi boleh??,1,train,0.8579946160316467,0.14200536906719208,0,5,1.9518904117633304,1,Suspected_False_Negative
Npd gk sih klw gt,1,train,0.8579290509223938,0.1420709490776062,0,4,1.951428704768482,1,Suspected_False_Negative
i love retarded people no cap,0,train,0.14213791489601135,0.857862114906311,1,2,1.950957461059133,1,Suspected_False_Positive
user user i  m not on about your beef i was talking about calyko being retarded but yours also needs to stop,0,train,0.14233747124671936,0.8576624989509583,1,3,1.9495544828532019,1,Suspected_False_Positive
don  t you hate when you accidentally fall for her so ghetto,1,train,0.8576130270957947,0.1423870027065277,0,1,1.9492065572982238,1,Suspected_False_Negative
and i dont have any confidence nonwhatsoever in you barack! youre the sole reason why this country is in thi;,0,train,0.14241673052310944,0.8575832843780518,1,2,1.94899779727705,1,Suspected_False_Positive
liking someone is ghetto that  why ion like to do it,1,train,0.8575551509857178,0.14244480431079865,0,1,1.9488006924780714,1,Suspected_False_Negative
religious predators accelerate the death of religion,0,train,0.14272205531597137,0.8572779893875122,1,3,1.9468562092173367,1,Suspected_False_Positive
user user wrong that sanders is a commie nazi wanna be wtf,1,train,0.8568511605262756,0.14314888417720795,0,2,1.9438700422486372,1,Suspected_False_Negative
kayanya cocok sm si logo arsenal,1,val,0.8568470478057861,0.14315295219421387,0,3,1.9438416245684873,1,Suspected_False_Negative
conservatives cut police funding person complains about crime person votes conservative to tackle crime  ?,1,train,0.8568418025970459,0.14315825700759888,0,5,1.9438045682939502,1,Suspected_False_Negative
this is real ghetto,1,train,0.8567149043083191,0.14328506588935852,0,1,1.9429191652846471,1,Suspected_False_Negative
she is the absolute worst! elizabethholmes theranos minutes so happy  cms shut this fraud down!,0,train,0.14356300234794617,0.8564370274543762,1,3,1.940981299380414,1,Suspected_False_Positive
kata gua sih emang udah di setting dari awal😆,1,train,0.8562477827072144,0.14375227689743042,0,1,1.9396637601436448,1,Suspected_False_Negative
Untung kawan sekolah aku anak org miskin semua JD gadak yg sok mantap wkwkwk,0,train,0.14384229481220245,0.856157660484314,1,4,1.9390377544636586,1,Suspected_False_Positive
Kita dukung apapun keputusan lo,0,train,0.14413350820541382,0.855866551399231,1,2,1.9370152686198763,1,Suspected_False_Positive
trus maksudnya ngelamar itu apaan yaa bambang😭,1,train,0.8552454113960266,0.14475463330745697,0,4,1.9327151540087926,1,Suspected_False_Negative
your a greaser,0,train,0.14498406648635864,0.8550159931182861,1,2,1.9311314289004795,1,Suspected_False_Positive
PLIS merusak ara,0,train,0.14510416984558105,0.854895830154419,1,1,1.930303381768313,1,Suspected_False_Positive
Demo 299 adalah demo stress frustrasi dan gagal. Tadinya demo itu menjadi demo massal dengan ratusan ribu dan... URL,1,train,0.8548306822776794,0.14516934752464294,0,5,1.9298543040794647,1,Suspected_False_Negative
if it continues england will become a cesspool of sh   pardon my english,1,train,0.8548305630683899,0.14516940712928772,0,4,1.9298538934925635,1,Suspected_False_Negative
i confess. im autistic or something. i thought aerosmith dreamon was ledzeppelin until like yesterday....... retarded,0,train,0.14526847004890442,0.854731559753418,1,3,1.9291717309287773,1,Suspected_False_Positive
"""Lupa di edit ya tu muka melar""",1,train,0.8547312617301941,0.14526866376399994,0,4,1.9291703974324839,1,Suspected_False_Negative
oo shit that official shit too is movie violence nsfw eh better safe than sorry,0,train,0.14535732567310333,0.8546426296234131,1,3,1.9285602530195518,1,Suspected_False_Positive
"abidzar, mending lu mandi dulu dah kata gua mah",1,train,0.854482889175415,0.14551711082458496,0,4,1.927461599115979,1,Suspected_False_Negative
gun control support is his downfall.,0,train,0.14554889500141144,0.8544511198997498,1,1,1.9272432007024465,1,Suspected_False_Positive
user hunt down all the police just like nazi sympathizers were after the war,1,train,0.8543334603309631,0.1456664800643921,0,5,1.926435653577957,1,Suspected_False_Negative
we have been saved from you! maga!,1,train,0.854218602180481,0.14578138291835785,0,4,1.9256471567350364,1,Suspected_False_Negative
guilt by association i see. a great tactic by spineless antiwhite liberals.,0,train,0.1457987278699875,0.8542012572288513,1,2,1.9255281846171974,1,Suspected_False_Positive
i have number niggas again this is ghetto,1,train,0.8541499972343445,0.14584995806217194,0,1,1.9251768702092642,1,Suspected_False_Negative
whoever made this thread has the big gay,1,train,0.8541107773780823,0.14588917791843414,0,1,1.9249080008553694,1,Suspected_False_Negative
last thing we want is them moving off the reserves .,1,train,0.8540433049201965,0.14595669507980347,0,5,1.924445310313405,1,Suspected_False_Negative
fuck it heres a thread of the cql women being stunning in dresses,0,train,0.1461246758699417,0.8538753390312195,1,3,1.9232950773621391,1,Suspected_False_Positive
gapapa gaes.. yg penting abg nya pede dulu punya otak atau engga belakangan,1,train,0.8537659049034119,0.14623410999774933,0,1,1.922546448361004,1,Suspected_False_Negative
minus well keep him how he is bruh,1,train,0.8536586165428162,0.14634141325950623,0,2,1.921812940203019,1,Suspected_False_Negative
drinking by myself how ghetto,1,train,0.8535327911376953,0.1464671939611435,0,1,1.9209538076073769,1,Suspected_False_Negative
pigeon girl can also send pigeons to poop on all maga hats.,1,train,0.8534290194511414,0.14657104015350342,0,3,1.9202450523350774,1,Suspected_False_Negative
school food ass anyways,0,train,0.14665161073207855,0.853348433971405,1,4,1.919695500106697,1,Suspected_False_Positive
kurus bangett mau dilirik siapasi,1,train,0.8532660007476807,0.1467340737581253,0,4,1.9191333525134247,1,Suspected_False_Negative
looking like a hillbilly and not matching is what i do best goodnight losers,1,train,0.8532597422599792,0.14674030244350433,0,2,1.9190909046141527,1,Suspected_False_Negative
its frustrating to watch politicians who know next to nothing about a topic write law!,1,train,0.8531996607780457,0.14680030941963196,0,1,1.9186820550407826,1,Suspected_False_Negative
"congratulations for reinforcing the stereotype for insecure, uneducated, uncivilized, ba;",0,train,0.1468493491411209,0.8531506657600403,1,1,1.918348053481338,1,Suspected_False_Positive
omg what country were you in?? it wasnt america. but again you liberals will believe anything,1,train,0.8531125783920288,0.14688743650913239,0,1,1.9180887235636321,1,Suspected_False_Negative
hiya sexy p s bolna xxx,1,train,0.8529253602027893,0.14707466959953308,0,4,1.9168148647102035,1,Suspected_False_Negative
Siapa yg lepasin dari kandang woy,1,train,0.8528168797492981,0.1471831500530243,0,4,1.916077548987999,1,Suspected_False_Negative
cocok abidzar ganti Jefry nicol,1,train,0.852669894695282,0.1473301500082016,0,4,1.9150792920851423,1,Suspected_False_Negative
more bad news for democrats  maga  url,1,train,0.8525241017341614,0.14747588336467743,0,5,1.9140906191826281,1,Suspected_False_Negative
"woman accusing supreme court nominee kavanaugh of physical and sexual assault should not be ignored or insulted,whitehouse senior counselor  saysbecause a rapist amp;atempted murderer cant go free because he was yrs ,drunk amp; wanted ittcot pjnet maga url",0,val,0.14752280712127686,0.8524771332740784,1,4,1.9137724906043767,1,Suspected_False_Positive
another person that should be blocked is  camillekruger. this person isnt vulgar but has some sort of agenda where heshe is copy amp; pasting every one of eds tweets amp; passing them off as their own. every single tweet. its sick amp; creepy.,0,val,0.14758378267288208,0.8524162769317627,1,4,1.9133592463422577,1,Suspected_False_Positive
ini uda termasuk cyber bullying loh bro *ketawa dikit,1,train,0.8524020314216614,0.147597998380661,0,2,1.9132629280143503,1,Suspected_False_Negative
beto is a joke,1,val,0.852082371711731,0.14791758358478546,0,4,1.9111000279967776,1,Suspected_False_Negative
cok mau muntah anjg,0,train,0.14809556305408478,0.8519044518470764,1,1,1.9098975172788097,1,Suspected_False_Positive
user user another group of feminazis released in to society yikes,1,train,0.8516395688056946,0.14836041629314423,0,2,1.908110720398492,1,Suspected_False_Negative
masa RK mau sm kulkas 2 pintu,1,train,0.8515916466712952,0.14840832352638245,0,3,1.9077878613690435,1,Suspected_False_Negative
death to jeremy corbin by any means necessary !,1,train,0.85153728723526,0.14846275746822357,0,2,1.9074211436525939,1,Suspected_False_Negative
and she is obviously trying to be cardi! shes desperate url,0,train,0.14866383373737335,0.8513361215591431,1,4,1.9060676713899487,1,Suspected_False_Positive
i am baffled by the feminist love of islam. i understand why pedos love it.,1,train,0.8513303399085999,0.14866970479488373,0,5,1.9060281799989665,1,Suspected_False_Negative
@RE IPPO:Sigit rendang: pengendali makhluk gaib,0,train,0.14906597137451172,0.8509340286254883,1,1,1.9033663101236002,1,Suspected_False_Positive
user felix said lesbian rights  lesbians said dykes love felix,0,train,0.14913377165794373,0.8508662581443787,1,2,1.9029115794527363,1,Suspected_False_Positive
"kata gue ape, yg tulus cuma penyanyi ðŸ˜­",1,val,0.8507490158081055,0.1492510437965393,0,4,1.902125533122227,1,Suspected_False_Negative
most likely a russian  troll,0,train,0.14931921660900116,0.8506808280944824,1,1,1.9016688713398113,1,Suspected_False_Positive
a resounding no!  maga,1,train,0.8506757616996765,0.1493242084980011,0,4,1.9016354409102036,1,Suspected_False_Negative
i fucking hate myself,1,train,0.8506267666816711,0.14937320351600647,0,2,1.9013073830397693,1,Suspected_False_Negative
the fact that newsweek no longer tries to give both sides of the story but instead only gives the side of antifa far left liberals and their gods in the deepstatepanic   take a look at newsweeks circulation they dont even have enough readers to put out a print edition anymore,1,val,0.8505473136901855,0.14945271611213684,0,3,1.9007752163648983,1,Suspected_False_Negative
gw cuman keliatan idungnya woii??????,0,train,0.14957432448863983,0.850425660610199,1,3,1.8999618559212215,1,Suspected_False_Positive
only whites and asians survive the cold low iq can not do cold weather,1,train,0.8503676056861877,0.14963237941265106,0,2,1.8995737969373632,1,Suspected_False_Negative
user           i hate you,1,train,0.8503623008728027,0.14963772892951965,0,4,1.8995380465117775,1,Suspected_False_Negative
thank you for yours. loving gab to bits!  screw,0,train,0.14967110753059387,0.8503289222717285,1,2,1.8993150086515702,1,Suspected_False_Positive
coba liat bibir mu sayang pantat ayam wajah mu bulukan kentut perfectoooo,0,train,0.14981305599212646,0.8501868844032288,1,5,1.8983670555411776,1,Suspected_False_Positive
user if you hate nazis visit a concentration camp,1,train,0.8500009775161743,0.1499989777803421,0,3,1.8971267997068215,1,Suspected_False_Negative
user bhakts may not agree for   crore muslim population,1,train,0.8495349287986755,0.15046508610248566,0,1,1.8940242077361238,1,Suspected_False_Negative
gak bakal bisa sembarangan mecat orang b 90 ini,0,val,0.15046925842761993,0.8495307564735413,1,3,1.8939964785971246,1,Suspected_False_Positive
gt;tfw she is a lesbian,1,train,0.8495153188705444,0.1504846215248108,0,4,1.8938943825735968,1,Suspected_False_Negative
WE ALL KNOW U CAME FROM THAT ONE VIDEO LMAO 😂,1,train,0.8494210839271545,0.15057890117168427,0,2,1.8932680718926418,1,Suspected_False_Negative
Mas Hansol kadang itu perempuan kalo lagi cinta sama laki kebangetan begonya. Jadi kalo yang nasibnya sial ya kaya gini sampe dia harus mati di tangan orang yang dari awal cuma manfaatin dia sebagai pemuas nafsunya tapi si cewe berfikir kami saling cinta. Aslinya cinta itu tidak menyakitkan. Jadi kalo dalam hubungan ada rasa sakit yang dirasakan berarti itu bukan cinta tapi salah satunya adalah korban!? 🙄,1,train,0.8492835760116577,0.15071643888950348,0,4,1.892355095758695,1,Suspected_False_Negative
idihhhh,1,train,0.8492560386657715,0.15074393153190613,0,5,1.8921726993631725,1,Suspected_False_Negative
its a lot of uncle tom ass niggas out here.,1,train,0.8490973711013794,0.1509026437997818,0,3,1.891120393151196,1,Suspected_False_Negative
"neneknya bego. ""namanya anak2."" coba klu cucunya yg d gituin pasti udah mencak2. laporin aja secara hukum Bu..biar tau rasa",0,train,0.15094956755638123,0.8490504026412964,1,4,1.8908094876470316,1,Suspected_False_Positive
dari awal udh gaenak badan🙏,0,train,0.15103012323379517,0.8489698171615601,1,2,1.8902759704484813,1,Suspected_False_Positive
aura prindavan,0,train,0.15103763341903687,0.8489623665809631,1,4,1.890226245278695,1,Suspected_False_Positive
"gayanya udah kaya aktor chungmuro,Ryu Jun Yeol juga kalah gaya nya😭🤣🤣👊🏻",0,val,0.15110978484153748,0.8488901853561401,1,5,1.889748654410718,1,Suspected_False_Positive
raging on tl but i fucking hate being a female ok bye,1,train,0.8488669991493225,0.1511329859495163,0,2,1.8895951281049364,1,Suspected_False_Negative
gak punya hati dah,0,train,0.15165677666664124,0.8483432531356812,1,1,1.8861353596168584,1,Suspected_False_Positive
dr. blasey ford kavanaugh metoo . . femfrauds maga maddow morningjoe wednesdaywisdom url,0,train,0.15182740986347198,0.8481726050376892,1,2,1.8850108646850994,1,Suspected_False_Positive
Bang telah malu dengan lingkungan itu,1,train,0.848106861114502,0.15189315378665924,0,3,1.8845779409250223,1,Suspected_False_Negative
user nope the gays do,1,train,0.8480616807937622,0.1519383043050766,0,5,1.8842807332623708,1,Suspected_False_Negative
user he  just gay in general no stipulations are needed,1,train,0.8478472828865051,0.1521526724100113,0,3,1.8828708384817987,1,Suspected_False_Negative
dia sama ricis sama aja,0,train,0.15219882130622864,0.8478012084960938,1,5,1.8825675779588584,1,Suspected_False_Positive
mob death threats?  has antifa turned on her?  maxine waters?,1,train,0.8477481007575989,0.1522519290447235,0,1,1.8822187022279082,1,Suspected_False_Negative
selagi tidak punya power tidak bakal bisa ngapa-ngapain😂,0,train,0.15231366455554962,0.8476862907409668,1,5,1.8818133017954966,1,Suspected_False_Positive
"kavanaugh cant back out of nomination. he couldnt go back to dccircuit wno repercussions. this charge will follow him. when dems take back congress, they will launch investigations. conservatives who lie to get judgeships will be impeached for high crimes amp; misdemeanors",1,val,0.8476777672767639,0.15232229232788086,0,3,1.8817566586308365,1,Suspected_False_Negative
"""Gua kira keluar dari PENJARA bisa berubah""",0,train,0.15233728289604187,0.8476627469062805,1,3,1.881658249984648,1,Suspected_False_Positive
Warga korea berharap timnasnya juara pildun😅😅😅 tahun 2002 kalo gak bayar wasit jadi bubur itu korea😅,0,train,0.15250839293003082,0.8474916815757751,1,1,1.8805356488423146,1,Suspected_False_Positive
Aku harap dia tak jual fhone 8 dia semata nak beli Xs tu,0,train,0.15275068581104279,0.8472493290901184,1,4,1.8789481911791837,1,Suspected_False_Positive
at an antifa riot and screaming at white people,1,train,0.8470134139060974,0.1529865860939026,0,5,1.8774050340220396,1,Suspected_False_Negative
i am the king of the homos,1,train,0.8469991087913513,0.15300093591213226,0,1,1.877311240535651,1,Suspected_False_Negative
is not malte muslim too sickening tweets,1,train,0.846973180770874,0.15302683413028717,0,4,1.8771419864956458,1,Suspected_False_Negative
"maaf ya cinta di mata ku jadi kayak peramal,kayak mak2 tarot tu loh",1,train,0.846902072429657,0.1530979722738266,0,5,1.8766772208619449,1,Suspected_False_Negative
buang sampah di kali angke dan bersihkan got got yg buntu namanya juga relawan,0,train,0.15319523215293884,0.8468047380447388,1,3,1.8760421438770463,1,Suspected_False_Positive
dont use his nj address.  he is never there.,0,train,0.15323515236377716,0.846764862537384,1,5,1.875781593924553,1,Suspected_False_Positive
does not islam in western countries use a similar process,0,train,0.15333375334739685,0.8466662168502808,1,2,1.8751383389487044,1,Suspected_False_Positive
the wokest thing u can do as a white person is kill yourself by self immolation,0,train,0.1533651351928711,0.8466348648071289,1,5,1.8749336962404564,1,Suspected_False_Positive
paling gk bissaa soal tapir????,1,val,0.8466059565544128,0.15339402854442596,0,4,1.874745318157218,1,Suspected_False_Negative
i prefer to get inside their heads. you can really upset some peoples mental boat by doing that.,0,train,0.15355834364891052,0.8464416265487671,1,4,1.873674695252396,1,Suspected_False_Positive
do you get the feeling he is kissing  behind so he can humiliate him later?,1,train,0.8463943600654602,0.15360558032989502,0,1,1.8733671286557396,1,Suspected_False_Negative
Satu satu nya kegagalan Korea Selatan adalah TIDAK SAMPAINYA KELUHAN RAKYAT PADA PETINGGI BOLA DISANA..!!! PETINGGI TAK TAU RAKYAT KOMPLIN APA DAN TAK ADA YG BISA DISAMPAIKAN KE PELATIH UNTUK MENJADIKAN MASUKAN..!!! KEDUA PELATIH KORSEL harus bisa mencari pelatih medern yg dapat mendengar banyak pendapat rakyat atau pakar ..!! dan memasangkan posisi pemain di posisinya . Hanya taktik serangan saja variatifnya . Juga bertahan nya ..!,1,train,0.8461320996284485,0.15386788547039032,0,1,1.8716609313196813,1,Suspected_False_Negative
the way i fucking hate my school,1,train,0.8458874225616455,0.1541125625371933,0,2,1.8700720179983144,1,Suspected_False_Negative
gaya nya selangit tp rumahnya jelek,1,train,0.8458079099655151,0.1541920155286789,0,3,1.8695565991631937,1,Suspected_False_Negative
foto tirus kalau video wariorr mukanya kek donat tidak bentuknya,1,train,0.8456457257270813,0.1543542891740799,0,2,1.868504739796289,1,Suspected_False_Negative
technically speaking he is hamstrung by drug amp; alcohol addiction,1,train,0.8453019857406616,0.15469802916049957,0,5,1.866280261235402,1,Suspected_False_Negative
cuma relawan jokowi yang gak mau bubar,0,train,0.15502122044563293,0.8449788093566895,1,5,1.8641932653328177,1,Suspected_False_Positive
Rasain,1,train,0.8448696732521057,0.1551302671432495,0,4,1.8634900818468532,1,Suspected_False_Negative
user r u retarded i graduated that  me on the screen,1,train,0.8448482155799866,0.15515176951885223,0,3,1.8633514829394304,1,Suspected_False_Negative
cat dicks have barbs so it can scrape out competing sperm,0,train,0.155159130692482,0.844840943813324,1,3,1.8633040390782827,1,Suspected_False_Positive
darrell revis took ya number receiver and made sure than nigga ain  t get number yards,1,train,0.8445211052894592,0.155478835105896,0,4,1.8612456652702258,1,Suspected_False_Negative
nothing gets me down more than my shit skin,0,train,0.15556985139846802,0.844430148601532,1,1,1.860660443090428,1,Suspected_False_Positive
dua wanita sedang tertekan oleh perkataan kang blunderðŸ—¿ðŸ˜­,1,train,0.8441068530082703,0.15589316189289093,0,1,1.858584366017062,1,Suspected_False_Negative
dari awal udh gaenak badanðŸ™,0,train,0.15589363873004913,0.8441063165664673,1,2,1.85858130727848,1,Suspected_False_Positive
Hi YouTube 😂,1,train,0.8438767194747925,0.1561233103275299,0,5,1.8571091331568177,1,Suspected_False_Negative
user yes you are right they were killed raped and removed by ghosts liar,0,train,0.15615448355674744,0.843845546245575,1,2,1.856909482525671,1,Suspected_False_Positive
both qanon and antifa will be listed as diseases,1,train,0.8437952995300293,0.1562047302722931,0,4,1.856587758601711,1,Suspected_False_Negative
WOe tandaiin mukanya mau cewek cowok jangan anggap remeh tuh nyawa org bangke bangke kasian korbannya,1,train,0.8436756730079651,0.1563243269920349,0,4,1.8558224107225307,1,Suspected_False_Negative
man man man you should hate yourself,1,train,0.8435402512550354,0.1564597189426422,0,3,1.8549566890796076,1,Suspected_False_Negative
user ya because a broke nigga got spotted so he  back now,1,train,0.843252956867218,0.15674704313278198,0,4,1.8531219632337446,1,Suspected_False_Negative
pussy ass nigga i am with the smoke and hope you follow me,0,train,0.15685731172561646,0.8431426882743835,1,1,1.8524187293935857,1,Suspected_False_Positive
holder needed to be impeached,1,train,0.8429455161094666,0.15705440938472748,0,1,1.851162977080073,1,Suspected_False_Negative
selama transfer nya jalan terus ya hajar terus...ðŸ˜…ðŸ˜‚,0,train,0.15707935392856598,0.8429206609725952,1,1,1.8510041622896611,1,Suspected_False_Positive
a fear of weapons is a sign of retarded sexual and emotional maturity sigmund freud,0,train,0.15709464251995087,0.8429054021835327,1,3,1.8509068366575607,1,Suspected_False_Positive
those queers and their machines,1,train,0.842889130115509,0.15711088478565216,0,3,1.8508034504068156,1,Suspected_False_Negative
orang naik lift kok dibilang Norak. biasa aja kali ...............,1,val,0.8428015112876892,0.15719851851463318,0,2,1.850245823238607,1,Suspected_False_Negative
they probably stole a bunch of stuff .,1,train,0.8426334261894226,0.15736660361289978,0,1,1.8491771407786635,1,Suspected_False_Negative
if furries wish to identify as animals we should be allowed to hunt them.,1,train,0.8424995541572571,0.15750041604042053,0,4,1.8483271791934586,1,Suspected_False_Negative
how long will jews be a majority in israel,0,train,0.15752018988132477,0.8424797654151917,1,5,1.8482016392093528,1,Suspected_False_Positive
Belajar lagi dari sejarah ketika Piala dunia 2002 Korea menyogok wasit hingga bisa sampai ke semifinal mengalahkan Italia. Karena hal itu banyak pemain asia berwajah Oriental yang sangat dibenci atau mengalami rasisme di Eropa Ingat ketika ada pemain Asia berwajah Oriental yang menjuarai Liga di klub Eropa pasti akan di lewatkan oleh kamera terutama di Liga Inggris.,1,train,0.8424227237701416,0.1575772762298584,0,3,1.8478392983129772,1,Suspected_False_Negative
number round my nec this that ching chong,0,train,0.15789243578910828,0.8421075344085693,1,1,1.8458412639401705,1,Suspected_False_Positive
"Sialan, mobilnya mogok pas mau berangkat",0,val,0.15842147171497345,0.841578483581543,1,1,1.8424962550322463,1,Suspected_False_Positive
any texan that would grant automatic citizenship to illegal immigrants should never be elected.,1,train,0.8413581252098083,0.15864187479019165,0,5,1.8411059769496578,1,Suspected_False_Negative
padahal sampe ada korban ternyata dpr emng bukan wakil rakyat ðŸ˜¢,0,train,0.15882287919521332,0.8411771655082703,1,3,1.8399656650103773,1,Suspected_False_Positive
politisi PDIP ini sudah seharusnya dilaporkan kepada pihak yang berwajib karena membuat pernyataan yang sangat mencederai keluarga besar almarhum bapak Soeharto,1,train,0.8411178588867188,0.15888212621212006,0,2,1.8395926962715463,1,Suspected_False_Negative
and niggas still gonna complain about geno ffs,1,train,0.8410434126853943,0.1589566022157669,0,4,1.839124056056565,1,Suspected_False_Negative
adjusting for these niggas is ghetto let him adjust to you sis,1,train,0.8409377336502075,0.1590622216463089,0,1,1.8384598222030926,1,Suspected_False_Negative
Kita tidak harus lebih baik darinya ... manusia terendah adalah diri kita sendiri.,0,train,0.15919187664985657,0.840808093547821,1,4,1.8376450329424687,1,Suspected_False_Positive
what a waste of ones short life.,1,val,0.8402421474456787,0.1597578376531601,0,1,1.8340961249363805,1,Suspected_False_Negative
im waiting for the liberals to squeal that those sandwiches could feed poor families,1,train,0.8402342200279236,0.1597658097743988,0,3,1.8340462248973408,1,Suspected_False_Negative
i just got the most retarded cut in my life,0,train,0.15983480215072632,0.8401652574539185,1,4,1.8336144836876878,1,Suspected_False_Positive
this sht censored is so ghetto bro,1,train,0.8398225903511047,0.16017737984657288,0,4,1.8314734537770554,1,Suspected_False_Negative
user user ching chong ching,0,train,0.1602272391319275,0.8397728204727173,1,3,1.8311622267671825,1,Suspected_False_Positive
stylenya dia tuh gmn sik??,1,train,0.8390399217605591,0.16096006333827972,0,1,1.8265989985676112,1,Suspected_False_Negative
i am the reaction to the shitskin invasion,0,train,0.16097617149353027,0.8390238285064697,1,1,1.8264989280969952,1,Suspected_False_Positive
Di luar nurul,0,train,0.16114552319049835,0.8388544917106628,1,4,1.82544745149442,1,Suspected_False_Positive
bising banget magrib,1,train,0.8388141393661499,0.1611858308315277,0,3,1.8251973508403165,1,Suspected_False_Negative
shitting yourself more like.,1,train,0.8386896848678589,0.16131025552749634,0,3,1.8244257154164754,1,Suspected_False_Negative
"Ini salahnya fifa, benua badut dikasih jatah 9 buat pildun. Liat aja negaranya Ada yang ngelemparin timnasnya sendiri setelah ngalahin jerman Ada yang naturalisasi turis liburan Ada yang ngehujat pemain negara lain karena penalssi Ada yang masuk pildun karena nyogok Ditambah federasi asia yang bobrok (Afc), sampe kiamat juga gini² doang ni asia. Buat sokor sebelum punah, ayo tetep semangat hujat sana sini, semua bidang kalo perlu🥳🥳",0,train,0.16136549413204193,0.8386345505714417,1,4,1.8240833370063005,1,Suspected_False_Positive
user yes chuckster legal immigrants made america not the gimmes of today,1,train,0.8385196328163147,0.16148041188716888,0,5,1.8233714322998271,1,Suspected_False_Negative
no people died because officials robbed n didnt do their jobs,1,train,0.8381896018981934,0.1618104726076126,0,3,1.821329550818165,1,Suspected_False_Negative
user i hate you so much in the most sub cocksucker suckalicious sort of way of course,1,train,0.8381495475769043,0.1618504822254181,0,3,1.8210823191554524,1,Suspected_False_Negative
"its like the choices are white genocide candidate  ,  , or",0,train,0.16187524795532227,0.8381247520446777,1,3,1.8209293147591774,1,Suspected_False_Positive
shy nd geeky or mean and ghetto,1,train,0.8380624651908875,0.16193751990795135,0,1,1.8205446977237982,1,Suspected_False_Negative
user user turkey is a jihadist terrorist organization and doesn  t belong to any western organization,1,train,0.8380272388458252,0.1619727909564972,0,1,1.8203269149147785,1,Suspected_False_Negative
nopasaran unity demo to oppose the farright in london  antifa oct  enough is enough! url,1,train,0.8380224704742432,0.16197754442691803,0,1,1.8202975680063054,1,Suspected_False_Negative
any urgent questions in parliament today about telford do not be such nervous nelly paki moslem child rape gangs are just part parcel etc etc,1,val,0.8379513621330261,0.16204863786697388,0,5,1.819858755064133,1,Suspected_False_Negative
some of the moslem invaders being honoured by the british regime,0,train,0.16216009855270386,0.8378399014472961,1,5,1.8191711690888,1,Suspected_False_Positive
holder has a perverted view of the law. not surprising since he is a democrat.,1,train,0.8378269076347351,0.16217303276062012,0,5,1.8190914103057811,1,Suspected_False_Negative
this is why we need gun control,1,train,0.8378171324729919,0.16218283772468567,0,2,1.8190309522412864,1,Suspected_False_Negative
liberals judge you guilty even when proven innocent. liberalsneedtheirownpsychward,0,train,0.16225206851959229,0.8377479314804077,1,4,1.8186041745140753,1,Suspected_False_Positive
i knew he will b dead  he is brave,1,train,0.8377406597137451,0.16225938498973846,0,1,1.8185590822988806,1,Suspected_False_Negative
is it gay to have sex with your own clone,0,train,0.16227085888385773,0.8377292156219482,1,2,1.818488371514042,1,Suspected_False_Positive
start being gay or else,1,train,0.8376772999763489,0.16232264041900635,0,5,1.8181693168459783,1,Suspected_False_Negative
i think you are naive in the extreme. the ata works with the ndp.,0,train,0.16237591207027435,0.8376241326332092,1,2,1.817841186946183,1,Suspected_False_Positive
ketuanya ae gini ga bakal di degert lengserin ganti ketua DPR yg tegas,1,train,0.8375811576843262,0.16241885721683502,0,3,1.8175767421282742,1,Suspected_False_Negative
user even my tsa co workers here like you want that wall and hate immigrants that much,1,train,0.836588442325592,0.16341149806976318,0,5,1.81148373140791,1,Suspected_False_Negative
"Ngaca pak ngaca ampun, kalo mikir begitu dari dulu infrastruktur di pusat terus yg bagus, tapi daerah lain tertinggal, ga mikir kesitu juga kah ? 😂",1,train,0.8363459706306458,0.16365402936935425,0,2,1.810000656466052,1,Suspected_False_Negative
even liberals are humiliated by charlie rangel;s claim the gop backs slavery  hot air,0,train,0.1637878715991974,0.8362120985984802,1,3,1.8091831542655012,1,Suspected_False_Positive
"APBN 50 triliyun lebih untuk melanggengkan Solat & Mengaji harus dipangkas, Solat & Mengaji hilang tidak perlu BNPT",1,train,0.8361405730247498,0.16385941207408905,0,2,1.8087464622519036,1,Suspected_False_Negative
Definisi Narcisistic Personality Disorder??,0,train,0.1640520989894867,0.8359479308128357,1,5,1.8075712248413556,1,Suspected_False_Positive
prettt bgt dah,1,train,0.8357707858085632,0.164229154586792,0,4,1.8064925423851121,1,Suspected_False_Negative
user user which has of course brought her into extremely close peoximity to nazi shit,0,train,0.1642874926328659,0.8357124924659729,1,2,1.806137382016949,1,Suspected_False_Positive
arsenal is a fucking small club with a lot of noise makers called fans livars,1,train,0.8355388045310974,0.16446122527122498,0,5,1.8050804491982304,1,Suspected_False_Negative
Titik terendah seorang sipil adalah menjadi polisi,1,val,0.8354522585868835,0.16454780101776123,0,3,1.804554167293378,1,Suspected_False_Negative
betul bu relawan itu komplotan atau gerombolan buat apa ada partai politik,0,train,0.16470453143119812,0.8352954387664795,1,4,1.803602128933563,1,Suspected_False_Positive
fascism was also against liberals as is antifa according to your meme.,1,train,0.8352460265159607,0.1647540181875229,0,5,1.8033017162913403,1,Suspected_False_Negative
people on here be like number communist number nazi number taliban number ancap number nazbol,1,train,0.8346987366676331,0.16530127823352814,0,4,1.799985541374844,1,Suspected_False_Negative
i hope joe exotic gets gay raped to death by a tiger netflix,1,train,0.8345871567726135,0.16541285812854767,0,1,1.799310759821925,1,Suspected_False_Negative
booo.  hooo hoo  who raised these spoiled brats ?,1,train,0.834506094455719,0.16549387574195862,0,1,1.7988210894300163,1,Suspected_False_Negative
social psych report frisky dogs in parks are part of americas rape culture,1,train,0.8344550728797913,0.16554495692253113,0,5,1.798512478016867,1,Suspected_False_Negative
are you still blaming the black man for everything? americans remember..  antifa,0,train,0.1655488759279251,0.8344511389732361,1,3,1.79848880493688,1,Suspected_False_Positive
and with right wingers its about white supremacy and neo naziism ? right?,1,train,0.8341352343559265,0.1658647060394287,0,1,1.7965828467969762,1,Suspected_False_Negative
and they could not even get attractive models to wear those retarded crayon scratching designs,0,train,0.166164368391037,0.8338356018066406,1,5,1.7947778094912246,1,Suspected_False_Positive
i come from a long line of bigots and morons. its hard to grapple with at first but it gets better. fill the void with fundamentally decent ppl and you will eventually realize you are better off for it.,1,val,0.833794355392456,0.16620570421218872,0,4,1.7945290757767773,1,Suspected_False_Negative
as if venezuela did not have enough problems moslem vice prez lets more in,1,train,0.8335837125778198,0.1664162427186966,0,2,1.793263142866651,1,Suspected_False_Negative
"nah loh, giliran datanya kesebar baru deh buka mata ðŸ—¿",1,train,0.8332281708717346,0.166771799325943,0,2,1.79112887214054,1,Suspected_False_Negative
user user importd terrorists and embedded muslim brotherhood stop rioting and looting,1,train,0.8329132795333862,0.16708670556545258,0,1,1.7892424062977634,1,Suspected_False_Negative
leftists are so intelligent.,0,train,0.16759420931339264,0.8324058055877686,1,1,1.7862096421671234,1,Suspected_False_Positive
"this is why smart women need a wise man, because they are a wild horse.",1,train,0.8321362137794495,0.16786380112171173,0,4,1.78460233598887,1,Suspected_False_Negative
lmao niggas ruin literally everything,1,train,0.8320990204811096,0.1679009646177292,0,1,1.7843809697231907,1,Suspected_False_Negative
Kalau bukan karena aksi turun ke jalan gimana bisa tau kalau uang pajak dipakai ugal-ugalan. ðŸ˜¥,0,train,0.16796475648880005,0.8320351839065552,1,1,1.7840011043911304,1,Suspected_False_Positive
dear ghetto dwelling leaches put down the crack pipe and weed user,1,train,0.8316908478736877,0.16830909252166748,0,4,1.7819531535663542,1,Suspected_False_Negative
"bikin aturan yang merugikan perusahaan terus sudah rugi dilarang phk. kalau perusahaan gak boleh phk efeknya juga buruk, gak bakal ada perusahaan yang berani rekrut karyawan di masa kayak gini, karena ke depannya peraturan berubah2 pendapatan menurun tapi gak boleh phk",0,train,0.1684514880180359,0.8315485119819641,1,4,1.781107475579776,1,Suspected_False_Positive
Plot twist mas Hansol promoin filmnya sendiri 😂,1,val,0.8315341472625732,0.16846582293510437,0,3,1.7810223810084311,1,Suspected_False_Negative
the communist leadership must also remove themselves to their choice of a communist or muslim run country they so blatantly love,0,val,0.16870298981666565,0.831296980381012,1,3,1.7796155669040012,1,Suspected_False_Positive
kok bisa masih punya temen sih? herann ga pada geregetan 😭,1,train,0.8311995267868042,0.16880041360855103,0,5,1.7790382465356578,1,Suspected_False_Negative
user ackshully all arabs are white and islam is technically white imperialism,1,train,0.830785870552063,0.16921409964561462,0,1,1.7765905040430119,1,Suspected_False_Negative
let me guess they have yellow cake too? same crap different president,0,train,0.16923977434635162,0.8307602405548096,1,4,1.776438786466354,1,Suspected_False_Positive
blow up some buildings blow up a marathon rape women and murder a bunch of queers in a club stay all you want expose a democrat e mail conversation get the fuck out of the country liberal logic,0,val,0.16945822536945343,0.8305417895317078,1,2,1.7751488405347202,1,Suspected_False_Positive
"""Baik buruk nya kamu akan tetap terlihat buruk di mata mereka yang ga menyukai mu..""",0,train,0.16953124105930328,0.8304687738418579,1,1,1.774718056110955,1,Suspected_False_Positive
lives in chicago    thinks gun control works   url,1,train,0.8303172588348389,0.16968274116516113,0,4,1.7738248139460087,1,Suspected_False_Negative
"not trying to follow any spooks, no offense ...",1,train,0.8302801251411438,0.1697198897600174,0,4,1.773605908188541,1,Suspected_False_Negative
wigga wigga wigga wigga wigga,1,train,0.8301516771316528,0.16984832286834717,0,1,1.7728494586171282,1,Suspected_False_Negative
Sedih banget anjir.ibunya pasti sakit banget itu anaknya di gebugin sesadis itu,0,train,0.17000755667686462,0.829992413520813,1,2,1.7719123918794133,1,Suspected_False_Positive
"african women have to be strong, because african men dont work... much... you have to whip them into shape...",1,train,0.8297299742698669,0.17027007043361664,0,2,1.770369452891265,1,Suspected_False_Negative
"perkenalkan nama saya said hidayat_SMK BAKTINUSA_Tindakan Bullying adalah Pelanggaran HAM Kasus bullying sampai sekarang memang menjadi momok bagi beberapa orang. Bahkan, tindakan bullying masuk kedalam pelanggaran HAM, yang ditulis dalam UU Pasal 1 Ayat 6 No. 39 Tahun 1999.",1,train,0.8295629620552063,0.1704370081424713,0,5,1.7693895042332475,1,Suspected_False_Negative
dat damn dog eats betta den most colored folk do.,0,train,0.17058098316192627,0.8294190168380737,1,1,1.7685451204665226,1,Suspected_False_Positive
Produk kendal apa produk gagal,1,train,0.8294065594673157,0.1705934703350067,0,1,1.768471919363931,1,Suspected_False_Negative
i dont care tho cracker,1,train,0.8293609023094177,0.17063909769058228,0,3,1.7682044926284848,1,Suspected_False_Negative
mbak diet dong,1,train,0.8293487429618835,0.17065125703811646,0,1,1.7681332374794843,1,Suspected_False_Negative
do not suppress per dykes,0,train,0.17102360725402832,0.8289763927459717,1,5,1.7659536778909453,1,Suspected_False_Positive
kenapa hawanya kayak ngerasa canggung gitu yaa,0,train,0.17107193171977997,0.8289281129837036,1,3,1.76567115759724,1,Suspected_False_Positive
udah botak kotak lagi MAAP YA INI MAH MAAPPPPPP,1,train,0.8288401365280151,0.17115992307662964,0,2,1.7651569368573796,1,Suspected_False_Negative
brokenhearted and slightly retarded,0,train,0.17121052742004395,0.8287894129753113,1,4,1.764861325225538,1,Suspected_False_Positive
kalau dilanjutkan bakal jadi perang saudara seperto myanmar,0,train,0.17125213146209717,0.8287479281425476,1,1,1.7646183554232613,1,Suspected_False_Positive
now everyone is mad at me fuck it kill all and spare one,0,train,0.17126227915287018,0.8287377953529358,1,3,1.7645591013278918,1,Suspected_False_Positive
the apostate prophet presents mohammeds rape culture,0,train,0.1717798113822937,0.8282201290130615,1,4,1.7615417886636757,1,Suspected_False_Positive
why should we try to civilize that which cannot be domesticated or civil ?,1,val,0.827906608581543,0.17209339141845703,0,3,1.7597179761622601,1,Suspected_False_Negative
hey yall take this shit to dms aight,0,train,0.17244504392147064,0.8275550007820129,1,2,1.7576766792325005,1,Suspected_False_Positive
you are so freaking valid,0,train,0.17261041700839996,0.8273895978927612,1,3,1.7567181486870311,1,Suspected_False_Positive
Masih bocor sudah digunakan di sana -sini,1,train,0.8273629546165466,0.17263703048229218,0,2,1.7565639782557168,1,Suspected_False_Negative
why did she have to kill all the marauders why,0,train,0.17263978719711304,0.8273602724075317,1,3,1.7565480101125936,1,Suspected_False_Positive
i wonder what it s going to be like if the big chimpout of  really happens .,1,val,0.8273569941520691,0.17264299094676971,0,4,1.7565294528612068,1,Suspected_False_Negative
the talking stage so ghetto i  m tired of going through that shit with people,0,train,0.17264586687088013,0.8273541331291199,1,3,1.7565127947846697,1,Suspected_False_Positive
www.immigrationcontrol.org     the e u its the soviet system but much worse .,0,train,0.17293699085712433,0.8270630240440369,1,5,1.7548279655253438,1,Suspected_False_Positive
no such thing as a patriotic democrat.,1,train,0.8268527388572693,0.1731472760438919,0,3,1.7536127400282175,1,Suspected_False_Negative
user srj scared them with his towelhead,0,train,0.17322884500026703,0.8267711997032166,1,3,1.7531417551483297,1,Suspected_False_Positive
"Sudah resmi menamatkan Reformasi, sudah waktunya babak baru rasa lama",1,train,0.8267664313316345,0.1732335239648819,0,2,1.7531147452041957,1,Suspected_False_Negative
dwg courtois is a fucking disgrace,0,train,0.17329490184783936,0.8267050981521606,1,5,1.75276050076693,1,Suspected_False_Positive
user king of the jews hell he thinks he is the second coming of god,0,train,0.1733246147632599,0.8266753554344177,1,2,1.7525890567825646,1,Suspected_False_Positive
her face is more disturbing than sarah huckabeesanders.,0,train,0.1734093278646469,0.8265907168388367,1,3,1.7521004221687708,1,Suspected_False_Positive
berlagak seperti korban?,0,train,0.1734207570552826,0.826579213142395,1,2,1.7520345155987427,1,Suspected_False_Positive
rotten character or what we call in spanish mal character,1,train,0.8265563249588013,0.17344361543655396,0,4,1.7519027154882831,1,Suspected_False_Negative
Logo Mirip Dakar,1,train,0.8262650370597839,0.1737349033355713,0,5,1.7502246855894412,1,Suspected_False_Negative
"idiiiiiihhhhh hueegggg, muka aal mewakili banget 😭😭😭",0,val,0.17376728355884552,0.8262327313423157,1,3,1.7500383257644436,1,Suspected_False_Positive
Cinta tanah air sama pura pura mau jadi pahlawan ituu beda ga sih pa? (Bertanya dengan penuh keikhlasan) ðŸ¤£,1,train,0.8261647820472717,0.1738351732492447,0,3,1.7496477088977749,1,Suspected_False_Negative
if brookee baldwin and erin burnett start showing cleavage to their boobies cnn just might.,1,train,0.8260704278945923,0.1739295870065689,0,1,1.7491047340456112,1,Suspected_False_Negative
"Kalo anakku dibully sampai disakiti fisik, gua balas tuh anak. Depan emaknya, depan gurunya",0,train,0.17395837604999542,0.8260416388511658,1,2,1.748939226488297,1,Suspected_False_Positive
"btw, you have no clue what religion or race i am, proving that your iq is not in the triple digits.",1,train,0.825907289981842,0.17409272491931915,0,4,1.7481672198741984,1,Suspected_False_Negative
"Dia menangis bukan kerana empati, tapi takut di blaklist dari dunia kedokteran",1,train,0.8258910179138184,0.17410904169082642,0,3,1.748073499663195,1,Suspected_False_Negative
my advice is just do not be too nice to niggas,1,train,0.8258358836174011,0.1741640865802765,0,1,1.7477573978141567,1,Suspected_False_Negative
seattle times front page says c ville car killer was a nazi sympathizer more fake news,1,train,0.8256170153617859,0.1743829846382141,0,5,1.7465013374149012,1,Suspected_False_Negative
i just thought about wtf i am doing and i am fucking retarded,0,train,0.1743898242712021,0.8256101608276367,1,5,1.7464621162783096,1,Suspected_False_Positive
lol another illegal antifa girl,1,train,0.8253653049468994,0.1746346801519394,0,2,1.7450590290004595,1,Suspected_False_Negative
bye bye flake you flake! dont let the senate door hit you in the behind on your way out.,1,train,0.8253181576728821,0.1746819019317627,0,4,1.744788662332898,1,Suspected_False_Negative
Bahlil emang dongo yahh🥰,1,val,0.8251054883003235,0.1748945266008377,0,3,1.7435721918964462,1,Suspected_False_Negative
white genocide is real  in their own words,0,train,0.17537343502044678,0.8246265649795532,1,2,1.7408376642175927,1,Suspected_False_Positive
im getting me a white boyfriend i am sick of the negros,0,train,0.17577680945396423,0.8242231607437134,1,5,1.7385402168013302,1,Suspected_False_Positive
trus maksudnya ngelamar itu apaan yaa bambangðŸ˜­,1,train,0.8241795897483826,0.17582035064697266,0,4,1.7382925402090703,1,Suspected_False_Negative
"""gabakal gue undang juga""
GAKAN GUE TONTON JUGA😭🫵",1,train,0.8241608738899231,0.17583908140659332,0,2,1.738186012370309,1,Suspected_False_Negative
lets use the treason laws to remove holder from the planet...,1,train,0.8241164684295654,0.17588353157043457,0,3,1.7379332554394897,1,Suspected_False_Negative
user hi pls kiss me full homo,1,train,0.8240067362785339,0.17599323391914368,0,3,1.73730972832419,1,Suspected_False_Negative
anak perempuan lho contohin jelek anaknya becus perempuan amit amit,0,train,0.1764071136713028,0.8235928416252136,1,4,1.734960809287732,1,Suspected_False_Positive
intinya cari makan.. tak ada yg lain....,0,train,0.17653803527355194,0.8234619498252869,1,5,1.734218928524416,1,Suspected_False_Positive
niggas wtf idc if taebaek are hags,0,val,0.17663411796092987,0.8233658671379089,1,5,1.7336748160349773,1,Suspected_False_Positive
maybe canada could be more like italy islam non existent no public money tax write offs,1,train,0.8231358528137207,0.17686417698860168,0,3,1.7323732026272798,1,Suspected_False_Negative
i know!! so upsetting,1,train,0.8231087923049927,0.17689116299152374,0,2,1.7322206338888069,1,Suspected_False_Negative
she is getting death threats....can you go and be a shield for her so you dont have to wait?,1,train,0.8229206800460815,0.17707937955856323,0,1,1.7311571748595775,1,Suspected_False_Negative
ini Jokowi punya dana tak terhingga untuk Tim relawan jadi uang nya entah dari mana dana politik Nya Hanya jaman Jokowi relawan berkelanjutan,1,val,0.8228566646575928,0.1771433800458908,0,1,1.7307958175707603,1,Suspected_False_Negative
kind of like when conservatives wanna associate everyone to their left as communist antifa members?,1,train,0.82281494140625,0.1771850883960724,0,5,1.7305603956157725,1,Suspected_False_Negative
user fyi i m claiming war queer fuck em,1,train,0.8227790594100952,0.17722088098526,0,5,1.7303584092363005,1,Suspected_False_Negative
"Endingnya PELAKU D BEBASKAN KARENA MASIH D BAWAH UMUR atau mungkin PELAKU BAKAL D HUKUM RINGAN,DENGAN PERTIMBANGAN USIA PELAKU MASIH MUDA N MASA DEPAN MASIH PANJANG",0,train,0.17725330591201782,0.8227466344833374,1,2,1.7301754626182009,1,Suspected_False_Positive
Cahaya Besar menghadap Raja Terakhir,1,train,0.8224776983261108,0.17752227187156677,0,2,1.7286592026052672,1,Suspected_False_Negative
she is not a republican... by any means....,1,train,0.8224155902862549,0.17758437991142273,0,3,1.7283094032411752,1,Suspected_False_Negative
Emang problematik punya bos ....... Isi sendiri,0,train,0.17771273851394653,0.8222872614860535,1,2,1.7275868608874574,1,Suspected_False_Positive
i have to help i will not see these animals go free !!,1,train,0.8222843408584595,0.17771565914154053,0,5,1.7275704264797773,1,Suspected_False_Negative
the europeans always capitulate  or they collaborate. a nest of vipers!,0,train,0.17781230807304382,0.8221876621246338,1,1,1.727026734040382,1,Suspected_False_Positive
CIE Pilih aku kaka nya,1,train,0.82212233543396,0.17787766456604004,0,2,1.7266592426925274,1,Suspected_False_Negative
yanks choked too..... lost  strait remember,0,train,0.17816981673240662,0.821830153465271,1,3,1.7250181568976277,1,Suspected_False_Positive
no to broke girlfriends the ghetto,1,train,0.8217681050300598,0.17823192477226257,0,1,1.7246696286316183,1,Suspected_False_Negative
kaget ternyata seireng itu😭,1,train,0.8216228485107422,0.1783771812915802,0,2,1.7238549745755043,1,Suspected_False_Negative
the gay gods gave the lesbians number rights this day,1,train,0.8215252757072449,0.17847466468811035,0,4,1.7233086223564906,1,Suspected_False_Negative
gak kelar2 kasus ini,0,train,0.17908470332622528,0.8209152817726135,1,4,1.7198963821267796,1,Suspected_False_Positive
not to mention that they do nt belong here anyway .,1,train,0.8204120397567749,0.17958799004554749,0,5,1.7170899959204224,1,Suspected_False_Negative
its about time. a civilised nation needs tougher gun control. man only backwards countries dont,0,train,0.17958983778953552,0.8204101920127869,1,5,1.7170797071784965,1,Suspected_False_Positive
"says the old man  i hope you can survive another  years, you silly jigga boo monkey",1,train,0.8203073143959045,0.17969270050525665,0,5,1.7165071064669795,1,Suspected_False_Negative
"kalo emg pernikahan mereka karna perjodohan, sebaik apapun pasangan kalo emng masih mau bebas ya ttp mau bebas guys🙂 ga semua nya bisa di samakan🙂🙏",1,train,0.8202657699584961,0.17973420023918152,0,1,1.716276184774567,1,Suspected_False_Negative
"Sok ""an lu??",1,train,0.8201332092285156,0.179866760969162,0,4,1.7155389190256678,1,Suspected_False_Negative
@TheStupidSergeant poo,1,train,0.8197049498558044,0.18029506504535675,0,4,1.7131605199441429,1,Suspected_False_Negative
did you watch the music video for jackets hrgggg i love hanks dumb ass,1,train,0.8196962475776672,0.18030381202697754,0,5,1.7131120063065324,1,Suspected_False_Negative
what an incredibly odd little man he is.,0,train,0.18037529289722443,0.8196247220039368,1,1,1.7127156380655844,1,Suspected_False_Positive
rt  them st  charlotte goon niccas gon fkkk around and burn bank of america stadium down;,1,train,0.8195944428443909,0.18040554225444794,0,3,1.7125479497942178,1,Suspected_False_Negative
yankees damn you directtv blackout the yankee game. with a freaking walk off! youre killing me satellite douche.,0,train,0.1805902123451233,0.8194097876548767,1,4,1.7115248346775924,1,Suspected_False_Positive
Ya Tuhan kirimkan kiamat di Indonesia,0,train,0.18065182864665985,0.8193482160568237,1,2,1.7111836988454234,1,Suspected_False_Positive
si jule pasti di gosipin sama pegawai2 playtopia dan ibu-ibu di situ ðŸ˜…,1,train,0.8190701603889465,0.18092985451221466,0,1,1.7096458669623564,1,Suspected_False_Negative
ustad? wow,0,train,0.18132594227790833,0.8186740279197693,1,1,1.707459081121824,1,Suspected_False_Positive
she sure dropping tons of raghead turds all over germany,0,train,0.1814846396446228,0.8185153603553772,1,2,1.7065842589157316,1,Suspected_False_Positive
she is horrible. wakeup  makeamericagreatagain makeamericaamericaagain john james for senate !!!!,0,train,0.1817850023508072,0.818215012550354,1,2,1.704930595961777,1,Suspected_False_Positive
siapa ya loe,0,train,0.18210475146770477,0.8178951740264893,1,1,1.7031731999601798,1,Suspected_False_Positive
deadass gon go lesbian,0,train,0.18238289654254913,0.8176170587539673,1,2,1.701646974693812,1,Suspected_False_Positive
there should be no integration of immigrants with irish culture .,1,train,0.817596435546875,0.1824035346508026,0,5,1.7015338229616712,1,Suspected_False_Negative
busettttt omongan nya dah kayak aktor terkenal satu dunia.,1,train,0.8175820708274841,0.1824178844690323,0,5,1.7014551553315103,1,Suspected_False_Negative
"""Kasian editornya sih ini, nanggung dosa banget kayaknya ngeditnya offside gini""",1,val,0.8175198435783386,0.1824801117181778,0,5,1.7011140887847003,1,Suspected_False_Negative
ariel tatum hebat bgt nahan ga nempeleng si abizar jirðŸ˜­ðŸ«µ,1,train,0.8172419667243958,0.18275797367095947,0,4,1.6995925497256412,1,Suspected_False_Negative
them dreads be dry asfuck my dude,0,train,0.18280765414237976,0.8171923756599426,1,1,1.6993207491626434,1,Suspected_False_Positive
like if alt right dudes were born in berkeley theyd be antifa,1,train,0.8171871900558472,0.18281279504299164,0,2,1.6992926276468823,1,Suspected_False_Negative
"yes, read it again. they use a term for a broad group leftist feminist theist whatever else then, in many cases, focus on a particular extreme subset of that group antifa, a subset of rd wave feminism, yecs without distinguishing the fact it is a subset.",0,val,0.18288613855838776,0.8171138167381287,1,2,1.6988915134535363,1,Suspected_False_Positive
do you have the state right....cali and chicago are protected by many strict gun control laws.,1,train,0.8170969486236572,0.18290311098098755,0,5,1.6987987145392252,1,Suspected_False_Negative
unfoll bilang najissss,1,train,0.8170727491378784,0.18292728066444397,0,1,1.698666578532794,1,Suspected_False_Negative
not having a car is so ghetto,1,train,0.8170304298400879,0.1829695701599121,0,4,1.6984354232464822,1,Suspected_False_Negative
why are people still watching fake cnn. they must be hitlery fans. the,1,train,0.8168907761573792,0.18310923874378204,0,2,1.6976723712082338,1,Suspected_False_Negative
before and after pasca oplas tidak ngefek ya tetap jelek n seram mukanya ahahahhaha,0,train,0.18322868645191193,0.8167713284492493,1,5,1.6970202535641266,1,Suspected_False_Positive
hope those raped were not jews cos he will get of with it,0,train,0.18328067660331726,0.8167192935943604,1,4,1.6967365492062314,1,Suspected_False_Positive
she is maaaad annoying!,1,train,0.8165148496627808,0.18348515033721924,0,3,1.6956215393548943,1,Suspected_False_Negative
user user she not a historian a jihadi is the correct term,1,train,0.8160248398780823,0.18397516012191772,0,5,1.6929545298237858,1,Suspected_False_Negative
i remember when the game just fucking started.,0,train,0.1840147078037262,0.8159853219985962,1,5,1.6927395908517775,1,Suspected_False_Positive
dont understand your logic. anyways this is going nowhere. this to me is not acceptable. maybe you are ok with it.  url,1,train,0.8159679770469666,0.18403196334838867,0,3,1.6926458226097167,1,Suspected_False_Negative
bikin gaduh negri ini,1,train,0.8157473206520081,0.18425264954566956,0,5,1.6914473678496285,1,Suspected_False_Negative
with the village people blaring from a number number track ghetto blaster slung over polly shoulder,1,train,0.8156905174255371,0.18430942296981812,0,3,1.6911392871824555,1,Suspected_False_Negative
Markas perundungan,1,train,0.8154085874557495,0.18459142744541168,0,5,1.6896103965322529,1,Suspected_False_Negative
Manusia haus validasi wakakakkaa??,1,train,0.8153507113456726,0.1846492439508438,0,4,1.6892972321904915,1,Suspected_False_Negative
i understand white people use to do this as well.,1,train,0.8152539730072021,0.18474599719047546,0,5,1.6887733854752753,1,Suspected_False_Negative
white americans are the only americans philosophy,1,train,0.8151527643203735,0.18484722077846527,0,2,1.688225628722178,1,Suspected_False_Negative
i see you support gun control,1,train,0.8150221109390259,0.18497787415981293,0,4,1.6875190601925056,1,Suspected_False_Negative
the parkland shooter was probably a virgin......,1,train,0.8147623538970947,0.18523766100406647,0,4,1.6861156242898014,1,Suspected_False_Negative
rakyat Indonesia dan netizen wajib untuk tidak memaafkan Calista Amore ðŸ¤£ðŸ¤£ðŸ¤£ kawal sampe dia dpt efek jera yg setimpal,1,train,0.8146357536315918,0.18536430597305298,0,5,1.685432168802777,1,Suspected_False_Negative
umur segini nggak paham projo😅,0,val,0.1853683739900589,0.8146316409111023,1,4,1.6854102229791366,1,Suspected_False_Positive
nigga you are tweeting in the shower ???? i hope siri drown,1,train,0.8146149516105652,0.1853850781917572,0,2,1.6853201134920297,1,Suspected_False_Negative
i think he is hurt,0,train,0.18540041148662567,0.8145995736122131,1,2,1.6852374063996323,1,Suspected_False_Positive
yaela muljem seperti stu benar saja gag ingat sudah ngrusak kbhagian klwrga orang bodoh di prtahanin y gini,0,train,0.1854221671819687,0.8145778179168701,1,3,1.6851200689093098,1,Suspected_False_Positive
Toppel ajaibnya menghilang ... sangat menyedihkan,0,train,0.18546552956104279,0.8145344853401184,1,3,1.6848862386709251,1,Suspected_False_Positive
user fuck you and your anti white blood libel,1,train,0.8144793510437012,0.18552066385746002,0,4,1.6845890076806551,1,Suspected_False_Negative
"""Dia memutuskan menjadi tumbal apartment""",1,train,0.8144111037254333,0.18558885157108307,0,4,1.6842215274002765,1,Suspected_False_Negative
morals?  you mean like aborting an infant? falsely accusing people?  antifa violence?  censoring free speech on campuses?  looting?  lying as you fill the deep state?  those morals?,1,val,0.8143091201782227,0.18569087982177734,0,1,1.6836719242593792,1,Suspected_False_Negative
lol i stroke you you snappy little paki,1,train,0.8142179846763611,0.18578200042247772,0,3,1.683181333385192,1,Suspected_False_Negative
"Kenapa ga satu lawan satu, kasihan yg ngeroyok",0,train,0.18578943610191345,0.8142105937004089,1,5,1.6831413105055741,1,Suspected_False_Positive
kaya becus saja jadi permpuan yang tidak becus jadi perempuan ko sukanya sama laki orang heheh,0,val,0.18618260324001312,0.8138173818588257,1,5,1.681027349008835,1,Suspected_False_Positive
whites should not be forced in atheistic view inkind .,0,train,0.1863286793231964,0.813671350479126,1,5,1.680243071605661,1,Suspected_False_Positive
kacauu bisa salah sasaran nih,0,train,0.1867632418870926,0.8132367730140686,1,2,1.677913550457064,1,Suspected_False_Positive
user lying atheistic communist jews are hurting the image of my people shanda,1,train,0.813218891620636,0.1867811232805252,0,5,1.677817811395717,1,Suspected_False_Negative
capek bgt pasti tu ariel 🤣🤣🤣,0,train,0.1867949515581131,0.8132050633430481,1,5,1.677743779472767,1,Suspected_False_Positive
smuggled letter by gaza tunnel digger details suffering under hamas rule  via,0,train,0.18685299158096313,0.8131469488143921,1,4,1.6774331125769226,1,Suspected_False_Positive
bikin ngakak liat model behelnya,1,train,0.8131399750709534,0.18686003983020782,0,5,1.6773953924620049,1,Suspected_False_Negative
stacyontheright msm tells black boys they cant succeed  alex jones infowars,1,train,0.8128345012664795,0.1871654987335205,0,5,1.6757620335614558,1,Suspected_False_Negative
that cranberry bullshit is just some ghetto jello,0,train,0.18731461465358734,0.8126854300498962,1,4,1.6749656445270726,1,Suspected_False_Positive
cowo kalo setia mati kh?,0,train,0.18741264939308167,0.812587320804596,1,4,1.6744424120263346,1,Suspected_False_Positive
it ok if a moslem does it,1,train,0.8124858736991882,0.18751417100429535,0,1,1.6739008577380217,1,Suspected_False_Negative
user uk is an islamic state are brits going to take their country back,1,train,0.8123417496681213,0.18765826523303986,0,1,1.6731327083650296,1,Suspected_False_Negative
the racists are  and its crew of anchors. not right wing  folks.  mocks mixed gop kids.,0,train,0.18782691657543182,0.8121731281280518,1,2,1.672234396730355,1,Suspected_False_Positive
i know a non white who got  a s and  b s but he robably cheated,1,train,0.8121137022972107,0.18788635730743408,0,2,1.6719179813326028,1,Suspected_False_Negative
she is the most clueless defence minister ever only rivaled by anthony,0,train,0.18790964782238007,0.8120903968811035,1,3,1.6717940283652595,1,Suspected_False_Positive
Tau Tai gak pak tua ?,1,train,0.8120792508125305,0.18792079389095306,0,2,1.6717347140184735,1,Suspected_False_Negative
oh you are in england?  your views on gun control stopped mattering in .,1,train,0.8120184540748596,0.1879814863204956,0,2,1.6714117980200083,1,Suspected_False_Negative
get you a ugly nigga we dont cheat,0,train,0.18806323409080505,0.8119367957115173,1,3,1.670977021158853,1,Suspected_False_Positive
i am so over this post pregnant high school bull shit skin,0,train,0.18814213573932648,0.8118579387664795,1,3,1.6705575606407115,1,Suspected_False_Positive
Kang melet,0,train,0.18843527138233185,0.8115646839141846,1,1,1.669000718957333,1,Suspected_False_Positive
Ahh ngeless mulu,0,train,0.18847502768039703,0.8115249872207642,1,5,1.6687897600192965,1,Suspected_False_Positive
arabs can barely build guided rockets,1,train,0.8114722371101379,0.18852774798870087,0,2,1.6685100787434548,1,Suspected_False_Negative
ga usah senyum bang jadi mules liatnya,1,val,0.8112838268280029,0.18871617317199707,0,5,1.667511121896724,1,Suspected_False_Negative
i think i actually fucking hate you,1,train,0.8108848929405212,0.18911510705947876,0,3,1.6653994172465196,1,Suspected_False_Negative
user but there are illegal aliens so f ny,1,train,0.8107218742370605,0.18927811086177826,0,1,1.6645378594560398,1,Suspected_False_Negative
Orgil,1,train,0.8106805086135864,0.18931955099105835,0,5,1.6643189456400231,1,Suspected_False_Negative
sudah jelek semangattt pulak wkwk,1,train,0.8105130791664124,0.18948687613010406,0,1,1.663435512108022,1,Suspected_False_Negative
elawan pengen jadi komisaris bu🙏,1,train,0.8103142380714417,0.18968571722507477,0,4,1.6623866962564409,1,Suspected_False_Negative
this nigga is a fucking joke i swear,1,train,0.8102931976318359,0.18970678746700287,0,2,1.662275622675971,1,Suspected_False_Negative
"bro mslh kita bpnya aja jgn bwa""anaknya woyðŸ—¿",0,train,0.18999384343624115,0.8100061416625977,1,5,1.6607636103137902,1,Suspected_False_Positive
user jonny thats the power of legal hardworking immigrant unlike radical muslim refugees and illegal mexicans,1,train,0.8100054264068604,0.18999455869197845,0,2,1.6607598456950108,1,Suspected_False_Negative
kagett jodohnya fiki naki ðŸ˜­ðŸ˜­ðŸ˜­,0,val,0.1901504248380661,0.8098495602607727,1,4,1.6599398103844052,1,Suspected_False_Positive
user you say yiddish speaking immigrants in the   th century they hear globalist diaspora self hating jews,1,train,0.8098312616348267,0.19016875326633453,0,1,1.6598434259297796,1,Suspected_False_Negative
muh freeest nation on earth!!,0,train,0.19021542370319366,0.8097845911979675,1,1,1.6595980401334243,1,Suspected_False_Positive
theyre still building and hiding nukes but yeah your pops got played like the udiot he is.,1,train,0.8096402287483215,0.1903597116470337,0,5,1.6588397775074617,1,Suspected_False_Negative
Siapppppp si paling okb????,1,val,0.8095304369926453,0.19046954810619354,0,4,1.658262949654074,1,Suspected_False_Negative
those winchester defense loads look nasty .,0,train,0.19071084260940552,0.8092892169952393,1,3,1.6569969110995253,1,Suspected_False_Positive
davos is merely whitewashed economic gangsterism,0,train,0.1907731592655182,0.8092268109321594,1,2,1.65667020457259,1,Suspected_False_Positive
when uncle charlie gets really drunk he puts on the gook ear necklace,1,train,0.808980405330658,0.19101959466934204,0,1,1.655379266305647,1,Suspected_False_Negative
Hehhhh tinandrosee???? TolonggggðŸ˜­,0,train,0.1910722553730011,0.8089277148246765,1,5,1.6551036220908508,1,Suspected_False_Positive
this nigga said i am looking for the wet pussy on the mic man dawg,0,train,0.19110172986984253,0.8088982105255127,1,1,1.6549493756060665,1,Suspected_False_Positive
"jahat jahat bgt ketikan kalian plis ya allahhhh:(. aku bacanya aja istighfar berkali"":((",0,train,0.19111542403697968,0.8088845610618591,1,1,1.6548777191301443,1,Suspected_False_Positive
"that is funny. is it racist? youre damn right it is, but comedy sometimes must supersede racism.",1,train,0.8087586164474487,0.19124138355255127,0,4,1.6542188606104165,1,Suspected_False_Negative
"Gila ya orang udah pada sok tahu tentang takdir STY 😂😂😂 Padahal STY sendiri bersyukur diganti.. Kalo nggak, kegagalannya membawa Indonesia masuk babak 4 kualifikasi bisa2 dihujat seumur hidup.. bahkan nggak ada cerita sekarang dipilih oleh klub di Indonesia dgn gaji fantastik..",1,train,0.808535635471344,0.1914643794298172,0,1,1.653053495862495,1,Suspected_False_Negative
user dude there all good except woah and extravagant prob weirdo hoes,0,train,0.19156485795974731,0.8084350824356079,1,4,1.6525288438389591,1,Suspected_False_Positive
lets kill cracker babies!. wtf did i just hear???????? wow.,1,train,0.8083957433700562,0.19160419702529907,0,3,1.6523235085428114,1,Suspected_False_Negative
Habis nurunin penumpang ojol gas nonton OKI DM. Gak terasa kalau potongan aplikator masih tetap seperti dulu ( 20% up ),0,train,0.19173109531402588,0.8082688450813293,1,3,1.6516614338739866,1,Suspected_False_Positive
"the jig is up. expect many more suicides, voluntary and other.",0,train,0.19211381673812866,0.8078861832618713,1,3,1.6496672870771212,1,Suspected_False_Positive
tidak boleh melet dosaa rik,0,train,0.19225068390369415,0.8077492713928223,1,2,1.6489551132362916,1,Suspected_False_Positive
no we cant be losing ab he is literally our whole offense,1,train,0.8076598644256592,0.19234015047550201,0,2,1.6484898573569302,1,Suspected_False_Negative
"""Kalau pas penempatannya, sebenernya kamu imut banget loh mel.""",0,train,0.19255763292312622,0.807442307472229,1,5,1.6473597782546343,1,Suspected_False_Positive
@RedWarrior-Helios LOL,1,train,0.8069218397140503,0.1930781900882721,0,1,1.6446600421292012,1,Suspected_False_Negative
aura pembantunya kuat bgtt,1,train,0.8069111704826355,0.19308888912200928,0,3,1.6446046307059292,1,Suspected_False_Negative
i found a new way to chug you have to open your mouth alot shitallysays,0,train,0.19339443743228912,0.8066055178642273,1,2,1.6430234583606043,1,Suspected_False_Positive
shooting in usa is so common no one is talking about gun control any more.,1,train,0.806492030620575,0.19350802898406982,0,3,1.642436273915405,1,Suspected_False_Negative
user immigrants hit back number times harder their really small,1,train,0.806347131729126,0.1936529129743576,0,1,1.6416878306642952,1,Suspected_False_Negative
the left argues that communism reinforces equality.,1,train,0.8062872290611267,0.19371280074119568,0,3,1.6413786253567797,1,Suspected_False_Negative
"tunggu di akherat aja, pasti masuk NERAKA VIP",1,train,0.8060156106948853,0.19398440420627594,0,1,1.6399775138396129,1,Suspected_False_Negative
"its simple , they want to create white guilt , .",1,train,0.805470883846283,0.19452908635139465,0,3,1.63717358288115,1,Suspected_False_Negative
i hate him im so fucking sorry,1,train,0.8052035570144653,0.19479647278785706,0,4,1.6357999947761492,1,Suspected_False_Negative
user user but you said you like guys that what gays do,1,val,0.804997980594635,0.1950019747018814,0,3,1.6347455937933497,1,Suspected_False_Negative
"this is from a black forum , they are not happy about this .",0,train,0.1951284557580948,0.8048715591430664,1,1,1.6340971898198602,1,Suspected_False_Positive
so you sitting her telling me it ok for a female to drug niggas but when a male do it we deserve to be stoned and thrown in a hole,0,val,0.19513766467571259,0.8048622608184814,1,3,1.634049996803929,1,Suspected_False_Positive
eda!! the  queers at aa! lol,1,train,0.8048005104064941,0.19519945979118347,0,4,1.6337333724701737,1,Suspected_False_Negative
user user found a racist closet gaypoop fan,1,train,0.8041959404945374,0.19580404460430145,0,3,1.630640892284462,1,Suspected_False_Negative
why is your white ass in my black business youre white,0,train,0.19587579369544983,0.8041242361068726,1,4,1.6302745262633649,1,Suspected_False_Positive
Eh sudah terlambat untuk melarang Kempes,1,train,0.8041026592254639,0.19589734077453613,0,2,1.630164528526347,1,Suspected_False_Negative
antifa fascists and socialists are one and the same......time to respond ! url,1,train,0.8040921092033386,0.19590790569782257,0,5,1.6301105990632574,1,Suspected_False_Negative
well said these remanics are so thick.!,0,train,0.19617031514644623,0.8038296699523926,1,1,1.6287720422454914,1,Suspected_False_Positive
ganti nama jadi dewan perwakilan parpolðŸ˜‚,1,train,0.8038080334663391,0.1961919367313385,0,5,1.6286618298853028,1,Suspected_False_Negative
they dont want you following people because they dont like conservatives! sickening  how biased twitters management is. twitterleftbias,0,train,0.1961926817893982,0.8038073182106018,1,2,1.6286580322947526,1,Suspected_False_Positive
i got to pay for my own birthday nails ghetto,1,train,0.8035576939582825,0.19644232094287872,0,5,1.6273864228591086,1,Suspected_False_Negative
leftist collusion prescreening party,1,train,0.8034219145774841,0.19657805562019348,0,5,1.6266956969283142,1,Suspected_False_Negative
"switzerland, im guessing ? if so, an outlier indeed,",0,train,0.19658273458480835,0.8034172654151917,1,3,1.6266718951417085,1,Suspected_False_Positive
beer queer,1,val,0.8033469319343567,0.1966530978679657,0,3,1.6263140270223695,1,Suspected_False_Negative
their aggressiveness is a massive reason for their  success  .,1,train,0.8032622337341309,0.19673776626586914,0,4,1.6258835726985394,1,Suspected_False_Negative
can go straight the crapper. ill never support another team again.,1,train,0.803158700466156,0.1968412846326828,0,4,1.6253575367270394,1,Suspected_False_Negative
"if you think that the term redskins being offensive is a political issue, you are ignorant.",0,train,0.19705243408679962,0.8029475212097168,1,1,1.6242854227820478,1,Suspected_False_Positive
suruh jawab salam pun susah ke anak babi ni eii babi nya jeezzzz',1,train,0.8029283285140991,0.19707171618938446,0,2,1.6241875749207242,1,Suspected_False_Negative
hidung wednesday gak ngembang gitu??,1,train,0.8029072284698486,0.1970926970243454,0,4,1.624081117644129,1,Suspected_False_Negative
he is as slimy as that hair dont!,0,train,0.1976689100265503,0.8023310899734497,1,4,1.6211618195100919,1,Suspected_False_Positive
jgn minta maaf jika km minta maaf karna ketahuan 😏,1,train,0.8019440770149231,0.1980559229850769,0,1,1.6192058488475072,1,Suspected_False_Negative
whoeva told ya tha shit was easy they was lyin to ya,0,train,0.19811686873435974,0.8018831610679626,1,1,1.6188981762812056,1,Suspected_False_Positive
aku masih butuh selang waktu untuk mengerjakan visualnya biar mampus kalian menunggu sampai 3 kali rasain p,0,train,0.19812247157096863,0.8018775582313538,1,2,1.6188698962189334,1,Suspected_False_Positive
gun control is never sensible.,1,train,0.801581084728241,0.19841890037059784,0,5,1.6173748247039812,1,Suspected_False_Negative
abidzar harusnya remake mahabarata,0,train,0.19857007265090942,0.8014299273490906,1,5,1.6166132303127416,1,Suspected_False_Positive
"Sama Seperti di konoha banyak banget kasus seperti itu,",1,train,0.8013496398925781,0.19865038990974426,0,4,1.6162088339258502,1,Suspected_False_Negative
Kasusnya ga beda jauh sama PSSI wkwk kasian Shin Taeyong ngadepin instansi yg plenger di negara orang dan negaranya sendiri padahal di udh ngasih yg terbaik Dan ada juga pelatih yg ngalamin hal yg sama kaya STY yg dari portugal itu wkwk Rill sepak bola suatu negara ga akan maju klo instansinya ga bener 😮‍💨,1,val,0.8012712597846985,0.1987287849187851,0,1,1.6158142736920802,1,Suspected_False_Negative
at this rate we are gonna have to ban o jewa keng,0,train,0.1989591270685196,0.8010408282279968,1,2,1.6146558669688706,1,Suspected_False_Positive
why are you such an ignorant pos? nevermind  i really couldnt care less about you,0,train,0.19910794496536255,0.8008920550346375,1,5,1.6139081643115483,1,Suspected_False_Positive
you can make fun of liberals that come up with fake stories.,0,train,0.19917264580726624,0.8008273243904114,1,2,1.6135832635055747,1,Suspected_False_Positive
our president isnt radicalizing anything! your antifaresist mobs are! thats you gaslighting lol!  saul alinsky much? wethepeople greatawakening,1,train,0.8007936477661133,0.1992063969373703,0,5,1.613413821207846,1,Suspected_False_Negative
user gas the jews,1,train,0.8007556200027466,0.1992443948984146,0,1,1.6132230927066704,1,Suspected_False_Negative
enjoy them before those liberals take them white boys down for being white !,0,train,0.19943232834339142,0.800567626953125,1,5,1.6122803064944784,1,Suspected_False_Positive
diversity means chasing down the last white person,1,train,0.8004587888717651,0.19954118132591248,0,5,1.6117346412681721,1,Suspected_False_Negative
nobody gays after a minor inconvenience ok this is homophobic,1,train,0.8003175258636475,0.19968247413635254,0,1,1.6110268033712627,1,Suspected_False_Negative
user wishing jews a happy new year is antisemitic because it identifies them as jews,1,train,0.7999935150146484,0.20000648498535156,0,3,1.609405488033019,1,Clean
matthey hickley must be a woman. no man could be so illogical.,1,train,0.799920380115509,0.20007964968681335,0,4,1.6090397432798933,1,Clean
and black women muzzee wetback statues being erected,1,train,0.7999070286750793,0.20009297132492065,0,3,1.6089731638218656,1,Clean
sebelum dihukum mati pelaku ditelanjangi dulu diarak sekabupaten cilacap,0,train,0.2001085728406906,0.7998913526535034,1,1,1.608895195528113,1,Clean
is that the only attorney general in our history to be held in contempt????,1,train,0.7998872399330139,0.2001127004623413,0,5,1.6088745688302029,1,Clean
Baguslah sudah pada bangga dengan sebutan cebong.',1,train,0.7998756766319275,0.2001243233680725,0,4,1.6088164887174574,1,Clean
orang otaknya tidak sekolahin ya resiko sudah upload sosmed ya dapat perbincangan netizen public figure tidak otaknya,0,train,0.2003147453069687,0.7996852397918701,1,5,1.60786542290922,1,Clean
if i ain  t look like my dad the negro wouldn  t claim none of us,0,train,0.20059601962566376,0.799403965473175,1,2,1.6064622459958111,1,Clean
user i fucking hate you yzm,1,train,0.7992542386054993,0.20074579119682312,0,2,1.6057158917706937,1,Clean
system some guy retards all of a cattery cats to make a pie or two,0,train,0.20099806785583496,0.799001932144165,1,5,1.6044599836268008,1,Clean
this being single shit is ghetto as fuck,0,train,0.20128463208675385,0.798715353012085,1,4,1.603035292585248,1,Clean
he makes dope ass songs. hes a singerwriter url,1,train,0.7981863617897034,0.2018136829137802,0,5,1.6004103690313065,1,Clean
Jule L nya apa Lntee,1,train,0.7981568574905396,0.20184314250946045,0,3,1.6002644054608817,1,Clean
and the liberals will supply them with these modern fighters! url,0,train,0.2018924355506897,0.7981075644493103,1,2,1.6000202206817695,1,Clean
only thing worse than arguing with a flat earther is arguing with a holocaust denier,0,train,0.20202314853668213,0.7979768514633179,1,2,1.5993729914303862,1,Clean
Rada gila juga bapaknya...,0,train,0.20205049216747284,0.7979495525360107,1,2,1.5992376515909212,1,Clean
trey gowdy demolishes fbi rat peter strzok at live congressional hearing,1,train,0.7978401780128479,0.2021598517894745,0,2,1.5986965490372391,1,Clean
fans fomo pahlawan pada kaget pasti padahal Meraka aja yg fomo yg ngira dia org bener 🤣🤣,1,val,0.7978310585021973,0.20216895639896393,0,3,1.5986515133667323,1,Clean
abis kerjaaaaa kuliiii leher pada pegel belek,0,train,0.2022361159324646,0.7977638244628906,1,4,1.5983193734470675,1,Clean
all that money hadnt made u smarter.,1,train,0.7977026700973511,0.20229725539684296,0,2,1.5980171018958087,1,Clean
dah ga aneh model bgnian ??????,0,train,0.20254583656787872,0.7974541783332825,1,4,1.5967890646279905,1,Clean
otak siapa yang eror orang lain malah kena,0,train,0.20276319980621338,0.7972367405891418,1,2,1.5957164842526916,1,Clean
carrey should be shut up for good,1,train,0.7972168326377869,0.20278315246105194,0,1,1.595618085365644,1,Clean
Basically kasus kriminal yang udh sering kita dengar😅 Dengan variasi cerita mereka sendiri,1,train,0.7970350980758667,0.20296484231948853,0,1,1.5947225054839553,1,Clean
"dari lingkungannya aja kelihatan semua modelan kyak apa wkwk, ga terkejut klo ada berita2 negative diborong sama circle lingkungannya",1,train,0.7968990206718445,0.20310097932815552,0,3,1.594051988506116,1,Clean
stop race mixing and discourage those who practice it .,1,train,0.796887218952179,0.20311279594898224,0,3,1.5939938091850332,1,Clean
dear laowai asians are model citizens see,1,train,0.7968460321426392,0.20315396785736084,0,1,1.5937911250760315,1,Clean
turn ally pally into a gay commune imo,0,train,0.203343003988266,0.7966569662094116,1,2,1.5928610510158296,1,Clean
ive noticed a lot of conservatives are thoroughly disingenuous when engaging in twitter.,0,train,0.20336292684078217,0.7966371178627014,1,3,1.5927630792331635,1,Clean
wrong...we are sending another giant f....you to liberals...,1,train,0.7960877418518066,0.20391230285167694,0,4,1.590065265548225,1,Clean
selama transfer nya jalan terus ya hajar terus...😅😂,0,train,0.20394599437713623,0.7960540056228638,1,4,1.5899000536314156,1,Clean
time to destroy msm  it is run by deep state,1,train,0.7959728837013245,0.20402707159519196,0,5,1.5895025900443043,1,Clean
hours at midnight and she said she is not a call girl?  awkward!,1,train,0.7959122657775879,0.20408768951892853,0,2,1.5892055269142333,1,Clean
trumpwashing and us liberals historical amnesia are the real definition of trump derangement syndrome... url,1,train,0.7958532571792603,0.20414671301841736,0,1,1.5889163621621534,1,Clean
ok wat ever u say whitey. u prolly never even seen shaft.,1,train,0.7955743670463562,0.2044256329536438,0,2,1.587551022675498,1,Clean
dr michelle cretella on transgenderism.,1,train,0.7950282692909241,0.20497170090675354,0,4,1.584883353730028,1,Clean
as hispanic and negro populations increase test score averages will decrease .,1,train,0.7947828769683838,0.2052171230316162,0,1,1.5836867235937324,1,Clean
hmu talmbout match but when i pull up its  other niccas wit ya ;,0,train,0.20525124669075012,0.7947487235069275,1,3,1.5835204566570833,1,Clean
"where my  favorite jiggers at? ,  ? ;;;",0,train,0.20528343319892883,0.7947165369987488,1,1,1.5833636537859919,1,Clean
she is only saying that because she wants to win.  dont vote for this fraud.,0,train,0.20556111633777618,0.794438898563385,1,4,1.5820118861578507,1,Clean
so they can get reparations for their great grand parents   suffering  plus more .,1,train,0.7944343686103821,0.20556563138961792,0,5,1.5819899218761937,1,Clean
Si paling klarifkasi,0,train,0.2056180238723755,0.7943819761276245,1,1,1.5817350844945486,1,Clean
tan communism is misunderstood france is the only man from queer eye i trust now,0,train,0.20565633475780487,0.7943437099456787,1,1,1.5815487811924522,1,Clean
user i hate caucasians,1,train,0.7942297458648682,0.20577020943164825,0,1,1.5809952210084557,1,Clean
oh shit sjsnsn ive had work every day since i messaged u so sorry ill make it tuesday!,0,train,0.2066034972667694,0.7933964729309082,1,3,1.5769537947207548,1,Clean
its not ghetto you fool.,0,train,0.2068358212709427,0.7931642532348633,1,4,1.5758299343707123,1,Clean
fuck you too soundwave,0,train,0.20690558850765228,0.7930943965911865,1,2,1.5754926839252799,1,Clean
better hurry she is pretty old,1,train,0.792908787727356,0.20709122717380524,0,2,1.5745958718167645,1,Clean
wajar guys belum 40 hari pasti emang masih berkeliaran arwahnya,1,train,0.7926827669143677,0.2073172777891159,0,2,1.5735049162257297,1,Clean
rip neilsimon   hopefully his death wont be shadowed by mccains,0,train,0.20741286873817444,0.792587161064148,1,3,1.573043937193693,1,Clean
"kalau si erika hamil lagi, berarti sama yang ini dong ?",1,val,0.7925325036048889,0.2074674516916275,0,2,1.5727808109325512,1,Clean
to what? chicago already has thf strictest gun control laws in the country...,1,train,0.7924560904502869,0.20754389464855194,0,1,1.5724124212079662,1,Clean
antifa are the real nazis man,0,train,0.20794011652469635,0.7920598983764648,1,5,1.5705051420559366,1,Clean
jujur emg ke bude bude,1,train,0.7916553616523743,0.2083446979522705,0,2,1.5685613692307532,1,Clean
wheres the part where fat amy goes err wop wobn wefo? thingspeoplesay,0,train,0.20851068198680878,0.7914893627166748,1,4,1.5677650065049815,1,Clean
number days after starbucks opens its bathrooms to ghetto thugs,1,train,0.790899395942688,0.209100604057312,0,5,1.5649397837075707,1,Clean
theyre coming out of the woodwork to oppose white unity and white history month .,1,train,0.7906650900840759,0.20933488011360168,0,1,1.5638200121316321,1,Clean
user the white delegation has waived that white devil woman,1,train,0.7905638217926025,0.20943619310855865,0,5,1.563336153510959,1,Clean
no one treats immigrants like shit like the belair mva,0,train,0.20955535769462585,0.7904446721076965,1,1,1.5627673373185953,1,Clean
why right vs left is good vs evil  trump london protests,1,train,0.7904008030891418,0.20959919691085815,0,5,1.5625581580747556,1,Clean
user dey can suck my dick my po nd dat white ass judge,0,train,0.20965257287025452,0.7903473973274231,1,3,1.562303533223857,1,Clean
the difference between a demon and a pedophilia priest.....a demon lets you know its there,0,train,0.20979447662830353,0.7902054786682129,1,5,1.561626910209665,1,Clean
never followed him ignorant monkey,1,train,0.7897621393203735,0.21023786067962646,0,4,1.559515719348268,1,Clean
cuts an eboy belt loop and steals his stupid carabiner keys,0,train,0.2103407084941864,0.7896592617034912,1,5,1.5590266415675715,1,Clean
"""Jari jari nya gede gede banget, apalagi pas ngiklan makan ikan danau hambar, jarinya kayak jempol semua hawak bener""",1,train,0.7896000146865845,0.2104000300168991,0,5,1.5587446554527222,1,Clean
space is gay and so are you,1,train,0.7895985841751099,0.21040137112140656,0,3,1.558738281403093,1,Clean
manyun nya jgn sembarangan mas,1,train,0.7891286611557007,0.2108713537454605,0,1,1.5565070293362238,1,Clean
user normalize hating white people,1,train,0.7890627980232239,0.21093717217445374,0,3,1.5561949520524188,1,Clean
Seasa Ling vs Paquito,0,train,0.21095654368400574,0.7890434265136719,1,1,1.5561031208217677,1,Clean
b album definitely worth the fucking wait,1,train,0.7884311079978943,0.2115688920021057,0,3,1.5532046030280586,1,Clean
"Soal hujat menghujat emang disana pusatnya rasisme dan sebagainya, bahkan ke sesama satu ras Asian. Tapi ketika dihujat dan dirasisin eropa merasa playing victim",0,train,0.21159778535366058,0.788402259349823,1,1,1.553068045245294,1,Clean
taking out iran only helps zionist jews and would create a larger refugee crisis,0,train,0.21162638068199158,0.788373589515686,1,5,1.5529329143587836,1,Clean
HE SAID DENGAN LANTANG : TIDAK BACA WEBTOON AND TIDAK NONTON DRAMANYAA,0,train,0.21180176734924316,0.7881982326507568,1,4,1.5521045014245125,1,Clean
you are turd,1,train,0.7878546118736267,0.21214540302753448,0,1,1.5504833760694665,1,Clean
arrest holder for high crimes against the republic.,0,train,0.21226873993873596,0.7877312302589417,1,2,1.5499021658684518,1,Clean
after jeff sessions gets fired we need the doj in california,0,train,0.2124347984790802,0.7875651717185974,1,3,1.5491201683865132,1,Clean
user yea both sides need to stop being retarded,0,train,0.21244683861732483,0.7875531315803528,1,3,1.5490634931282925,1,Clean
yah pdhl sicowo udah dibangga2in,1,train,0.7873965501785278,0.21260347962379456,0,4,1.5483264462101345,1,Clean
"aneh bgt blm prnh kesana dan blm berangkat bisa2 nya udh spil ini itu, baru kali ini tau liat org kek gitu",0,train,0.21267496049404144,0.7873250246047974,1,4,1.5479902858776229,1,Clean
hayo tebak mana lebih keras jidat budi ari apa batu bacan?,0,train,0.2127927541732788,0.7872072458267212,1,2,1.5474365720319596,1,Clean
the uk is full of racist people on the left not just the right,0,train,0.2134646475315094,0.786535382270813,1,1,1.5442840453567312,1,Clean
bot still kick ya ass nigga,0,train,0.21346847712993622,0.7865315079689026,1,5,1.5442661053178552,1,Clean
user uk is becoming a nazi state,1,train,0.786482036113739,0.213517963886261,0,2,1.5440343098705405,1,Clean
user perhaps they could learn how arabs enslaved the africans,0,train,0.2136233150959015,0.7863766551017761,1,3,1.5435410247821604,1,Clean
sometimes normie conspiratards give me a headache.,0,train,0.21421127021312714,0.7857887744903564,1,4,1.5407925069785526,1,Clean
frustasi habis uangnya kasihannn,1,train,0.7855453491210938,0.21445459127426147,0,3,1.5396572587158497,1,Clean
no its because he is democrat about to be antifa socialist just like you.,0,train,0.2147471308708191,0.7852528691291809,1,2,1.5382940785291686,1,Clean
"Makanya kalau ngomong dipikir dulu, bego",1,train,0.7852311134338379,0.21476896107196808,0,1,1.5381924283159294,1,Clean
want a libtard to oppose abortion ?,1,train,0.7851498126983643,0.21485020220279694,0,3,1.537814227626845,1,Clean
islam belongs in pakistan bangladesh indonesia middle east gulf states north africa not with white people,1,train,0.7849188446998596,0.21508122980594635,0,5,1.53673950915694,1,Clean
problems with women dont lead to porn use. porn use leads to problems with women.,0,train,0.2152056246995926,0.7847944498062134,1,4,1.536161313956184,1,Clean
"""yang kedua dari sebelah kanan itu batik apa orang dah? kok warna nya kek taek babi si?""",1,train,0.7846985459327698,0.21530142426490784,0,5,1.5357162593763487,1,Clean
baked alaska is probably my favorite anti racist holocaust denier definitely top number,1,train,0.7846845388412476,0.21531544625759125,0,5,1.5356511342331032,1,Clean
hes a flake ...,1,train,0.784518301486969,0.21548166871070862,0,2,1.5348794370439118,1,Clean
at least shop where a white is at the counter is my rule .,1,train,0.784326434135437,0.2156735211610794,0,3,1.5339894908364213,1,Clean
user   i  m with the negros alabama state,1,train,0.7839239835739136,0.21607601642608643,0,4,1.5321250053115214,1,Clean
i would nt marry a asian even after cirurgy .,1,train,0.7837755084037781,0.21622446179389954,0,1,1.5314382358947543,1,Clean
"what will you do today, to disrupt, disturb, and defy the enemy?  ah, good question. glad you asked.",1,train,0.7837489247322083,0.21625111997127533,0,4,1.531314954125639,1,Clean
emang paling bener adab di atas ilmu,0,val,0.21641191840171814,0.7835880517959595,1,5,1.5305716577329045,1,Clean
he is a russian spy have received much money from putin.,1,train,0.7835677862167358,0.21643222868442535,0,1,1.5304778120248876,1,Clean
"So sorry, bru ngeh dia dibelakangðŸ™",0,train,0.21650302410125732,0.7834969758987427,1,3,1.5301507635020082,1,Clean
"some people are really weird in their thinking have you been to bullhead , az ?",0,train,0.21650348603725433,0.7834964990615845,1,3,1.5301486298805214,1,Clean
dasar artis abal abal enggk laku layar kaca sudah enggk duit kere miskin main ke dukun elmu pelet perebut suami orang yang kaya,0,train,0.21658246219158173,0.7834175825119019,1,2,1.529783916337975,1,Clean
pitina voor is a fucking stupid name,0,train,0.21685604751110077,0.783143937587738,1,5,1.5285215210974605,1,Clean
user user lmao clueless marxists who think jews never convert to christianity total brainlets,0,train,0.21700318157672882,0.7829967737197876,1,2,1.5278432639052468,1,Clean
idak puas atas putusan ini harusnya mereka non activ selama nya,1,val,0.7823818922042847,0.21761809289455414,0,1,1.5250136199635553,1,Clean
number if u saw someone naked u had to take ur wudhu again muslim twitter go off,1,train,0.7821891903877258,0.21781083941459656,0,4,1.5241283019778642,1,Clean
babi itu. anak orang baik2 di buat susah. jgn di lindungi,0,train,0.21797126531600952,0.7820287346839905,1,5,1.523392035357833,1,Clean
abizarrrr foto lu noh di twitter masih adaa ðŸ˜­ðŸ˜­ðŸ˜­,1,train,0.7818852066993713,0.21811477839946747,0,4,1.5227338483293458,1,Clean
fucking hate you bro i stg,1,train,0.7818484306335449,0.21815162897109985,0,2,1.5225649122338893,1,Clean
the habitual lies of jews,0,train,0.21826548874378204,0.7817344665527344,1,4,1.522043118882328,1,Clean
gapapa ga ganteng yang penting pede ekan,0,train,0.21843096613883972,0.7815690636634827,1,5,1.5212852588121228,1,Clean
jijik liatnya kaya ulet bulu kluget2 begitu hihihi sampai sgitunya pengen terkenal,0,train,0.21865223348140717,0.7813478112220764,1,5,1.5202727863050054,1,Clean
HOLY SHIT,0,train,0.21877069771289825,0.7812292575836182,1,3,1.5197311401043185,1,Clean
user he fully retarded she christian,0,train,0.21893389523029327,0.7810661196708679,1,2,1.5189854429944938,1,Clean
saw a young nigga with an elon musk truck,0,train,0.21898134052753448,0.7810187339782715,1,5,1.5187687558662428,1,Clean
is a blight on womanhood.  grow up.,1,train,0.7806066870689392,0.2193932980298996,0,5,1.5168892784175085,1,Clean
"""Lututnya masih hitam gosok maning biar tambah cling dan cantik""",1,train,0.7805916666984558,0.219408318400383,0,2,1.5168208175462317,1,Clean
school is hella gay,1,train,0.7805041670799255,0.21949586272239685,0,4,1.5164218952896658,1,Clean
you dont put this much thought into antifa goons ripping downtown seattle apart every holiday,1,train,0.7801317572593689,0.21986819803714752,0,2,1.5147270119929357,1,Clean
exactly so just more moslem appeasement sating the beast in the uk,0,train,0.21997851133346558,0.7800214290618896,1,5,1.5142254131573376,1,Clean
guess he forgot to walk the liberal plank!,1,train,0.7798493504524231,0.2201506346464157,0,1,1.5134432639936337,1,Clean
you promised to dox me in .   are you an invalid?   it is   now gunty.,0,train,0.2204093039035797,0.7795907258987427,1,4,1.5122689888757503,1,Clean
wanna hear a joke? black people lol,1,val,0.7793779969215393,0.22062203288078308,0,5,1.5113043000840105,1,Clean
user god forbid black people tell white bitches about themselves,0,train,0.22103233635425568,0.7789676785469055,1,1,1.5094462698228208,1,Clean
Anak sekolah gak punya etika kepada orang yang lebih tua😢,0,train,0.2216997593641281,0.7783002257347107,1,3,1.5064312477726023,1,Clean
are you an anti semite who declares who is and who isnt a jew?,0,train,0.22201420366764069,0.7779857516288757,1,2,1.5050139186716536,1,Clean
noap. not taking them. rt  maca root pills making my vagina do the wop,0,train,0.2221732884645462,0.7778266668319702,1,4,1.5042976229338163,1,Clean
Mereka bukan relawan tapi ketua dan dan wakil serta jajaran nya pengemis jabatan lalu pengikut nya pencari nasi bungkus,1,train,0.7777303457260132,0.22226963937282562,0,2,1.503864042360231,1,Clean
no he is waging war against you amp; all of the horrible things you have done.,0,train,0.22270658612251282,0.7772933840751648,1,3,1.5019001311888382,1,Clean
bad behavior like that is never acceptable.,1,train,0.7772490978240967,0.22275088727474213,0,1,1.5017012293630927,1,Clean
made a joke to my gf about stealing fancy jewelry for my wife and she about lost her shit all her gay marbles,0,val,0.2229773998260498,0.7770225405693054,1,5,1.500684858729404,1,Clean
magrib banget,1,train,0.7765981554985046,0.22340187430381775,0,4,1.4987830024815256,1,Clean
Apapun buli itu salah. Makanya kita semua yg punyak anak di didik agar prilaku nya bisa orang tua kontrol,1,train,0.7760473489761353,0.22395268082618713,0,4,1.4963204957544067,1,Clean
perasaan di ive pikme semua anjir ??,1,val,0.7758972644805908,0.2241026908159256,0,3,1.4956508910366073,1,Clean
hiring a cleaning lady as a woman is ghetto debate your mom,1,train,0.775848925113678,0.22415105998516083,0,5,1.4954350794819398,1,Clean
"Kan orang tua the onsu berpulang pas jordi masih remaja gk sih, Dan ruben yg bareng olga Mati2an buat adik2 Terus dibawa jg main sinetron tapi apa daya gak laku Sekolah tinggi2 biar masa depan bagus Terus dimodalin usaha si ade ky ceo lh Tpiiiii mlah kmna2 blng si adelh yh beliin abngnya ini itu trmasuk rumah sengketa itu😂😂😂😂 Ya الله",1,train,0.7757031321525574,0.22429686784744263,0,5,1.4947848016754415,1,Clean
he gave you a brillo pad that you all spend a fortune on to get rid of so you can look like white women,1,val,0.7754424810409546,0.22455747425556183,0,2,1.493623594517762,1,Clean
i said it yesterday. he is literally a walking embalment.,0,train,0.224707692861557,0.7752922773361206,1,4,1.492954864232896,1,Clean
buka masker langsung zonk,1,train,0.7746663093566895,0.22533370554447174,0,5,1.4901728397840681,1,Clean
the evil empire strikes back,0,train,0.22565728425979614,0.7743427157402039,1,3,1.4887378719990616,1,Clean
Saya menerima pernikahannya dengan mas kawin pembacaan al fatihah calon istri kami akan menikah dengan saya untuk memberi al gemuk,1,train,0.7740375995635986,0.22596237063407898,0,5,1.4873867951919042,1,Clean
"Kesalahan terbesarmu adalah kini yg kamu hujat sdh tak bernyawa nak, dan entah bagaimana dgn hati orang tua, keluarga yg telah kamu buat hancur utk seumur hidup.",0,train,0.22598865628242493,0.7740113139152527,1,3,1.4872704744101817,1,Clean
gakenal dan ga mau tau,1,train,0.7739550471305847,0.22604495286941528,0,5,1.487021392987289,1,Clean
i like that after dating for  months you finally understand it when i cringe at the word cock lol,1,train,0.7738135457038879,0.22618645429611206,0,1,1.4863956008416197,1,Clean
let our race continue on .,0,train,0.22629201412200928,0.773707926273346,1,4,1.485929015864963,1,Clean
"keliatan dari muka anaknya gada reaksi dan emosi seolah dia ga merasa bersalah, kalo adek w digituin w gabakal terima dia harus ngerasain hal yang sama kalo ga dihukum atau denda seadil-adil nya",1,train,0.7734124660491943,0.22658753395080566,0,4,1.4846239453578125,1,Clean
Sekarang denger erik pidato telinga tersiksa,1,train,0.7732011675834656,0.22679884731769562,0,4,1.4836917895149315,1,Clean
maybe spread some hate and intolerance ?,1,train,0.7729375958442688,0.2270624339580536,0,2,1.4825302598543624,1,Clean
dont stop naming the jews!,0,train,0.22715789079666138,0.7728420495986938,1,1,1.4821099491161116,1,Clean
all you need to know is he is empty inside,1,train,0.7727513313293457,0.2272486537694931,0,4,1.481710469948727,1,Clean
unless he is a contortionist.,0,train,0.2272949069738388,0.7727050185203552,1,1,1.4815069550009858,1,Clean
rapefugeess .. sexual assaults .. with iraqi and afghanistani men being investigated ..,1,train,0.7725008130073547,0.22749918699264526,0,1,1.4806086142562196,1,Clean
"""Bikin skandal karena kepengen tenar?""",0,train,0.2276962846517563,0.7723036408424377,1,3,1.4797426229021464,1,Clean
user im sorry but muslims disgust me at this point ngl,1,train,0.7717446088790894,0.22825539112091064,0,5,1.4772901404172707,1,Clean
barniesandals trump won by not standing up to the nra. fuck off bernie. norefunds,0,train,0.228334441781044,0.7716655731201172,1,1,1.4769438748842834,1,Clean
lmaoo abo crusty hands,0,train,0.22864755988121033,0.7713524699211121,1,3,1.4755735007862734,1,Clean
ngga ada wajah menyesal sedikitpun pelakunya..gemes..mana ada ibu yg terima anaknya di bully..,0,train,0.22914476692676544,0.7708552479743958,1,4,1.4734013051772943,1,Clean
MaMaH AKu TaKuT????,0,train,0.22915180027484894,0.7708481550216675,1,2,1.473370611741701,1,Clean
he probably had sex twice for boruto and the other sister that no one cares about,1,train,0.7708242535591125,0.22917579114437103,0,1,1.4732659229994425,1,Clean
sudah makan tai belum kamu nyet monyet,0,val,0.22935733199119568,0.7706426382064819,1,3,1.4724740898813953,1,Clean
lol nfl got that nigga the fuck out of here bum ass dirty ass nigga,0,train,0.22978052496910095,0.7702194452285767,1,4,1.4706306648998495,1,Clean
amp; sicking their attack dogs  antifa  resist  and blaming the right.,0,train,0.22982731461524963,0.770172655582428,1,1,1.470427058075594,1,Clean
dc republicans are weak and most are quasiconservatives at best!,0,train,0.2303231954574585,0.7696768045425415,1,1,1.4682717587841048,1,Clean
when moslems flee moslem countries dont that make them islamophobic,0,train,0.23034408688545227,0.7696559429168701,1,5,1.4681810580601382,1,Clean
white countries are under invasion betrayed by our own gov,0,train,0.23046831786632538,0.7695316672325134,1,3,1.4676418755962908,1,Clean
Keluarga manurung kah,0,val,0.23051688075065613,0.7694831490516663,1,1,1.467431183866248,1,Clean
lifeisbutepu when you have sex anytime you want but you are single,1,train,0.7693105340003967,0.23068952560424805,0,2,1.4666825175022207,1,Clean
or like the right amount of horny but not for lesbians,0,train,0.23079678416252136,0.769203245639801,1,1,1.4662176778832128,1,Clean
little things can just kill a negros mood man,0,train,0.23094496130943298,0.7690550684928894,1,4,1.4655758595791446,1,Clean
really apart from tunnelling what have the arabs provided the world with,1,train,0.7689079642295837,0.23109203577041626,0,5,1.464939224561255,1,Clean
paling gk bisa soal salah bantal??????,0,train,0.23132361471652985,0.7686763405799866,1,1,1.4639376193377727,1,Clean
go away,1,val,0.768484354019165,0.23151564598083496,0,2,1.4631078225092384,1,Clean
gay moslem march,1,val,0.7684400081634521,0.23155994713306427,0,5,1.4629164880790797,1,Clean
i noticed a lot of fat little white girls with monkey boyfriends .,1,train,0.7682909965515137,0.23170898854732513,0,3,1.4622730543932703,1,Clean
imagine being a gay vegan your colon attacked from both ends mpcstatusupdates,1,train,0.7679226398468018,0.23207737505435944,0,4,1.4606844497536378,1,Clean
"Semoga anak yg suka mbuly ...ktemu karmanya....Aamiin.dan yg dibully,semoga diberi ksabaran.....",0,train,0.23245282471179962,0.7675471305847168,1,5,1.4590679790080001,1,Clean
something must be done to halt this terrible wave of immigrants entering britain .,1,train,0.7671935558319092,0.23280641436576843,0,5,1.4575480103868725,1,Clean
im sure the air that he is breathing is also bad.,1,train,0.7671452164649963,0.23285475373268127,0,4,1.457340394332977,1,Clean
theres more than one problem in the world you oaf,0,train,0.23312106728553772,0.7668789625167847,1,5,1.4561973582790029,1,Clean
musacchio suspended for being a retard blame giampaolo,0,train,0.23344190418720245,0.7665581107139587,1,1,1.454822037167582,1,Clean
"Bahaya banget ya pembully bisa masuk univ 3 besar, dia akan merasa punya kekuasaan turunan dari bapak nya",0,train,0.23369866609573364,0.7663013339042664,1,3,1.453722745216842,1,Clean
"Hanya orang tuanya yg berdamai,tapi anaknya nanti ada kesempatan akan d ulang lagi,sebaiknya beri hukuman yg mampu membuat pembuli jera dan takut",1,val,0.7660443186759949,0.23395565152168274,0,2,1.4526237049978792,1,Clean
maghrib banget😂,1,train,0.7657994031906128,0.2342006266117096,0,5,1.4515771522810679,1,Clean
@apaya: ratu kesalahan,1,train,0.7657440304756165,0.23425598442554474,0,3,1.4513408110157786,1,Clean
bill clinton enjoyed raping them while ted kennedy enjoyed killing them. but you are cool with that.,1,train,0.7655532360076904,0.23444679379463196,0,2,1.450526608973483,1,Clean
they should be at work they are arabs,0,train,0.23460891842842102,0.7653910517692566,1,2,1.4498353280189162,1,Clean
another typical liberal who espouses  gun control but uses hate and bullying.,1,train,0.7653459310531616,0.23465409874916077,0,3,1.4496427693930476,1,Clean
hope they continue to crash,1,train,0.764686644077301,0.2353132963180542,0,1,1.446837476906302,1,Clean
MUKA ARIEL TATUM 😭🫵🏻,0,train,0.23544999957084656,0.764549970626831,1,2,1.446256704115268,1,Clean
thursdaythoughts fuck liberals. forever.,1,train,0.7643797993659973,0.23562023043632507,0,5,1.4455339631647903,1,Clean
what is behind the treasonous uk govt actions mooslim oil money or jewish money,1,train,0.7643582224845886,0.23564177751541138,0,1,1.4454425190053302,1,Clean
i kinda just wanna kill all the mean people i encounter,0,train,0.23605549335479736,0.7639445066452026,1,5,1.4436883602640302,1,Clean
mana dipanggil ustad lagi,0,train,0.23610848188400269,0.7638915777206421,1,1,1.4434639105719462,1,Clean
this gave me fucking heart palpitations im shaking as i type this,1,train,0.7638185024261475,0.23618146777153015,0,1,1.4431548381973944,1,Clean
Mendingan liat sirkel tanjung vs Argentina 😂,1,val,0.7636688947677612,0.23633110523223877,0,1,1.442521468952806,1,Clean
mana sama lagi marga nya sama guee🙏🏻😭,0,train,0.23633655905723572,0.7636634707450867,1,2,1.4424983921679562,1,Clean
gak bakal ngerti Bu mreka di jelasin juga,1,train,0.7634772658348083,0.23652270436286926,0,2,1.441711074123671,1,Clean
user where the fuck are your socks white boy,0,train,0.2365531474351883,0.7634469270706177,1,3,1.441582371412487,1,Clean
what do you call a chinaman with one leg tiwon shu,1,train,0.7634429931640625,0.23655694723129272,0,5,1.4415663083601558,1,Clean
"Aku pernah diare sampe pergi ke klinik waktu SMA, parah bgt sampe ga masuk sekolah dan turun berat badan",1,train,0.7634319067001343,0.23656810820102692,0,2,1.4415191285728748,1,Clean
is there anybody left in their ghetto that disagrees with them,1,train,0.7634016275405884,0.23659837245941162,0,5,1.4413912063312835,1,Clean
the left cant meme because their memes usually invoke poes law.,1,train,0.7633517384529114,0.2366483211517334,0,3,1.4411801168797076,1,Clean
using words such as ;dick; and ;pussy; in regular convo is just too vulgar for me.,1,train,0.7631441354751587,0.2368558645248413,0,5,1.4403034894171547,1,Clean
open your eyes the nra only supports politicians that dont care about gun control mostly republicans,0,train,0.23697707056999207,0.7630228996276855,1,5,1.439791891177281,1,Clean
the woman she spoke of was never raped not by six white men not by anybody,1,train,0.7629573941230774,0.2370426058769226,0,1,1.4395153823714046,1,Clean
cocok banget sm istrinya. sama2 halu,1,train,0.7628524899482727,0.2371475100517273,0,2,1.43907292617929,1,Clean
Filing q mengatakan knp Jordi berubah membenci Ruben dan lebih condong ke pihak Sarwen mungkin d karnakan Ruben menjadi mu'allaf.,1,train,0.7628496885299683,0.23715035617351532,0,2,1.4390609247684014,1,Clean
"nobody is greek, that nation was lost, if it ever existed at all.. you are subsaharan.",0,train,0.2371685951948166,0.7628313899040222,1,5,1.438984018622199,1,Clean
i have this great idea of overcoming white people so we as africans empowering black economy,0,train,0.2374473661184311,0.7625526189804077,1,1,1.4378092964114197,1,Clean
apparently they didnt learn from gun control.,0,train,0.23759061098098755,0.7624093890190125,1,2,1.4372062083477124,1,Clean
fox could have sash did tho,1,train,0.7624080181121826,0.23759199678897858,0,1,1.4372003756090206,1,Clean
do you hate him that much. he is our president.,1,train,0.7620164752006531,0.23798352479934692,0,3,1.4355538312388774,1,Clean
mass unmarked moslem graves would,1,train,0.7619795203208923,0.23802050948143005,0,1,1.4353984347317303,1,Clean
@Canc3rr_ ????: sebagian besar teori ilupnye ??????,0,train,0.23822630941867828,0.7617737054824829,1,4,1.4345341772001692,1,Clean
lies on top of lies that is the antifa and democrats way,0,train,0.23823343217372894,0.7617665529251099,1,1,1.4345042785353737,1,Clean
jari jari nya gede gede sekali pas ngiklan makan ikan danau hambar jarinya mirip jempol hawak benar,1,train,0.7612251043319702,0.23877489566802979,0,5,1.432234030008223,1,Clean
nyt we hate white people.,0,train,0.2388291209936142,0.7611709237098694,1,1,1.432006957689207,1,Clean
he makes a good point. too bad that is a career death sentence these days.,1,train,0.7611700296401978,0.23883004486560822,0,2,1.4320030893577267,1,Clean
Siapapun guru yang ada disitu kalo cuma diem asli demi Tuhan gw berantemin gurunya. Biar ngotak dikit,1,train,0.7608586549758911,0.2391413152217865,0,5,1.430700624707439,1,Clean
don  t be bitching when you get that same energy playa what ever goes around comes around pongase trucha,1,train,0.7608377933502197,0.23916222155094147,0,1,1.4306132060389116,1,Clean
i would name my dogs breed but i have no fucking clue what he is,1,train,0.760733962059021,0.2392660677433014,0,1,1.430179092102447,1,Clean
user you are a disgrace to white people and have brought much shame upon evropa,0,train,0.23927690088748932,0.7607231140136719,1,1,1.4301338165685873,1,Clean
user this adult shit ghetto,0,train,0.239695206284523,0.7603048086166382,1,4,1.4283871365547811,1,Clean
i want to see swedes raped to death collectively,1,train,0.760302722454071,0.23969727754592896,0,4,1.4283784953621224,1,Clean
haduuh orang tidak akhlak bangeg perasaan kerjaan bertengkar terus musuhnya,0,train,0.2397245168685913,0.7602754831314087,1,1,1.4282648613012223,1,Clean
back off or ill.....ill..... ill smoke something! i mean it!! lol,0,train,0.2398230880498886,0.7601768970489502,1,5,1.427853760581817,1,Clean
one added me to a liberals id like to slaughter last month. that was fun,1,train,0.7598283886909485,0.2401716262102127,0,2,1.4264015019996843,1,Clean
user i fucking hate white liberals,1,train,0.7597746849060059,0.24022531509399414,0,2,1.4261779831577066,1,Clean
gue gapaham dr dulu fashion style dia kyk gmna wkwkwk,0,train,0.24039407074451447,0.7596059441566467,1,2,1.4254757407495648,1,Clean
criticize boomers and some senile retard will reply in all caps,0,train,0.24070961773395538,0.759290337562561,1,1,1.4241639776421722,1,Clean
kalo bukan arhan gw gak tau dia siapa ðŸ™ƒ,1,train,0.7588940262794495,0.2411060333251953,0,4,1.422518469947201,1,Clean
its a band negro,1,train,0.758733868598938,0.2412661463022232,0,3,1.4218546133249896,1,Clean
Emang korea sehebat apa di piala dunia😂 ampe pelatihnya di hujat... Ini piala dunia bukan piala asia😅,1,train,0.7585846185684204,0.24141530692577362,0,4,1.4212365633572481,1,Clean
alohomora he said confidently pointing his penis at the padlock but nothing happened,0,train,0.24148717522621155,0.7585128545761108,1,2,1.42093891195298,1,Clean
its okay chiquito ; im not in the ghetto anymore ;,0,train,0.24160462617874146,0.7583953738212585,1,3,1.4204526650139822,1,Clean
no girls no hoes just me myself and i,0,train,0.24172833561897278,0.7582716941833496,1,2,1.4199407634773165,1,Clean
have but fuck the grammar nazis,0,train,0.24179624021053314,0.7582037448883057,1,4,1.4196598900929995,1,Clean
Ribka Tjiptaning wajar ngomong begitu krn...(telusuri riwayatnya),1,train,0.7582013607025146,0.24179859459400177,0,4,1.4196501530846646,1,Clean
"masih nyalahin baju, orang kalau nafsu sapi tetangga aja lewat",0,train,0.241836279630661,0.7581637501716614,1,5,1.4194943122272576,1,Clean
"tom arnold, a communist gigolo.",1,train,0.7580551505088806,0.2419448047876358,0,5,1.419045658229445,1,Clean
lol let this be a lesson that physics doesnt give a shit about female empowerment,1,train,0.7575340867042542,0.24246594309806824,0,3,1.4168940193000445,1,Clean
"lapor ke komisi etik kampusnya kak, ini udah masuk dosa besar perguruan tinggi. hukumnya gak main main loh, NIDN dosennya bisa di blacklist sama  DIKTI",0,train,0.24253077805042267,0.7574692368507385,1,3,1.4166266568626775,1,Clean
laki2 ya sis suka pecun2 murahan prempuan baik2 berjilbab atau pintar enji2 downgrade sih pedangdut kelas prempuan berjilbab ehh pilih pecun jeleknya seleramu,1,train,0.7573552131652832,0.2426447570323944,0,2,1.4161568104840918,1,Clean
"""Meldi udah dapat kontrak endorse skincare ya tapi kok mukanya tetap jelek si?""",1,train,0.7571645379066467,0.24283547699451447,0,5,1.4153711143483323,1,Clean
Aktingx bguss,0,train,0.24297672510147095,0.757023274898529,1,5,1.4147896217043552,1,Clean
so the guy that works at kith drugged and raped a lesbian is that right,0,train,0.24307957291603088,0.7569203972816467,1,5,1.4143664286852982,1,Clean
why do you identify as antifa if youre transphobic?,1,train,0.7568994760513306,0.24310049414634705,0,3,1.4142803649745603,1,Clean
tariq nasheed beating the fuck out of that drum beloved lmao somebody put a biscuit in that niggas mouth already,0,val,0.2431030422449112,0.75689697265625,1,4,1.4142698833619292,1,Clean
real women really do seem to hate those soyboys,0,train,0.2431449443101883,0.7568550705909729,1,5,1.414097534821516,1,Clean
kulitnya idaman para bule☺️,0,train,0.24318471550941467,0.7568153142929077,1,2,1.4139339782770528,1,Clean
Tak Pham Doh,0,val,0.2434234619140625,0.7565765380859375,1,1,1.4129527106581274,1,Clean
if you  re an army that is republican you are not welcome here we hate you,1,train,0.7559332847595215,0.2440667599439621,0,5,1.4103134847846068,1,Clean
sign this petition to get islam out of u.s. schools!  stopislam tohellwithsharia,1,train,0.7558273077011108,0.24417267739772797,0,1,1.4098796097334472,1,Clean
i am retarded i can never find my car in this lot,0,train,0.2442924678325653,0.7557075023651123,1,2,1.4093891328246706,1,Clean
sakit sih tasyi itu ??,1,train,0.7553995847702026,0.24460040032863617,0,3,1.4081294190638625,1,Clean
signs in warsaw ghetto warning the jews of typhus germans warning jews about a deadly disease,0,train,0.2448042631149292,0.7551957368850708,1,2,1.4072963138104315,1,Clean
who will abuse it the most liberals or rinos?,1,train,0.7551923990249634,0.24480760097503662,0,3,1.4072826790913724,1,Clean
dosen sange ngetik sambil ngocok kali,1,train,0.7551342248916626,0.24486571550369263,0,2,1.407045318684043,1,Clean
cinta lu knpeee cin? knape jadi begini,1,train,0.7550483345985413,0.24495168030261993,0,5,1.406694311143086,1,Clean
user that is a fucking ridiculous decision,1,train,0.7546016573905945,0.24539834260940552,0,5,1.4048725005610365,1,Clean
"surly you jest! i  have little or no regard for the pope of rome, but i dont think the buildibergs, ilumanity,or the vanderbils will stand by and allow that to happen?",0,val,0.24585968255996704,0.754140317440033,1,1,1.4029943018852096,1,Clean
is it gay for you to ask your bro for the strap,1,train,0.754089891910553,0.2459101378917694,0,1,1.4027891029084483,1,Clean
these arethe globalists we need to stand up against the wall and bring justice.,0,train,0.24615901708602905,0.753840982913971,1,1,1.401777540964505,1,Clean
Macanny yang sama,0,train,0.2465781420469284,0.7534218430519104,1,4,1.4000763294596936,1,Clean
they are ramping up discontent for  elections...dont let them fool you.,0,train,0.24657879769802094,0.7534211874008179,1,4,1.4000736704639878,1,Clean
had dna white as a snow the way you write i see hominids smarts,1,train,0.753254771232605,0.24674522876739502,0,2,1.3993989371578452,1,Clean
not with trump in the office. hes worthless,0,train,0.2469349503517151,0.7530650496482849,1,5,1.3986303359391437,1,Clean
hillary clinton will be potus..oops!,1,train,0.752798318862915,0.24720166623592377,0,3,1.3975508129847332,1,Clean
di UIN kalau dosen waras malah ga dikasih jam ngajar. Btw mahasiswa  juga banyak yang eror. emang kampus aneh itu,1,train,0.7522789835929871,0.24772101640701294,0,5,1.3954520998728461,1,Clean
yang anak nya donk kelemahan orang tua tuh anak nya,0,train,0.24829615652561188,0.7517039179801941,1,3,1.3931330657436316,1,Clean
she is hungery,1,val,0.7513129711151123,0.2486870437860489,0,3,1.3915600252835327,1,Clean
common blacked on get em high,0,train,0.24869844317436218,0.7513015866279602,1,2,1.3915141880461621,1,Clean
do you need evidence that progressives are intellectually superior to the rest of us?here you go  front hole,1,train,0.7512551546096802,0.24874484539031982,0,1,1.391327625207105,1,Clean
degenerative behavior creeps onto our sovereignty and justice system,0,train,0.24883542954921722,0.7511646151542664,1,2,1.3909635265301263,1,Clean
"Enak emang jadi Lurah, Camat, Bupati, Walikota bahkan Gubernur. Jalan rusak yg salah Presiden sama Wapres 😅😂🤣",0,train,0.24887590110301971,0.7511240839958191,1,2,1.390800895899079,1,Clean
reza rahadian : TAU KAN KENAPA GUE MULU,0,train,0.24944742023944855,0.7505525946617126,1,5,1.3885071265227202,1,Clean
i tried to google but always got links of children of bodom metal band .,0,train,0.24969425797462463,0.750305712223053,1,2,1.3875180776571516,1,Clean
noor was on the force so that the city could say they werent xenophobic.,1,train,0.7503028512001038,0.24969716370105743,0,3,1.3875064405872835,1,Clean
the liberals have sunk to an all new low....how tragic!!,0,train,0.24971577525138855,0.7502841949462891,1,1,1.3874319068742451,1,Clean
user get this white ass shit,0,train,0.24981719255447388,0.7501828074455261,1,4,1.3870258583808925,1,Clean
sakit banget dosen nya,1,train,0.7500574588775635,0.24994252622127533,0,2,1.386524282664722,1,Clean
grandma macon is a rinky dink mosquitofilled copinfested swamp. lmao,0,train,0.25000932812690735,0.7499906420707703,1,2,1.3862570493083555,1,Clean
what will germans will give us? gun control ?,1,train,0.7498753666877747,0.25012466311454773,0,5,1.3857958329475215,1,Clean
Baby face begini dibilang aki akiðŸ˜­,0,train,0.25049272179603577,0.7495072484016418,1,1,1.3843254135857577,1,Clean
she is not at all bothered by this invasion of her space.,0,val,0.25063958764076233,0.7493604421615601,1,3,1.3837392775647284,1,Clean
tidak ngumpul bareng mami isa gembrot disana,1,train,0.7489152550697327,0.2510847747325897,0,5,1.3819646489357442,1,Clean
"its all a farce, trump is just like every other president, a willing puppet.",0,train,0.25119397044181824,0.7488060593605042,1,1,1.38152984769441,1,Clean
user can i argue with you about how traps are gay,1,train,0.7485801577568054,0.2514198124408722,0,3,1.3806311774949658,1,Clean
OMG HIIII,1,train,0.7483139038085938,0.25168609619140625,0,3,1.3795726179716907,1,Clean
hp doang iphone tp rumah mau ambruk,1,train,0.7483118772506714,0.2516881227493286,0,3,1.3795645660777076,1,Clean
mungkin elo kenapan sama orang prindavan gak ci?,1,val,0.747963547706604,0.252036452293396,0,5,1.3781815499738788,1,Clean
who needs courts when you have clairvoyant liberals.,0,val,0.252375066280365,0.7476249933242798,1,2,1.376838939722662,1,Clean
semangat bg lu sendirian kok,0,train,0.2525327801704407,0.7474672198295593,1,1,1.3762142162357376,1,Clean
this is disgusting to say the least.,0,train,0.2526699900627136,0.7473300695419312,1,1,1.375671028811871,1,Clean
hysterical liberals following don jr. no facts just liberal mouthpieces.,1,train,0.7472201585769653,0.2527798116207123,0,3,1.3752364789936258,1,Clean
Meluruskan= membelokan ?🤪 #paham🤣,0,train,0.25287529826164246,0.7471246719360352,1,4,1.3748588040124023,1,Clean
youre part of the problem! no more regressive liberals. draintheswamp url,0,train,0.2532796859741211,0.7467203140258789,1,4,1.3732609226870598,1,Clean
with democrats sociability quotient its no wonder democrats think about gun control all the time!,1,train,0.7466690540313721,0.2533309757709503,0,3,1.373058440580474,1,Clean
"Aku,seorang ibu aku memg nggak suka sesana murid lagak suruh belajar malah ngebuli orang,atau sesama teman.aduh nak tugas kalian itu cuma suruh belajar ,bukan suruh ngelawan,bukan suruh ngajar teman bukan suruh bolos.cuma belahar.klau sudah kejadian kamu ngejahatin temen di labrak yg ada org tua ama org tua pun jadi berantem kan.ingat orang tua nyekolahi kamu itu bukan sikit duit,untuk byk hal keperluan mu.",0,train,0.2534129321575165,0.7465870976448059,1,3,1.372734977837268,1,Clean
i support jahs blessings on his hussle ....he is d bomb,1,train,0.746403157711029,0.25359684228897095,0,3,1.3720095080385,1,Clean
i got sloppy seconds after some muslims used this girl .,1,train,0.7461860775947571,0.2538139522075653,0,3,1.3711537519757648,1,Clean
Ga cuma magrib. Ini malah isyak bnget,0,train,0.25395822525024414,0.7460417747497559,1,2,1.37058549300859,1,Clean
you losing   and thats what u trying to do? stupid yardie,0,train,0.25427448749542236,0.7457255125045776,1,4,1.3693409360248734,1,Clean
pikmi girl cabang klaten lewat nich,1,train,0.7456088662147522,0.2543911933898926,0,3,1.3688820652934535,1,Clean
the harder i work the more i get prison shower raped by my government u middle class,1,train,0.7454408407211304,0.25455915927886963,0,2,1.3682220170424038,1,Clean
username tolol tidak hubungan nya keguguran dengan pakai hijab syar i yang kamu bilang bayi nya kepanasan didalem tidak hubungan nya woyyyy otak jempol kamu tidak singkron sih ya nulis komentar,1,train,0.7454021573066711,0.25459790229797363,0,1,1.3680698320994755,1,Clean
niggas get a knew outlook on life and think it okay to rekindle shit,0,val,0.2546935975551605,0.7453063726425171,1,1,1.3676940345126685,1,Clean
Money laundry ada di korea juga 😂,1,train,0.7452273964881897,0.2547726333141327,0,4,1.3673837656280305,1,Clean
draft drinking game chug a beer everytime you see a black woman crying.,0,train,0.25570714473724365,0.7442928552627563,1,4,1.3637224552011211,1,Clean
give him a shot chris. han is a nasty h player  and he is my bb,1,train,0.7437507510185242,0.25624924898147583,0,5,1.3616046793378107,1,Clean
babi malas sekali kamu,0,train,0.25630518794059753,0.7436947822570801,1,2,1.3613864041447221,1,Clean
joe is just singing the old liberal bullshit song and misrepresenting facts as usual.,1,train,0.7435608506202698,0.2564391493797302,0,5,1.360863876902858,1,Clean
i bet overtly was invented by jews,0,train,0.25675565004348755,0.7432443499565125,1,5,1.359630424403962,1,Clean
"unfoll ah, udah ga menarik wkwk",1,train,0.7429875731468201,0.2570124566555023,0,4,1.3586307257848618,1,Clean
babi termasuk mamalia omnivora,0,train,0.2574729025363922,0.7425271272659302,1,1,1.3568407972840928,1,Clean
look at all the shootings of muslimes in canada,1,train,0.742397129535675,0.25760290026664734,0,2,1.3563360260162214,1,Clean
high time they get back to mother affika and fix that mess .,1,train,0.7423245906829834,0.2576754093170166,0,5,1.3560545895594591,1,Clean
i think he is on crack!,1,train,0.7420870065689087,0.2579130232334137,0,1,1.355132870148323,1,Clean
senyum logo arsenal wk,1,train,0.741959273815155,0.2580406665802002,0,5,1.3546380840777488,1,Clean
"Gw aja yg bukan siapa siapa ngerasa sakit pada korban buliyying apalagi orangtuannya,",1,train,0.7419441342353821,0.2580558657646179,0,5,1.3545791835292291,1,Clean
bisa aja hasil dna nya dipalsuin wkwk jaman skrng kalo punya duit apa aja bisa dipalsuin kanðŸ˜‚,0,train,0.2581518888473511,0.7418481111526489,1,2,1.3542071508234714,1,Clean
meet user he is a little lefty nazi like you you number will get along great,1,train,0.7417364716529846,0.258263498544693,0,4,1.3537749030562494,1,Clean
day number today in gym we won a game of mattball cause of my retarded ass,0,train,0.2583637535572052,0.7416362166404724,1,4,1.3533867895242482,1,Clean
Tapi emg lintang mantep bgt sih,0,val,0.25842803716659546,0.7415719628334045,1,2,1.3531380099930106,1,Clean
babi kotor bau,0,train,0.25860247015953064,0.7413975596427917,1,2,1.3524632606423181,1,Clean
come together as humans means join the african and muslim rapists talk about a dog whistle,1,train,0.7413607835769653,0.2586391866207123,0,2,1.3523212904016695,1,Clean
relawan itu baiknya kalo gak bubar dipidanakan saja karna bikin fitnah kisruh dengan buzer2nya,0,train,0.25959768891334534,0.7404022812843323,1,2,1.3486221966827951,1,Clean
user user the rest of the world thinks you  re a racist homophobic sex criminal,1,train,0.7403379082679749,0.25966209173202515,0,4,1.3483741404249814,1,Clean
ga ada positive positive nya,1,val,0.7402305603027344,0.25976940989494324,0,4,1.3479609265012629,1,Clean
very adult response for a bigot.,0,train,0.2599237263202667,0.7400763034820557,1,1,1.3473670513118279,1,Clean
only god will ever ask them to answer for their misdeeds.,0,train,0.26009100675582886,0.7399089932441711,1,2,1.3467236832274558,1,Clean
Semoga bener Aamiin 😁,1,train,0.7398085594177246,0.2601914405822754,0,3,1.3463376089779482,1,Clean
Kalo aku bacanya sih emang kamu yang ngetik ga jelas wkwkwk,0,train,0.2603228688240051,0.7396771311759949,1,1,1.3458326151971904,1,Clean
police state tyrant liberals love the word dangerous when gaslighting their sheep.,1,train,0.7393813133239746,0.2606186866760254,0,2,1.3446969105075062,1,Clean
kim kardashian is a negress by now anyway,1,train,0.7393648028373718,0.26063525676727295,0,1,1.3446333327007134,1,Clean
saya cewek murahan postingan,1,train,0.7391999363899231,0.2608000934123993,0,5,1.3440010907533257,1,Clean
kata gua sih emang udah di setting dari awalðŸ˜†,1,train,0.739171028137207,0.26082900166511536,0,2,1.3438902524085383,1,Clean
melo not with the shits,0,train,0.260869562625885,0.7391303777694702,1,3,1.3437347566352023,1,Clean
we have number million invaders and refugees work hard for them,1,train,0.7387093305587769,0.26129066944122314,0,1,1.3421218153165333,1,Clean
she is buttering the media up...  guilty...,0,train,0.26179245114326477,0.7382075190544128,1,1,1.3402032603633691,1,Clean
do you likelove louis farrakhan because he is a racist or an anti semite? which one?,1,train,0.7379546761512756,0.26204535365104675,0,3,1.3392376846637286,1,Clean
listen if n and chungha ever collabed the gays would die,0,train,0.2624198794364929,0.7375801205635071,1,5,1.3378094647342402,1,Clean
haha true.  back to your original point... if we all just fucking drive everything would be fine!,1,train,0.7372707724571228,0.2627292275428772,0,3,1.336631330227091,1,Clean
actually they were white people and no one cares,0,train,0.26323217153549194,0.7367677688598633,1,5,1.3347188547230262,1,Clean
kesalahan ceroboh,0,train,0.2634150981903076,0.7365849614143372,1,2,1.3340241709272955,1,Clean
lol you are being mean.,1,train,0.7363777160644531,0.26362231373786926,0,2,1.3332378299444765,1,Clean
mirip banci deh nenek2 punya cucu mau operasi mua top tetap saja kalau asli nya tidak cantik dalam,0,train,0.26430264115333557,0.735697329044342,1,4,1.3306604644088247,1,Clean
Bagus... Orangtua WAJIB BERTINDAK kalo anaknya di bully anak lain. Sekolah tidak bisa berbuat banyak utk mencegah kalau sudah terjadi pembullyan.,1,train,0.7356151938438416,0.26438480615615845,0,5,1.3303496380258548,1,Clean
Lucu,1,train,0.7355928421020508,0.2644071578979492,0,2,1.3302650991397766,1,Clean
only white people will preserve our whiteculture and europeanheritage tradlife altright,1,train,0.7354776263237,0.26452240347862244,0,2,1.3298293300283017,1,Clean
user fought nazis only to come home and support a nazi makes sense  propaganda,1,train,0.7353823781013489,0.2646176517009735,0,2,1.329469318638321,1,Clean
user user mr jihadi rapist of number year old and protector mass killer osama hiw do you do,0,train,0.26462259888648987,0.7353774309158325,1,4,1.329450623214037,1,Clean
he is spending your contributions. vote ted cruz!!!!,0,train,0.2646942138671875,0.7353057861328125,1,2,1.329180029197716,1,Clean
@Soskqjqoekf not their first time,1,train,0.7351565361022949,0.26484352350234985,0,2,1.3286161047459446,1,Clean
it happens again!! black pack beats whitey. this should make national news.,1,train,0.7351394295692444,0.2648605406284332,0,4,1.3285518532997445,1,Clean
apparently im a honky. pfft. like thats a bad thing.,0,train,0.26506346464157104,0.734936535358429,1,3,1.327785992455403,1,Clean
"Pelaku akan Berubah raut mukanya jika terasa pedih , dan nafas susah di tarik. Karena itu kejiwaan",0,train,0.26534324884414673,0.734656810760498,1,4,1.326731012488477,1,Clean
idungnya.. ????,1,train,0.7345631122589111,0.2654368281364441,0,5,1.3263784020672296,1,Clean
because she is a woman??. uh..wasnt her opponent a woman...not getting your ill formed point here.,0,train,0.2655816972255707,0.7344182729721069,1,2,1.3258327748026368,1,Clean
Cik vilmei aku jugak sering di ejek hitam sama temen temen aku,1,val,0.7340648174285889,0.2659352123737335,0,5,1.324502562371363,1,Clean
muslimes say trust us not,1,train,0.7339612245559692,0.26603877544403076,0,5,1.3241132084782137,1,Clean
dasar gilaaa,1,train,0.7338820695877075,0.2661179304122925,0,3,1.3238157210352317,1,Clean
note to self do not sell to muslimes or immigrants or illegals,1,train,0.7337827086448669,0.26621735095977783,0,2,1.3234421949808057,1,Clean
and the plastic surgery of a tranny.,1,train,0.7337647080421448,0.26623526215553284,0,1,1.323374916897008,1,Clean
"Kalo cuman nonaktif berapa bulan ya gk ada apa2 nya, tabungannya masih banyak",1,train,0.7337009310722351,0.26629912853240967,0,5,1.3231350586707606,1,Clean
who still argue in number that  ghetto,1,train,0.7336941361427307,0.2663058340549469,0,1,1.3231098785729074,1,Clean
"#ILCBoedionoCentury ketika ini terjadi, saya ikuti kasus ini cukup intens. Meski sekarang agak lupa...; Tapi kuncinya kita cuma butuh 2019 Ganti Presiden! Itu...",1,train,0.7334943413734436,0.2665056884288788,0,2,1.3223596906551496,1,Clean
endemik ini habitatnya di got kalo naik pangkat di kantor dpr pake kemeja sama dasi,1,train,0.7331385612487793,0.2668614685535431,0,5,1.321025599596955,1,Clean
"oh look, madwomen anna soubry changes her tune from . now she thinks boris must go.",1,train,0.7331139445304871,0.26688602566719055,0,3,1.3209335818772256,1,Clean
i m surprised they re not holding the gun back to front .,1,train,0.7327412366867065,0.26725873351097107,0,1,1.319538050430501,1,Clean
absolutely! and...he should be nailed to the wall!,1,train,0.7325989603996277,0.2674010097980499,0,3,1.319005837963721,1,Clean
this guy is a french jew which explains a lot.,1,train,0.7325982451438904,0.2674017548561096,0,1,1.319003051672741,1,Clean
najis muakk menjijikan pelakor jijik,0,train,0.2675776183605194,0.732422411441803,1,5,1.3183455926395555,1,Clean
all you gotta say is fuck me then it gon always be fuck you too,0,train,0.26779860258102417,0.7322013974189758,1,3,1.3175200638827267,1,Clean
"there will always be survivors , the juden will never let go of the holahoax",1,train,0.7318673133850098,0.26813268661499023,0,4,1.3162733216828402,1,Clean
cakap kaga jelek iya hahah,1,train,0.7316865921020508,0.2683134377002716,0,3,1.315599438196955,1,Clean
neither does antifa or black lives matter or any other soros funded groups,1,train,0.7315462827682495,0.2684537470340729,0,5,1.3150766441775463,1,Clean
kalo adek gua berani di bully sama temannya kayak gini. parang panjang gua bawa dari rumah ke sekolah,1,train,0.7313904166221619,0.26860955357551575,0,3,1.3144964274856328,1,Clean
and again you are proving... your a dog!,1,train,0.7312108874320984,0.2687891125679016,0,3,1.313828174993097,1,Clean
Emang mantap sih lintang,0,train,0.26891061663627625,0.7310893535614014,1,3,1.313376234760125,1,Clean
trans women are women and if you disagree fuckin unfollow me,0,train,0.26927855610847473,0.7307214736938477,1,4,1.3120089105991941,1,Clean
want a libtard to support white nationalism ?,1,train,0.7304815649986267,0.2695184350013733,0,1,1.3111184865147776,1,Clean
you still have not addressed your solution to make schools safer....you just preach more gun control...what are your solutions???,1,train,0.7304083108901978,0.26959171891212463,0,3,1.3108466166170554,1,Clean
Less Bathing Bay,1,train,0.7301480770111084,0.2698519229888916,0,1,1.3098819038028293,1,Clean
possibly the single best refutation of islam as a religion that i have ever come across,1,train,0.729961633682251,0.2700383961200714,0,4,1.3091911222422241,1,Clean
it irritates the hell out of me .,0,train,0.2700469195842743,0.7299531102180481,1,2,1.309159558843051,1,Clean
just dont be a white democrat and all will be fine.,1,train,0.7296803593635559,0.27031970024108887,0,2,1.3081499454806502,1,Clean
bills nose looks like a flame thrower !!,0,train,0.27068474888801575,0.7293152809143066,1,5,1.3068004234834947,1,Clean
oh its coon bike week in charlotte ok makes sense now,0,train,0.27080973982810974,0.7291902303695679,1,1,1.3063387717218666,1,Clean
yes he is and the democrats hate it,1,train,0.7290778756141663,0.27092209458351135,0,1,1.3059239732925492,1,Clean
we owe hillbilly aggy a serious ass whipping a serious one,0,train,0.27107930183410645,0.7289207577705383,1,2,1.3053438742151566,1,Clean
women can not handle the bantz they are women you do not bantz women that gay,1,val,0.7287405729293823,0.2712593972682953,0,4,1.3046797304204885,1,Clean
hope the tiny anti american fraction of the usa can support those nfl contracts.,1,train,0.7286590337753296,0.2713409662246704,0,3,1.3043790709942231,1,Clean
user its human violence stupid address the human,0,train,0.27151796221733093,0.7284820675849915,1,5,1.3037269826167128,1,Clean
"her loss had nothing to do with race or with her being a woman. she is probably the greatest woman tennis player of all time. she has also, always been a temperamental, pampered multimillionaire, and a sore loser. serena, you have a great life. please stop bullying people.",0,val,0.2718198597431183,0.7281801104545593,1,5,1.3026157124468345,1,Clean
you arent free of adultery until she is begging for the d and you refuse.,0,train,0.2718500792980194,0.728149950504303,1,5,1.302504543692551,1,Clean
udah kasian bjirrr pen ikut buli tp komenny bgni semua ??,0,train,0.2720598578453064,0.7279401421546936,1,3,1.3017331712892795,1,Clean
another libtard that expects to see mayhem on the streets as only evidence of failing communitycountry.,0,train,0.272063672542572,0.727936327457428,1,5,1.3017191498509382,1,Clean
never too early for you to get raped triggy,1,train,0.7277597188949585,0.2722403407096863,0,4,1.301069997285398,1,Clean
ini mah bu cinta lebih ke ketawa ngikngik sih liat lawannya modelan begini😭🙏,1,train,0.727493166923523,0.27250680327415466,0,3,1.3000916990468003,1,Clean
"man who roundhousekicked prolife woman identified, gets fired  newswars",1,train,0.7273436784744263,0.27265632152557373,0,5,1.2995431723825184,1,Clean
sixten just shoved like  oreos down his throat,0,train,0.27270302176475525,0.7272969484329224,1,1,1.2993719082797932,1,Clean
he is! its his first regression too xd,0,train,0.2727760970592499,0.7272239327430725,1,4,1.2991039776023026,1,Clean
CRAZYNESS!!!,1,train,0.7270548939704895,0.2729451358318329,0,3,1.298484471642845,1,Clean
this nigga is everywhere  ..i cant escape his spews..its now time,1,train,0.7266911864280701,0.27330875396728516,0,3,1.2971531559453315,1,Clean
"leftist, globalist and pedophiles. reporting truth",0,train,0.27333658933639526,0.7266634106636047,1,4,1.2970513152565735,1,Clean
"minimal ganteng sama tinggi dulu baru nyakitin orang, muka pas pasan nyakitin ga kira kira ,ih di selingkuhin orang jelek sakitnya double sakit hati dan mata anj",1,train,0.726458728313446,0.2735412120819092,0,3,1.2963029844428806,1,Clean
of course it a sheboon,1,train,0.7260515689849854,0.27394843101501465,0,4,1.2948153982818094,1,Clean
then send this one to your teabagger friends  and watch their heads explode,0,train,0.27411624789237976,0.7258837819099426,1,1,1.2942030001869553,1,Clean
eh dia ga punya manager yang ngontrol dia kah?,0,train,0.27477166056632996,0.7252283692359924,1,1,1.29181485143983,1,Clean
ga sebanding sm konten klo belanja wahh bayar gaji syulit ??,0,train,0.2748155891895294,0.7251843810081482,1,3,1.2916549910234447,1,Clean
white babies are by far our nation s most precious resource .,0,train,0.2748607099056244,0.725139319896698,1,3,1.291490819068894,1,Clean
shes homophobic and transphobic and really rude,0,train,0.2750287652015686,0.7249712347984314,1,1,1.2908795860528641,1,Clean
isu pahlawan nasional bisa memancing mereka keluar . mantap pak prabowo,0,train,0.27523791790008545,0.7247620820999146,1,3,1.2901193993469924,1,Clean
pak Harto lebih pantas jadi pahlawan nasional,0,train,0.2753409445285797,0.7246590256690979,1,5,1.2897451509450748,1,Clean
user i just saw your ghetto gaggers video why did you change your name from harmony rose,0,train,0.27540290355682373,0.7245970368385315,1,2,1.2895201496900601,1,Clean
Jelas dicintai wkwk,1,train,0.7245938181877136,0.2754061818122864,0,3,1.2895082462717988,1,Clean
user lol sheesh some of these hoodrats are ghetto fine,1,train,0.724564790725708,0.275435209274292,0,3,1.2894028530950978,1,Clean
they are all getting exposed for who they are!,0,train,0.2757086753845215,0.7242913842201233,1,5,1.2884104946918447,1,Clean
yep. they had to produce this article to shut up the liberals.,1,train,0.7240136861801147,0.27598631381988525,0,5,1.2874040021036046,1,Clean
kasihan ya nagita suami kerjaannya berzinah,1,train,0.7236416339874268,0.27635839581489563,0,3,1.2860567200719217,1,Clean
modelan kaya gitu dipercaya aja udah ngakak 😭,1,train,0.7236145734786987,0.27638542652130127,0,3,1.2859589145231851,1,Clean
"""hanya bisa melihat hujatan klean kasian si listy kontrak nya d copot , di hujat memang dunia sgt kejam""",0,train,0.2763965129852295,0.7236034870147705,1,2,1.2859188029958815,1,Clean
"Bener banget, bahkan orang2 yg biasa aja, bukan orang kaya ataupun punya kedudukan bisa menghasilkan anak yg nakal karena selalu dilindungi, kasus terbaru Taufik Hidayat yg nyiksa pacarnya, bahkan untuk contok kecil disekitar kita juga banyak, kaya anak kecil yg nakal ringan tapi terus dibela sama orangtuanya.",1,train,0.7234225869178772,0.2765774428844452,0,4,1.2852644144708825,1,Clean
kek gerah banget liat nya😭,1,train,0.7231028079986572,0.2768971920013428,0,5,1.2841089896968607,1,Clean
ban abortion for white women,1,train,0.7229984402656555,0.27700158953666687,0,5,1.2837320344117438,1,Clean
someone please come claim me  this single shit ghetto,0,train,0.277008980512619,0.7229910492897034,1,2,1.2837053526971622,1,Clean
senseless  gun control now! vote blue and end this american nightmare.,0,train,0.2770112156867981,0.7229888439178467,1,2,1.2836972837704537,1,Clean
jijik liatnya suer deh minceeee,0,train,0.2770160436630249,0.7229839563369751,1,1,1.2836798551109592,1,Clean
donald trump is a fucking joke,1,train,0.7228599786758423,0.2771400213241577,0,2,1.2832324083679407,1,Clean
"""Biarkan @sk69official bangkrut aja. CEO nya gatau trimakasih haha""",1,val,0.7228301763534546,0.2771698534488678,0,1,1.2831247713724745,1,Clean
gampangan bgt,1,train,0.7225950956344604,0.27740490436553955,0,2,1.2822770914972743,1,Clean
tua bukannya ingat umur malah betingkah,1,train,0.7225446701049805,0.27745527029037476,0,3,1.2820955469306463,1,Clean
dam white slave owners,1,train,0.722449779510498,0.27755022048950195,0,2,1.281753387432656,1,Clean
user you forgot to mention illegal muslim refugee,1,train,0.7222321033477783,0.2777678966522217,0,5,1.2809694181467668,1,Clean
black violence is wildly out of proportion,0,train,0.2780872881412506,0.7219127416610718,1,2,1.2798202284552191,1,Clean
mawar pun ga akan kasih apalagi singa bang??,0,train,0.2781029939651489,0.7218970060348511,1,1,1.2797637520139444,1,Clean
trump you damn elephant im sending you back to africa for being a illegal immagrant,0,train,0.27815547585487366,0.7218445539474487,1,4,1.2795750559572445,1,Clean
lake show fuck corey harris,0,train,0.2782290279865265,0.7217709422111511,1,1,1.279310662784633,1,Clean
Ada yg bisa menjelaskan kronologiny seperti apa ? Harus melihat dari kedua belah pihak mungkin yg di bully dan yg membulily ada kontak non fisik atau fisik sebelumny,0,train,0.2783803641796112,0.7216196060180664,1,2,1.2787668839733382,1,Clean
U also got Rick rolled hehe,1,train,0.7215042114257812,0.27849575877189636,0,2,1.278352448556983,1,Clean
it was a nail biter,1,train,0.7212162613868713,0.2787837088108063,0,3,1.2773190350498063,1,Clean
"emang minta untuk di nepalkan dpr itu , apalagi si puan",1,train,0.7211079597473145,0.27889204025268555,0,1,1.2769305245455433,1,Clean
"Kak sangking lucu nya aku gak bisa ngakak, malah ngikngikkkðŸ˜…ðŸ˜…ðŸ˜…",0,train,0.2791536748409271,0.7208463549613953,1,3,1.2759928429171923,1,Clean
well how else will white ppl get us to forget our horrific past other than to paint a pretty picture of ho;,1,val,0.7207648158073425,0.27923518419265747,0,2,1.275700898151495,1,Clean
there was once a convaluted theory nixon was deep throat.,0,train,0.27959564328193665,0.720404326915741,1,4,1.2744108507112044,1,Clean
"indeed they are, as are most libbies.",0,train,0.2796708941459656,0.7203291058540344,1,4,1.2741417451615353,1,Clean
pagan christian orthodox feminist nazi russian communism,0,train,0.2796839773654938,0.7203160524368286,1,2,1.2740949654866027,1,Clean
hahahahahahahahaha kena deh hehehehe,0,train,0.2797262370586395,0.7202737927436829,1,3,1.2739438788881228,1,Clean
"""keknya dia ngeliat masa depan yang hancur deh""",1,train,0.7202512621879578,0.27974873781204224,0,2,1.2738634436428466,1,Clean
sini duet sm sy kaa,0,train,0.2804238200187683,0.7195761799812317,1,2,1.2714531772914999,1,Clean
religion islam has sunnah the verbal teachings of the pedophile mohammad. the teutonic people have sunna the sun goddess. ours is hotter and she doesnt suggest we rape children.,1,val,0.7192903757095337,0.2807096540927887,0,1,1.2704344032852077,1,Clean
user is that why you invite uninoculated and illegal immigrants to run roughshod in wa,1,train,0.7192457914352417,0.2807542383670807,0,1,1.2702755888895378,1,Clean
remember only the white supremacists are responsible for violence,1,train,0.7190936803817749,0.2809063494205475,0,3,1.2697339412806685,1,Clean
mba behelnya yang kw yah,1,train,0.7190618515014648,0.28093811869621277,0,4,1.2696208520629153,1,Clean
nobody does racism like the,0,train,0.2809430658817291,0.7190569639205933,1,2,1.2696032426976178,1,Clean
"if you cant laugh at this,you might be a liberal progressive.",1,train,0.7189120650291443,0.2810879647731781,0,2,1.269087616738352,1,Clean
gun control! that is all these kids are asking for!,1,train,0.7185516357421875,0.2814483940601349,0,1,1.2678061730392247,1,Clean
now do one of vox as a moslem woman getting stoned to death,1,train,0.7185386419296265,0.28146135807037354,0,3,1.26776011233343,1,Clean
if u can read this ure gay and also ilu,1,train,0.7184638381004333,0.28153613209724426,0,1,1.267494484054028,1,Clean
user ching chong oil,1,train,0.718452513217926,0.2815474569797516,0,2,1.2674542595377092,1,Clean
i wonder if theyll put barbara bush in a jar too.,0,train,0.2819889187812805,0.7180110812187195,1,1,1.2658875039179383,1,Clean
tell them we ll legalize drugs and pedophilia .,1,train,0.7179574370384216,0.28204259276390076,0,1,1.2656971812792785,1,Clean
satan has said no muslim must ever say jesus is the son of god,1,train,0.7179542779922485,0.2820456624031067,0,2,1.2656862977369328,1,Clean
funny i compare pediphiles and their protectors to satan,0,train,0.28251025080680847,0.7174897193908691,1,1,1.2640404430121641,1,Clean
"cnns van jones if teachers are armed, theyll start shooting minority kids",1,train,0.7166316509246826,0.283368319272995,0,5,1.2610077460018447,1,Clean
cewex cntik cowox mmmmhh hehe,0,train,0.2835865020751953,0.7164134979248047,1,5,1.2602380803962074,1,Clean
the clinton crime family  part,1,train,0.716288149356842,0.28371191024780273,0,4,1.2597959562092678,1,Clean
lmaooo hell naw nigga you must was playing school of blind and cripple,1,train,0.7162678241729736,0.2837321162223816,0,3,1.2597247387018313,1,Clean
apparently not in the us  this place is so ghetto,1,train,0.7156512141227722,0.2843487858772278,0,1,1.2575536750565282,1,Clean
hateful fresno prof literally blaming her troubles on racism,1,train,0.7154765129089355,0.28452345728874207,0,3,1.2569395778876051,1,Clean
diversity is code word for white genicide!!!!,1,train,0.7153444290161133,0.2846556007862091,0,3,1.2564752477336174,1,Clean
reminder that the jews control the media,0,train,0.2849244177341461,0.7150755524635315,1,2,1.255531334818293,1,Clean
that movie even made george takai look like a badass.,0,train,0.28493380546569824,0.7150662541389465,1,4,1.2554983872142373,1,Clean
hiac why is it this match too with becky vs charlotte kinda sucky so far? they are taking shots back and forth and stumbling around like a drunk version of final fantasy or something.,0,val,0.2851490378379822,0.7148510217666626,1,1,1.2547432956164508,1,Clean
MANA NIH YANG MINTA DI SISAIN COWO SPEK BRAVY HAHAHAHAHA,1,train,0.7148388028144836,0.28516119718551636,0,5,1.2547006544475245,1,Clean
"umurny berapa sih,maap keliatan tua",1,train,0.7145834565162659,0.28541651368141174,0,3,1.253805714080688,1,Clean
kucingnya mirip monyet..,1,train,0.7141504287719727,0.28584954142570496,0,4,1.2522896855214585,1,Clean
antisemitism is alive and well in the uk!,0,train,0.2859021723270416,0.7140978574752808,1,4,1.2521055814769253,1,Clean
"news jeff sessions if you want more death, listen to the aclu, antifa, black lives matter url cnbc",1,train,0.7135748863220215,0.2864251434803009,0,1,1.2502780562675955,1,Clean
represents the majority vast majority there are a minority of jews that oppose the push for white genocide and call it out for what it is a threat to their own well being user,1,val,0.7133975625038147,0.2866024374961853,0,1,1.2496592587526851,1,Clean
the barbarians are at it again .,0,train,0.2866421937942505,0.7133577466011047,1,5,1.2495205525321333,1,Clean
dia melakukan itu biar dilihat orang wahhh sultan bgt itu menurut dia padahal org lain ngelihatnya loe TEGA bgt,0,train,0.28664541244506836,0.7133545875549316,1,2,1.2495093237848767,1,Clean
"promotor judi online,....ðŸ˜ðŸ˜",1,train,0.7133306264877319,0.2866693437099457,0,5,1.2494258399232308,1,Clean
bang stop ngaca kita tau muka abang kotak kok,1,train,0.7130250334739685,0.2869749367237091,0,2,1.248360395524689,1,Clean
"Mirip2 kaya diinduksi sih saya mah kak :') dulu pas masih kerja ga ngerti kenapa sakitnya sesakit itu. Buat duduk aja ga bisa, tiduran guling-guling di kasur sampai tiap pms suka ijin sehari ga masuk kantor. Katanya lagi gladiresik biar kita familiar sama namanya pembukaan pas lahiran 😭",1,train,0.7129925489425659,0.28700748085975647,0,2,1.2482469978487836,1,Clean
user he is infected with jihadi virus he will spread it to others,1,train,0.7129443287849426,0.287055641412735,0,3,1.2480792094951236,1,Clean
hope they bankrupt soon,1,train,0.7128652930259705,0.28713473677635193,0,3,1.2478037072675638,1,Clean
i feel this is racist against whites !,0,train,0.28714585304260254,0.7128541469573975,1,3,1.247764993557057,1,Clean
user lol fuck you to nigga,1,train,0.7126054763793945,0.2873944640159607,0,4,1.2468995678193207,1,Clean
dont doubt a fat man,0,train,0.28773367404937744,0.7122663259506226,1,2,1.2457199695687788,1,Clean
aku juga korban pembulian gays di kuliah nyampe aku kena anxiety. aku berharap tuhan yg adili semua,0,train,0.2881322205066681,0.7118678092956543,1,3,1.2443358052183981,1,Clean
kaloga cocok paksain,0,train,0.28817421197891235,0.7118257880210876,1,1,1.2441900790215294,1,Clean
"dia cuman baca teks, bukan minta maafðŸ˜",1,train,0.7117301225662231,0.28826984763145447,0,3,1.2438582665869136,1,Clean
"ghosts , goblins , etc ...",0,train,0.288375586271286,0.7116244435310364,1,2,1.243491529473256,1,Clean
the russians like bypassing the judicial system.,0,train,0.28837868571281433,0.7116213440895081,1,5,1.2434807815978473,1,Clean
"Sangat sedih dg kondisi negara kita saat ini. Banyak yg sdh tdk sesuai dg aturan yg sehrsnnya. Untuk jabatan penting dipemerintahan diisi oleh orang2 yg tdk jelas kompetensinya, sedangkan untuk di bawah (rakyat) terlalu banyak syaratnya yg tdk masuk akal.",0,train,0.28851741552352905,0.711482584476471,1,3,1.2429998290897903,1,Clean
better off banning teabaggers and their anti american supporters,0,train,0.2888000011444092,0.7111999988555908,1,1,1.2420208680008302,1,Clean
rakyat Indonesia dan netizen wajib untuk tidak memaafkan Calista Amore 🤣🤣🤣 kawal sampe dia dpt efek jera yg setimpal,1,train,0.7110185027122498,0.28898143768310547,0,4,1.2413928224027289,1,Clean
selagi tidak punya power tidak bakal bisa ngapa-ngapainðŸ˜‚,0,train,0.28986912965774536,0.7101308107376099,1,2,1.2383257349000039,1,Clean
itne me too liberals ko burnol khana padega....,0,train,0.2899434268474579,0.7100565433502197,1,5,1.2380694548685158,1,Clean
ouuua ita siana. alu polosi ho nifo namu tae.,0,train,0.2899700999259949,0.7100298404693604,1,2,1.2379774650206354,1,Clean
i don  t wanna go to your homophobic fucking prom anyway,1,train,0.7097297310829163,0.29027026891708374,0,1,1.2369428282253216,1,Clean
bust that ugly nigga eye out,0,train,0.2906261384487152,0.7093738317489624,1,5,1.2357175854052975,1,Clean
user you will be killed one day by our muslims inshaallah,1,train,0.7092974185943604,0.29070255160331726,0,2,1.2354546940106366,1,Clean
"​​​ @RizkiYogga tolong Jangan bu, saya berjanji tidak akan mengulangi kesalahan lagi...",0,val,0.29073429107666016,0.7092657089233398,1,4,1.235345518014055,1,Clean
"if youre dumb, youll work for the government",1,train,0.7091091871261597,0.29089081287384033,0,1,1.2348072957127976,1,Clean
it the illegal immigrants who poison the well for everyone steve wright,1,train,0.7089613676071167,0.2910386323928833,0,4,1.2342992632582634,1,Clean
diversity has become tribalism. culturalappropriation is lefts unwinding of america. url tcot conservatives,0,train,0.29107382893562317,0.7089261412620544,1,3,1.2341783363064422,1,Clean
a nigga really raped ody that shit is really irking my shit,0,train,0.291375070810318,0.7086248993873596,1,3,1.233143938604991,1,Clean
no they really do not know to write paki and moslem,1,train,0.7085782885551453,0.2914217412471771,0,3,1.232983778370778,1,Clean
thats just modelling. plenty of women make shit tons of money just for looking good,0,train,0.29175063967704773,0.7082493305206299,1,5,1.2318558152658694,1,Clean
there is not a single solitary syrian refugee anywhere because of the un,1,train,0.7080606818199158,0.2919393479824066,0,3,1.2312092106780796,1,Clean
the same leftwing lie. the economist seems a teenage antifa facebook post. url,0,train,0.2919878363609314,0.7080122232437134,1,1,1.2310431338796832,1,Clean
deranged and demented what a perfect match for the democratic party,1,train,0.7079921364784241,0.2920078635215759,0,2,1.2309745472080469,1,Clean
hes more qualified than all of you obama folks put together!,1,train,0.7078635692596436,0.29213643074035645,0,2,1.2305343572682685,1,Clean
i guess i gotta be a syrian refugee to go to russia,1,val,0.7072530388832092,0.29274696111679077,0,3,1.2284466570302945,1,Clean
liberal hypocrisy at its finest,0,train,0.29276642203330994,0.7072336077690125,1,5,1.2283801823190876,1,Clean
so this is how antifa finally dies? by commiting suicide? nice.,1,train,0.7071970105171204,0.29280298948287964,0,2,1.2282552869645897,1,Clean
cause it a grimy world and niggas bout shit,0,train,0.2929108738899231,0.7070890665054321,1,5,1.2278869009146427,1,Clean
"ngapain hi hi , org ga kenal😭",1,train,0.7066549062728882,0.29334506392478943,0,3,1.2264056703249082,1,Clean
"""Inget yg di potong itu masalah nya bukan hubungan nya, tapi kalo udah gini sembeleh aja orang nya :) udah terlanjur kecewa""",1,train,0.7064951658248901,0.2935048043727875,0,5,1.225861270605073,1,Clean
ariel tatum : harus nyapu gmna lg gue😩,0,train,0.29350796341896057,0.706492006778717,1,5,1.2258505074791362,1,Clean
"muslim group slaughters  children in nigerian school, children burned alive, shot amp; slit throats tried escape..",0,train,0.29362523555755615,0.7063747048377991,1,4,1.22545103376394,1,Clean
aku malah kasihan SM anaknya klo lihat berita² ini nanti,0,train,0.29381710290908813,0.7061828970909119,1,5,1.224797804175976,1,Clean
the next person that fucks me over family friend whoever gone feel me,1,train,0.7060568332672119,0.2939431965351105,0,1,1.2243687393749814,1,Clean
why is anyone protecting these savages,1,train,0.7060246467590332,0.2939753532409668,0,1,1.2242593476713155,1,Clean
you can not go anywhere to avoid cars anymore niggas literally every fuckin where,0,train,0.29407817125320435,0.7059218883514404,1,2,1.2239096583692277,1,Clean
user paris is the ghetto i hated it there,1,train,0.7058814764022827,0.2941185534000397,0,1,1.2237723500667288,1,Clean
the last true bastion of bipartisanship is criticizing the black muslim refugee congresswoman,1,train,0.7056325674057007,0.29436740279197693,0,3,1.2229266224698288,1,Clean
the epic unleashing of trumps wrath is soon to be seen  banned videos,0,train,0.29447394609451294,0.7055261135101318,1,4,1.222564748073949,1,Clean
anyone willing to donate weapons to help clear out prison muslim population?,1,train,0.7052220702171326,0.29477792978286743,0,5,1.2215329865208149,1,Clean
i considered it being  ethnically cleansed  from my childhood home,1,train,0.7051562070846558,0.2948438227176666,0,5,1.2213094773480477,1,Clean
thick women are only fat women who fat is in places that men like fat,0,train,0.295043021440506,0.7049569487571716,1,5,1.2206340978837185,1,Clean
to be clear number of women are begging for it the other number are lesbians,1,train,0.7045558094978333,0.29544416069984436,0,4,1.2192754254749707,1,Clean
christine ford is being used as a pawn by the democrats and nothing more.,1,train,0.704510509967804,0.29548946022987366,0,1,1.2191221103528873,1,Clean
i think she really knows now but she is in denial!!,1,train,0.7043028473854065,0.2956971526145935,0,1,1.2184194814747902,1,Clean
something about black  and the old favorite  once you go black you never go back,1,train,0.7039576172828674,0.29604238271713257,0,3,1.217252650052872,1,Clean
"the only thing nonislamic about islamic terrorism is the technology used... islam froze  years ago  mohammed was considered perfect, what need to change?",1,val,0.7039049863815308,0.2960950434207916,0,1,1.217074783559476,1,Clean
user do not treat them jihadi arrest them and shoot them,1,train,0.7038599848747253,0.29614004492759705,0,4,1.2169228117909083,1,Clean
ahhh mandela ....... all those years in prison were not wasted .,0,train,0.29627034068107605,0.7037296295166016,1,3,1.2164829283629832,1,Clean
"it always turns ugly eventually , and then the thread will be locked .",0,train,0.29646655917167664,0.703533411026001,1,1,1.2158208521608203,1,Clean
slut you could not afford a fucking money wedding cheap ass crossbreed wetback gorilla zoo animal,1,train,0.703463077545166,0.2965368926525116,0,4,1.2155836411262186,1,Clean
user surprise fucking surprise he deletes his offensive tweets once again to hide his tracks so his moron followers will claim it was fake news made by the secret plot to kill all white people,0,val,0.2970345914363861,0.7029654383659363,1,5,1.2139066774786995,1,Clean
chanhun and kyungsoo teasers today hoes,0,train,0.2972046732902527,0.7027953267097473,1,5,1.2133342418669626,1,Clean
if you insist on being a white person at least have the decency to be a communist,0,train,0.29733186960220337,0.7026681303977966,1,3,1.2129063579448993,1,Clean
woila ga butuh penonton apa yaa😌,1,train,0.7026063203811646,0.29739364981651306,0,4,1.212698597515879,1,Clean
kamu mati saja sudah biar tidak bikin ribet,1,val,0.702589213848114,0.297410786151886,0,4,1.2126409774500508,1,Clean
these belgians are giving up like they did to nazi germany back in ww,0,train,0.297411173582077,0.7025887966156006,1,5,1.2126396747738981,1,Clean
???????? Singa Bang ini,0,val,0.2976987063884735,0.7023012638092041,1,3,1.2116733563226405,1,Clean
lets talk about bills pedophilia s benghaziproblems,1,train,0.7014646530151367,0.29853537678718567,0,2,1.2088668379718999,1,Clean
dibayar berapa sampe nangis gitu,1,train,0.7012317180633545,0.2987682819366455,0,2,1.2080869828417258,1,Clean
@ggibr4n_: tupai sumatra,0,train,0.298807829618454,0.7011922001838684,1,4,1.2079546225244322,1,Clean
you have to defend yourself with riots happening across the country and invaders flooding across our borders .,1,train,0.701034426689148,0.29896557331085205,0,1,1.207426851649092,1,Clean
Canti aih si kaka tetapi tidak memiliki Bothis???,1,train,0.7008392810821533,0.29916074872016907,0,2,1.2067742289202288,1,Clean
user i cant handle their white asses,1,train,0.7006381750106812,0.29936179518699646,0,5,1.206102419724617,1,Clean
"Yg perlu dituntut adalah Pengasuh, Pengawas n Guru disekolah... Semua org tua telah menyerahkan kpd mereka.. kedua pelaku klw dibawah umur org tuannya .dia harus bertanggungjawab .. hal ini perlu dikodifikasikan kpd aturan hukum .. bgt..",0,train,0.29980337619781494,0.7001966238021851,1,1,1.2046284318766665,1,Clean
we would hang  plus on the frogs and cocks!,0,train,0.29984742403030396,0.700152575969696,1,3,1.204481520265604,1,Clean
Apasih cakep amatðŸ”¥,0,train,0.2999204993247986,0.7000795602798462,1,3,1.2042378416959083,1,Clean
with his stubby little arm.,1,train,0.6997697353363037,0.3002302646636963,0,4,1.203205549861947,1,Clean
but paul nehlen criticized jews tho,0,train,0.30034419894218445,0.6996557712554932,1,2,1.2028261321984954,1,Clean
shaking ass is considered goofy now whew chile the ghetto,0,train,0.3005198836326599,0.6994801163673401,1,5,1.2022413587012046,1,Clean
xrickolim smngat terus bro tiada manusia yang sempurna kamu bangkit n gbu keepstrong,0,train,0.3007930517196655,0.6992069482803345,1,3,1.2013327865094643,1,Clean
user dude this show was retarded what was good,1,train,0.6990797519683838,0.3009202480316162,0,2,1.2009100060460847,1,Clean
langsung TF aja kebeliu,0,train,0.30096524953842163,0.6990347504615784,1,2,1.2007604709365964,1,Clean
you are insinuating that the rape victim is not credible because polygraphs are not admissible in court.,0,train,0.301339328289032,0.698660671710968,1,3,1.1995183126914817,1,Clean
"aura nya ituloh, aur auran 🥰",1,train,0.6981537342071533,0.30184629559516907,0,2,1.1978373461517011,1,Clean
he should sue for racism .,0,train,0.3021697700023651,0.6978302001953125,1,4,1.1967662672299826,1,Clean
"i agree with you, no argument.  im just saying the story is a puss move.",0,train,0.30273929238319397,0.6972606778144836,1,5,1.1948832650251144,1,Clean
Sakit jiwa,1,train,0.6969345211982727,0.3030654788017273,0,3,1.1938063951635016,1,Clean
certainly a white ethnostate would permit no blacks asians hispanics or arabs,0,train,0.3032473027706146,0.696752667427063,1,1,1.1932066256060585,1,Clean
in case they start grabbing guns .,0,train,0.30328381061553955,0.6967161893844604,1,2,1.1930862431750067,1,Clean
"ðŸ¤£kalo di kampungku,pasti di ketawainðŸ˜‚",1,val,0.6966833472251892,0.3033166825771332,0,5,1.1929778622488627,1,Clean
tak pikir cuma disini yang manajemennya plenger,0,train,0.30341145396232605,0.6965885758399963,1,4,1.192665460762081,1,Clean
liberals dont care who they destroy and leave in their wake! url,0,train,0.30341726541519165,0.6965827941894531,1,3,1.192646307242545,1,Clean
to be clearthis california wants to criminalize restaurants giving plastic straws,0,train,0.30365344882011414,0.6963465213775635,1,5,1.1918681988235398,1,Clean
newark board of education is so ghetto and unprofessional,1,train,0.6960809230804443,0.30391910672187805,0,2,1.1909937092954317,1,Clean
Kasihan banget yu.... Yu jelas gw ditusuk koma 1 tahun hampir mau bundir jadi tulang punggung eh yang bilang dia masih kecil umur segitu di bully HEH gw umur 7 tahun ditusuk sattttttt gw aja gak dibela sama sekali sama siapapun hanya orang tua dan hanya ibu yang dukung ayah gw pemabok berat jadi jangan sok yaaaaaaaaasa su,0,train,0.30393853783607483,0.6960614919662476,1,5,1.1909297761874833,1,Clean
shes so old that shes been pushing gun control since the lincoln assassination.,1,train,0.6958227157592773,0.3041772246360779,0,5,1.1901447716637068,1,Clean
ill honk as i drive through your ghetto cant stop i have white business to attend to,1,train,0.6956514716148376,0.3043484687805176,0,3,1.189581955168651,1,Clean
lmaoaoao these niggas are strags,0,train,0.3044051229953766,0.695594847202301,1,5,1.1893958233222426,1,Clean
dekkk dekkk belajar dlu sono ky tante2,0,train,0.3045879900455475,0.6954120397567749,1,2,1.1887952679078997,1,Clean
then why havent they been hung for treason!,1,train,0.6952419877052307,0.3047579824924469,0,2,1.188237317387274,1,Clean
liberals without identity politics have nothing.,0,train,0.30477407574653625,0.6952259540557861,1,1,1.1881845121118972,1,Clean
kontol asu,1,val,0.6941839456558228,0.305816113948822,0,3,1.1847712924712188,1,Clean
mbak mbakkk dasar drama,1,val,0.694157063961029,0.30584290623664856,0,5,1.1846836871651265,1,Clean
ah october good fucking morning you spooky gay fucks,0,train,0.30588144063949585,0.6941185593605042,1,2,1.1845577009980073,1,Clean
user get rid of illegal aliens send them back home,1,train,0.6938626170158386,0.30613741278648376,0,1,1.183721216433911,1,Clean
Lah ngapain minta maaf? kan dia gak salah 😂😂,0,val,0.30640465021133423,0.6935953497886658,1,5,1.1828486643009273,1,Clean
orang karena orang jahat,0,train,0.3070070743560791,0.6929928660392761,1,5,1.1808844881552938,1,Clean
Wajah Arab ???????????????,0,train,0.30709677934646606,0.6929032206535339,1,4,1.1805923389024136,1,Clean
Ngangong ngagong ternyata sama ajaaa wkwk,1,train,0.6924291253089905,0.3075708746910095,0,4,1.1790497314935353,1,Clean
yang satu mirip arsenal satu lagi adudu.. ragam kali yak??,1,train,0.6919785737991333,0.3080213963985443,0,2,1.1775860295949672,1,Clean
"GUE PERNAH KETEMU ASLINYA ZIZE, CAKEPAN GUEEEE JAUHHH😂😂😂😂 ASLINYA EMH LBH CKEP DRI VIDEO TP STANDARRRRR AJAAA",1,train,0.6919580101966858,0.3080420196056366,0,2,1.1775190780228912,1,Clean
report all illegalaliens to ice!,1,train,0.6919509172439575,0.3080490827560425,0,2,1.1774961491074138,1,Clean
do non whites really think they measure up to whites ?,1,train,0.6919093132019043,0.3080906867980957,0,4,1.1773611016906675,1,Clean
"Enak emang jadi Lurah, Camat, Bupati, Walikota bahkan Gubernur. Jalan rusak yg salah Presiden sama Wapres ðŸ˜…ðŸ˜‚ðŸ¤£",0,train,0.30816715955734253,0.6918328404426575,1,3,1.177112917395436,1,Clean
the radical social media antifa type can go hang.,0,train,0.30818256735801697,0.6918174624443054,1,2,1.177062920453749,1,Clean
cieee mas aktor cieeeee😊😊😊,1,train,0.6907792687416077,0.30922073125839233,0,1,1.1736999164621815,1,Clean
at least you know your president is not gay obama,0,train,0.30966487526893616,0.6903350949287415,1,3,1.1722646137758443,1,Clean
rev. charlie rangel what unions stand for are ;spiritual damn things;; like inflatable rats.,0,train,0.3104574978351593,0.6895425319671631,1,4,1.1697082699564865,1,Clean
sounds like a lot of liberals dont want america to know the truth.,0,train,0.3105776011943817,0.6894224286079407,1,5,1.1693214855028948,1,Clean
abidzar a nya apa,0,train,0.31064680218696594,0.6893531680107117,1,1,1.1690986964672618,1,Clean
that explains why some leftists were also shadowbanned.,1,train,0.6892505288124084,0.31074947118759155,0,3,1.1687682503221561,1,Clean
username saya memang kador artis benar komen kamu tolol sumpah kenal nilai artis hahaha orang indo juga setuju kalau kador artis tetapi celebgram dari kampung kamu tahu bedanya artis dengan selebgra,1,train,0.6891520023345947,0.3108479976654053,0,5,1.1684512397692637,1,Clean
i think its time to bring out the drunken monkey,0,train,0.3112761378288269,0.6887238621711731,1,4,1.1670748577690007,1,Clean
it really pisses them off,0,train,0.3114592432975769,0.6885406970977783,1,4,1.1664867894511362,1,Clean
"emg kmren ada masalah personal sama panda aja itu kesempatan buat dia ngikut, aslinya mah ga beda jauhðŸ¤£",1,train,0.688484251499176,0.3115156888961792,0,1,1.166305576385121,1,Clean
"terus labrak Bu dan lapor polisi,lihat cara bales sapaan ibu yg labrak tuh masuk berlindung masuk kerumah bilangnya masuk aja sama yg labrak pokoknya labrak terus bu",0,train,0.311605304479599,0.6883946657180786,1,3,1.1660179417684402,1,Clean
if you are not sure then l will block all these useless tweets. ok ?,1,train,0.6882684230804443,0.3117315471172333,0,5,1.1656128874577993,1,Clean
"😁 tdk di pecat, cuma di non aktifkan selama 6 BLN trs bisa ngantor lagi, ini lah hukum Indonesia 😂😏",0,train,0.3119392395019531,0.6880607604980469,1,4,1.1649468553240083,1,Clean
lu bisa diem ga?,0,val,0.3121193051338196,0.6878806948661804,1,2,1.1643697760149871,1,Clean
japan  no country for fat western womyn,1,val,0.6877083778381348,0.31229159235954285,0,3,1.1638179367348367,1,Clean
and to gain sympathy for queers in conservative circles,1,train,0.6875995993614197,0.3124004304409027,0,5,1.1634694831657542,1,Clean
liberals also probably need more culturally aware trolls!,1,train,0.6873998641967773,0.31260016560554504,0,2,1.1628303312266828,1,Clean
kagett jodohnya fiki naki 😭😭😭,0,train,0.3127855062484741,0.6872145533561707,1,2,1.1622376069072855,1,Clean
Bully efeknya jangka panjang bisa bikin mental anak down dan ga percaya diri bully wajib dihukum berat,1,train,0.6871437430381775,0.3128562867641449,0,3,1.1620113416009608,1,Clean
Sudah waktunya aku mulai menjalani hidupku sendiri Mello Death Note,0,train,0.3129326403141022,0.6870673894882202,1,5,1.1617673182664712,1,Clean
user aint he bisexual an lgbt king of gays even his mind,1,train,0.6868626475334167,0.31313738226890564,0,3,1.1611132637527042,1,Clean
projo(negri dan rakyat) kocak2 jauh banget ngelak nyaðŸ¤£ðŸ¤£ðŸ¤£,0,train,0.31345269083976746,0.6865472793579102,1,4,1.160106836708905,1,Clean
apa yg mau diharapkan wkwkwk,1,train,0.6865229606628418,0.3134770691394806,0,3,1.160029066275017,1,Clean
besides shes a leftist celebrity. we never use death threats. at least good conservatives like you and me...,0,train,0.31372180581092834,0.686278223991394,1,4,1.1592486545311715,1,Clean
well now he is cut!,0,train,0.314434677362442,0.6855652928352356,1,1,1.1569789275550153,1,Clean
"he was also charged with burglary , larceny and possession of stolen property .",0,train,0.3145591914653778,0.6854408383369446,1,3,1.156583012393571,1,Clean
Mas hansol ga nyebut yg gagalin korea masuk Olympic itu Timnas STY 😂,1,val,0.6854386329650879,0.3145613372325897,0,1,1.1565761909114731,1,Clean
"confrontingthe girl who shot me in the face   dr. phil  youtube the female negro is making excuses like its not her fault but we all know its tnb , i feel for that poor white woman",1,val,0.6854240894317627,0.3145759105682373,0,4,1.1565298629100675,1,Clean
Berarti aku bener dong jawab cowok dapet 2jt nggak nih,1,train,0.6853519082069397,0.3146481215953827,0,2,1.1563003388494113,1,Clean
a true muslim who follow quran cannot possess humanity,1,train,0.6853322386741638,0.3146677017211914,0,3,1.156238112141963,1,Clean
no homo we smokin penises,0,train,0.3148113489151001,0.6851885914802551,1,3,1.155781711897167,1,Clean
im gonna nip you right in the bud!,0,train,0.31510382890701294,0.6848962306976318,1,4,1.1548530788899656,1,Clean
wow and there are white people and there are crackers. guess which one u are.,1,train,0.6847812533378601,0.3152187466621399,0,4,1.1544884473160562,1,Clean
go fucking kill yourself trx is so much better than bnb,0,train,0.31527796387672424,0.6847220063209534,1,3,1.1543006042590864,1,Clean
liz truss is a fucking disgrace,0,train,0.31528621912002563,0.6847137808799744,1,1,1.1542744205857207,1,Clean
except not all millennials are for gun control.,1,train,0.6846299767494202,0.3153700828552246,0,3,1.1540084635646597,1,Clean
a pissed lad past out. i would lick his dirty soles while he slept.,0,train,0.31571218371391296,0.6842877864837646,1,5,1.1529242914675486,1,Clean
"pinter membodohi rakyat?... faktanya dilapangan gd uang sama orang dalem meskipun lu pinter gk bakal guna, orang nilai aja bisa di beli kocakÂ² jgn samakan logika sekolahmu dgn dunia luar bergaul bro dunia luar kejam gk sebagus expetasimuðŸ¤£ðŸ¤£",1,train,0.6842041015625,0.3157959282398224,0,1,1.1526590707211635,1,Clean
kasian sm tembok nya tahan napas wkwk????,1,train,0.6841488480567932,0.3158511817455292,0,4,1.1524841201673677,1,Clean
user show me the black muslims bc im calling bs on this and you should too,1,train,0.6841283440589905,0.3158716857433319,0,4,1.1524192056332732,1,Clean
alah dulu pas msih jdi istri boro2 ðŸ˜‚,1,train,0.6840772032737732,0.3159228265285492,0,2,1.1522573150681112,1,Clean
looks like a pedophile test there mohammad. so your yr old daughter has breasts,0,train,0.31605902314186096,0.6839409470558167,1,4,1.1518263007423317,1,Clean
"its cool if youre a skinhead, trad, or fashyhaired casualofficelook rebel...but, were as dumb as they think!  academicearth.org",0,train,0.316341370344162,0.6836585998535156,1,4,1.1509333625848928,1,Clean
Lah bupati gubernurnya ngapain aja itu,0,train,0.31668636202812195,0.6833136081695557,1,1,1.1498433891114639,1,Clean
tidak bagus2nya suara polanya,1,train,0.6829677224159241,0.3170322775840759,0,1,1.1487516882565825,1,Clean
gets period you are the cause of my,1,train,0.6829386353492737,0.3170613646507263,0,2,1.1486599444990886,1,Clean
and your ideology is the non existing jewish primacy. isnt it?,0,train,0.3172529637813568,0.6827470064163208,1,3,1.1480558303308617,1,Clean
add this to your arsenal. make popcorn. post it on social media. watch liberal heads explode. rejoice.  rednationrising,1,train,0.6827084422111511,0.31729158759117126,0,3,1.1479340932210602,1,Clean
broke why catholics and jews dominate at the supreme court?,0,train,0.31733986735343933,0.6826601624488831,1,4,1.1477819426713671,1,Clean
@ela: Nabi yang serba guna Adam??,0,train,0.3177555799484253,0.6822443604469299,1,4,1.1464728082534654,1,Clean
the holocaust never existed except in the minds of the people who believed it .,1,train,0.6820148229598999,0.3179852068424225,0,3,1.1457504166474706,1,Clean
user user user  clownery luv i swear coons need to stop being submissive to white people,1,train,0.681840717792511,0.3181592524051666,0,2,1.14520322783035,1,Clean
kan lu yang salah ngasib aturan etanol 10% njir.. ini motor gw habis servis gegera brebet abis 145 njir,1,train,0.6815776228904724,0.3184223473072052,0,4,1.144376641208502,1,Clean
@Miji: Paling ga bisa soal kutu air??,1,val,0.6814879179000854,0.3185120224952698,0,4,1.1440950574444324,1,Clean
user user nordic countries have disturbingly high levels of muslim immigration,1,train,0.6813220381736755,0.3186779320240021,0,2,1.143574303683941,1,Clean
do asians like you ever feel any shame for invading us universities in such overwhelming numbers,0,train,0.31898123025894165,0.6810187697410583,1,4,1.1426230172420553,1,Clean
Aloy mana om,0,train,0.31899189949035645,0.6810081005096436,1,3,1.14258956996687,1,Clean
at dss this shit really ghetto asf im uncomfortable,0,train,0.31909435987472534,0.6809056401252747,1,2,1.1422684209568554,1,Clean
user i cited influences retard clearly of which yours in paint thinner and wood polish,1,train,0.6809008121490479,0.31909921765327454,0,4,1.1422531974299497,1,Clean
i am not your devil you are zealots and nazis burn the christian air force,0,train,0.3191041052341461,0.6808958649635315,1,2,1.1422378807410625,1,Clean
you sir are correct. there are so many good men. she is completely out of line. url,0,train,0.3192087709903717,0.6807911992073059,1,2,1.1419099357439861,1,Clean
i love yo cute ass,1,train,0.6806665062904358,0.3193334937095642,0,2,1.1415192874574949,1,Clean
ariel tatum : harus nyapu gmna lg gueðŸ˜©,0,train,0.3194028437137604,0.680597186088562,1,3,1.141302139941672,1,Clean
user and isnt it true that halal requires only a muslim can slaughter the animal,0,train,0.31992077827453613,0.6800792217254639,1,4,1.1396818817304288,1,Clean
tcot maga complacency kills. vote in november url,1,train,0.6800404191017151,0.3199595510959625,0,4,1.1395606940029923,1,Clean
oh my carmen. he is so fricking cute,1,train,0.6800386905670166,0.319961279630661,0,3,1.1395552916637794,1,Clean
i personally prefer to trigger muzzi outrage they are a cult like scientology,1,train,0.6793254613876343,0.3206745982170105,0,5,1.1373283827259528,1,Clean
user makes no sense to rent homie it  actually retarded,0,train,0.32126012444496155,0.6787399053573608,1,5,1.1355041274873379,1,Clean
"antifa, september  stop the fascist nvu in amsterdam! url",1,train,0.6786817908287048,0.32131823897361755,0,5,1.135323248291514,1,Clean
hell no send them number a moslem country,1,train,0.67827308177948,0.32172691822052,0,2,1.1340521733215738,1,Clean
"si bravy mah numpang eksis doang ke mba er😂, itu udh jdi niat si mnurutku.
ku lihat mba er juga ga trlalu mikirin hal kyk gitu,lebih fokus ke karir apalgi skrg udh ada andrew ,org2 problematic tinggal cut off aja",1,train,0.6777756214141846,0.3222244083881378,0,2,1.1325070557139651,1,Clean
bless their little entitlement selves. i will never watch another game.,0,train,0.32264184951782227,0.6773581504821777,1,4,1.1312123959829767,1,Clean
"""ini foto apa w masukin museum aja ya ga ada pantas2nya""",1,train,0.6772456765174866,0.3227543234825134,0,4,1.1308638535820916,1,Clean
wtc this is a threat!!! .. maga qanon wakeupamerica url,1,train,0.6770737767219543,0.32292619347572327,0,1,1.1303314850414432,1,Clean
"""Mama gigi gapernah ga cantik sih kalo menurut aku.""",0,train,0.32325881719589233,0.6767412424087524,1,3,1.129301984994076,1,Clean
kaget ternyata seireng ituðŸ˜­,1,val,0.676713764667511,0.3232862651348114,0,2,1.1292170784974196,1,Clean
thenoseknows a goodgoy always follows the money crumbs and not its heart. thanksjews,1,train,0.6765409111976624,0.32345911860466003,0,3,1.1286825451917006,1,Clean
the world wide phenomenon of podcasting and mvp of shittalking!,0,train,0.3234739303588867,0.6765260696411133,1,1,1.128636754505159,1,Clean
no she was mumbling i couldnt hear shit she literally spoke w hand signs,1,train,0.6764957308769226,0.3235042691230774,0,4,1.1285429684572297,1,Clean
noir is so good you gays,1,train,0.6764731407165527,0.3235268294811249,0,3,1.1284732334534398,1,Clean
user user user and retarded,0,train,0.3235384523868561,0.6764615774154663,1,2,1.1284373084670183,1,Clean
unfortunately gun control is long game and the house always wins.,1,train,0.6764543056488037,0.3235456645488739,0,1,1.1284150172012328,1,Clean
kue anj ??,1,train,0.6763913035392761,0.3236086666584015,0,1,1.1282203121465386,1,Clean
those lying liberals. at it again. smh.,1,train,0.6763255596160889,0.32367438077926636,0,5,1.1280172661333585,1,Clean
and they say russia is the hackers.. hmmm...,1,train,0.6761866211891174,0.32381340861320496,0,2,1.1275878284254888,1,Clean
Meluruskan= membelokan ?ðŸ¤ª #pahamðŸ¤£,0,train,0.3238969147205353,0.6761031150817871,1,2,1.1273299782576447,1,Clean
sleeping alone is so ghetto i hate that shit,0,train,0.3240082263946533,0.6759917140007019,1,2,1.1269863734051764,1,Clean
hujatan klean kasihan si listy kontrak nya di copot hujat dunia sangat kejam,0,train,0.32405564188957214,0.6759443283081055,1,2,1.1268400437073673,1,Clean
but she has no concrete facts. but to dems a lie is good enough.,0,train,0.3241177499294281,0.6758822798728943,1,4,1.126648403504823,1,Clean
Ytim Krikil,0,train,0.3242991268634796,0.6757009029388428,1,1,1.126088958045355,1,Clean
"mlah cuci tgn njirr,lil lilðŸ¤£",0,train,0.3243246376514435,0.6756753325462341,1,4,1.12601029676474,1,Clean
isis apparently obama let them run the world. getting nuked by korea? blm destroying cities. antifa?,1,train,0.6755514144897461,0.3244485855102539,0,3,1.1256281975784808,1,Clean
send them all to afreaka and sink the farkin boat !,1,train,0.6754876971244812,0.3245123326778412,0,2,1.1254317383896275,1,Clean
apparently honorary whiteness is minorities who look white this would include asians,1,train,0.6754741072654724,0.32452592253685,0,2,1.1253898614774376,1,Clean
what is wrong with slut talk and fas as negro talk that belongs on the plantation,1,train,0.675468921661377,0.32453110814094543,0,5,1.1253738825916064,1,Clean
youve been selected by liberals! are you cheating on your voters. you should have changed your mind before the election ms. alleslev,0,train,0.3247063159942627,0.6752936840057373,1,4,1.1248341482785267,1,Clean
Of course he wouldn't ☕🤭,1,train,0.6750997304916382,0.3249002695083618,0,2,1.1242370067956942,1,Clean
"report google a.i. is biased against gay people, jews",1,train,0.6747673749923706,0.3252326250076294,0,5,1.1232145834387979,1,Clean
he thinks he is smart. me? i dont think that.,1,train,0.6747186183929443,0.32528141140937805,0,5,1.123064590051695,1,Clean
i knew we would find out that this is all the liberals fault.,1,train,0.6745656132698059,0.3254343271255493,0,2,1.122594597672748,1,Clean
you can tell he is a hooper too,0,train,0.3254518508911133,0.6745481491088867,1,1,1.1225407518048833,1,Clean
when are the republicans going to learn that democrats hate conservatives .vote  thursday,1,train,0.674220621585846,0.32577934861183167,0,5,1.12153497152723,1,Clean
user labor thinks that we care more about illegal immigrants on manus and nauru than we do this labor are in for a big shock,1,val,0.6741607785224915,0.32583925127983093,0,1,1.1213511134600171,1,Clean
you are lying again! the public doesnt trust you anymore!,1,train,0.6740622520446777,0.32593780755996704,0,5,1.121048690171101,1,Clean
not all whites are the same.,1,train,0.6739376187324524,0.32606241106987,0,4,1.1206664709390837,1,Clean
Setidaknya RM100 jika anak malang Anda memberitahu Anda untuk meminta amal jika Anda tidak punya cukup,1,train,0.6737658977508545,0.3262340724468231,0,4,1.120140141623339,1,Clean
the pedophiles over at the bbc now showing programmes about how wonderful moslem foster parents are hm i wonder what made they bring up this subject it almost as if theres been a negative story about moslems fostering abusing young white christian girls in the media recently,1,val,0.6736447811126709,0.3263552486896515,0,1,1.1197687710222692,1,Clean
million kids in poverty a screwed up universal credit system  brexitshambles an economy teetering on the brink  ...the list is endless and the common factor gt;  building a country fit for nothing,1,val,0.6735537648200989,0.3264462947845459,0,1,1.119489831438272,1,Clean
"KFA (Korea) = CFA (China) = PSSI (Indonesia) = FAM (Malaysia) plenger semua wkwkkwkw, yg lagi bener mah JFA (jepang)",0,train,0.3265348970890045,0.6734650731086731,1,2,1.1192184536218661,1,Clean
if we dont destroy the bushclinton crime family well face many more like obama!!,1,train,0.67338627576828,0.3266136944293976,0,4,1.1189771690449763,1,Clean
perasaan dulu ga sedekil ini deh? abis ngapain dia,1,train,0.6733481287956238,0.32665184140205383,0,2,1.1188603804785902,1,Clean
megumi im sorry i asked to see your tits,1,train,0.6730654239654541,0.3269346356391907,0,5,1.117995019077404,1,Clean
kulitnya idaman para buleâ˜ºï¸,0,val,0.3274780213832855,0.6725219488143921,1,2,1.1163343364388703,1,Clean
tukang parkir ðŸ˜­ðŸ˜­,1,train,0.6721949577331543,0.3278050124645233,0,4,1.1153363215613634,1,Clean
if you can stand asians then you would find the school to be a breath of fresh air .,1,train,0.6719691753387451,0.3280307948589325,0,5,1.1146477882400416,1,Clean
bangga ye pacaran sama bekas gw?hahahaha buat gw mantan kaya tai gitu ibarat maenan bekas yg udah ga kepake sama sekali! ckckck',1,train,0.6718021035194397,0.3281978964805603,0,1,1.1141385096076235,1,Clean
"""Kak jerome kayak boneka tau hahah""",0,train,0.32838836312294006,0.6716116666793823,1,2,1.11355833710192,1,Clean
donald trump is turning the cows gay and the moon landing was faked,0,train,0.3287220895290375,0.6712779402732849,1,3,1.112542597865256,1,Clean
Klu di lihat kejadianya seperti itu mending ibu2 itu hanya marah.... Klu itu anak saya di gituan hemm mau lo ibarat bisa terbang saya tungguin sampai dia turun.,1,train,0.6712393164634705,0.32876065373420715,0,3,1.1124252892191842,1,Clean
rambutnya kak modd bagussss hitam berkilauu,0,train,0.3289579153060913,0.6710420846939087,1,1,1.1118254534016048,1,Clean
jule ga pake hijab malah jadi mirip kayak susternya trio na yg duduk di belakang ituu,1,train,0.6708627343177795,0.32913723587989807,0,1,1.1112804848574005,1,Clean
tiap hari ada aja gebrakannya si abidzar ðŸ¤£,0,train,0.3292349576950073,0.6707650423049927,1,5,1.1109836259779382,1,Clean
manusia laknat matinya apakan ya,0,train,0.32962143421173096,0.670378565788269,1,1,1.1098104520790497,1,Clean
Emang Arab agak laen,0,train,0.3297520577907562,0.6702479124069214,1,1,1.1094142469470012,1,Clean
i wish they would abandon her in the ghetto in middle of the night,1,train,0.6699278950691223,0.3300720751285553,0,5,1.1084442388890188,1,Clean
i am pro homosexual ethnostate,1,train,0.669913649559021,0.3300863206386566,0,5,1.1084010810341922,1,Clean
wahh jngn2 vidio bajunya norak bngtt ayuu murahaan,0,train,0.3301439583301544,0.6698560118675232,1,3,1.1082264822813623,1,Clean
moslem ban and libtard ban but not gun ban,1,train,0.6697181463241577,0.33028191328048706,0,1,1.107808706545222,1,Clean
only trump could get liberals to scream bloody hell at open transparency.,1,train,0.6696944832801819,0.3303055465221405,0,3,1.1077371543493308,1,Clean
hmm why are the jews hated i do not get it,0,train,0.3304576873779297,0.6695422530174255,1,1,1.107276653974394,1,Clean
cuckservative traitors are worse than fortnite players url conservatives triggerwarningradio,1,train,0.6694682240486145,0.3305317759513855,0,1,1.1070524792246395,1,Clean
Bro merasa dirinya Ariel tatum 😭,1,train,0.6694055795669556,0.33059439063072205,0,4,1.1068630609783539,1,Clean
and they should face consequences.,1,train,0.6692044734954834,0.3307955265045166,0,5,1.106254839187292,1,Clean
the slopes arent for us bro hahaha,0,train,0.33082735538482666,0.6691725850105286,1,3,1.1061586246179174,1,Clean
karena mereka sudah merasa dilindungi oleh parcok dan parjo,1,train,0.6689982414245605,0.33100178837776184,0,4,1.1056315006657067,1,Clean
tennessee actually has a muslim refugee problem was intentional on  bummer part,1,train,0.6689380407333374,0.331061989068985,0,3,1.1054496429854053,1,Clean
"jadi kasihan lawannya, sama bapak taekwondo??",0,train,0.3311501443386078,0.6688498854637146,1,4,1.1051833981804666,1,Clean
england is percent white actually you should get statistics that do not include pakis as white,1,train,0.6687239408493042,0.3312760591506958,0,4,1.1048032356417832,1,Clean
watching unbelievable netflix the rapist has a copy of the ethical slut unbelievable,0,train,0.33188411593437195,0.6681159138679504,1,3,1.102969419387663,1,Clean
next time you see a mooslim toss bacon at it,1,train,0.6680189371109009,0.3319810628890991,0,4,1.1026773511831274,1,Clean
homosexual and hollywood communities redundant,1,train,0.6679174900054932,0.3320825397968292,0,2,1.1023717271190783,1,Clean
"Knp yaa artis2 hidup nya penuh dramaðŸ˜­ðŸ˜­ awal romastis, ngelamar lah, kepingin jdi garda terdepan , ujung2 nya beginiðŸ˜…ðŸ˜…ðŸ˜…ðŸ˜…",0,train,0.33217400312423706,0.6678259372711182,1,5,1.102096341565227,1,Clean
wha? me? im just waiting for showtime to bring back queer as folk.,0,train,0.3322350084781647,0.6677649617195129,1,1,1.1019127036162113,1,Clean
cnta kmu ke aku tuh kyk fto albm tau g dbalk2 ttp aj g brbh sma ky km yg g prnh brbh untk mnjdi yg trbaik untk aku,0,train,0.3322727680206299,0.6677272319793701,1,1,1.1017990569627296,1,Clean
this grown on your own shit is for the birds. ;,1,train,0.6676085591316223,0.3323914408683777,0,5,1.1014419658258163,1,Clean
drford  dearprofessorford  is a fraud female  group paid for and organized by georgesoros url,1,train,0.6675375699996948,0.33246245980262756,0,1,1.101228328109475,1,Clean
hollywood peddles violence and murder then wants to take our guns,0,train,0.3324752449989319,0.6675247550010681,1,4,1.1011898727888831,1,Clean
do a search on kissing pranks on youtube .,0,train,0.3326725959777832,0.6673274040222168,1,4,1.1005964679171103,1,Clean
sudah berlian pilih batu nisan,1,train,0.6670995950698853,0.33290043473243713,0,2,1.0999118285070355,1,Clean
you should go kill yourself for being a lesbian ew don  t think of me,1,train,0.6670769453048706,0.332923024892807,0,5,1.0998439722005269,1,Clean
says the little leftist socialist leg humper jimmieboi why did your hitler join the gay workers party again,1,train,0.6669937968254089,0.33300620317459106,0,5,1.09959416102327,1,Clean
"""Ini diedit biar langsing padahal mah klo live bomber badannya""",1,train,0.6664855480194092,0.33351442217826843,0,4,1.0980691696491438,1,Clean
so now there is straight cancer i guess there is homosexual cancer too what next,1,train,0.6664831042289734,0.3335169553756714,0,2,1.0980615742121427,1,Clean
he is going wherever jews take him israel first not america,0,train,0.33375486731529236,0.66624516248703,1,4,1.0973484856577873,1,Clean
Ini beneran? Kacau banget sistem dan pejabat negeri ini 😩,0,train,0.3338567614555359,0.6661432385444641,1,4,1.0970432359088507,1,Clean
malah couspley jadi valak,1,train,0.665993332862854,0.3340066969394684,0,2,1.0965942354894784,1,Clean
"really doubling down on the fat boy, huh?",0,train,0.33420538902282715,0.6657945513725281,1,2,1.0959995378077432,1,Clean
"Klo kasus kek gini trjadi di indonesia mngkin udh abis dia dikuliti sama netizen indo. Foto dan biodata, aib2nya mungkin udh trsebar dan digoreng dimana mana",0,train,0.33440253138542175,0.6655974984169006,1,3,1.0954098278677609,1,Clean
lil white ass never wants to go home,0,train,0.33447176218032837,0.6655282378196716,1,2,1.0952028209732823,1,Clean
there is almost no one that liberals wont insult in defense of their ideological agenda,0,train,0.3345101773738861,0.6654897928237915,1,4,1.0950879742447575,1,Clean
"Kampus gak ada otak, klo gak viral emang kampus bakalan bisa ngasih sanksi?? Pihak kampus cuma mikirin nama baik kampus!!? Kenapa kalian takut kampus kalian kedepan nya sepi peminat gara2 kasus ini!!! Otak sama hati di pake dong sebagai pendidik",1,train,0.6651785373687744,0.3348214328289032,0,4,1.094157925603072,1,Clean
jadi nih orang keturunan monyet liat saja mukanya,0,val,0.33489587903022766,0.66510409116745,1,5,1.0939356043331485,1,Clean
lrt is a fucking callout hahahahahhaha has a massive point tho skskskks,0,train,0.3349021375179291,0.6650978922843933,1,3,1.0939169166465714,1,Clean
2 manusia terlihat panikðŸ˜­ðŸ˜­ðŸ˜­,0,train,0.33490946888923645,0.6650905609130859,1,2,1.093895025800735,1,Clean
user trump won  t fire miller cause trump is a nazi too,1,train,0.6650903820991516,0.334909588098526,0,1,1.0938946698559815,1,Clean
"good luck with your bugchasing , homo . . .",1,train,0.6649951934814453,0.3350047767162323,0,4,1.0936104884043023,1,Clean
glad i wear wranglers. so what gun control would you propose that will stop the criminals?,1,train,0.6643741130828857,0.33562585711479187,0,4,1.0917582599351794,1,Clean
pinter semua bahasa eh jodohnya g jauh2 indo jg 😂,1,train,0.6641824841499329,0.33581751585006714,0,3,1.0911873741443665,1,Clean
states. kavanaugh will destroy any chance at federal gun control in our lifetime.,0,train,0.3361113667488098,0.6638885736465454,1,5,1.0903127252787326,1,Clean
you do realize how ridiculously radical all these tweets sound right. who are you trying to mobilize antifa?,1,train,0.6636284589767456,0.3363715410232544,0,3,1.0895389530849156,1,Clean
rae accent is fuckin magical she my lil hillbilly country babe number,0,train,0.33691951632499695,0.6630805134773254,1,4,1.0879112011141925,1,Clean
another muslim terrorist attack dodged,0,train,0.337241530418396,0.662758469581604,1,4,1.08695589786894,1,Clean
being kinky doesnt make you fucking queer jesus christ,0,train,0.3375684916973114,0.6624314785003662,1,2,1.0859868508963524,1,Clean
youre full of s. its the liberals paid by soros who are doing those things,1,train,0.662309467792511,0.33769047260284424,0,2,1.0856255645949224,1,Clean
tidak jauh jauh dari ajudannya ngibulnya,1,train,0.6619439721107483,0.3380560874938965,0,5,1.0845434579344715,1,Clean
jongin no homo but you are cute kyungsoo no homo but your dick was in my ass last night,0,train,0.3380607068538666,0.661939263343811,1,4,1.0845297935498304,1,Clean
detective benson could ve got those caucasian cheeks clapped to dust,0,train,0.3380686044692993,0.6619314551353455,1,5,1.084506432292447,1,Clean
"Sama kaya jerman juga, 2 pelatih terakhir rakyatnya juga udah expect bakal ga jauh jerman melaju. Bener aja lgsg di hujat skrg kan",0,train,0.33814048767089844,0.6618595123291016,1,1,1.0842938258584152,1,Clean
Hahaha 😂😂panen emoji dia sekarang 😂😂ngakak banget liat ekspresi wajahnya 😂,1,train,0.6617410182952881,0.3382589519023895,0,3,1.0839435469380865,1,Clean
ummm.   you are one of those people that shouldnt be there.,1,train,0.6616158485412598,0.33838415145874023,0,2,1.0835734860975708,1,Clean
right!!! keep your bullet for the evil khazarian ashkenazi!!!,0,train,0.338459312915802,0.6615406274795532,1,5,1.0833513920349793,1,Clean
yes this means that heterosexuals are discriminating against queers and need to pay reparations,0,train,0.33852049708366394,0.6614795327186584,1,4,1.0831706357786632,1,Clean
people in europe have nothing .,0,train,0.3386803865432739,0.6613196134567261,1,2,1.082698428885711,1,Clean
😢😢😢😢😢 buat para cewe diluar sana termasuk saya semoga selalu dilndungi dan diauhkan dari laki2 anomali kek gini kalau udah main tangan cepat lariiiiii sejauh mugkin,1,train,0.6612248420715332,0.3387751877307892,0,5,1.082418554627578,1,Clean
wh proposal extends amnesty for . million illegals...  this isnt maga.,0,train,0.33890312910079956,0.6610968708992004,1,4,1.0820409673022857,1,Clean
malah nyalahin Pertamina kocak 😅,0,train,0.33924388885498047,0.6607561111450195,1,4,1.0810359941214323,1,Clean
@ore baka: mirip gambar gua yg sapu lidi bay,0,train,0.33927902579307556,0.6607210040092468,1,1,1.0809324252150092,1,Clean
ngancengan,1,train,0.660650908946991,0.33934906125068665,0,5,1.0807260221521333,1,Clean
can somebody please put him back in his coffin.,1,train,0.6603659391403198,0.3396340608596802,0,4,1.0798865325788276,1,Clean
do you not realize that goddamn white genicide is upon the white race ?,0,train,0.3399917483329773,0.6600082516670227,1,1,1.0788339312753321,1,Clean
holy crap. i didnt realize it was this bad. thanks for posting this...,0,train,0.3403325378894806,0.6596674919128418,1,2,1.077832086737635,1,Clean
"everyone dogging  for enjoying traditional anime is probably a jew, a fed, or gay",1,train,0.6596024036407471,0.34039756655693054,0,3,1.0776410310836453,1,Clean
user this shit is ghetto  we don  t deserve this,0,train,0.34068769216537476,0.6593123078346252,1,4,1.0767890801060636,1,Clean
says the fat antifa member,1,train,0.6592963337898254,0.34070369601249695,0,2,1.0767421060837827,1,Clean
you cry baby liberals will have trump for a total of eighjt great years!!! get over it. maga url,1,train,0.6591311693191528,0.3408688008785248,0,5,1.0762576238900015,1,Clean
memorize dear gab fam for when taking the argument to the muslim,1,train,0.6590726375579834,0.3409273326396942,0,2,1.0760859251711743,1,Clean
user user these young homos need to be taught i s g,1,train,0.6588295102119446,0.3411704897880554,0,2,1.075372956589055,1,Clean
wow.  lying comes so easily to you liberals.  scary.,0,train,0.3412587344646454,0.658741295337677,1,1,1.0751143373097345,1,Clean
bias blockers the new glasses made for maga racists and homophobes  watch url url,1,train,0.6586369276046753,0.3413630723953247,0,2,1.074808639687879,1,Clean
everybody thats still on facebook ghetto or pregnant idc.,1,train,0.6584184765815735,0.3415815532207489,0,2,1.0741688196360546,1,Clean
Coba dehhhhh …….Ke salon ?? 😁,1,train,0.6581576466560364,0.3418423533439636,0,2,1.0734056033266184,1,Clean
white boys and ghetto white girls make me sick i can not stand you all,1,train,0.6580262184143066,0.34197375178337097,0,1,1.0730212940363302,1,Clean
idk if she is but shes black coded....the bonet sets it off,0,train,0.34203818440437317,0.6579618453979492,1,1,1.0728328978467787,1,Clean
dont be that guy.  whoops.  too late.  you are that guy.  unfollowed...,0,train,0.3420751094818115,0.6579248905181885,1,3,1.0727249476642453,1,Clean
why do they thing liberals dont own guns? we dont spend our life savings on them.,0,train,0.3422735631465912,0.6577264666557312,1,4,1.0721449694213407,1,Clean
reasons your rightwing friend isnt budging on gun control url,1,train,0.6575077176094055,0.3424922525882721,0,3,1.0715062417159247,1,Clean
we are not a democratic republic. we have never been a democratic anything. we have never had democratic ideology. nor is this a new talking point. we are constantly correcting democratsliberals on this.,0,val,0.3430262506008148,0.6569737792015076,1,3,1.0699483023807574,1,Clean
hes been trashing all along even to our allies.,1,train,0.656900942325592,0.34309902787208557,0,3,1.0697361624878632,1,Clean
Tompel sakti .. tertawa gw yaallah netizen ada di sana,0,train,0.3431093990802765,0.6568905711174011,1,3,1.0697059349133118,1,Clean
kkk and antifa both hate groups created by the democrats,1,train,0.6568683385848999,0.3431316316127777,0,3,1.0696411398004735,1,Clean
bayu rada rada,1,train,0.656781792640686,0.34321820735931396,0,5,1.0693888610292712,1,Clean
i hopes dis aint cause he colored cause i knows he be actin all nigga like,1,train,0.656781017780304,0.34321898221969604,0,2,1.0693866033998949,1,Clean
people in my ghetto ass school used to wear shirts like these like xl sized,1,train,0.6564863920211792,0.3435136079788208,0,2,1.0685285524455455,1,Clean
when it rains its good go to the mall weather all the coons be at home,1,train,0.6564762592315674,0.3435237407684326,0,2,1.0684990553894365,1,Clean
url  the left party relativizing and playing down communist crimes,1,train,0.6560601592063904,0.343939870595932,0,4,1.067288431666394,1,Clean
murahh sekali kamu jijik saya dikick evos malah open bo,1,train,0.6560415625572205,0.34395846724510193,0,3,1.0672343636503763,1,Clean
Sama kek kelakuan toxic buzzer drakor dkonoha yg suka menghina dan menghujat aplg setelah si tayong pelatih korea bapuknya kena pecat😂😂😂,0,train,0.3442116379737854,0.6557884216308594,1,5,1.0664985841150982,1,Clean
"MantapGaruda Ho ki, semakin Gacorr maxwin 18juta cog😘",1,train,0.6554915308952332,0.3445085287094116,0,3,1.0656364320586367,1,Clean
eh iya pangling lihat k2nya,0,train,0.34502771496772766,0.6549723148345947,1,3,1.064130531937529,1,Clean
"sok"" an banget kemarin ngebela erica skrg malah sama aja ga ada bedanya ðŸ˜‚ðŸ˜‚ðŸ˜‚ðŸ˜‚ðŸ˜‚",1,train,0.6542328000068665,0.34576717019081116,0,2,1.0619896489593712,1,Clean
marxist subversion happened .,1,train,0.6539004445075989,0.34609952569007874,0,2,1.0610288987836187,1,Clean
gamau tau dan ga peduliðŸ˜­,0,train,0.3464571535587311,0.6535428166389465,1,2,1.0599961229512402,1,Clean
the new moslem doll do not dare pull that string,1,train,0.6534881591796875,0.3465118408203125,0,1,1.059838288294456,1,Clean
i dont understand who soros isnt arrested for domestic terrorism!  he also funds antifa.,0,train,0.3466253876686096,0.6533746123313904,1,3,1.0595106566375607,1,Clean
PROJO = pro jokowi,0,val,0.34671372175216675,0.6532862186431885,1,2,1.0592558489025439,1,Clean
karma mu sedang beejalan ahmad dani,1,train,0.6532021164894104,0.3467978537082672,0,5,1.0590132229407283,1,Clean
user i am sorry nour people suck and tay loves you,0,train,0.34689342975616455,0.6531065702438354,1,1,1.0587376650642482,1,Clean
and dying a slow death such a shame,1,train,0.6529303789138794,0.3470696210861206,0,1,1.0582298820244218,1,Clean
fucking kim jongin in a black turtle neck and blue jeans im losing it,0,train,0.3471766710281372,0.6528233289718628,1,2,1.0579214901926441,1,Clean
Orang tua mana sih yang nda marah kalo anakya di aniaya,1,train,0.6525965332984924,0.34740346670150757,0,1,1.057268446233824,1,Clean
rhetorical question what is the difference between a hate crime and a violent act of terrorism?,0,train,0.34779199957847595,0.6522080302238464,1,5,1.056150680263628,1,Clean
kamu berbakat hasil kerjamu,0,train,0.34791725873947144,0.6520828008651733,1,5,1.055790589720484,1,Clean
Hama Tiktok,1,train,0.6515916585922241,0.3484083116054535,0,5,1.0543801777859014,1,Clean
blow a stack for yo niggas with yo trapping ass,0,train,0.3485010862350464,0.6514989733695984,1,5,1.0541139318996258,1,Clean
white devils like it i am drinking coffee brought to me by white devils sidekicks,1,train,0.6514496803283691,0.34855028986930847,0,5,1.0539727554066711,1,Clean
dontmessaroundwith conservatives. dismiss them with prejudice.,0,train,0.349010169506073,0.650989830493927,1,5,1.0526542182183594,1,Clean
oprah revealed as closet white supremacist ;,1,train,0.6509631276130676,0.3490368127822876,0,3,1.0525778815908728,1,Clean
trump will never be a free range chicken again  he is a danger to the world while under constant surveillance and scrutiny   imagine him gallivanting around the world with the little scraps of actual intel he does know completely unfettered  just dont see it happening,1,val,0.6507964134216309,0.34920361638069153,0,5,1.0521000988827676,1,Clean
"yang birahi doesennya yang disalahin mahasiswi nya, kok lucuðŸ˜‚",0,train,0.3493020832538605,0.6506979465484619,1,5,1.0518181631050847,1,Clean
what a silly little monkey ;,0,train,0.34936919808387756,0.6506308317184448,1,2,1.0516260417684382,1,Clean
yes the jews did it,1,train,0.6505271196365356,0.34947293996810913,0,5,1.0513291452896918,1,Clean
too dumb to jump off?,0,train,0.3495454490184784,0.650454580783844,1,4,1.0511216856526588,1,Clean
"baby ill whisper vietnamese to you all soft like, ching... chong ting o long....",0,train,0.34957778453826904,0.6504221558570862,1,4,1.0510291825909333,1,Clean
"emg klihatan si dri tekstur wajah, sikap. tekstur berbicaranya??",0,train,0.3498213589191437,0.6501786112785339,1,2,1.0503326578868337,1,Clean
sorry my child my name is really satan not allah...yes you will die,1,val,0.6501140594482422,0.3498859703540802,0,5,1.0501479765710404,1,Clean
"first brush your teeth before you reeeee at me, you prepubescent little boy.",0,train,0.35047587752342224,0.6495241522789001,1,3,1.0484633979189244,1,Clean
BGT LU,1,train,0.6492312550544739,0.3507687747478485,0,1,1.0476280339970454,1,Clean
di kasi diamond malah milih batu bata 😂😂,1,val,0.6492276191711426,0.3507724106311798,0,2,1.047617668580425,1,Clean
stop oppressing me! have you heard of free speech? stop shoving your lifestyle down my throat! st amendment! tcot teabaggers,1,train,0.6492173671722412,0.3507826626300812,0,3,1.0475884420826267,1,Clean
user user siss why you posting retardi b did she sure you,0,train,0.35088223218917847,0.6491177082061768,1,5,1.0473046326445292,1,Clean
"Komennya jahat2 amat para ahli neraka, sibuk amat urusin hidup orng.",0,train,0.3508976101875305,0.6491023302078247,1,2,1.0472608069390135,1,Clean
james allsup  calling  is racist!,0,train,0.3510074317455292,0.6489925980567932,1,1,1.0469478826762317,1,Clean
user us in damn hesnot and the rest of them white ass bars,0,train,0.35111743211746216,0.6488825082778931,1,4,1.0466345470332585,1,Clean
over  years ....its pathetic.,1,train,0.6488243341445923,0.3511756956577301,0,3,1.0464686233239204,1,Clean
number of white women are just awful,1,train,0.6487171649932861,0.35128283500671387,0,4,1.0461635822570456,1,Clean
serius gini diluar ekpetasi🙂,1,train,0.6486176252365112,0.35138237476348877,0,1,1.0458802616768983,1,Clean
we dont need gun control. we need white male control....,1,train,0.648520827293396,0.351479172706604,0,3,1.0456048220997138,1,Clean
he knew the email were released earlier! just pandering to his ignorant base,1,train,0.6474495530128479,0.3525504767894745,0,5,1.0425614704155781,1,Clean
terimakasih yang sudah milih Prabowo🔥,0,train,0.3532874286174774,0.6467125415802002,1,4,1.0404733079914785,1,Clean
because e should have bee asians and f should have been all the above,0,val,0.3534158766269684,0.646584153175354,1,1,1.0401097947322304,1,Clean
democrats are getting everything they deserve.,0,train,0.3534734845161438,0.6465265154838562,1,2,1.0399468048996778,1,Clean
"Gedek banget SMA ibu2 yg ngoceh "" ad guru disanan , damaikan saja, namanya anak2 "" Gila apa ini nyawa GK mikir pantes anaknya bis abullying gtu.",0,train,0.35400843620300293,0.6459915637969971,1,5,1.0384345350503892,1,Clean
mbak cadel yang bangga cadelnya sih kasihan karena cadel jijik tidak bisu saja,1,train,0.6459871530532837,0.3540128767490387,0,2,1.0384219915126323,1,Clean
CI NATYA PEYUT NYA HEHE,1,val,0.6454244256019592,0.35457563400268555,0,2,1.036833601739367,1,Clean
user it  mind poison islam,1,train,0.6453089118003845,0.35469111800193787,0,1,1.036507958390242,1,Clean
Masuk keranjang belanja blm tentu di check out alias di PHP 😂😂😂... Jordi oh jordiiii....,0,train,0.3547845482826233,0.6452155113220215,1,4,1.0362445799949975,1,Clean
"""Erica endgame gue"" inget tidak lu ngomong gitu brav",0,train,0.35528507828712463,0.6447149515151978,1,2,1.0348347743402428,1,Clean
i think they have everyone but flakey flake.,0,train,0.3553352653980255,0.6446647047996521,1,5,1.0346935256089609,1,Clean
antifa has ts level influence. its scary.,1,train,0.6441780924797058,0.3558219373226166,0,2,1.0333248493199443,1,Clean
habis beli monyet mukanya mantan kamu,0,train,0.3561166226863861,0.6438834071159363,1,1,1.0324970099608983,1,Clean
user im buying a pair in support of hoping to offend more muslims,1,train,0.6436665058135986,0.356333464384079,0,2,1.0318882888495564,1,Clean
imagine getting jumped by chinese niggas and you hear  cough on him,1,val,0.6435626745223999,0.3564372658729553,0,2,1.031597026918605,1,Clean
another fucking pittsburgh nazi. philly antifa is naming names and its glorious. url,1,train,0.6431052684783936,0.35689473152160645,0,2,1.030314410372489,1,Clean
maxinewaters trump has displayed the most despicable behavior that any human being could do url maga,1,train,0.6430943012237549,0.3569057583808899,0,1,1.0302835141782716,1,Clean
hansol kalo ngomong babi fasih banget wkwkwk,1,train,0.64277583360672,0.35722413659095764,0,2,1.0293918606194352,1,Clean
trump should call for a number day waiting period on bridges built by wetback girls,1,train,0.6425361633300781,0.3574638068675995,0,5,1.0287211615043321,1,Clean
@cilukbaa: paling gbsa kalo soal lele,1,train,0.6420462727546692,0.3579537570476532,0,5,1.0273514711825849,1,Clean
user user labour are the party that will save us from the jews,1,train,0.6419773101806641,0.3580227196216583,0,3,1.0271588319647738,1,Clean
i am fuckin allergic to white lesbians with pixie cuts they make me itch,0,train,0.35816237330436707,0.6418375968933105,1,3,1.0267688386910847,1,Clean
this was honestly the best part of the devil may cry  trailer.,0,train,0.3582555651664734,0.6417443752288818,1,3,1.0265086780847468,1,Clean
character and clinton. cartoon maybe,1,train,0.6416574120521545,0.35834258794784546,0,2,1.0262658005907939,1,Clean
user wait a minute pissed like pee pee or something else i am retarded sorry,1,train,0.6415945887565613,0.3584054112434387,0,3,1.0260904996598528,1,Clean
same here but the more he talks the dumber he looks wwgiwga maga url,1,train,0.6415424942970276,0.3584575355052948,0,1,1.0259450764316491,1,Clean
thanks i agree more repub mexicans blacks asians you get the picture,0,train,0.3585141897201538,0.6414857506752014,1,4,1.0257870389164065,1,Clean
so was the irs targeting of conservatives... obama sure set the mark for low deeds..,0,train,0.35870155692100525,0.6412984132766724,1,3,1.0252645539988865,1,Clean
user jihadi relax soon you will also sink in pain and anguish of your jihadi brothers being killed by indian armed forces,1,train,0.640964925289154,0.35903504490852356,0,4,1.0243352771286056,1,Clean
poor triggered snowflake. maga,1,train,0.6407928466796875,0.3592071831226349,0,1,1.0238559451965943,1,Clean
i feel so shame these people probably think i am a retard or something,0,train,0.3593849837779999,0.6406150460243225,1,4,1.0233610868689276,1,Clean
"chburashka sure gets to be a nitpicky russian monkeybear thing sometimes, doesnt he?",0,train,0.3593917489051819,0.6406082510948181,1,5,1.0233422628673299,1,Clean
ampunn minimal disikat tuh daki ?? gua beliin sabun dah sini dm alamatna,0,train,0.35962995886802673,0.6403700113296509,1,1,1.0226796682085464,1,Clean
kalau ga karna arhan gatau zize,1,train,0.6401097774505615,0.3598902225494385,0,3,1.0219562313975037,1,Clean
Pekerjaan minimal Bay memiliki uang untuk membuat Glowup,0,val,0.36026105284690857,0.6397389769554138,1,1,1.0209263635269175,1,Clean
kamu artis papan blenyek saja belagu artis tidak populer sekalu hahaha,0,train,0.360273540019989,0.639726459980011,1,2,1.0208917026703666,1,Clean
babi ngeselin kamu,0,train,0.36061739921569824,0.6393826007843018,1,1,1.0199377186401268,1,Clean
cocok sekali sama2 orang tidak benar biar hancur,1,train,0.639107882976532,0.36089208722114563,0,3,1.0191762927021943,1,Clean
i am literally retarded kms,0,train,0.36102572083473206,0.6389743089675903,1,5,1.0188060743376617,1,Clean
cuci muka deh setidaknya kalo mau hikin VT,1,train,0.638891339302063,0.361108660697937,0,3,1.0185763667771557,1,Clean
accidentally bought medium salsa and my white ass can not handle that shit,0,train,0.3611156642436981,0.6388843655586243,1,4,1.0185569723992056,1,Clean
not one mention about burns night our own culture .,0,train,0.3614526093006134,0.638547420501709,1,3,1.0176243405810788,1,Clean
i am a liberal and i have consensual sex with more women than the guys you see in porn,0,train,0.3615041971206665,0.6384958028793335,1,2,1.0174816271584164,1,Clean
i wonder if they are sex traffic victims?,1,train,0.6379063129425049,0.3620937168598175,0,1,1.0158522143085682,1,Clean
if you are white and act ghetto the left will like you,0,train,0.36222752928733826,0.6377725005149841,1,2,1.015482730658172,1,Clean
this weather for jadakiss dykes,0,train,0.3622952103614807,0.6377047300338745,1,5,1.0152959012582496,1,Clean
nonetheless many liberals are seriously lacking in critical thinking.,1,train,0.6376737952232361,0.3623262345790863,0,5,1.0152102724990093,1,Clean
ada yang kotak tapi bukan adu2,1,train,0.6374221444129944,0.362577885389328,0,3,1.0145159715192833,1,Clean
million americans understand embarrassed... we dealt with watching our country being divided by progressive ideologies for  years ruled by entitled and elitist liberals! yep.... url,0,val,0.3627236485481262,0.6372763514518738,1,4,1.0141140334178447,1,Clean
the traffics really bad rn like fuck you too supreme boi i know this so your fault,0,train,0.3633067011833191,0.6366933584213257,1,5,1.0125078946090487,1,Clean
most of them in chicago where there is stricter gun control. it doesnt work!,0,train,0.36338841915130615,0.6366115808486938,1,2,1.0122829915760025,1,Clean
quick preview summary  blame democrats blame obama blame gun control blame blacks passively blame democrats,1,train,0.6359549164772034,0.364045113325119,0,3,1.0104774813186685,1,Clean
end of story.   where is the lying liberals witness,1,train,0.6359230875968933,0.3640768826007843,0,2,1.0103902177121211,1,Clean
mental illness is a family illness.  at least she is out of the gene pool now.,1,train,0.6353819966316223,0.3646180033683777,0,4,1.0089050395463965,1,Clean
Diem Pak Diem...,1,train,0.6351656913757324,0.3648343086242676,0,5,1.0083119774402831,1,Clean
omg he is!!!!! i fucking hate dale!!!!!!,1,train,0.6350886821746826,0.364911288022995,0,5,1.0081010014525782,1,Clean
buat tmn2 klo punya jerawat jgn sering dipencetin ya ntar jadi bopeng?? klo udh terlanjur bopeng semuka perawatanya mahal,0,train,0.3661358058452606,0.633864164352417,1,5,1.0047509601823408,1,Clean
nigor??,0,val,0.3662222623825073,0.6337776780128479,1,1,1.0045148556280274,1,Clean
an angry white generation is coming.,1,train,0.6337576508522034,0.366242378950119,0,5,1.0044599271946764,1,Clean
where is the fascist version of antifa?,1,train,0.6337337493896484,0.3662662208080292,0,2,1.0043948307359414,1,Clean
dont my nigga me honkie,1,train,0.6333720088005066,0.3666280508041382,0,4,1.003407430398617,1,Clean
"biasanya klo berita2 bgini banyak yg komen â€œtebak agamaâ€, kok kosong ya skrg ?",1,train,0.6331878900527954,0.3668121099472046,0,2,1.002905524021574,1,Clean
user help i am retarded idk what it mean,1,train,0.6331526637077332,0.36684730648994446,0,2,1.0028095761144709,1,Clean
Lah ngapain minta maaf? kan dia gak salah ðŸ˜‚ðŸ˜‚,0,train,0.36691203713417053,0.6330879926681519,1,3,1.002633140488931,1,Clean
"ternyata emang ada makhluk seperti ini, kukira cuma mitos",1,train,0.6329443454742432,0.36705565452575684,0,2,1.0022417952156957,1,Clean
were these asians eating ramen or were they the kebab types,1,train,0.6328446865081787,0.3671553134918213,0,2,1.0019703229249846,1,Clean
restorehumanity antifa  september  stop the fascist nvu in amsterdam url   ht,0,train,0.36723366379737854,0.6327663064002991,1,2,1.0017569474297703,1,Clean
wtf why is muslim twitter a thing,0,train,0.367825448513031,0.632174551486969,1,3,1.0001467780335982,1,Clean
just as you can not treat a gentleman just like an redneck you can not treat an alpha male like a beta male,0,val,0.36788538098335266,0.6321146488189697,1,2,0.9999838540475663,1,Clean
dozens of christian villages in nigeria wiped out in mass muslim killing sprees.,1,train,0.6318076252937317,0.3681923449039459,0,3,0.9991498009915033,1,Clean
user they put the a in the one for spic kids as an afterthought that racist,1,train,0.6317802667617798,0.3682197034358978,0,5,0.9990754987526245,1,Clean
silly joe! im a maga of society ... feel that,0,train,0.36836370825767517,0.6316363215446472,1,2,0.9986844912405739,1,Clean
"well, there may be something said for extremely motivated corpses... just ask the demorat vote counters",1,train,0.6315504908561707,0.36844950914382935,0,5,0.9984515939892336,1,Clean
"yup, the sickos are pointing the fingers.",0,train,0.36865293979644775,0.631347119808197,1,2,0.9978996200863496,1,Clean
i see future case of diversity with mudshark sunglasses,1,train,0.6312683820724487,0.36873161792755127,0,1,0.997686222258641,1,Clean
liberals should just be banished from the united states amp; dropped in the middle east.,0,train,0.36909231543540955,0.6309077143669128,1,3,0.9967084888990069,1,Clean
arabs may not have invented slavery but they sure did perfect it,1,train,0.6307880878448486,0.36921191215515137,0,2,0.996384512098337,1,Clean
i fucking hate insecure ass people,0,train,0.36922377347946167,0.6307762265205383,1,2,0.9963523865536429,1,Clean
sorry all my fellow negros,0,train,0.37043508887290955,0.6295649409294128,1,1,0.9930770483186756,1,Clean
more queer lady templars. thats my point.,1,train,0.6295183897018433,0.37048158049583435,0,4,0.992951550742746,1,Clean
"aloy :ntar kalau sampe dia nyakitin erika gua maju paling depan
aloy : Menghilang dari line",1,train,0.6293866634368896,0.3706132769584656,0,4,0.9925961401965984,1,Clean
i am not the one aborting babies here your liberal white women are doing that,1,train,0.6290432214736938,0.37095677852630615,0,2,0.9916697230904397,1,Clean
you can thank bho  his wolves for usas division  lawlessness,1,train,0.6289316415786743,0.3710683584213257,0,1,0.9913689788425574,1,Clean
i try and avoid shops owned by.or employing non.whites too .,1,train,0.6286218762397766,0.371378093957901,0,1,0.9905346141458129,1,Clean
occupy wall street.....where women got raped,1,train,0.6285285353660583,0.3714715242385864,0,3,0.9902830685331089,1,Clean
he will end in gitmo,0,train,0.37150225043296814,0.6284977793693542,1,2,0.9902003571496207,1,Clean
"bodoh banget saya tadi, salah belok",0,train,0.3720894455909729,0.6279106140136719,1,1,0.9886210084742657,1,Clean
kocak lu tasyi??,0,train,0.372230589389801,0.627769410610199,1,2,0.9882417527942179,1,Clean
carrey is looking more like a tranny every day ?!,1,train,0.627581775188446,0.37241819500923157,0,1,0.987737875993959,1,Clean
why would you want to see this pollution spread further into our gene pool ?,1,train,0.6274034976959229,0.37259647250175476,0,4,0.9872592881118664,1,Clean
what did more for islam,0,train,0.3726736605167389,0.6273263692855835,1,3,0.9870521470717512,1,Clean
"kek tetangga whooppðŸ”¥, gua lamar sana sni ga dptÂ², tetangga gua tinggal blg doang, interview formalitasðŸ”¥ðŸ”¥ðŸ”¥",1,train,0.6272938847541809,0.3727061152458191,0,5,0.9869650646738755,1,Clean
memang aturan pertama dipolitik adalah tidak tau malu.,1,train,0.6270017027854919,0.37299826741218567,0,5,0.9861815043566547,1,Clean
facebook employees are cephalopods ...,1,train,0.6269471645355225,0.37305280566215515,0,3,0.9860352992186019,1,Clean
stg i fucking hate white girls yo,1,train,0.6266953945159912,0.3733046054840088,0,1,0.9853605559182836,1,Clean
maximum resistance towards zog !,1,train,0.6263937950134277,0.37360623478889465,0,2,0.9845528843595938,1,Clean
"who the fuck you callin jiggaboo, nigga?!",1,train,0.6263693571090698,0.37363067269325256,0,3,0.9844874756408276,1,Clean
stop showing off south asian functional illiteracy .,1,train,0.6260520219802856,0.37394797801971436,0,4,0.9836385874463516,1,Clean
what happened zhids happened,1,train,0.6260282397270203,0.37397173047065735,0,1,0.9835750714012966,1,Clean
chelsea is as crazy as her mother,1,train,0.6248811483383179,0.37511882185935974,0,4,0.9805124449090872,1,Clean
i guess antifa will get the same treatment when they decide to loot.,0,train,0.3756922483444214,0.6243077516555786,1,4,0.9789849591824853,1,Clean
just another yid waste of oxygen,1,train,0.6242402791976929,0.3757597506046295,0,1,0.9788053009728216,1,Clean
watching my retarded cat play with catnip is probably the best part of my day guys,1,train,0.6241879463195801,0.3758120536804199,0,1,0.9786661177954415,1,Clean
homosexuals did the holocaust,1,train,0.6239832639694214,0.3760167360305786,0,1,0.9781216258631913,1,Clean
white history month will turn some heads .,0,train,0.376486212015152,0.6235138177871704,1,3,0.9768738538864713,1,Clean
Ga setuju. Tugas utama mendidik anak adalah org tua dirumah. Itu namanya org tua lepas tanggung jawab ga boleh gtu,1,train,0.6234749555587769,0.37652504444122314,0,2,0.9767707148542918,1,Clean
"since you guys are opposed to miscegenation , i wonder what you think of yourselves being mixed .",0,train,0.37672755122184753,0.6232724785804749,1,4,0.9762330285942797,1,Clean
that was awesome. i love hearing you destroy the liberals but most of all trudeau,1,train,0.6232717037200928,0.37672826647758484,0,3,0.9762311299939358,1,Clean
by the way this america hating muslin pos is vice chair of the democrat national committee,0,val,0.3769427537918091,0.6230571866035461,1,5,0.9756619497700812,1,Clean
man power by itself can neither retard nor advance god work,0,train,0.37759077548980713,0.6224092841148376,1,1,0.9739442743264402,1,Clean
cung yang tau dia gara2 nikah sama arhann👆,1,train,0.6221420168876648,0.37785804271698,0,4,0.9732367022662758,1,Clean
Youtube😂,1,train,0.621982753276825,0.37801727652549744,0,4,0.9728153793130868,1,Clean
honorary holocaust survivors these number,1,train,0.6218332052230835,0.3781667649745941,0,5,0.9724200034711225,1,Clean
happy friday the th... looking for like minded constitutional conservative deplorables to follow here on gab...,0,train,0.3788425326347351,0.6211575269699097,1,3,0.9706346414107703,1,Clean
charming is knowing that all these unuseful beings lives in switzerland as refugees !!!!,1,train,0.6209477186203003,0.3790522813796997,0,4,0.9700811378204539,1,Clean
the lie of homosexuality and pederasty in ancient greece collapses,1,train,0.6208450198173523,0.3791549503803253,0,5,0.9698103173984044,1,Clean
omg i am also seeing the white devil herself lana next week i am,1,train,0.6201504468917847,0.37984949350357056,0,3,0.9679801744454828,1,Clean
some people wish for world peace.  chris rock wishes more white kids would get shot.,1,train,0.6197764873504639,0.38022345304489136,0,2,0.9669961647574822,1,Clean
haha you keep saying bye yet you yearn for more seems pretty shitskin tier sad tea biscuit,1,train,0.619642436504364,0.3803575038909912,0,2,0.9666436688232481,1,Clean
all you do is lie. all congress does us lie.  maga.,1,train,0.6196133494377136,0.38038668036460876,0,5,0.9665669637383176,1,Clean
user  user  oh shit jews in charge of this too conspiracy,0,val,0.38046056032180786,0.6195394992828369,1,3,0.9663727592949535,1,Clean
user lmao son you know my mind gone beyond the regular crazy shit i  m retarded,0,train,0.3809995651245117,0.6190003752708435,1,5,0.9649570452615686,1,Clean
its scary stuff to see how dedicated you are to preventing peoples access to resources during a crisis.,1,train,0.6189450621604919,0.38105496764183044,0,5,0.9648116422358423,1,Clean
mark conditt austinbombing suspect and domestic terrorist argued against abortion gay marriage homosexuality in blogs and was a democrat hillary clinton is a murderer billclinton is a rapist anthonyweiner is a pedophile humaabedin has family in muslimbrotherhood alfranken is a pervert harveyweinstein is a hollywood predator,1,val,0.6183568239212036,0.3816431164741516,0,3,0.9632693571268246,1,Clean
i meant whigger not whither lol,0,train,0.38167715072631836,0.6183228492736816,1,2,0.9631801828872512,1,Clean
im sorry but damn she is hot af,1,val,0.6179842352867126,0.38201573491096497,0,1,0.9622934803574819,1,Clean
why am i only seeing arabs attack that wolfie female,1,train,0.6175984144210815,0.38240164518356323,0,5,0.9612837955558735,1,Clean
user user eat shit nazi,1,train,0.6173880696296692,0.3826119303703308,0,2,0.960734040103726,1,Clean
is that a bar where antifa sharpens their stones and buys their silly string?,0,val,0.38285374641418457,0.6171462535858154,1,4,0.9601022258781325,1,Clean
no these are only whites pies. well do you have any negro pies?,1,train,0.6169552206993103,0.3830448091030121,0,4,0.9596033015978489,1,Clean
liberals want bert and ernie to be gay.  wtaf.,1,train,0.6169142723083496,0.3830857574939728,0,1,0.9594964049596386,1,Clean
unpopular opinion wearing dg in number is racist and i will assume you hate asians and gay rights,1,train,0.616472065448761,0.38352787494659424,0,3,0.9583429751667714,1,Clean
he doesnt want to give anything to potus!,1,train,0.6155323386192322,0.38446760177612305,0,2,0.9558957542468454,1,Clean
user until your child gets murdered by an illegal immigrant buildthewall,1,train,0.6154749989509583,0.38452503085136414,0,4,0.955746392411865,1,Clean
she is a biggest thing she as fail everywhere else,1,train,0.6152539849281311,0.3847460448741913,0,1,0.9551717860451827,1,Clean
itu dosen apa predator mengerikan,0,train,0.385088175535202,0.6149118542671204,1,5,0.9542829435529547,1,Clean
user but you  re ok with palestinians killing their own people very nazi of u,1,train,0.6146974563598633,0.38530251383781433,0,2,0.9537265030063611,1,Clean
"Semakin hari makin parah Fans Korsel disana, dulu Sty pas pulang dilepar telur busuk. skrng malah dihina-hina, dihujat-hujat juga. apalagi lihat streamer asli sono gilanya ngalahin orng indo.",1,train,0.6146299839019775,0.38537001609802246,0,4,0.9535513254626996,1,Clean
"hey fellow whites, sit down and let me lecture about how terrible we are...",1,train,0.6144629120826721,0.38553714752197266,0,4,0.9531177286965629,1,Clean
lu ngapain cok,1,train,0.6140212416648865,0.3859787881374359,0,5,0.9519728640391023,1,Clean
rates  claim that the safe act is the nations toughest gun control law mostly false. url,1,val,0.6137828826904297,0.3862171173095703,0,2,0.9513555875733226,1,Clean
"dari jawa tuh yang pilih, kalau dari sumatra udah tidak laku banteng",1,train,0.6136480569839478,0.38635191321372986,0,4,0.9510066325927273,1,Clean
user courtois is a fucking mess,0,train,0.3863811492919922,0.6136188507080078,1,4,0.9509309633100349,1,Clean
niggas probably be watching me like look at this uncle tom ass rasta,1,train,0.6134216785430908,0.38657835125923157,0,5,0.9504207115533068,1,Clean
ngbayangin teh astrid pas mudaðŸ˜,0,train,0.3865862488746643,0.6134137511253357,1,2,0.9504002822283438,1,Clean
he is speaking to the best of the best  with utter disrespect    our law enforcement ice agents  all first responders  low middle and high class of all races and religions   disagree mr creepyjoebiden  gravy train is over punk!  joedonttouchsomuch biden dirty hand joe,1,val,0.6133788228034973,0.3866211473941803,0,5,0.9503100127360754,1,Clean
Bahas kasus psikopat lgi oppa,0,train,0.38693752884864807,0.6130625009536743,1,5,0.949492023146338,1,Clean
acidmine slut can not use their pieces mecha song to counter woodchimes coil mage diseased kick,0,train,0.38698887825012207,0.6130111217498779,1,4,0.9493593247370877,1,Clean
"are you sure about that, slant? theyre plagiarists, and you have no idea who i am.",0,train,0.38700857758522034,0.6129913926124573,1,2,0.9493084218950848,1,Clean
"ngapain hi hi , org ga kenalðŸ˜­",1,train,0.6129190921783447,0.3870808780193329,0,3,0.9491216206570643,1,Clean
make yourself useful and  go bury your head in the sand.,1,train,0.6128109693527222,0.38718903064727783,0,4,0.948842253920897,1,Clean
fool on the hill !,1,train,0.6125860214233398,0.38741403818130493,0,2,0.9482612917496627,1,Clean
gangsinggghh....muter2ðŸ¤£ðŸ˜‚,1,train,0.6122386455535889,0.38776135444641113,0,3,0.9473651944492315,1,Clean
failure to show empathy  up to  months in jail or an unlimited fine.,1,train,0.6117143034934998,0.38828566670417786,0,2,0.9460139558689572,1,Clean
ngehina fisik ni orang tidak benar ya wkwkwkwk,0,train,0.3883131444454193,0.6116868257522583,1,4,0.9459431915544657,1,Clean
ga herman namanya aja ica,1,train,0.6115697026252747,0.38843026757240295,0,2,0.945641616733079,1,Clean
whats your point. you are so clearly ignorant about the nature of sexual assault,1,train,0.6111483573913574,0.3888516128063202,0,5,0.9445574662187711,1,Clean
gross. this is one of many reasons it is so easy to vote against the left.,0,train,0.38900452852249146,0.6109954118728638,1,1,0.9441642939854584,1,Clean
ini tiga aku satu aja gapunya',1,train,0.610940158367157,0.389059841632843,0,2,0.9440221126632788,1,Clean
tweeting about how horny u are amp how high your sex drive is is ghetto,1,train,0.6103050112724304,0.38969504833221436,0,3,0.9423907730763874,1,Clean
HAYOO LO SEMUA YG MINTA CWO KAYA BRAVY MUNCUL ðŸ¤£ðŸ¤£,1,train,0.61030113697052,0.38969886302948,0,5,0.942380984195027,1,Clean
user you using big words im mentally retarded  jk jk,1,train,0.6102578043937683,0.3897421956062317,0,2,0.9422697953467716,1,Clean
"Selama tdk ada proses hukum, selamanya ga akan selesai kasus bulliying",0,train,0.3899156451225281,0.6100843548774719,1,4,0.9418248578111066,1,Clean
silly rabbit  laws and rules arent for liberals.,1,train,0.6100308299064636,0.38996922969818115,0,1,0.9416874411808643,1,Clean
jessica im not afraid to slit your throat tomorrow;   ;,1,train,0.6098592877388,0.3901407718658447,0,1,0.9412476514843227,1,Clean
"also, i put i touch myself on a nedchuck mix.",0,train,0.39018741250038147,0.6098126173019409,1,4,0.9411281104103829,1,Clean
billions are being looted from social security to witchhunt men  harm children,0,train,0.39118313789367676,0.6088168025016785,1,1,0.9385794452942303,1,Clean
cowo ko pake crop top dunia makin aneh,1,train,0.6087938547134399,0.39120611548423767,0,5,0.9385207083152436,1,Clean
dari awal sdh gak jelas ðŸ¤£,1,train,0.6085482835769653,0.3914516866207123,0,2,0.9378931769883396,1,Clean
"people love seattle, almost no blacks, its like the old days",1,val,0.6085402369499207,0.39145976305007935,0,3,0.9378725452058545,1,Clean
"take a bath, you smelly african.",1,train,0.6085163354873657,0.3914836347103119,0,2,0.9378115659312142,1,Clean
user your party blames immigrants which is a distraction from fools like you and paedo elites who poison the environment whopper,0,train,0.3915470242500305,0.6084529757499695,1,4,0.9376496577373734,1,Clean
Hukum pelaku sangat bahaya bisa anak yg di bully meninggal kurang ajar nih anak. Ayo buk hajar buk aku paling benci anak yg suka bully anak orang,1,train,0.6083952784538269,0.3916046917438507,0,5,0.9375023874377707,1,Clean
she is flat out lying!,0,train,0.39183059334754944,0.6081693768501282,1,2,0.9369256924273253,1,Clean
y  all got everybody infiltrating negroes  nicki minaj,0,train,0.391922265291214,0.6080777049064636,1,4,0.9366917616848159,1,Clean
maybe you should stop spinning dreidels and freebasing pennies while you larp as some paki thot,1,train,0.6079289317131042,0.39207109808921814,0,4,0.936312082961133,1,Clean
now comes the pain...............  maga  wwgwga url,1,val,0.6078950762748718,0.3921049237251282,0,2,0.9362258124428053,1,Clean
how shy people flirt. learn tips from the best!,0,train,0.3921891450881958,0.6078108549118042,1,1,0.9360110425835387,1,Clean
liars like the antifa twins you vigorously defend?,1,val,0.6076046228408813,0.3923953175544739,0,3,0.9354854841998581,1,Clean
last point if you keep them in ghettoes explain white flight surely there would be no need no,1,val,0.6075787544250488,0.39242127537727356,0,2,0.9354193341641863,1,Clean
_dy1412 buset cantik diedit saja mba coba sudah aslinya sudah mirip buntelan kentut,1,train,0.6073855757713318,0.3926144540309906,0,5,0.9349271816407289,1,Clean
whites hide in their all white cities towns neighborhoods etc .,0,train,0.39296430349349976,0.6070356965065002,1,4,0.9340365020435873,1,Clean
it seems that  holds the whip hand when it comes to governing the  and brexit.,0,train,0.39300110936164856,0.606998860836029,1,4,0.9339428443136829,1,Clean
whatever white people do asians dont have to follow,0,train,0.39335259795188904,0.6066473722457886,1,5,0.9330488735461261,1,Clean
anjir dark bgt abidzar,1,train,0.6065276265144348,0.3934723436832428,0,1,0.9327444964834737,1,Clean
so you are an illegal immigrant that got amnesty,1,train,0.6057671308517456,0.3942328691482544,0,1,0.9308135058312889,1,Clean
itu ah babi kamu din,0,val,0.39446890354156494,0.6055310964584351,1,5,0.9302149667927568,1,Clean
"democrats want more gun control!  i say,   just go to the range and practice,..  youll get better  url",1,train,0.6054389476776123,0.3945610523223877,0,3,0.929981391931481,1,Clean
rigen anaknya bahlil juga kayanya,1,train,0.6052263379096985,0.3947736322879791,0,3,0.9294427611709795,1,Clean
i am shocked a moslem planning a terror attack,1,train,0.605082631111145,0.39491739869117737,0,1,0.9290786531865991,1,Clean
thats ok antifa terrorists dont have intelligent conversations any way. keep your head in that safe space. url,1,val,0.6050506234169006,0.394949346780777,0,1,0.9289977583019867,1,Clean
i continue to be concerned that our countrys gun control laws are not good enough to protect our children. i will only vote for the party that is willing to address this issue.,1,val,0.6050361394882202,0.3949638903141022,0,2,0.9289609351861207,1,Clean
sick of these niggas hire some fucking help get rid of these niggas,0,train,0.39506468176841736,0.604935348033905,1,2,0.9287057761743489,1,Clean
sounds like moslem men have no self control whatsoever,0,train,0.3951737582683563,0.6048262715339661,1,4,0.9284297164559009,1,Clean
the rugrats believe in gun control,0,train,0.3953060507774353,0.6046939492225647,1,4,0.9280950019981747,1,Clean
"yaudasi gausah kemana2 toh itu salahnya sendiri kenapa mauuu, dan kalaupun emang anaknya toh juga gabisa dinasabkan ke bapak nyaaa dan juga gaberhak dapat nafkah sesuai hukum agama",0,train,0.3953581154346466,0.604641854763031,1,2,0.9279633034603847,1,Clean
Tumben kali ini gue gercep bet di podcast om Dady😁,1,train,0.6046366691589355,0.39536330103874207,0,5,0.9279501873262128,1,Clean
"Kampret betul, pas mengarah kesitu udah mbatin “ini mah filmnya mas hansol”😂🤣🤣",1,train,0.6042794585227966,0.39572054147720337,0,5,0.9270470201938672,1,Clean
Gausah ditahan buarin digebukjn lah kebiasaan bgt dibelain bodoh bgt yg misahin bloon bgt orang udh maen fisik juga biar tau tiap perbuatan tu ada balasan,0,val,0.3958190679550171,0.6041809916496277,1,5,0.9267980712413486,1,Clean
powers u dont go outside ur tanks been on full for  months u anti social monkey,0,train,0.3959369957447052,0.6040629744529724,1,4,0.9265001820404523,1,Clean
disini mau sombong langsung ciut 🤣😭😭 semangat terus bang oki!,1,train,0.6040503978729248,0.3959496021270752,0,5,0.9264683431827043,1,Clean
battering rams used by liberals; sex amp; racism. it is sinister amp; desperate beneathhumanity,1,train,0.6040497422218323,0.39595022797584534,0,5,0.9264667625566041,1,Clean
"""Kayak Randy Pangalila klo gk pake kacamata""",0,train,0.395997017621994,0.6040030121803284,1,2,0.9263485990136074,1,Clean
just got home. what the fuck happened today?,1,train,0.6039894223213196,0.3960105776786804,0,3,0.9263143567745982,1,Clean
dudes built like a crushed twinkie,0,train,0.3961469531059265,0.6038530468940735,1,1,0.9259700428640599,1,Clean
you d think a gay gym would have whatever equipment required to work the rear end,1,train,0.6037585735321045,0.3962414562702179,0,5,0.9257315154862709,1,Clean
ngapain nginap rumah cowok tidak ada keluarga lagi kamu,1,train,0.603316068649292,0.3966839611530304,0,3,0.9246153829496494,1,Clean
erase islam from history hold them accountable maga is simple no,1,train,0.6032170057296753,0.3967830538749695,0,3,0.9243656114517107,1,Clean
manusia kocak ini nih,0,train,0.3969056308269501,0.6030943989753723,1,4,0.9240567322769971,1,Clean
user honey they are the ghetto of all of gary,0,train,0.397080659866333,0.6029192805290222,1,2,0.9236158454650465,1,Clean
Jadi Valak??,1,train,0.6024243831634521,0.39757558703422546,0,3,0.922370206904178,1,Clean
user every failure find someone else to put the blame on buhari is a fucking failure,0,train,0.3976432979106903,0.6023566722869873,1,1,0.9221999119629728,1,Clean
shameonyou conservatives proud of yourselves for inflicting such horrors on the folk of palestinian.... url,1,train,0.6022382378578186,0.3977617919445038,0,1,0.9219019655801766,1,Clean
why adonnis look like he bout to sell the most ghetto used cars of  ?,0,train,0.3978504538536072,0.6021495461463928,1,4,0.9216790883936107,1,Clean
the dems are campaigning on medicareforall and gun control. how are those falsehoods?,0,train,0.3978711664676666,0.602128803730011,1,1,0.9216270284431577,1,Clean
why is the dole queue in the ghetto so black,1,train,0.6020915508270264,0.39790844917297363,0,3,0.9215333273615982,1,Clean
obviously not because the cancer antifa committed a fucking crime.,1,train,0.6020600199699402,0.3979400098323822,0,4,0.9214540141228327,1,Clean
most cities have a ghetto street named mlk blvd,1,train,0.6020198464393616,0.39798012375831604,0,5,0.9213532152504965,1,Clean
dosen gini tuh banyak banget 😭,1,train,0.6019219160079956,0.3980781137943268,0,2,0.9211070271404233,1,Clean
Pemikiran macam apa ini 🗿,0,train,0.3981534242630005,0.6018465161323547,1,5,0.9209178598811559,1,Clean
is trying too hard to create a racist agenda.,0,train,0.39818742871284485,0.6018126010894775,1,2,0.9208324581345597,1,Clean
"Oh tidak ada urusan ya, kasian juga ya pemimpin kita tidak dianggap ðŸ˜¢ðŸ˜‚",0,train,0.3990831971168518,0.6009167432785034,1,5,0.9185853697509895,1,Clean
i have been on number since a kenyan moslem became president,1,train,0.6008813977241516,0.3991186320781708,0,3,0.9184965827799599,1,Clean
and pedophile podesta still on with his blue check mark account.,1,train,0.6006991863250732,0.39930081367492676,0,1,0.9180402271616523,1,Clean
masih layak di katain nih orang,1,val,0.6005207896232605,0.3994792103767395,0,3,0.917593554236924,1,Clean
user dear jews after trump is done with the immigrants who next being a white nationalist who would be his next victims certainly black and brown citizens what about asian indian jews muslims mediterranean you modern holocaust,0,val,0.3995780944824219,0.6004219651222229,1,2,0.9173460523228916,1,Clean
"""Selamat ulang tahun panjang umur sampai ketemu dajjal""",1,train,0.6003665924072266,0.39963340759277344,0,5,0.9172076331177218,1,Clean
Neira kanjera. Cyber bullying ❤🎉😊,1,train,0.6002944111824036,0.3997056186199188,0,5,0.9170269562710427,1,Clean
Maap bgt unfoll,0,train,0.399748295545578,0.6002517342567444,1,3,0.9169201910780941,1,Clean
ada yang besar tapi bukan bola akwwkaw,0,val,0.3997716009616852,0.6002284288406372,1,1,0.9168618925511516,1,Clean
Dia lagi hamil ya?(bertanya dengan nadaaa sangat lembuutt),1,train,0.600201427936554,0.39979857206344604,0,5,0.9167944285494142,1,Clean
user devildog if that raghead was number then i am baby leroy,1,train,0.6001951694488525,0.39980483055114746,0,5,0.916778774569751,1,Clean
hiring someone from this website should ensure we do nt hire undesirables .,1,train,0.600189745426178,0.399810254573822,0,1,0.9167652079855894,1,Clean
he was almost....almost as bad as obama!,1,train,0.6000940799713135,0.3999059200286865,0,2,0.9165259594662797,1,Clean
Ko jd kisah nyata baru kejadiank dikomplek Pepabri kunciran udh masuk berita,1,val,0.6000011563301086,0.3999987840652466,0,2,0.916293771715659,1,Clean
noticed shes a blonde. fits the conservative mold. i dont know why conservatives are obsessed with blonde hair and internet addiction.,0,val,0.4004655182361603,0.5995344519615173,1,3,0.9151276129688779,1,Clean
also the left calls anyone it doesnt like fascist  gt;calls everyone on the left antifa.,0,train,0.40080177783966064,0.5991982817649841,1,4,0.9142882934936236,1,Clean
le american have never seen jews in beast mode but the ones that live in dearborn michigan texas and houston are starting to see the light just give the rest some time zionism will take good care of that,1,val,0.599128246307373,0.40087175369262695,0,4,0.9141137190555471,1,Clean
"so you elevate that minority ever so slightly , and screw the rest .",0,train,0.40087229013442993,0.5991277694702148,1,2,0.914112380868361,1,Clean
i think she is implying that men dont give birth!  how dare she,0,train,0.40097668766975403,0.5990232825279236,1,3,0.9138519888523985,1,Clean
Et dah ganteng banget dah ko,0,train,0.4014536142349243,0.5985463261604309,1,5,0.9126632834403592,1,Clean
berani2ny lewat fyp guaa,1,val,0.5984755754470825,0.4015244245529175,0,2,0.9124869141880105,1,Clean
cakep sih sayang aja tembem.. pipinya masa yang lain,1,val,0.5983650088310242,0.40163496136665344,0,5,0.9122116591978511,1,Clean
kaget tiba2 fiki naki nikah😱,0,train,0.4020618200302124,0.5979381203651428,1,2,0.9111494210165454,1,Clean
my manager is a white boy who thinks he  ghetto lmao,1,train,0.5977849364280701,0.40221506357192993,0,4,0.9107683494062669,1,Clean
suaranya dibuat2 bgt lol,1,train,0.5976439118385315,0.40235602855682373,0,1,0.9104179391374535,1,Clean
ashley calling michaels number years old white ass a stallion almost made me puke,0,train,0.4024592339992523,0.5975407361984253,1,1,0.9101614692423212,1,Clean
liberals ....cry and complain that all they do url,1,train,0.5967130064964294,0.40328699350357056,0,2,0.9081068277999752,1,Clean
si hebatnya banci yang badannya penuh koreng kaya kamu,1,train,0.5966780781745911,0.40332186222076416,0,3,0.9080203702388714,1,Clean
she is full of bunk.,1,train,0.5964463949203491,0.4035536050796509,0,5,0.90744594983659,1,Clean
TB pada gag ikut lamaran kerja apa libur panjang lhoo dek,0,val,0.40412774682044983,0.5958722233772278,1,1,0.9060242460021387,1,Clean
hope theyre brushed up on their very large negative numbers!,1,train,0.5958276987075806,0.4041723310947418,0,5,0.9059139298570452,1,Clean
meninggalkan berlian tai sapi,1,train,0.5957692265510559,0.40423083305358887,0,5,0.9057691952455452,1,Clean
"diuresis  definition, types, signs, causes, treatment, diagnosis. urination is a vital process in",0,train,0.40424567461013794,0.5957543253898621,1,4,0.9057324803715568,1,Clean
no wonder we are in such bad shape with this tribe in charge of the white house and congress .,1,val,0.5956545472145081,0.40434542298316956,0,2,0.9054857589475034,1,Clean
olivia you are killing it,0,train,0.4043905735015869,0.5956093668937683,1,5,0.905374101945316,1,Clean
actually i prefer my jews going up the chimney,1,train,0.5955459475517273,0.40445399284362793,0,2,0.9052172872869507,1,Clean
he and obama... cant stand em.,0,train,0.40481317043304443,0.5951868295669556,1,3,0.9043296258834002,1,Clean
"""Santuy aja bang ga usah di tanggepin,btw gw suka gaya lo""",0,train,0.40521472692489624,0.5947852730751038,1,4,0.9033381624386084,1,Clean
well since your streams always have porn in the title im going to sa you love porn,1,train,0.5945079326629639,0.40549206733703613,0,2,0.9026539682887087,1,Clean
gimana dengan Tugba😭,0,val,0.40561047196388245,0.5943894982337952,1,1,0.9023620085870674,1,Clean
when theyre reviewing plays he is insufferable,0,train,0.40574803948402405,0.5942519307136536,1,1,0.9020229044314596,1,Clean
i hope  ask  about the deep state and swamp creatures undermining presidents agendas and latest  video,0,train,0.4057719111442566,0.5942280888557434,1,4,0.9019640724576531,1,Clean
"Dulu waktu sy mts sy d bully, tas d coret2, d omongin ini itu, sy diem ga pernah ngadu k siapa2... Akhirnya sy masuk SMK org yg bully udah kerja jd ART d luar kota,. Pembalasan dr Allah ada aja,. Skrg klo bully jgn diem aja ya nak anak....",1,train,0.5941909551620483,0.40580904483795166,0,2,0.9018725629330708,1,Clean
white cops are called racists by mobs and liberals daily,0,train,0.40591347217559814,0.5940865874290466,1,1,0.9016152648144803,1,Clean
Drama cina,0,train,0.4060054421424866,0.5939944982528687,1,1,0.9013887151784022,1,Clean
great tweet! please retweet! patriots deplorables      walkawayfromdemocrats backtheblue rapistdemocrats frauddemocrats maga url,0,train,0.40605196356773376,0.5939480066299438,1,2,0.9012741384872202,1,Clean
looks like any other little porch monkey to me!,0,train,0.4062477648258209,0.5937522053718567,1,1,0.9007920473205357,1,Clean
"Hands Ko Buntung ,, Hey Maid",1,train,0.593751072883606,0.40624895691871643,0,2,0.9007891129261841,1,Clean
"tidak terbayang kalo dia beneran lanjut sama sapri, junho eunho jena yang sekorea itu harus liat kuda lumping terusðŸ˜­ðŸ˜­",1,train,0.5937149524688721,0.40628501772880554,0,3,0.9007003515666892,1,Clean
Noway 😮,1,train,0.5936408042907715,0.4063591957092285,0,3,0.900517792017498,1,Clean
i also understand a lot of the followers are maga and cult aligned politically.,0,train,0.40658074617385864,0.5934192538261414,1,1,0.8999727321460346,1,Clean
Pukulin Rame2,1,train,0.593209981918335,0.40679001808166504,0,2,0.899458152764476,1,Clean
and what did you expect from a known muslim who supports terrorism,0,train,0.40683257579803467,0.5931674242019653,1,5,0.8993535398475572,1,Clean
Gampang. Jelek di piala dunia. Terjawab kan? Skip konten,1,train,0.5930753946304321,0.40692460536956787,0,4,0.8991273554916943,1,Clean
he is harry potter,0,train,0.407382994890213,0.5926169753074646,1,1,0.8980015166344448,1,Clean
she is.  ur screwed.  trump owns scotus and he will exact a wrath upon enemies after the midterms,1,train,0.5921633243560791,0.4078366756439209,0,4,0.8968884895156396,1,Clean
i hate arabs why they said we all are working in macdonalds,1,train,0.5919629335403442,0.40803706645965576,0,4,0.896397259538688,1,Clean
kapan masuk pengadilan Pak budi?😁,1,val,0.5919557213783264,0.40804430842399597,0,5,0.8963795113960069,1,Clean
"finally...the end of this fake, heretical pope?",0,train,0.40813860297203064,0.5918614268302917,1,5,0.8961484491006866,1,Clean
@lotuye: repot bat banana boat,1,train,0.5917489528656006,0.4082510471343994,0,2,0.895872982200622,1,Clean
nigga melly said  i get a ssi check i  m retarded fr,1,train,0.5915822386741638,0.4084177315235138,0,4,0.8954647765834001,1,Clean
Innalilahi wa innailaihi rojiun RIP HUKUM di INDONESIA ðŸ‘ŽðŸ»âš°ï¸ðŸ¥€ðŸ“´,0,train,0.4085198640823364,0.5914801359176636,1,4,0.8952147389797837,1,Clean
she should take a walk through nogo zones...  the world would be a better place.,1,train,0.5912879705429077,0.4087120592594147,0,4,0.8947443824625402,1,Clean
im waiting for them to claim the walking man at intersections is racist.,0,val,0.408772349357605,0.591227650642395,1,5,0.8945968809379505,1,Clean
at least you got the candy on stage oh no you did not user is a fucking savage,0,train,0.40882986783981323,0.5911701321601868,1,5,0.8944561805310942,1,Clean
from time you see a ghetto yute in formal wear just know they bouta go to court or funeral,1,train,0.5911113023757935,0.40888866782188416,0,3,0.8943123658085267,1,Clean
user shit i need a flamethrower  kill all them mfs neph,0,val,0.4091034233570099,0.5908966064453125,1,3,0.8937872860617276,1,Clean
Lo itu desperate banget looking for attention kasian,1,train,0.5908671021461487,0.4091328978538513,0,1,0.8937152420908354,1,Clean
theres a reason why the yankees dont want anderson any longer.,0,train,0.41011497378349304,0.5898850560188293,1,5,0.8913177347330276,1,Clean
imagine the uproar if the black girl said  ten  .,0,train,0.41016653180122375,0.5898334383964539,1,5,0.8911920266256338,1,Clean
Di kasih princess malah pilih ikan teri,1,train,0.589623749256134,0.41037628054618835,0,5,0.8906807827359138,1,Clean
i wish you were gay,0,train,0.4105522036552429,0.5894477963447571,1,5,0.8902521872732562,1,Clean
Nafa Urbach gk bersalah dia cuma ngasih tau informasi tunjangan rumah TDK ada merendahkan rakyat kayak yg lainnya,0,train,0.41086357831954956,0.5891363620758057,1,4,0.8894940458154129,1,Clean
disregard women and acquire currency,0,train,0.41123852133750916,0.5887614488601685,1,2,0.8885818889334076,1,Clean
while middle america was alternating between struggling along economically and finding cheap distractions they probably missed whole generations being taught to hate this nation that being white was a historical sin and that unrest is justice now many are finally being forced to notice this,0,val,0.41128009557724,0.5887199640274048,1,1,0.8884807988452047,1,Clean
Tolol sia mah di halangan jenteing eta indung na,1,train,0.5886446237564087,0.4113553762435913,0,4,0.8882977756979172,1,Clean
Dah gua langsung unfollowðŸ˜Œ,0,train,0.4113579988479614,0.5886420011520386,1,1,0.8882914001983824,1,Clean
this maga would spend more than you amp; your homies together....now stop ya whining...,1,train,0.588415801525116,0.41158419847488403,0,1,0.8877416662477962,1,Clean
capek bgt pasti tu ariel ðŸ¤£ðŸ¤£ðŸ¤£,0,train,0.4116630554199219,0.5883369445800781,1,2,0.8875500908859447,1,Clean
Komitmen Esscontinent Hilstream Bersama Tetapi Bukan Upaya Untuk Menikah dengan Baik Meninggalkan Buang -buang Waktu,1,train,0.5881950259208679,0.4118049740791321,0,3,0.8872054055902652,1,Clean
user we were all dykes just confused dykes,0,train,0.41195011138916016,0.5880498886108398,1,1,0.8868530258257205,1,Clean
billie eilish is the mother of all depressed gay kids,0,train,0.4119507372379303,0.5880492329597473,1,1,0.8868515065924991,1,Clean
shes an osuite...so she is deregionised.,1,train,0.587924063205719,0.412075936794281,0,2,0.8865476340086144,1,Clean
Isu ini kok langsung tenggelam sama lagu MBG dan Bahlil?,1,train,0.5877860188484192,0.4122139513492584,0,3,0.8862127650304737,1,Clean
or your in the ghetto,0,train,0.41228049993515015,0.5877194404602051,1,2,0.8860513362035543,1,Clean
or you could legislate some common sense gun control and tone down your racist rhetoric.,1,train,0.5876163244247437,0.41238367557525635,0,2,0.885801111581924,1,Clean
not all black girls are ghetto though,0,train,0.412419855594635,0.587580144405365,1,3,0.8857133815515965,1,Clean
it really pisses of the liberal leftist,1,train,0.587410032749176,0.4125899076461792,0,5,0.8853011390266488,1,Clean
dollars. thats what they get for a dead fetus.,0,train,0.41310352087020874,0.5868964791297913,1,2,0.8840570615699663,1,Clean
exhibit a gor the utter irrationality of the left. respect and support for women....i think not!!,1,train,0.5868344306945801,0.4131655991077423,0,2,0.8839068000240622,1,Clean
hopefully they will get deportation orders and be on the next flight back to cairo .,1,train,0.5866792798042297,0.4133206903934479,0,3,0.8835314972767666,1,Clean
user le dindu nuffin lol,0,train,0.41342461109161377,0.5865753889083862,1,4,0.8832801001450827,1,Clean
"faux noise pundits dont like duck molester, proslavery racist, homophobic teabagger darling phil robertson either",1,train,0.5861918926239014,0.413808137178421,0,5,0.8823528493439298,1,Clean
go the gulls. first grade should be a cracker. physical!,0,train,0.4138775169849396,0.586122453212738,1,4,0.8821852016232472,1,Clean
there is no real difference between parties. it is a circus. they all serve the globalists.,1,train,0.5860493183135986,0.41395068168640137,0,2,0.8820084386142806,1,Clean
all the black guys in green all look alike same muslim beards,1,train,0.5851507782936096,0.414849191904068,0,1,0.8798402177969219,1,Clean
it is the asians in white countries that bug me .,1,train,0.5851161479949951,0.4148837924003601,0,1,0.879756816276272,1,Clean
liberals will be complaining that his presence hurts recovery in  ...  ... ....,0,train,0.41493871808052063,0.585061252117157,1,4,0.8796244369311783,1,Clean
dia pikir dia paling cantik padahal hanyalah ampas,1,val,0.584923505783081,0.41507652401924133,0,3,0.8792923805230615,1,Clean
could b ebola too same symptoms,0,train,0.41512423753738403,0.5848758220672607,1,4,0.879177435993004,1,Clean
he is in jail,0,train,0.4152621328830719,0.5847378373146057,1,2,0.8788453126541164,1,Clean
densu dan om dedi pasti lagi muak bgt🤣👍🏻,1,train,0.584710419178009,0.4152895510196686,0,1,0.8787792887398,1,Clean
user user you had me at retarded,0,train,0.4153452217578888,0.5846547484397888,1,2,0.8786452448973603,1,Clean
"""Wah ngehina fisik ni orang,ga bener ya wkwkwkwk""",0,train,0.41560080647468567,0.5843991637229919,1,1,0.8780300792520042,1,Clean
lets go la support my niccas no matter what,1,train,0.5841155052185059,0.41588443517684937,0,1,0.8773478573701075,1,Clean
it ai nt right unless it s white .,1,train,0.5840703248977661,0.41592973470687866,0,4,0.8772389399418785,1,Clean
and you support the right using antifa tactics in other words the tactics of a domestic terrorist group.,1,train,0.5838866829872131,0.4161132872104645,0,5,0.8767977307694479,1,Clean
dreamt i got sued again and the process server was a neonazi thanks brain,0,train,0.4163641631603241,0.5836358070373535,1,2,0.8761950094408579,1,Clean
"but as for them adopting kids , the answer is no .",1,train,0.5835984349250793,0.41640159487724304,0,4,0.8761051120919747,1,Clean
i  m so sick of all white parties,1,train,0.5831916928291321,0.4168083071708679,0,4,0.8751288579093796,1,Clean
okay what the deal with women and goodbye sex,0,train,0.4168112277984619,0.5831887722015381,1,2,0.8751218508096861,1,Clean
when queers persecute u and ir children u might return to god law aka theonomy,0,train,0.41698184609413147,0.5830181837081909,1,4,0.8747125926774388,1,Clean
but google can give beijing every americans phone number. youre kidding me right?   maga,0,train,0.41734907031059265,0.5826509594917297,1,4,0.873832308289184,1,Clean
"menyesal karena ketauan..kalau ga ketauan ya lanjut buly..sekarang aja pasti masih ngebully mungkin sama temen"" nya",1,train,0.5825638771057129,0.4174360930919647,0,2,0.8736238168461099,1,Clean
bono is clearly a racist,1,train,0.5823919177055359,0.4176081120967865,0,4,0.8732118170832562,1,Clean
this pope may have to stepdown,0,train,0.4177987277507782,0.5822013020515442,1,4,0.8727554749797264,1,Clean
"Ya, Dongta Donghae, I Sings I Knump",1,train,0.5821003913879395,0.41789963841438293,0,3,0.8725139747729993,1,Clean
theres dead silence fuck niggaas,0,val,0.41805705428123474,0.5819429159164429,1,2,0.8721373622759935,1,Clean
monyet lu songong. URL,1,train,0.581336498260498,0.41866347193717957,0,5,0.8706878513745141,1,Clean
woyyy lahhh bjirrrðŸ˜‚ðŸ˜‚ðŸ˜‚,0,train,0.41886594891548157,0.5811340808868408,1,2,0.8702043412381406,1,Clean
i hate you niccas! lol,1,train,0.5810762047767639,0.4189237356185913,0,1,0.870066390856874,1,Clean
adawg getcho ghetto booty up,1,train,0.5807546973228455,0.41924530267715454,0,5,0.8692990824509365,1,Clean
kambuh lagi,1,train,0.5806556344032288,0.41934436559677124,0,3,0.8690628216816346,1,Clean
bill maher mocks gullible america for missing the real enemy,0,train,0.42022815346717834,0.579771876335144,1,2,0.8669574926557752,1,Clean
i always do everything last minute i fucking hate that shit already never again,0,train,0.42025861144065857,0.579741358757019,1,1,0.8668850156703776,1,Clean
Coba dehhhhh â€¦â€¦.Ke salon ?? ðŸ˜,1,train,0.5792270302772522,0.4207729995250702,0,3,0.865661784244009,1,Clean
the bengals just got raped by a reindeer,0,train,0.42082515358924866,0.579174816608429,1,3,0.8655378437052799,1,Clean
"@GhraAgags Korban bully yang d0ng0"" itu lho yang suruh sekolah yang bener. Mereka lho kadang cuma berlagak sok pintar dan sok dingin dengan jadi pendiam.",0,train,0.420827716588974,0.5791722536087036,1,1,0.8655317533090698,1,Clean
user the bees are illegal immigrants,1,train,0.578443706035614,0.4215563237667084,0,1,0.8638018835002351,1,Clean
gua lagi nangis aja reflek ngakak jirrrðŸ˜­ðŸ˜­ðŸ¤£ðŸ¤£ðŸ¤£,0,train,0.4215969443321228,0.5784030556678772,1,4,0.8637055295703324,1,Clean
want to touch tha boootyyyyy....neeeeed to touch the heinie ;,0,train,0.42177125811576843,0.5782287120819092,1,5,0.863292154283899,1,Clean
hari hari liat orang selingkuh,0,train,0.4220448434352875,0.5779551267623901,1,1,0.8626437065270888,1,Clean
the dead kennedys didnt give a shit about race. hence the song.,0,train,0.42220520973205566,0.5777947902679443,1,5,0.8622638041555217,1,Clean
Artis tahun kapan?ðŸ™ðŸ»ðŸ™ðŸ»ðŸ™ðŸ»,1,train,0.5774911642074585,0.4225088059902191,0,2,0.8615449898217118,1,Clean
x anon ... hillary clinton  the root of all corruption,1,train,0.5773516893386841,0.4226483404636383,0,4,0.8612147921175985,1,Clean
absolutely but do you really think we should be allowing ghetto blacks to redefine our language,1,train,0.5772076845169067,0.4227922558784485,0,1,0.8608743414299384,1,Clean
Semua orang tua akan lakukan hal yang SMA klo anak nya d perlakukan seperti itu,0,train,0.4231683611869812,0.5768316388130188,1,5,0.8599851621331108,1,Clean
user want to do more than spank that white ass,0,train,0.4238293766975403,0.5761706233024597,1,1,0.8584243181893971,1,Clean
awww his poor pocket. try something else,0,train,0.424908310174942,0.5750916600227356,1,3,0.855881874097949,1,Clean
because liberals hate america and cant stand the thought of a successful country,0,val,0.4256485402584076,0.5743514895439148,1,4,0.8541412960990238,1,Clean
i  m tryna get drunk and this negro playing w my emotions,1,train,0.5738102793693542,0.42618969082832336,0,1,0.8528707481875423,1,Clean
user kool fuck you too then,0,train,0.4262597858905792,0.5737401843070984,1,1,0.852706292546878,1,Clean
lol really you must be a feminazi right go away femme fatale,1,train,0.5734358429908752,0.42656412720680237,0,5,0.8519925664787681,1,Clean
islam playing hide the salam,1,train,0.5731427073478699,0.4268573224544525,0,5,0.8513054610414683,1,Clean
from me to me fuck you nobody care about you you meant to be alone go kill yourself,0,train,0.42787739634513855,0.5721225738525391,1,2,0.8489185815745498,1,Clean
where is my maga cap?! url,0,train,0.428690642118454,0.5713093280792236,1,4,0.8470197341248392,1,Clean
Gonna flag this for nudity so I can rick roll the YouTube staff,0,train,0.42878836393356323,0.5712116956710815,1,3,0.8467918059427085,1,Clean
"Didikan orang tuanya mungkin seperti itu,,, yah mungkin akan kena karmanya nanti apa lagi anak yatim,,, dia akan merasakan nya nanti ...",0,train,0.42887556552886963,0.5711244344711304,1,1,0.8465884591710622,1,Clean
this nigga nipsey really dead smh,1,train,0.5710211992263794,0.4289788007736206,0,1,0.8463477767212093,1,Clean
user white chocolate caramel yum yummy nut ur nipples and clit with it and bon appetit e,0,train,0.42913004755973816,0.5708699822425842,1,4,0.8459952648272286,1,Clean
reading this thread it sure seems like your followers arent for gun control after all jimmy,1,train,0.5705029368400574,0.429497092962265,0,5,0.8451403060038644,1,Clean
coon rt  lt;fills coffee up halfwaygt; lt;uses  irish cremes to fill other halfgt;,0,train,0.4297161400318146,0.570283830165863,1,1,0.8446304277434195,1,Clean
hello youtube.😂,1,train,0.5702247619628906,0.4297752380371094,0,1,0.8444929091902474,1,Clean
user they say we all siberian immigrants and that theyre the real natives mess lol,0,train,0.4298169016838074,0.5701830983161926,1,1,0.8443959710150236,1,Clean
kukira kamu rumah kandang babi,0,train,0.4307079315185547,0.5692920684814453,1,5,0.8423250716782261,1,Clean
mann i aint that smoove booty like you gee,1,train,0.5692458748817444,0.4307541251182556,0,1,0.8422178270250477,1,Clean
haaaaaa cause it never happened so if ye gonna tweet shit make sure its fact kid,1,train,0.5691838264465332,0.4308161735534668,0,4,0.8420737913371552,1,Clean
thats what the obamatard and hitlery did.,1,val,0.5682244896888733,0.4317755103111267,0,2,0.8398494778615279,1,Clean
"dosen babi, pengen liat gue mukanya",1,train,0.5679771304130554,0.4320228397846222,0,2,0.8392768222637785,1,Clean
yo mama so ghetto she uses cigarette butts as qtips,0,train,0.4320286512374878,0.5679713487625122,1,2,0.8392633706282543,1,Clean
moore just got don elected again. liberals never learn. hes more unlikable than trump,1,train,0.5674922466278076,0.43250778317451477,0,1,0.8381549569929002,1,Clean
1.3k is crazy,1,train,0.5669198632240295,0.43308010697364807,0,1,0.8368325635328013,1,Clean
projo artinya negri dan rakyat....apa hubungannya satttðŸ˜­ðŸ˜­,1,train,0.5669081807136536,0.43309181928634644,0,2,0.8368055196807808,1,Clean
never buy from stores that hire minorities over whites if at all possible .,0,train,0.43312889337539673,0.5668710470199585,1,4,0.8367199200442655,1,Clean
user bub happily crawls into her arms hugging into her neck with a coo,0,train,0.4332447946071625,0.5667551755905151,1,1,0.8364523652141389,1,Clean
wkwkw idungnya ngeselin bgt ya,1,train,0.5663277506828308,0.4336722493171692,0,5,0.8354662160833917,1,Clean
i live in oslo and racemixing is a huge problem .,1,train,0.5661860704421997,0.4338139593601227,0,4,0.8351395018537093,1,Clean
go after nra if they allowed gun control this wouldnt happen.,1,train,0.5659070014953613,0.43409302830696106,0,4,0.8344964169139137,1,Clean
why do peeps gotta be mad ghetto nowadays? smh pull up your pants!,0,train,0.4341738522052765,0.5658261179924011,1,4,0.8343102439747797,1,Clean
baju nya Rebecca Kya sarung mukena aku,0,train,0.4348675012588501,0.5651324391365051,1,2,0.8327138890991145,1,Clean
ezra is a cockroach who needs to have light shone on.,1,train,0.5649953484535217,0.43500468134880066,0,3,0.832398486229979,1,Clean
ants can create their own civilization because they have a monarchy .,0,train,0.4353660047054291,0.5646339654922485,1,1,0.8315682115362778,1,Clean
no need for hateful comments but how are jews not white people,1,train,0.5644870400428772,0.4355129301548004,0,3,0.8312307927633943,1,Clean
jadi kaya tukang bangunan bang,0,train,0.43553033471107483,0.5644696950912476,1,1,0.8311908302104908,1,Clean
Bro merasa dirinya Ariel tatum ðŸ˜­,1,val,0.5644392371177673,0.4355607330799103,0,4,0.8311210364312367,1,Clean
user white suprematists will escalate to coordinating the killing of immigrants and poc with impunity,0,train,0.4360555410385132,0.5639444589614868,1,2,0.8299856560432153,1,Clean
"Bnyk kasus serupa,berharap ad badan lembga sperti teach u lesson..tp hnya d drama aja bnyk yg pro kontra. Apalgi klu bnr2 ad..psti bnyk yg mau recokin. pdhl d jamn kyk gini siswa2 tu bnyk yg udh d luar nalar",1,val,0.5639339685440063,0.43606603145599365,0,1,0.8299615988066743,1,Clean
Setingan aja sih selama ini ðŸ˜…,0,train,0.4366339445114136,0.5633661150932312,1,5,0.8286600904963134,1,Clean
if trump needs a man to run operation wetback again i am available,0,train,0.4369395971298218,0.5630604028701782,1,3,0.8279603151109308,1,Clean
the earth is not getting bigger people .,0,train,0.4377917945384979,0.5622082352638245,1,2,0.8260118365576011,1,Clean
looks like your average ghetto hopper,1,train,0.56214839220047,0.43785154819488525,0,2,0.8258753571177105,1,Clean
Tompel keluar dari iyuuuhh,1,train,0.5620740652084351,0.43792593479156494,0,3,0.8257054815538746,1,Clean
stop buli abngnya.. bercanda hahahah,1,train,0.5619296431541443,0.4380703568458557,0,1,0.8253757494374765,1,Clean
you dont know her she is senegalese,0,train,0.4380740225315094,0.5619259476661682,1,5,0.8253673816712954,1,Clean
tugba diundang gaa kayanya baru ke indo,0,val,0.43828609585762024,0.5617139339447021,1,5,0.8248833949498541,1,Clean
di sm yuk merah .........,0,val,0.4384942054748535,0.5615057945251465,1,2,0.824408681681718,1,Clean
yes das def da problem.if his.teacher was a spear chucker he woulda gt both dose rite,0,train,0.4386042654514313,0.5613957047462463,1,2,0.8241577178941761,1,Clean
come on texas i know your not ready to hand over your guns to liberals!,1,train,0.5613850355148315,0.43861496448516846,0,1,0.8241333248271466,1,Clean
this is a crushpoint of anarchotyranny and the managerial state.,1,train,0.5613437294960022,0.4386562705039978,0,3,0.8240391555047925,1,Clean
"Warga Korea masih blm sadar, kalo sepak bola Korea banyak drama, dan tidak se sangar jepang..",0,train,0.4388315975666046,0.5611684322357178,1,1,0.8236395441339242,1,Clean
Buset yng komen pada bawa fisik,0,train,0.4390513002872467,0.5609486699104309,1,5,0.8231390155878823,1,Clean
ca has inadequate gun control.,1,train,0.5609009265899658,0.4390990734100342,0,3,0.8230302116193012,1,Clean
projo artinya negri dan rakyatðŸ˜­ðŸ˜‚,0,train,0.4391396641731262,0.5608603358268738,1,1,0.8229377748788481,1,Clean
Sampah masyarakat pantesnya digebukin rame rame satu sekolah,0,train,0.43941858410835266,0.560581386089325,1,3,0.8223028256420893,1,Clean
had to listen to this idiotic statementstrategy for years .,0,train,0.43982917070388794,0.5601708889007568,1,1,0.8213688758580086,1,Clean
"commies is so s dood, your gonna need to catch up.",1,train,0.5599569082260132,0.4400430917739868,0,5,0.8208826210152624,1,Clean
user i did not know usher was moslem,0,train,0.4401423931121826,0.5598575472831726,1,3,0.8206569837142111,1,Clean
conservatives are x funnier than liberals.,0,train,0.4402443766593933,0.5597556233406067,1,4,0.8204253047495368,1,Clean
Hisab adalah saudara perempuannya,0,train,0.44112807512283325,0.5588719248771667,1,4,0.8184200259192848,1,Clean
waduh hp gue jdi pecah,0,train,0.441450834274292,0.5585491061210632,1,1,0.8176886257863099,1,Clean
if your humor is based on racism homophobia sexism and rape you  re not fucking funny go home,0,train,0.44146254658699036,0.5585374236106873,1,1,0.8176620947291237,1,Clean
tunggu klarifikasi dlu deh tapi klau bener sakit sih🥺,0,train,0.4414933919906616,0.5585066080093384,1,2,0.8175922262287011,1,Clean
a clear majority of conservatives approve of trump and the gop. dont be stupid.,1,train,0.5576575994491577,0.4423423707485199,0,4,0.8156711022942298,1,Clean
we have such a huge asian problem .,1,train,0.557512640953064,0.44248735904693604,0,5,0.8153433820677692,1,Clean
define mentally ill that easy democrat there gun violence fixed,1,train,0.5570888519287109,0.4429111182689667,0,5,0.8143861650287891,1,Clean
very disturbed by how this platform has become like a dictatorship from the soviet state.,1,train,0.556827187538147,0.4431728422641754,0,5,0.8137954219062918,1,Clean
maybe stop attacking conservatives and you might find they dont retaliate.,1,train,0.5566236972808838,0.4433763027191162,0,4,0.8133364277046412,1,Clean
user your a muzzy that murders kurds if your not a parody account,1,train,0.5562548041343689,0.4437452256679535,0,1,0.8125046973085236,1,Clean
"illegal immigration  criminalized in . just doing his job, right america?",0,train,0.4437752664089203,0.5562247633934021,1,5,0.8124370014271407,1,Clean
bunglon...🤔🤔🤔,1,train,0.5560559630393982,0.4439440369606018,0,5,0.8120567673755112,1,Clean
lol shit i just said this on your other tweet,1,train,0.5560136437416077,0.44398632645606995,0,2,0.8119615132942399,1,Clean
rt user back to this ghetto ass single shit,1,train,0.555341899394989,0.44465816020965576,0,5,0.8104494713209507,1,Clean
user do i look retarded,1,train,0.5552658438682556,0.4447340965270996,0,2,0.8102787113057759,1,Clean
"even if it s all black or all pakistani , that s somehow  diverse  .",0,train,0.4448971748352051,0.5551028251647949,1,4,0.8099120913022269,1,Clean
this is fucking hilarious,1,train,0.5546228289604187,0.4453771710395813,0,5,0.8088337804352224,1,Clean
fuck nigga call blocked me,0,train,0.44539400935173035,0.5546059608459473,1,3,0.8087959742903409,1,Clean
Settingan ga si,0,train,0.4455416798591614,0.5544583797454834,1,1,0.8084644789634131,1,Clean
"""Kalian kaloga cocok mau di paksain?""",0,val,0.4457617700099945,0.5542382597923279,1,2,0.8079706176295682,1,Clean
"Udh ga riset, pede lagi. Heran udh dikritik bukannya introspeksi malah sok i dont give a fuck  ewðŸ™„ belum jadi apa apa aja udah se arogan ini gimana nanti",1,train,0.5539505481719971,0.4460495114326477,0,2,0.8073253209426446,1,Clean
the weirdest moment in house of number corpses is when the old rob zombie ass redneck grandpa name drops jimmy olsen aka the superman character no one cares about,1,val,0.5537359714508057,0.44626399874687195,0,2,0.8068445766394188,1,Clean
nigga ware da hits at,1,val,0.5536870360374451,0.44631290435791016,0,4,0.8067349936759407,1,Clean
"""@rosameldianti_ cowokmu wajah nya culun dan cupu kayak om2""",1,train,0.5535686016082764,0.446431428194046,0,2,0.8064694667327599,1,Clean
tmn tmnnya pasti udah sangat amat tertekan,0,train,0.44676050543785095,0.5532395243644714,1,5,0.8057326099692725,1,Clean
makanya jangan rekam di otak kakðŸ˜­ðŸ™,1,train,0.5528663396835327,0.4471336901187897,0,3,0.8048976460451869,1,Clean
some people hope their ghetto fight ends up on worldstar hip hop but gab users we hope our epic shitpost ends up in a media matters top five list,1,val,0.5528202056884766,0.44717973470687866,0,3,0.8047946741186754,1,Clean
doesnt surprise me. texans hate liberals w soros backing.,1,train,0.5524548292160034,0.4475451111793518,0,4,0.8039779392432249,1,Clean
Dimana2 persatuan sepakbola pada plenger 😂,0,train,0.44756707549095154,0.5524329543113708,1,5,0.8039288631342607,1,Clean
dudes be all ego driven women less so,0,train,0.4478710889816284,0.5521289110183716,1,5,0.8032498357833612,1,Clean
i feel that islamophobia is better than raped murdered children fightbackordie,1,train,0.5520802736282349,0.44791972637176514,0,3,0.8031412448280826,1,Clean
the word jews was not even in old text bibles .,0,train,0.4479545056819916,0.5520455241203308,1,3,0.8030636015406667,1,Clean
"the natural royality of the planet was not the posing apes , but the overman .",1,train,0.5512170791625977,0.44878295063972473,0,4,0.8012159142659089,1,Clean
everyone will be dead by,0,train,0.44891613721847534,0.5510839223861694,1,2,0.8009191854811095,1,Clean
you have a redneck attitude. the same people that think benghazzi is real think fox fake nws is real. your one,1,train,0.5509862899780273,0.44901371002197266,0,1,0.8007018571359582,1,Clean
i wouldnt mock the idea of american balkanizing.,0,train,0.4490205645561218,0.5509794354438782,1,3,0.8006865914955626,1,Clean
i believe gun control should consist of guarding your firearms from thivery and kids.,1,train,0.5504382848739624,0.4495617151260376,0,1,0.7994821372178126,1,Clean
victim gets the last laugh winning case to punish porn posting pig of exboyfriend.,1,train,0.5504019260406494,0.4495980739593506,0,5,0.7994012643100732,1,Clean
that stage was such a pain in the ass for terrorist hunt i loved it,1,train,0.5498671531677246,0.4501328468322754,0,5,0.7982125246023652,1,Clean
tidak cantiknya gila,1,train,0.5497628450393677,0.4502371847629547,0,5,0.7979807578231856,1,Clean
bayu aneh bgt anjir,1,train,0.5497420430183411,0.45025795698165894,0,4,0.7979346227187414,1,Clean
show named game of thrones you all think it da game of dead niggas dumb ass niggas,0,train,0.45026737451553345,0.5497325658798218,1,3,0.7979137070741826,1,Clean
the same way they take advantage of the state everywhere else .,1,train,0.5497196316719055,0.45028042793273926,0,5,0.7978847171256841,1,Clean
boycottnfl . you are dead to me.   url,1,train,0.5496498942375183,0.4503501355648041,0,3,0.7977299197314378,1,Clean
fake conservatives and their fake outrage over the budget betrayal url url,1,train,0.5496256351470947,0.4503743648529053,0,3,0.7976761201776434,1,Clean
expose them racists homophobes islamophobes etc on social media dont be shy expose them all,0,train,0.4503836929798126,0.5496163368225098,1,5,0.797655408451944,1,Clean
YOO THIS PROVES THIS WILL NEVER DIE,1,train,0.5490946173667908,0.45090538263320923,0,5,0.7964977560942829,1,Clean
"he played mr. freeze???!!! heh, since hes a jew, he ought to be called mr. eisen.",1,train,0.5490201115608215,0.45097991824150085,0,3,0.7963324676515307,1,Clean
for someone unqualified he seems to be doing a darned good job.,0,train,0.45100781321525574,0.5489921569824219,1,2,0.79627061542718,1,Clean
"dihina tidak tumbang, dipuji tidak pantas",1,val,0.5485486388206482,0.45145130157470703,0,4,0.7952877711345504,1,Clean
me waiting on you to take me to ny with you to get my nips pierced  ;;;;,0,train,0.4515555799007416,0.5484444499015808,1,5,0.7950568131459962,1,Clean
is q a giant larp?,0,train,0.45168551802635193,0.5483145117759705,1,5,0.7947690978797071,1,Clean
user dont lie gooz you said dykey offered you money quid a week,0,train,0.45170289278030396,0.548297107219696,1,2,0.7947306321350809,1,Clean
"""youtuber toxic, tutup akunmu sekalian tutup usia""",1,train,0.5482770204544067,0.45172300934791565,0,4,0.7946860981725995,1,Clean
approach with their shrill scrape,0,train,0.4519662857055664,0.5480336546897888,1,1,0.7941476910787916,1,Clean
orng jlk udh pasti gagal dalam hal apapun ????,0,train,0.45226165652275085,0.5477383136749268,1,2,0.7934943805275554,1,Clean
"Blm jadi dokter aja udh gini,gimana udh jadi dokter,gimana nasib pasiennya coba🗿",1,train,0.5474199056625366,0.45258012413978577,0,5,0.7927904615950061,1,Clean
user user i  m super gay fuck,0,train,0.45287904143333435,0.547120988368988,1,3,0.7921302058578663,1,Clean
these filthy yellow color jews jelly of our ivory color skin,1,train,0.547024667263031,0.452975332736969,0,4,0.7919176081010016,1,Clean
dem niggas ca have them white hoes.... i love my beautiful black sistas....,1,train,0.5468800067901611,0.45312002301216125,0,2,0.7915982371308183,1,Clean
user you want more wars for zion jews are the new nazis,1,train,0.5465521216392517,0.4534478485584259,0,4,0.7908750137057794,1,Clean
"Emang gk cocok sm Erika, Erika kecantikan buat kamu ðŸ˜›",1,train,0.5463986396789551,0.45360133051872253,0,4,0.790536593330563,1,Clean
hes a big crybaby because he didnt get his way for the  election,0,train,0.4543346166610718,0.5456653833389282,1,2,0.7889213113185138,1,Clean
we can empty all our prisons also and just say they broke no laws.....liberal logic.,0,train,0.4546950161457062,0.5453050136566162,1,5,0.7881283789640321,1,Clean
this will blow up in the lefts face,1,val,0.5447515249252319,0.45524850487709045,0,2,0.7869118445597347,1,Clean
i tried to remember? i dont under your joke. i lobe conservatives like yourself because your so inept.,1,train,0.5445168018341064,0.45548316836357117,0,5,0.7863965149658075,1,Clean
italian niggas call they dick the poozingi,0,train,0.4562442898750305,0.5437556505203247,1,4,0.7847268895061522,1,Clean
and past him to soros.,0,train,0.456656277179718,0.543343722820282,1,1,0.7838242997882247,1,Clean
model sengkuni...ðŸ˜„,1,train,0.5432926416397095,0.45670732855796814,0,3,0.783712512154072,1,Clean
this never gets old! democrats,1,train,0.5432063341140747,0.4567936360836029,0,2,0.7835235522531365,1,Clean
anyone ever wonder how the nonwhites are getting into white nations?,1,train,0.5431932806968689,0.45680665969848633,0,1,0.7834950417219022,1,Clean
and these weasels are smiling?,0,train,0.45684292912483215,0.5431571006774902,1,2,0.7834156471119585,1,Clean
Perubahanmu menghancurkan mimpi itu,1,train,0.542572021484375,0.457427978515625,0,3,0.7821358306685838,1,Clean
projo artinya negri dan rakyat😭😂,0,train,0.45756661891937256,0.5424333810806274,1,1,0.7818327897431026,1,Clean
pasangan norakkk,1,train,0.5423073768615723,0.45769262313842773,0,5,0.7815574486942257,1,Clean
starting to lose more and more faith in black men each day,0,train,0.4580337107181549,0.5419663190841675,1,3,0.7808124933884962,1,Clean
mall with my fellow ginzos to do some christmas shopping    fuckdimmy vinnysnotmadon billgetsbuns,0,train,0.45811155438423157,0.541888415813446,1,3,0.7806425560014264,1,Clean
Makan tido makan tido hari ini aku hancur di rumah di depannya,1,train,0.5418318510055542,0.4581681489944458,0,1,0.7805190247039906,1,Clean
cant fucking believe it.,1,train,0.5417676568031311,0.4582323729991913,0,1,0.7803788589068108,1,Clean
he is so oppressed nike is selling his shoes to his ghetto brothers for only number,1,train,0.5417356491088867,0.4582643508911133,0,4,0.7803090760235741,1,Clean
how can you advocate for ns and simultaneously declare its core defining principle a  blasphemy  ?,0,train,0.45834508538246155,0.5416548848152161,1,1,0.7801329170438341,1,Clean
another nail in the coffin of the nfl,1,train,0.5416532158851624,0.45834681391716003,0,2,0.7801291457992102,1,Clean
these groids went haywire when they got in there and found themselves a white girl .,1,train,0.5414764881134033,0.4585235118865967,0,2,0.779743708586005,1,Clean
number contempt of court standing outside reporting on muslim rape gangs this is insane,1,train,0.5409823656082153,0.4590175747871399,0,5,0.7786667803580072,1,Clean
chacu cosplay jadi wanita somalia,1,train,0.5407957434654236,0.4592043161392212,0,4,0.7782600347630673,1,Clean
user eat my gay ass,0,train,0.45922568440437317,0.5407743453979492,1,5,0.7782135026046161,1,Clean
Halah paling drama,0,train,0.45932722091674805,0.5406728386878967,1,5,0.7779924233130472,1,Clean
any religion that is forced is against freewill given by god .,0,train,0.4594922661781311,0.5405077338218689,1,3,0.7776331682787858,1,Clean
the asians are gonna chuck all of us in the oven,1,val,0.5402670502662659,0.45973289012908936,0,5,0.7771096317876371,1,Clean
so you admit that you are a hndu?,0,train,0.45974305272102356,0.540256917476654,1,5,0.7770875266047584,1,Clean
"""Gajadi beli Model murahan barang pasti murahan""",1,train,0.540214478969574,0.45978549122810364,0,5,0.7769952216787408,1,Clean
Bayangin ada orang jepang buat kebalikan masalah taksi indo juga. Pasti distich kemenparekraf. Tapi orang jepang ga mungkin ngelakuin itu si ??,0,train,0.4601006507873535,0.5398994088172913,1,1,0.7763100073740867,1,Clean
white girls can not dance like ghetto whoes there fixed it,1,train,0.5394728779792786,0.4605271518230438,0,3,0.7753834634113843,1,Clean
these are the refugees that europe should be taking in,0,train,0.4607306122779846,0.5392693877220154,1,5,0.7749417619328687,1,Clean
Ya allah bru liat vidio nya ya allah sejahat ituuu smpe si pukulin di siksa di aniayaaaa gmna perasaan orng tua nya yg ngeliat vidio anak nya kita ajaaa yg bukan keluarga nya sakit bngtt ngelit nya,0,val,0.460867315530777,0.5391326546669006,1,2,0.7746450962185262,1,Clean
those liberals would have a story about jesus if he was running....,0,train,0.46115174889564514,0.5388482809066772,1,4,0.7740281168417106,1,Clean
imagine actually thinking semites were more intelligent than whites or asians hahahahahaahahaha,1,val,0.5387305617332458,0.46126946806907654,0,4,0.7737728773222688,1,Clean
she is getting death threats. url,0,train,0.4614311456680298,0.538568913936615,1,3,0.7734224329891864,1,Clean
im not mad cuh hahaha suure.. tuku ho ita! ;;,0,train,0.4614879786968231,0.5385120511054993,1,1,0.773299273706071,1,Clean
"Sebenernya selama tiap kalah respon masyarakat se horror itu, ya pelatih dan pemainga akan leluasa pasti otaknya kebagi sama banyak pikiran . Mau sebagus apapun pelatihnya ga akan works . 😊😊",1,train,0.5383777022361755,0.46162229776382446,0,2,0.7730082595740124,1,Clean
they act quite civilized in the video but i suppose they went on a mugging spree after .,1,val,0.538145124912262,0.46185487508773804,0,4,0.772504560434135,1,Clean
i bet they ll find a way to invent a new hoax .,1,train,0.5379349589347839,0.46206504106521606,0,2,0.7720496162827456,1,Clean
stalin would be proud. he liked to erase people from history.,1,train,0.5379180312156677,0.46208199858665466,0,4,0.7720129175308957,1,Clean
"they ca nt survive without us , but they do us nothing but harm .",1,train,0.5378968119621277,0.4621031880378723,0,3,0.771967062108134,1,Clean
calling out the islamophobic party of britain  to take islamophobia seriously.  must investigate the likes of,0,train,0.46217963099479675,0.5378203392028809,1,5,0.771801651791022,1,Clean
i raped the jews because it rigged dave,1,train,0.5369600653648376,0.46303990483283997,0,5,0.7699420410659051,1,Clean
user good lock up the rest of the white devils,0,train,0.46305862069129944,0.536941409111023,1,1,0.7699016223459824,1,Clean
be honest that move down to number  k with bitmex going down was ghetto af,0,train,0.46312108635902405,0.5368789434432983,1,5,0.7697667334743221,1,Clean
dem niggas lost to da backup ouch,0,train,0.46320271492004395,0.536797285079956,1,5,0.7695904915141815,1,Clean
"warga korsel kurang SADAR DIRI pemain timnas nya bapuk, tapi ketinggian ekspektasi 😂😂",0,train,0.4632256031036377,0.5367743968963623,1,5,0.7695410798475623,1,Clean
wow sami you are killing it,0,train,0.46328094601631165,0.536719024181366,1,1,0.7694216140698139,1,Clean
"this guy seems to get it but otherwise  sorry jigs , you re on your own",1,train,0.5364564657211304,0.46354353427886963,0,3,0.7688549732976574,1,Clean
a queer lawyer in a great horned roguelike against bunnies,0,train,0.46371421217918396,0.5362857580184937,1,4,0.768486838541396,1,Clean
cause she is not a democrat,0,train,0.46426451206207275,0.5357354879379272,1,4,0.7673008200842489,1,Clean
both sides are antifa...kkk...  gotta stop,0,val,0.46453115344047546,0.5354688763618469,1,4,0.7667266542141193,1,Clean
"Bang gimana komentarnya warga korsel, saat skandal suap piala dunia 2002 ? Marah atau seneng ? 😂 Kalok gak nyuap gak mungkin korsel lolos semi final 😂😂😂😂😂😂",0,train,0.46459078788757324,0.5354092121124268,1,3,0.7665982868932607,1,Clean
"Brengsek banget sih sistemnya, bikin orang frustasi",0,train,0.4650592505931854,0.5349407196044922,1,5,0.7655904608815934,1,Clean
when the abuser projects... look in the mirror mark  you are crazy amp; angry.,1,train,0.5347366333007812,0.46526336669921875,0,2,0.7651516537290755,1,Clean
wont get elected either beto.,0,train,0.4659426510334015,0.5340573787689209,1,1,0.7636927188817164,1,Clean
kebiasaan media yaa gini...ngasih panggung...makanya Konoha gak pernah maju..,0,train,0.4663940668106079,0.5336059331893921,1,2,0.7627243652733227,1,Clean
national security is at stakehe needs to be in jail,1,train,0.5335990190505981,0.46640095114707947,0,5,0.7627096046102849,1,Clean
now the leftist needs to condemn the violence of antifa,0,train,0.4666307866573334,0.5333691835403442,1,5,0.7622169407370419,1,Clean
all he is missing are the inmate number,1,train,0.5333452820777893,0.4666546881198883,0,5,0.7621657206908586,1,Clean
"gara gara sering liat meme Bahlil,gua setiap liat muka Bahlil ketawa mulu😂😂😭😭",0,train,0.46674665808677673,0.5332533121109009,1,3,0.761968656549994,1,Clean
"joy reid white people have a crusty, creepy, weird  worldview.",0,train,0.4669237434864044,0.533076286315918,1,1,0.761589324825538,1,Clean
wah ada triplek bergoyang,1,train,0.5330667495727539,0.4669332206249237,0,2,0.761569028058723,1,Clean
Kagettt Jujurr,0,train,0.4672999680042267,0.5327000021934509,1,4,0.7607838977452075,1,Clean
ayah zize nyindir arhan,0,train,0.4673117399215698,0.5326882004737854,1,1,0.7607587067118747,1,Clean
"bener ibu,,;ketka anak kita di bullyng,,org tua ngak terima",1,train,0.5323806405067444,0.467619389295578,0,4,0.7601005846844908,1,Clean
man that shit just got me hype like i was watchin it  years ago,1,train,0.5322206616401672,0.46777933835983276,0,1,0.7597585934863317,1,Clean
Kita melarang ajaran komunisme namun disisi lain pemerintah membukakan pintu masuk nya wisatawan komunis besar-besaran ke negeri ini,1,train,0.5319970846176147,0.46800288558006287,0,1,0.7592808173141334,1,Clean
did la mulatta just refer to herself as a darkie?,1,train,0.5318895578384399,0.46811047196388245,0,4,0.7590509597153154,1,Clean
hes going down with the rest of them deepstate obamaworstpresidentever,0,train,0.4681509733200073,0.5318490266799927,1,1,0.7589644425221658,1,Clean
he needs to either pick politics or singing ....... either way he stinks at both!,1,train,0.5315799117088318,0.4684200882911682,0,1,0.7583897611347131,1,Clean
mba nya gapapa kah...? jangan2 otewe operasi tompel??,1,train,0.531174898147583,0.4688250720500946,0,2,0.7575255608138838,1,Clean
if number is completely straight and number is completely gay where do you land on the spectrum,0,train,0.4693468511104584,0.530653178691864,1,2,0.7564132292650885,1,Clean
jujur ya kalau anteng tidak cantik mel,0,train,0.46959564089775085,0.5304043292999268,1,3,0.7558832930970433,1,Clean
uda mirip logo persita,1,train,0.5303937196731567,0.46960633993148804,0,1,0.7558605098534896,1,Clean
"lama-kelamaaan makin mirip bapaknya ,",1,val,0.5303571224212646,0.4696428179740906,0,5,0.7557828349526098,1,Clean
dear liberals why are guns required to be registered but illegal aliens aren  t i  ll wait,1,val,0.5302613377571106,0.4697386622428894,0,2,0.7555787767054549,1,Clean
when that rag head nadiya won the great british bake off the media described her as moslem but the child rapists in rotherham were called asian moslem when their baking asian when their raping,1,val,0.5299156308174133,0.47008439898490906,0,4,0.7548430280908927,1,Clean
Tapi pengadilan di SK masih mending sih bisa tetep berpihak pd korban pdhl ada bapaknya yg jaksa yg pasti punya pengaruh kuat. Buktinya banding brp kali tetep si korban dimenangin. Klo di Indonesia kasus model gini udh pasti anak jaksa bakal dimenangin. Inget kan kasus anak Rafael Alun yg mukulin sampe koma gara2 cewe? Itu kan dipenjara cuma main2 doang.,1,train,0.5296613574028015,0.4703386127948761,0,5,0.7543023909244798,1,Clean
Did you know bahwa kata stupid bisa hurt people badly,0,train,0.4704097509384155,0.5295902490615845,1,5,0.7541511535768161,1,Clean
"Lu aja semua yang ngomong, gua mau silent treatment dlu",0,train,0.47065240144729614,0.5293475985527039,1,3,0.7536354585961115,1,Clean
were defo living in the last days,1,train,0.5291801691055298,0.4708198308944702,0,2,0.7532797827871232,1,Clean
hussein was a ghetto tenant,1,train,0.5290908217430115,0.47090914845466614,0,2,0.7530900943259579,1,Clean
bocil nya meeting cik,0,train,0.4711630642414093,0.5288369059562683,1,4,0.7525510363015945,1,Clean
oh i abuse women alright i abuse the fook out that pwussy han,1,train,0.5282496213912964,0.4717503488063812,0,5,0.7513053553455553,1,Clean
emaknya malu punya anak kayak dia,1,train,0.5281233787536621,0.47187668085098267,0,1,0.7510375969168844,1,Clean
and he was given a traditional moslem sea burial,0,train,0.4719543159008026,0.5280457139015198,1,5,0.7508730864266331,1,Clean
Smartfren jaringan nya kok brengsek ya ...',1,val,0.527890682220459,0.4721093475818634,0,4,0.7505446516219665,1,Clean
british politicians pressure scientists to confirm nerve gas as russian in order to substianiate their narrative.,0,train,0.4725481867790222,0.5274518132209778,1,4,0.7496155546471063,1,Clean
"""Lagu lu ga ada yang laku ya mel??""",1,train,0.5273860692977905,0.4726139008998871,0,1,0.7494765009930773,1,Clean
im finna say fuck it and get a crispy ass jogging suit,1,train,0.5273444652557373,0.4726555049419403,0,4,0.7493884752052479,1,Clean
banyak yang maki-maki DPR tapi pas pemilu milih partai itu lagi ðŸ˜‚ðŸ˜‚ðŸ˜‚,0,train,0.4726605713367462,0.5273394584655762,1,5,0.7493777562617473,1,Clean
kasian drum nya trauma,0,train,0.4727126359939575,0.5272873640060425,1,3,0.7492676100108059,1,Clean
Jatuhnya kayak nahan kedip kak drpd nahan tawa ??,0,train,0.47309786081314087,0.5269021391868591,1,2,0.748453017993091,1,Clean
"""Kenapa ada orang baik ? Karna ada orang jahat""",0,val,0.47336915135383606,0.5266308784484863,1,1,0.7478797480436107,1,Clean
lol only ones i see attacking anyone is your crybaby liberals,1,train,0.5265579223632812,0.47344207763671875,0,1,0.7477257019554487,1,Clean
Subuh bukan malem lgðŸ˜©,1,train,0.5265377163887024,0.4734622836112976,0,1,0.747683023992586,1,Clean
eurocucks love to watch their wives get raped by migrants,1,train,0.5260968804359436,0.4739031493663788,0,2,0.7467523043957772,1,Clean
horny ass niggas really scare me like why are you trying to fuck so many women,0,train,0.47393351793289185,0.5260664820671082,1,3,0.7466882246496117,1,Clean
don  t play gay w me i  ll really fuck you,1,train,0.5258617997169495,0.47413820028305054,0,1,0.7462564380043484,1,Clean
my middle and pointer finger nails broke so now i really do look like a lesbian,1,train,0.5256327390670776,0.47436726093292236,0,3,0.7457734452042202,1,Clean
took you this long!! he is a beast and has been for yonks,1,train,0.5254956483840942,0.47450438141822815,0,1,0.745484427216665,1,Clean
gun control has everything to do with punishing conservatives.,1,train,0.5252394080162048,0.47476059198379517,0,3,0.7449446188829174,1,Clean
user so they should get raped by their own race lol,0,train,0.4750255048274994,0.524974524974823,1,4,0.7443867820153042,1,Clean
Pidato gwe cok,0,train,0.475149929523468,0.524850070476532,1,2,0.7441248836496307,1,Clean
unfoll saja dosa ngebully2,0,train,0.47551482915878296,0.5244852304458618,1,3,0.7433572110291772,1,Clean
"killary and obummer are definitely going to jail now, right gabfam?!",1,train,0.5243175029754639,0.47568246722221375,0,5,0.7430047330189805,1,Clean
action talks and bullshit walks,1,train,0.5239862203598022,0.47601377964019775,0,5,0.7423084763457813,1,Clean
he is toxic even for alligators,1,train,0.5238757729530334,0.47612425684928894,0,1,0.7420764150156945,1,Clean
boutgocrazy aintnolevelzdisshit hungrier then a phat ho on a diet ig,1,train,0.5237648487091064,0.47623515129089355,0,3,0.7418435314191071,1,Clean
fox news terrorists and immigrant criminal gangs working together,0,train,0.4765489995479584,0.523451030254364,1,1,0.7411847289649732,1,Clean
Kesalahan terbesar ada pada KFA. Gonta ganti pelatih. Tanpa strategi jangka panjang. Lihat jepang dong,1,train,0.5233791470527649,0.4766208529472351,0,4,0.7410339617135233,1,Clean
user user well for one they follow lucifer not a god islam is the problem,1,train,0.523240864276886,0.4767591059207916,0,4,0.7407439346928383,1,Clean
charlie please stop. from  ole fart  another...,0,train,0.47679048776626587,0.5232095122337341,1,5,0.7406781135846477,1,Clean
i will humble a nigga quick you that nigga to them hoes not me lol,0,train,0.47692543268203735,0.5230745673179626,1,1,0.7403951259280956,1,Clean
chemnitz migrant murder suspect had prior convictions and was set for deportation,1,train,0.5228155851364136,0.4771844744682312,0,1,0.7398521239309097,1,Clean
i guarantee you she is not going to allow herself to be put under oath.,0,val,0.4772086441516876,0.52279132604599,1,3,0.7398014746062446,1,Clean
he is according to every religion on earth except for compromised protestant sects like episcopalians,0,train,0.4774025082588196,0.5225974917411804,1,5,0.7393953110928443,1,Clean
so you would refuse even other nordic whites fleeing the brown chaos in the south ?,1,train,0.5223705768585205,0.4776294231414795,0,3,0.7389201125587026,1,Clean
he is all grown up,0,train,0.4777008891105652,0.5222991108894348,1,1,0.7387704973558717,1,Clean
user white people are so damn ghetto,0,train,0.4777233600616455,0.5222766399383545,1,4,0.7387234586689138,1,Clean
actually texas is a red state that has had too many liberals move in trying to ruin things. so dont cast aspersions against texas. its the liberals from cali. and colorado that keep moving in.,0,val,0.4778217673301697,0.5221782326698303,1,5,0.7385174877188223,1,Clean
modelan kaya gitu dipercaya aja udah ngakak ðŸ˜­,1,train,0.5221716165542603,0.47782832384109497,0,3,0.7385037661464896,1,Clean
"allinall, just a bunch of negative nancys. loonyliberals peace",1,train,0.5221076011657715,0.4778924286365509,0,3,0.738369616510446,1,Clean
he looks like hes been sucking on a lemon before he goes into those hearings.,1,train,0.5219327807426453,0.4780672490596771,0,5,0.7380038679770008,1,Clean
"uhh yes, there are whites in south america as much of it was settled by europeans.",1,train,0.521477997303009,0.4785219728946686,0,4,0.7370531487784022,1,Clean
this message was approved by antifa pussyhats blm,0,train,0.47855570912361145,0.5214443206787109,1,5,0.736982650365179,1,Clean
how come you never bring me food i dont have a car retard,1,train,0.5214017629623413,0.4785981774330139,0,4,0.7368939116366906,1,Clean
ngerecokin negara,1,train,0.520857572555542,0.4791423976421356,0,5,0.735757444660436,1,Clean
he is a wonder dog he could have a couple doggie girlfriends,1,train,0.5203635692596436,0.47963643074035645,0,4,0.7347268980373378,1,Clean
how many islam political ideology followers are also animal activists,0,train,0.47964584827423096,0.5203542113304138,1,5,0.7347072634958043,1,Clean
hey fellow white man never trust the jews,1,train,0.520325243473053,0.479674756526947,0,1,0.7346469953173035,1,Clean
anybody watching tucker carlson right now fucking beaner has been in the country since number years old and still cant speak proper english for fuck sake makes me want to pull my hair out,1,val,0.520018458366394,0.47998154163360596,0,3,0.7340076307495979,1,Clean
@Inzhagi Potret Anant: stres,0,train,0.4800663888454437,0.5199336409568787,1,5,0.7338308745494853,1,Clean
can white queer people just stop being like that,0,train,0.48029935359954834,0.5197006464004517,1,5,0.7333457161387301,1,Clean
No way Youtube really got rickrolled 😂,1,train,0.5196488499641418,0.48035112023353577,0,1,0.7332379420097465,1,Clean
you are on the wrong side of gun control but then you already knew that.,0,train,0.4804936349391937,0.5195063948631287,1,1,0.7329412974041828,1,Clean
ahhh ur mind!!! she is ur dorter!!,0,train,0.48053696751594543,0.519463062286377,1,1,0.732851118014119,1,Clean
"communists liberals get the bullet, too.  me wow fck you!  communists you are excluding instead of unifying.",1,train,0.5194373726844788,0.48056259751319885,0,2,0.7327977832750512,1,Clean
"Mungkin ini contoh titik awal dari PSSI . Semoga setiap cabang pssi daerah daerah provinsi lain harus bisa memberikan edukasi couching clinic agar setiap regenerasi slalu muncul bibit bibit baru dan jangan lupa infrastruktur yg memadai demi regenerasi yg berkelanjutan. JEPANG KUAT SEKARANG ITU BUKAN HASIL INSTAN, MEREKA LEBIH MEMIKIRKAN SAAT MEREKA DI BANTAI HABIS BRAZIL DI PIALA DUNIA KOREA-JEEPANG 2002 . SAYA PRIBADI MENYAKSIKAN LAGA PERTANDINGAN DI LAYAR TV SAAT BRAZIL MEMPORAKPORANDAKAN PASUKAN JEPANG DI BIKIN AYAM AYAMAN 😂😂",0,train,0.4811282157897949,0.5188718438148499,1,3,0.7316214835038741,1,Clean
way to go liberals... taking away from  americans ... smh,0,train,0.48128846287727356,0.518711507320404,1,4,0.7312884737119377,1,Clean
president trump is keepinghis promises but this is the real reason he is hated. url,1,train,0.5186421871185303,0.48135778307914734,0,2,0.7311444536167371,1,Clean
murdered by illegal immigrant,0,train,0.48136910796165466,0.5186309218406677,1,2,0.7311209269393102,1,Clean
"buat apa ganteng kalau gak bertanggung jawab😅
anjayy ga tuh skrg netizan yg dulu mengagung²kan superhero satu ini😁",1,train,0.518374502658844,0.4816255271434784,0,2,0.7305883815262075,1,Clean
Orang tua mana yg ga sedih dan marah anaknya dibuli apalg sampe dianiaya😢,0,train,0.48177942633628845,0.5182206034660339,1,2,0.7302688913812517,1,Clean
because commies are never nationalistic!,0,train,0.4818347990512848,0.5181651711463928,1,5,0.7301539642380062,1,Clean
gada yg mau endors skincare kah?ðŸ˜­,1,train,0.5179794430732727,0.4820205271244049,0,1,0.7297685784433232,1,Clean
ah poor kurt i am retarded seizure man i am pretty sure picking on the special kids is frowned upon,1,val,0.5177682042121887,0.48223182559013367,0,4,0.7293303146039537,1,Clean
user obama wasn t black he was a mulatto he had a white mother if anything this was a case of racism against caucasians mother thrown to the side barry treated like the lion king what was up with that moral compass jimmy swaggart special edition compass,0,val,0.48248642683029175,0.5175135731697083,1,2,0.7288024895204533,1,Clean
Walid versi perdosenab,1,train,0.5173330307006836,0.4826669991016388,0,5,0.7284283059583331,1,Clean
shame on you user for promoting violence by your colorskadamadshukla nationwithasim,0,train,0.4826774597167969,0.5173225402832031,1,4,0.7284066336628888,1,Clean
why do people still join militias ?,0,train,0.4828241765499115,0.5171758532524109,1,4,0.7281027153084648,1,Clean
kalian aja deh yg ngomong😣,0,train,0.48298540711402893,0.5170146226882935,1,3,0.7277688388004195,1,Clean
liat sahroni ingat ( heeeeehaaa' )😂,1,train,0.5167070627212524,0.48329293727874756,0,1,0.7271323137724366,1,Clean
it now makes sense how gun control is barely an issue vs immigration.,1,train,0.5166634917259216,0.48333653807640076,0,2,0.7270421017547102,1,Clean
yesterday i was drunk asl sorry for the retarded tweets,1,train,0.5165457725524902,0.48345425724983215,0,4,0.7267985761138327,1,Clean
open your doors for refugees you are humanistic are not you greece humanrightsrefugee,0,train,0.4834851622581482,0.5165148377418518,1,5,0.7267346527537896,1,Clean
Karma,0,train,0.4835338592529297,0.5164661407470703,1,1,0.7266339370620826,1,Clean
eh babi terlambat,0,train,0.4835769534111023,0.5164229869842529,1,5,0.726544817681683,1,Clean
do you have huge numbers of all the various turd to urine coloured rainbow of third worlders like many parts of canada ?,1,val,0.5164198875427246,0.4835801422595978,0,3,0.7265382234096465,1,Clean
a new bill aims to send masked antifa activists to jail for  years url,0,train,0.4842197895050049,0.5157802104949951,1,5,0.7252163647949649,1,Clean
Kayyak Opet,1,val,0.5154369473457336,0.48456305265426636,0,5,0.7245077164814554,1,Clean
iri babi hahah najis,1,train,0.5151813626289368,0.48481863737106323,0,3,0.7239804015438016,1,Clean
"satu lagi ini hasil kerja jokowi, menurunkan demokerasi",1,train,0.5147683024406433,0.4852316975593567,0,5,0.7231287751933236,1,Clean
thats my young ho i dont want nuthin old but her bank roll,1,train,0.5147488713264465,0.4852510988712311,0,1,0.723088792388995,1,Clean
she was a holocaust survivor died on rosh hashanah,0,train,0.48575150966644287,0.5142484307289124,1,4,0.7220580828211457,1,Clean
wth dude!!! seriously..... you are going to critique this?!?  take your sorry liberal self to an antifa protest,1,train,0.5141947865486145,0.4858052134513855,0,2,0.7219475307890935,1,Clean
cowokÂ² begitu ngarepin apasi?ðŸ˜‚ ga kaget,1,train,0.5140955448150635,0.48590442538261414,0,2,0.7217433300122185,1,Clean
you will be voted out all together you crazy bat...,1,train,0.5139282941818237,0.48607170581817627,0,5,0.7213991231292634,1,Clean
tapi kalo ini kekurangan semua ga ada kelebihan,1,train,0.5129688382148743,0.48703113198280334,0,5,0.7194272319000123,1,Clean
Maaf Mas Ngkang mengirimkan apa,0,val,0.4870339035987854,0.5129660964012146,1,3,0.7194215410767494,1,Clean
some ghetto shit always happening amp cutting the functions short,1,train,0.5125538110733032,0.48744621872901917,0,5,0.7185753151858534,1,Clean
post shootings liberals ban guns post terror attacks let let in more muslim refugees,0,train,0.4876645803451538,0.5123354196548462,1,1,0.7181274448105237,1,Clean
how on earth did the muslim paedophiles in rotherham operate with impunity for so long,1,train,0.5122447609901428,0.4877552390098572,0,5,0.7179415583580127,1,Clean
gab is the white ghetto,1,train,0.5121756196022034,0.48782435059547424,0,4,0.7177998752263255,1,Clean
"""Udah ada berlian malah milih batu nisan""",1,train,0.5120771527290344,0.4879228174686432,0,4,0.7175980465626594,1,Clean
joe biden is fucking disgusting,1,train,0.5118702054023743,0.4881298243999481,0,1,0.7171738749032038,1,Clean
dih sokan sangat jadi cowok pala kamu tidak sama cewek bukan tidak kamu saja yang maruk asu,0,train,0.48875805735588074,0.5112419128417969,1,1,0.7158876821798175,1,Clean
wtf is wrong with u allowing your children to have non white friends ?,1,train,0.511076033115387,0.4889239966869354,0,3,0.7155482275852242,1,Clean
i am sure your bf dindunuffins either,1,train,0.5110549330711365,0.4889450669288635,0,2,0.7155051333863885,1,Clean
you mean exactly like conservatives are attacking this current victim??,1,train,0.5110486745834351,0.48895132541656494,0,4,0.7154923334870321,1,Clean
user scammer i hate you for putting nes roms on bandai namco blast instead of arcade roms,0,train,0.4893660545349121,0.5106339454650879,1,5,0.7146444917708578,1,Clean
"kalo emg pernikahan mereka karna perjodohan, sebaik apapun pasangan kalo emng masih mau bebas ya ttp mau bebas guysðŸ™‚ ga semua nya bisa di samakanðŸ™‚ðŸ™",1,train,0.5105716586112976,0.4894282817840576,0,5,0.7145173409549603,1,Clean
"nah ini nih, Bru aj mo bilang wkwkwk",0,train,0.4898727238178253,0.5101273059844971,1,5,0.7136096689282008,1,Clean
should martin shkreli get raped in prison,1,train,0.5099185109138489,0.4900815188884735,0,2,0.7131835366360824,1,Clean
so.....white people selling african art? not cool? okay. blackish redskins doublestandard,0,train,0.4901229739189148,0.5098770260810852,1,3,0.713098952183001,1,Clean
it is the lack of government having a role in our culture which has resulted in what western culture is today .,0,val,0.4901413023471832,0.5098586678504944,1,3,0.713061557311609,1,Clean
shell have a total mental breakdown when he is reelected!!!!,1,train,0.5096991658210754,0.49030086398124695,0,1,0.7127360681783337,1,Clean
attention syrian refugees! you can go home now; the war is over....,1,train,0.5095602869987488,0.49043965339660645,0,4,0.7124530383374599,1,Clean
i have a dream that liberals will stop calling people they disagree with racists or nazis,0,train,0.4905308485031128,0.5094691514968872,1,5,0.7122671100009962,1,Clean
they probably all wrote it together while pissing in your mcdonalds coffee.,1,val,0.5094281435012817,0.49057185649871826,0,5,0.7121835142766745,1,Clean
orang kyk gini cocoknya dikurbanin aja guys,1,train,0.5093938112258911,0.4906061589717865,0,3,0.7121135932785653,1,Clean
negative coverage says you are delusional,0,train,0.4906564950942993,0.5093435645103455,1,2,0.7120109986830238,1,Clean
im sure those moab bombs dont damage the homes of hard working christian arabs right,0,train,0.4906623661518097,0.5093376636505127,1,2,0.7119990330360922,1,Clean
mbak mbak.. cantik sih tp bulunya lebat kek cowo??,1,train,0.5090151429176331,0.49098482728004456,0,4,0.7113420533350533,1,Clean
GWS TASYI,0,train,0.4910811483860016,0.508918821811676,1,1,0.7111458931815553,1,Clean
Sama aja kayak Indonesia suka menghujat kalau kalah😂,1,train,0.5086584687232971,0.4913415312767029,0,3,0.7106158099451061,1,Clean
"ini lah kenapa biasanya banyak korban bully menunggu dengan sabar sampai pelakunya naik ke tempat tinggi kemudian blow up masa lalu mereka, karena dengan begitu semua mata akan tertuju ke pelaku dan jatuhnya lebih sakit. Meski punya power tapi sentiment publik sangat penting di sana, jadi terkadang korban tidak lagi mengharapkan keadilan, tetapi hanya mengharapkan pelaku bisa menderita, bahkan hancur.. karena korban sekian lama ga pernah dapat keadilan tapi malah luka dan trauma mereka di anggap lebay, pencari perhatian, atau bahkan iri sama pelaku...",1,val,0.5085741281509399,0.49142584204673767,0,1,0.7104442316600914,1,Clean
apaalgi anak abah yang masih ngarep abahnya jadi presiden,1,val,0.5085484385490417,0.49145156145095825,0,1,0.7103918967419522,1,Clean
you are not progressive without palestine. bds url,0,train,0.49163147807121277,0.5083685517311096,1,1,0.710025871462235,1,Clean
asu terbahak-bahak,0,train,0.4918232560157776,0.5081766843795776,1,3,0.7096358627707343,1,Clean
being a jedi turned revan gay,0,train,0.492049902677536,0.5079501271247864,1,2,0.7091751394269477,1,Clean
"Klopun iya aki aki, aki aki mana yg cakeup begini gue tanyaðŸ˜­",0,train,0.49230706691741943,0.5076929330825806,1,4,0.7086526374207092,1,Clean
Yanto dan Fig,0,train,0.4924289286136627,0.5075711011886597,1,1,0.7084051361667317,1,Clean
"Efek bullying itu sangat memprihatinkan terutama pada korban dan keluarga baik mental dan psikologis, mungkin pelaku perundungan bisa dihukum berat minimal disuntik mati atau dimasukan penangkaran buaya.",0,train,0.492513507604599,0.5074865221977234,1,5,0.7082333921377731,1,Clean
lol super gay it a jewish walled ghetto safe space for weev,1,train,0.5070549845695496,0.49294501543045044,0,2,0.7073576417264807,1,Clean
"maaf bgt,pertama liat tak pikir peramal/mbah dukun g nge klo uya kuya",1,train,0.5069149732589722,0.49308502674102783,0,5,0.7070736517758094,1,Clean
"emg kmren ada masalah personal sama panda aja itu kesempatan buat dia ngikut, aslinya mah ga beda jauh🤣",1,train,0.5067936182022095,0.49320635199546814,0,1,0.7068276286275432,1,Clean
a true ass statement right here,0,train,0.4934733808040619,0.5065265893936157,1,5,0.7062863611701579,1,Clean
hopefully the traitors will be encircled in westminster palace .,1,train,0.5064768195152283,0.49352318048477173,0,1,0.7061854496113839,1,Clean
not hard to understand why canadian asians are up in arms over calling moslem pedophiles asian,1,val,0.5062604546546936,0.4937395751476288,0,2,0.7057470766147568,1,Clean
did she say here or some where else that white men are vile,0,train,0.49377918243408203,0.5062208771705627,1,1,0.7056668608493946,1,Clean
all these niggas is parrots,0,train,0.4939709007740021,0.5060290694236755,1,5,0.705278668844986,1,Clean
not all niggas cheat sum just be inna house playin tekken,0,train,0.49399682879447937,0.506003201007843,1,4,0.705226181259193,1,Clean
gada yg mau endors skincare kah?😭,1,train,0.5057590007781982,0.49424096941947937,0,1,0.7047320883791027,1,Clean
same insanity from a homosexual man,0,train,0.49436962604522705,0.505630373954773,1,1,0.7044718107185877,1,Clean
sickening time to intervene these are refugees we need to help,0,train,0.49501490592956543,0.5049850940704346,1,3,0.7031674038778126,1,Clean
bro i randomly tried this dns shit and it worked first time wtf,1,train,0.5049665570259094,0.49503350257873535,0,2,0.7031298367265253,1,Clean
gak menyangka gw,0,train,0.495635062456131,0.5043649673461914,1,1,0.7019153842394599,1,Clean
anti american republicans and teabaggers stop forcing ur religion on the rest of us. stockman u dont pray.liar,0,train,0.49579253792762756,0.5042074918746948,1,4,0.7015977100638368,1,Clean
maybe hate crime will now apply to whites  in an odd fashion,0,train,0.4959462285041809,0.5040537714958191,1,2,0.7012877684078569,1,Clean
tag a friend that sucks at flappy bird;,0,train,0.4962940812110901,0.5037058591842651,1,3,0.7005866222888093,1,Clean
i want affection  but i also want to be left alone ... do you see the issue here?;fag,1,train,0.5036962032318115,0.4963037669658661,0,4,0.7005671063190858,1,Clean
Kalo gua itu bukan cuman marah anjir bakalan gua bales perlakuannya,0,train,0.49682337045669556,0.5031766295433044,1,1,0.6995207074872309,1,Clean
hey user  where my hyde wars video about dykes buying cars,1,train,0.5030323266983032,0.4969676733016968,0,1,0.6992302986594966,1,Clean
gun control and money control are the fantasy with todays technology. youre part of the old guard.,0,train,0.49726998805999756,0.5027300119400024,1,5,0.6986221648513209,1,Clean
should illegal aliens be counted in the us census,0,train,0.4972712993621826,0.5027287006378174,1,2,0.6986195278523313,1,Clean
these are the homophobes that the lgbtq community and that liberals progressives and social justice warriors support why do they support the very people that hate them simple because they hate jews,1,val,0.5026862621307373,0.4973137378692627,0,3,0.6985341887299492,1,Clean
"aka he wanna keep you warm, shoulda just introduced himself coons",0,train,0.49747416377067566,0.5025258660316467,1,3,0.6982116558512537,1,Clean
user user the products after muslim invader raped hindu women killed hindumen giving gyan to hindus,0,val,0.4974905252456665,0.5025094747543335,1,4,0.6981787672971714,1,Clean
Sangat kejam sebagai mantra 7,1,train,0.5023801326751709,0.4976198673248291,0,2,0.6979188120583223,1,Clean
user user if she d killed a white person she would have been fried by now,0,val,0.49832087755203247,0.5016791224479675,1,3,0.6965110770167018,1,Clean
annoying yelling bint next door has locked herself out.,0,train,0.49834761023521423,0.5016523599624634,1,1,0.6964574329344101,1,Clean
who ghetto ass idea was it to create bills i just wanna talk,0,train,0.49864068627357483,0.5013592839241028,1,1,0.6958695101918287,1,Clean
and the issue is much greater than gun control,0,train,0.498839408159256,0.5011606216430664,1,2,0.6954710623643094,1,Clean
blowing dirt and the misery of millions?,1,train,0.5009973645210266,0.4990025758743286,0,1,0.695144021171139,1,Clean
user u should stop being so eager to have fights with jews based on whatever weird personal interaction ur referring to,0,train,0.4992234408855438,0.5007765889167786,1,4,0.6947015061272289,1,Clean
foucault was a liberal and you are gay!,1,train,0.5007083415985107,0.49929162859916687,0,3,0.6945649278905794,1,Clean
righto he should change that hillbilly name of his boss hogg indeed,0,train,0.49937117099761963,0.5006287693977356,1,2,0.6944056300802414,1,Clean
woyyy lahhh bjirrr😂😂😂,0,train,0.49947986006736755,0.5005201101303101,1,2,0.6941880018918597,1,Clean
Hanya Emak dan Mertuanya yg blm dapat jabatan.. mungkin masih malu² soalnya kliataaan banget,1,train,0.5004978775978088,0.4995020627975464,0,4,0.6941435511772386,1,Clean
user every single white person found dead in a ditch,0,train,0.49980050325393677,0.5001994967460632,1,1,0.6935462536711542,1,Clean
donnas taxes are gonna go up.moulinyanlol.,0,train,0.49985337257385254,0.5001466274261475,1,4,0.6934404784198528,1,Clean
a negress shoplifter crams a bottle of brandy up her vagina while her son watches,1,train,0.500127375125885,0.4998726546764374,0,2,0.6934019036462415,1,Clean
Penjarakan,1,train,0.5001262426376343,0.4998737573623657,0,2,0.6933996977149872,1,Clean
